account_id,month,closed_won_usd,churned_usd,actual_usd,churn,active_customer
A00001,2025-01-31,2728.38,0.0,2728.38,0,1
A00002,2025-01-31,3837.58,3837.58,0.0,1,0
A00003,2025-01-31,913.72,913.72,0.0,1,0
A00004,2025-01-31,4451.32,0.0,4451.32,0,1
A00005,2025-01-31,1867.34,0.0,1867.34,0,1
A00006,2025-01-31,2801.48,0.0,2801.48,0,1
A00007,2025-01-31,3707.39,0.0,3707.39,0,1
A00008,2025-01-31,1543.27,0.0,1543.27,0,1
A00009,2025-01-31,1656.78,1656.78,0.0,1,0
A00010,2025-01-31,12241.94,0.0,12241.94,0,1
A00011,2025-01-31,2516.11,0.0,2516.11,0,1
A00012,2025-01-31,1830.08,0.0,1830.08,0,1
A00013,2025-01-31,1273.25,0.0,1273.25,0,1
A00014,2025-01-31,6806.62,6806.62,0.0,1,0
A00015,2025-01-31,2567.38,0.0,2567.38,0,1
A00016,2025-01-31,2826.13,0.0,2826.13,0,1
A00017,2025-01-31,2184.71,2184.71,0.0,1,0
A00018,2025-01-31,4916.75,0.0,4916.75,0,1
A00019,2025-01-31,880.07,0.0,880.07,0,1
A00020,2025-01-31,2032.28,0.0,2032.28,0,1
A00021,2025-01-31,2464.32,0.0,2464.32,0,1
A00022,2025-01-31,1338.91,0.0,1338.91,0,1
A00023,2025-01-31,2191.44,2191.44,0.0,1,0
A00024,2025-01-31,1906.51,0.0,1906.51,0,1
A00025,2025-01-31,2765.13,0.0,2765.13,0,1
A00026,2025-01-31,3276.29,0.0,3276.29,0,1
A00027,2025-01-31,3239.62,0.0,3239.62,0,1
A00028,2025-01-31,596.33,596.33,0.0,1,0
A00029,2025-01-31,650.41,650.41,0.0,1,0
A00030,2025-01-31,2093.54,2093.54,0.0,1,0
A00031,2025-01-31,1707.09,0.0,1707.09,0,1
A00032,2025-01-31,757.93,0.0,757.93,0,1
A00033,2025-01-31,271.09,0.0,271.09,0,1
A00034,2025-01-31,2001.45,2001.45,0.0,1,0
A00035,2025-01-31,4172.93,0.0,4172.93,0,1
A00036,2025-01-31,1810.68,0.0,1810.68,0,1
A00037,2025-01-31,6665.35,0.0,6665.35,0,1
A00038,2025-01-31,1735.68,1735.68,0.0,1,0
A00039,2025-01-31,4692.78,4692.78,0.0,1,0
A00040,2025-01-31,3274.88,0.0,3274.88,0,1
A00041,2025-01-31,1710.58,0.0,1710.58,0,1
A00042,2025-01-31,2344.86,0.0,2344.86,0,1
A00043,2025-01-31,147.04,0.0,147.04,0,1
A00044,2025-01-31,2706.23,2706.23,0.0,1,0
A00045,2025-01-31,975.7,0.0,975.7,0,1
A00046,2025-01-31,1427.01,1427.01,0.0,1,0
A00047,2025-01-31,2186.58,0.0,2186.58,0,1
A00048,2025-01-31,3035.49,3035.49,0.0,1,0
A00049,2025-01-31,1613.96,1613.96,0.0,1,0
A00050,2025-01-31,1790.25,1790.25,0.0,1,0
A00051,2025-01-31,4235.31,0.0,4235.31,0,1
A00052,2025-01-31,603.14,603.14,0.0,1,0
A00053,2025-01-31,1656.01,0.0,1656.01,0,1
A00054,2025-01-31,5826.71,0.0,5826.71,0,1
A00055,2025-01-31,3466.32,3466.32,0.0,1,0
A00056,2025-01-31,665.43,0.0,665.43,0,1
A00057,2025-01-31,6781.21,0.0,6781.21,0,1
A00058,2025-01-31,1861.84,1861.84,0.0,1,0
A00059,2025-01-31,3814.26,3814.26,0.0,1,0
A00060,2025-01-31,5341.06,5341.06,0.0,1,0
A00061,2025-01-31,2583.0,0.0,2583.0,0,1
A00062,2025-01-31,2358.31,2358.31,0.0,1,0
A00063,2025-01-31,1553.89,0.0,1553.89,0,1
A00064,2025-01-31,2645.82,2645.82,0.0,1,0
A00065,2025-01-31,1419.72,0.0,1419.72,0,1
A00066,2025-01-31,2446.52,0.0,2446.52,0,1
A00067,2025-01-31,689.6,0.0,689.6,0,1
A00068,2025-01-31,843.73,0.0,843.73,0,1
A00069,2025-01-31,2847.17,2847.17,0.0,1,0
A00070,2025-01-31,2200.0,0.0,2200.0,0,1
A00071,2025-01-31,2199.26,0.0,2199.26,0,1
A00072,2025-01-31,3391.24,0.0,3391.24,0,1
A00073,2025-01-31,5799.45,5799.45,0.0,1,0
A00074,2025-01-31,587.38,0.0,587.38,0,1
A00075,2025-01-31,10504.02,10504.02,0.0,1,0
A00076,2025-01-31,4337.53,0.0,4337.53,0,1
A00077,2025-01-31,2993.73,2993.73,0.0,1,0
A00078,2025-01-31,3651.65,0.0,3651.65,0,1
A00079,2025-01-31,851.06,0.0,851.06,0,1
A00080,2025-01-31,1151.93,0.0,1151.93,0,1
A00081,2025-01-31,2214.05,0.0,2214.05,0,1
A00082,2025-01-31,1726.74,1726.74,0.0,1,0
A00083,2025-01-31,3390.44,0.0,3390.44,0,1
A00084,2025-01-31,1838.33,1838.33,0.0,1,0
A00085,2025-01-31,2572.88,0.0,2572.88,0,1
A00086,2025-01-31,1501.68,1501.68,0.0,1,0
A00087,2025-01-31,6051.88,6051.88,0.0,1,0
A00088,2025-01-31,4935.89,4935.89,0.0,1,0
A00089,2025-01-31,7715.43,0.0,7715.43,0,1
A00090,2025-01-31,1283.79,1283.79,0.0,1,0
A00091,2025-01-31,2859.59,2859.59,0.0,1,0
A00092,2025-01-31,2156.95,0.0,2156.95,0,1
A00093,2025-01-31,4202.91,4202.91,0.0,1,0
A00094,2025-01-31,5362.66,0.0,5362.66,0,1
A00095,2025-01-31,3934.42,3934.42,0.0,1,0
A00096,2025-01-31,389.33,0.0,389.33,0,1
A00097,2025-01-31,3558.45,0.0,3558.45,0,1
A00098,2025-01-31,2124.37,0.0,2124.37,0,1
A00099,2025-01-31,1754.74,0.0,1754.74,0,1
A00100,2025-01-31,2804.41,0.0,2804.41,0,1
A00101,2025-01-31,852.9,852.9,0.0,1,0
A00102,2025-01-31,3998.5,3998.5,0.0,1,0
A00103,2025-01-31,3434.8,0.0,3434.8,0,1
A00104,2025-01-31,623.31,623.31,0.0,1,0
A00105,2025-01-31,7232.24,7232.24,0.0,1,0
A00106,2025-01-31,1027.72,1027.72,0.0,1,0
A00107,2025-01-31,6271.34,6271.34,0.0,1,0
A00108,2025-01-31,2723.63,2723.63,0.0,1,0
A00109,2025-01-31,4830.88,0.0,4830.88,0,1
A00110,2025-01-31,1238.56,0.0,1238.56,0,1
A00111,2025-01-31,5059.59,0.0,5059.59,0,1
A00112,2025-01-31,1113.02,0.0,1113.02,0,1
A00113,2025-01-31,2990.29,0.0,2990.29,0,1
A00114,2025-01-31,1760.31,1760.31,0.0,1,0
A00115,2025-01-31,4207.71,0.0,4207.71,0,1
A00116,2025-01-31,1320.71,0.0,1320.71,0,1
A00117,2025-01-31,2288.98,0.0,2288.98,0,1
A00118,2025-01-31,1280.62,1280.62,0.0,1,0
A00119,2025-01-31,1139.81,1139.81,0.0,1,0
A00120,2025-01-31,5598.27,0.0,5598.27,0,1
A00121,2025-01-31,8758.98,0.0,8758.98,0,1
A00122,2025-01-31,5654.31,5654.31,0.0,1,0
A00123,2025-01-31,623.26,623.26,0.0,1,0
A00124,2025-01-31,1191.06,0.0,1191.06,0,1
A00125,2025-01-31,8517.1,0.0,8517.1,0,1
A00126,2025-01-31,5536.93,5536.93,0.0,1,0
A00127,2025-01-31,1267.9,0.0,1267.9,0,1
A00128,2025-01-31,639.75,0.0,639.75,0,1
A00129,2025-01-31,3662.58,0.0,3662.58,0,1
A00130,2025-01-31,2220.97,2220.97,0.0,1,0
A00131,2025-01-31,1421.91,0.0,1421.91,0,1
A00132,2025-01-31,3930.79,0.0,3930.79,0,1
A00133,2025-01-31,893.72,893.72,0.0,1,0
A00134,2025-01-31,2872.54,0.0,2872.54,0,1
A00135,2025-01-31,2824.23,0.0,2824.23,0,1
A00136,2025-01-31,1083.41,0.0,1083.41,0,1
A00137,2025-01-31,5149.78,5149.78,0.0,1,0
A00138,2025-01-31,304.14,0.0,304.14,0,1
A00139,2025-01-31,4633.28,4633.28,0.0,1,0
A00140,2025-01-31,2188.58,2188.58,0.0,1,0
A00141,2025-01-31,1908.82,0.0,1908.82,0,1
A00142,2025-01-31,6087.17,6087.17,0.0,1,0
A00143,2025-01-31,1497.22,0.0,1497.22,0,1
A00144,2025-01-31,1642.69,0.0,1642.69,0,1
A00145,2025-01-31,2436.65,2436.65,0.0,1,0
A00146,2025-01-31,5089.86,0.0,5089.86,0,1
A00147,2025-01-31,7614.25,7614.25,0.0,1,0
A00148,2025-01-31,3857.06,0.0,3857.06,0,1
A00149,2025-01-31,3825.5,3825.5,0.0,1,0
A00150,2025-01-31,4097.28,0.0,4097.28,0,1
A00151,2025-01-31,978.15,0.0,978.15,0,1
A00152,2025-01-31,2133.19,2133.19,0.0,1,0
A00153,2025-01-31,2310.65,2310.65,0.0,1,0
A00154,2025-01-31,2312.51,0.0,2312.51,0,1
A00155,2025-01-31,1152.91,0.0,1152.91,0,1
A00156,2025-01-31,2510.07,0.0,2510.07,0,1
A00157,2025-01-31,2978.2,0.0,2978.2,0,1
A00158,2025-01-31,6204.57,6204.57,0.0,1,0
A00159,2025-01-31,3114.28,3114.28,0.0,1,0
A00160,2025-01-31,2503.33,2503.33,0.0,1,0
A00161,2025-01-31,2918.5,0.0,2918.5,0,1
A00162,2025-01-31,694.53,0.0,694.53,0,1
A00163,2025-01-31,2038.77,2038.77,0.0,1,0
A00164,2025-01-31,1649.08,1649.08,0.0,1,0
A00165,2025-01-31,4594.15,4594.15,0.0,1,0
A00166,2025-01-31,9339.58,0.0,9339.58,0,1
A00167,2025-01-31,1091.88,0.0,1091.88,0,1
A00168,2025-01-31,3720.06,0.0,3720.06,0,1
A00169,2025-01-31,8715.66,8715.66,0.0,1,0
A00170,2025-01-31,4910.28,0.0,4910.28,0,1
A00171,2025-01-31,1200.63,0.0,1200.63,0,1
A00172,2025-01-31,6296.97,6296.97,0.0,1,0
A00173,2025-01-31,570.91,0.0,570.91,0,1
A00174,2025-01-31,879.74,0.0,879.74,0,1
A00175,2025-01-31,2392.66,2392.66,0.0,1,0
A00176,2025-01-31,2936.14,2936.14,0.0,1,0
A00177,2025-01-31,4866.49,4866.49,0.0,1,0
A00178,2025-01-31,9046.14,0.0,9046.14,0,1
A00179,2025-01-31,3042.08,0.0,3042.08,0,1
A00180,2025-01-31,10751.13,10751.13,0.0,1,0
A00181,2025-01-31,2367.83,2367.83,0.0,1,0
A00182,2025-01-31,3234.37,3234.37,0.0,1,0
A00183,2025-01-31,416.73,0.0,416.73,0,1
A00184,2025-01-31,6558.41,0.0,6558.41,0,1
A00185,2025-01-31,4143.84,4143.84,0.0,1,0
A00186,2025-01-31,2992.02,2992.02,0.0,1,0
A00187,2025-01-31,3200.92,3200.92,0.0,1,0
A00188,2025-01-31,327.35,327.35,0.0,1,0
A00189,2025-01-31,2757.33,0.0,2757.33,0,1
A00190,2025-01-31,1048.54,0.0,1048.54,0,1
A00191,2025-01-31,4277.08,0.0,4277.08,0,1
A00192,2025-01-31,2421.64,0.0,2421.64,0,1
A00193,2025-01-31,1186.09,0.0,1186.09,0,1
A00194,2025-01-31,2845.97,0.0,2845.97,0,1
A00195,2025-01-31,454.18,0.0,454.18,0,1
A00196,2025-01-31,94.66,0.0,94.66,0,1
A00197,2025-01-31,3480.86,0.0,3480.86,0,1
A00198,2025-01-31,4105.1,0.0,4105.1,0,1
A00199,2025-01-31,6354.87,0.0,6354.87,0,1
A00200,2025-01-31,3420.64,0.0,3420.64,0,1
A00201,2025-01-31,3301.44,3301.44,0.0,1,0
A00202,2025-01-31,3145.2,0.0,3145.2,0,1
A00203,2025-01-31,852.8,852.8,0.0,1,0
A00204,2025-01-31,2024.56,0.0,2024.56,0,1
A00205,2025-01-31,296.92,0.0,296.92,0,1
A00206,2025-01-31,4188.21,4188.21,0.0,1,0
A00207,2025-01-31,1681.36,0.0,1681.36,0,1
A00208,2025-01-31,4668.01,4668.01,0.0,1,0
A00209,2025-01-31,1593.9,0.0,1593.9,0,1
A00210,2025-01-31,1012.09,0.0,1012.09,0,1
A00211,2025-01-31,2249.96,0.0,2249.96,0,1
A00212,2025-01-31,1313.58,1313.58,0.0,1,0
A00213,2025-01-31,6472.3,6472.3,0.0,1,0
A00214,2025-01-31,3074.38,3074.38,0.0,1,0
A00215,2025-01-31,1493.43,0.0,1493.43,0,1
A00216,2025-01-31,3575.34,0.0,3575.34,0,1
A00217,2025-01-31,1903.28,1903.28,0.0,1,0
A00218,2025-01-31,2450.31,0.0,2450.31,0,1
A00219,2025-01-31,1774.08,0.0,1774.08,0,1
A00220,2025-01-31,2555.82,2555.82,0.0,1,0
A00221,2025-01-31,2236.42,2236.42,0.0,1,0
A00222,2025-01-31,2277.4,0.0,2277.4,0,1
A00223,2025-01-31,450.54,450.54,0.0,1,0
A00224,2025-01-31,2225.6,2225.6,0.0,1,0
A00225,2025-01-31,2134.6,0.0,2134.6,0,1
A00226,2025-01-31,3325.33,3325.33,0.0,1,0
A00227,2025-01-31,5661.18,0.0,5661.18,0,1
A00228,2025-01-31,2499.14,0.0,2499.14,0,1
A00229,2025-01-31,771.64,771.64,0.0,1,0
A00230,2025-01-31,3629.82,3629.82,0.0,1,0
A00231,2025-01-31,3386.13,0.0,3386.13,0,1
A00232,2025-01-31,4616.87,0.0,4616.87,0,1
A00233,2025-01-31,926.48,0.0,926.48,0,1
A00234,2025-01-31,2774.49,0.0,2774.49,0,1
A00235,2025-01-31,6097.22,0.0,6097.22,0,1
A00236,2025-01-31,897.04,897.04,0.0,1,0
A00237,2025-01-31,2403.47,2403.47,0.0,1,0
A00238,2025-01-31,1633.29,0.0,1633.29,0,1
A00239,2025-01-31,3188.54,0.0,3188.54,0,1
A00240,2025-01-31,3339.66,3339.66,0.0,1,0
A00241,2025-01-31,2471.8,0.0,2471.8,0,1
A00242,2025-01-31,681.66,0.0,681.66,0,1
A00243,2025-01-31,3383.5,3383.5,0.0,1,0
A00244,2025-01-31,2453.07,2453.07,0.0,1,0
A00245,2025-01-31,293.78,0.0,293.78,0,1
A00246,2025-01-31,4056.61,0.0,4056.61,0,1
A00247,2025-01-31,5090.64,5090.64,0.0,1,0
A00248,2025-01-31,7166.8,7166.8,0.0,1,0
A00249,2025-01-31,2451.0,0.0,2451.0,0,1
A00250,2025-01-31,710.17,710.17,0.0,1,0
A00251,2025-01-31,3790.15,3790.15,0.0,1,0
A00252,2025-01-31,2220.81,0.0,2220.81,0,1
A00253,2025-01-31,1986.52,0.0,1986.52,0,1
A00254,2025-01-31,7390.04,0.0,7390.04,0,1
A00255,2025-01-31,4727.11,0.0,4727.11,0,1
A00256,2025-01-31,5344.17,5344.17,0.0,1,0
A00257,2025-01-31,819.57,0.0,819.57,0,1
A00258,2025-01-31,3459.88,3459.88,0.0,1,0
A00259,2025-01-31,7308.56,0.0,7308.56,0,1
A00260,2025-01-31,3733.48,3733.48,0.0,1,0
A00261,2025-01-31,2497.41,0.0,2497.41,0,1
A00262,2025-01-31,5576.35,0.0,5576.35,0,1
A00263,2025-01-31,7420.09,7420.09,0.0,1,0
A00264,2025-01-31,2265.14,0.0,2265.14,0,1
A00265,2025-01-31,787.46,787.46,0.0,1,0
A00266,2025-01-31,2254.12,0.0,2254.12,0,1
A00267,2025-01-31,4574.56,0.0,4574.56,0,1
A00268,2025-01-31,1720.72,1720.72,0.0,1,0
A00269,2025-01-31,212.34,0.0,212.34,0,1
A00270,2025-01-31,3029.64,3029.64,0.0,1,0
A00271,2025-01-31,9744.15,9744.15,0.0,1,0
A00272,2025-01-31,236.75,0.0,236.75,0,1
A00273,2025-01-31,1442.29,1442.29,0.0,1,0
A00274,2025-01-31,1364.45,0.0,1364.45,0,1
A00275,2025-01-31,4092.38,0.0,4092.38,0,1
A00276,2025-01-31,1163.28,1163.28,0.0,1,0
A00277,2025-01-31,1705.17,0.0,1705.17,0,1
A00278,2025-01-31,979.2,979.2,0.0,1,0
A00279,2025-01-31,3196.44,3196.44,0.0,1,0
A00280,2025-01-31,4664.18,0.0,4664.18,0,1
A00281,2025-01-31,714.08,714.08,0.0,1,0
A00282,2025-01-31,1041.88,1041.88,0.0,1,0
A00283,2025-01-31,3447.17,0.0,3447.17,0,1
A00284,2025-01-31,2856.79,2856.79,0.0,1,0
A00285,2025-01-31,1355.4,1355.4,0.0,1,0
A00286,2025-01-31,4111.37,4111.37,0.0,1,0
A00287,2025-01-31,2022.91,2022.91,0.0,1,0
A00288,2025-01-31,1779.74,0.0,1779.74,0,1
A00289,2025-01-31,3295.46,3295.46,0.0,1,0
A00290,2025-01-31,4469.15,0.0,4469.15,0,1
A00291,2025-01-31,7658.18,0.0,7658.18,0,1
A00292,2025-01-31,632.82,0.0,632.82,0,1
A00293,2025-01-31,2169.91,0.0,2169.91,0,1
A00294,2025-01-31,6845.94,6845.94,0.0,1,0
A00295,2025-01-31,1831.85,0.0,1831.85,0,1
A00296,2025-01-31,1514.4,1514.4,0.0,1,0
A00297,2025-01-31,4728.65,4728.65,0.0,1,0
A00298,2025-01-31,3771.74,0.0,3771.74,0,1
A00299,2025-01-31,1515.31,1515.31,0.0,1,0
A00300,2025-01-31,6602.99,6602.99,0.0,1,0
A00301,2025-01-31,3208.28,3208.28,0.0,1,0
A00302,2025-01-31,4056.62,0.0,4056.62,0,1
A00303,2025-01-31,3052.61,0.0,3052.61,0,1
A00304,2025-01-31,1806.71,1806.71,0.0,1,0
A00305,2025-01-31,960.41,0.0,960.41,0,1
A00306,2025-01-31,1539.19,1539.19,0.0,1,0
A00307,2025-01-31,1096.4,0.0,1096.4,0,1
A00308,2025-01-31,1375.38,0.0,1375.38,0,1
A00309,2025-01-31,660.89,660.89,0.0,1,0
A00310,2025-01-31,6080.72,0.0,6080.72,0,1
A00311,2025-01-31,4251.24,0.0,4251.24,0,1
A00312,2025-01-31,6497.71,6497.71,0.0,1,0
A00313,2025-01-31,122.83,122.83,0.0,1,0
A00314,2025-01-31,1958.77,1958.77,0.0,1,0
A00315,2025-01-31,1315.8,0.0,1315.8,0,1
A00316,2025-01-31,8637.14,0.0,8637.14,0,1
A00317,2025-01-31,3833.75,0.0,3833.75,0,1
A00318,2025-01-31,3140.42,0.0,3140.42,0,1
A00319,2025-01-31,1082.36,1082.36,0.0,1,0
A00320,2025-01-31,3735.76,0.0,3735.76,0,1
A00321,2025-01-31,4385.11,0.0,4385.11,0,1
A00322,2025-01-31,276.69,0.0,276.69,0,1
A00323,2025-01-31,5480.95,0.0,5480.95,0,1
A00324,2025-01-31,1246.78,1246.78,0.0,1,0
A00325,2025-01-31,1622.89,0.0,1622.89,0,1
A00326,2025-01-31,1313.99,1313.99,0.0,1,0
A00327,2025-01-31,3051.57,3051.57,0.0,1,0
A00328,2025-01-31,2617.41,0.0,2617.41,0,1
A00329,2025-01-31,2375.16,0.0,2375.16,0,1
A00330,2025-01-31,401.42,0.0,401.42,0,1
A00331,2025-01-31,1042.29,0.0,1042.29,0,1
A00332,2025-01-31,3341.34,0.0,3341.34,0,1
A00333,2025-01-31,3173.63,3173.63,0.0,1,0
A00334,2025-01-31,3440.7,0.0,3440.7,0,1
A00335,2025-01-31,425.49,0.0,425.49,0,1
A00336,2025-01-31,2651.77,2651.77,0.0,1,0
A00337,2025-01-31,5619.62,5619.62,0.0,1,0
A00338,2025-01-31,1453.26,0.0,1453.26,0,1
A00339,2025-01-31,1080.72,0.0,1080.72,0,1
A00340,2025-01-31,252.78,252.78,0.0,1,0
A00341,2025-01-31,4428.07,4428.07,0.0,1,0
A00342,2025-01-31,1763.96,1763.96,0.0,1,0
A00343,2025-01-31,4041.78,4041.78,0.0,1,0
A00344,2025-01-31,301.54,301.54,0.0,1,0
A00345,2025-01-31,2497.89,2497.89,0.0,1,0
A00346,2025-01-31,5204.72,5204.72,0.0,1,0
A00347,2025-01-31,2508.43,2508.43,0.0,1,0
A00348,2025-01-31,3121.44,0.0,3121.44,0,1
A00349,2025-01-31,1119.81,1119.81,0.0,1,0
A00350,2025-01-31,1178.27,0.0,1178.27,0,1
A00351,2025-01-31,4435.81,0.0,4435.81,0,1
A00352,2025-01-31,2706.57,2706.57,0.0,1,0
A00353,2025-01-31,3412.46,0.0,3412.46,0,1
A00354,2025-01-31,6872.76,0.0,6872.76,0,1
A00355,2025-01-31,7041.45,7041.45,0.0,1,0
A00356,2025-01-31,3112.07,0.0,3112.07,0,1
A00357,2025-01-31,579.6,579.6,0.0,1,0
A00358,2025-01-31,2620.96,2620.96,0.0,1,0
A00359,2025-01-31,1675.11,1675.11,0.0,1,0
A00360,2025-01-31,1955.4,0.0,1955.4,0,1
A00361,2025-01-31,2432.51,2432.51,0.0,1,0
A00362,2025-01-31,5857.05,5857.05,0.0,1,0
A00363,2025-01-31,2677.02,2677.02,0.0,1,0
A00364,2025-01-31,6932.06,6932.06,0.0,1,0
A00365,2025-01-31,769.09,769.09,0.0,1,0
A00366,2025-01-31,2886.19,0.0,2886.19,0,1
A00367,2025-01-31,2692.56,2692.56,0.0,1,0
A00368,2025-01-31,4018.34,4018.34,0.0,1,0
A00369,2025-01-31,1780.15,0.0,1780.15,0,1
A00370,2025-01-31,1717.51,0.0,1717.51,0,1
A00371,2025-01-31,811.5,0.0,811.5,0,1
A00372,2025-01-31,5918.84,5918.84,0.0,1,0
A00373,2025-01-31,969.45,969.45,0.0,1,0
A00374,2025-01-31,4125.65,0.0,4125.65,0,1
A00375,2025-01-31,2240.44,2240.44,0.0,1,0
A00376,2025-01-31,625.25,0.0,625.25,0,1
A00377,2025-01-31,1564.08,0.0,1564.08,0,1
A00378,2025-01-31,2653.9,0.0,2653.9,0,1
A00379,2025-01-31,7025.28,0.0,7025.28,0,1
A00380,2025-01-31,3712.54,0.0,3712.54,0,1
A00381,2025-01-31,10116.3,0.0,10116.3,0,1
A00382,2025-01-31,6327.37,0.0,6327.37,0,1
A00383,2025-01-31,6456.64,0.0,6456.64,0,1
A00384,2025-01-31,2044.21,0.0,2044.21,0,1
A00385,2025-01-31,773.22,773.22,0.0,1,0
A00386,2025-01-31,351.92,0.0,351.92,0,1
A00387,2025-01-31,4584.7,0.0,4584.7,0,1
A00388,2025-01-31,1500.6,0.0,1500.6,0,1
A00389,2025-01-31,893.81,0.0,893.81,0,1
A00390,2025-01-31,1597.23,0.0,1597.23,0,1
A00391,2025-01-31,6563.33,0.0,6563.33,0,1
A00392,2025-01-31,6358.13,0.0,6358.13,0,1
A00393,2025-01-31,1552.97,0.0,1552.97,0,1
A00394,2025-01-31,2242.89,2242.89,0.0,1,0
A00395,2025-01-31,3045.4,0.0,3045.4,0,1
A00396,2025-01-31,720.82,0.0,720.82,0,1
A00397,2025-01-31,4545.06,0.0,4545.06,0,1
A00398,2025-01-31,2150.85,2150.85,0.0,1,0
A00399,2025-01-31,4438.38,0.0,4438.38,0,1
A00400,2025-01-31,1722.79,0.0,1722.79,0,1
A00401,2025-01-31,3092.5,0.0,3092.5,0,1
A00402,2025-01-31,5899.03,0.0,5899.03,0,1
A00403,2025-01-31,1249.38,1249.38,0.0,1,0
A00404,2025-01-31,3581.75,3581.75,0.0,1,0
A00405,2025-01-31,2385.97,0.0,2385.97,0,1
A00406,2025-01-31,2281.71,0.0,2281.71,0,1
A00407,2025-01-31,1024.04,1024.04,0.0,1,0
A00408,2025-01-31,2030.93,0.0,2030.93,0,1
A00409,2025-01-31,6759.34,0.0,6759.34,0,1
A00410,2025-01-31,4365.85,4365.85,0.0,1,0
A00411,2025-01-31,3940.09,0.0,3940.09,0,1
A00412,2025-01-31,3175.41,0.0,3175.41,0,1
A00413,2025-01-31,1426.84,0.0,1426.84,0,1
A00414,2025-01-31,1649.02,1649.02,0.0,1,0
A00415,2025-01-31,1219.95,1219.95,0.0,1,0
A00416,2025-01-31,1497.09,1497.09,0.0,1,0
A00417,2025-01-31,651.12,0.0,651.12,0,1
A00418,2025-01-31,4525.24,4525.24,0.0,1,0
A00419,2025-01-31,2747.52,2747.52,0.0,1,0
A00420,2025-01-31,1529.69,0.0,1529.69,0,1
A00421,2025-01-31,3180.03,0.0,3180.03,0,1
A00422,2025-01-31,2563.54,0.0,2563.54,0,1
A00423,2025-01-31,2318.5,0.0,2318.5,0,1
A00424,2025-01-31,9521.33,0.0,9521.33,0,1
A00425,2025-01-31,750.77,0.0,750.77,0,1
A00426,2025-01-31,2333.14,0.0,2333.14,0,1
A00427,2025-01-31,3076.19,3076.19,0.0,1,0
A00428,2025-01-31,6228.81,6228.81,0.0,1,0
A00429,2025-01-31,1907.46,1907.46,0.0,1,0
A00430,2025-01-31,1029.15,1029.15,0.0,1,0
A00431,2025-01-31,2847.08,2847.08,0.0,1,0
A00432,2025-01-31,4240.32,0.0,4240.32,0,1
A00433,2025-01-31,2720.83,2720.83,0.0,1,0
A00434,2025-01-31,2148.3,0.0,2148.3,0,1
A00435,2025-01-31,3848.25,0.0,3848.25,0,1
A00436,2025-01-31,6552.83,0.0,6552.83,0,1
A00437,2025-01-31,2766.25,0.0,2766.25,0,1
A00438,2025-01-31,2724.79,2724.79,0.0,1,0
A00439,2025-01-31,4099.54,4099.54,0.0,1,0
A00440,2025-01-31,8335.1,8335.1,0.0,1,0
A00441,2025-01-31,2187.44,2187.44,0.0,1,0
A00442,2025-01-31,4928.93,0.0,4928.93,0,1
A00443,2025-01-31,669.91,0.0,669.91,0,1
A00444,2025-01-31,3366.76,3366.76,0.0,1,0
A00445,2025-01-31,1139.62,0.0,1139.62,0,1
A00446,2025-01-31,741.63,0.0,741.63,0,1
A00447,2025-01-31,1950.4,0.0,1950.4,0,1
A00448,2025-01-31,5177.69,0.0,5177.69,0,1
A00449,2025-01-31,839.52,0.0,839.52,0,1
A00450,2025-01-31,2013.61,0.0,2013.61,0,1
A00451,2025-01-31,2456.67,0.0,2456.67,0,1
A00452,2025-01-31,2345.81,2345.81,0.0,1,0
A00453,2025-01-31,483.27,483.27,0.0,1,0
A00454,2025-01-31,2786.07,0.0,2786.07,0,1
A00455,2025-01-31,607.44,0.0,607.44,0,1
A00456,2025-01-31,1994.93,1994.93,0.0,1,0
A00457,2025-01-31,2678.29,0.0,2678.29,0,1
A00458,2025-01-31,1300.63,0.0,1300.63,0,1
A00459,2025-01-31,2505.61,2505.61,0.0,1,0
A00460,2025-01-31,2705.93,0.0,2705.93,0,1
A00461,2025-01-31,2574.03,0.0,2574.03,0,1
A00462,2025-01-31,1600.67,0.0,1600.67,0,1
A00463,2025-01-31,2633.4,2633.4,0.0,1,0
A00464,2025-01-31,1187.04,0.0,1187.04,0,1
A00465,2025-01-31,854.16,0.0,854.16,0,1
A00466,2025-01-31,859.57,0.0,859.57,0,1
A00467,2025-01-31,7856.03,0.0,7856.03,0,1
A00468,2025-01-31,1316.64,0.0,1316.64,0,1
A00469,2025-01-31,557.72,0.0,557.72,0,1
A00470,2025-01-31,2216.37,0.0,2216.37,0,1
A00471,2025-01-31,2639.57,2639.57,0.0,1,0
A00472,2025-01-31,1266.32,0.0,1266.32,0,1
A00473,2025-01-31,2226.2,0.0,2226.2,0,1
A00474,2025-01-31,507.77,0.0,507.77,0,1
A00475,2025-01-31,456.2,0.0,456.2,0,1
A00476,2025-01-31,1024.73,0.0,1024.73,0,1
A00477,2025-01-31,5781.21,5781.21,0.0,1,0
A00478,2025-01-31,1377.62,0.0,1377.62,0,1
A00479,2025-01-31,3028.92,3028.92,0.0,1,0
A00480,2025-01-31,2905.42,0.0,2905.42,0,1
A00481,2025-01-31,1559.62,0.0,1559.62,0,1
A00482,2025-01-31,3372.31,3372.31,0.0,1,0
A00483,2025-01-31,6331.58,0.0,6331.58,0,1
A00484,2025-01-31,2027.04,0.0,2027.04,0,1
A00485,2025-01-31,2165.38,2165.38,0.0,1,0
A00486,2025-01-31,3202.04,0.0,3202.04,0,1
A00487,2025-01-31,3790.48,3790.48,0.0,1,0
A00488,2025-01-31,3679.26,0.0,3679.26,0,1
A00489,2025-01-31,6456.81,0.0,6456.81,0,1
A00490,2025-01-31,1530.26,0.0,1530.26,0,1
A00491,2025-01-31,2920.2,0.0,2920.2,0,1
A00492,2025-01-31,1206.88,0.0,1206.88,0,1
A00493,2025-01-31,2014.77,0.0,2014.77,0,1
A00494,2025-01-31,2736.28,0.0,2736.28,0,1
A00495,2025-01-31,1393.6,0.0,1393.6,0,1
A00496,2025-01-31,3202.37,0.0,3202.37,0,1
A00497,2025-01-31,4126.87,4126.87,0.0,1,0
A00498,2025-01-31,959.7,0.0,959.7,0,1
A00499,2025-01-31,3380.52,3380.52,0.0,1,0
A00500,2025-01-31,1100.76,0.0,1100.76,0,1
A00501,2025-01-31,1802.29,0.0,1802.29,0,1
A00502,2025-01-31,3990.31,0.0,3990.31,0,1
A00503,2025-01-31,2682.37,0.0,2682.37,0,1
A00504,2025-01-31,2244.04,2244.04,0.0,1,0
A00505,2025-01-31,566.27,0.0,566.27,0,1
A00506,2025-01-31,7085.52,0.0,7085.52,0,1
A00507,2025-01-31,1844.97,0.0,1844.97,0,1
A00508,2025-01-31,1607.73,0.0,1607.73,0,1
A00509,2025-01-31,1135.28,1135.28,0.0,1,0
A00510,2025-01-31,5439.87,0.0,5439.87,0,1
A00511,2025-01-31,3882.54,3882.54,0.0,1,0
A00512,2025-01-31,4169.44,4169.44,0.0,1,0
A00513,2025-01-31,750.07,0.0,750.07,0,1
A00514,2025-01-31,3011.7,0.0,3011.7,0,1
A00515,2025-01-31,1938.6,1938.6,0.0,1,0
A00516,2025-01-31,2655.5,2655.5,0.0,1,0
A00517,2025-01-31,2840.78,2840.78,0.0,1,0
A00518,2025-01-31,1947.14,0.0,1947.14,0,1
A00519,2025-01-31,6841.34,0.0,6841.34,0,1
A00520,2025-01-31,5373.12,5373.12,0.0,1,0
A00521,2025-01-31,2131.53,2131.53,0.0,1,0
A00522,2025-01-31,4317.71,0.0,4317.71,0,1
A00523,2025-01-31,983.64,983.64,0.0,1,0
A00524,2025-01-31,507.13,0.0,507.13,0,1
A00525,2025-01-31,3352.3,0.0,3352.3,0,1
A00526,2025-01-31,890.62,0.0,890.62,0,1
A00527,2025-01-31,409.3,409.3,0.0,1,0
A00528,2025-01-31,2606.68,0.0,2606.68,0,1
A00529,2025-01-31,4005.9,4005.9,0.0,1,0
A00530,2025-01-31,1320.6,0.0,1320.6,0,1
A00531,2025-01-31,2460.29,2460.29,0.0,1,0
A00532,2025-01-31,2230.86,2230.86,0.0,1,0
A00533,2025-01-31,3378.0,3378.0,0.0,1,0
A00534,2025-01-31,4789.38,4789.38,0.0,1,0
A00535,2025-01-31,1534.73,0.0,1534.73,0,1
A00536,2025-01-31,1227.28,0.0,1227.28,0,1
A00537,2025-01-31,3895.16,3895.16,0.0,1,0
A00538,2025-01-31,3300.81,0.0,3300.81,0,1
A00539,2025-01-31,2043.37,0.0,2043.37,0,1
A00540,2025-01-31,3253.22,0.0,3253.22,0,1
A00541,2025-01-31,1997.1,1997.1,0.0,1,0
A00542,2025-01-31,1059.24,1059.24,0.0,1,0
A00543,2025-01-31,11753.44,11753.44,0.0,1,0
A00544,2025-01-31,1083.71,1083.71,0.0,1,0
A00545,2025-01-31,3813.64,0.0,3813.64,0,1
A00546,2025-01-31,1436.06,1436.06,0.0,1,0
A00547,2025-01-31,1746.05,0.0,1746.05,0,1
A00548,2025-01-31,1566.83,1566.83,0.0,1,0
A00549,2025-01-31,1168.63,0.0,1168.63,0,1
A00550,2025-01-31,934.75,934.75,0.0,1,0
A00551,2025-01-31,3600.36,3600.36,0.0,1,0
A00552,2025-01-31,1894.95,1894.95,0.0,1,0
A00553,2025-01-31,4274.68,0.0,4274.68,0,1
A00554,2025-01-31,2449.98,2449.98,0.0,1,0
A00555,2025-01-31,2597.38,2597.38,0.0,1,0
A00556,2025-01-31,4338.58,0.0,4338.58,0,1
A00557,2025-01-31,2003.89,0.0,2003.89,0,1
A00558,2025-01-31,1086.51,0.0,1086.51,0,1
A00559,2025-01-31,4550.74,4550.74,0.0,1,0
A00560,2025-01-31,1111.75,1111.75,0.0,1,0
A00561,2025-01-31,1431.44,1431.44,0.0,1,0
A00562,2025-01-31,2108.76,2108.76,0.0,1,0
A00563,2025-01-31,5716.54,5716.54,0.0,1,0
A00564,2025-01-31,1147.51,0.0,1147.51,0,1
A00565,2025-01-31,1934.38,0.0,1934.38,0,1
A00566,2025-01-31,1040.86,0.0,1040.86,0,1
A00567,2025-01-31,535.66,0.0,535.66,0,1
A00568,2025-01-31,17094.78,17094.78,0.0,1,0
A00569,2025-01-31,3604.26,3604.26,0.0,1,0
A00570,2025-01-31,2127.21,0.0,2127.21,0,1
A00571,2025-01-31,4389.47,0.0,4389.47,0,1
A00572,2025-01-31,4971.25,0.0,4971.25,0,1
A00573,2025-01-31,2188.44,2188.44,0.0,1,0
A00574,2025-01-31,3224.4,0.0,3224.4,0,1
A00575,2025-01-31,6802.42,6802.42,0.0,1,0
A00576,2025-01-31,2538.06,0.0,2538.06,0,1
A00577,2025-01-31,1899.26,0.0,1899.26,0,1
A00578,2025-01-31,2270.91,0.0,2270.91,0,1
A00579,2025-01-31,5162.77,0.0,5162.77,0,1
A00580,2025-01-31,958.69,958.69,0.0,1,0
A00581,2025-01-31,1155.59,0.0,1155.59,0,1
A00582,2025-01-31,1940.06,0.0,1940.06,0,1
A00583,2025-01-31,5680.05,0.0,5680.05,0,1
A00584,2025-01-31,1372.76,1372.76,0.0,1,0
A00585,2025-01-31,5412.35,5412.35,0.0,1,0
A00586,2025-01-31,1041.2,1041.2,0.0,1,0
A00587,2025-01-31,4220.96,0.0,4220.96,0,1
A00588,2025-01-31,888.76,0.0,888.76,0,1
A00589,2025-01-31,1327.59,0.0,1327.59,0,1
A00590,2025-01-31,1476.94,0.0,1476.94,0,1
A00591,2025-01-31,3195.87,0.0,3195.87,0,1
A00592,2025-01-31,5954.0,0.0,5954.0,0,1
A00593,2025-01-31,860.76,0.0,860.76,0,1
A00594,2025-01-31,5260.41,5260.41,0.0,1,0
A00595,2025-01-31,4001.33,4001.33,0.0,1,0
A00596,2025-01-31,1315.34,0.0,1315.34,0,1
A00597,2025-01-31,2020.14,2020.14,0.0,1,0
A00598,2025-01-31,1601.54,1601.54,0.0,1,0
A00599,2025-01-31,2863.89,0.0,2863.89,0,1
A00600,2025-01-31,3846.67,3846.67,0.0,1,0
A00601,2025-01-31,1217.25,0.0,1217.25,0,1
A00602,2025-01-31,563.26,0.0,563.26,0,1
A00603,2025-01-31,948.95,0.0,948.95,0,1
A00604,2025-01-31,2100.82,2100.82,0.0,1,0
A00605,2025-01-31,632.3,632.3,0.0,1,0
A00606,2025-01-31,1916.49,0.0,1916.49,0,1
A00607,2025-01-31,422.91,422.91,0.0,1,0
A00608,2025-01-31,1903.22,1903.22,0.0,1,0
A00609,2025-01-31,6705.82,0.0,6705.82,0,1
A00610,2025-01-31,2552.27,2552.27,0.0,1,0
A00611,2025-01-31,2727.59,0.0,2727.59,0,1
A00612,2025-01-31,3325.65,0.0,3325.65,0,1
A00613,2025-01-31,2065.07,0.0,2065.07,0,1
A00614,2025-01-31,4831.05,0.0,4831.05,0,1
A00615,2025-01-31,4098.39,4098.39,0.0,1,0
A00616,2025-01-31,4383.84,0.0,4383.84,0,1
A00617,2025-01-31,1049.54,0.0,1049.54,0,1
A00618,2025-01-31,1219.03,0.0,1219.03,0,1
A00619,2025-01-31,5808.06,0.0,5808.06,0,1
A00620,2025-01-31,8009.99,8009.99,0.0,1,0
A00621,2025-01-31,2131.39,0.0,2131.39,0,1
A00622,2025-01-31,4817.85,0.0,4817.85,0,1
A00623,2025-01-31,979.14,979.14,0.0,1,0
A00624,2025-01-31,3041.68,3041.68,0.0,1,0
A00625,2025-01-31,855.56,0.0,855.56,0,1
A00626,2025-01-31,5627.52,0.0,5627.52,0,1
A00627,2025-01-31,3402.97,3402.97,0.0,1,0
A00628,2025-01-31,2561.17,2561.17,0.0,1,0
A00629,2025-01-31,2495.4,2495.4,0.0,1,0
A00630,2025-01-31,5237.67,0.0,5237.67,0,1
A00631,2025-01-31,1773.62,1773.62,0.0,1,0
A00632,2025-01-31,2364.0,0.0,2364.0,0,1
A00633,2025-01-31,1797.1,1797.1,0.0,1,0
A00634,2025-01-31,1648.37,1648.37,0.0,1,0
A00635,2025-01-31,1449.67,0.0,1449.67,0,1
A00636,2025-01-31,1244.35,1244.35,0.0,1,0
A00637,2025-01-31,5845.47,5845.47,0.0,1,0
A00638,2025-01-31,3482.4,0.0,3482.4,0,1
A00639,2025-01-31,1252.38,1252.38,0.0,1,0
A00640,2025-01-31,2358.18,0.0,2358.18,0,1
A00641,2025-01-31,3363.39,3363.39,0.0,1,0
A00642,2025-01-31,7834.62,7834.62,0.0,1,0
A00643,2025-01-31,3887.4,0.0,3887.4,0,1
A00644,2025-01-31,3016.96,0.0,3016.96,0,1
A00645,2025-01-31,832.39,832.39,0.0,1,0
A00646,2025-01-31,4259.78,0.0,4259.78,0,1
A00647,2025-01-31,4242.18,0.0,4242.18,0,1
A00648,2025-01-31,1382.34,1382.34,0.0,1,0
A00649,2025-01-31,2843.15,0.0,2843.15,0,1
A00650,2025-01-31,1549.69,0.0,1549.69,0,1
A00651,2025-01-31,5564.53,5564.53,0.0,1,0
A00652,2025-01-31,4946.15,4946.15,0.0,1,0
A00653,2025-01-31,4217.49,0.0,4217.49,0,1
A00654,2025-01-31,174.37,0.0,174.37,0,1
A00655,2025-01-31,2911.56,0.0,2911.56,0,1
A00656,2025-01-31,1699.04,1699.04,0.0,1,0
A00657,2025-01-31,2056.4,2056.4,0.0,1,0
A00658,2025-01-31,2097.15,2097.15,0.0,1,0
A00659,2025-01-31,2992.85,0.0,2992.85,0,1
A00660,2025-01-31,5731.43,5731.43,0.0,1,0
A00661,2025-01-31,3457.07,0.0,3457.07,0,1
A00662,2025-01-31,11083.29,11083.29,0.0,1,0
A00663,2025-01-31,3399.03,0.0,3399.03,0,1
A00664,2025-01-31,879.09,879.09,0.0,1,0
A00665,2025-01-31,1049.45,0.0,1049.45,0,1
A00666,2025-01-31,423.93,0.0,423.93,0,1
A00667,2025-01-31,4957.42,0.0,4957.42,0,1
A00668,2025-01-31,1921.0,1921.0,0.0,1,0
A00669,2025-01-31,2202.01,0.0,2202.01,0,1
A00670,2025-01-31,1683.51,0.0,1683.51,0,1
A00671,2025-01-31,16997.04,0.0,16997.04,0,1
A00672,2025-01-31,488.21,0.0,488.21,0,1
A00673,2025-01-31,873.21,873.21,0.0,1,0
A00674,2025-01-31,4411.15,4411.15,0.0,1,0
A00675,2025-01-31,1014.14,1014.14,0.0,1,0
A00676,2025-01-31,2018.75,0.0,2018.75,0,1
A00677,2025-01-31,4680.59,4680.59,0.0,1,0
A00678,2025-01-31,2981.18,2981.18,0.0,1,0
A00679,2025-01-31,10518.1,0.0,10518.1,0,1
A00680,2025-01-31,2933.78,0.0,2933.78,0,1
A00681,2025-01-31,4215.8,0.0,4215.8,0,1
A00682,2025-01-31,3267.88,0.0,3267.88,0,1
A00683,2025-01-31,8230.58,8230.58,0.0,1,0
A00684,2025-01-31,813.7,0.0,813.7,0,1
A00685,2025-01-31,472.91,0.0,472.91,0,1
A00686,2025-01-31,1280.9,1280.9,0.0,1,0
A00687,2025-01-31,2901.24,0.0,2901.24,0,1
A00688,2025-01-31,3444.26,0.0,3444.26,0,1
A00689,2025-01-31,578.4,0.0,578.4,0,1
A00690,2025-01-31,2342.38,0.0,2342.38,0,1
A00691,2025-01-31,4273.93,0.0,4273.93,0,1
A00692,2025-01-31,762.95,0.0,762.95,0,1
A00693,2025-01-31,11317.67,11317.67,0.0,1,0
A00694,2025-01-31,623.38,0.0,623.38,0,1
A00695,2025-01-31,2557.86,2557.86,0.0,1,0
A00696,2025-01-31,758.45,758.45,0.0,1,0
A00697,2025-01-31,7820.79,7820.79,0.0,1,0
A00698,2025-01-31,2324.45,2324.45,0.0,1,0
A00699,2025-01-31,6713.16,6713.16,0.0,1,0
A00700,2025-01-31,3359.77,3359.77,0.0,1,0
A00701,2025-01-31,4192.45,4192.45,0.0,1,0
A00702,2025-01-31,4307.85,4307.85,0.0,1,0
A00703,2025-01-31,5082.37,0.0,5082.37,0,1
A00704,2025-01-31,1354.33,0.0,1354.33,0,1
A00705,2025-01-31,5313.4,0.0,5313.4,0,1
A00706,2025-01-31,1836.76,0.0,1836.76,0,1
A00707,2025-01-31,1520.45,1520.45,0.0,1,0
A00708,2025-01-31,2693.73,0.0,2693.73,0,1
A00709,2025-01-31,1233.0,1233.0,0.0,1,0
A00710,2025-01-31,3324.76,3324.76,0.0,1,0
A00711,2025-01-31,3826.21,0.0,3826.21,0,1
A00712,2025-01-31,5477.58,5477.58,0.0,1,0
A00713,2025-01-31,2352.23,2352.23,0.0,1,0
A00714,2025-01-31,2633.83,0.0,2633.83,0,1
A00715,2025-01-31,4616.5,0.0,4616.5,0,1
A00716,2025-01-31,2635.31,0.0,2635.31,0,1
A00717,2025-01-31,733.41,733.41,0.0,1,0
A00718,2025-01-31,1787.97,1787.97,0.0,1,0
A00719,2025-01-31,2836.1,0.0,2836.1,0,1
A00720,2025-01-31,4608.56,0.0,4608.56,0,1
A00721,2025-01-31,4668.67,4668.67,0.0,1,0
A00722,2025-01-31,1686.44,1686.44,0.0,1,0
A00723,2025-01-31,4270.62,4270.62,0.0,1,0
A00724,2025-01-31,1930.48,1930.48,0.0,1,0
A00725,2025-01-31,1424.59,0.0,1424.59,0,1
A00726,2025-01-31,1242.87,1242.87,0.0,1,0
A00727,2025-01-31,3291.21,0.0,3291.21,0,1
A00728,2025-01-31,3783.2,0.0,3783.2,0,1
A00729,2025-01-31,5078.8,5078.8,0.0,1,0
A00730,2025-01-31,4133.56,0.0,4133.56,0,1
A00731,2025-01-31,829.36,829.36,0.0,1,0
A00732,2025-01-31,5986.92,0.0,5986.92,0,1
A00733,2025-01-31,3565.57,0.0,3565.57,0,1
A00734,2025-01-31,8652.68,8652.68,0.0,1,0
A00735,2025-01-31,5441.1,5441.1,0.0,1,0
A00736,2025-01-31,1274.82,0.0,1274.82,0,1
A00737,2025-01-31,4099.72,4099.72,0.0,1,0
A00738,2025-01-31,1085.19,1085.19,0.0,1,0
A00739,2025-01-31,2727.02,2727.02,0.0,1,0
A00740,2025-01-31,584.9,0.0,584.9,0,1
A00741,2025-01-31,1803.11,0.0,1803.11,0,1
A00742,2025-01-31,3635.45,0.0,3635.45,0,1
A00743,2025-01-31,1090.39,0.0,1090.39,0,1
A00744,2025-01-31,1053.84,0.0,1053.84,0,1
A00745,2025-01-31,4344.75,0.0,4344.75,0,1
A00746,2025-01-31,1778.68,0.0,1778.68,0,1
A00747,2025-01-31,1520.31,1520.31,0.0,1,0
A00748,2025-01-31,791.7,791.7,0.0,1,0
A00749,2025-01-31,4048.03,4048.03,0.0,1,0
A00750,2025-01-31,1154.39,1154.39,0.0,1,0
A00751,2025-01-31,1949.39,0.0,1949.39,0,1
A00752,2025-01-31,5923.28,5923.28,0.0,1,0
A00753,2025-01-31,2940.33,0.0,2940.33,0,1
A00754,2025-01-31,4612.32,0.0,4612.32,0,1
A00755,2025-01-31,6258.73,6258.73,0.0,1,0
A00756,2025-01-31,1146.38,1146.38,0.0,1,0
A00757,2025-01-31,1203.06,0.0,1203.06,0,1
A00758,2025-01-31,1218.04,0.0,1218.04,0,1
A00759,2025-01-31,4203.97,0.0,4203.97,0,1
A00760,2025-01-31,4535.34,0.0,4535.34,0,1
A00761,2025-01-31,1008.45,0.0,1008.45,0,1
A00762,2025-01-31,237.63,0.0,237.63,0,1
A00763,2025-01-31,344.07,0.0,344.07,0,1
A00764,2025-01-31,6660.15,0.0,6660.15,0,1
A00765,2025-01-31,3556.33,3556.33,0.0,1,0
A00766,2025-01-31,7302.33,0.0,7302.33,0,1
A00767,2025-01-31,363.59,0.0,363.59,0,1
A00768,2025-01-31,937.0,937.0,0.0,1,0
A00769,2025-01-31,3710.89,0.0,3710.89,0,1
A00770,2025-01-31,6477.55,0.0,6477.55,0,1
A00771,2025-01-31,2100.23,0.0,2100.23,0,1
A00772,2025-01-31,1621.9,0.0,1621.9,0,1
A00773,2025-01-31,3272.65,0.0,3272.65,0,1
A00774,2025-01-31,1882.92,1882.92,0.0,1,0
A00775,2025-01-31,2038.54,0.0,2038.54,0,1
A00776,2025-01-31,193.01,193.01,0.0,1,0
A00777,2025-01-31,2501.93,2501.93,0.0,1,0
A00778,2025-01-31,2323.2,2323.2,0.0,1,0
A00779,2025-01-31,4779.93,0.0,4779.93,0,1
A00780,2025-01-31,6221.45,0.0,6221.45,0,1
A00781,2025-01-31,2662.14,2662.14,0.0,1,0
A00782,2025-01-31,687.8,687.8,0.0,1,0
A00783,2025-01-31,4950.07,4950.07,0.0,1,0
A00784,2025-01-31,974.73,974.73,0.0,1,0
A00785,2025-01-31,6603.29,0.0,6603.29,0,1
A00786,2025-01-31,961.13,961.13,0.0,1,0
A00787,2025-01-31,1265.49,1265.49,0.0,1,0
A00788,2025-01-31,4516.02,0.0,4516.02,0,1
A00789,2025-01-31,1568.08,1568.08,0.0,1,0
A00790,2025-01-31,2330.45,0.0,2330.45,0,1
A00791,2025-01-31,3683.77,0.0,3683.77,0,1
A00792,2025-01-31,5051.32,5051.32,0.0,1,0
A00793,2025-01-31,2216.62,2216.62,0.0,1,0
A00794,2025-01-31,3054.75,3054.75,0.0,1,0
A00795,2025-01-31,2428.43,0.0,2428.43,0,1
A00796,2025-01-31,4831.59,0.0,4831.59,0,1
A00797,2025-01-31,776.37,776.37,0.0,1,0
A00798,2025-01-31,3423.03,0.0,3423.03,0,1
A00799,2025-01-31,2185.69,0.0,2185.69,0,1
A00800,2025-01-31,1823.91,0.0,1823.91,0,1
A00801,2025-01-31,1678.03,1678.03,0.0,1,0
A00802,2025-01-31,1710.41,1710.41,0.0,1,0
A00803,2025-01-31,1797.56,1797.56,0.0,1,0
A00804,2025-01-31,570.36,570.36,0.0,1,0
A00805,2025-01-31,4512.0,4512.0,0.0,1,0
A00806,2025-01-31,1387.52,1387.52,0.0,1,0
A00807,2025-01-31,1561.61,0.0,1561.61,0,1
A00808,2025-01-31,1201.9,1201.9,0.0,1,0
A00809,2025-01-31,5775.67,0.0,5775.67,0,1
A00810,2025-01-31,1445.8,0.0,1445.8,0,1
A00811,2025-01-31,1987.66,0.0,1987.66,0,1
A00812,2025-01-31,936.28,0.0,936.28,0,1
A00813,2025-01-31,3360.77,3360.77,0.0,1,0
A00814,2025-01-31,3299.87,0.0,3299.87,0,1
A00815,2025-01-31,3075.29,0.0,3075.29,0,1
A00816,2025-01-31,1889.68,0.0,1889.68,0,1
A00817,2025-01-31,3311.14,3311.14,0.0,1,0
A00818,2025-01-31,2431.41,0.0,2431.41,0,1
A00819,2025-01-31,950.89,0.0,950.89,0,1
A00820,2025-01-31,4322.63,0.0,4322.63,0,1
A00821,2025-01-31,6779.04,0.0,6779.04,0,1
A00822,2025-01-31,2934.72,0.0,2934.72,0,1
A00823,2025-01-31,8236.44,0.0,8236.44,0,1
A00824,2025-01-31,2321.07,2321.07,0.0,1,0
A00825,2025-01-31,2498.96,2498.96,0.0,1,0
A00826,2025-01-31,1207.09,1207.09,0.0,1,0
A00827,2025-01-31,1744.43,0.0,1744.43,0,1
A00828,2025-01-31,3607.76,0.0,3607.76,0,1
A00829,2025-01-31,1635.92,0.0,1635.92,0,1
A00830,2025-01-31,6191.01,6191.01,0.0,1,0
A00831,2025-01-31,4097.52,0.0,4097.52,0,1
A00832,2025-01-31,2947.54,2947.54,0.0,1,0
A00833,2025-01-31,2395.76,0.0,2395.76,0,1
A00834,2025-01-31,2745.44,0.0,2745.44,0,1
A00835,2025-01-31,2555.1,0.0,2555.1,0,1
A00836,2025-01-31,1577.76,1577.76,0.0,1,0
A00837,2025-01-31,1319.4,0.0,1319.4,0,1
A00838,2025-01-31,10087.39,10087.39,0.0,1,0
A00839,2025-01-31,4212.41,4212.41,0.0,1,0
A00840,2025-01-31,7090.43,7090.43,0.0,1,0
A00841,2025-01-31,351.53,351.53,0.0,1,0
A00842,2025-01-31,71.6,0.0,71.6,0,1
A00843,2025-01-31,1274.3,0.0,1274.3,0,1
A00844,2025-01-31,3753.68,3753.68,0.0,1,0
A00845,2025-01-31,1272.24,0.0,1272.24,0,1
A00846,2025-01-31,3614.96,3614.96,0.0,1,0
A00847,2025-01-31,2828.15,2828.15,0.0,1,0
A00848,2025-01-31,1675.03,0.0,1675.03,0,1
A00849,2025-01-31,3936.54,3936.54,0.0,1,0
A00850,2025-01-31,6892.59,0.0,6892.59,0,1
A00851,2025-01-31,5456.29,0.0,5456.29,0,1
A00852,2025-01-31,4294.87,4294.87,0.0,1,0
A00853,2025-01-31,5944.17,5944.17,0.0,1,0
A00854,2025-01-31,940.61,0.0,940.61,0,1
A00855,2025-01-31,5497.15,0.0,5497.15,0,1
A00856,2025-01-31,2055.08,0.0,2055.08,0,1
A00857,2025-01-31,2388.32,2388.32,0.0,1,0
A00858,2025-01-31,1591.8,0.0,1591.8,0,1
A00859,2025-01-31,5370.54,5370.54,0.0,1,0
A00860,2025-01-31,1599.26,0.0,1599.26,0,1
A00861,2025-01-31,4330.6,4330.6,0.0,1,0
A00862,2025-01-31,4514.65,4514.65,0.0,1,0
A00863,2025-01-31,1444.65,1444.65,0.0,1,0
A00864,2025-01-31,4721.24,0.0,4721.24,0,1
A00865,2025-01-31,535.66,0.0,535.66,0,1
A00866,2025-01-31,5751.72,5751.72,0.0,1,0
A00867,2025-01-31,1796.1,0.0,1796.1,0,1
A00868,2025-01-31,1098.83,1098.83,0.0,1,0
A00869,2025-01-31,512.35,512.35,0.0,1,0
A00870,2025-01-31,4423.43,4423.43,0.0,1,0
A00871,2025-01-31,4475.36,0.0,4475.36,0,1
A00872,2025-01-31,6384.88,0.0,6384.88,0,1
A00873,2025-01-31,2692.68,2692.68,0.0,1,0
A00874,2025-01-31,1972.81,0.0,1972.81,0,1
A00875,2025-01-31,529.99,0.0,529.99,0,1
A00876,2025-01-31,2554.22,0.0,2554.22,0,1
A00877,2025-01-31,860.23,860.23,0.0,1,0
A00878,2025-01-31,1725.99,1725.99,0.0,1,0
A00879,2025-01-31,5898.17,0.0,5898.17,0,1
A00880,2025-01-31,2966.63,0.0,2966.63,0,1
A00881,2025-01-31,1235.43,0.0,1235.43,0,1
A00882,2025-01-31,1276.79,0.0,1276.79,0,1
A00883,2025-01-31,1957.4,0.0,1957.4,0,1
A00884,2025-01-31,2006.23,2006.23,0.0,1,0
A00885,2025-01-31,479.23,0.0,479.23,0,1
A00886,2025-01-31,1225.18,1225.18,0.0,1,0
A00887,2025-01-31,7093.98,0.0,7093.98,0,1
A00888,2025-01-31,1464.08,0.0,1464.08,0,1
A00889,2025-01-31,2013.63,2013.63,0.0,1,0
A00890,2025-01-31,2147.16,0.0,2147.16,0,1
A00891,2025-01-31,1057.74,1057.74,0.0,1,0
A00892,2025-01-31,4514.05,0.0,4514.05,0,1
A00893,2025-01-31,1664.24,0.0,1664.24,0,1
A00894,2025-01-31,1234.28,1234.28,0.0,1,0
A00895,2025-01-31,4996.27,0.0,4996.27,0,1
A00896,2025-01-31,1436.28,0.0,1436.28,0,1
A00897,2025-01-31,3740.61,3740.61,0.0,1,0
A00898,2025-01-31,1109.15,1109.15,0.0,1,0
A00899,2025-01-31,3790.12,3790.12,0.0,1,0
A00900,2025-01-31,2641.47,0.0,2641.47,0,1
A00901,2025-01-31,1911.05,1911.05,0.0,1,0
A00902,2025-01-31,792.11,0.0,792.11,0,1
A00903,2025-01-31,5485.63,0.0,5485.63,0,1
A00904,2025-01-31,3761.24,0.0,3761.24,0,1
A00905,2025-01-31,4812.02,4812.02,0.0,1,0
A00906,2025-01-31,3307.66,0.0,3307.66,0,1
A00907,2025-01-31,11876.32,0.0,11876.32,0,1
A00908,2025-01-31,3181.95,0.0,3181.95,0,1
A00909,2025-01-31,6194.92,0.0,6194.92,0,1
A00910,2025-01-31,2089.65,2089.65,0.0,1,0
A00911,2025-01-31,421.11,421.11,0.0,1,0
A00912,2025-01-31,2139.32,2139.32,0.0,1,0
A00913,2025-01-31,147.82,0.0,147.82,0,1
A00914,2025-01-31,277.77,0.0,277.77,0,1
A00915,2025-01-31,1972.53,1972.53,0.0,1,0
A00916,2025-01-31,1857.43,0.0,1857.43,0,1
A00917,2025-01-31,171.67,0.0,171.67,0,1
A00918,2025-01-31,811.19,811.19,0.0,1,0
A00919,2025-01-31,5067.99,5067.99,0.0,1,0
A00920,2025-01-31,1484.92,0.0,1484.92,0,1
A00921,2025-01-31,2611.86,0.0,2611.86,0,1
A00922,2025-01-31,3287.95,0.0,3287.95,0,1
A00923,2025-01-31,1981.51,0.0,1981.51,0,1
A00924,2025-01-31,5280.68,5280.68,0.0,1,0
A00925,2025-01-31,801.87,801.87,0.0,1,0
A00926,2025-01-31,3531.88,0.0,3531.88,0,1
A00927,2025-01-31,553.9,0.0,553.9,0,1
A00928,2025-01-31,3801.3,0.0,3801.3,0,1
A00929,2025-01-31,2159.45,0.0,2159.45,0,1
A00930,2025-01-31,2107.0,2107.0,0.0,1,0
A00931,2025-01-31,4388.0,0.0,4388.0,0,1
A00932,2025-01-31,1949.12,1949.12,0.0,1,0
A00933,2025-01-31,2428.3,0.0,2428.3,0,1
A00934,2025-01-31,4804.17,0.0,4804.17,0,1
A00935,2025-01-31,2137.99,0.0,2137.99,0,1
A00936,2025-01-31,3238.33,3238.33,0.0,1,0
A00937,2025-01-31,5175.99,0.0,5175.99,0,1
A00938,2025-01-31,1328.46,1328.46,0.0,1,0
A00939,2025-01-31,3488.85,0.0,3488.85,0,1
A00940,2025-01-31,3510.08,3510.08,0.0,1,0
A00941,2025-01-31,7854.87,0.0,7854.87,0,1
A00942,2025-01-31,1690.21,0.0,1690.21,0,1
A00943,2025-01-31,410.53,410.53,0.0,1,0
A00944,2025-01-31,3158.44,0.0,3158.44,0,1
A00945,2025-01-31,11405.53,0.0,11405.53,0,1
A00946,2025-01-31,2571.27,0.0,2571.27,0,1
A00947,2025-01-31,3117.14,0.0,3117.14,0,1
A00948,2025-01-31,1779.54,0.0,1779.54,0,1
A00949,2025-01-31,1291.98,0.0,1291.98,0,1
A00950,2025-01-31,4373.73,4373.73,0.0,1,0
A00951,2025-01-31,4041.08,0.0,4041.08,0,1
A00952,2025-01-31,2519.77,0.0,2519.77,0,1
A00953,2025-01-31,1528.44,1528.44,0.0,1,0
A00954,2025-01-31,8570.86,0.0,8570.86,0,1
A00955,2025-01-31,2304.94,2304.94,0.0,1,0
A00956,2025-01-31,3927.54,0.0,3927.54,0,1
A00957,2025-01-31,2542.21,0.0,2542.21,0,1
A00958,2025-01-31,2549.83,2549.83,0.0,1,0
A00959,2025-01-31,1916.88,0.0,1916.88,0,1
A00960,2025-01-31,3185.26,3185.26,0.0,1,0
A00961,2025-01-31,1701.86,0.0,1701.86,0,1
A00962,2025-01-31,6779.94,6779.94,0.0,1,0
A00963,2025-01-31,2782.94,2782.94,0.0,1,0
A00964,2025-01-31,4659.02,4659.02,0.0,1,0
A00965,2025-01-31,1201.31,1201.31,0.0,1,0
A00966,2025-01-31,6085.4,0.0,6085.4,0,1
A00967,2025-01-31,1873.14,1873.14,0.0,1,0
A00968,2025-01-31,1291.68,0.0,1291.68,0,1
A00969,2025-01-31,1488.39,1488.39,0.0,1,0
A00970,2025-01-31,742.67,742.67,0.0,1,0
A00971,2025-01-31,3024.43,3024.43,0.0,1,0
A00972,2025-01-31,636.23,0.0,636.23,0,1
A00973,2025-01-31,2098.94,0.0,2098.94,0,1
A00974,2025-01-31,1520.23,0.0,1520.23,0,1
A00975,2025-01-31,673.16,0.0,673.16,0,1
A00976,2025-01-31,4318.06,4318.06,0.0,1,0
A00977,2025-01-31,636.37,636.37,0.0,1,0
A00978,2025-01-31,1939.76,1939.76,0.0,1,0
A00979,2025-01-31,3223.15,0.0,3223.15,0,1
A00980,2025-01-31,1116.98,0.0,1116.98,0,1
A00981,2025-01-31,3560.71,0.0,3560.71,0,1
A00982,2025-01-31,536.91,0.0,536.91,0,1
A00983,2025-01-31,1839.81,0.0,1839.81,0,1
A00984,2025-01-31,6845.22,0.0,6845.22,0,1
A00985,2025-01-31,6897.18,6897.18,0.0,1,0
A00986,2025-01-31,910.1,0.0,910.1,0,1
A00987,2025-01-31,4790.08,4790.08,0.0,1,0
A00988,2025-01-31,1879.73,0.0,1879.73,0,1
A00989,2025-01-31,2095.24,2095.24,0.0,1,0
A00990,2025-01-31,2250.17,2250.17,0.0,1,0
A00991,2025-01-31,3026.91,0.0,3026.91,0,1
A00992,2025-01-31,1168.63,1168.63,0.0,1,0
A00993,2025-01-31,2235.6,0.0,2235.6,0,1
A00994,2025-01-31,2742.41,0.0,2742.41,0,1
A00995,2025-01-31,2476.05,2476.05,0.0,1,0
A00996,2025-01-31,5369.0,0.0,5369.0,0,1
A00997,2025-01-31,1612.92,1612.92,0.0,1,0
A00998,2025-01-31,1381.64,0.0,1381.64,0,1
A00999,2025-01-31,442.82,442.82,0.0,1,0
A01000,2025-01-31,2309.5,0.0,2309.5,0,1
A01001,2025-01-31,11854.49,0.0,11854.49,0,1
A01002,2025-01-31,7401.45,0.0,7401.45,0,1
A01003,2025-01-31,2197.04,2197.04,0.0,1,0
A01004,2025-01-31,2145.2,0.0,2145.2,0,1
A01005,2025-01-31,2261.49,0.0,2261.49,0,1
A01006,2025-01-31,2736.08,0.0,2736.08,0,1
A01007,2025-01-31,950.19,0.0,950.19,0,1
A01008,2025-01-31,3483.13,3483.13,0.0,1,0
A01009,2025-01-31,2584.27,0.0,2584.27,0,1
A01010,2025-01-31,4955.93,4955.93,0.0,1,0
A01011,2025-01-31,4166.96,4166.96,0.0,1,0
A01012,2025-01-31,6395.75,0.0,6395.75,0,1
A01013,2025-01-31,1420.55,1420.55,0.0,1,0
A01014,2025-01-31,1881.62,0.0,1881.62,0,1
A01015,2025-01-31,3462.38,3462.38,0.0,1,0
A01016,2025-01-31,754.97,0.0,754.97,0,1
A01017,2025-01-31,3921.48,0.0,3921.48,0,1
A01018,2025-01-31,968.93,0.0,968.93,0,1
A01019,2025-01-31,2566.37,0.0,2566.37,0,1
A01020,2025-01-31,8107.52,8107.52,0.0,1,0
A01021,2025-01-31,1159.04,0.0,1159.04,0,1
A01022,2025-01-31,722.37,0.0,722.37,0,1
A01023,2025-01-31,900.13,0.0,900.13,0,1
A01024,2025-01-31,1647.27,0.0,1647.27,0,1
A01025,2025-01-31,4352.9,0.0,4352.9,0,1
A01026,2025-01-31,1700.34,0.0,1700.34,0,1
A01027,2025-01-31,2405.68,2405.68,0.0,1,0
A01028,2025-01-31,1680.76,1680.76,0.0,1,0
A01029,2025-01-31,1962.67,0.0,1962.67,0,1
A01030,2025-01-31,328.84,0.0,328.84,0,1
A01031,2025-01-31,825.3,0.0,825.3,0,1
A01032,2025-01-31,2700.97,0.0,2700.97,0,1
A01033,2025-01-31,5077.99,0.0,5077.99,0,1
A01034,2025-01-31,993.22,993.22,0.0,1,0
A01035,2025-01-31,2423.49,0.0,2423.49,0,1
A01036,2025-01-31,1750.0,1750.0,0.0,1,0
A01037,2025-01-31,3258.84,0.0,3258.84,0,1
A01038,2025-01-31,1386.45,0.0,1386.45,0,1
A01039,2025-01-31,234.8,234.8,0.0,1,0
A01040,2025-01-31,3190.45,0.0,3190.45,0,1
A01041,2025-01-31,3113.77,0.0,3113.77,0,1
A01042,2025-01-31,3823.15,3823.15,0.0,1,0
A01043,2025-01-31,3654.87,3654.87,0.0,1,0
A01044,2025-01-31,3174.82,3174.82,0.0,1,0
A01045,2025-01-31,5844.89,5844.89,0.0,1,0
A01046,2025-01-31,1696.71,0.0,1696.71,0,1
A01047,2025-01-31,1745.4,0.0,1745.4,0,1
A01048,2025-01-31,1045.16,0.0,1045.16,0,1
A01049,2025-01-31,7011.77,7011.77,0.0,1,0
A01050,2025-01-31,4060.95,0.0,4060.95,0,1
A01051,2025-01-31,1375.66,0.0,1375.66,0,1
A01052,2025-01-31,1804.77,0.0,1804.77,0,1
A01053,2025-01-31,1933.9,1933.9,0.0,1,0
A01054,2025-01-31,1980.66,0.0,1980.66,0,1
A01055,2025-01-31,796.35,0.0,796.35,0,1
A01056,2025-01-31,4273.14,4273.14,0.0,1,0
A01057,2025-01-31,1764.97,1764.97,0.0,1,0
A01058,2025-01-31,756.75,0.0,756.75,0,1
A01059,2025-01-31,1178.35,0.0,1178.35,0,1
A01060,2025-01-31,2043.31,0.0,2043.31,0,1
A01061,2025-01-31,380.56,380.56,0.0,1,0
A01062,2025-01-31,309.99,0.0,309.99,0,1
A01063,2025-01-31,1819.88,0.0,1819.88,0,1
A01064,2025-01-31,3451.09,0.0,3451.09,0,1
A01065,2025-01-31,2003.75,2003.75,0.0,1,0
A01066,2025-01-31,2302.91,0.0,2302.91,0,1
A01067,2025-01-31,1555.8,0.0,1555.8,0,1
A01068,2025-01-31,925.0,0.0,925.0,0,1
A01069,2025-01-31,3232.07,3232.07,0.0,1,0
A01070,2025-01-31,2606.41,2606.41,0.0,1,0
A01071,2025-01-31,1809.74,0.0,1809.74,0,1
A01072,2025-01-31,189.06,189.06,0.0,1,0
A01073,2025-01-31,3536.32,0.0,3536.32,0,1
A01074,2025-01-31,1751.16,1751.16,0.0,1,0
A01075,2025-01-31,1396.12,0.0,1396.12,0,1
A01076,2025-01-31,3160.26,3160.26,0.0,1,0
A01077,2025-01-31,2412.32,0.0,2412.32,0,1
A01078,2025-01-31,3861.87,0.0,3861.87,0,1
A01079,2025-01-31,2547.52,2547.52,0.0,1,0
A01080,2025-01-31,5028.31,5028.31,0.0,1,0
A01081,2025-01-31,3506.12,0.0,3506.12,0,1
A01082,2025-01-31,3191.46,0.0,3191.46,0,1
A01083,2025-01-31,80.43,0.0,80.43,0,1
A01084,2025-01-31,610.91,610.91,0.0,1,0
A01085,2025-01-31,1931.26,1931.26,0.0,1,0
A01086,2025-01-31,4077.76,4077.76,0.0,1,0
A01087,2025-01-31,3519.7,0.0,3519.7,0,1
A01088,2025-01-31,1033.72,0.0,1033.72,0,1
A01089,2025-01-31,11561.73,11561.73,0.0,1,0
A01090,2025-01-31,1822.72,0.0,1822.72,0,1
A01091,2025-01-31,1143.7,1143.7,0.0,1,0
A01092,2025-01-31,3786.37,0.0,3786.37,0,1
A01093,2025-01-31,2765.89,2765.89,0.0,1,0
A01094,2025-01-31,1476.88,0.0,1476.88,0,1
A01095,2025-01-31,5143.94,0.0,5143.94,0,1
A01096,2025-01-31,743.06,0.0,743.06,0,1
A01097,2025-01-31,2287.71,2287.71,0.0,1,0
A01098,2025-01-31,1911.96,1911.96,0.0,1,0
A01099,2025-01-31,400.44,400.44,0.0,1,0
A01100,2025-01-31,1380.27,1380.27,0.0,1,0
A01101,2025-01-31,2358.54,0.0,2358.54,0,1
A01102,2025-01-31,780.66,0.0,780.66,0,1
A01103,2025-01-31,1313.73,0.0,1313.73,0,1
A01104,2025-01-31,4750.91,0.0,4750.91,0,1
A01105,2025-01-31,1104.09,0.0,1104.09,0,1
A01106,2025-01-31,2327.6,0.0,2327.6,0,1
A01107,2025-01-31,1455.24,0.0,1455.24,0,1
A01108,2025-01-31,1535.94,1535.94,0.0,1,0
A01109,2025-01-31,2916.49,2916.49,0.0,1,0
A01110,2025-01-31,3096.92,0.0,3096.92,0,1
A01111,2025-01-31,4240.73,4240.73,0.0,1,0
A01112,2025-01-31,1092.83,1092.83,0.0,1,0
A01113,2025-01-31,6408.33,0.0,6408.33,0,1
A01114,2025-01-31,2071.6,2071.6,0.0,1,0
A01115,2025-01-31,3004.96,3004.96,0.0,1,0
A01116,2025-01-31,1709.41,1709.41,0.0,1,0
A01117,2025-01-31,230.12,0.0,230.12,0,1
A01118,2025-01-31,2966.44,2966.44,0.0,1,0
A01119,2025-01-31,4445.76,0.0,4445.76,0,1
A01120,2025-01-31,280.6,0.0,280.6,0,1
A01121,2025-01-31,2416.34,0.0,2416.34,0,1
A01122,2025-01-31,1788.31,0.0,1788.31,0,1
A01123,2025-01-31,1825.22,1825.22,0.0,1,0
A01124,2025-01-31,1896.02,0.0,1896.02,0,1
A01125,2025-01-31,2321.9,0.0,2321.9,0,1
A01126,2025-01-31,838.28,838.28,0.0,1,0
A01127,2025-01-31,2368.28,0.0,2368.28,0,1
A01128,2025-01-31,1213.01,1213.01,0.0,1,0
A01129,2025-01-31,527.41,0.0,527.41,0,1
A01130,2025-01-31,3078.33,0.0,3078.33,0,1
A01131,2025-01-31,2503.96,0.0,2503.96,0,1
A01132,2025-01-31,7425.32,0.0,7425.32,0,1
A01133,2025-01-31,6401.01,0.0,6401.01,0,1
A01134,2025-01-31,3022.13,0.0,3022.13,0,1
A01135,2025-01-31,504.39,0.0,504.39,0,1
A01136,2025-01-31,1708.42,0.0,1708.42,0,1
A01137,2025-01-31,2012.07,2012.07,0.0,1,0
A01138,2025-01-31,2580.49,0.0,2580.49,0,1
A01139,2025-01-31,5979.49,0.0,5979.49,0,1
A01140,2025-01-31,624.43,0.0,624.43,0,1
A01141,2025-01-31,871.65,0.0,871.65,0,1
A01142,2025-01-31,4540.64,4540.64,0.0,1,0
A01143,2025-01-31,4974.46,0.0,4974.46,0,1
A01144,2025-01-31,1387.43,0.0,1387.43,0,1
A01145,2025-01-31,1342.95,0.0,1342.95,0,1
A01146,2025-01-31,2350.41,0.0,2350.41,0,1
A01147,2025-01-31,579.32,579.32,0.0,1,0
A01148,2025-01-31,610.76,0.0,610.76,0,1
A01149,2025-01-31,1799.36,0.0,1799.36,0,1
A01150,2025-01-31,1494.18,1494.18,0.0,1,0
A01151,2025-01-31,7319.44,0.0,7319.44,0,1
A01152,2025-01-31,728.87,728.87,0.0,1,0
A01153,2025-01-31,2698.14,0.0,2698.14,0,1
A01154,2025-01-31,2382.96,0.0,2382.96,0,1
A01155,2025-01-31,3619.22,0.0,3619.22,0,1
A01156,2025-01-31,3322.19,0.0,3322.19,0,1
A01157,2025-01-31,2792.99,0.0,2792.99,0,1
A01158,2025-01-31,2260.9,0.0,2260.9,0,1
A01159,2025-01-31,1129.41,1129.41,0.0,1,0
A01160,2025-01-31,2279.08,2279.08,0.0,1,0
A01161,2025-01-31,5505.44,0.0,5505.44,0,1
A01162,2025-01-31,2463.12,0.0,2463.12,0,1
A01163,2025-01-31,2982.14,2982.14,0.0,1,0
A01164,2025-01-31,1697.32,0.0,1697.32,0,1
A01165,2025-01-31,1954.09,0.0,1954.09,0,1
A01166,2025-01-31,448.49,0.0,448.49,0,1
A01167,2025-01-31,3734.56,0.0,3734.56,0,1
A01168,2025-01-31,217.71,0.0,217.71,0,1
A01169,2025-01-31,1971.31,0.0,1971.31,0,1
A01170,2025-01-31,4538.64,4538.64,0.0,1,0
A01171,2025-01-31,1454.77,0.0,1454.77,0,1
A01172,2025-01-31,2282.98,0.0,2282.98,0,1
A01173,2025-01-31,5392.78,0.0,5392.78,0,1
A01174,2025-01-31,2045.01,2045.01,0.0,1,0
A01175,2025-01-31,2880.21,0.0,2880.21,0,1
A01176,2025-01-31,4860.35,0.0,4860.35,0,1
A01177,2025-01-31,4341.4,4341.4,0.0,1,0
A01178,2025-01-31,92.53,0.0,92.53,0,1
A01179,2025-01-31,1543.02,1543.02,0.0,1,0
A01180,2025-01-31,1640.83,1640.83,0.0,1,0
A01181,2025-01-31,781.04,781.04,0.0,1,0
A01182,2025-01-31,9148.02,0.0,9148.02,0,1
A01183,2025-01-31,3077.41,0.0,3077.41,0,1
A01184,2025-01-31,3207.74,3207.74,0.0,1,0
A01185,2025-01-31,3430.65,3430.65,0.0,1,0
A01186,2025-01-31,1615.23,1615.23,0.0,1,0
A01187,2025-01-31,8322.09,0.0,8322.09,0,1
A01188,2025-01-31,1027.1,0.0,1027.1,0,1
A01189,2025-01-31,4841.54,0.0,4841.54,0,1
A01190,2025-01-31,384.4,384.4,0.0,1,0
A01191,2025-01-31,1398.99,0.0,1398.99,0,1
A01192,2025-01-31,1270.27,1270.27,0.0,1,0
A01193,2025-01-31,1413.43,0.0,1413.43,0,1
A01194,2025-01-31,4973.47,4973.47,0.0,1,0
A01195,2025-01-31,2597.99,0.0,2597.99,0,1
A01196,2025-01-31,1206.95,1206.95,0.0,1,0
A01197,2025-01-31,975.94,975.94,0.0,1,0
A01198,2025-01-31,1558.87,1558.87,0.0,1,0
A01199,2025-01-31,3861.34,0.0,3861.34,0,1
A01200,2025-01-31,3108.3,3108.3,0.0,1,0
A01201,2025-01-31,1230.95,1230.95,0.0,1,0
A01202,2025-01-31,3042.43,3042.43,0.0,1,0
A01203,2025-01-31,2285.64,0.0,2285.64,0,1
A01204,2025-01-31,1954.15,0.0,1954.15,0,1
A01205,2025-01-31,6028.64,6028.64,0.0,1,0
A01206,2025-01-31,4577.32,0.0,4577.32,0,1
A01207,2025-01-31,2206.23,2206.23,0.0,1,0
A01208,2025-01-31,4708.29,4708.29,0.0,1,0
A01209,2025-01-31,1993.88,1993.88,0.0,1,0
A01210,2025-01-31,2328.66,0.0,2328.66,0,1
A01211,2025-01-31,4775.13,4775.13,0.0,1,0
A01212,2025-01-31,1572.72,1572.72,0.0,1,0
A01213,2025-01-31,3284.21,0.0,3284.21,0,1
A01214,2025-01-31,3332.01,3332.01,0.0,1,0
A01215,2025-01-31,821.45,0.0,821.45,0,1
A01216,2025-01-31,2602.94,2602.94,0.0,1,0
A01217,2025-01-31,1906.12,0.0,1906.12,0,1
A01218,2025-01-31,3146.07,0.0,3146.07,0,1
A01219,2025-01-31,2362.91,2362.91,0.0,1,0
A01220,2025-01-31,15879.44,15879.44,0.0,1,0
A01221,2025-01-31,1328.25,0.0,1328.25,0,1
A01222,2025-01-31,7606.92,7606.92,0.0,1,0
A01223,2025-01-31,910.73,0.0,910.73,0,1
A01224,2025-01-31,5616.56,5616.56,0.0,1,0
A01225,2025-01-31,3554.23,3554.23,0.0,1,0
A01226,2025-01-31,1093.84,0.0,1093.84,0,1
A01227,2025-01-31,2835.41,2835.41,0.0,1,0
A01228,2025-01-31,1965.71,0.0,1965.71,0,1
A01229,2025-01-31,2838.61,0.0,2838.61,0,1
A01230,2025-01-31,8878.27,8878.27,0.0,1,0
A01231,2025-01-31,1413.04,0.0,1413.04,0,1
A01232,2025-01-31,4903.44,0.0,4903.44,0,1
A01233,2025-01-31,4696.17,0.0,4696.17,0,1
A01234,2025-01-31,2108.36,0.0,2108.36,0,1
A01235,2025-01-31,6614.83,6614.83,0.0,1,0
A01236,2025-01-31,9499.61,0.0,9499.61,0,1
A01237,2025-01-31,1832.42,1832.42,0.0,1,0
A01238,2025-01-31,2581.61,0.0,2581.61,0,1
A01239,2025-01-31,1601.3,1601.3,0.0,1,0
A01240,2025-01-31,1404.32,1404.32,0.0,1,0
A01241,2025-01-31,5812.92,0.0,5812.92,0,1
A01242,2025-01-31,5117.05,0.0,5117.05,0,1
A01243,2025-01-31,6604.34,6604.34,0.0,1,0
A01244,2025-01-31,456.29,0.0,456.29,0,1
A01245,2025-01-31,1586.74,0.0,1586.74,0,1
A01246,2025-01-31,1044.03,0.0,1044.03,0,1
A01247,2025-01-31,3911.91,0.0,3911.91,0,1
A01248,2025-01-31,2240.22,0.0,2240.22,0,1
A01249,2025-01-31,2635.51,2635.51,0.0,1,0
A01250,2025-01-31,321.25,0.0,321.25,0,1
A01251,2025-01-31,2783.61,0.0,2783.61,0,1
A01252,2025-01-31,5129.65,0.0,5129.65,0,1
A01253,2025-01-31,8065.85,8065.85,0.0,1,0
A01254,2025-01-31,3324.01,3324.01,0.0,1,0
A01255,2025-01-31,6362.28,0.0,6362.28,0,1
A01256,2025-01-31,2443.95,0.0,2443.95,0,1
A01257,2025-01-31,2340.1,0.0,2340.1,0,1
A01258,2025-01-31,1475.47,0.0,1475.47,0,1
A01259,2025-01-31,7184.8,0.0,7184.8,0,1
A01260,2025-01-31,4014.93,4014.93,0.0,1,0
A01261,2025-01-31,3609.67,3609.67,0.0,1,0
A01262,2025-01-31,1273.84,0.0,1273.84,0,1
A01263,2025-01-31,685.68,685.68,0.0,1,0
A01264,2025-01-31,1937.69,1937.69,0.0,1,0
A01265,2025-01-31,1917.83,0.0,1917.83,0,1
A01266,2025-01-31,5559.36,0.0,5559.36,0,1
A01267,2025-01-31,6002.33,6002.33,0.0,1,0
A01268,2025-01-31,2466.9,2466.9,0.0,1,0
A01269,2025-01-31,1325.47,1325.47,0.0,1,0
A01270,2025-01-31,2260.96,0.0,2260.96,0,1
A01271,2025-01-31,158.94,0.0,158.94,0,1
A01272,2025-01-31,707.49,0.0,707.49,0,1
A01273,2025-01-31,5017.68,5017.68,0.0,1,0
A01274,2025-01-31,277.47,0.0,277.47,0,1
A01275,2025-01-31,2716.25,0.0,2716.25,0,1
A01276,2025-01-31,1326.82,0.0,1326.82,0,1
A01277,2025-01-31,1070.17,0.0,1070.17,0,1
A01278,2025-01-31,4146.73,4146.73,0.0,1,0
A01279,2025-01-31,1956.79,0.0,1956.79,0,1
A01280,2025-01-31,2064.85,0.0,2064.85,0,1
A01281,2025-01-31,4287.05,0.0,4287.05,0,1
A01282,2025-01-31,1251.75,0.0,1251.75,0,1
A01283,2025-01-31,5680.55,0.0,5680.55,0,1
A01284,2025-01-31,2386.4,2386.4,0.0,1,0
A01285,2025-01-31,7463.22,0.0,7463.22,0,1
A01286,2025-01-31,2512.79,0.0,2512.79,0,1
A01287,2025-01-31,2112.75,0.0,2112.75,0,1
A01288,2025-01-31,14384.9,0.0,14384.9,0,1
A01289,2025-01-31,5189.0,0.0,5189.0,0,1
A01290,2025-01-31,1745.12,0.0,1745.12,0,1
A01291,2025-01-31,2380.19,0.0,2380.19,0,1
A01292,2025-01-31,2901.45,2901.45,0.0,1,0
A01293,2025-01-31,482.45,482.45,0.0,1,0
A01294,2025-01-31,1887.64,0.0,1887.64,0,1
A01295,2025-01-31,2882.4,2882.4,0.0,1,0
A01296,2025-01-31,3143.78,0.0,3143.78,0,1
A01297,2025-01-31,1709.33,0.0,1709.33,0,1
A01298,2025-01-31,3972.58,3972.58,0.0,1,0
A01299,2025-01-31,7652.29,0.0,7652.29,0,1
A01300,2025-01-31,3347.36,0.0,3347.36,0,1
A01301,2025-01-31,5636.97,0.0,5636.97,0,1
A01302,2025-01-31,2841.16,0.0,2841.16,0,1
A01303,2025-01-31,3917.11,0.0,3917.11,0,1
A01304,2025-01-31,866.13,0.0,866.13,0,1
A01305,2025-01-31,1803.06,0.0,1803.06,0,1
A01306,2025-01-31,2486.19,2486.19,0.0,1,0
A01307,2025-01-31,4206.26,4206.26,0.0,1,0
A01308,2025-01-31,1236.5,0.0,1236.5,0,1
A01309,2025-01-31,1941.54,1941.54,0.0,1,0
A01310,2025-01-31,4329.57,0.0,4329.57,0,1
A01311,2025-01-31,977.94,0.0,977.94,0,1
A01312,2025-01-31,2548.92,2548.92,0.0,1,0
A01313,2025-01-31,1669.25,0.0,1669.25,0,1
A01314,2025-01-31,5702.34,0.0,5702.34,0,1
A01315,2025-01-31,1257.15,0.0,1257.15,0,1
A01316,2025-01-31,1657.59,0.0,1657.59,0,1
A01317,2025-01-31,5476.89,0.0,5476.89,0,1
A01318,2025-01-31,1544.46,0.0,1544.46,0,1
A01319,2025-01-31,3079.3,0.0,3079.3,0,1
A01320,2025-01-31,1842.01,1842.01,0.0,1,0
A01321,2025-01-31,1668.92,1668.92,0.0,1,0
A01322,2025-01-31,4250.47,0.0,4250.47,0,1
A01323,2025-01-31,307.84,307.84,0.0,1,0
A01324,2025-01-31,9146.73,9146.73,0.0,1,0
A01325,2025-01-31,1344.53,0.0,1344.53,0,1
A01326,2025-01-31,1009.77,0.0,1009.77,0,1
A01327,2025-01-31,4628.87,0.0,4628.87,0,1
A01328,2025-01-31,661.81,661.81,0.0,1,0
A01329,2025-01-31,4677.27,0.0,4677.27,0,1
A01330,2025-01-31,2387.25,2387.25,0.0,1,0
A01331,2025-01-31,5467.54,5467.54,0.0,1,0
A01332,2025-01-31,502.3,502.3,0.0,1,0
A01333,2025-01-31,635.83,0.0,635.83,0,1
A01334,2025-01-31,4657.0,4657.0,0.0,1,0
A01335,2025-01-31,2598.28,0.0,2598.28,0,1
A01336,2025-01-31,3755.08,3755.08,0.0,1,0
A01337,2025-01-31,4952.29,0.0,4952.29,0,1
A01338,2025-01-31,4167.88,0.0,4167.88,0,1
A01339,2025-01-31,2136.67,0.0,2136.67,0,1
A01340,2025-01-31,1241.27,1241.27,0.0,1,0
A01341,2025-01-31,394.98,394.98,0.0,1,0
A01342,2025-01-31,1887.81,0.0,1887.81,0,1
A01343,2025-01-31,1774.07,0.0,1774.07,0,1
A01344,2025-01-31,4478.02,0.0,4478.02,0,1
A01345,2025-01-31,493.66,0.0,493.66,0,1
A01346,2025-01-31,4485.14,0.0,4485.14,0,1
A01347,2025-01-31,3507.87,3507.87,0.0,1,0
A01348,2025-01-31,1719.42,1719.42,0.0,1,0
A01349,2025-01-31,3274.29,3274.29,0.0,1,0
A01350,2025-01-31,3522.12,0.0,3522.12,0,1
A01351,2025-01-31,1067.47,0.0,1067.47,0,1
A01352,2025-01-31,813.36,813.36,0.0,1,0
A01353,2025-01-31,837.51,0.0,837.51,0,1
A01354,2025-01-31,4497.03,4497.03,0.0,1,0
A01355,2025-01-31,1954.96,0.0,1954.96,0,1
A01356,2025-01-31,3263.92,0.0,3263.92,0,1
A01357,2025-01-31,242.02,242.02,0.0,1,0
A01358,2025-01-31,1421.93,0.0,1421.93,0,1
A01359,2025-01-31,706.65,706.65,0.0,1,0
A01360,2025-01-31,1949.57,0.0,1949.57,0,1
A01361,2025-01-31,3597.33,0.0,3597.33,0,1
A01362,2025-01-31,72.02,0.0,72.02,0,1
A01363,2025-01-31,1306.28,1306.28,0.0,1,0
A01364,2025-01-31,3152.33,3152.33,0.0,1,0
A01365,2025-01-31,2387.81,0.0,2387.81,0,1
A01366,2025-01-31,2467.75,0.0,2467.75,0,1
A01367,2025-01-31,2576.39,0.0,2576.39,0,1
A01368,2025-01-31,3501.02,3501.02,0.0,1,0
A01369,2025-01-31,3610.06,3610.06,0.0,1,0
A01370,2025-01-31,1677.02,0.0,1677.02,0,1
A01371,2025-01-31,3996.93,3996.93,0.0,1,0
A01372,2025-01-31,809.04,0.0,809.04,0,1
A01373,2025-01-31,2145.92,2145.92,0.0,1,0
A01374,2025-01-31,928.79,928.79,0.0,1,0
A01375,2025-01-31,1577.42,0.0,1577.42,0,1
A01376,2025-01-31,1599.26,0.0,1599.26,0,1
A01377,2025-01-31,1212.84,1212.84,0.0,1,0
A01378,2025-01-31,2124.83,2124.83,0.0,1,0
A01379,2025-01-31,4358.72,0.0,4358.72,0,1
A01380,2025-01-31,9774.34,0.0,9774.34,0,1
A01381,2025-01-31,645.86,0.0,645.86,0,1
A01382,2025-01-31,3866.75,0.0,3866.75,0,1
A01383,2025-01-31,924.58,0.0,924.58,0,1
A01384,2025-01-31,4673.02,4673.02,0.0,1,0
A01385,2025-01-31,1038.07,1038.07,0.0,1,0
A01386,2025-01-31,1321.59,0.0,1321.59,0,1
A01387,2025-01-31,1027.08,0.0,1027.08,0,1
A01388,2025-01-31,5055.13,5055.13,0.0,1,0
A01389,2025-01-31,2591.97,2591.97,0.0,1,0
A01390,2025-01-31,1918.95,1918.95,0.0,1,0
A01391,2025-01-31,677.16,677.16,0.0,1,0
A01392,2025-01-31,2173.13,2173.13,0.0,1,0
A01393,2025-01-31,2417.68,0.0,2417.68,0,1
A01394,2025-01-31,683.7,683.7,0.0,1,0
A01395,2025-01-31,1628.76,1628.76,0.0,1,0
A01396,2025-01-31,153.29,0.0,153.29,0,1
A01397,2025-01-31,3399.15,0.0,3399.15,0,1
A01398,2025-01-31,1692.01,1692.01,0.0,1,0
A01399,2025-01-31,878.42,0.0,878.42,0,1
A01400,2025-01-31,2618.89,0.0,2618.89,0,1
A01401,2025-01-31,2338.07,0.0,2338.07,0,1
A01402,2025-01-31,2015.67,0.0,2015.67,0,1
A01403,2025-01-31,2819.95,2819.95,0.0,1,0
A01404,2025-01-31,12100.54,0.0,12100.54,0,1
A01405,2025-01-31,3824.28,0.0,3824.28,0,1
A01406,2025-01-31,4120.54,4120.54,0.0,1,0
A01407,2025-01-31,982.1,982.1,0.0,1,0
A01408,2025-01-31,4312.85,4312.85,0.0,1,0
A01409,2025-01-31,1441.67,1441.67,0.0,1,0
A01410,2025-01-31,1673.26,0.0,1673.26,0,1
A01411,2025-01-31,849.48,849.48,0.0,1,0
A01412,2025-01-31,7560.84,0.0,7560.84,0,1
A01413,2025-01-31,5235.78,0.0,5235.78,0,1
A01414,2025-01-31,607.06,0.0,607.06,0,1
A01415,2025-01-31,3312.73,0.0,3312.73,0,1
A01416,2025-01-31,3825.95,0.0,3825.95,0,1
A01417,2025-01-31,1480.11,1480.11,0.0,1,0
A01418,2025-01-31,933.64,933.64,0.0,1,0
A01419,2025-01-31,1962.61,0.0,1962.61,0,1
A01420,2025-01-31,1178.88,0.0,1178.88,0,1
A01421,2025-01-31,90.43,90.43,0.0,1,0
A01422,2025-01-31,1766.38,0.0,1766.38,0,1
A01423,2025-01-31,2306.57,2306.57,0.0,1,0
A01424,2025-01-31,7046.54,7046.54,0.0,1,0
A01425,2025-01-31,3904.82,3904.82,0.0,1,0
A01426,2025-01-31,1631.17,0.0,1631.17,0,1
A01427,2025-01-31,4029.06,4029.06,0.0,1,0
A01428,2025-01-31,626.28,0.0,626.28,0,1
A01429,2025-01-31,3713.14,0.0,3713.14,0,1
A01430,2025-01-31,3822.03,0.0,3822.03,0,1
A01431,2025-01-31,3631.43,0.0,3631.43,0,1
A01432,2025-01-31,318.89,318.89,0.0,1,0
A01433,2025-01-31,1643.33,0.0,1643.33,0,1
A01434,2025-01-31,1854.73,1854.73,0.0,1,0
A01435,2025-01-31,5154.83,0.0,5154.83,0,1
A01436,2025-01-31,512.49,0.0,512.49,0,1
A01437,2025-01-31,1596.06,0.0,1596.06,0,1
A01438,2025-01-31,2317.58,2317.58,0.0,1,0
A01439,2025-01-31,703.75,0.0,703.75,0,1
A01440,2025-01-31,357.68,0.0,357.68,0,1
A01441,2025-01-31,1054.21,1054.21,0.0,1,0
A01442,2025-01-31,3429.45,3429.45,0.0,1,0
A01443,2025-01-31,3522.39,0.0,3522.39,0,1
A01444,2025-01-31,3604.54,3604.54,0.0,1,0
A01445,2025-01-31,1739.91,1739.91,0.0,1,0
A01446,2025-01-31,1458.36,1458.36,0.0,1,0
A01447,2025-01-31,8379.16,0.0,8379.16,0,1
A01448,2025-01-31,1977.73,0.0,1977.73,0,1
A01449,2025-01-31,1813.71,1813.71,0.0,1,0
A01450,2025-01-31,4909.68,0.0,4909.68,0,1
A01451,2025-01-31,779.3,0.0,779.3,0,1
A01452,2025-01-31,2910.94,0.0,2910.94,0,1
A01453,2025-01-31,6239.03,0.0,6239.03,0,1
A01454,2025-01-31,1099.36,0.0,1099.36,0,1
A01455,2025-01-31,2788.88,2788.88,0.0,1,0
A01456,2025-01-31,3617.22,0.0,3617.22,0,1
A01457,2025-01-31,3397.76,0.0,3397.76,0,1
A01458,2025-01-31,2644.42,0.0,2644.42,0,1
A01459,2025-01-31,1017.02,1017.02,0.0,1,0
A01460,2025-01-31,609.23,609.23,0.0,1,0
A01461,2025-01-31,2334.2,2334.2,0.0,1,0
A01462,2025-01-31,1888.46,1888.46,0.0,1,0
A01463,2025-01-31,4495.77,0.0,4495.77,0,1
A01464,2025-01-31,4367.79,4367.79,0.0,1,0
A01465,2025-01-31,1285.93,1285.93,0.0,1,0
A01466,2025-01-31,567.15,0.0,567.15,0,1
A01467,2025-01-31,6538.23,6538.23,0.0,1,0
A01468,2025-01-31,305.68,305.68,0.0,1,0
A01469,2025-01-31,3361.41,0.0,3361.41,0,1
A01470,2025-01-31,593.11,0.0,593.11,0,1
A01471,2025-01-31,323.48,323.48,0.0,1,0
A01472,2025-01-31,1208.41,0.0,1208.41,0,1
A01473,2025-01-31,6074.0,6074.0,0.0,1,0
A01474,2025-01-31,650.56,650.56,0.0,1,0
A01475,2025-01-31,4966.63,4966.63,0.0,1,0
A01476,2025-01-31,7713.93,7713.93,0.0,1,0
A01477,2025-01-31,3114.9,3114.9,0.0,1,0
A01478,2025-01-31,3029.93,0.0,3029.93,0,1
A01479,2025-01-31,1152.09,1152.09,0.0,1,0
A01480,2025-01-31,512.88,0.0,512.88,0,1
A01481,2025-01-31,1606.83,0.0,1606.83,0,1
A01482,2025-01-31,1976.13,0.0,1976.13,0,1
A01483,2025-01-31,4322.95,0.0,4322.95,0,1
A01484,2025-01-31,5717.0,0.0,5717.0,0,1
A01485,2025-01-31,1654.36,0.0,1654.36,0,1
A01486,2025-01-31,4348.43,4348.43,0.0,1,0
A01487,2025-01-31,1275.08,1275.08,0.0,1,0
A01488,2025-01-31,947.43,0.0,947.43,0,1
A01489,2025-01-31,3452.2,3452.2,0.0,1,0
A01490,2025-01-31,2905.73,0.0,2905.73,0,1
A01491,2025-01-31,2243.29,2243.29,0.0,1,0
A01492,2025-01-31,2603.69,0.0,2603.69,0,1
A01493,2025-01-31,1346.51,0.0,1346.51,0,1
A01494,2025-01-31,2875.91,0.0,2875.91,0,1
A01495,2025-01-31,764.26,0.0,764.26,0,1
A01496,2025-01-31,1138.43,1138.43,0.0,1,0
A01497,2025-01-31,1271.64,1271.64,0.0,1,0
A01498,2025-01-31,3002.71,0.0,3002.71,0,1
A01499,2025-01-31,3480.33,3480.33,0.0,1,0
A01500,2025-01-31,2964.72,2964.72,0.0,1,0
A01501,2025-01-31,1671.03,1671.03,0.0,1,0
A01502,2025-01-31,5557.87,0.0,5557.87,0,1
A01503,2025-01-31,538.32,0.0,538.32,0,1
A01504,2025-01-31,3341.12,3341.12,0.0,1,0
A01505,2025-01-31,2134.58,0.0,2134.58,0,1
A01506,2025-01-31,1805.33,0.0,1805.33,0,1
A01507,2025-01-31,2703.13,2703.13,0.0,1,0
A01508,2025-01-31,6210.64,0.0,6210.64,0,1
A01509,2025-01-31,996.14,996.14,0.0,1,0
A01510,2025-01-31,1581.77,0.0,1581.77,0,1
A01511,2025-01-31,225.94,225.94,0.0,1,0
A01512,2025-01-31,1938.51,0.0,1938.51,0,1
A01513,2025-01-31,5740.73,0.0,5740.73,0,1
A01514,2025-01-31,7915.17,7915.17,0.0,1,0
A01515,2025-01-31,3184.78,0.0,3184.78,0,1
A01516,2025-01-31,6805.85,6805.85,0.0,1,0
A01517,2025-01-31,1792.43,0.0,1792.43,0,1
A01518,2025-01-31,2314.41,2314.41,0.0,1,0
A01519,2025-01-31,4024.58,0.0,4024.58,0,1
A01520,2025-01-31,2079.61,0.0,2079.61,0,1
A01521,2025-01-31,2337.77,0.0,2337.77,0,1
A01522,2025-01-31,1490.55,1490.55,0.0,1,0
A01523,2025-01-31,4614.39,0.0,4614.39,0,1
A01524,2025-01-31,908.12,908.12,0.0,1,0
A01525,2025-01-31,6098.71,0.0,6098.71,0,1
A01526,2025-01-31,4104.33,4104.33,0.0,1,0
A01527,2025-01-31,2008.38,0.0,2008.38,0,1
A01528,2025-01-31,566.09,0.0,566.09,0,1
A01529,2025-01-31,756.9,756.9,0.0,1,0
A01530,2025-01-31,241.91,241.91,0.0,1,0
A01531,2025-01-31,2068.81,0.0,2068.81,0,1
A01532,2025-01-31,5173.71,5173.71,0.0,1,0
A01533,2025-01-31,6125.69,0.0,6125.69,0,1
A01534,2025-01-31,1801.92,1801.92,0.0,1,0
A01535,2025-01-31,4193.77,4193.77,0.0,1,0
A01536,2025-01-31,1227.74,1227.74,0.0,1,0
A01537,2025-01-31,2241.25,0.0,2241.25,0,1
A01538,2025-01-31,4875.97,0.0,4875.97,0,1
A01539,2025-01-31,3917.0,3917.0,0.0,1,0
A01540,2025-01-31,786.11,0.0,786.11,0,1
A01541,2025-01-31,1882.79,0.0,1882.79,0,1
A01542,2025-01-31,6857.88,0.0,6857.88,0,1
A01543,2025-01-31,902.89,902.89,0.0,1,0
A01544,2025-01-31,5268.98,0.0,5268.98,0,1
A01545,2025-01-31,5574.73,0.0,5574.73,0,1
A01546,2025-01-31,2568.6,2568.6,0.0,1,0
A01547,2025-01-31,1422.47,0.0,1422.47,0,1
A01548,2025-01-31,3519.48,0.0,3519.48,0,1
A01549,2025-01-31,3635.44,0.0,3635.44,0,1
A01550,2025-01-31,247.9,247.9,0.0,1,0
A01551,2025-01-31,4952.14,0.0,4952.14,0,1
A01552,2025-01-31,2019.29,2019.29,0.0,1,0
A01553,2025-01-31,4746.39,4746.39,0.0,1,0
A01554,2025-01-31,2211.16,0.0,2211.16,0,1
A01555,2025-01-31,1170.56,1170.56,0.0,1,0
A01556,2025-01-31,1966.86,0.0,1966.86,0,1
A01557,2025-01-31,4722.99,4722.99,0.0,1,0
A01558,2025-01-31,2327.88,2327.88,0.0,1,0
A01559,2025-01-31,2325.93,0.0,2325.93,0,1
A01560,2025-01-31,1927.78,0.0,1927.78,0,1
A01561,2025-01-31,1405.12,0.0,1405.12,0,1
A01562,2025-01-31,2339.79,2339.79,0.0,1,0
A01563,2025-01-31,1929.62,1929.62,0.0,1,0
A01564,2025-01-31,4714.95,0.0,4714.95,0,1
A01565,2025-01-31,2795.0,0.0,2795.0,0,1
A01566,2025-01-31,3674.49,3674.49,0.0,1,0
A01567,2025-01-31,2019.4,0.0,2019.4,0,1
A01568,2025-01-31,4019.64,0.0,4019.64,0,1
A01569,2025-01-31,3024.73,0.0,3024.73,0,1
A01570,2025-01-31,4052.74,4052.74,0.0,1,0
A01571,2025-01-31,4305.53,4305.53,0.0,1,0
A01572,2025-01-31,1922.19,0.0,1922.19,0,1
A01573,2025-01-31,509.32,0.0,509.32,0,1
A01574,2025-01-31,2786.96,0.0,2786.96,0,1
A01575,2025-01-31,1934.85,1934.85,0.0,1,0
A01576,2025-01-31,947.52,947.52,0.0,1,0
A01577,2025-01-31,7238.61,0.0,7238.61,0,1
A01578,2025-01-31,3299.17,0.0,3299.17,0,1
A01579,2025-01-31,1750.67,1750.67,0.0,1,0
A01580,2025-01-31,1549.52,1549.52,0.0,1,0
A01581,2025-01-31,2358.3,2358.3,0.0,1,0
A01582,2025-01-31,2707.48,0.0,2707.48,0,1
A01583,2025-01-31,1401.69,1401.69,0.0,1,0
A01584,2025-01-31,3629.94,0.0,3629.94,0,1
A01585,2025-01-31,1554.12,1554.12,0.0,1,0
A01586,2025-01-31,2931.04,2931.04,0.0,1,0
A01587,2025-01-31,1032.25,1032.25,0.0,1,0
A01588,2025-01-31,4028.31,4028.31,0.0,1,0
A01589,2025-01-31,1591.09,0.0,1591.09,0,1
A01590,2025-01-31,2426.32,0.0,2426.32,0,1
A01591,2025-01-31,1818.13,1818.13,0.0,1,0
A01592,2025-01-31,2543.26,0.0,2543.26,0,1
A01593,2025-01-31,3783.1,0.0,3783.1,0,1
A01594,2025-01-31,495.65,495.65,0.0,1,0
A01595,2025-01-31,2699.34,2699.34,0.0,1,0
A01596,2025-01-31,6735.68,0.0,6735.68,0,1
A01597,2025-01-31,331.17,0.0,331.17,0,1
A01598,2025-01-31,464.92,0.0,464.92,0,1
A01599,2025-01-31,5214.58,0.0,5214.58,0,1
A01600,2025-01-31,3006.96,0.0,3006.96,0,1
A01601,2025-01-31,6800.32,0.0,6800.32,0,1
A01602,2025-01-31,573.6,0.0,573.6,0,1
A01603,2025-01-31,4013.8,0.0,4013.8,0,1
A01604,2025-01-31,200.75,0.0,200.75,0,1
A01605,2025-01-31,6703.76,0.0,6703.76,0,1
A01606,2025-01-31,1110.16,0.0,1110.16,0,1
A01607,2025-01-31,6218.96,0.0,6218.96,0,1
A01608,2025-01-31,3138.09,0.0,3138.09,0,1
A01609,2025-01-31,457.85,0.0,457.85,0,1
A01610,2025-01-31,1720.82,0.0,1720.82,0,1
A01611,2025-01-31,1402.2,0.0,1402.2,0,1
A01612,2025-01-31,1261.73,0.0,1261.73,0,1
A01613,2025-01-31,775.66,775.66,0.0,1,0
A01614,2025-01-31,1574.48,0.0,1574.48,0,1
A01615,2025-01-31,2067.76,0.0,2067.76,0,1
A01616,2025-01-31,274.7,274.7,0.0,1,0
A01617,2025-01-31,1541.26,0.0,1541.26,0,1
A01618,2025-01-31,1030.52,1030.52,0.0,1,0
A01619,2025-01-31,1447.02,1447.02,0.0,1,0
A01620,2025-01-31,669.23,669.23,0.0,1,0
A01621,2025-01-31,1173.59,0.0,1173.59,0,1
A01622,2025-01-31,4958.88,0.0,4958.88,0,1
A01623,2025-01-31,6833.86,6833.86,0.0,1,0
A01624,2025-01-31,1314.55,1314.55,0.0,1,0
A01625,2025-01-31,3504.16,3504.16,0.0,1,0
A01626,2025-01-31,681.76,0.0,681.76,0,1
A01627,2025-01-31,4751.06,4751.06,0.0,1,0
A01628,2025-01-31,3896.53,0.0,3896.53,0,1
A01629,2025-01-31,141.81,141.81,0.0,1,0
A01630,2025-01-31,1454.62,1454.62,0.0,1,0
A01631,2025-01-31,3375.64,0.0,3375.64,0,1
A01632,2025-01-31,1154.61,1154.61,0.0,1,0
A01633,2025-01-31,257.24,0.0,257.24,0,1
A01634,2025-01-31,2162.01,0.0,2162.01,0,1
A01635,2025-01-31,1049.88,1049.88,0.0,1,0
A01636,2025-01-31,4094.54,0.0,4094.54,0,1
A01637,2025-01-31,4150.57,0.0,4150.57,0,1
A01638,2025-01-31,1541.26,0.0,1541.26,0,1
A01639,2025-01-31,999.28,0.0,999.28,0,1
A01640,2025-01-31,4672.8,4672.8,0.0,1,0
A01641,2025-01-31,3698.13,3698.13,0.0,1,0
A01642,2025-01-31,1695.68,1695.68,0.0,1,0
A01643,2025-01-31,1819.36,0.0,1819.36,0,1
A01644,2025-01-31,2821.13,2821.13,0.0,1,0
A01645,2025-01-31,587.76,0.0,587.76,0,1
A01646,2025-01-31,1195.46,0.0,1195.46,0,1
A01647,2025-01-31,7104.67,0.0,7104.67,0,1
A01648,2025-01-31,3209.67,0.0,3209.67,0,1
A01649,2025-01-31,1339.08,0.0,1339.08,0,1
A01650,2025-01-31,3312.84,3312.84,0.0,1,0
A01651,2025-01-31,1752.73,1752.73,0.0,1,0
A01652,2025-01-31,9707.32,0.0,9707.32,0,1
A01653,2025-01-31,4127.51,0.0,4127.51,0,1
A01654,2025-01-31,2835.59,0.0,2835.59,0,1
A01655,2025-01-31,4089.43,0.0,4089.43,0,1
A01656,2025-01-31,1934.05,0.0,1934.05,0,1
A01657,2025-01-31,1524.42,0.0,1524.42,0,1
A01658,2025-01-31,1619.24,1619.24,0.0,1,0
A01659,2025-01-31,2653.68,2653.68,0.0,1,0
A01660,2025-01-31,2233.96,2233.96,0.0,1,0
A01661,2025-01-31,804.88,0.0,804.88,0,1
A01662,2025-01-31,1979.87,1979.87,0.0,1,0
A01663,2025-01-31,706.31,0.0,706.31,0,1
A01664,2025-01-31,1742.18,0.0,1742.18,0,1
A01665,2025-01-31,192.02,192.02,0.0,1,0
A01666,2025-01-31,4454.99,4454.99,0.0,1,0
A01667,2025-01-31,2225.11,0.0,2225.11,0,1
A01668,2025-01-31,514.68,0.0,514.68,0,1
A01669,2025-01-31,1282.01,0.0,1282.01,0,1
A01670,2025-01-31,2161.67,0.0,2161.67,0,1
A01671,2025-01-31,566.55,0.0,566.55,0,1
A01672,2025-01-31,6882.52,0.0,6882.52,0,1
A01673,2025-01-31,2835.31,2835.31,0.0,1,0
A01674,2025-01-31,2046.44,0.0,2046.44,0,1
A01675,2025-01-31,268.15,0.0,268.15,0,1
A01676,2025-01-31,1269.01,0.0,1269.01,0,1
A01677,2025-01-31,2585.79,0.0,2585.79,0,1
A01678,2025-01-31,3983.17,0.0,3983.17,0,1
A01679,2025-01-31,2624.32,0.0,2624.32,0,1
A01680,2025-01-31,1087.49,0.0,1087.49,0,1
A01681,2025-01-31,5438.61,0.0,5438.61,0,1
A01682,2025-01-31,3281.45,0.0,3281.45,0,1
A01683,2025-01-31,1652.28,1652.28,0.0,1,0
A01684,2025-01-31,1571.59,1571.59,0.0,1,0
A01685,2025-01-31,5973.59,0.0,5973.59,0,1
A01686,2025-01-31,1235.09,1235.09,0.0,1,0
A01687,2025-01-31,1636.68,0.0,1636.68,0,1
A01688,2025-01-31,1057.1,0.0,1057.1,0,1
A01689,2025-01-31,4717.72,4717.72,0.0,1,0
A01690,2025-01-31,5570.48,0.0,5570.48,0,1
A01691,2025-01-31,2241.42,0.0,2241.42,0,1
A01692,2025-01-31,1397.22,1397.22,0.0,1,0
A01693,2025-01-31,3329.12,3329.12,0.0,1,0
A01694,2025-01-31,1946.76,1946.76,0.0,1,0
A01695,2025-01-31,1467.23,1467.23,0.0,1,0
A01696,2025-01-31,2227.02,0.0,2227.02,0,1
A01697,2025-01-31,411.68,0.0,411.68,0,1
A01698,2025-01-31,6658.96,0.0,6658.96,0,1
A01699,2025-01-31,2057.73,0.0,2057.73,0,1
A01700,2025-01-31,5278.75,5278.75,0.0,1,0
A00001,2025-02-28,441.47,0.0,441.47,0,1
A00002,2025-02-28,266.28,0.0,266.28,0,1
A00003,2025-02-28,861.06,0.0,861.06,0,1
A00004,2025-02-28,228.38,228.38,0.0,1,0
A00005,2025-02-28,745.48,745.48,0.0,1,0
A00006,2025-02-28,1545.65,0.0,1545.65,0,1
A00007,2025-02-28,2794.18,0.0,2794.18,0,1
A00008,2025-02-28,2623.3,0.0,2623.3,0,1
A00009,2025-02-28,306.99,306.99,0.0,1,0
A00010,2025-02-28,58.92,0.0,58.92,0,1
A00011,2025-02-28,797.04,797.04,0.0,1,0
A00012,2025-02-28,303.68,0.0,303.68,0,1
A00013,2025-02-28,488.39,0.0,488.39,0,1
A00014,2025-02-28,1097.36,1097.36,0.0,1,0
A00015,2025-02-28,1723.54,0.0,1723.54,0,1
A00016,2025-02-28,1265.34,1265.34,0.0,1,0
A00017,2025-02-28,697.97,697.97,0.0,1,0
A00018,2025-02-28,4743.15,4743.15,0.0,1,0
A00019,2025-02-28,867.39,0.0,867.39,0,1
A00020,2025-02-28,816.64,0.0,816.64,0,1
A00021,2025-02-28,368.76,368.76,0.0,1,0
A00022,2025-02-28,809.49,0.0,809.49,0,1
A00023,2025-02-28,1703.3,0.0,1703.3,0,1
A00024,2025-02-28,886.94,886.94,0.0,1,0
A00025,2025-02-28,1032.32,0.0,1032.32,0,1
A00026,2025-02-28,1989.04,0.0,1989.04,0,1
A00027,2025-02-28,726.65,0.0,726.65,0,1
A00028,2025-02-28,2379.33,2379.33,0.0,1,0
A00029,2025-02-28,1284.82,0.0,1284.82,0,1
A00030,2025-02-28,535.11,535.11,0.0,1,0
A00031,2025-02-28,2212.73,2212.73,0.0,1,0
A00032,2025-02-28,408.79,408.79,0.0,1,0
A00033,2025-02-28,1144.37,0.0,1144.37,0,1
A00034,2025-02-28,420.51,0.0,420.51,0,1
A00035,2025-02-28,651.7,651.7,0.0,1,0
A00036,2025-02-28,173.11,0.0,173.11,0,1
A00037,2025-02-28,991.67,0.0,991.67,0,1
A00038,2025-02-28,2245.45,2245.45,0.0,1,0
A00039,2025-02-28,488.46,488.46,0.0,1,0
A00040,2025-02-28,2949.1,2949.1,0.0,1,0
A00041,2025-02-28,206.29,0.0,206.29,0,1
A00042,2025-02-28,350.18,0.0,350.18,0,1
A00043,2025-02-28,519.49,0.0,519.49,0,1
A00044,2025-02-28,203.19,203.19,0.0,1,0
A00045,2025-02-28,746.87,746.87,0.0,1,0
A00046,2025-02-28,3163.32,0.0,3163.32,0,1
A00047,2025-02-28,1504.11,0.0,1504.11,0,1
A00048,2025-02-28,746.54,0.0,746.54,0,1
A00049,2025-02-28,553.47,0.0,553.47,0,1
A00050,2025-02-28,1849.08,1849.08,0.0,1,0
A00051,2025-02-28,1661.82,1661.82,0.0,1,0
A00052,2025-02-28,621.25,621.25,0.0,1,0
A00053,2025-02-28,1511.95,0.0,1511.95,0,1
A00054,2025-02-28,486.44,486.44,0.0,1,0
A00055,2025-02-28,625.33,0.0,625.33,0,1
A00056,2025-02-28,757.05,0.0,757.05,0,1
A00057,2025-02-28,1116.16,1116.16,0.0,1,0
A00058,2025-02-28,2034.7,2034.7,0.0,1,0
A00059,2025-02-28,1555.91,0.0,1555.91,0,1
A00060,2025-02-28,542.07,0.0,542.07,0,1
A00061,2025-02-28,1420.88,0.0,1420.88,0,1
A00062,2025-02-28,1258.02,1258.02,0.0,1,0
A00063,2025-02-28,1940.75,0.0,1940.75,0,1
A00064,2025-02-28,883.46,883.46,0.0,1,0
A00065,2025-02-28,528.4,528.4,0.0,1,0
A00066,2025-02-28,239.85,0.0,239.85,0,1
A00067,2025-02-28,868.93,868.93,0.0,1,0
A00068,2025-02-28,1835.71,0.0,1835.71,0,1
A00069,2025-02-28,1132.84,0.0,1132.84,0,1
A00070,2025-02-28,525.25,0.0,525.25,0,1
A00071,2025-02-28,837.87,837.87,0.0,1,0
A00072,2025-02-28,992.86,992.86,0.0,1,0
A00073,2025-02-28,580.47,0.0,580.47,0,1
A00074,2025-02-28,1345.11,1345.11,0.0,1,0
A00075,2025-02-28,636.2,0.0,636.2,0,1
A00076,2025-02-28,2188.16,0.0,2188.16,0,1
A00077,2025-02-28,1156.44,0.0,1156.44,0,1
A00078,2025-02-28,1300.34,1300.34,0.0,1,0
A00079,2025-02-28,713.74,713.74,0.0,1,0
A00080,2025-02-28,374.25,374.25,0.0,1,0
A00081,2025-02-28,1621.89,1621.89,0.0,1,0
A00082,2025-02-28,465.09,0.0,465.09,0,1
A00083,2025-02-28,2618.42,0.0,2618.42,0,1
A00084,2025-02-28,637.11,637.11,0.0,1,0
A00085,2025-02-28,1193.86,1193.86,0.0,1,0
A00086,2025-02-28,585.67,585.67,0.0,1,0
A00087,2025-02-28,685.34,0.0,685.34,0,1
A00088,2025-02-28,1503.31,1503.31,0.0,1,0
A00089,2025-02-28,1175.79,0.0,1175.79,0,1
A00090,2025-02-28,694.47,0.0,694.47,0,1
A00091,2025-02-28,507.08,507.08,0.0,1,0
A00092,2025-02-28,302.69,302.69,0.0,1,0
A00093,2025-02-28,462.6,0.0,462.6,0,1
A00094,2025-02-28,275.37,275.37,0.0,1,0
A00095,2025-02-28,363.96,0.0,363.96,0,1
A00096,2025-02-28,1114.95,0.0,1114.95,0,1
A00097,2025-02-28,488.16,0.0,488.16,0,1
A00098,2025-02-28,1047.8,0.0,1047.8,0,1
A00099,2025-02-28,2102.37,2102.37,0.0,1,0
A00100,2025-02-28,1880.46,1880.46,0.0,1,0
A00101,2025-02-28,179.71,179.71,0.0,1,0
A00102,2025-02-28,1836.66,0.0,1836.66,0,1
A00103,2025-02-28,242.95,242.95,0.0,1,0
A00104,2025-02-28,647.94,647.94,0.0,1,0
A00105,2025-02-28,2294.93,0.0,2294.93,0,1
A00106,2025-02-28,734.6,0.0,734.6,0,1
A00107,2025-02-28,913.26,0.0,913.26,0,1
A00108,2025-02-28,127.82,0.0,127.82,0,1
A00109,2025-02-28,492.58,0.0,492.58,0,1
A00110,2025-02-28,1039.24,0.0,1039.24,0,1
A00111,2025-02-28,1501.9,1501.9,0.0,1,0
A00112,2025-02-28,2261.52,2261.52,0.0,1,0
A00113,2025-02-28,666.57,0.0,666.57,0,1
A00114,2025-02-28,2711.41,0.0,2711.41,0,1
A00115,2025-02-28,2011.65,2011.65,0.0,1,0
A00116,2025-02-28,1613.97,1613.97,0.0,1,0
A00117,2025-02-28,904.17,0.0,904.17,0,1
A00118,2025-02-28,1684.26,0.0,1684.26,0,1
A00119,2025-02-28,431.01,431.01,0.0,1,0
A00120,2025-02-28,1605.49,1605.49,0.0,1,0
A00121,2025-02-28,91.98,91.98,0.0,1,0
A00122,2025-02-28,447.61,447.61,0.0,1,0
A00123,2025-02-28,1203.35,0.0,1203.35,0,1
A00124,2025-02-28,2173.31,0.0,2173.31,0,1
A00125,2025-02-28,341.85,341.85,0.0,1,0
A00126,2025-02-28,3852.67,0.0,3852.67,0,1
A00127,2025-02-28,1692.0,0.0,1692.0,0,1
A00128,2025-02-28,36.95,0.0,36.95,0,1
A00129,2025-02-28,2481.91,2481.91,0.0,1,0
A00130,2025-02-28,1894.87,0.0,1894.87,0,1
A00131,2025-02-28,2007.48,2007.48,0.0,1,0
A00132,2025-02-28,583.97,0.0,583.97,0,1
A00133,2025-02-28,326.07,0.0,326.07,0,1
A00134,2025-02-28,173.05,0.0,173.05,0,1
A00135,2025-02-28,1308.19,0.0,1308.19,0,1
A00136,2025-02-28,531.48,0.0,531.48,0,1
A00137,2025-02-28,1145.69,0.0,1145.69,0,1
A00138,2025-02-28,1227.6,0.0,1227.6,0,1
A00139,2025-02-28,1970.37,0.0,1970.37,0,1
A00140,2025-02-28,1011.42,0.0,1011.42,0,1
A00141,2025-02-28,1920.72,1920.72,0.0,1,0
A00142,2025-02-28,801.98,0.0,801.98,0,1
A00143,2025-02-28,2832.32,0.0,2832.32,0,1
A00144,2025-02-28,719.16,719.16,0.0,1,0
A00145,2025-02-28,1517.23,0.0,1517.23,0,1
A00146,2025-02-28,675.25,0.0,675.25,0,1
A00147,2025-02-28,789.74,0.0,789.74,0,1
A00148,2025-02-28,1287.69,0.0,1287.69,0,1
A00149,2025-02-28,1253.58,0.0,1253.58,0,1
A00150,2025-02-28,296.1,296.1,0.0,1,0
A00151,2025-02-28,459.9,0.0,459.9,0,1
A00152,2025-02-28,1075.95,1075.95,0.0,1,0
A00153,2025-02-28,917.85,917.85,0.0,1,0
A00154,2025-02-28,204.42,204.42,0.0,1,0
A00155,2025-02-28,1451.32,0.0,1451.32,0,1
A00156,2025-02-28,1979.26,1979.26,0.0,1,0
A00157,2025-02-28,422.05,0.0,422.05,0,1
A00158,2025-02-28,399.85,0.0,399.85,0,1
A00159,2025-02-28,684.97,0.0,684.97,0,1
A00160,2025-02-28,1593.47,0.0,1593.47,0,1
A00161,2025-02-28,1187.15,0.0,1187.15,0,1
A00162,2025-02-28,1754.45,0.0,1754.45,0,1
A00163,2025-02-28,900.34,0.0,900.34,0,1
A00164,2025-02-28,762.47,0.0,762.47,0,1
A00165,2025-02-28,2241.51,0.0,2241.51,0,1
A00166,2025-02-28,1629.36,1629.36,0.0,1,0
A00167,2025-02-28,1462.59,0.0,1462.59,0,1
A00168,2025-02-28,689.38,689.38,0.0,1,0
A00169,2025-02-28,28.5,0.0,28.5,0,1
A00170,2025-02-28,315.61,0.0,315.61,0,1
A00171,2025-02-28,487.06,487.06,0.0,1,0
A00172,2025-02-28,489.86,0.0,489.86,0,1
A00173,2025-02-28,1302.02,1302.02,0.0,1,0
A00174,2025-02-28,3762.76,0.0,3762.76,0,1
A00175,2025-02-28,668.77,668.77,0.0,1,0
A00176,2025-02-28,105.48,0.0,105.48,0,1
A00177,2025-02-28,1095.56,0.0,1095.56,0,1
A00178,2025-02-28,1017.02,0.0,1017.02,0,1
A00179,2025-02-28,71.6,0.0,71.6,0,1
A00180,2025-02-28,741.91,0.0,741.91,0,1
A00181,2025-02-28,1049.29,0.0,1049.29,0,1
A00182,2025-02-28,558.93,0.0,558.93,0,1
A00183,2025-02-28,2112.43,2112.43,0.0,1,0
A00184,2025-02-28,2411.03,2411.03,0.0,1,0
A00185,2025-02-28,211.84,0.0,211.84,0,1
A00186,2025-02-28,661.98,661.98,0.0,1,0
A00187,2025-02-28,830.4,0.0,830.4,0,1
A00188,2025-02-28,1128.99,1128.99,0.0,1,0
A00189,2025-02-28,1896.49,0.0,1896.49,0,1
A00190,2025-02-28,736.77,0.0,736.77,0,1
A00191,2025-02-28,670.53,0.0,670.53,0,1
A00192,2025-02-28,614.15,614.15,0.0,1,0
A00193,2025-02-28,1350.51,0.0,1350.51,0,1
A00194,2025-02-28,340.34,0.0,340.34,0,1
A00195,2025-02-28,228.45,228.45,0.0,1,0
A00196,2025-02-28,2637.03,2637.03,0.0,1,0
A00197,2025-02-28,338.0,0.0,338.0,0,1
A00198,2025-02-28,4785.04,4785.04,0.0,1,0
A00199,2025-02-28,1205.65,0.0,1205.65,0,1
A00200,2025-02-28,736.07,736.07,0.0,1,0
A00201,2025-02-28,1378.03,0.0,1378.03,0,1
A00202,2025-02-28,1049.64,1049.64,0.0,1,0
A00203,2025-02-28,339.14,0.0,339.14,0,1
A00204,2025-02-28,579.82,0.0,579.82,0,1
A00205,2025-02-28,2062.91,0.0,2062.91,0,1
A00206,2025-02-28,743.35,743.35,0.0,1,0
A00207,2025-02-28,1385.99,1385.99,0.0,1,0
A00208,2025-02-28,1803.41,0.0,1803.41,0,1
A00209,2025-02-28,90.88,0.0,90.88,0,1
A00210,2025-02-28,977.04,0.0,977.04,0,1
A00211,2025-02-28,453.34,0.0,453.34,0,1
A00212,2025-02-28,1241.57,0.0,1241.57,0,1
A00213,2025-02-28,269.41,0.0,269.41,0,1
A00214,2025-02-28,1548.5,0.0,1548.5,0,1
A00215,2025-02-28,222.67,0.0,222.67,0,1
A00216,2025-02-28,1354.0,1354.0,0.0,1,0
A00217,2025-02-28,1328.64,0.0,1328.64,0,1
A00218,2025-02-28,1121.3,1121.3,0.0,1,0
A00219,2025-02-28,1258.62,0.0,1258.62,0,1
A00220,2025-02-28,2946.51,0.0,2946.51,0,1
A00221,2025-02-28,541.23,541.23,0.0,1,0
A00222,2025-02-28,754.23,754.23,0.0,1,0
A00223,2025-02-28,201.76,0.0,201.76,0,1
A00224,2025-02-28,292.7,0.0,292.7,0,1
A00225,2025-02-28,981.26,0.0,981.26,0,1
A00226,2025-02-28,2167.12,2167.12,0.0,1,0
A00227,2025-02-28,2146.7,0.0,2146.7,0,1
A00228,2025-02-28,500.19,500.19,0.0,1,0
A00229,2025-02-28,3262.38,0.0,3262.38,0,1
A00230,2025-02-28,318.36,0.0,318.36,0,1
A00231,2025-02-28,1609.54,1609.54,0.0,1,0
A00232,2025-02-28,465.96,465.96,0.0,1,0
A00233,2025-02-28,552.18,0.0,552.18,0,1
A00234,2025-02-28,767.09,0.0,767.09,0,1
A00235,2025-02-28,877.7,0.0,877.7,0,1
A00236,2025-02-28,1731.18,0.0,1731.18,0,1
A00237,2025-02-28,1733.78,1733.78,0.0,1,0
A00238,2025-02-28,1476.27,1476.27,0.0,1,0
A00239,2025-02-28,1429.11,1429.11,0.0,1,0
A00240,2025-02-28,1648.67,1648.67,0.0,1,0
A00241,2025-02-28,2465.09,0.0,2465.09,0,1
A00242,2025-02-28,476.62,476.62,0.0,1,0
A00243,2025-02-28,1329.05,0.0,1329.05,0,1
A00244,2025-02-28,1415.95,1415.95,0.0,1,0
A00245,2025-02-28,1038.31,0.0,1038.31,0,1
A00246,2025-02-28,798.61,0.0,798.61,0,1
A00247,2025-02-28,1497.79,0.0,1497.79,0,1
A00248,2025-02-28,1347.0,0.0,1347.0,0,1
A00249,2025-02-28,144.07,0.0,144.07,0,1
A00250,2025-02-28,852.75,852.75,0.0,1,0
A00251,2025-02-28,1755.39,1755.39,0.0,1,0
A00252,2025-02-28,1590.88,0.0,1590.88,0,1
A00253,2025-02-28,138.39,0.0,138.39,0,1
A00254,2025-02-28,2491.53,0.0,2491.53,0,1
A00255,2025-02-28,889.98,0.0,889.98,0,1
A00256,2025-02-28,1570.7,0.0,1570.7,0,1
A00257,2025-02-28,867.82,0.0,867.82,0,1
A00258,2025-02-28,1662.33,0.0,1662.33,0,1
A00259,2025-02-28,295.78,0.0,295.78,0,1
A00260,2025-02-28,1792.89,0.0,1792.89,0,1
A00261,2025-02-28,1079.66,0.0,1079.66,0,1
A00262,2025-02-28,1018.83,1018.83,0.0,1,0
A00263,2025-02-28,1504.61,1504.61,0.0,1,0
A00264,2025-02-28,787.16,787.16,0.0,1,0
A00265,2025-02-28,1382.96,0.0,1382.96,0,1
A00266,2025-02-28,1025.88,0.0,1025.88,0,1
A00267,2025-02-28,639.39,639.39,0.0,1,0
A00268,2025-02-28,1818.38,1818.38,0.0,1,0
A00269,2025-02-28,881.98,0.0,881.98,0,1
A00270,2025-02-28,1017.75,0.0,1017.75,0,1
A00271,2025-02-28,754.38,0.0,754.38,0,1
A00272,2025-02-28,674.4,0.0,674.4,0,1
A00273,2025-02-28,107.91,0.0,107.91,0,1
A00274,2025-02-28,3210.6,0.0,3210.6,0,1
A00275,2025-02-28,502.9,0.0,502.9,0,1
A00276,2025-02-28,607.22,0.0,607.22,0,1
A00277,2025-02-28,2313.86,0.0,2313.86,0,1
A00278,2025-02-28,786.91,786.91,0.0,1,0
A00279,2025-02-28,554.07,554.07,0.0,1,0
A00280,2025-02-28,2457.08,2457.08,0.0,1,0
A00281,2025-02-28,1353.23,1353.23,0.0,1,0
A00282,2025-02-28,527.7,527.7,0.0,1,0
A00283,2025-02-28,1132.6,0.0,1132.6,0,1
A00284,2025-02-28,1499.07,0.0,1499.07,0,1
A00285,2025-02-28,235.73,235.73,0.0,1,0
A00286,2025-02-28,356.1,0.0,356.1,0,1
A00287,2025-02-28,1770.82,0.0,1770.82,0,1
A00288,2025-02-28,3010.21,3010.21,0.0,1,0
A00289,2025-02-28,1253.57,0.0,1253.57,0,1
A00290,2025-02-28,750.12,750.12,0.0,1,0
A00291,2025-02-28,1953.34,0.0,1953.34,0,1
A00292,2025-02-28,868.55,0.0,868.55,0,1
A00293,2025-02-28,397.76,397.76,0.0,1,0
A00294,2025-02-28,406.1,0.0,406.1,0,1
A00295,2025-02-28,625.17,0.0,625.17,0,1
A00296,2025-02-28,1774.06,0.0,1774.06,0,1
A00297,2025-02-28,1867.0,0.0,1867.0,0,1
A00298,2025-02-28,1254.32,0.0,1254.32,0,1
A00299,2025-02-28,481.39,481.39,0.0,1,0
A00300,2025-02-28,1186.69,1186.69,0.0,1,0
A00301,2025-02-28,649.74,649.74,0.0,1,0
A00302,2025-02-28,1874.77,0.0,1874.77,0,1
A00303,2025-02-28,901.56,0.0,901.56,0,1
A00304,2025-02-28,693.17,0.0,693.17,0,1
A00305,2025-02-28,1422.11,0.0,1422.11,0,1
A00306,2025-02-28,632.11,0.0,632.11,0,1
A00307,2025-02-28,211.57,211.57,0.0,1,0
A00308,2025-02-28,207.31,0.0,207.31,0,1
A00309,2025-02-28,1844.79,0.0,1844.79,0,1
A00310,2025-02-28,597.53,597.53,0.0,1,0
A00311,2025-02-28,116.4,0.0,116.4,0,1
A00312,2025-02-28,527.58,527.58,0.0,1,0
A00313,2025-02-28,170.96,170.96,0.0,1,0
A00314,2025-02-28,849.29,0.0,849.29,0,1
A00315,2025-02-28,1382.25,0.0,1382.25,0,1
A00316,2025-02-28,1037.09,0.0,1037.09,0,1
A00317,2025-02-28,230.47,0.0,230.47,0,1
A00318,2025-02-28,2957.39,2957.39,0.0,1,0
A00319,2025-02-28,2373.72,2373.72,0.0,1,0
A00320,2025-02-28,1303.46,1303.46,0.0,1,0
A00321,2025-02-28,526.08,0.0,526.08,0,1
A00322,2025-02-28,3000.15,0.0,3000.15,0,1
A00323,2025-02-28,282.62,282.62,0.0,1,0
A00324,2025-02-28,247.95,0.0,247.95,0,1
A00325,2025-02-28,652.96,0.0,652.96,0,1
A00326,2025-02-28,402.22,402.22,0.0,1,0
A00327,2025-02-28,1081.18,1081.18,0.0,1,0
A00328,2025-02-28,250.83,0.0,250.83,0,1
A00329,2025-02-28,1035.52,0.0,1035.52,0,1
A00330,2025-02-28,1205.8,0.0,1205.8,0,1
A00331,2025-02-28,777.13,777.13,0.0,1,0
A00332,2025-02-28,1566.91,1566.91,0.0,1,0
A00333,2025-02-28,560.77,0.0,560.77,0,1
A00334,2025-02-28,777.45,777.45,0.0,1,0
A00335,2025-02-28,1192.4,0.0,1192.4,0,1
A00336,2025-02-28,421.69,421.69,0.0,1,0
A00337,2025-02-28,1174.13,1174.13,0.0,1,0
A00338,2025-02-28,1388.51,0.0,1388.51,0,1
A00339,2025-02-28,478.85,0.0,478.85,0,1
A00340,2025-02-28,1071.32,0.0,1071.32,0,1
A00341,2025-02-28,3239.47,3239.47,0.0,1,0
A00342,2025-02-28,778.88,0.0,778.88,0,1
A00343,2025-02-28,1079.49,1079.49,0.0,1,0
A00344,2025-02-28,456.89,0.0,456.89,0,1
A00345,2025-02-28,1566.92,0.0,1566.92,0,1
A00346,2025-02-28,973.97,973.97,0.0,1,0
A00347,2025-02-28,1350.71,0.0,1350.71,0,1
A00348,2025-02-28,1002.76,1002.76,0.0,1,0
A00349,2025-02-28,1234.77,1234.77,0.0,1,0
A00350,2025-02-28,1256.73,1256.73,0.0,1,0
A00351,2025-02-28,732.57,0.0,732.57,0,1
A00352,2025-02-28,233.95,233.95,0.0,1,0
A00353,2025-02-28,494.59,0.0,494.59,0,1
A00354,2025-02-28,227.78,227.78,0.0,1,0
A00355,2025-02-28,636.73,636.73,0.0,1,0
A00356,2025-02-28,1154.88,1154.88,0.0,1,0
A00357,2025-02-28,1283.97,0.0,1283.97,0,1
A00358,2025-02-28,671.24,0.0,671.24,0,1
A00359,2025-02-28,1558.65,1558.65,0.0,1,0
A00360,2025-02-28,732.4,0.0,732.4,0,1
A00361,2025-02-28,2195.04,0.0,2195.04,0,1
A00362,2025-02-28,264.92,0.0,264.92,0,1
A00363,2025-02-28,254.46,0.0,254.46,0,1
A00364,2025-02-28,858.4,0.0,858.4,0,1
A00365,2025-02-28,1078.82,1078.82,0.0,1,0
A00366,2025-02-28,1294.15,0.0,1294.15,0,1
A00367,2025-02-28,1935.28,0.0,1935.28,0,1
A00368,2025-02-28,390.87,390.87,0.0,1,0
A00369,2025-02-28,3487.47,0.0,3487.47,0,1
A00370,2025-02-28,446.17,0.0,446.17,0,1
A00371,2025-02-28,1874.46,0.0,1874.46,0,1
A00372,2025-02-28,375.33,0.0,375.33,0,1
A00373,2025-02-28,152.26,0.0,152.26,0,1
A00374,2025-02-28,2220.15,0.0,2220.15,0,1
A00375,2025-02-28,651.48,0.0,651.48,0,1
A00376,2025-02-28,1219.66,0.0,1219.66,0,1
A00377,2025-02-28,285.17,0.0,285.17,0,1
A00378,2025-02-28,2534.87,0.0,2534.87,0,1
A00379,2025-02-28,184.56,184.56,0.0,1,0
A00380,2025-02-28,1198.21,0.0,1198.21,0,1
A00381,2025-02-28,2361.93,2361.93,0.0,1,0
A00382,2025-02-28,380.86,0.0,380.86,0,1
A00383,2025-02-28,1056.06,0.0,1056.06,0,1
A00384,2025-02-28,457.43,457.43,0.0,1,0
A00385,2025-02-28,638.5,638.5,0.0,1,0
A00386,2025-02-28,935.95,935.95,0.0,1,0
A00387,2025-02-28,1124.79,0.0,1124.79,0,1
A00388,2025-02-28,1043.16,0.0,1043.16,0,1
A00389,2025-02-28,1724.27,0.0,1724.27,0,1
A00390,2025-02-28,1872.27,0.0,1872.27,0,1
A00391,2025-02-28,1824.17,0.0,1824.17,0,1
A00392,2025-02-28,1852.49,0.0,1852.49,0,1
A00393,2025-02-28,1152.49,0.0,1152.49,0,1
A00394,2025-02-28,618.93,0.0,618.93,0,1
A00395,2025-02-28,2156.89,2156.89,0.0,1,0
A00396,2025-02-28,354.78,0.0,354.78,0,1
A00397,2025-02-28,707.91,0.0,707.91,0,1
A00398,2025-02-28,981.46,0.0,981.46,0,1
A00399,2025-02-28,1291.89,0.0,1291.89,0,1
A00400,2025-02-28,2476.33,2476.33,0.0,1,0
A00401,2025-02-28,531.91,531.91,0.0,1,0
A00402,2025-02-28,912.51,912.51,0.0,1,0
A00403,2025-02-28,317.2,317.2,0.0,1,0
A00404,2025-02-28,1780.72,0.0,1780.72,0,1
A00405,2025-02-28,936.12,0.0,936.12,0,1
A00406,2025-02-28,245.03,0.0,245.03,0,1
A00407,2025-02-28,1359.57,0.0,1359.57,0,1
A00408,2025-02-28,1965.82,0.0,1965.82,0,1
A00409,2025-02-28,456.0,0.0,456.0,0,1
A00410,2025-02-28,1252.29,0.0,1252.29,0,1
A00411,2025-02-28,1333.06,1333.06,0.0,1,0
A00412,2025-02-28,742.29,0.0,742.29,0,1
A00413,2025-02-28,568.14,0.0,568.14,0,1
A00414,2025-02-28,2891.53,0.0,2891.53,0,1
A00415,2025-02-28,1670.07,1670.07,0.0,1,0
A00416,2025-02-28,3493.95,0.0,3493.95,0,1
A00417,2025-02-28,1050.24,0.0,1050.24,0,1
A00418,2025-02-28,103.65,103.65,0.0,1,0
A00419,2025-02-28,1195.06,0.0,1195.06,0,1
A00420,2025-02-28,1185.18,1185.18,0.0,1,0
A00421,2025-02-28,936.14,0.0,936.14,0,1
A00422,2025-02-28,1417.98,0.0,1417.98,0,1
A00423,2025-02-28,646.06,0.0,646.06,0,1
A00424,2025-02-28,1122.87,0.0,1122.87,0,1
A00425,2025-02-28,1395.67,0.0,1395.67,0,1
A00426,2025-02-28,1479.69,0.0,1479.69,0,1
A00427,2025-02-28,4369.18,4369.18,0.0,1,0
A00428,2025-02-28,1392.87,1392.87,0.0,1,0
A00429,2025-02-28,959.49,959.49,0.0,1,0
A00430,2025-02-28,1702.62,1702.62,0.0,1,0
A00431,2025-02-28,756.02,756.02,0.0,1,0
A00432,2025-02-28,1956.13,0.0,1956.13,0,1
A00433,2025-02-28,744.46,744.46,0.0,1,0
A00434,2025-02-28,1477.22,0.0,1477.22,0,1
A00435,2025-02-28,1751.68,1751.68,0.0,1,0
A00436,2025-02-28,1602.53,0.0,1602.53,0,1
A00437,2025-02-28,2431.67,2431.67,0.0,1,0
A00438,2025-02-28,985.74,985.74,0.0,1,0
A00439,2025-02-28,448.44,0.0,448.44,0,1
A00440,2025-02-28,1571.22,0.0,1571.22,0,1
A00441,2025-02-28,532.2,532.2,0.0,1,0
A00442,2025-02-28,854.79,0.0,854.79,0,1
A00443,2025-02-28,1072.89,0.0,1072.89,0,1
A00444,2025-02-28,2094.2,0.0,2094.2,0,1
A00445,2025-02-28,1296.01,1296.01,0.0,1,0
A00446,2025-02-28,872.18,0.0,872.18,0,1
A00447,2025-02-28,328.06,0.0,328.06,0,1
A00448,2025-02-28,61.09,61.09,0.0,1,0
A00449,2025-02-28,439.38,0.0,439.38,0,1
A00450,2025-02-28,703.59,0.0,703.59,0,1
A00451,2025-02-28,1530.15,0.0,1530.15,0,1
A00452,2025-02-28,383.31,383.31,0.0,1,0
A00453,2025-02-28,647.9,0.0,647.9,0,1
A00454,2025-02-28,197.64,0.0,197.64,0,1
A00455,2025-02-28,688.2,688.2,0.0,1,0
A00456,2025-02-28,356.92,0.0,356.92,0,1
A00457,2025-02-28,3839.94,0.0,3839.94,0,1
A00458,2025-02-28,1674.95,0.0,1674.95,0,1
A00459,2025-02-28,601.64,601.64,0.0,1,0
A00460,2025-02-28,334.02,0.0,334.02,0,1
A00461,2025-02-28,1007.62,1007.62,0.0,1,0
A00462,2025-02-28,522.16,522.16,0.0,1,0
A00463,2025-02-28,1280.11,1280.11,0.0,1,0
A00464,2025-02-28,598.74,0.0,598.74,0,1
A00465,2025-02-28,1485.96,0.0,1485.96,0,1
A00466,2025-02-28,1205.66,0.0,1205.66,0,1
A00467,2025-02-28,208.71,208.71,0.0,1,0
A00468,2025-02-28,463.52,0.0,463.52,0,1
A00469,2025-02-28,1332.33,1332.33,0.0,1,0
A00470,2025-02-28,1517.13,1517.13,0.0,1,0
A00471,2025-02-28,424.51,424.51,0.0,1,0
A00472,2025-02-28,1350.89,1350.89,0.0,1,0
A00473,2025-02-28,2339.72,0.0,2339.72,0,1
A00474,2025-02-28,1525.77,1525.77,0.0,1,0
A00475,2025-02-28,314.16,0.0,314.16,0,1
A00476,2025-02-28,766.95,0.0,766.95,0,1
A00477,2025-02-28,691.1,0.0,691.1,0,1
A00478,2025-02-28,1710.58,0.0,1710.58,0,1
A00479,2025-02-28,562.59,562.59,0.0,1,0
A00480,2025-02-28,2280.37,2280.37,0.0,1,0
A00481,2025-02-28,248.14,0.0,248.14,0,1
A00482,2025-02-28,508.35,0.0,508.35,0,1
A00483,2025-02-28,840.41,0.0,840.41,0,1
A00484,2025-02-28,1350.33,0.0,1350.33,0,1
A00485,2025-02-28,313.22,0.0,313.22,0,1
A00486,2025-02-28,1842.44,1842.44,0.0,1,0
A00487,2025-02-28,712.95,0.0,712.95,0,1
A00488,2025-02-28,350.56,0.0,350.56,0,1
A00489,2025-02-28,1471.99,1471.99,0.0,1,0
A00490,2025-02-28,727.77,0.0,727.77,0,1
A00491,2025-02-28,463.16,463.16,0.0,1,0
A00492,2025-02-28,542.71,542.71,0.0,1,0
A00493,2025-02-28,1217.13,0.0,1217.13,0,1
A00494,2025-02-28,921.04,921.04,0.0,1,0
A00495,2025-02-28,336.11,336.11,0.0,1,0
A00496,2025-02-28,341.06,0.0,341.06,0,1
A00497,2025-02-28,3113.34,0.0,3113.34,0,1
A00498,2025-02-28,390.51,0.0,390.51,0,1
A00499,2025-02-28,549.32,549.32,0.0,1,0
A00500,2025-02-28,850.85,0.0,850.85,0,1
A00501,2025-02-28,1330.57,0.0,1330.57,0,1
A00502,2025-02-28,2261.67,0.0,2261.67,0,1
A00503,2025-02-28,2391.21,0.0,2391.21,0,1
A00504,2025-02-28,616.44,616.44,0.0,1,0
A00505,2025-02-28,4836.98,0.0,4836.98,0,1
A00506,2025-02-28,1029.11,1029.11,0.0,1,0
A00507,2025-02-28,1294.45,1294.45,0.0,1,0
A00508,2025-02-28,1184.61,1184.61,0.0,1,0
A00509,2025-02-28,1867.4,1867.4,0.0,1,0
A00510,2025-02-28,434.35,0.0,434.35,0,1
A00511,2025-02-28,1463.21,0.0,1463.21,0,1
A00512,2025-02-28,1231.67,0.0,1231.67,0,1
A00513,2025-02-28,1872.34,0.0,1872.34,0,1
A00514,2025-02-28,1292.68,0.0,1292.68,0,1
A00515,2025-02-28,379.25,379.25,0.0,1,0
A00516,2025-02-28,4682.87,4682.87,0.0,1,0
A00517,2025-02-28,337.06,0.0,337.06,0,1
A00518,2025-02-28,2625.42,2625.42,0.0,1,0
A00519,2025-02-28,768.07,768.07,0.0,1,0
A00520,2025-02-28,643.28,0.0,643.28,0,1
A00521,2025-02-28,1119.7,1119.7,0.0,1,0
A00522,2025-02-28,1027.95,1027.95,0.0,1,0
A00523,2025-02-28,759.11,759.11,0.0,1,0
A00524,2025-02-28,377.25,0.0,377.25,0,1
A00525,2025-02-28,1086.1,0.0,1086.1,0,1
A00526,2025-02-28,818.05,818.05,0.0,1,0
A00527,2025-02-28,1753.6,0.0,1753.6,0,1
A00528,2025-02-28,1843.91,0.0,1843.91,0,1
A00529,2025-02-28,178.32,0.0,178.32,0,1
A00530,2025-02-28,1541.9,0.0,1541.9,0,1
A00531,2025-02-28,1574.68,0.0,1574.68,0,1
A00532,2025-02-28,2406.17,0.0,2406.17,0,1
A00533,2025-02-28,326.13,0.0,326.13,0,1
A00534,2025-02-28,1204.83,0.0,1204.83,0,1
A00535,2025-02-28,3058.04,0.0,3058.04,0,1
A00536,2025-02-28,1146.81,1146.81,0.0,1,0
A00537,2025-02-28,1327.28,0.0,1327.28,0,1
A00538,2025-02-28,654.61,0.0,654.61,0,1
A00539,2025-02-28,2747.65,0.0,2747.65,0,1
A00540,2025-02-28,565.07,0.0,565.07,0,1
A00541,2025-02-28,1191.05,0.0,1191.05,0,1
A00542,2025-02-28,1816.82,0.0,1816.82,0,1
A00543,2025-02-28,1173.93,1173.93,0.0,1,0
A00544,2025-02-28,182.58,182.58,0.0,1,0
A00545,2025-02-28,4198.67,4198.67,0.0,1,0
A00546,2025-02-28,58.86,0.0,58.86,0,1
A00547,2025-02-28,639.37,0.0,639.37,0,1
A00548,2025-02-28,1726.11,1726.11,0.0,1,0
A00549,2025-02-28,2774.3,2774.3,0.0,1,0
A00550,2025-02-28,1325.38,0.0,1325.38,0,1
A00551,2025-02-28,240.23,0.0,240.23,0,1
A00552,2025-02-28,1186.9,0.0,1186.9,0,1
A00553,2025-02-28,1568.53,0.0,1568.53,0,1
A00554,2025-02-28,684.7,0.0,684.7,0,1
A00555,2025-02-28,704.53,0.0,704.53,0,1
A00556,2025-02-28,2707.19,0.0,2707.19,0,1
A00557,2025-02-28,1232.3,1232.3,0.0,1,0
A00558,2025-02-28,954.94,954.94,0.0,1,0
A00559,2025-02-28,1845.54,0.0,1845.54,0,1
A00560,2025-02-28,1719.34,0.0,1719.34,0,1
A00561,2025-02-28,60.97,0.0,60.97,0,1
A00562,2025-02-28,1300.96,0.0,1300.96,0,1
A00563,2025-02-28,530.83,0.0,530.83,0,1
A00564,2025-02-28,1863.51,0.0,1863.51,0,1
A00565,2025-02-28,2187.12,2187.12,0.0,1,0
A00566,2025-02-28,779.69,0.0,779.69,0,1
A00567,2025-02-28,1341.99,1341.99,0.0,1,0
A00568,2025-02-28,639.04,0.0,639.04,0,1
A00569,2025-02-28,1571.58,0.0,1571.58,0,1
A00570,2025-02-28,561.26,561.26,0.0,1,0
A00571,2025-02-28,577.16,0.0,577.16,0,1
A00572,2025-02-28,274.13,274.13,0.0,1,0
A00573,2025-02-28,1417.38,0.0,1417.38,0,1
A00574,2025-02-28,179.63,0.0,179.63,0,1
A00575,2025-02-28,655.28,655.28,0.0,1,0
A00576,2025-02-28,322.34,0.0,322.34,0,1
A00577,2025-02-28,1097.49,1097.49,0.0,1,0
A00578,2025-02-28,2350.82,2350.82,0.0,1,0
A00579,2025-02-28,505.83,0.0,505.83,0,1
A00580,2025-02-28,1582.38,0.0,1582.38,0,1
A00581,2025-02-28,1073.54,1073.54,0.0,1,0
A00582,2025-02-28,909.5,0.0,909.5,0,1
A00583,2025-02-28,2509.83,0.0,2509.83,0,1
A00584,2025-02-28,1966.15,0.0,1966.15,0,1
A00585,2025-02-28,557.89,557.89,0.0,1,0
A00586,2025-02-28,1434.0,0.0,1434.0,0,1
A00587,2025-02-28,2207.59,0.0,2207.59,0,1
A00588,2025-02-28,684.32,0.0,684.32,0,1
A00589,2025-02-28,1131.62,0.0,1131.62,0,1
A00590,2025-02-28,683.35,0.0,683.35,0,1
A00591,2025-02-28,788.51,0.0,788.51,0,1
A00592,2025-02-28,556.27,0.0,556.27,0,1
A00593,2025-02-28,740.51,740.51,0.0,1,0
A00594,2025-02-28,2007.14,0.0,2007.14,0,1
A00595,2025-02-28,2836.79,2836.79,0.0,1,0
A00596,2025-02-28,1390.24,0.0,1390.24,0,1
A00597,2025-02-28,1119.26,0.0,1119.26,0,1
A00598,2025-02-28,1878.86,0.0,1878.86,0,1
A00599,2025-02-28,1884.39,0.0,1884.39,0,1
A00600,2025-02-28,3742.78,0.0,3742.78,0,1
A00601,2025-02-28,389.83,0.0,389.83,0,1
A00602,2025-02-28,3007.1,0.0,3007.1,0,1
A00603,2025-02-28,577.34,0.0,577.34,0,1
A00604,2025-02-28,1009.35,0.0,1009.35,0,1
A00605,2025-02-28,268.49,0.0,268.49,0,1
A00606,2025-02-28,240.3,0.0,240.3,0,1
A00607,2025-02-28,1339.56,0.0,1339.56,0,1
A00608,2025-02-28,2247.79,2247.79,0.0,1,0
A00609,2025-02-28,534.08,0.0,534.08,0,1
A00610,2025-02-28,400.59,0.0,400.59,0,1
A00611,2025-02-28,829.74,0.0,829.74,0,1
A00612,2025-02-28,780.32,0.0,780.32,0,1
A00613,2025-02-28,2257.52,0.0,2257.52,0,1
A00614,2025-02-28,688.84,688.84,0.0,1,0
A00615,2025-02-28,590.33,590.33,0.0,1,0
A00616,2025-02-28,373.68,0.0,373.68,0,1
A00617,2025-02-28,1329.96,0.0,1329.96,0,1
A00618,2025-02-28,330.77,330.77,0.0,1,0
A00619,2025-02-28,881.59,0.0,881.59,0,1
A00620,2025-02-28,2583.91,2583.91,0.0,1,0
A00621,2025-02-28,652.04,652.04,0.0,1,0
A00622,2025-02-28,240.9,240.9,0.0,1,0
A00623,2025-02-28,897.62,897.62,0.0,1,0
A00624,2025-02-28,2344.43,2344.43,0.0,1,0
A00625,2025-02-28,377.34,0.0,377.34,0,1
A00626,2025-02-28,574.76,574.76,0.0,1,0
A00627,2025-02-28,1774.69,0.0,1774.69,0,1
A00628,2025-02-28,1238.69,0.0,1238.69,0,1
A00629,2025-02-28,1174.63,1174.63,0.0,1,0
A00630,2025-02-28,3438.84,3438.84,0.0,1,0
A00631,2025-02-28,2562.7,0.0,2562.7,0,1
A00632,2025-02-28,492.33,0.0,492.33,0,1
A00633,2025-02-28,1560.39,0.0,1560.39,0,1
A00634,2025-02-28,977.44,977.44,0.0,1,0
A00635,2025-02-28,230.0,230.0,0.0,1,0
A00636,2025-02-28,890.21,0.0,890.21,0,1
A00637,2025-02-28,940.97,940.97,0.0,1,0
A00638,2025-02-28,1143.95,0.0,1143.95,0,1
A00639,2025-02-28,1627.34,0.0,1627.34,0,1
A00640,2025-02-28,879.21,879.21,0.0,1,0
A00641,2025-02-28,1132.17,0.0,1132.17,0,1
A00642,2025-02-28,566.64,566.64,0.0,1,0
A00643,2025-02-28,251.47,0.0,251.47,0,1
A00644,2025-02-28,222.18,222.18,0.0,1,0
A00645,2025-02-28,1127.05,1127.05,0.0,1,0
A00646,2025-02-28,807.47,807.47,0.0,1,0
A00647,2025-02-28,1156.74,1156.74,0.0,1,0
A00648,2025-02-28,286.26,286.26,0.0,1,0
A00649,2025-02-28,872.56,0.0,872.56,0,1
A00650,2025-02-28,989.18,0.0,989.18,0,1
A00651,2025-02-28,803.27,0.0,803.27,0,1
A00652,2025-02-28,506.97,506.97,0.0,1,0
A00653,2025-02-28,402.37,402.37,0.0,1,0
A00654,2025-02-28,928.33,0.0,928.33,0,1
A00655,2025-02-28,2466.54,0.0,2466.54,0,1
A00656,2025-02-28,1800.4,1800.4,0.0,1,0
A00657,2025-02-28,407.48,407.48,0.0,1,0
A00658,2025-02-28,1162.19,0.0,1162.19,0,1
A00659,2025-02-28,3120.19,0.0,3120.19,0,1
A00660,2025-02-28,1241.89,1241.89,0.0,1,0
A00661,2025-02-28,2380.23,2380.23,0.0,1,0
A00662,2025-02-28,1340.74,0.0,1340.74,0,1
A00663,2025-02-28,1144.78,0.0,1144.78,0,1
A00664,2025-02-28,2189.34,2189.34,0.0,1,0
A00665,2025-02-28,1707.25,1707.25,0.0,1,0
A00666,2025-02-28,1610.68,0.0,1610.68,0,1
A00667,2025-02-28,2304.1,0.0,2304.1,0,1
A00668,2025-02-28,347.79,0.0,347.79,0,1
A00669,2025-02-28,846.19,0.0,846.19,0,1
A00670,2025-02-28,866.13,0.0,866.13,0,1
A00671,2025-02-28,342.8,0.0,342.8,0,1
A00672,2025-02-28,1696.6,0.0,1696.6,0,1
A00673,2025-02-28,1699.6,0.0,1699.6,0,1
A00674,2025-02-28,1428.05,0.0,1428.05,0,1
A00675,2025-02-28,941.84,0.0,941.84,0,1
A00676,2025-02-28,2080.2,0.0,2080.2,0,1
A00677,2025-02-28,2668.92,0.0,2668.92,0,1
A00678,2025-02-28,411.73,0.0,411.73,0,1
A00679,2025-02-28,1499.54,1499.54,0.0,1,0
A00680,2025-02-28,371.84,0.0,371.84,0,1
A00681,2025-02-28,644.15,644.15,0.0,1,0
A00682,2025-02-28,1306.57,0.0,1306.57,0,1
A00683,2025-02-28,284.87,284.87,0.0,1,0
A00684,2025-02-28,3027.89,3027.89,0.0,1,0
A00685,2025-02-28,903.99,903.99,0.0,1,0
A00686,2025-02-28,271.94,0.0,271.94,0,1
A00687,2025-02-28,1078.79,0.0,1078.79,0,1
A00688,2025-02-28,1065.03,0.0,1065.03,0,1
A00689,2025-02-28,939.01,0.0,939.01,0,1
A00690,2025-02-28,1337.57,1337.57,0.0,1,0
A00691,2025-02-28,841.35,0.0,841.35,0,1
A00692,2025-02-28,1119.29,0.0,1119.29,0,1
A00693,2025-02-28,1178.51,0.0,1178.51,0,1
A00694,2025-02-28,261.19,0.0,261.19,0,1
A00695,2025-02-28,2100.82,2100.82,0.0,1,0
A00696,2025-02-28,1351.72,1351.72,0.0,1,0
A00697,2025-02-28,837.85,0.0,837.85,0,1
A00698,2025-02-28,1276.97,1276.97,0.0,1,0
A00699,2025-02-28,4086.08,4086.08,0.0,1,0
A00700,2025-02-28,872.44,872.44,0.0,1,0
A00701,2025-02-28,3958.67,0.0,3958.67,0,1
A00702,2025-02-28,2338.29,2338.29,0.0,1,0
A00703,2025-02-28,915.16,915.16,0.0,1,0
A00704,2025-02-28,4122.94,4122.94,0.0,1,0
A00705,2025-02-28,2606.18,0.0,2606.18,0,1
A00706,2025-02-28,1261.64,0.0,1261.64,0,1
A00707,2025-02-28,1126.78,1126.78,0.0,1,0
A00708,2025-02-28,1791.55,1791.55,0.0,1,0
A00709,2025-02-28,930.49,0.0,930.49,0,1
A00710,2025-02-28,2036.77,0.0,2036.77,0,1
A00711,2025-02-28,326.79,0.0,326.79,0,1
A00712,2025-02-28,604.7,0.0,604.7,0,1
A00713,2025-02-28,582.24,582.24,0.0,1,0
A00714,2025-02-28,1928.06,0.0,1928.06,0,1
A00715,2025-02-28,596.32,0.0,596.32,0,1
A00716,2025-02-28,469.49,0.0,469.49,0,1
A00717,2025-02-28,365.0,0.0,365.0,0,1
A00718,2025-02-28,938.91,0.0,938.91,0,1
A00719,2025-02-28,277.35,0.0,277.35,0,1
A00720,2025-02-28,3282.59,0.0,3282.59,0,1
A00721,2025-02-28,1618.45,0.0,1618.45,0,1
A00722,2025-02-28,985.17,0.0,985.17,0,1
A00723,2025-02-28,488.18,0.0,488.18,0,1
A00724,2025-02-28,349.54,349.54,0.0,1,0
A00725,2025-02-28,472.52,0.0,472.52,0,1
A00726,2025-02-28,422.82,422.82,0.0,1,0
A00727,2025-02-28,1330.04,0.0,1330.04,0,1
A00728,2025-02-28,1708.83,0.0,1708.83,0,1
A00729,2025-02-28,1359.12,1359.12,0.0,1,0
A00730,2025-02-28,1717.6,1717.6,0.0,1,0
A00731,2025-02-28,190.61,0.0,190.61,0,1
A00732,2025-02-28,476.41,0.0,476.41,0,1
A00733,2025-02-28,614.74,0.0,614.74,0,1
A00734,2025-02-28,537.96,0.0,537.96,0,1
A00735,2025-02-28,612.1,0.0,612.1,0,1
A00736,2025-02-28,512.85,512.85,0.0,1,0
A00737,2025-02-28,3473.25,0.0,3473.25,0,1
A00738,2025-02-28,1118.87,1118.87,0.0,1,0
A00739,2025-02-28,1988.73,0.0,1988.73,0,1
A00740,2025-02-28,1053.52,0.0,1053.52,0,1
A00741,2025-02-28,2030.19,0.0,2030.19,0,1
A00742,2025-02-28,1779.2,1779.2,0.0,1,0
A00743,2025-02-28,1403.39,0.0,1403.39,0,1
A00744,2025-02-28,1872.86,0.0,1872.86,0,1
A00745,2025-02-28,915.89,915.89,0.0,1,0
A00746,2025-02-28,2567.13,0.0,2567.13,0,1
A00747,2025-02-28,294.99,294.99,0.0,1,0
A00748,2025-02-28,1064.3,0.0,1064.3,0,1
A00749,2025-02-28,643.37,0.0,643.37,0,1
A00750,2025-02-28,1908.53,1908.53,0.0,1,0
A00751,2025-02-28,2502.43,0.0,2502.43,0,1
A00752,2025-02-28,2930.37,2930.37,0.0,1,0
A00753,2025-02-28,1239.59,1239.59,0.0,1,0
A00754,2025-02-28,1676.02,0.0,1676.02,0,1
A00755,2025-02-28,1746.75,1746.75,0.0,1,0
A00756,2025-02-28,252.8,0.0,252.8,0,1
A00757,2025-02-28,831.49,831.49,0.0,1,0
A00758,2025-02-28,1314.41,0.0,1314.41,0,1
A00759,2025-02-28,646.49,0.0,646.49,0,1
A00760,2025-02-28,1232.96,1232.96,0.0,1,0
A00761,2025-02-28,1575.5,0.0,1575.5,0,1
A00762,2025-02-28,2362.84,0.0,2362.84,0,1
A00763,2025-02-28,407.13,0.0,407.13,0,1
A00764,2025-02-28,955.8,955.8,0.0,1,0
A00765,2025-02-28,1175.87,0.0,1175.87,0,1
A00766,2025-02-28,595.08,0.0,595.08,0,1
A00767,2025-02-28,126.95,0.0,126.95,0,1
A00768,2025-02-28,60.1,0.0,60.1,0,1
A00769,2025-02-28,1379.7,1379.7,0.0,1,0
A00770,2025-02-28,1358.18,0.0,1358.18,0,1
A00771,2025-02-28,282.47,0.0,282.47,0,1
A00772,2025-02-28,2408.9,0.0,2408.9,0,1
A00773,2025-02-28,352.08,0.0,352.08,0,1
A00774,2025-02-28,3415.93,3415.93,0.0,1,0
A00775,2025-02-28,965.66,0.0,965.66,0,1
A00776,2025-02-28,1923.4,1923.4,0.0,1,0
A00777,2025-02-28,1499.68,0.0,1499.68,0,1
A00778,2025-02-28,1433.96,0.0,1433.96,0,1
A00779,2025-02-28,6730.74,0.0,6730.74,0,1
A00780,2025-02-28,704.24,704.24,0.0,1,0
A00781,2025-02-28,1779.72,0.0,1779.72,0,1
A00782,2025-02-28,1620.83,0.0,1620.83,0,1
A00783,2025-02-28,212.53,212.53,0.0,1,0
A00784,2025-02-28,631.76,0.0,631.76,0,1
A00785,2025-02-28,843.13,0.0,843.13,0,1
A00786,2025-02-28,660.34,0.0,660.34,0,1
A00787,2025-02-28,105.44,0.0,105.44,0,1
A00788,2025-02-28,488.5,0.0,488.5,0,1
A00789,2025-02-28,3151.85,0.0,3151.85,0,1
A00790,2025-02-28,871.86,0.0,871.86,0,1
A00791,2025-02-28,1448.78,0.0,1448.78,0,1
A00792,2025-02-28,5761.33,0.0,5761.33,0,1
A00793,2025-02-28,626.96,626.96,0.0,1,0
A00794,2025-02-28,1453.38,1453.38,0.0,1,0
A00795,2025-02-28,992.8,0.0,992.8,0,1
A00796,2025-02-28,846.29,0.0,846.29,0,1
A00797,2025-02-28,3273.01,0.0,3273.01,0,1
A00798,2025-02-28,1114.46,0.0,1114.46,0,1
A00799,2025-02-28,1878.55,1878.55,0.0,1,0
A00800,2025-02-28,340.81,0.0,340.81,0,1
A00801,2025-02-28,1720.01,1720.01,0.0,1,0
A00802,2025-02-28,877.18,0.0,877.18,0,1
A00803,2025-02-28,2291.53,0.0,2291.53,0,1
A00804,2025-02-28,847.15,0.0,847.15,0,1
A00805,2025-02-28,2407.18,2407.18,0.0,1,0
A00806,2025-02-28,2005.13,0.0,2005.13,0,1
A00807,2025-02-28,3270.07,0.0,3270.07,0,1
A00808,2025-02-28,1774.65,1774.65,0.0,1,0
A00809,2025-02-28,1473.43,1473.43,0.0,1,0
A00810,2025-02-28,348.24,0.0,348.24,0,1
A00811,2025-02-28,1051.57,0.0,1051.57,0,1
A00812,2025-02-28,641.97,641.97,0.0,1,0
A00813,2025-02-28,862.46,0.0,862.46,0,1
A00814,2025-02-28,3407.95,0.0,3407.95,0,1
A00815,2025-02-28,602.36,602.36,0.0,1,0
A00816,2025-02-28,2060.72,2060.72,0.0,1,0
A00817,2025-02-28,178.02,178.02,0.0,1,0
A00818,2025-02-28,475.72,0.0,475.72,0,1
A00819,2025-02-28,509.52,509.52,0.0,1,0
A00820,2025-02-28,319.67,319.67,0.0,1,0
A00821,2025-02-28,1202.66,0.0,1202.66,0,1
A00822,2025-02-28,1391.85,0.0,1391.85,0,1
A00823,2025-02-28,607.95,0.0,607.95,0,1
A00824,2025-02-28,1775.68,1775.68,0.0,1,0
A00825,2025-02-28,1158.85,0.0,1158.85,0,1
A00826,2025-02-28,794.72,794.72,0.0,1,0
A00827,2025-02-28,500.22,0.0,500.22,0,1
A00828,2025-02-28,394.68,0.0,394.68,0,1
A00829,2025-02-28,928.34,0.0,928.34,0,1
A00830,2025-02-28,1691.35,1691.35,0.0,1,0
A00831,2025-02-28,820.36,820.36,0.0,1,0
A00832,2025-02-28,2261.35,0.0,2261.35,0,1
A00833,2025-02-28,406.06,0.0,406.06,0,1
A00834,2025-02-28,407.66,0.0,407.66,0,1
A00835,2025-02-28,2440.79,2440.79,0.0,1,0
A00836,2025-02-28,565.72,565.72,0.0,1,0
A00837,2025-02-28,386.97,386.97,0.0,1,0
A00838,2025-02-28,2857.91,2857.91,0.0,1,0
A00839,2025-02-28,992.68,992.68,0.0,1,0
A00840,2025-02-28,909.0,0.0,909.0,0,1
A00841,2025-02-28,226.27,0.0,226.27,0,1
A00842,2025-02-28,1609.92,0.0,1609.92,0,1
A00843,2025-02-28,2624.79,0.0,2624.79,0,1
A00844,2025-02-28,447.67,0.0,447.67,0,1
A00845,2025-02-28,1717.68,1717.68,0.0,1,0
A00846,2025-02-28,1168.03,0.0,1168.03,0,1
A00847,2025-02-28,616.31,0.0,616.31,0,1
A00848,2025-02-28,1533.8,1533.8,0.0,1,0
A00849,2025-02-28,2617.73,2617.73,0.0,1,0
A00850,2025-02-28,294.89,294.89,0.0,1,0
A00851,2025-02-28,1507.88,0.0,1507.88,0,1
A00852,2025-02-28,127.58,127.58,0.0,1,0
A00853,2025-02-28,4392.89,0.0,4392.89,0,1
A00854,2025-02-28,782.24,0.0,782.24,0,1
A00855,2025-02-28,1884.51,1884.51,0.0,1,0
A00856,2025-02-28,1298.13,0.0,1298.13,0,1
A00857,2025-02-28,1165.91,1165.91,0.0,1,0
A00858,2025-02-28,886.91,0.0,886.91,0,1
A00859,2025-02-28,924.34,924.34,0.0,1,0
A00860,2025-02-28,794.5,794.5,0.0,1,0
A00861,2025-02-28,661.63,0.0,661.63,0,1
A00862,2025-02-28,1215.8,0.0,1215.8,0,1
A00863,2025-02-28,257.92,257.92,0.0,1,0
A00864,2025-02-28,434.85,434.85,0.0,1,0
A00865,2025-02-28,3317.43,0.0,3317.43,0,1
A00866,2025-02-28,401.31,401.31,0.0,1,0
A00867,2025-02-28,503.72,503.72,0.0,1,0
A00868,2025-02-28,775.16,0.0,775.16,0,1
A00869,2025-02-28,445.95,0.0,445.95,0,1
A00870,2025-02-28,256.32,0.0,256.32,0,1
A00871,2025-02-28,846.93,0.0,846.93,0,1
A00872,2025-02-28,1041.71,0.0,1041.71,0,1
A00873,2025-02-28,1061.3,0.0,1061.3,0,1
A00874,2025-02-28,2504.05,0.0,2504.05,0,1
A00875,2025-02-28,1027.12,1027.12,0.0,1,0
A00876,2025-02-28,2220.79,2220.79,0.0,1,0
A00877,2025-02-28,474.08,0.0,474.08,0,1
A00878,2025-02-28,233.63,233.63,0.0,1,0
A00879,2025-02-28,596.52,0.0,596.52,0,1
A00880,2025-02-28,1769.81,1769.81,0.0,1,0
A00881,2025-02-28,3371.99,3371.99,0.0,1,0
A00882,2025-02-28,1497.13,1497.13,0.0,1,0
A00883,2025-02-28,707.2,707.2,0.0,1,0
A00884,2025-02-28,2164.73,0.0,2164.73,0,1
A00885,2025-02-28,1060.02,0.0,1060.02,0,1
A00886,2025-02-28,1588.41,0.0,1588.41,0,1
A00887,2025-02-28,2673.06,0.0,2673.06,0,1
A00888,2025-02-28,421.35,421.35,0.0,1,0
A00889,2025-02-28,4924.64,0.0,4924.64,0,1
A00890,2025-02-28,1095.19,0.0,1095.19,0,1
A00891,2025-02-28,2446.54,0.0,2446.54,0,1
A00892,2025-02-28,1745.39,0.0,1745.39,0,1
A00893,2025-02-28,821.59,0.0,821.59,0,1
A00894,2025-02-28,534.16,534.16,0.0,1,0
A00895,2025-02-28,346.54,346.54,0.0,1,0
A00896,2025-02-28,499.19,0.0,499.19,0,1
A00897,2025-02-28,379.99,379.99,0.0,1,0
A00898,2025-02-28,101.49,0.0,101.49,0,1
A00899,2025-02-28,845.28,845.28,0.0,1,0
A00900,2025-02-28,674.25,0.0,674.25,0,1
A00901,2025-02-28,627.65,0.0,627.65,0,1
A00902,2025-02-28,1596.55,1596.55,0.0,1,0
A00903,2025-02-28,405.26,0.0,405.26,0,1
A00904,2025-02-28,1431.64,0.0,1431.64,0,1
A00905,2025-02-28,3079.6,0.0,3079.6,0,1
A00906,2025-02-28,992.26,992.26,0.0,1,0
A00907,2025-02-28,1623.88,1623.88,0.0,1,0
A00908,2025-02-28,271.16,271.16,0.0,1,0
A00909,2025-02-28,1287.19,0.0,1287.19,0,1
A00910,2025-02-28,450.6,0.0,450.6,0,1
A00911,2025-02-28,145.05,0.0,145.05,0,1
A00912,2025-02-28,718.11,0.0,718.11,0,1
A00913,2025-02-28,615.22,615.22,0.0,1,0
A00914,2025-02-28,2774.34,0.0,2774.34,0,1
A00915,2025-02-28,2848.46,0.0,2848.46,0,1
A00916,2025-02-28,1343.15,0.0,1343.15,0,1
A00917,2025-02-28,1126.53,0.0,1126.53,0,1
A00918,2025-02-28,874.81,0.0,874.81,0,1
A00919,2025-02-28,811.15,811.15,0.0,1,0
A00920,2025-02-28,573.36,0.0,573.36,0,1
A00921,2025-02-28,1192.42,1192.42,0.0,1,0
A00922,2025-02-28,732.93,732.93,0.0,1,0
A00923,2025-02-28,1111.88,0.0,1111.88,0,1
A00924,2025-02-28,1128.78,0.0,1128.78,0,1
A00925,2025-02-28,1146.62,0.0,1146.62,0,1
A00926,2025-02-28,382.45,0.0,382.45,0,1
A00927,2025-02-28,314.79,0.0,314.79,0,1
A00928,2025-02-28,797.54,0.0,797.54,0,1
A00929,2025-02-28,619.86,0.0,619.86,0,1
A00930,2025-02-28,834.0,0.0,834.0,0,1
A00931,2025-02-28,1344.4,1344.4,0.0,1,0
A00932,2025-02-28,1284.93,1284.93,0.0,1,0
A00933,2025-02-28,986.08,986.08,0.0,1,0
A00934,2025-02-28,103.57,103.57,0.0,1,0
A00935,2025-02-28,156.7,0.0,156.7,0,1
A00936,2025-02-28,702.82,702.82,0.0,1,0
A00937,2025-02-28,364.6,0.0,364.6,0,1
A00938,2025-02-28,73.0,0.0,73.0,0,1
A00939,2025-02-28,869.88,0.0,869.88,0,1
A00940,2025-02-28,312.47,0.0,312.47,0,1
A00941,2025-02-28,1328.65,0.0,1328.65,0,1
A00942,2025-02-28,4484.79,4484.79,0.0,1,0
A00943,2025-02-28,693.78,0.0,693.78,0,1
A00944,2025-02-28,714.92,0.0,714.92,0,1
A00945,2025-02-28,2304.5,0.0,2304.5,0,1
A00946,2025-02-28,726.79,0.0,726.79,0,1
A00947,2025-02-28,1863.99,0.0,1863.99,0,1
A00948,2025-02-28,2006.6,0.0,2006.6,0,1
A00949,2025-02-28,1049.49,0.0,1049.49,0,1
A00950,2025-02-28,441.48,441.48,0.0,1,0
A00951,2025-02-28,2266.7,0.0,2266.7,0,1
A00952,2025-02-28,523.79,0.0,523.79,0,1
A00953,2025-02-28,1900.69,1900.69,0.0,1,0
A00954,2025-02-28,486.45,0.0,486.45,0,1
A00955,2025-02-28,832.69,0.0,832.69,0,1
A00956,2025-02-28,980.09,980.09,0.0,1,0
A00957,2025-02-28,148.52,0.0,148.52,0,1
A00958,2025-02-28,2280.02,0.0,2280.02,0,1
A00959,2025-02-28,433.66,0.0,433.66,0,1
A00960,2025-02-28,783.42,0.0,783.42,0,1
A00961,2025-02-28,3714.99,3714.99,0.0,1,0
A00962,2025-02-28,770.69,0.0,770.69,0,1
A00963,2025-02-28,1768.03,0.0,1768.03,0,1
A00964,2025-02-28,1962.12,0.0,1962.12,0,1
A00965,2025-02-28,860.69,0.0,860.69,0,1
A00966,2025-02-28,913.14,913.14,0.0,1,0
A00967,2025-02-28,966.34,0.0,966.34,0,1
A00968,2025-02-28,1581.12,0.0,1581.12,0,1
A00969,2025-02-28,1693.83,0.0,1693.83,0,1
A00970,2025-02-28,1184.1,0.0,1184.1,0,1
A00971,2025-02-28,667.15,0.0,667.15,0,1
A00972,2025-02-28,1109.61,0.0,1109.61,0,1
A00973,2025-02-28,1185.53,1185.53,0.0,1,0
A00974,2025-02-28,1655.2,0.0,1655.2,0,1
A00975,2025-02-28,1357.48,0.0,1357.48,0,1
A00976,2025-02-28,859.62,859.62,0.0,1,0
A00977,2025-02-28,55.54,0.0,55.54,0,1
A00978,2025-02-28,2255.53,2255.53,0.0,1,0
A00979,2025-02-28,614.55,0.0,614.55,0,1
A00980,2025-02-28,1162.65,1162.65,0.0,1,0
A00981,2025-02-28,1293.87,1293.87,0.0,1,0
A00982,2025-02-28,1442.33,0.0,1442.33,0,1
A00983,2025-02-28,92.78,92.78,0.0,1,0
A00984,2025-02-28,916.05,0.0,916.05,0,1
A00985,2025-02-28,782.32,0.0,782.32,0,1
A00986,2025-02-28,135.16,0.0,135.16,0,1
A00987,2025-02-28,373.07,0.0,373.07,0,1
A00988,2025-02-28,4985.12,0.0,4985.12,0,1
A00989,2025-02-28,902.41,902.41,0.0,1,0
A00990,2025-02-28,2317.25,0.0,2317.25,0,1
A00991,2025-02-28,230.73,230.73,0.0,1,0
A00992,2025-02-28,1084.12,0.0,1084.12,0,1
A00993,2025-02-28,1032.91,0.0,1032.91,0,1
A00994,2025-02-28,391.02,0.0,391.02,0,1
A00995,2025-02-28,1519.5,1519.5,0.0,1,0
A00996,2025-02-28,980.81,0.0,980.81,0,1
A00997,2025-02-28,1195.9,0.0,1195.9,0,1
A00998,2025-02-28,2356.08,2356.08,0.0,1,0
A00999,2025-02-28,388.4,0.0,388.4,0,1
A01000,2025-02-28,577.19,577.19,0.0,1,0
A01001,2025-02-28,661.72,661.72,0.0,1,0
A01002,2025-02-28,768.17,0.0,768.17,0,1
A01003,2025-02-28,1670.57,0.0,1670.57,0,1
A01004,2025-02-28,1032.4,1032.4,0.0,1,0
A01005,2025-02-28,573.8,573.8,0.0,1,0
A01006,2025-02-28,1734.72,0.0,1734.72,0,1
A01007,2025-02-28,1885.47,1885.47,0.0,1,0
A01008,2025-02-28,1671.6,1671.6,0.0,1,0
A01009,2025-02-28,1863.69,0.0,1863.69,0,1
A01010,2025-02-28,596.42,596.42,0.0,1,0
A01011,2025-02-28,1141.83,1141.83,0.0,1,0
A01012,2025-02-28,205.31,205.31,0.0,1,0
A01013,2025-02-28,1274.96,1274.96,0.0,1,0
A01014,2025-02-28,933.57,0.0,933.57,0,1
A01015,2025-02-28,972.67,0.0,972.67,0,1
A01016,2025-02-28,1340.0,0.0,1340.0,0,1
A01017,2025-02-28,1399.89,0.0,1399.89,0,1
A01018,2025-02-28,766.72,0.0,766.72,0,1
A01019,2025-02-28,1004.26,1004.26,0.0,1,0
A01020,2025-02-28,700.42,700.42,0.0,1,0
A01021,2025-02-28,1464.34,1464.34,0.0,1,0
A01022,2025-02-28,652.5,0.0,652.5,0,1
A01023,2025-02-28,1545.24,1545.24,0.0,1,0
A01024,2025-02-28,496.53,496.53,0.0,1,0
A01025,2025-02-28,1847.93,1847.93,0.0,1,0
A01026,2025-02-28,302.77,0.0,302.77,0,1
A01027,2025-02-28,202.5,0.0,202.5,0,1
A01028,2025-02-28,1735.97,1735.97,0.0,1,0
A01029,2025-02-28,697.63,697.63,0.0,1,0
A01030,2025-02-28,482.82,0.0,482.82,0,1
A01031,2025-02-28,684.24,0.0,684.24,0,1
A01032,2025-02-28,1768.15,0.0,1768.15,0,1
A01033,2025-02-28,896.98,0.0,896.98,0,1
A01034,2025-02-28,1677.92,1677.92,0.0,1,0
A01035,2025-02-28,993.1,993.1,0.0,1,0
A01036,2025-02-28,55.37,0.0,55.37,0,1
A01037,2025-02-28,245.72,0.0,245.72,0,1
A01038,2025-02-28,326.03,0.0,326.03,0,1
A01039,2025-02-28,1661.48,0.0,1661.48,0,1
A01040,2025-02-28,628.99,628.99,0.0,1,0
A01041,2025-02-28,1177.58,0.0,1177.58,0,1
A01042,2025-02-28,1671.43,1671.43,0.0,1,0
A01043,2025-02-28,784.57,0.0,784.57,0,1
A01044,2025-02-28,674.6,0.0,674.6,0,1
A01045,2025-02-28,814.58,0.0,814.58,0,1
A01046,2025-02-28,1070.3,0.0,1070.3,0,1
A01047,2025-02-28,1818.05,1818.05,0.0,1,0
A01048,2025-02-28,737.38,0.0,737.38,0,1
A01049,2025-02-28,360.14,360.14,0.0,1,0
A01050,2025-02-28,2259.07,0.0,2259.07,0,1
A01051,2025-02-28,988.65,988.65,0.0,1,0
A01052,2025-02-28,282.76,0.0,282.76,0,1
A01053,2025-02-28,1367.19,0.0,1367.19,0,1
A01054,2025-02-28,247.9,0.0,247.9,0,1
A01055,2025-02-28,1175.43,1175.43,0.0,1,0
A01056,2025-02-28,1427.28,0.0,1427.28,0,1
A01057,2025-02-28,108.24,108.24,0.0,1,0
A01058,2025-02-28,1015.41,0.0,1015.41,0,1
A01059,2025-02-28,1156.72,1156.72,0.0,1,0
A01060,2025-02-28,664.07,0.0,664.07,0,1
A01061,2025-02-28,1411.8,1411.8,0.0,1,0
A01062,2025-02-28,677.26,677.26,0.0,1,0
A01063,2025-02-28,510.65,510.65,0.0,1,0
A01064,2025-02-28,985.41,0.0,985.41,0,1
A01065,2025-02-28,1945.49,0.0,1945.49,0,1
A01066,2025-02-28,1922.24,1922.24,0.0,1,0
A01067,2025-02-28,827.65,0.0,827.65,0,1
A01068,2025-02-28,2796.89,2796.89,0.0,1,0
A01069,2025-02-28,1004.68,0.0,1004.68,0,1
A01070,2025-02-28,2856.91,0.0,2856.91,0,1
A01071,2025-02-28,2522.24,0.0,2522.24,0,1
A01072,2025-02-28,600.49,0.0,600.49,0,1
A01073,2025-02-28,1260.14,1260.14,0.0,1,0
A01074,2025-02-28,2384.35,0.0,2384.35,0,1
A01075,2025-02-28,266.8,0.0,266.8,0,1
A01076,2025-02-28,1108.72,1108.72,0.0,1,0
A01077,2025-02-28,1635.11,1635.11,0.0,1,0
A01078,2025-02-28,1356.86,1356.86,0.0,1,0
A01079,2025-02-28,2629.09,0.0,2629.09,0,1
A01080,2025-02-28,356.27,0.0,356.27,0,1
A01081,2025-02-28,2649.23,0.0,2649.23,0,1
A01082,2025-02-28,852.51,852.51,0.0,1,0
A01083,2025-02-28,1282.99,0.0,1282.99,0,1
A01084,2025-02-28,470.29,470.29,0.0,1,0
A01085,2025-02-28,1862.03,0.0,1862.03,0,1
A01086,2025-02-28,170.32,0.0,170.32,0,1
A01087,2025-02-28,789.74,789.74,0.0,1,0
A01088,2025-02-28,623.88,0.0,623.88,0,1
A01089,2025-02-28,1175.72,1175.72,0.0,1,0
A01090,2025-02-28,1031.16,0.0,1031.16,0,1
A01091,2025-02-28,1120.9,0.0,1120.9,0,1
A01092,2025-02-28,1637.68,1637.68,0.0,1,0
A01093,2025-02-28,511.57,511.57,0.0,1,0
A01094,2025-02-28,1281.95,0.0,1281.95,0,1
A01095,2025-02-28,2080.42,0.0,2080.42,0,1
A01096,2025-02-28,1754.91,0.0,1754.91,0,1
A01097,2025-02-28,852.08,852.08,0.0,1,0
A01098,2025-02-28,839.07,0.0,839.07,0,1
A01099,2025-02-28,2061.92,2061.92,0.0,1,0
A01100,2025-02-28,1068.21,1068.21,0.0,1,0
A01101,2025-02-28,2103.8,0.0,2103.8,0,1
A01102,2025-02-28,1116.74,1116.74,0.0,1,0
A01103,2025-02-28,554.21,0.0,554.21,0,1
A01104,2025-02-28,285.99,285.99,0.0,1,0
A01105,2025-02-28,1882.16,1882.16,0.0,1,0
A01106,2025-02-28,174.09,0.0,174.09,0,1
A01107,2025-02-28,554.98,554.98,0.0,1,0
A01108,2025-02-28,2569.4,2569.4,0.0,1,0
A01109,2025-02-28,364.6,0.0,364.6,0,1
A01110,2025-02-28,502.69,0.0,502.69,0,1
A01111,2025-02-28,1511.89,0.0,1511.89,0,1
A01112,2025-02-28,1139.94,1139.94,0.0,1,0
A01113,2025-02-28,818.23,0.0,818.23,0,1
A01114,2025-02-28,1463.45,0.0,1463.45,0,1
A01115,2025-02-28,1001.32,0.0,1001.32,0,1
A01116,2025-02-28,84.99,0.0,84.99,0,1
A01117,2025-02-28,584.06,0.0,584.06,0,1
A01118,2025-02-28,458.02,458.02,0.0,1,0
A01119,2025-02-28,1164.52,1164.52,0.0,1,0
A01120,2025-02-28,839.46,0.0,839.46,0,1
A01121,2025-02-28,2206.0,0.0,2206.0,0,1
A01122,2025-02-28,182.73,182.73,0.0,1,0
A01123,2025-02-28,2157.43,0.0,2157.43,0,1
A01124,2025-02-28,446.56,446.56,0.0,1,0
A01125,2025-02-28,3445.07,0.0,3445.07,0,1
A01126,2025-02-28,1659.95,0.0,1659.95,0,1
A01127,2025-02-28,1013.15,0.0,1013.15,0,1
A01128,2025-02-28,781.55,781.55,0.0,1,0
A01129,2025-02-28,1608.19,0.0,1608.19,0,1
A01130,2025-02-28,1757.93,0.0,1757.93,0,1
A01131,2025-02-28,1396.15,1396.15,0.0,1,0
A01132,2025-02-28,191.02,0.0,191.02,0,1
A01133,2025-02-28,1927.88,0.0,1927.88,0,1
A01134,2025-02-28,1481.42,0.0,1481.42,0,1
A01135,2025-02-28,271.74,0.0,271.74,0,1
A01136,2025-02-28,1979.43,0.0,1979.43,0,1
A01137,2025-02-28,1184.47,0.0,1184.47,0,1
A01138,2025-02-28,2191.12,0.0,2191.12,0,1
A01139,2025-02-28,600.85,0.0,600.85,0,1
A01140,2025-02-28,1484.27,0.0,1484.27,0,1
A01141,2025-02-28,1602.9,0.0,1602.9,0,1
A01142,2025-02-28,1157.41,1157.41,0.0,1,0
A01143,2025-02-28,1262.11,0.0,1262.11,0,1
A01144,2025-02-28,816.1,0.0,816.1,0,1
A01145,2025-02-28,825.59,0.0,825.59,0,1
A01146,2025-02-28,91.64,0.0,91.64,0,1
A01147,2025-02-28,507.95,507.95,0.0,1,0
A01148,2025-02-28,942.49,942.49,0.0,1,0
A01149,2025-02-28,1305.33,1305.33,0.0,1,0
A01150,2025-02-28,1124.36,0.0,1124.36,0,1
A01151,2025-02-28,1690.55,1690.55,0.0,1,0
A01152,2025-02-28,426.63,0.0,426.63,0,1
A01153,2025-02-28,4836.32,4836.32,0.0,1,0
A01154,2025-02-28,756.18,0.0,756.18,0,1
A01155,2025-02-28,909.43,0.0,909.43,0,1
A01156,2025-02-28,2456.97,2456.97,0.0,1,0
A01157,2025-02-28,1408.3,0.0,1408.3,0,1
A01158,2025-02-28,1147.74,0.0,1147.74,0,1
A01159,2025-02-28,591.01,0.0,591.01,0,1
A01160,2025-02-28,2005.96,0.0,2005.96,0,1
A01161,2025-02-28,1645.64,1645.64,0.0,1,0
A01162,2025-02-28,1865.1,0.0,1865.1,0,1
A01163,2025-02-28,624.09,624.09,0.0,1,0
A01164,2025-02-28,2181.5,0.0,2181.5,0,1
A01165,2025-02-28,641.46,641.46,0.0,1,0
A01166,2025-02-28,895.65,895.65,0.0,1,0
A01167,2025-02-28,760.36,0.0,760.36,0,1
A01168,2025-02-28,1693.22,0.0,1693.22,0,1
A01169,2025-02-28,605.71,0.0,605.71,0,1
A01170,2025-02-28,1393.03,1393.03,0.0,1,0
A01171,2025-02-28,1148.49,1148.49,0.0,1,0
A01172,2025-02-28,2006.52,2006.52,0.0,1,0
A01173,2025-02-28,720.63,0.0,720.63,0,1
A01174,2025-02-28,149.27,0.0,149.27,0,1
A01175,2025-02-28,977.09,0.0,977.09,0,1
A01176,2025-02-28,1867.97,0.0,1867.97,0,1
A01177,2025-02-28,1665.95,1665.95,0.0,1,0
A01178,2025-02-28,832.29,832.29,0.0,1,0
A01179,2025-02-28,780.38,780.38,0.0,1,0
A01180,2025-02-28,278.25,0.0,278.25,0,1
A01181,2025-02-28,507.53,0.0,507.53,0,1
A01182,2025-02-28,1263.12,0.0,1263.12,0,1
A01183,2025-02-28,409.1,409.1,0.0,1,0
A01184,2025-02-28,644.84,0.0,644.84,0,1
A01185,2025-02-28,1151.93,0.0,1151.93,0,1
A01186,2025-02-28,1600.12,0.0,1600.12,0,1
A01187,2025-02-28,638.94,0.0,638.94,0,1
A01188,2025-02-28,578.45,0.0,578.45,0,1
A01189,2025-02-28,1396.12,1396.12,0.0,1,0
A01190,2025-02-28,1044.84,1044.84,0.0,1,0
A01191,2025-02-28,217.23,0.0,217.23,0,1
A01192,2025-02-28,339.6,0.0,339.6,0,1
A01193,2025-02-28,242.22,0.0,242.22,0,1
A01194,2025-02-28,663.61,663.61,0.0,1,0
A01195,2025-02-28,446.27,446.27,0.0,1,0
A01196,2025-02-28,2665.67,2665.67,0.0,1,0
A01197,2025-02-28,1151.99,1151.99,0.0,1,0
A01198,2025-02-28,1820.06,0.0,1820.06,0,1
A01199,2025-02-28,249.48,0.0,249.48,0,1
A01200,2025-02-28,707.86,0.0,707.86,0,1
A01201,2025-02-28,322.88,0.0,322.88,0,1
A01202,2025-02-28,758.76,0.0,758.76,0,1
A01203,2025-02-28,2025.28,0.0,2025.28,0,1
A01204,2025-02-28,1271.67,0.0,1271.67,0,1
A01205,2025-02-28,981.28,981.28,0.0,1,0
A01206,2025-02-28,759.16,0.0,759.16,0,1
A01207,2025-02-28,876.7,876.7,0.0,1,0
A01208,2025-02-28,554.9,0.0,554.9,0,1
A01209,2025-02-28,1612.55,1612.55,0.0,1,0
A01210,2025-02-28,1517.92,1517.92,0.0,1,0
A01211,2025-02-28,1811.36,0.0,1811.36,0,1
A01212,2025-02-28,560.23,560.23,0.0,1,0
A01213,2025-02-28,100.31,0.0,100.31,0,1
A01214,2025-02-28,1004.66,0.0,1004.66,0,1
A01215,2025-02-28,1805.51,0.0,1805.51,0,1
A01216,2025-02-28,1099.51,0.0,1099.51,0,1
A01217,2025-02-28,1498.96,1498.96,0.0,1,0
A01218,2025-02-28,796.09,796.09,0.0,1,0
A01219,2025-02-28,1187.36,0.0,1187.36,0,1
A01220,2025-02-28,419.96,0.0,419.96,0,1
A01221,2025-02-28,827.9,0.0,827.9,0,1
A01222,2025-02-28,594.74,594.74,0.0,1,0
A01223,2025-02-28,1562.96,0.0,1562.96,0,1
A01224,2025-02-28,2058.96,2058.96,0.0,1,0
A01225,2025-02-28,1143.82,1143.82,0.0,1,0
A01226,2025-02-28,643.17,643.17,0.0,1,0
A01227,2025-02-28,660.74,660.74,0.0,1,0
A01228,2025-02-28,819.15,819.15,0.0,1,0
A01229,2025-02-28,1605.72,0.0,1605.72,0,1
A01230,2025-02-28,124.97,0.0,124.97,0,1
A01231,2025-02-28,1785.56,0.0,1785.56,0,1
A01232,2025-02-28,1523.52,0.0,1523.52,0,1
A01233,2025-02-28,1726.06,0.0,1726.06,0,1
A01234,2025-02-28,749.54,0.0,749.54,0,1
A01235,2025-02-28,1391.94,0.0,1391.94,0,1
A01236,2025-02-28,154.4,154.4,0.0,1,0
A01237,2025-02-28,1853.46,1853.46,0.0,1,0
A01238,2025-02-28,879.99,879.99,0.0,1,0
A01239,2025-02-28,750.6,750.6,0.0,1,0
A01240,2025-02-28,2312.28,0.0,2312.28,0,1
A01241,2025-02-28,582.43,582.43,0.0,1,0
A01242,2025-02-28,1325.7,0.0,1325.7,0,1
A01243,2025-02-28,542.64,0.0,542.64,0,1
A01244,2025-02-28,947.65,0.0,947.65,0,1
A01245,2025-02-28,362.55,0.0,362.55,0,1
A01246,2025-02-28,2514.81,2514.81,0.0,1,0
A01247,2025-02-28,791.09,0.0,791.09,0,1
A01248,2025-02-28,679.05,679.05,0.0,1,0
A01249,2025-02-28,551.08,0.0,551.08,0,1
A01250,2025-02-28,817.52,817.52,0.0,1,0
A01251,2025-02-28,466.75,466.75,0.0,1,0
A01252,2025-02-28,1461.14,1461.14,0.0,1,0
A01253,2025-02-28,301.26,301.26,0.0,1,0
A01254,2025-02-28,1294.44,0.0,1294.44,0,1
A01255,2025-02-28,1756.77,1756.77,0.0,1,0
A01256,2025-02-28,1044.99,1044.99,0.0,1,0
A01257,2025-02-28,1349.58,0.0,1349.58,0,1
A01258,2025-02-28,602.74,0.0,602.74,0,1
A01259,2025-02-28,1935.42,0.0,1935.42,0,1
A01260,2025-02-28,494.18,0.0,494.18,0,1
A01261,2025-02-28,1602.3,1602.3,0.0,1,0
A01262,2025-02-28,2475.33,0.0,2475.33,0,1
A01263,2025-02-28,1897.01,0.0,1897.01,0,1
A01264,2025-02-28,1179.79,0.0,1179.79,0,1
A01265,2025-02-28,1033.14,0.0,1033.14,0,1
A01266,2025-02-28,509.71,0.0,509.71,0,1
A01267,2025-02-28,1006.29,1006.29,0.0,1,0
A01268,2025-02-28,2109.89,0.0,2109.89,0,1
A01269,2025-02-28,286.21,286.21,0.0,1,0
A01270,2025-02-28,2645.01,2645.01,0.0,1,0
A01271,2025-02-28,2035.01,0.0,2035.01,0,1
A01272,2025-02-28,778.79,778.79,0.0,1,0
A01273,2025-02-28,1178.93,1178.93,0.0,1,0
A01274,2025-02-28,259.09,0.0,259.09,0,1
A01275,2025-02-28,1108.35,0.0,1108.35,0,1
A01276,2025-02-28,1589.76,0.0,1589.76,0,1
A01277,2025-02-28,2110.67,2110.67,0.0,1,0
A01278,2025-02-28,2481.86,0.0,2481.86,0,1
A01279,2025-02-28,610.95,610.95,0.0,1,0
A01280,2025-02-28,3089.53,0.0,3089.53,0,1
A01281,2025-02-28,1618.26,1618.26,0.0,1,0
A01282,2025-02-28,316.35,316.35,0.0,1,0
A01283,2025-02-28,1452.08,1452.08,0.0,1,0
A01284,2025-02-28,1219.53,1219.53,0.0,1,0
A01285,2025-02-28,1043.09,0.0,1043.09,0,1
A01286,2025-02-28,120.77,120.77,0.0,1,0
A01287,2025-02-28,251.82,0.0,251.82,0,1
A01288,2025-02-28,593.84,0.0,593.84,0,1
A01289,2025-02-28,850.85,0.0,850.85,0,1
A01290,2025-02-28,1630.52,1630.52,0.0,1,0
A01291,2025-02-28,451.37,0.0,451.37,0,1
A01292,2025-02-28,1005.28,0.0,1005.28,0,1
A01293,2025-02-28,1318.31,1318.31,0.0,1,0
A01294,2025-02-28,2052.44,2052.44,0.0,1,0
A01295,2025-02-28,2030.72,0.0,2030.72,0,1
A01296,2025-02-28,634.84,634.84,0.0,1,0
A01297,2025-02-28,2049.59,2049.59,0.0,1,0
A01298,2025-02-28,1695.47,1695.47,0.0,1,0
A01299,2025-02-28,1242.53,0.0,1242.53,0,1
A01300,2025-02-28,530.27,530.27,0.0,1,0
A01301,2025-02-28,1710.98,1710.98,0.0,1,0
A01302,2025-02-28,463.06,0.0,463.06,0,1
A01303,2025-02-28,581.23,581.23,0.0,1,0
A01304,2025-02-28,479.33,0.0,479.33,0,1
A01305,2025-02-28,930.18,0.0,930.18,0,1
A01306,2025-02-28,1819.66,0.0,1819.66,0,1
A01307,2025-02-28,2113.2,0.0,2113.2,0,1
A01308,2025-02-28,2328.32,2328.32,0.0,1,0
A01309,2025-02-28,1093.55,1093.55,0.0,1,0
A01310,2025-02-28,121.12,0.0,121.12,0,1
A01311,2025-02-28,3549.65,0.0,3549.65,0,1
A01312,2025-02-28,1608.38,0.0,1608.38,0,1
A01313,2025-02-28,963.33,0.0,963.33,0,1
A01314,2025-02-28,1564.45,0.0,1564.45,0,1
A01315,2025-02-28,376.28,376.28,0.0,1,0
A01316,2025-02-28,1166.13,0.0,1166.13,0,1
A01317,2025-02-28,2975.94,2975.94,0.0,1,0
A01318,2025-02-28,810.2,0.0,810.2,0,1
A01319,2025-02-28,949.8,0.0,949.8,0,1
A01320,2025-02-28,5068.79,0.0,5068.79,0,1
A01321,2025-02-28,2200.94,2200.94,0.0,1,0
A01322,2025-02-28,2663.5,0.0,2663.5,0,1
A01323,2025-02-28,1469.75,0.0,1469.75,0,1
A01324,2025-02-28,3454.28,3454.28,0.0,1,0
A01325,2025-02-28,1159.45,0.0,1159.45,0,1
A01326,2025-02-28,161.44,161.44,0.0,1,0
A01327,2025-02-28,731.85,0.0,731.85,0,1
A01328,2025-02-28,773.2,773.2,0.0,1,0
A01329,2025-02-28,1231.84,1231.84,0.0,1,0
A01330,2025-02-28,1362.23,0.0,1362.23,0,1
A01331,2025-02-28,966.12,0.0,966.12,0,1
A01332,2025-02-28,419.46,0.0,419.46,0,1
A01333,2025-02-28,1117.15,0.0,1117.15,0,1
A01334,2025-02-28,1159.74,0.0,1159.74,0,1
A01335,2025-02-28,397.71,0.0,397.71,0,1
A01336,2025-02-28,454.92,0.0,454.92,0,1
A01337,2025-02-28,447.72,0.0,447.72,0,1
A01338,2025-02-28,481.01,0.0,481.01,0,1
A01339,2025-02-28,1632.84,0.0,1632.84,0,1
A01340,2025-02-28,1747.77,1747.77,0.0,1,0
A01341,2025-02-28,1292.0,0.0,1292.0,0,1
A01342,2025-02-28,771.74,0.0,771.74,0,1
A01343,2025-02-28,892.22,892.22,0.0,1,0
A01344,2025-02-28,784.68,0.0,784.68,0,1
A01345,2025-02-28,2186.62,2186.62,0.0,1,0
A01346,2025-02-28,630.92,630.92,0.0,1,0
A01347,2025-02-28,449.62,449.62,0.0,1,0
A01348,2025-02-28,494.39,0.0,494.39,0,1
A01349,2025-02-28,2132.44,0.0,2132.44,0,1
A01350,2025-02-28,699.73,699.73,0.0,1,0
A01351,2025-02-28,1576.66,0.0,1576.66,0,1
A01352,2025-02-28,1678.29,0.0,1678.29,0,1
A01353,2025-02-28,1719.77,1719.77,0.0,1,0
A01354,2025-02-28,469.02,0.0,469.02,0,1
A01355,2025-02-28,1642.56,0.0,1642.56,0,1
A01356,2025-02-28,1823.18,0.0,1823.18,0,1
A01357,2025-02-28,1852.32,1852.32,0.0,1,0
A01358,2025-02-28,2164.99,2164.99,0.0,1,0
A01359,2025-02-28,1938.96,1938.96,0.0,1,0
A01360,2025-02-28,410.3,0.0,410.3,0,1
A01361,2025-02-28,1424.93,0.0,1424.93,0,1
A01362,2025-02-28,563.5,0.0,563.5,0,1
A01363,2025-02-28,422.47,0.0,422.47,0,1
A01364,2025-02-28,2413.79,0.0,2413.79,0,1
A01365,2025-02-28,3110.58,0.0,3110.58,0,1
A01366,2025-02-28,1048.04,0.0,1048.04,0,1
A01367,2025-02-28,2047.0,0.0,2047.0,0,1
A01368,2025-02-28,865.91,865.91,0.0,1,0
A01369,2025-02-28,196.74,196.74,0.0,1,0
A01370,2025-02-28,1338.56,1338.56,0.0,1,0
A01371,2025-02-28,1207.64,0.0,1207.64,0,1
A01372,2025-02-28,459.26,459.26,0.0,1,0
A01373,2025-02-28,388.84,0.0,388.84,0,1
A01374,2025-02-28,429.72,429.72,0.0,1,0
A01375,2025-02-28,501.21,0.0,501.21,0,1
A01376,2025-02-28,1066.84,0.0,1066.84,0,1
A01377,2025-02-28,629.75,0.0,629.75,0,1
A01378,2025-02-28,1096.9,0.0,1096.9,0,1
A01379,2025-02-28,1396.08,0.0,1396.08,0,1
A01380,2025-02-28,208.09,208.09,0.0,1,0
A01381,2025-02-28,213.48,0.0,213.48,0,1
A01382,2025-02-28,817.66,0.0,817.66,0,1
A01383,2025-02-28,1569.45,1569.45,0.0,1,0
A01384,2025-02-28,2400.62,2400.62,0.0,1,0
A01385,2025-02-28,2112.1,2112.1,0.0,1,0
A01386,2025-02-28,1368.8,1368.8,0.0,1,0
A01387,2025-02-28,1148.76,1148.76,0.0,1,0
A01388,2025-02-28,212.79,0.0,212.79,0,1
A01389,2025-02-28,2367.22,0.0,2367.22,0,1
A01390,2025-02-28,678.48,0.0,678.48,0,1
A01391,2025-02-28,1869.12,0.0,1869.12,0,1
A01392,2025-02-28,2535.98,2535.98,0.0,1,0
A01393,2025-02-28,245.72,0.0,245.72,0,1
A01394,2025-02-28,1642.68,0.0,1642.68,0,1
A01395,2025-02-28,2210.09,0.0,2210.09,0,1
A01396,2025-02-28,481.93,0.0,481.93,0,1
A01397,2025-02-28,517.25,517.25,0.0,1,0
A01398,2025-02-28,218.32,0.0,218.32,0,1
A01399,2025-02-28,856.96,0.0,856.96,0,1
A01400,2025-02-28,3482.21,3482.21,0.0,1,0
A01401,2025-02-28,1704.2,1704.2,0.0,1,0
A01402,2025-02-28,250.32,0.0,250.32,0,1
A01403,2025-02-28,2136.44,0.0,2136.44,0,1
A01404,2025-02-28,222.37,222.37,0.0,1,0
A01405,2025-02-28,743.18,0.0,743.18,0,1
A01406,2025-02-28,164.33,164.33,0.0,1,0
A01407,2025-02-28,182.69,182.69,0.0,1,0
A01408,2025-02-28,1165.12,0.0,1165.12,0,1
A01409,2025-02-28,553.61,0.0,553.61,0,1
A01410,2025-02-28,159.37,159.37,0.0,1,0
A01411,2025-02-28,1327.69,0.0,1327.69,0,1
A01412,2025-02-28,1225.3,0.0,1225.3,0,1
A01413,2025-02-28,438.09,0.0,438.09,0,1
A01414,2025-02-28,1364.33,0.0,1364.33,0,1
A01415,2025-02-28,820.45,820.45,0.0,1,0
A01416,2025-02-28,1170.61,0.0,1170.61,0,1
A01417,2025-02-28,2389.86,0.0,2389.86,0,1
A01418,2025-02-28,2364.45,2364.45,0.0,1,0
A01419,2025-02-28,465.26,0.0,465.26,0,1
A01420,2025-02-28,335.05,0.0,335.05,0,1
A01421,2025-02-28,1366.07,1366.07,0.0,1,0
A01422,2025-02-28,213.01,213.01,0.0,1,0
A01423,2025-02-28,274.59,0.0,274.59,0,1
A01424,2025-02-28,1144.61,0.0,1144.61,0,1
A01425,2025-02-28,83.03,0.0,83.03,0,1
A01426,2025-02-28,775.33,0.0,775.33,0,1
A01427,2025-02-28,741.58,0.0,741.58,0,1
A01428,2025-02-28,79.05,79.05,0.0,1,0
A01429,2025-02-28,1930.7,0.0,1930.7,0,1
A01430,2025-02-28,1284.76,1284.76,0.0,1,0
A01431,2025-02-28,1012.92,0.0,1012.92,0,1
A01432,2025-02-28,575.42,575.42,0.0,1,0
A01433,2025-02-28,1254.18,0.0,1254.18,0,1
A01434,2025-02-28,954.95,954.95,0.0,1,0
A01435,2025-02-28,704.96,0.0,704.96,0,1
A01436,2025-02-28,1060.05,0.0,1060.05,0,1
A01437,2025-02-28,603.2,0.0,603.2,0,1
A01438,2025-02-28,1081.52,0.0,1081.52,0,1
A01439,2025-02-28,550.54,550.54,0.0,1,0
A01440,2025-02-28,683.57,0.0,683.57,0,1
A01441,2025-02-28,323.94,0.0,323.94,0,1
A01442,2025-02-28,551.87,0.0,551.87,0,1
A01443,2025-02-28,351.98,351.98,0.0,1,0
A01444,2025-02-28,1674.65,1674.65,0.0,1,0
A01445,2025-02-28,1221.35,1221.35,0.0,1,0
A01446,2025-02-28,2652.71,2652.71,0.0,1,0
A01447,2025-02-28,1937.51,0.0,1937.51,0,1
A01448,2025-02-28,252.44,252.44,0.0,1,0
A01449,2025-02-28,764.28,0.0,764.28,0,1
A01450,2025-02-28,1759.6,1759.6,0.0,1,0
A01451,2025-02-28,476.14,0.0,476.14,0,1
A01452,2025-02-28,702.28,702.28,0.0,1,0
A01453,2025-02-28,977.55,0.0,977.55,0,1
A01454,2025-02-28,619.02,619.02,0.0,1,0
A01455,2025-02-28,488.17,488.17,0.0,1,0
A01456,2025-02-28,1542.55,0.0,1542.55,0,1
A01457,2025-02-28,3120.54,3120.54,0.0,1,0
A01458,2025-02-28,674.11,0.0,674.11,0,1
A01459,2025-02-28,1202.96,0.0,1202.96,0,1
A01460,2025-02-28,886.38,0.0,886.38,0,1
A01461,2025-02-28,299.74,0.0,299.74,0,1
A01462,2025-02-28,322.77,0.0,322.77,0,1
A01463,2025-02-28,867.37,867.37,0.0,1,0
A01464,2025-02-28,1373.33,0.0,1373.33,0,1
A01465,2025-02-28,731.8,731.8,0.0,1,0
A01466,2025-02-28,407.28,0.0,407.28,0,1
A01467,2025-02-28,1319.42,1319.42,0.0,1,0
A01468,2025-02-28,603.75,603.75,0.0,1,0
A01469,2025-02-28,1216.8,0.0,1216.8,0,1
A01470,2025-02-28,908.56,0.0,908.56,0,1
A01471,2025-02-28,3004.37,3004.37,0.0,1,0
A01472,2025-02-28,2409.89,2409.89,0.0,1,0
A01473,2025-02-28,1950.23,0.0,1950.23,0,1
A01474,2025-02-28,2473.95,2473.95,0.0,1,0
A01475,2025-02-28,945.34,0.0,945.34,0,1
A01476,2025-02-28,1419.01,1419.01,0.0,1,0
A01477,2025-02-28,302.25,0.0,302.25,0,1
A01478,2025-02-28,971.67,0.0,971.67,0,1
A01479,2025-02-28,2646.0,0.0,2646.0,0,1
A01480,2025-02-28,1773.21,0.0,1773.21,0,1
A01481,2025-02-28,1054.96,1054.96,0.0,1,0
A01482,2025-02-28,1989.28,0.0,1989.28,0,1
A01483,2025-02-28,238.37,0.0,238.37,0,1
A01484,2025-02-28,2789.58,0.0,2789.58,0,1
A01485,2025-02-28,929.9,0.0,929.9,0,1
A01486,2025-02-28,158.18,0.0,158.18,0,1
A01487,2025-02-28,718.85,718.85,0.0,1,0
A01488,2025-02-28,1198.5,0.0,1198.5,0,1
A01489,2025-02-28,254.46,0.0,254.46,0,1
A01490,2025-02-28,684.96,0.0,684.96,0,1
A01491,2025-02-28,2074.61,2074.61,0.0,1,0
A01492,2025-02-28,907.46,0.0,907.46,0,1
A01493,2025-02-28,1382.27,0.0,1382.27,0,1
A01494,2025-02-28,444.26,444.26,0.0,1,0
A01495,2025-02-28,500.37,0.0,500.37,0,1
A01496,2025-02-28,391.33,0.0,391.33,0,1
A01497,2025-02-28,2495.76,2495.76,0.0,1,0
A01498,2025-02-28,1417.95,0.0,1417.95,0,1
A01499,2025-02-28,134.04,0.0,134.04,0,1
A01500,2025-02-28,373.31,0.0,373.31,0,1
A01501,2025-02-28,2184.49,2184.49,0.0,1,0
A01502,2025-02-28,1332.95,1332.95,0.0,1,0
A01503,2025-02-28,1327.63,1327.63,0.0,1,0
A01504,2025-02-28,640.76,0.0,640.76,0,1
A01505,2025-02-28,748.73,0.0,748.73,0,1
A01506,2025-02-28,822.67,0.0,822.67,0,1
A01507,2025-02-28,673.27,673.27,0.0,1,0
A01508,2025-02-28,1401.06,1401.06,0.0,1,0
A01509,2025-02-28,461.88,0.0,461.88,0,1
A01510,2025-02-28,3084.46,0.0,3084.46,0,1
A01511,2025-02-28,2880.13,0.0,2880.13,0,1
A01512,2025-02-28,1687.55,1687.55,0.0,1,0
A01513,2025-02-28,2053.12,2053.12,0.0,1,0
A01514,2025-02-28,2976.03,2976.03,0.0,1,0
A01515,2025-02-28,1293.45,0.0,1293.45,0,1
A01516,2025-02-28,523.13,0.0,523.13,0,1
A01517,2025-02-28,1519.89,0.0,1519.89,0,1
A01518,2025-02-28,1188.97,1188.97,0.0,1,0
A01519,2025-02-28,1046.8,0.0,1046.8,0,1
A01520,2025-02-28,981.5,981.5,0.0,1,0
A01521,2025-02-28,159.92,0.0,159.92,0,1
A01522,2025-02-28,1315.11,0.0,1315.11,0,1
A01523,2025-02-28,3084.23,3084.23,0.0,1,0
A01524,2025-02-28,652.28,652.28,0.0,1,0
A01525,2025-02-28,213.32,213.32,0.0,1,0
A01526,2025-02-28,477.36,477.36,0.0,1,0
A01527,2025-02-28,542.45,0.0,542.45,0,1
A01528,2025-02-28,982.33,0.0,982.33,0,1
A01529,2025-02-28,655.13,655.13,0.0,1,0
A01530,2025-02-28,1175.79,1175.79,0.0,1,0
A01531,2025-02-28,1193.51,0.0,1193.51,0,1
A01532,2025-02-28,1606.23,0.0,1606.23,0,1
A01533,2025-02-28,1687.18,0.0,1687.18,0,1
A01534,2025-02-28,820.49,0.0,820.49,0,1
A01535,2025-02-28,2710.16,0.0,2710.16,0,1
A01536,2025-02-28,60.7,0.0,60.7,0,1
A01537,2025-02-28,1800.09,0.0,1800.09,0,1
A01538,2025-02-28,2056.94,0.0,2056.94,0,1
A01539,2025-02-28,542.54,0.0,542.54,0,1
A01540,2025-02-28,1081.94,0.0,1081.94,0,1
A01541,2025-02-28,1265.35,0.0,1265.35,0,1
A01542,2025-02-28,512.27,0.0,512.27,0,1
A01543,2025-02-28,1738.22,0.0,1738.22,0,1
A01544,2025-02-28,961.78,0.0,961.78,0,1
A01545,2025-02-28,737.77,737.77,0.0,1,0
A01546,2025-02-28,1890.73,1890.73,0.0,1,0
A01547,2025-02-28,748.05,748.05,0.0,1,0
A01548,2025-02-28,1041.87,1041.87,0.0,1,0
A01549,2025-02-28,1454.18,0.0,1454.18,0,1
A01550,2025-02-28,529.08,0.0,529.08,0,1
A01551,2025-02-28,490.03,0.0,490.03,0,1
A01552,2025-02-28,327.11,0.0,327.11,0,1
A01553,2025-02-28,651.39,651.39,0.0,1,0
A01554,2025-02-28,421.03,0.0,421.03,0,1
A01555,2025-02-28,1295.8,0.0,1295.8,0,1
A01556,2025-02-28,610.81,0.0,610.81,0,1
A01557,2025-02-28,1056.03,1056.03,0.0,1,0
A01558,2025-02-28,1896.93,0.0,1896.93,0,1
A01559,2025-02-28,1475.88,0.0,1475.88,0,1
A01560,2025-02-28,1410.14,1410.14,0.0,1,0
A01561,2025-02-28,7122.91,0.0,7122.91,0,1
A01562,2025-02-28,409.62,0.0,409.62,0,1
A01563,2025-02-28,928.42,0.0,928.42,0,1
A01564,2025-02-28,483.6,483.6,0.0,1,0
A01565,2025-02-28,2718.5,0.0,2718.5,0,1
A01566,2025-02-28,1709.13,1709.13,0.0,1,0
A01567,2025-02-28,1717.1,0.0,1717.1,0,1
A01568,2025-02-28,912.82,912.82,0.0,1,0
A01569,2025-02-28,960.41,0.0,960.41,0,1
A01570,2025-02-28,937.89,0.0,937.89,0,1
A01571,2025-02-28,1424.24,0.0,1424.24,0,1
A01572,2025-02-28,525.96,0.0,525.96,0,1
A01573,2025-02-28,633.5,0.0,633.5,0,1
A01574,2025-02-28,646.94,0.0,646.94,0,1
A01575,2025-02-28,1267.34,1267.34,0.0,1,0
A01576,2025-02-28,1144.96,0.0,1144.96,0,1
A01577,2025-02-28,828.92,0.0,828.92,0,1
A01578,2025-02-28,521.3,0.0,521.3,0,1
A01579,2025-02-28,708.01,0.0,708.01,0,1
A01580,2025-02-28,505.32,0.0,505.32,0,1
A01581,2025-02-28,1364.16,0.0,1364.16,0,1
A01582,2025-02-28,660.91,0.0,660.91,0,1
A01583,2025-02-28,930.59,930.59,0.0,1,0
A01584,2025-02-28,1599.45,0.0,1599.45,0,1
A01585,2025-02-28,282.1,0.0,282.1,0,1
A01586,2025-02-28,1755.75,1755.75,0.0,1,0
A01587,2025-02-28,1523.56,0.0,1523.56,0,1
A01588,2025-02-28,2000.15,2000.15,0.0,1,0
A01589,2025-02-28,943.53,943.53,0.0,1,0
A01590,2025-02-28,1851.03,0.0,1851.03,0,1
A01591,2025-02-28,2869.47,2869.47,0.0,1,0
A01592,2025-02-28,1082.62,1082.62,0.0,1,0
A01593,2025-02-28,2082.3,2082.3,0.0,1,0
A01594,2025-02-28,2269.56,2269.56,0.0,1,0
A01595,2025-02-28,696.36,0.0,696.36,0,1
A01596,2025-02-28,1907.56,0.0,1907.56,0,1
A01597,2025-02-28,1591.54,0.0,1591.54,0,1
A01598,2025-02-28,1555.2,0.0,1555.2,0,1
A01599,2025-02-28,4147.42,0.0,4147.42,0,1
A01600,2025-02-28,1552.5,0.0,1552.5,0,1
A01601,2025-02-28,1662.79,1662.79,0.0,1,0
A01602,2025-02-28,837.01,0.0,837.01,0,1
A01603,2025-02-28,1102.94,0.0,1102.94,0,1
A01604,2025-02-28,2693.22,0.0,2693.22,0,1
A01605,2025-02-28,1289.24,0.0,1289.24,0,1
A01606,2025-02-28,1476.36,0.0,1476.36,0,1
A01607,2025-02-28,2513.47,2513.47,0.0,1,0
A01608,2025-02-28,2203.53,2203.53,0.0,1,0
A01609,2025-02-28,1207.63,1207.63,0.0,1,0
A01610,2025-02-28,1013.55,0.0,1013.55,0,1
A01611,2025-02-28,519.36,0.0,519.36,0,1
A01612,2025-02-28,2494.07,0.0,2494.07,0,1
A01613,2025-02-28,1776.97,0.0,1776.97,0,1
A01614,2025-02-28,977.77,0.0,977.77,0,1
A01615,2025-02-28,1139.65,0.0,1139.65,0,1
A01616,2025-02-28,591.68,0.0,591.68,0,1
A01617,2025-02-28,2067.05,0.0,2067.05,0,1
A01618,2025-02-28,2033.58,2033.58,0.0,1,0
A01619,2025-02-28,1982.34,1982.34,0.0,1,0
A01620,2025-02-28,428.97,0.0,428.97,0,1
A01621,2025-02-28,637.44,0.0,637.44,0,1
A01622,2025-02-28,3070.11,0.0,3070.11,0,1
A01623,2025-02-28,423.99,0.0,423.99,0,1
A01624,2025-02-28,1653.81,0.0,1653.81,0,1
A01625,2025-02-28,910.18,910.18,0.0,1,0
A01626,2025-02-28,2017.1,2017.1,0.0,1,0
A01627,2025-02-28,1514.01,1514.01,0.0,1,0
A01628,2025-02-28,1291.08,0.0,1291.08,0,1
A01629,2025-02-28,507.59,0.0,507.59,0,1
A01630,2025-02-28,176.47,176.47,0.0,1,0
A01631,2025-02-28,1561.94,0.0,1561.94,0,1
A01632,2025-02-28,846.24,846.24,0.0,1,0
A01633,2025-02-28,855.56,0.0,855.56,0,1
A01634,2025-02-28,355.47,355.47,0.0,1,0
A01635,2025-02-28,625.79,0.0,625.79,0,1
A01636,2025-02-28,128.33,0.0,128.33,0,1
A01637,2025-02-28,2911.32,0.0,2911.32,0,1
A01638,2025-02-28,1508.18,1508.18,0.0,1,0
A01639,2025-02-28,245.38,0.0,245.38,0,1
A01640,2025-02-28,707.24,0.0,707.24,0,1
A01641,2025-02-28,366.17,0.0,366.17,0,1
A01642,2025-02-28,1872.23,0.0,1872.23,0,1
A01643,2025-02-28,792.7,0.0,792.7,0,1
A01644,2025-02-28,831.46,0.0,831.46,0,1
A01645,2025-02-28,1429.71,1429.71,0.0,1,0
A01646,2025-02-28,435.68,0.0,435.68,0,1
A01647,2025-02-28,990.19,0.0,990.19,0,1
A01648,2025-02-28,1480.95,1480.95,0.0,1,0
A01649,2025-02-28,2730.49,0.0,2730.49,0,1
A01650,2025-02-28,1404.95,0.0,1404.95,0,1
A01651,2025-02-28,756.4,0.0,756.4,0,1
A01652,2025-02-28,1313.5,1313.5,0.0,1,0
A01653,2025-02-28,667.84,667.84,0.0,1,0
A01654,2025-02-28,1032.93,0.0,1032.93,0,1
A01655,2025-02-28,2928.32,0.0,2928.32,0,1
A01656,2025-02-28,1179.36,1179.36,0.0,1,0
A01657,2025-02-28,3441.38,0.0,3441.38,0,1
A01658,2025-02-28,472.21,0.0,472.21,0,1
A01659,2025-02-28,1109.19,0.0,1109.19,0,1
A01660,2025-02-28,572.0,0.0,572.0,0,1
A01661,2025-02-28,224.96,224.96,0.0,1,0
A01662,2025-02-28,402.39,402.39,0.0,1,0
A01663,2025-02-28,1004.33,1004.33,0.0,1,0
A01664,2025-02-28,2450.65,2450.65,0.0,1,0
A01665,2025-02-28,1062.93,0.0,1062.93,0,1
A01666,2025-02-28,1090.67,0.0,1090.67,0,1
A01667,2025-02-28,913.24,0.0,913.24,0,1
A01668,2025-02-28,1010.22,1010.22,0.0,1,0
A01669,2025-02-28,413.51,413.51,0.0,1,0
A01670,2025-02-28,1101.49,1101.49,0.0,1,0
A01671,2025-02-28,2561.04,2561.04,0.0,1,0
A01672,2025-02-28,2179.28,0.0,2179.28,0,1
A01673,2025-02-28,2906.65,0.0,2906.65,0,1
A01674,2025-02-28,467.54,0.0,467.54,0,1
A01675,2025-02-28,1604.39,0.0,1604.39,0,1
A01676,2025-02-28,3443.72,3443.72,0.0,1,0
A01677,2025-02-28,1487.84,0.0,1487.84,0,1
A01678,2025-02-28,855.73,0.0,855.73,0,1
A01679,2025-02-28,447.44,0.0,447.44,0,1
A01680,2025-02-28,2929.06,0.0,2929.06,0,1
A01681,2025-02-28,1245.83,0.0,1245.83,0,1
A01682,2025-02-28,156.52,156.52,0.0,1,0
A01683,2025-02-28,565.34,0.0,565.34,0,1
A01684,2025-02-28,177.62,0.0,177.62,0,1
A01685,2025-02-28,1096.67,1096.67,0.0,1,0
A01686,2025-02-28,618.87,618.87,0.0,1,0
A01687,2025-02-28,419.61,419.61,0.0,1,0
A01688,2025-02-28,225.57,0.0,225.57,0,1
A01689,2025-02-28,68.46,0.0,68.46,0,1
A01690,2025-02-28,687.51,0.0,687.51,0,1
A01691,2025-02-28,1322.31,1322.31,0.0,1,0
A01692,2025-02-28,857.63,857.63,0.0,1,0
A01693,2025-02-28,149.08,0.0,149.08,0,1
A01694,2025-02-28,859.27,0.0,859.27,0,1
A01695,2025-02-28,1712.52,0.0,1712.52,0,1
A01696,2025-02-28,620.55,620.55,0.0,1,0
A01697,2025-02-28,1001.28,0.0,1001.28,0,1
A01698,2025-02-28,1267.33,0.0,1267.33,0,1
A01699,2025-02-28,182.65,0.0,182.65,0,1
A01700,2025-02-28,1210.6,0.0,1210.6,0,1
A00001,2025-03-31,5788.33,0.0,5788.33,0,1
A00002,2025-03-31,4260.61,0.0,4260.61,0,1
A00003,2025-03-31,3124.5,3124.5,0.0,1,0
A00004,2025-03-31,438.08,0.0,438.08,0,1
A00005,2025-03-31,3622.99,0.0,3622.99,0,1
A00006,2025-03-31,737.14,737.14,0.0,1,0
A00007,2025-03-31,1369.56,0.0,1369.56,0,1
A00008,2025-03-31,482.73,482.73,0.0,1,0
A00009,2025-03-31,1657.15,1657.15,0.0,1,0
A00010,2025-03-31,3647.61,0.0,3647.61,0,1
A00011,2025-03-31,2805.1,0.0,2805.1,0,1
A00012,2025-03-31,1252.17,0.0,1252.17,0,1
A00013,2025-03-31,3801.5,3801.5,0.0,1,0
A00014,2025-03-31,3974.89,3974.89,0.0,1,0
A00015,2025-03-31,4486.04,0.0,4486.04,0,1
A00016,2025-03-31,1707.68,1707.68,0.0,1,0
A00017,2025-03-31,5522.68,5522.68,0.0,1,0
A00018,2025-03-31,1237.61,0.0,1237.61,0,1
A00019,2025-03-31,854.06,0.0,854.06,0,1
A00020,2025-03-31,3114.1,0.0,3114.1,0,1
A00021,2025-03-31,1987.63,0.0,1987.63,0,1
A00022,2025-03-31,2613.34,0.0,2613.34,0,1
A00023,2025-03-31,1356.56,1356.56,0.0,1,0
A00024,2025-03-31,2204.17,2204.17,0.0,1,0
A00025,2025-03-31,507.93,507.93,0.0,1,0
A00026,2025-03-31,492.43,492.43,0.0,1,0
A00027,2025-03-31,2092.34,0.0,2092.34,0,1
A00028,2025-03-31,1202.1,1202.1,0.0,1,0
A00029,2025-03-31,1910.78,1910.78,0.0,1,0
A00030,2025-03-31,1587.78,0.0,1587.78,0,1
A00031,2025-03-31,2349.85,2349.85,0.0,1,0
A00032,2025-03-31,2799.21,0.0,2799.21,0,1
A00033,2025-03-31,557.36,0.0,557.36,0,1
A00034,2025-03-31,693.53,0.0,693.53,0,1
A00035,2025-03-31,5876.37,5876.37,0.0,1,0
A00036,2025-03-31,3749.46,0.0,3749.46,0,1
A00037,2025-03-31,3125.03,3125.03,0.0,1,0
A00038,2025-03-31,4918.75,0.0,4918.75,0,1
A00039,2025-03-31,2963.06,2963.06,0.0,1,0
A00040,2025-03-31,672.04,0.0,672.04,0,1
A00041,2025-03-31,2908.04,0.0,2908.04,0,1
A00042,2025-03-31,311.39,0.0,311.39,0,1
A00043,2025-03-31,768.84,0.0,768.84,0,1
A00044,2025-03-31,1394.48,0.0,1394.48,0,1
A00045,2025-03-31,423.84,0.0,423.84,0,1
A00046,2025-03-31,1395.94,0.0,1395.94,0,1
A00047,2025-03-31,1192.05,0.0,1192.05,0,1
A00048,2025-03-31,693.85,0.0,693.85,0,1
A00049,2025-03-31,2980.03,0.0,2980.03,0,1
A00050,2025-03-31,1081.34,1081.34,0.0,1,0
A00051,2025-03-31,1447.29,0.0,1447.29,0,1
A00052,2025-03-31,1405.34,1405.34,0.0,1,0
A00053,2025-03-31,1652.9,0.0,1652.9,0,1
A00054,2025-03-31,5764.07,5764.07,0.0,1,0
A00055,2025-03-31,831.02,0.0,831.02,0,1
A00056,2025-03-31,4178.74,4178.74,0.0,1,0
A00057,2025-03-31,2797.98,2797.98,0.0,1,0
A00058,2025-03-31,2411.2,2411.2,0.0,1,0
A00059,2025-03-31,2596.96,2596.96,0.0,1,0
A00060,2025-03-31,897.74,0.0,897.74,0,1
A00061,2025-03-31,729.04,0.0,729.04,0,1
A00062,2025-03-31,1045.95,1045.95,0.0,1,0
A00063,2025-03-31,2945.58,0.0,2945.58,0,1
A00064,2025-03-31,4272.25,4272.25,0.0,1,0
A00065,2025-03-31,2719.14,2719.14,0.0,1,0
A00066,2025-03-31,2327.18,2327.18,0.0,1,0
A00067,2025-03-31,942.66,942.66,0.0,1,0
A00068,2025-03-31,340.59,0.0,340.59,0,1
A00069,2025-03-31,2097.66,2097.66,0.0,1,0
A00070,2025-03-31,2337.93,0.0,2337.93,0,1
A00071,2025-03-31,6431.86,0.0,6431.86,0,1
A00072,2025-03-31,1110.39,0.0,1110.39,0,1
A00073,2025-03-31,1614.42,1614.42,0.0,1,0
A00074,2025-03-31,221.4,221.4,0.0,1,0
A00075,2025-03-31,1808.97,0.0,1808.97,0,1
A00076,2025-03-31,2195.19,2195.19,0.0,1,0
A00077,2025-03-31,917.77,917.77,0.0,1,0
A00078,2025-03-31,1486.69,0.0,1486.69,0,1
A00079,2025-03-31,4106.66,4106.66,0.0,1,0
A00080,2025-03-31,1930.51,0.0,1930.51,0,1
A00081,2025-03-31,1451.63,0.0,1451.63,0,1
A00082,2025-03-31,7795.73,7795.73,0.0,1,0
A00083,2025-03-31,4160.05,4160.05,0.0,1,0
A00084,2025-03-31,374.08,0.0,374.08,0,1
A00085,2025-03-31,1772.61,1772.61,0.0,1,0
A00086,2025-03-31,2372.83,0.0,2372.83,0,1
A00087,2025-03-31,298.54,298.54,0.0,1,0
A00088,2025-03-31,1621.25,0.0,1621.25,0,1
A00089,2025-03-31,2207.14,0.0,2207.14,0,1
A00090,2025-03-31,3048.22,0.0,3048.22,0,1
A00091,2025-03-31,3948.98,3948.98,0.0,1,0
A00092,2025-03-31,876.81,876.81,0.0,1,0
A00093,2025-03-31,1576.2,0.0,1576.2,0,1
A00094,2025-03-31,2094.18,2094.18,0.0,1,0
A00095,2025-03-31,3673.78,0.0,3673.78,0,1
A00096,2025-03-31,7749.46,7749.46,0.0,1,0
A00097,2025-03-31,226.3,226.3,0.0,1,0
A00098,2025-03-31,1643.31,0.0,1643.31,0,1
A00099,2025-03-31,3505.92,0.0,3505.92,0,1
A00100,2025-03-31,4253.84,4253.84,0.0,1,0
A00101,2025-03-31,2617.85,0.0,2617.85,0,1
A00102,2025-03-31,2334.03,0.0,2334.03,0,1
A00103,2025-03-31,2632.97,2632.97,0.0,1,0
A00104,2025-03-31,402.45,402.45,0.0,1,0
A00105,2025-03-31,1327.67,0.0,1327.67,0,1
A00106,2025-03-31,3954.58,0.0,3954.58,0,1
A00107,2025-03-31,1596.1,1596.1,0.0,1,0
A00108,2025-03-31,1937.19,0.0,1937.19,0,1
A00109,2025-03-31,3569.57,0.0,3569.57,0,1
A00110,2025-03-31,3177.45,0.0,3177.45,0,1
A00111,2025-03-31,3626.69,3626.69,0.0,1,0
A00112,2025-03-31,425.1,0.0,425.1,0,1
A00113,2025-03-31,656.8,656.8,0.0,1,0
A00114,2025-03-31,3364.89,0.0,3364.89,0,1
A00115,2025-03-31,1560.57,0.0,1560.57,0,1
A00116,2025-03-31,1212.6,1212.6,0.0,1,0
A00117,2025-03-31,1138.05,1138.05,0.0,1,0
A00118,2025-03-31,4389.11,0.0,4389.11,0,1
A00119,2025-03-31,1388.34,1388.34,0.0,1,0
A00120,2025-03-31,1426.78,0.0,1426.78,0,1
A00121,2025-03-31,3632.42,0.0,3632.42,0,1
A00122,2025-03-31,554.06,554.06,0.0,1,0
A00123,2025-03-31,2673.3,0.0,2673.3,0,1
A00124,2025-03-31,5815.79,0.0,5815.79,0,1
A00125,2025-03-31,1741.44,0.0,1741.44,0,1
A00126,2025-03-31,1984.45,0.0,1984.45,0,1
A00127,2025-03-31,1738.88,1738.88,0.0,1,0
A00128,2025-03-31,2524.71,0.0,2524.71,0,1
A00129,2025-03-31,5332.79,5332.79,0.0,1,0
A00130,2025-03-31,2658.1,0.0,2658.1,0,1
A00131,2025-03-31,1471.62,1471.62,0.0,1,0
A00132,2025-03-31,4731.24,0.0,4731.24,0,1
A00133,2025-03-31,689.35,0.0,689.35,0,1
A00134,2025-03-31,334.49,334.49,0.0,1,0
A00135,2025-03-31,3966.11,3966.11,0.0,1,0
A00136,2025-03-31,1230.3,0.0,1230.3,0,1
A00137,2025-03-31,2703.37,2703.37,0.0,1,0
A00138,2025-03-31,4516.13,0.0,4516.13,0,1
A00139,2025-03-31,3777.29,3777.29,0.0,1,0
A00140,2025-03-31,1771.95,1771.95,0.0,1,0
A00141,2025-03-31,3781.52,3781.52,0.0,1,0
A00142,2025-03-31,3183.37,0.0,3183.37,0,1
A00143,2025-03-31,2626.9,0.0,2626.9,0,1
A00144,2025-03-31,2268.88,0.0,2268.88,0,1
A00145,2025-03-31,3923.8,0.0,3923.8,0,1
A00146,2025-03-31,1754.42,0.0,1754.42,0,1
A00147,2025-03-31,1399.15,0.0,1399.15,0,1
A00148,2025-03-31,1725.42,1725.42,0.0,1,0
A00149,2025-03-31,337.96,0.0,337.96,0,1
A00150,2025-03-31,1240.98,1240.98,0.0,1,0
A00151,2025-03-31,2553.26,0.0,2553.26,0,1
A00152,2025-03-31,3176.4,3176.4,0.0,1,0
A00153,2025-03-31,1515.36,0.0,1515.36,0,1
A00154,2025-03-31,391.46,0.0,391.46,0,1
A00155,2025-03-31,3374.89,3374.89,0.0,1,0
A00156,2025-03-31,985.64,0.0,985.64,0,1
A00157,2025-03-31,1411.23,1411.23,0.0,1,0
A00158,2025-03-31,2340.39,0.0,2340.39,0,1
A00159,2025-03-31,2030.38,2030.38,0.0,1,0
A00160,2025-03-31,1811.33,1811.33,0.0,1,0
A00161,2025-03-31,1903.88,1903.88,0.0,1,0
A00162,2025-03-31,1877.03,0.0,1877.03,0,1
A00163,2025-03-31,1132.63,1132.63,0.0,1,0
A00164,2025-03-31,2108.93,0.0,2108.93,0,1
A00165,2025-03-31,289.53,289.53,0.0,1,0
A00166,2025-03-31,1629.15,1629.15,0.0,1,0
A00167,2025-03-31,2410.38,0.0,2410.38,0,1
A00168,2025-03-31,1160.62,0.0,1160.62,0,1
A00169,2025-03-31,1083.15,0.0,1083.15,0,1
A00170,2025-03-31,3248.94,0.0,3248.94,0,1
A00171,2025-03-31,479.54,0.0,479.54,0,1
A00172,2025-03-31,2333.78,0.0,2333.78,0,1
A00173,2025-03-31,1037.46,0.0,1037.46,0,1
A00174,2025-03-31,1894.53,1894.53,0.0,1,0
A00175,2025-03-31,1424.17,1424.17,0.0,1,0
A00176,2025-03-31,2960.38,0.0,2960.38,0,1
A00177,2025-03-31,1990.9,1990.9,0.0,1,0
A00178,2025-03-31,360.02,360.02,0.0,1,0
A00179,2025-03-31,453.87,453.87,0.0,1,0
A00180,2025-03-31,1543.86,1543.86,0.0,1,0
A00181,2025-03-31,6307.12,0.0,6307.12,0,1
A00182,2025-03-31,1019.36,1019.36,0.0,1,0
A00183,2025-03-31,366.77,0.0,366.77,0,1
A00184,2025-03-31,4148.01,0.0,4148.01,0,1
A00185,2025-03-31,601.41,601.41,0.0,1,0
A00186,2025-03-31,808.71,808.71,0.0,1,0
A00187,2025-03-31,607.15,607.15,0.0,1,0
A00188,2025-03-31,2536.44,2536.44,0.0,1,0
A00189,2025-03-31,3822.35,3822.35,0.0,1,0
A00190,2025-03-31,1872.22,0.0,1872.22,0,1
A00191,2025-03-31,1364.47,0.0,1364.47,0,1
A00192,2025-03-31,856.05,856.05,0.0,1,0
A00193,2025-03-31,4719.54,4719.54,0.0,1,0
A00194,2025-03-31,4582.37,0.0,4582.37,0,1
A00195,2025-03-31,3201.97,0.0,3201.97,0,1
A00196,2025-03-31,1618.0,0.0,1618.0,0,1
A00197,2025-03-31,2894.44,0.0,2894.44,0,1
A00198,2025-03-31,2274.67,0.0,2274.67,0,1
A00199,2025-03-31,760.94,760.94,0.0,1,0
A00200,2025-03-31,4197.19,0.0,4197.19,0,1
A00201,2025-03-31,1542.2,0.0,1542.2,0,1
A00202,2025-03-31,2146.94,2146.94,0.0,1,0
A00203,2025-03-31,3519.79,3519.79,0.0,1,0
A00204,2025-03-31,713.82,713.82,0.0,1,0
A00205,2025-03-31,752.46,0.0,752.46,0,1
A00206,2025-03-31,4102.35,4102.35,0.0,1,0
A00207,2025-03-31,3907.58,0.0,3907.58,0,1
A00208,2025-03-31,1841.3,0.0,1841.3,0,1
A00209,2025-03-31,1516.39,1516.39,0.0,1,0
A00210,2025-03-31,536.27,0.0,536.27,0,1
A00211,2025-03-31,4272.22,0.0,4272.22,0,1
A00212,2025-03-31,1972.76,1972.76,0.0,1,0
A00213,2025-03-31,1139.89,1139.89,0.0,1,0
A00214,2025-03-31,276.09,0.0,276.09,0,1
A00215,2025-03-31,3087.6,3087.6,0.0,1,0
A00216,2025-03-31,5792.68,0.0,5792.68,0,1
A00217,2025-03-31,1843.89,0.0,1843.89,0,1
A00218,2025-03-31,1313.13,1313.13,0.0,1,0
A00219,2025-03-31,5550.1,5550.1,0.0,1,0
A00220,2025-03-31,909.31,909.31,0.0,1,0
A00221,2025-03-31,7841.49,0.0,7841.49,0,1
A00222,2025-03-31,4420.0,4420.0,0.0,1,0
A00223,2025-03-31,2675.18,0.0,2675.18,0,1
A00224,2025-03-31,1137.67,0.0,1137.67,0,1
A00225,2025-03-31,1118.19,0.0,1118.19,0,1
A00226,2025-03-31,4984.47,0.0,4984.47,0,1
A00227,2025-03-31,1016.55,0.0,1016.55,0,1
A00228,2025-03-31,4374.36,0.0,4374.36,0,1
A00229,2025-03-31,449.67,0.0,449.67,0,1
A00230,2025-03-31,1044.23,0.0,1044.23,0,1
A00231,2025-03-31,3442.21,3442.21,0.0,1,0
A00232,2025-03-31,4996.65,0.0,4996.65,0,1
A00233,2025-03-31,1531.44,0.0,1531.44,0,1
A00234,2025-03-31,1461.97,0.0,1461.97,0,1
A00235,2025-03-31,4743.53,0.0,4743.53,0,1
A00236,2025-03-31,431.94,431.94,0.0,1,0
A00237,2025-03-31,1428.38,0.0,1428.38,0,1
A00238,2025-03-31,610.99,0.0,610.99,0,1
A00239,2025-03-31,1422.79,0.0,1422.79,0,1
A00240,2025-03-31,2201.37,2201.37,0.0,1,0
A00241,2025-03-31,1124.06,0.0,1124.06,0,1
A00242,2025-03-31,1636.9,1636.9,0.0,1,0
A00243,2025-03-31,2120.54,0.0,2120.54,0,1
A00244,2025-03-31,597.47,0.0,597.47,0,1
A00245,2025-03-31,1083.87,0.0,1083.87,0,1
A00246,2025-03-31,4013.45,4013.45,0.0,1,0
A00247,2025-03-31,583.33,583.33,0.0,1,0
A00248,2025-03-31,716.49,0.0,716.49,0,1
A00249,2025-03-31,2489.32,2489.32,0.0,1,0
A00250,2025-03-31,1238.41,1238.41,0.0,1,0
A00251,2025-03-31,1360.85,1360.85,0.0,1,0
A00252,2025-03-31,2606.48,2606.48,0.0,1,0
A00253,2025-03-31,306.51,0.0,306.51,0,1
A00254,2025-03-31,653.1,0.0,653.1,0,1
A00255,2025-03-31,2573.49,0.0,2573.49,0,1
A00256,2025-03-31,733.59,0.0,733.59,0,1
A00257,2025-03-31,8491.79,8491.79,0.0,1,0
A00258,2025-03-31,2928.67,0.0,2928.67,0,1
A00259,2025-03-31,4980.92,0.0,4980.92,0,1
A00260,2025-03-31,2017.83,2017.83,0.0,1,0
A00261,2025-03-31,1410.83,0.0,1410.83,0,1
A00262,2025-03-31,1016.47,1016.47,0.0,1,0
A00263,2025-03-31,2145.98,0.0,2145.98,0,1
A00264,2025-03-31,1636.29,0.0,1636.29,0,1
A00265,2025-03-31,4155.09,0.0,4155.09,0,1
A00266,2025-03-31,1307.01,1307.01,0.0,1,0
A00267,2025-03-31,3345.64,0.0,3345.64,0,1
A00268,2025-03-31,449.3,449.3,0.0,1,0
A00269,2025-03-31,412.14,0.0,412.14,0,1
A00270,2025-03-31,1735.05,1735.05,0.0,1,0
A00271,2025-03-31,1242.07,0.0,1242.07,0,1
A00272,2025-03-31,561.0,0.0,561.0,0,1
A00273,2025-03-31,792.79,792.79,0.0,1,0
A00274,2025-03-31,6606.65,0.0,6606.65,0,1
A00275,2025-03-31,3045.45,0.0,3045.45,0,1
A00276,2025-03-31,865.53,865.53,0.0,1,0
A00277,2025-03-31,347.69,0.0,347.69,0,1
A00278,2025-03-31,2867.8,0.0,2867.8,0,1
A00279,2025-03-31,3265.77,0.0,3265.77,0,1
A00280,2025-03-31,1415.32,0.0,1415.32,0,1
A00281,2025-03-31,2150.34,2150.34,0.0,1,0
A00282,2025-03-31,503.57,0.0,503.57,0,1
A00283,2025-03-31,2956.27,2956.27,0.0,1,0
A00284,2025-03-31,2538.71,0.0,2538.71,0,1
A00285,2025-03-31,783.26,783.26,0.0,1,0
A00286,2025-03-31,6386.55,6386.55,0.0,1,0
A00287,2025-03-31,785.54,0.0,785.54,0,1
A00288,2025-03-31,6317.15,6317.15,0.0,1,0
A00289,2025-03-31,918.92,0.0,918.92,0,1
A00290,2025-03-31,1737.34,0.0,1737.34,0,1
A00291,2025-03-31,1695.01,1695.01,0.0,1,0
A00292,2025-03-31,1781.63,0.0,1781.63,0,1
A00293,2025-03-31,936.66,0.0,936.66,0,1
A00294,2025-03-31,1940.36,0.0,1940.36,0,1
A00295,2025-03-31,1652.23,0.0,1652.23,0,1
A00296,2025-03-31,915.55,915.55,0.0,1,0
A00297,2025-03-31,398.67,0.0,398.67,0,1
A00298,2025-03-31,2861.43,0.0,2861.43,0,1
A00299,2025-03-31,476.39,0.0,476.39,0,1
A00300,2025-03-31,984.19,984.19,0.0,1,0
A00301,2025-03-31,3504.2,0.0,3504.2,0,1
A00302,2025-03-31,2430.84,0.0,2430.84,0,1
A00303,2025-03-31,1552.34,0.0,1552.34,0,1
A00304,2025-03-31,2883.55,2883.55,0.0,1,0
A00305,2025-03-31,918.06,918.06,0.0,1,0
A00306,2025-03-31,2913.91,0.0,2913.91,0,1
A00307,2025-03-31,3181.76,0.0,3181.76,0,1
A00308,2025-03-31,1079.48,0.0,1079.48,0,1
A00309,2025-03-31,929.92,0.0,929.92,0,1
A00310,2025-03-31,92.88,92.88,0.0,1,0
A00311,2025-03-31,1699.33,1699.33,0.0,1,0
A00312,2025-03-31,181.99,181.99,0.0,1,0
A00313,2025-03-31,2097.13,0.0,2097.13,0,1
A00314,2025-03-31,4828.31,0.0,4828.31,0,1
A00315,2025-03-31,3763.08,3763.08,0.0,1,0
A00316,2025-03-31,3938.7,0.0,3938.7,0,1
A00317,2025-03-31,1717.58,1717.58,0.0,1,0
A00318,2025-03-31,4660.76,0.0,4660.76,0,1
A00319,2025-03-31,1029.41,0.0,1029.41,0,1
A00320,2025-03-31,1233.26,0.0,1233.26,0,1
A00321,2025-03-31,1446.4,1446.4,0.0,1,0
A00322,2025-03-31,4590.61,4590.61,0.0,1,0
A00323,2025-03-31,1659.08,0.0,1659.08,0,1
A00324,2025-03-31,2136.61,2136.61,0.0,1,0
A00325,2025-03-31,327.22,0.0,327.22,0,1
A00326,2025-03-31,2915.48,2915.48,0.0,1,0
A00327,2025-03-31,1619.62,1619.62,0.0,1,0
A00328,2025-03-31,171.0,171.0,0.0,1,0
A00329,2025-03-31,3401.35,3401.35,0.0,1,0
A00330,2025-03-31,1596.64,1596.64,0.0,1,0
A00331,2025-03-31,1897.86,0.0,1897.86,0,1
A00332,2025-03-31,2018.22,0.0,2018.22,0,1
A00333,2025-03-31,970.58,970.58,0.0,1,0
A00334,2025-03-31,2809.34,0.0,2809.34,0,1
A00335,2025-03-31,3415.33,0.0,3415.33,0,1
A00336,2025-03-31,487.34,487.34,0.0,1,0
A00337,2025-03-31,6604.61,0.0,6604.61,0,1
A00338,2025-03-31,1566.01,0.0,1566.01,0,1
A00339,2025-03-31,4710.87,0.0,4710.87,0,1
A00340,2025-03-31,5766.37,5766.37,0.0,1,0
A00341,2025-03-31,1040.51,0.0,1040.51,0,1
A00342,2025-03-31,1774.27,0.0,1774.27,0,1
A00343,2025-03-31,2350.49,0.0,2350.49,0,1
A00344,2025-03-31,5072.11,0.0,5072.11,0,1
A00345,2025-03-31,3125.71,3125.71,0.0,1,0
A00346,2025-03-31,3882.4,0.0,3882.4,0,1
A00347,2025-03-31,1015.93,1015.93,0.0,1,0
A00348,2025-03-31,225.25,225.25,0.0,1,0
A00349,2025-03-31,4402.74,4402.74,0.0,1,0
A00350,2025-03-31,3826.5,3826.5,0.0,1,0
A00351,2025-03-31,1801.99,0.0,1801.99,0,1
A00352,2025-03-31,1948.2,0.0,1948.2,0,1
A00353,2025-03-31,2276.35,0.0,2276.35,0,1
A00354,2025-03-31,1246.86,1246.86,0.0,1,0
A00355,2025-03-31,2591.14,2591.14,0.0,1,0
A00356,2025-03-31,3482.01,3482.01,0.0,1,0
A00357,2025-03-31,2753.6,0.0,2753.6,0,1
A00358,2025-03-31,4586.65,0.0,4586.65,0,1
A00359,2025-03-31,1476.65,1476.65,0.0,1,0
A00360,2025-03-31,3751.21,3751.21,0.0,1,0
A00361,2025-03-31,544.61,0.0,544.61,0,1
A00362,2025-03-31,6605.96,6605.96,0.0,1,0
A00363,2025-03-31,1267.68,0.0,1267.68,0,1
A00364,2025-03-31,3153.82,3153.82,0.0,1,0
A00365,2025-03-31,7417.96,0.0,7417.96,0,1
A00366,2025-03-31,2047.98,2047.98,0.0,1,0
A00367,2025-03-31,403.37,403.37,0.0,1,0
A00368,2025-03-31,1697.04,0.0,1697.04,0,1
A00369,2025-03-31,1540.01,1540.01,0.0,1,0
A00370,2025-03-31,1603.51,1603.51,0.0,1,0
A00371,2025-03-31,1644.53,1644.53,0.0,1,0
A00372,2025-03-31,4337.85,0.0,4337.85,0,1
A00373,2025-03-31,750.94,0.0,750.94,0,1
A00374,2025-03-31,1569.8,1569.8,0.0,1,0
A00375,2025-03-31,813.68,813.68,0.0,1,0
A00376,2025-03-31,1129.0,0.0,1129.0,0,1
A00377,2025-03-31,3592.37,0.0,3592.37,0,1
A00378,2025-03-31,1736.1,0.0,1736.1,0,1
A00379,2025-03-31,1236.16,0.0,1236.16,0,1
A00380,2025-03-31,2019.03,0.0,2019.03,0,1
A00381,2025-03-31,1962.68,0.0,1962.68,0,1
A00382,2025-03-31,2194.27,2194.27,0.0,1,0
A00383,2025-03-31,954.12,954.12,0.0,1,0
A00384,2025-03-31,2781.54,0.0,2781.54,0,1
A00385,2025-03-31,2403.75,0.0,2403.75,0,1
A00386,2025-03-31,3243.86,3243.86,0.0,1,0
A00387,2025-03-31,3311.74,3311.74,0.0,1,0
A00388,2025-03-31,541.61,541.61,0.0,1,0
A00389,2025-03-31,5337.99,0.0,5337.99,0,1
A00390,2025-03-31,2673.62,2673.62,0.0,1,0
A00391,2025-03-31,3348.0,0.0,3348.0,0,1
A00392,2025-03-31,5394.76,0.0,5394.76,0,1
A00393,2025-03-31,404.81,0.0,404.81,0,1
A00394,2025-03-31,1455.16,0.0,1455.16,0,1
A00395,2025-03-31,529.09,0.0,529.09,0,1
A00396,2025-03-31,2048.69,0.0,2048.69,0,1
A00397,2025-03-31,311.08,311.08,0.0,1,0
A00398,2025-03-31,1970.7,1970.7,0.0,1,0
A00399,2025-03-31,2221.51,0.0,2221.51,0,1
A00400,2025-03-31,721.26,0.0,721.26,0,1
A00401,2025-03-31,1844.54,0.0,1844.54,0,1
A00402,2025-03-31,4451.56,4451.56,0.0,1,0
A00403,2025-03-31,2539.43,2539.43,0.0,1,0
A00404,2025-03-31,423.76,423.76,0.0,1,0
A00405,2025-03-31,3193.88,3193.88,0.0,1,0
A00406,2025-03-31,2564.41,0.0,2564.41,0,1
A00407,2025-03-31,2794.81,2794.81,0.0,1,0
A00408,2025-03-31,351.34,351.34,0.0,1,0
A00409,2025-03-31,1529.38,0.0,1529.38,0,1
A00410,2025-03-31,5745.46,0.0,5745.46,0,1
A00411,2025-03-31,1068.08,0.0,1068.08,0,1
A00412,2025-03-31,4994.64,4994.64,0.0,1,0
A00413,2025-03-31,2427.19,0.0,2427.19,0,1
A00414,2025-03-31,3633.31,3633.31,0.0,1,0
A00415,2025-03-31,4680.97,4680.97,0.0,1,0
A00416,2025-03-31,4131.73,4131.73,0.0,1,0
A00417,2025-03-31,1104.78,1104.78,0.0,1,0
A00418,2025-03-31,846.23,0.0,846.23,0,1
A00419,2025-03-31,2297.99,2297.99,0.0,1,0
A00420,2025-03-31,4023.51,4023.51,0.0,1,0
A00421,2025-03-31,3292.92,3292.92,0.0,1,0
A00422,2025-03-31,1216.91,1216.91,0.0,1,0
A00423,2025-03-31,3615.2,0.0,3615.2,0,1
A00424,2025-03-31,1365.5,1365.5,0.0,1,0
A00425,2025-03-31,1676.71,1676.71,0.0,1,0
A00426,2025-03-31,1023.02,0.0,1023.02,0,1
A00427,2025-03-31,549.6,0.0,549.6,0,1
A00428,2025-03-31,2679.17,0.0,2679.17,0,1
A00429,2025-03-31,2729.95,2729.95,0.0,1,0
A00430,2025-03-31,493.57,0.0,493.57,0,1
A00431,2025-03-31,3162.82,0.0,3162.82,0,1
A00432,2025-03-31,161.58,0.0,161.58,0,1
A00433,2025-03-31,880.89,0.0,880.89,0,1
A00434,2025-03-31,5533.36,0.0,5533.36,0,1
A00435,2025-03-31,1091.54,0.0,1091.54,0,1
A00436,2025-03-31,4473.6,4473.6,0.0,1,0
A00437,2025-03-31,1638.05,1638.05,0.0,1,0
A00438,2025-03-31,4081.36,0.0,4081.36,0,1
A00439,2025-03-31,1952.96,0.0,1952.96,0,1
A00440,2025-03-31,718.79,0.0,718.79,0,1
A00441,2025-03-31,2801.02,0.0,2801.02,0,1
A00442,2025-03-31,2326.54,0.0,2326.54,0,1
A00443,2025-03-31,2616.84,0.0,2616.84,0,1
A00444,2025-03-31,845.41,845.41,0.0,1,0
A00445,2025-03-31,3633.3,0.0,3633.3,0,1
A00446,2025-03-31,5293.51,0.0,5293.51,0,1
A00447,2025-03-31,4682.21,4682.21,0.0,1,0
A00448,2025-03-31,1451.72,1451.72,0.0,1,0
A00449,2025-03-31,679.83,0.0,679.83,0,1
A00450,2025-03-31,536.52,0.0,536.52,0,1
A00451,2025-03-31,1370.49,0.0,1370.49,0,1
A00452,2025-03-31,2748.29,0.0,2748.29,0,1
A00453,2025-03-31,2817.77,2817.77,0.0,1,0
A00454,2025-03-31,776.08,776.08,0.0,1,0
A00455,2025-03-31,4247.29,4247.29,0.0,1,0
A00456,2025-03-31,4253.2,4253.2,0.0,1,0
A00457,2025-03-31,5152.97,5152.97,0.0,1,0
A00458,2025-03-31,1243.2,0.0,1243.2,0,1
A00459,2025-03-31,3403.44,3403.44,0.0,1,0
A00460,2025-03-31,3440.8,3440.8,0.0,1,0
A00461,2025-03-31,4858.95,0.0,4858.95,0,1
A00462,2025-03-31,754.42,754.42,0.0,1,0
A00463,2025-03-31,956.38,0.0,956.38,0,1
A00464,2025-03-31,3527.23,0.0,3527.23,0,1
A00465,2025-03-31,3576.74,3576.74,0.0,1,0
A00466,2025-03-31,1893.71,1893.71,0.0,1,0
A00467,2025-03-31,2363.82,0.0,2363.82,0,1
A00468,2025-03-31,1191.65,1191.65,0.0,1,0
A00469,2025-03-31,3272.92,3272.92,0.0,1,0
A00470,2025-03-31,5098.53,5098.53,0.0,1,0
A00471,2025-03-31,5868.08,0.0,5868.08,0,1
A00472,2025-03-31,2486.12,2486.12,0.0,1,0
A00473,2025-03-31,4052.21,4052.21,0.0,1,0
A00474,2025-03-31,3470.6,3470.6,0.0,1,0
A00475,2025-03-31,7147.81,7147.81,0.0,1,0
A00476,2025-03-31,637.15,0.0,637.15,0,1
A00477,2025-03-31,1403.01,1403.01,0.0,1,0
A00478,2025-03-31,611.18,611.18,0.0,1,0
A00479,2025-03-31,3283.51,3283.51,0.0,1,0
A00480,2025-03-31,2910.19,0.0,2910.19,0,1
A00481,2025-03-31,1934.06,0.0,1934.06,0,1
A00482,2025-03-31,971.18,0.0,971.18,0,1
A00483,2025-03-31,3476.21,0.0,3476.21,0,1
A00484,2025-03-31,1253.94,0.0,1253.94,0,1
A00485,2025-03-31,1636.21,0.0,1636.21,0,1
A00486,2025-03-31,1511.38,0.0,1511.38,0,1
A00487,2025-03-31,4378.09,4378.09,0.0,1,0
A00488,2025-03-31,1869.76,1869.76,0.0,1,0
A00489,2025-03-31,612.01,612.01,0.0,1,0
A00490,2025-03-31,1790.4,1790.4,0.0,1,0
A00491,2025-03-31,1872.95,0.0,1872.95,0,1
A00492,2025-03-31,1365.35,1365.35,0.0,1,0
A00493,2025-03-31,3843.06,0.0,3843.06,0,1
A00494,2025-03-31,1225.9,0.0,1225.9,0,1
A00495,2025-03-31,1111.64,1111.64,0.0,1,0
A00496,2025-03-31,10520.38,10520.38,0.0,1,0
A00497,2025-03-31,1168.76,1168.76,0.0,1,0
A00498,2025-03-31,87.39,0.0,87.39,0,1
A00499,2025-03-31,861.27,0.0,861.27,0,1
A00500,2025-03-31,901.32,0.0,901.32,0,1
A00501,2025-03-31,1745.17,0.0,1745.17,0,1
A00502,2025-03-31,3325.91,0.0,3325.91,0,1
A00503,2025-03-31,729.86,729.86,0.0,1,0
A00504,2025-03-31,4020.35,4020.35,0.0,1,0
A00505,2025-03-31,1399.43,1399.43,0.0,1,0
A00506,2025-03-31,674.69,0.0,674.69,0,1
A00507,2025-03-31,2939.73,0.0,2939.73,0,1
A00508,2025-03-31,2793.77,0.0,2793.77,0,1
A00509,2025-03-31,1250.74,1250.74,0.0,1,0
A00510,2025-03-31,923.54,923.54,0.0,1,0
A00511,2025-03-31,2429.31,0.0,2429.31,0,1
A00512,2025-03-31,4767.9,4767.9,0.0,1,0
A00513,2025-03-31,2243.03,0.0,2243.03,0,1
A00514,2025-03-31,3332.93,0.0,3332.93,0,1
A00515,2025-03-31,874.64,874.64,0.0,1,0
A00516,2025-03-31,911.35,0.0,911.35,0,1
A00517,2025-03-31,1900.37,0.0,1900.37,0,1
A00518,2025-03-31,2292.44,0.0,2292.44,0,1
A00519,2025-03-31,1589.13,0.0,1589.13,0,1
A00520,2025-03-31,2530.14,0.0,2530.14,0,1
A00521,2025-03-31,2072.83,2072.83,0.0,1,0
A00522,2025-03-31,3822.93,0.0,3822.93,0,1
A00523,2025-03-31,5020.22,0.0,5020.22,0,1
A00524,2025-03-31,1227.83,0.0,1227.83,0,1
A00525,2025-03-31,187.92,187.92,0.0,1,0
A00526,2025-03-31,480.15,480.15,0.0,1,0
A00527,2025-03-31,516.02,516.02,0.0,1,0
A00528,2025-03-31,1380.91,0.0,1380.91,0,1
A00529,2025-03-31,312.61,0.0,312.61,0,1
A00530,2025-03-31,1931.39,1931.39,0.0,1,0
A00531,2025-03-31,3604.04,0.0,3604.04,0,1
A00532,2025-03-31,2684.27,0.0,2684.27,0,1
A00533,2025-03-31,2002.28,0.0,2002.28,0,1
A00534,2025-03-31,2719.25,0.0,2719.25,0,1
A00535,2025-03-31,1378.35,0.0,1378.35,0,1
A00536,2025-03-31,2253.4,0.0,2253.4,0,1
A00537,2025-03-31,1680.62,1680.62,0.0,1,0
A00538,2025-03-31,1610.4,0.0,1610.4,0,1
A00539,2025-03-31,4398.92,0.0,4398.92,0,1
A00540,2025-03-31,6529.37,0.0,6529.37,0,1
A00541,2025-03-31,450.84,450.84,0.0,1,0
A00542,2025-03-31,3070.99,0.0,3070.99,0,1
A00543,2025-03-31,1669.78,1669.78,0.0,1,0
A00544,2025-03-31,782.07,782.07,0.0,1,0
A00545,2025-03-31,3921.34,0.0,3921.34,0,1
A00546,2025-03-31,2112.57,2112.57,0.0,1,0
A00547,2025-03-31,794.99,794.99,0.0,1,0
A00548,2025-03-31,2349.13,0.0,2349.13,0,1
A00549,2025-03-31,1711.42,0.0,1711.42,0,1
A00550,2025-03-31,2701.66,2701.66,0.0,1,0
A00551,2025-03-31,4695.11,4695.11,0.0,1,0
A00552,2025-03-31,2112.47,0.0,2112.47,0,1
A00553,2025-03-31,3638.47,0.0,3638.47,0,1
A00554,2025-03-31,107.92,0.0,107.92,0,1
A00555,2025-03-31,83.45,0.0,83.45,0,1
A00556,2025-03-31,1849.25,0.0,1849.25,0,1
A00557,2025-03-31,4353.35,0.0,4353.35,0,1
A00558,2025-03-31,2701.98,0.0,2701.98,0,1
A00559,2025-03-31,643.54,0.0,643.54,0,1
A00560,2025-03-31,699.69,0.0,699.69,0,1
A00561,2025-03-31,4557.26,0.0,4557.26,0,1
A00562,2025-03-31,929.84,0.0,929.84,0,1
A00563,2025-03-31,1112.2,1112.2,0.0,1,0
A00564,2025-03-31,1146.77,0.0,1146.77,0,1
A00565,2025-03-31,830.71,830.71,0.0,1,0
A00566,2025-03-31,5631.61,5631.61,0.0,1,0
A00567,2025-03-31,2459.75,0.0,2459.75,0,1
A00568,2025-03-31,863.65,0.0,863.65,0,1
A00569,2025-03-31,1686.31,0.0,1686.31,0,1
A00570,2025-03-31,1390.72,0.0,1390.72,0,1
A00571,2025-03-31,4334.07,0.0,4334.07,0,1
A00572,2025-03-31,2617.4,0.0,2617.4,0,1
A00573,2025-03-31,552.57,0.0,552.57,0,1
A00574,2025-03-31,2269.46,2269.46,0.0,1,0
A00575,2025-03-31,2180.59,0.0,2180.59,0,1
A00576,2025-03-31,210.64,0.0,210.64,0,1
A00577,2025-03-31,220.81,0.0,220.81,0,1
A00578,2025-03-31,704.25,704.25,0.0,1,0
A00579,2025-03-31,8263.38,8263.38,0.0,1,0
A00580,2025-03-31,1076.13,0.0,1076.13,0,1
A00581,2025-03-31,724.92,0.0,724.92,0,1
A00582,2025-03-31,2645.81,2645.81,0.0,1,0
A00583,2025-03-31,1895.04,0.0,1895.04,0,1
A00584,2025-03-31,1307.59,1307.59,0.0,1,0
A00585,2025-03-31,2575.83,0.0,2575.83,0,1
A00586,2025-03-31,384.11,0.0,384.11,0,1
A00587,2025-03-31,1126.07,1126.07,0.0,1,0
A00588,2025-03-31,1960.01,0.0,1960.01,0,1
A00589,2025-03-31,5173.92,5173.92,0.0,1,0
A00590,2025-03-31,2183.37,2183.37,0.0,1,0
A00591,2025-03-31,2100.83,2100.83,0.0,1,0
A00592,2025-03-31,1921.7,0.0,1921.7,0,1
A00593,2025-03-31,3180.43,0.0,3180.43,0,1
A00594,2025-03-31,3353.03,3353.03,0.0,1,0
A00595,2025-03-31,535.26,535.26,0.0,1,0
A00596,2025-03-31,10324.63,0.0,10324.63,0,1
A00597,2025-03-31,860.81,0.0,860.81,0,1
A00598,2025-03-31,939.98,939.98,0.0,1,0
A00599,2025-03-31,2251.6,2251.6,0.0,1,0
A00600,2025-03-31,1012.27,1012.27,0.0,1,0
A00601,2025-03-31,3550.59,0.0,3550.59,0,1
A00602,2025-03-31,3562.84,0.0,3562.84,0,1
A00603,2025-03-31,1631.02,0.0,1631.02,0,1
A00604,2025-03-31,2073.87,0.0,2073.87,0,1
A00605,2025-03-31,1945.04,1945.04,0.0,1,0
A00606,2025-03-31,1282.99,0.0,1282.99,0,1
A00607,2025-03-31,3411.79,3411.79,0.0,1,0
A00608,2025-03-31,1392.14,0.0,1392.14,0,1
A00609,2025-03-31,3118.75,3118.75,0.0,1,0
A00610,2025-03-31,6681.5,0.0,6681.5,0,1
A00611,2025-03-31,5086.32,5086.32,0.0,1,0
A00612,2025-03-31,2415.8,0.0,2415.8,0,1
A00613,2025-03-31,2204.91,0.0,2204.91,0,1
A00614,2025-03-31,781.61,0.0,781.61,0,1
A00615,2025-03-31,2934.79,0.0,2934.79,0,1
A00616,2025-03-31,1030.44,1030.44,0.0,1,0
A00617,2025-03-31,1985.61,0.0,1985.61,0,1
A00618,2025-03-31,4169.1,0.0,4169.1,0,1
A00619,2025-03-31,5869.88,5869.88,0.0,1,0
A00620,2025-03-31,3414.25,3414.25,0.0,1,0
A00621,2025-03-31,3187.8,3187.8,0.0,1,0
A00622,2025-03-31,5489.36,0.0,5489.36,0,1
A00623,2025-03-31,2307.43,2307.43,0.0,1,0
A00624,2025-03-31,421.64,0.0,421.64,0,1
A00625,2025-03-31,1920.59,1920.59,0.0,1,0
A00626,2025-03-31,2013.46,0.0,2013.46,0,1
A00627,2025-03-31,1241.71,1241.71,0.0,1,0
A00628,2025-03-31,1900.61,1900.61,0.0,1,0
A00629,2025-03-31,3180.86,0.0,3180.86,0,1
A00630,2025-03-31,507.3,507.3,0.0,1,0
A00631,2025-03-31,3520.79,0.0,3520.79,0,1
A00632,2025-03-31,2025.23,2025.23,0.0,1,0
A00633,2025-03-31,4881.38,4881.38,0.0,1,0
A00634,2025-03-31,354.63,0.0,354.63,0,1
A00635,2025-03-31,1873.26,1873.26,0.0,1,0
A00636,2025-03-31,3572.06,3572.06,0.0,1,0
A00637,2025-03-31,1303.29,1303.29,0.0,1,0
A00638,2025-03-31,1524.06,0.0,1524.06,0,1
A00639,2025-03-31,2770.04,0.0,2770.04,0,1
A00640,2025-03-31,3152.68,0.0,3152.68,0,1
A00641,2025-03-31,3212.59,0.0,3212.59,0,1
A00642,2025-03-31,5728.42,0.0,5728.42,0,1
A00643,2025-03-31,626.62,0.0,626.62,0,1
A00644,2025-03-31,1029.99,0.0,1029.99,0,1
A00645,2025-03-31,706.47,0.0,706.47,0,1
A00646,2025-03-31,1377.6,0.0,1377.6,0,1
A00647,2025-03-31,1392.86,1392.86,0.0,1,0
A00648,2025-03-31,1479.97,1479.97,0.0,1,0
A00649,2025-03-31,129.3,129.3,0.0,1,0
A00650,2025-03-31,1852.2,1852.2,0.0,1,0
A00651,2025-03-31,468.09,468.09,0.0,1,0
A00652,2025-03-31,1041.91,0.0,1041.91,0,1
A00653,2025-03-31,1010.88,1010.88,0.0,1,0
A00654,2025-03-31,1837.39,0.0,1837.39,0,1
A00655,2025-03-31,3078.51,0.0,3078.51,0,1
A00656,2025-03-31,2233.39,0.0,2233.39,0,1
A00657,2025-03-31,9593.81,0.0,9593.81,0,1
A00658,2025-03-31,649.48,0.0,649.48,0,1
A00659,2025-03-31,3841.95,0.0,3841.95,0,1
A00660,2025-03-31,4984.77,4984.77,0.0,1,0
A00661,2025-03-31,3622.92,3622.92,0.0,1,0
A00662,2025-03-31,2784.35,0.0,2784.35,0,1
A00663,2025-03-31,4341.68,4341.68,0.0,1,0
A00664,2025-03-31,1690.27,0.0,1690.27,0,1
A00665,2025-03-31,5251.88,5251.88,0.0,1,0
A00666,2025-03-31,628.38,628.38,0.0,1,0
A00667,2025-03-31,2918.07,0.0,2918.07,0,1
A00668,2025-03-31,2754.55,2754.55,0.0,1,0
A00669,2025-03-31,2973.5,0.0,2973.5,0,1
A00670,2025-03-31,4377.02,4377.02,0.0,1,0
A00671,2025-03-31,5877.85,5877.85,0.0,1,0
A00672,2025-03-31,3465.33,0.0,3465.33,0,1
A00673,2025-03-31,3352.54,0.0,3352.54,0,1
A00674,2025-03-31,1522.35,0.0,1522.35,0,1
A00675,2025-03-31,1187.93,0.0,1187.93,0,1
A00676,2025-03-31,2173.86,2173.86,0.0,1,0
A00677,2025-03-31,3264.23,3264.23,0.0,1,0
A00678,2025-03-31,2989.88,0.0,2989.88,0,1
A00679,2025-03-31,95.48,0.0,95.48,0,1
A00680,2025-03-31,2765.98,2765.98,0.0,1,0
A00681,2025-03-31,1987.15,0.0,1987.15,0,1
A00682,2025-03-31,2860.23,0.0,2860.23,0,1
A00683,2025-03-31,1070.85,0.0,1070.85,0,1
A00684,2025-03-31,7679.49,0.0,7679.49,0,1
A00685,2025-03-31,4097.96,0.0,4097.96,0,1
A00686,2025-03-31,1712.31,1712.31,0.0,1,0
A00687,2025-03-31,1507.08,1507.08,0.0,1,0
A00688,2025-03-31,3223.81,3223.81,0.0,1,0
A00689,2025-03-31,2014.04,0.0,2014.04,0,1
A00690,2025-03-31,4043.12,0.0,4043.12,0,1
A00691,2025-03-31,2154.42,2154.42,0.0,1,0
A00692,2025-03-31,3873.72,0.0,3873.72,0,1
A00693,2025-03-31,3612.26,0.0,3612.26,0,1
A00694,2025-03-31,2071.32,0.0,2071.32,0,1
A00695,2025-03-31,820.91,820.91,0.0,1,0
A00696,2025-03-31,131.5,0.0,131.5,0,1
A00697,2025-03-31,3838.18,3838.18,0.0,1,0
A00698,2025-03-31,674.45,674.45,0.0,1,0
A00699,2025-03-31,1703.38,0.0,1703.38,0,1
A00700,2025-03-31,2470.2,2470.2,0.0,1,0
A00701,2025-03-31,4377.93,0.0,4377.93,0,1
A00702,2025-03-31,1077.01,0.0,1077.01,0,1
A00703,2025-03-31,3999.03,3999.03,0.0,1,0
A00704,2025-03-31,2520.55,2520.55,0.0,1,0
A00705,2025-03-31,438.58,438.58,0.0,1,0
A00706,2025-03-31,2290.46,0.0,2290.46,0,1
A00707,2025-03-31,812.59,0.0,812.59,0,1
A00708,2025-03-31,321.77,0.0,321.77,0,1
A00709,2025-03-31,4247.78,4247.78,0.0,1,0
A00710,2025-03-31,587.08,587.08,0.0,1,0
A00711,2025-03-31,1141.37,0.0,1141.37,0,1
A00712,2025-03-31,4369.08,0.0,4369.08,0,1
A00713,2025-03-31,3250.39,0.0,3250.39,0,1
A00714,2025-03-31,1509.64,0.0,1509.64,0,1
A00715,2025-03-31,1590.93,1590.93,0.0,1,0
A00716,2025-03-31,2074.98,2074.98,0.0,1,0
A00717,2025-03-31,448.0,0.0,448.0,0,1
A00718,2025-03-31,235.09,235.09,0.0,1,0
A00719,2025-03-31,2244.04,2244.04,0.0,1,0
A00720,2025-03-31,3277.0,0.0,3277.0,0,1
A00721,2025-03-31,620.87,0.0,620.87,0,1
A00722,2025-03-31,1702.15,1702.15,0.0,1,0
A00723,2025-03-31,4117.78,0.0,4117.78,0,1
A00724,2025-03-31,2055.0,0.0,2055.0,0,1
A00725,2025-03-31,3334.21,0.0,3334.21,0,1
A00726,2025-03-31,1195.76,0.0,1195.76,0,1
A00727,2025-03-31,2356.63,0.0,2356.63,0,1
A00728,2025-03-31,5160.27,0.0,5160.27,0,1
A00729,2025-03-31,1167.31,1167.31,0.0,1,0
A00730,2025-03-31,1091.39,1091.39,0.0,1,0
A00731,2025-03-31,1342.82,0.0,1342.82,0,1
A00732,2025-03-31,816.22,0.0,816.22,0,1
A00733,2025-03-31,1651.87,0.0,1651.87,0,1
A00734,2025-03-31,1994.05,0.0,1994.05,0,1
A00735,2025-03-31,3511.13,0.0,3511.13,0,1
A00736,2025-03-31,1872.02,1872.02,0.0,1,0
A00737,2025-03-31,2107.53,0.0,2107.53,0,1
A00738,2025-03-31,2348.14,2348.14,0.0,1,0
A00739,2025-03-31,1238.58,1238.58,0.0,1,0
A00740,2025-03-31,2174.14,0.0,2174.14,0,1
A00741,2025-03-31,552.22,552.22,0.0,1,0
A00742,2025-03-31,7335.82,7335.82,0.0,1,0
A00743,2025-03-31,2817.5,0.0,2817.5,0,1
A00744,2025-03-31,3398.16,0.0,3398.16,0,1
A00745,2025-03-31,1681.9,0.0,1681.9,0,1
A00746,2025-03-31,604.58,0.0,604.58,0,1
A00747,2025-03-31,5914.57,0.0,5914.57,0,1
A00748,2025-03-31,1767.21,0.0,1767.21,0,1
A00749,2025-03-31,1578.93,0.0,1578.93,0,1
A00750,2025-03-31,363.65,0.0,363.65,0,1
A00751,2025-03-31,1736.49,0.0,1736.49,0,1
A00752,2025-03-31,4321.2,0.0,4321.2,0,1
A00753,2025-03-31,1009.92,1009.92,0.0,1,0
A00754,2025-03-31,951.58,0.0,951.58,0,1
A00755,2025-03-31,2002.1,2002.1,0.0,1,0
A00756,2025-03-31,1689.71,0.0,1689.71,0,1
A00757,2025-03-31,1472.49,0.0,1472.49,0,1
A00758,2025-03-31,1023.71,0.0,1023.71,0,1
A00759,2025-03-31,1664.21,1664.21,0.0,1,0
A00760,2025-03-31,3167.83,0.0,3167.83,0,1
A00761,2025-03-31,388.44,0.0,388.44,0,1
A00762,2025-03-31,4407.07,0.0,4407.07,0,1
A00763,2025-03-31,3792.57,0.0,3792.57,0,1
A00764,2025-03-31,1438.58,1438.58,0.0,1,0
A00765,2025-03-31,3580.08,3580.08,0.0,1,0
A00766,2025-03-31,1297.51,0.0,1297.51,0,1
A00767,2025-03-31,4423.28,4423.28,0.0,1,0
A00768,2025-03-31,1360.36,0.0,1360.36,0,1
A00769,2025-03-31,1325.82,1325.82,0.0,1,0
A00770,2025-03-31,138.04,138.04,0.0,1,0
A00771,2025-03-31,1266.45,0.0,1266.45,0,1
A00772,2025-03-31,1046.73,1046.73,0.0,1,0
A00773,2025-03-31,2684.15,0.0,2684.15,0,1
A00774,2025-03-31,1901.99,0.0,1901.99,0,1
A00775,2025-03-31,1724.21,1724.21,0.0,1,0
A00776,2025-03-31,1931.09,0.0,1931.09,0,1
A00777,2025-03-31,6099.37,0.0,6099.37,0,1
A00778,2025-03-31,962.14,0.0,962.14,0,1
A00779,2025-03-31,269.18,0.0,269.18,0,1
A00780,2025-03-31,1649.67,0.0,1649.67,0,1
A00781,2025-03-31,2555.51,2555.51,0.0,1,0
A00782,2025-03-31,586.19,0.0,586.19,0,1
A00783,2025-03-31,9164.18,0.0,9164.18,0,1
A00784,2025-03-31,5699.25,0.0,5699.25,0,1
A00785,2025-03-31,4022.34,0.0,4022.34,0,1
A00786,2025-03-31,1663.96,0.0,1663.96,0,1
A00787,2025-03-31,5495.68,5495.68,0.0,1,0
A00788,2025-03-31,1483.99,1483.99,0.0,1,0
A00789,2025-03-31,302.15,0.0,302.15,0,1
A00790,2025-03-31,2105.59,2105.59,0.0,1,0
A00791,2025-03-31,4109.28,4109.28,0.0,1,0
A00792,2025-03-31,1147.62,0.0,1147.62,0,1
A00793,2025-03-31,3194.87,0.0,3194.87,0,1
A00794,2025-03-31,1242.69,0.0,1242.69,0,1
A00795,2025-03-31,2235.4,0.0,2235.4,0,1
A00796,2025-03-31,310.15,0.0,310.15,0,1
A00797,2025-03-31,580.92,0.0,580.92,0,1
A00798,2025-03-31,1401.01,0.0,1401.01,0,1
A00799,2025-03-31,4294.24,0.0,4294.24,0,1
A00800,2025-03-31,510.43,0.0,510.43,0,1
A00801,2025-03-31,787.77,0.0,787.77,0,1
A00802,2025-03-31,1459.44,1459.44,0.0,1,0
A00803,2025-03-31,1311.2,1311.2,0.0,1,0
A00804,2025-03-31,3630.01,3630.01,0.0,1,0
A00805,2025-03-31,3946.24,3946.24,0.0,1,0
A00806,2025-03-31,2737.32,2737.32,0.0,1,0
A00807,2025-03-31,3756.31,0.0,3756.31,0,1
A00808,2025-03-31,1432.56,1432.56,0.0,1,0
A00809,2025-03-31,3717.51,0.0,3717.51,0,1
A00810,2025-03-31,1723.49,0.0,1723.49,0,1
A00811,2025-03-31,3265.42,0.0,3265.42,0,1
A00812,2025-03-31,2049.95,0.0,2049.95,0,1
A00813,2025-03-31,216.54,0.0,216.54,0,1
A00814,2025-03-31,2644.34,2644.34,0.0,1,0
A00815,2025-03-31,3284.13,0.0,3284.13,0,1
A00816,2025-03-31,3918.36,0.0,3918.36,0,1
A00817,2025-03-31,453.56,453.56,0.0,1,0
A00818,2025-03-31,1465.97,1465.97,0.0,1,0
A00819,2025-03-31,3127.54,0.0,3127.54,0,1
A00820,2025-03-31,1945.23,0.0,1945.23,0,1
A00821,2025-03-31,4446.79,0.0,4446.79,0,1
A00822,2025-03-31,524.39,0.0,524.39,0,1
A00823,2025-03-31,747.26,747.26,0.0,1,0
A00824,2025-03-31,1626.21,0.0,1626.21,0,1
A00825,2025-03-31,142.8,0.0,142.8,0,1
A00826,2025-03-31,152.24,152.24,0.0,1,0
A00827,2025-03-31,1774.65,1774.65,0.0,1,0
A00828,2025-03-31,2681.19,0.0,2681.19,0,1
A00829,2025-03-31,990.74,990.74,0.0,1,0
A00830,2025-03-31,4544.33,0.0,4544.33,0,1
A00831,2025-03-31,697.24,697.24,0.0,1,0
A00832,2025-03-31,4713.83,0.0,4713.83,0,1
A00833,2025-03-31,2760.92,2760.92,0.0,1,0
A00834,2025-03-31,5403.5,5403.5,0.0,1,0
A00835,2025-03-31,1899.59,1899.59,0.0,1,0
A00836,2025-03-31,1511.34,0.0,1511.34,0,1
A00837,2025-03-31,2063.34,0.0,2063.34,0,1
A00838,2025-03-31,740.36,0.0,740.36,0,1
A00839,2025-03-31,3914.83,3914.83,0.0,1,0
A00840,2025-03-31,2333.85,0.0,2333.85,0,1
A00841,2025-03-31,1616.9,1616.9,0.0,1,0
A00842,2025-03-31,4872.11,0.0,4872.11,0,1
A00843,2025-03-31,1743.94,0.0,1743.94,0,1
A00844,2025-03-31,896.27,0.0,896.27,0,1
A00845,2025-03-31,1120.69,0.0,1120.69,0,1
A00846,2025-03-31,782.43,0.0,782.43,0,1
A00847,2025-03-31,6253.29,0.0,6253.29,0,1
A00848,2025-03-31,3703.73,3703.73,0.0,1,0
A00849,2025-03-31,1516.52,0.0,1516.52,0,1
A00850,2025-03-31,1305.97,0.0,1305.97,0,1
A00851,2025-03-31,3800.81,3800.81,0.0,1,0
A00852,2025-03-31,922.37,922.37,0.0,1,0
A00853,2025-03-31,1411.89,1411.89,0.0,1,0
A00854,2025-03-31,6885.67,6885.67,0.0,1,0
A00855,2025-03-31,510.39,510.39,0.0,1,0
A00856,2025-03-31,1201.09,1201.09,0.0,1,0
A00857,2025-03-31,1151.45,0.0,1151.45,0,1
A00858,2025-03-31,1326.19,1326.19,0.0,1,0
A00859,2025-03-31,952.87,0.0,952.87,0,1
A00860,2025-03-31,790.01,0.0,790.01,0,1
A00861,2025-03-31,1860.86,0.0,1860.86,0,1
A00862,2025-03-31,2662.7,0.0,2662.7,0,1
A00863,2025-03-31,7152.57,7152.57,0.0,1,0
A00864,2025-03-31,410.5,410.5,0.0,1,0
A00865,2025-03-31,2093.92,0.0,2093.92,0,1
A00866,2025-03-31,2731.05,2731.05,0.0,1,0
A00867,2025-03-31,383.48,0.0,383.48,0,1
A00868,2025-03-31,3002.18,0.0,3002.18,0,1
A00869,2025-03-31,2244.83,0.0,2244.83,0,1
A00870,2025-03-31,1112.0,0.0,1112.0,0,1
A00871,2025-03-31,3258.23,0.0,3258.23,0,1
A00872,2025-03-31,6797.26,0.0,6797.26,0,1
A00873,2025-03-31,567.18,0.0,567.18,0,1
A00874,2025-03-31,763.26,0.0,763.26,0,1
A00875,2025-03-31,1409.66,0.0,1409.66,0,1
A00876,2025-03-31,1904.53,1904.53,0.0,1,0
A00877,2025-03-31,3172.23,0.0,3172.23,0,1
A00878,2025-03-31,180.81,180.81,0.0,1,0
A00879,2025-03-31,4925.86,0.0,4925.86,0,1
A00880,2025-03-31,3889.32,3889.32,0.0,1,0
A00881,2025-03-31,4450.74,0.0,4450.74,0,1
A00882,2025-03-31,2726.89,2726.89,0.0,1,0
A00883,2025-03-31,1903.5,1903.5,0.0,1,0
A00884,2025-03-31,1661.17,1661.17,0.0,1,0
A00885,2025-03-31,506.8,506.8,0.0,1,0
A00886,2025-03-31,2294.28,0.0,2294.28,0,1
A00887,2025-03-31,835.14,835.14,0.0,1,0
A00888,2025-03-31,204.08,0.0,204.08,0,1
A00889,2025-03-31,2678.7,0.0,2678.7,0,1
A00890,2025-03-31,1194.42,0.0,1194.42,0,1
A00891,2025-03-31,6068.19,6068.19,0.0,1,0
A00892,2025-03-31,2722.89,2722.89,0.0,1,0
A00893,2025-03-31,1526.98,1526.98,0.0,1,0
A00894,2025-03-31,4447.07,0.0,4447.07,0,1
A00895,2025-03-31,3194.92,0.0,3194.92,0,1
A00896,2025-03-31,418.31,0.0,418.31,0,1
A00897,2025-03-31,516.74,0.0,516.74,0,1
A00898,2025-03-31,3079.2,3079.2,0.0,1,0
A00899,2025-03-31,1444.97,1444.97,0.0,1,0
A00900,2025-03-31,5700.77,0.0,5700.77,0,1
A00901,2025-03-31,2943.67,2943.67,0.0,1,0
A00902,2025-03-31,1040.06,1040.06,0.0,1,0
A00903,2025-03-31,892.77,892.77,0.0,1,0
A00904,2025-03-31,4015.67,4015.67,0.0,1,0
A00905,2025-03-31,398.89,398.89,0.0,1,0
A00906,2025-03-31,2698.67,0.0,2698.67,0,1
A00907,2025-03-31,3249.16,0.0,3249.16,0,1
A00908,2025-03-31,519.54,519.54,0.0,1,0
A00909,2025-03-31,549.5,549.5,0.0,1,0
A00910,2025-03-31,3387.46,3387.46,0.0,1,0
A00911,2025-03-31,2178.11,2178.11,0.0,1,0
A00912,2025-03-31,3162.1,3162.1,0.0,1,0
A00913,2025-03-31,1263.68,0.0,1263.68,0,1
A00914,2025-03-31,1009.26,0.0,1009.26,0,1
A00915,2025-03-31,3968.48,3968.48,0.0,1,0
A00916,2025-03-31,4542.78,0.0,4542.78,0,1
A00917,2025-03-31,3245.46,3245.46,0.0,1,0
A00918,2025-03-31,3078.74,0.0,3078.74,0,1
A00919,2025-03-31,280.88,0.0,280.88,0,1
A00920,2025-03-31,1849.28,0.0,1849.28,0,1
A00921,2025-03-31,1433.18,1433.18,0.0,1,0
A00922,2025-03-31,3044.67,0.0,3044.67,0,1
A00923,2025-03-31,1181.25,1181.25,0.0,1,0
A00924,2025-03-31,7508.92,0.0,7508.92,0,1
A00925,2025-03-31,715.55,715.55,0.0,1,0
A00926,2025-03-31,1596.35,1596.35,0.0,1,0
A00927,2025-03-31,523.68,0.0,523.68,0,1
A00928,2025-03-31,550.8,0.0,550.8,0,1
A00929,2025-03-31,1374.66,0.0,1374.66,0,1
A00930,2025-03-31,4068.29,0.0,4068.29,0,1
A00931,2025-03-31,4142.01,0.0,4142.01,0,1
A00932,2025-03-31,2294.22,0.0,2294.22,0,1
A00933,2025-03-31,2014.42,0.0,2014.42,0,1
A00934,2025-03-31,4349.64,0.0,4349.64,0,1
A00935,2025-03-31,2781.07,0.0,2781.07,0,1
A00936,2025-03-31,1311.32,1311.32,0.0,1,0
A00937,2025-03-31,965.23,0.0,965.23,0,1
A00938,2025-03-31,959.08,959.08,0.0,1,0
A00939,2025-03-31,2819.95,0.0,2819.95,0,1
A00940,2025-03-31,2304.21,0.0,2304.21,0,1
A00941,2025-03-31,2624.84,0.0,2624.84,0,1
A00942,2025-03-31,1053.24,1053.24,0.0,1,0
A00943,2025-03-31,56.57,56.57,0.0,1,0
A00944,2025-03-31,399.01,399.01,0.0,1,0
A00945,2025-03-31,1939.87,0.0,1939.87,0,1
A00946,2025-03-31,801.4,0.0,801.4,0,1
A00947,2025-03-31,1615.96,1615.96,0.0,1,0
A00948,2025-03-31,828.66,828.66,0.0,1,0
A00949,2025-03-31,1880.54,0.0,1880.54,0,1
A00950,2025-03-31,2603.71,2603.71,0.0,1,0
A00951,2025-03-31,3656.56,0.0,3656.56,0,1
A00952,2025-03-31,2429.08,2429.08,0.0,1,0
A00953,2025-03-31,1397.25,1397.25,0.0,1,0
A00954,2025-03-31,1034.86,0.0,1034.86,0,1
A00955,2025-03-31,1974.48,1974.48,0.0,1,0
A00956,2025-03-31,4832.1,4832.1,0.0,1,0
A00957,2025-03-31,2568.94,0.0,2568.94,0,1
A00958,2025-03-31,2990.5,0.0,2990.5,0,1
A00959,2025-03-31,1708.34,0.0,1708.34,0,1
A00960,2025-03-31,2114.83,0.0,2114.83,0,1
A00961,2025-03-31,2478.73,2478.73,0.0,1,0
A00962,2025-03-31,309.68,309.68,0.0,1,0
A00963,2025-03-31,2076.69,0.0,2076.69,0,1
A00964,2025-03-31,149.28,149.28,0.0,1,0
A00965,2025-03-31,4404.52,4404.52,0.0,1,0
A00966,2025-03-31,4090.69,4090.69,0.0,1,0
A00967,2025-03-31,2833.87,2833.87,0.0,1,0
A00968,2025-03-31,846.15,846.15,0.0,1,0
A00969,2025-03-31,3423.07,3423.07,0.0,1,0
A00970,2025-03-31,2968.68,0.0,2968.68,0,1
A00971,2025-03-31,4607.84,0.0,4607.84,0,1
A00972,2025-03-31,2680.81,2680.81,0.0,1,0
A00973,2025-03-31,3720.36,3720.36,0.0,1,0
A00974,2025-03-31,2275.79,0.0,2275.79,0,1
A00975,2025-03-31,789.88,0.0,789.88,0,1
A00976,2025-03-31,2594.66,2594.66,0.0,1,0
A00977,2025-03-31,2740.27,0.0,2740.27,0,1
A00978,2025-03-31,2622.26,2622.26,0.0,1,0
A00979,2025-03-31,744.8,0.0,744.8,0,1
A00980,2025-03-31,4041.6,0.0,4041.6,0,1
A00981,2025-03-31,2822.27,0.0,2822.27,0,1
A00982,2025-03-31,2068.59,2068.59,0.0,1,0
A00983,2025-03-31,198.55,0.0,198.55,0,1
A00984,2025-03-31,2073.55,2073.55,0.0,1,0
A00985,2025-03-31,2517.85,2517.85,0.0,1,0
A00986,2025-03-31,3680.68,0.0,3680.68,0,1
A00987,2025-03-31,5561.87,0.0,5561.87,0,1
A00988,2025-03-31,2381.65,2381.65,0.0,1,0
A00989,2025-03-31,358.62,0.0,358.62,0,1
A00990,2025-03-31,1950.83,0.0,1950.83,0,1
A00991,2025-03-31,3764.62,0.0,3764.62,0,1
A00992,2025-03-31,6797.29,6797.29,0.0,1,0
A00993,2025-03-31,449.81,449.81,0.0,1,0
A00994,2025-03-31,1333.57,0.0,1333.57,0,1
A00995,2025-03-31,3315.12,3315.12,0.0,1,0
A00996,2025-03-31,2874.37,0.0,2874.37,0,1
A00997,2025-03-31,2675.87,0.0,2675.87,0,1
A00998,2025-03-31,2416.5,0.0,2416.5,0,1
A00999,2025-03-31,1437.5,0.0,1437.5,0,1
A01000,2025-03-31,3079.22,3079.22,0.0,1,0
A01001,2025-03-31,2806.71,0.0,2806.71,0,1
A01002,2025-03-31,3321.65,0.0,3321.65,0,1
A01003,2025-03-31,2310.87,2310.87,0.0,1,0
A01004,2025-03-31,7669.34,7669.34,0.0,1,0
A01005,2025-03-31,617.78,0.0,617.78,0,1
A01006,2025-03-31,886.42,0.0,886.42,0,1
A01007,2025-03-31,1816.46,1816.46,0.0,1,0
A01008,2025-03-31,1263.16,1263.16,0.0,1,0
A01009,2025-03-31,3868.23,0.0,3868.23,0,1
A01010,2025-03-31,906.14,0.0,906.14,0,1
A01011,2025-03-31,514.68,514.68,0.0,1,0
A01012,2025-03-31,1777.2,1777.2,0.0,1,0
A01013,2025-03-31,408.65,0.0,408.65,0,1
A01014,2025-03-31,2967.42,0.0,2967.42,0,1
A01015,2025-03-31,3620.89,3620.89,0.0,1,0
A01016,2025-03-31,1355.79,1355.79,0.0,1,0
A01017,2025-03-31,3325.4,3325.4,0.0,1,0
A01018,2025-03-31,3992.06,0.0,3992.06,0,1
A01019,2025-03-31,4448.15,4448.15,0.0,1,0
A01020,2025-03-31,166.05,0.0,166.05,0,1
A01021,2025-03-31,2914.12,2914.12,0.0,1,0
A01022,2025-03-31,2548.34,0.0,2548.34,0,1
A01023,2025-03-31,2605.54,2605.54,0.0,1,0
A01024,2025-03-31,4456.12,0.0,4456.12,0,1
A01025,2025-03-31,5567.89,5567.89,0.0,1,0
A01026,2025-03-31,2484.16,0.0,2484.16,0,1
A01027,2025-03-31,1654.62,0.0,1654.62,0,1
A01028,2025-03-31,3774.09,0.0,3774.09,0,1
A01029,2025-03-31,3369.98,0.0,3369.98,0,1
A01030,2025-03-31,1977.08,0.0,1977.08,0,1
A01031,2025-03-31,1839.2,0.0,1839.2,0,1
A01032,2025-03-31,1505.27,1505.27,0.0,1,0
A01033,2025-03-31,1177.83,0.0,1177.83,0,1
A01034,2025-03-31,1111.78,0.0,1111.78,0,1
A01035,2025-03-31,2260.4,0.0,2260.4,0,1
A01036,2025-03-31,1556.48,0.0,1556.48,0,1
A01037,2025-03-31,2074.1,0.0,2074.1,0,1
A01038,2025-03-31,974.8,974.8,0.0,1,0
A01039,2025-03-31,2469.66,0.0,2469.66,0,1
A01040,2025-03-31,2984.32,0.0,2984.32,0,1
A01041,2025-03-31,3064.4,0.0,3064.4,0,1
A01042,2025-03-31,850.76,850.76,0.0,1,0
A01043,2025-03-31,2216.0,0.0,2216.0,0,1
A01044,2025-03-31,2064.48,2064.48,0.0,1,0
A01045,2025-03-31,1678.03,0.0,1678.03,0,1
A01046,2025-03-31,1877.7,1877.7,0.0,1,0
A01047,2025-03-31,2787.52,0.0,2787.52,0,1
A01048,2025-03-31,2960.59,2960.59,0.0,1,0
A01049,2025-03-31,3000.01,0.0,3000.01,0,1
A01050,2025-03-31,964.58,0.0,964.58,0,1
A01051,2025-03-31,5331.68,5331.68,0.0,1,0
A01052,2025-03-31,3592.94,3592.94,0.0,1,0
A01053,2025-03-31,827.79,827.79,0.0,1,0
A01054,2025-03-31,961.52,0.0,961.52,0,1
A01055,2025-03-31,1319.09,1319.09,0.0,1,0
A01056,2025-03-31,3046.73,3046.73,0.0,1,0
A01057,2025-03-31,1206.14,1206.14,0.0,1,0
A01058,2025-03-31,299.82,299.82,0.0,1,0
A01059,2025-03-31,4570.2,0.0,4570.2,0,1
A01060,2025-03-31,1160.32,0.0,1160.32,0,1
A01061,2025-03-31,5002.46,0.0,5002.46,0,1
A01062,2025-03-31,3657.07,0.0,3657.07,0,1
A01063,2025-03-31,6507.27,6507.27,0.0,1,0
A01064,2025-03-31,2819.73,0.0,2819.73,0,1
A01065,2025-03-31,1522.11,0.0,1522.11,0,1
A01066,2025-03-31,2795.69,0.0,2795.69,0,1
A01067,2025-03-31,5697.01,0.0,5697.01,0,1
A01068,2025-03-31,1325.67,0.0,1325.67,0,1
A01069,2025-03-31,2120.6,0.0,2120.6,0,1
A01070,2025-03-31,1390.96,0.0,1390.96,0,1
A01071,2025-03-31,2926.42,0.0,2926.42,0,1
A01072,2025-03-31,971.41,0.0,971.41,0,1
A01073,2025-03-31,1402.41,0.0,1402.41,0,1
A01074,2025-03-31,774.57,0.0,774.57,0,1
A01075,2025-03-31,4961.86,0.0,4961.86,0,1
A01076,2025-03-31,7098.68,0.0,7098.68,0,1
A01077,2025-03-31,3653.2,0.0,3653.2,0,1
A01078,2025-03-31,3502.86,3502.86,0.0,1,0
A01079,2025-03-31,1578.05,0.0,1578.05,0,1
A01080,2025-03-31,695.14,0.0,695.14,0,1
A01081,2025-03-31,487.34,0.0,487.34,0,1
A01082,2025-03-31,6222.93,6222.93,0.0,1,0
A01083,2025-03-31,1611.28,1611.28,0.0,1,0
A01084,2025-03-31,2278.22,0.0,2278.22,0,1
A01085,2025-03-31,2914.33,2914.33,0.0,1,0
A01086,2025-03-31,2940.99,2940.99,0.0,1,0
A01087,2025-03-31,2834.3,2834.3,0.0,1,0
A01088,2025-03-31,1513.03,0.0,1513.03,0,1
A01089,2025-03-31,3447.14,0.0,3447.14,0,1
A01090,2025-03-31,2062.65,0.0,2062.65,0,1
A01091,2025-03-31,2509.67,0.0,2509.67,0,1
A01092,2025-03-31,723.33,0.0,723.33,0,1
A01093,2025-03-31,1607.1,0.0,1607.1,0,1
A01094,2025-03-31,965.26,0.0,965.26,0,1
A01095,2025-03-31,515.26,0.0,515.26,0,1
A01096,2025-03-31,1503.55,0.0,1503.55,0,1
A01097,2025-03-31,1882.36,1882.36,0.0,1,0
A01098,2025-03-31,678.92,0.0,678.92,0,1
A01099,2025-03-31,1774.03,0.0,1774.03,0,1
A01100,2025-03-31,2572.28,2572.28,0.0,1,0
A01101,2025-03-31,180.17,0.0,180.17,0,1
A01102,2025-03-31,2388.45,0.0,2388.45,0,1
A01103,2025-03-31,1808.81,1808.81,0.0,1,0
A01104,2025-03-31,574.14,574.14,0.0,1,0
A01105,2025-03-31,4138.14,4138.14,0.0,1,0
A01106,2025-03-31,3280.01,3280.01,0.0,1,0
A01107,2025-03-31,372.14,372.14,0.0,1,0
A01108,2025-03-31,2470.69,0.0,2470.69,0,1
A01109,2025-03-31,4788.15,4788.15,0.0,1,0
A01110,2025-03-31,1937.05,1937.05,0.0,1,0
A01111,2025-03-31,1268.33,0.0,1268.33,0,1
A01112,2025-03-31,2236.51,2236.51,0.0,1,0
A01113,2025-03-31,1574.25,0.0,1574.25,0,1
A01114,2025-03-31,1872.48,0.0,1872.48,0,1
A01115,2025-03-31,448.95,448.95,0.0,1,0
A01116,2025-03-31,1742.91,1742.91,0.0,1,0
A01117,2025-03-31,2209.67,2209.67,0.0,1,0
A01118,2025-03-31,2213.38,0.0,2213.38,0,1
A01119,2025-03-31,9169.48,9169.48,0.0,1,0
A01120,2025-03-31,788.39,0.0,788.39,0,1
A01121,2025-03-31,2865.84,2865.84,0.0,1,0
A01122,2025-03-31,582.13,0.0,582.13,0,1
A01123,2025-03-31,696.53,696.53,0.0,1,0
A01124,2025-03-31,1783.93,1783.93,0.0,1,0
A01125,2025-03-31,4081.98,0.0,4081.98,0,1
A01126,2025-03-31,1178.33,1178.33,0.0,1,0
A01127,2025-03-31,962.73,962.73,0.0,1,0
A01128,2025-03-31,1817.24,0.0,1817.24,0,1
A01129,2025-03-31,1907.91,1907.91,0.0,1,0
A01130,2025-03-31,5561.05,5561.05,0.0,1,0
A01131,2025-03-31,1715.26,1715.26,0.0,1,0
A01132,2025-03-31,516.43,0.0,516.43,0,1
A01133,2025-03-31,2360.7,0.0,2360.7,0,1
A01134,2025-03-31,453.06,0.0,453.06,0,1
A01135,2025-03-31,4125.32,0.0,4125.32,0,1
A01136,2025-03-31,2429.64,2429.64,0.0,1,0
A01137,2025-03-31,4869.42,0.0,4869.42,0,1
A01138,2025-03-31,2180.13,2180.13,0.0,1,0
A01139,2025-03-31,806.26,0.0,806.26,0,1
A01140,2025-03-31,4781.95,0.0,4781.95,0,1
A01141,2025-03-31,628.84,628.84,0.0,1,0
A01142,2025-03-31,3447.42,0.0,3447.42,0,1
A01143,2025-03-31,216.19,216.19,0.0,1,0
A01144,2025-03-31,1032.24,0.0,1032.24,0,1
A01145,2025-03-31,4677.92,4677.92,0.0,1,0
A01146,2025-03-31,6258.88,0.0,6258.88,0,1
A01147,2025-03-31,1947.58,0.0,1947.58,0,1
A01148,2025-03-31,594.57,594.57,0.0,1,0
A01149,2025-03-31,3751.52,0.0,3751.52,0,1
A01150,2025-03-31,3048.28,0.0,3048.28,0,1
A01151,2025-03-31,1314.4,1314.4,0.0,1,0
A01152,2025-03-31,3310.14,3310.14,0.0,1,0
A01153,2025-03-31,1202.27,1202.27,0.0,1,0
A01154,2025-03-31,608.21,0.0,608.21,0,1
A01155,2025-03-31,2404.15,0.0,2404.15,0,1
A01156,2025-03-31,2442.41,2442.41,0.0,1,0
A01157,2025-03-31,2220.99,2220.99,0.0,1,0
A01158,2025-03-31,3772.5,0.0,3772.5,0,1
A01159,2025-03-31,4194.61,4194.61,0.0,1,0
A01160,2025-03-31,2696.14,0.0,2696.14,0,1
A01161,2025-03-31,406.67,406.67,0.0,1,0
A01162,2025-03-31,553.63,553.63,0.0,1,0
A01163,2025-03-31,1137.81,0.0,1137.81,0,1
A01164,2025-03-31,2028.33,0.0,2028.33,0,1
A01165,2025-03-31,3987.67,0.0,3987.67,0,1
A01166,2025-03-31,4092.83,4092.83,0.0,1,0
A01167,2025-03-31,809.44,809.44,0.0,1,0
A01168,2025-03-31,2138.42,0.0,2138.42,0,1
A01169,2025-03-31,1822.37,0.0,1822.37,0,1
A01170,2025-03-31,1841.28,1841.28,0.0,1,0
A01171,2025-03-31,712.66,712.66,0.0,1,0
A01172,2025-03-31,2157.46,0.0,2157.46,0,1
A01173,2025-03-31,1077.62,0.0,1077.62,0,1
A01174,2025-03-31,3153.51,0.0,3153.51,0,1
A01175,2025-03-31,715.47,0.0,715.47,0,1
A01176,2025-03-31,1944.94,1944.94,0.0,1,0
A01177,2025-03-31,1333.59,0.0,1333.59,0,1
A01178,2025-03-31,3377.56,0.0,3377.56,0,1
A01179,2025-03-31,1546.41,0.0,1546.41,0,1
A01180,2025-03-31,2431.48,0.0,2431.48,0,1
A01181,2025-03-31,1052.79,0.0,1052.79,0,1
A01182,2025-03-31,2992.88,2992.88,0.0,1,0
A01183,2025-03-31,1748.46,1748.46,0.0,1,0
A01184,2025-03-31,5745.16,0.0,5745.16,0,1
A01185,2025-03-31,2431.42,0.0,2431.42,0,1
A01186,2025-03-31,1877.34,0.0,1877.34,0,1
A01187,2025-03-31,2336.86,0.0,2336.86,0,1
A01188,2025-03-31,2502.23,2502.23,0.0,1,0
A01189,2025-03-31,593.37,0.0,593.37,0,1
A01190,2025-03-31,1335.21,0.0,1335.21,0,1
A01191,2025-03-31,1140.16,1140.16,0.0,1,0
A01192,2025-03-31,6233.08,0.0,6233.08,0,1
A01193,2025-03-31,529.34,0.0,529.34,0,1
A01194,2025-03-31,1822.53,0.0,1822.53,0,1
A01195,2025-03-31,1824.12,0.0,1824.12,0,1
A01196,2025-03-31,2390.38,2390.38,0.0,1,0
A01197,2025-03-31,2743.06,0.0,2743.06,0,1
A01198,2025-03-31,1588.42,0.0,1588.42,0,1
A01199,2025-03-31,827.99,827.99,0.0,1,0
A01200,2025-03-31,3334.01,0.0,3334.01,0,1
A01201,2025-03-31,598.58,598.58,0.0,1,0
A01202,2025-03-31,1680.88,1680.88,0.0,1,0
A01203,2025-03-31,1774.04,0.0,1774.04,0,1
A01204,2025-03-31,2462.5,2462.5,0.0,1,0
A01205,2025-03-31,920.03,0.0,920.03,0,1
A01206,2025-03-31,3713.08,3713.08,0.0,1,0
A01207,2025-03-31,2853.57,0.0,2853.57,0,1
A01208,2025-03-31,2550.31,0.0,2550.31,0,1
A01209,2025-03-31,1010.28,0.0,1010.28,0,1
A01210,2025-03-31,476.36,0.0,476.36,0,1
A01211,2025-03-31,2771.39,0.0,2771.39,0,1
A01212,2025-03-31,6795.74,0.0,6795.74,0,1
A01213,2025-03-31,2112.23,0.0,2112.23,0,1
A01214,2025-03-31,8526.55,0.0,8526.55,0,1
A01215,2025-03-31,565.95,0.0,565.95,0,1
A01216,2025-03-31,2129.87,2129.87,0.0,1,0
A01217,2025-03-31,161.31,0.0,161.31,0,1
A01218,2025-03-31,841.89,0.0,841.89,0,1
A01219,2025-03-31,3515.68,0.0,3515.68,0,1
A01220,2025-03-31,172.82,0.0,172.82,0,1
A01221,2025-03-31,2776.1,2776.1,0.0,1,0
A01222,2025-03-31,3014.11,3014.11,0.0,1,0
A01223,2025-03-31,740.58,0.0,740.58,0,1
A01224,2025-03-31,2005.29,0.0,2005.29,0,1
A01225,2025-03-31,918.49,918.49,0.0,1,0
A01226,2025-03-31,3328.9,0.0,3328.9,0,1
A01227,2025-03-31,4185.0,0.0,4185.0,0,1
A01228,2025-03-31,1217.17,1217.17,0.0,1,0
A01229,2025-03-31,1370.03,1370.03,0.0,1,0
A01230,2025-03-31,1201.08,0.0,1201.08,0,1
A01231,2025-03-31,1478.81,1478.81,0.0,1,0
A01232,2025-03-31,880.2,0.0,880.2,0,1
A01233,2025-03-31,2053.6,2053.6,0.0,1,0
A01234,2025-03-31,1212.93,0.0,1212.93,0,1
A01235,2025-03-31,3493.36,0.0,3493.36,0,1
A01236,2025-03-31,1543.1,1543.1,0.0,1,0
A01237,2025-03-31,5798.34,5798.34,0.0,1,0
A01238,2025-03-31,4268.85,0.0,4268.85,0,1
A01239,2025-03-31,3922.1,3922.1,0.0,1,0
A01240,2025-03-31,434.01,0.0,434.01,0,1
A01241,2025-03-31,2949.96,2949.96,0.0,1,0
A01242,2025-03-31,3229.67,3229.67,0.0,1,0
A01243,2025-03-31,346.29,0.0,346.29,0,1
A01244,2025-03-31,3322.73,0.0,3322.73,0,1
A01245,2025-03-31,1368.56,0.0,1368.56,0,1
A01246,2025-03-31,902.17,0.0,902.17,0,1
A01247,2025-03-31,1294.42,1294.42,0.0,1,0
A01248,2025-03-31,2312.07,2312.07,0.0,1,0
A01249,2025-03-31,209.76,0.0,209.76,0,1
A01250,2025-03-31,1350.91,0.0,1350.91,0,1
A01251,2025-03-31,1288.14,1288.14,0.0,1,0
A01252,2025-03-31,5355.6,0.0,5355.6,0,1
A01253,2025-03-31,1873.8,1873.8,0.0,1,0
A01254,2025-03-31,8852.98,0.0,8852.98,0,1
A01255,2025-03-31,2839.12,2839.12,0.0,1,0
A01256,2025-03-31,1128.41,1128.41,0.0,1,0
A01257,2025-03-31,3088.35,0.0,3088.35,0,1
A01258,2025-03-31,2574.98,0.0,2574.98,0,1
A01259,2025-03-31,4410.93,4410.93,0.0,1,0
A01260,2025-03-31,1440.09,1440.09,0.0,1,0
A01261,2025-03-31,2208.02,0.0,2208.02,0,1
A01262,2025-03-31,1411.52,0.0,1411.52,0,1
A01263,2025-03-31,2662.33,0.0,2662.33,0,1
A01264,2025-03-31,1360.44,1360.44,0.0,1,0
A01265,2025-03-31,1239.29,1239.29,0.0,1,0
A01266,2025-03-31,467.37,0.0,467.37,0,1
A01267,2025-03-31,3026.76,3026.76,0.0,1,0
A01268,2025-03-31,2862.3,2862.3,0.0,1,0
A01269,2025-03-31,1608.01,0.0,1608.01,0,1
A01270,2025-03-31,4501.82,4501.82,0.0,1,0
A01271,2025-03-31,5735.47,5735.47,0.0,1,0
A01272,2025-03-31,1160.28,0.0,1160.28,0,1
A01273,2025-03-31,4951.11,0.0,4951.11,0,1
A01274,2025-03-31,3065.6,0.0,3065.6,0,1
A01275,2025-03-31,709.08,709.08,0.0,1,0
A01276,2025-03-31,2120.61,0.0,2120.61,0,1
A01277,2025-03-31,1632.48,0.0,1632.48,0,1
A01278,2025-03-31,6091.06,6091.06,0.0,1,0
A01279,2025-03-31,3326.59,0.0,3326.59,0,1
A01280,2025-03-31,1799.68,0.0,1799.68,0,1
A01281,2025-03-31,1730.41,0.0,1730.41,0,1
A01282,2025-03-31,1701.52,0.0,1701.52,0,1
A01283,2025-03-31,2419.05,0.0,2419.05,0,1
A01284,2025-03-31,6771.08,0.0,6771.08,0,1
A01285,2025-03-31,2292.88,2292.88,0.0,1,0
A01286,2025-03-31,699.91,0.0,699.91,0,1
A01287,2025-03-31,1282.12,1282.12,0.0,1,0
A01288,2025-03-31,340.45,0.0,340.45,0,1
A01289,2025-03-31,3174.8,3174.8,0.0,1,0
A01290,2025-03-31,1540.71,1540.71,0.0,1,0
A01291,2025-03-31,892.54,0.0,892.54,0,1
A01292,2025-03-31,3547.57,0.0,3547.57,0,1
A01293,2025-03-31,1574.62,1574.62,0.0,1,0
A01294,2025-03-31,610.44,610.44,0.0,1,0
A01295,2025-03-31,1044.6,1044.6,0.0,1,0
A01296,2025-03-31,660.13,0.0,660.13,0,1
A01297,2025-03-31,3830.44,3830.44,0.0,1,0
A01298,2025-03-31,1534.5,0.0,1534.5,0,1
A01299,2025-03-31,2132.3,0.0,2132.3,0,1
A01300,2025-03-31,239.53,239.53,0.0,1,0
A01301,2025-03-31,717.13,0.0,717.13,0,1
A01302,2025-03-31,589.38,0.0,589.38,0,1
A01303,2025-03-31,1342.02,0.0,1342.02,0,1
A01304,2025-03-31,218.28,218.28,0.0,1,0
A01305,2025-03-31,284.16,0.0,284.16,0,1
A01306,2025-03-31,2522.01,0.0,2522.01,0,1
A01307,2025-03-31,1121.31,1121.31,0.0,1,0
A01308,2025-03-31,3161.13,0.0,3161.13,0,1
A01309,2025-03-31,1452.04,1452.04,0.0,1,0
A01310,2025-03-31,1389.1,0.0,1389.1,0,1
A01311,2025-03-31,1104.39,0.0,1104.39,0,1
A01312,2025-03-31,235.69,0.0,235.69,0,1
A01313,2025-03-31,1596.4,1596.4,0.0,1,0
A01314,2025-03-31,3212.28,0.0,3212.28,0,1
A01315,2025-03-31,6488.86,6488.86,0.0,1,0
A01316,2025-03-31,1597.04,0.0,1597.04,0,1
A01317,2025-03-31,315.25,0.0,315.25,0,1
A01318,2025-03-31,5770.49,0.0,5770.49,0,1
A01319,2025-03-31,4631.06,4631.06,0.0,1,0
A01320,2025-03-31,1359.88,1359.88,0.0,1,0
A01321,2025-03-31,3456.9,0.0,3456.9,0,1
A01322,2025-03-31,3241.07,0.0,3241.07,0,1
A01323,2025-03-31,2077.46,2077.46,0.0,1,0
A01324,2025-03-31,2123.44,0.0,2123.44,0,1
A01325,2025-03-31,1938.03,1938.03,0.0,1,0
A01326,2025-03-31,505.17,505.17,0.0,1,0
A01327,2025-03-31,3233.52,0.0,3233.52,0,1
A01328,2025-03-31,3889.17,0.0,3889.17,0,1
A01329,2025-03-31,4935.02,4935.02,0.0,1,0
A01330,2025-03-31,727.7,0.0,727.7,0,1
A01331,2025-03-31,1473.15,0.0,1473.15,0,1
A01332,2025-03-31,597.45,0.0,597.45,0,1
A01333,2025-03-31,1748.14,1748.14,0.0,1,0
A01334,2025-03-31,1363.01,0.0,1363.01,0,1
A01335,2025-03-31,2896.55,2896.55,0.0,1,0
A01336,2025-03-31,3867.79,3867.79,0.0,1,0
A01337,2025-03-31,172.93,0.0,172.93,0,1
A01338,2025-03-31,3882.35,3882.35,0.0,1,0
A01339,2025-03-31,3982.72,0.0,3982.72,0,1
A01340,2025-03-31,1429.52,0.0,1429.52,0,1
A01341,2025-03-31,1035.55,0.0,1035.55,0,1
A01342,2025-03-31,3569.16,0.0,3569.16,0,1
A01343,2025-03-31,322.87,322.87,0.0,1,0
A01344,2025-03-31,838.54,0.0,838.54,0,1
A01345,2025-03-31,1044.73,0.0,1044.73,0,1
A01346,2025-03-31,2605.61,2605.61,0.0,1,0
A01347,2025-03-31,2785.39,2785.39,0.0,1,0
A01348,2025-03-31,2750.65,2750.65,0.0,1,0
A01349,2025-03-31,1566.26,1566.26,0.0,1,0
A01350,2025-03-31,3641.79,3641.79,0.0,1,0
A01351,2025-03-31,8344.29,8344.29,0.0,1,0
A01352,2025-03-31,1209.46,0.0,1209.46,0,1
A01353,2025-03-31,6311.2,0.0,6311.2,0,1
A01354,2025-03-31,3252.43,0.0,3252.43,0,1
A01355,2025-03-31,3063.05,0.0,3063.05,0,1
A01356,2025-03-31,1742.19,1742.19,0.0,1,0
A01357,2025-03-31,2161.3,0.0,2161.3,0,1
A01358,2025-03-31,2085.85,2085.85,0.0,1,0
A01359,2025-03-31,7327.59,7327.59,0.0,1,0
A01360,2025-03-31,1264.28,1264.28,0.0,1,0
A01361,2025-03-31,908.62,908.62,0.0,1,0
A01362,2025-03-31,1053.66,0.0,1053.66,0,1
A01363,2025-03-31,1959.17,0.0,1959.17,0,1
A01364,2025-03-31,2204.4,2204.4,0.0,1,0
A01365,2025-03-31,885.22,885.22,0.0,1,0
A01366,2025-03-31,5993.14,0.0,5993.14,0,1
A01367,2025-03-31,945.0,0.0,945.0,0,1
A01368,2025-03-31,1266.84,1266.84,0.0,1,0
A01369,2025-03-31,2307.7,2307.7,0.0,1,0
A01370,2025-03-31,2942.27,0.0,2942.27,0,1
A01371,2025-03-31,498.87,0.0,498.87,0,1
A01372,2025-03-31,6642.95,6642.95,0.0,1,0
A01373,2025-03-31,1683.62,0.0,1683.62,0,1
A01374,2025-03-31,5241.05,5241.05,0.0,1,0
A01375,2025-03-31,2343.97,2343.97,0.0,1,0
A01376,2025-03-31,1195.98,0.0,1195.98,0,1
A01377,2025-03-31,2958.67,0.0,2958.67,0,1
A01378,2025-03-31,5342.25,5342.25,0.0,1,0
A01379,2025-03-31,3510.11,0.0,3510.11,0,1
A01380,2025-03-31,3654.53,0.0,3654.53,0,1
A01381,2025-03-31,1129.79,1129.79,0.0,1,0
A01382,2025-03-31,2404.38,2404.38,0.0,1,0
A01383,2025-03-31,607.24,0.0,607.24,0,1
A01384,2025-03-31,2677.24,2677.24,0.0,1,0
A01385,2025-03-31,1958.1,0.0,1958.1,0,1
A01386,2025-03-31,2094.11,0.0,2094.11,0,1
A01387,2025-03-31,1700.72,1700.72,0.0,1,0
A01388,2025-03-31,1600.61,0.0,1600.61,0,1
A01389,2025-03-31,884.06,0.0,884.06,0,1
A01390,2025-03-31,1396.5,0.0,1396.5,0,1
A01391,2025-03-31,4345.98,0.0,4345.98,0,1
A01392,2025-03-31,1522.9,0.0,1522.9,0,1
A01393,2025-03-31,2065.69,0.0,2065.69,0,1
A01394,2025-03-31,1134.02,0.0,1134.02,0,1
A01395,2025-03-31,2868.5,0.0,2868.5,0,1
A01396,2025-03-31,1195.19,1195.19,0.0,1,0
A01397,2025-03-31,4069.67,0.0,4069.67,0,1
A01398,2025-03-31,1136.55,0.0,1136.55,0,1
A01399,2025-03-31,484.95,0.0,484.95,0,1
A01400,2025-03-31,1482.22,0.0,1482.22,0,1
A01401,2025-03-31,470.93,470.93,0.0,1,0
A01402,2025-03-31,3129.67,0.0,3129.67,0,1
A01403,2025-03-31,1126.78,0.0,1126.78,0,1
A01404,2025-03-31,5830.9,5830.9,0.0,1,0
A01405,2025-03-31,1484.42,1484.42,0.0,1,0
A01406,2025-03-31,1447.18,0.0,1447.18,0,1
A01407,2025-03-31,1516.08,1516.08,0.0,1,0
A01408,2025-03-31,3769.88,0.0,3769.88,0,1
A01409,2025-03-31,144.93,0.0,144.93,0,1
A01410,2025-03-31,2512.48,0.0,2512.48,0,1
A01411,2025-03-31,5930.9,5930.9,0.0,1,0
A01412,2025-03-31,2001.69,2001.69,0.0,1,0
A01413,2025-03-31,566.53,0.0,566.53,0,1
A01414,2025-03-31,4646.52,4646.52,0.0,1,0
A01415,2025-03-31,2607.21,2607.21,0.0,1,0
A01416,2025-03-31,4897.54,4897.54,0.0,1,0
A01417,2025-03-31,2298.52,0.0,2298.52,0,1
A01418,2025-03-31,1318.9,0.0,1318.9,0,1
A01419,2025-03-31,1611.16,1611.16,0.0,1,0
A01420,2025-03-31,1966.68,0.0,1966.68,0,1
A01421,2025-03-31,3034.43,3034.43,0.0,1,0
A01422,2025-03-31,1141.79,0.0,1141.79,0,1
A01423,2025-03-31,1858.92,0.0,1858.92,0,1
A01424,2025-03-31,672.06,672.06,0.0,1,0
A01425,2025-03-31,1530.32,0.0,1530.32,0,1
A01426,2025-03-31,2308.36,2308.36,0.0,1,0
A01427,2025-03-31,3172.36,3172.36,0.0,1,0
A01428,2025-03-31,3024.05,3024.05,0.0,1,0
A01429,2025-03-31,5105.21,0.0,5105.21,0,1
A01430,2025-03-31,1108.29,1108.29,0.0,1,0
A01431,2025-03-31,785.15,0.0,785.15,0,1
A01432,2025-03-31,1689.85,0.0,1689.85,0,1
A01433,2025-03-31,2506.51,2506.51,0.0,1,0
A01434,2025-03-31,1502.61,1502.61,0.0,1,0
A01435,2025-03-31,589.12,0.0,589.12,0,1
A01436,2025-03-31,1883.33,1883.33,0.0,1,0
A01437,2025-03-31,811.82,0.0,811.82,0,1
A01438,2025-03-31,1952.5,1952.5,0.0,1,0
A01439,2025-03-31,357.25,0.0,357.25,0,1
A01440,2025-03-31,3654.37,0.0,3654.37,0,1
A01441,2025-03-31,552.78,0.0,552.78,0,1
A01442,2025-03-31,1017.4,1017.4,0.0,1,0
A01443,2025-03-31,4238.06,4238.06,0.0,1,0
A01444,2025-03-31,2085.49,0.0,2085.49,0,1
A01445,2025-03-31,4314.67,4314.67,0.0,1,0
A01446,2025-03-31,2685.42,2685.42,0.0,1,0
A01447,2025-03-31,3013.12,3013.12,0.0,1,0
A01448,2025-03-31,1765.35,1765.35,0.0,1,0
A01449,2025-03-31,4604.67,4604.67,0.0,1,0
A01450,2025-03-31,1682.12,1682.12,0.0,1,0
A01451,2025-03-31,630.31,0.0,630.31,0,1
A01452,2025-03-31,4757.39,0.0,4757.39,0,1
A01453,2025-03-31,4374.53,0.0,4374.53,0,1
A01454,2025-03-31,1020.15,0.0,1020.15,0,1
A01455,2025-03-31,868.35,868.35,0.0,1,0
A01456,2025-03-31,6142.95,0.0,6142.95,0,1
A01457,2025-03-31,2862.4,0.0,2862.4,0,1
A01458,2025-03-31,1204.4,0.0,1204.4,0,1
A01459,2025-03-31,1953.4,0.0,1953.4,0,1
A01460,2025-03-31,999.98,0.0,999.98,0,1
A01461,2025-03-31,2504.55,0.0,2504.55,0,1
A01462,2025-03-31,7670.2,0.0,7670.2,0,1
A01463,2025-03-31,5706.01,0.0,5706.01,0,1
A01464,2025-03-31,1803.07,0.0,1803.07,0,1
A01465,2025-03-31,2476.65,2476.65,0.0,1,0
A01466,2025-03-31,2321.76,0.0,2321.76,0,1
A01467,2025-03-31,2873.64,2873.64,0.0,1,0
A01468,2025-03-31,1556.3,0.0,1556.3,0,1
A01469,2025-03-31,991.76,991.76,0.0,1,0
A01470,2025-03-31,2731.96,0.0,2731.96,0,1
A01471,2025-03-31,1147.18,1147.18,0.0,1,0
A01472,2025-03-31,5232.01,0.0,5232.01,0,1
A01473,2025-03-31,1053.58,1053.58,0.0,1,0
A01474,2025-03-31,1239.77,1239.77,0.0,1,0
A01475,2025-03-31,3623.15,3623.15,0.0,1,0
A01476,2025-03-31,3220.44,0.0,3220.44,0,1
A01477,2025-03-31,761.52,0.0,761.52,0,1
A01478,2025-03-31,3156.4,0.0,3156.4,0,1
A01479,2025-03-31,7429.92,0.0,7429.92,0,1
A01480,2025-03-31,3157.8,3157.8,0.0,1,0
A01481,2025-03-31,1785.49,0.0,1785.49,0,1
A01482,2025-03-31,2209.86,0.0,2209.86,0,1
A01483,2025-03-31,792.25,792.25,0.0,1,0
A01484,2025-03-31,1688.23,0.0,1688.23,0,1
A01485,2025-03-31,2659.23,0.0,2659.23,0,1
A01486,2025-03-31,2244.11,0.0,2244.11,0,1
A01487,2025-03-31,1208.22,1208.22,0.0,1,0
A01488,2025-03-31,4308.32,0.0,4308.32,0,1
A01489,2025-03-31,1023.1,0.0,1023.1,0,1
A01490,2025-03-31,3957.8,0.0,3957.8,0,1
A01491,2025-03-31,5505.46,0.0,5505.46,0,1
A01492,2025-03-31,368.36,368.36,0.0,1,0
A01493,2025-03-31,1978.23,1978.23,0.0,1,0
A01494,2025-03-31,1787.67,0.0,1787.67,0,1
A01495,2025-03-31,1540.36,1540.36,0.0,1,0
A01496,2025-03-31,816.62,816.62,0.0,1,0
A01497,2025-03-31,1938.63,1938.63,0.0,1,0
A01498,2025-03-31,436.46,436.46,0.0,1,0
A01499,2025-03-31,1139.67,1139.67,0.0,1,0
A01500,2025-03-31,1888.72,0.0,1888.72,0,1
A01501,2025-03-31,1968.18,1968.18,0.0,1,0
A01502,2025-03-31,1553.76,1553.76,0.0,1,0
A01503,2025-03-31,2507.03,0.0,2507.03,0,1
A01504,2025-03-31,2834.14,0.0,2834.14,0,1
A01505,2025-03-31,710.03,0.0,710.03,0,1
A01506,2025-03-31,4511.36,4511.36,0.0,1,0
A01507,2025-03-31,2904.74,2904.74,0.0,1,0
A01508,2025-03-31,2479.34,0.0,2479.34,0,1
A01509,2025-03-31,1187.29,1187.29,0.0,1,0
A01510,2025-03-31,1223.14,0.0,1223.14,0,1
A01511,2025-03-31,3796.25,3796.25,0.0,1,0
A01512,2025-03-31,2443.22,0.0,2443.22,0,1
A01513,2025-03-31,5153.83,0.0,5153.83,0,1
A01514,2025-03-31,666.84,0.0,666.84,0,1
A01515,2025-03-31,1958.97,0.0,1958.97,0,1
A01516,2025-03-31,302.38,0.0,302.38,0,1
A01517,2025-03-31,2175.76,2175.76,0.0,1,0
A01518,2025-03-31,3222.17,3222.17,0.0,1,0
A01519,2025-03-31,3033.04,3033.04,0.0,1,0
A01520,2025-03-31,2724.05,0.0,2724.05,0,1
A01521,2025-03-31,1171.05,1171.05,0.0,1,0
A01522,2025-03-31,709.43,0.0,709.43,0,1
A01523,2025-03-31,1207.48,1207.48,0.0,1,0
A01524,2025-03-31,2895.26,2895.26,0.0,1,0
A01525,2025-03-31,3589.98,0.0,3589.98,0,1
A01526,2025-03-31,584.97,0.0,584.97,0,1
A01527,2025-03-31,4112.8,0.0,4112.8,0,1
A01528,2025-03-31,3958.93,3958.93,0.0,1,0
A01529,2025-03-31,2311.56,2311.56,0.0,1,0
A01530,2025-03-31,2179.96,0.0,2179.96,0,1
A01531,2025-03-31,918.37,0.0,918.37,0,1
A01532,2025-03-31,1769.27,1769.27,0.0,1,0
A01533,2025-03-31,708.68,708.68,0.0,1,0
A01534,2025-03-31,1484.1,0.0,1484.1,0,1
A01535,2025-03-31,609.04,609.04,0.0,1,0
A01536,2025-03-31,4622.18,4622.18,0.0,1,0
A01537,2025-03-31,3274.83,3274.83,0.0,1,0
A01538,2025-03-31,725.32,0.0,725.32,0,1
A01539,2025-03-31,2434.54,2434.54,0.0,1,0
A01540,2025-03-31,2778.43,2778.43,0.0,1,0
A01541,2025-03-31,1422.45,1422.45,0.0,1,0
A01542,2025-03-31,1065.27,0.0,1065.27,0,1
A01543,2025-03-31,863.14,863.14,0.0,1,0
A01544,2025-03-31,1809.1,0.0,1809.1,0,1
A01545,2025-03-31,2271.63,2271.63,0.0,1,0
A01546,2025-03-31,897.64,0.0,897.64,0,1
A01547,2025-03-31,2826.0,0.0,2826.0,0,1
A01548,2025-03-31,3063.96,0.0,3063.96,0,1
A01549,2025-03-31,2904.81,0.0,2904.81,0,1
A01550,2025-03-31,4785.77,0.0,4785.77,0,1
A01551,2025-03-31,2678.09,2678.09,0.0,1,0
A01552,2025-03-31,7305.21,7305.21,0.0,1,0
A01553,2025-03-31,3405.34,0.0,3405.34,0,1
A01554,2025-03-31,876.54,0.0,876.54,0,1
A01555,2025-03-31,3597.86,0.0,3597.86,0,1
A01556,2025-03-31,4678.17,4678.17,0.0,1,0
A01557,2025-03-31,8080.11,8080.11,0.0,1,0
A01558,2025-03-31,4710.3,4710.3,0.0,1,0
A01559,2025-03-31,2331.56,2331.56,0.0,1,0
A01560,2025-03-31,2626.88,2626.88,0.0,1,0
A01561,2025-03-31,1961.84,1961.84,0.0,1,0
A01562,2025-03-31,3735.09,0.0,3735.09,0,1
A01563,2025-03-31,3842.76,0.0,3842.76,0,1
A01564,2025-03-31,4064.31,0.0,4064.31,0,1
A01565,2025-03-31,5299.25,0.0,5299.25,0,1
A01566,2025-03-31,660.91,660.91,0.0,1,0
A01567,2025-03-31,2307.61,2307.61,0.0,1,0
A01568,2025-03-31,7347.93,7347.93,0.0,1,0
A01569,2025-03-31,1885.5,0.0,1885.5,0,1
A01570,2025-03-31,1626.86,0.0,1626.86,0,1
A01571,2025-03-31,2242.82,2242.82,0.0,1,0
A01572,2025-03-31,3297.32,0.0,3297.32,0,1
A01573,2025-03-31,4055.48,4055.48,0.0,1,0
A01574,2025-03-31,2367.31,2367.31,0.0,1,0
A01575,2025-03-31,2300.94,0.0,2300.94,0,1
A01576,2025-03-31,1250.29,0.0,1250.29,0,1
A01577,2025-03-31,1487.21,1487.21,0.0,1,0
A01578,2025-03-31,2249.92,0.0,2249.92,0,1
A01579,2025-03-31,2461.56,2461.56,0.0,1,0
A01580,2025-03-31,3644.89,0.0,3644.89,0,1
A01581,2025-03-31,1294.46,1294.46,0.0,1,0
A01582,2025-03-31,3284.12,0.0,3284.12,0,1
A01583,2025-03-31,3515.05,3515.05,0.0,1,0
A01584,2025-03-31,7541.6,0.0,7541.6,0,1
A01585,2025-03-31,3596.04,3596.04,0.0,1,0
A01586,2025-03-31,1203.31,0.0,1203.31,0,1
A01587,2025-03-31,1075.47,1075.47,0.0,1,0
A01588,2025-03-31,933.06,933.06,0.0,1,0
A01589,2025-03-31,1174.47,1174.47,0.0,1,0
A01590,2025-03-31,1179.87,1179.87,0.0,1,0
A01591,2025-03-31,874.09,0.0,874.09,0,1
A01592,2025-03-31,584.87,584.87,0.0,1,0
A01593,2025-03-31,1875.48,1875.48,0.0,1,0
A01594,2025-03-31,740.18,0.0,740.18,0,1
A01595,2025-03-31,263.44,0.0,263.44,0,1
A01596,2025-03-31,2046.97,2046.97,0.0,1,0
A01597,2025-03-31,1038.89,1038.89,0.0,1,0
A01598,2025-03-31,3404.7,3404.7,0.0,1,0
A01599,2025-03-31,868.93,0.0,868.93,0,1
A01600,2025-03-31,4046.09,4046.09,0.0,1,0
A01601,2025-03-31,3808.72,0.0,3808.72,0,1
A01602,2025-03-31,2983.61,2983.61,0.0,1,0
A01603,2025-03-31,1531.8,0.0,1531.8,0,1
A01604,2025-03-31,388.07,0.0,388.07,0,1
A01605,2025-03-31,3118.65,0.0,3118.65,0,1
A01606,2025-03-31,1095.32,1095.32,0.0,1,0
A01607,2025-03-31,3815.52,0.0,3815.52,0,1
A01608,2025-03-31,816.79,816.79,0.0,1,0
A01609,2025-03-31,1255.51,0.0,1255.51,0,1
A01610,2025-03-31,3544.47,0.0,3544.47,0,1
A01611,2025-03-31,1893.51,1893.51,0.0,1,0
A01612,2025-03-31,1610.42,0.0,1610.42,0,1
A01613,2025-03-31,2796.01,0.0,2796.01,0,1
A01614,2025-03-31,3507.28,0.0,3507.28,0,1
A01615,2025-03-31,946.43,946.43,0.0,1,0
A01616,2025-03-31,1934.12,1934.12,0.0,1,0
A01617,2025-03-31,1285.36,1285.36,0.0,1,0
A01618,2025-03-31,4002.19,0.0,4002.19,0,1
A01619,2025-03-31,386.75,386.75,0.0,1,0
A01620,2025-03-31,1770.16,1770.16,0.0,1,0
A01621,2025-03-31,2129.77,0.0,2129.77,0,1
A01622,2025-03-31,1047.15,0.0,1047.15,0,1
A01623,2025-03-31,2971.82,0.0,2971.82,0,1
A01624,2025-03-31,1778.89,1778.89,0.0,1,0
A01625,2025-03-31,2883.89,2883.89,0.0,1,0
A01626,2025-03-31,4193.58,4193.58,0.0,1,0
A01627,2025-03-31,719.2,0.0,719.2,0,1
A01628,2025-03-31,196.62,0.0,196.62,0,1
A01629,2025-03-31,2667.75,0.0,2667.75,0,1
A01630,2025-03-31,1797.75,0.0,1797.75,0,1
A01631,2025-03-31,563.96,563.96,0.0,1,0
A01632,2025-03-31,3872.97,3872.97,0.0,1,0
A01633,2025-03-31,1283.5,1283.5,0.0,1,0
A01634,2025-03-31,5764.17,0.0,5764.17,0,1
A01635,2025-03-31,3352.56,0.0,3352.56,0,1
A01636,2025-03-31,1785.96,1785.96,0.0,1,0
A01637,2025-03-31,747.76,747.76,0.0,1,0
A01638,2025-03-31,918.61,0.0,918.61,0,1
A01639,2025-03-31,1523.35,0.0,1523.35,0,1
A01640,2025-03-31,3608.3,0.0,3608.3,0,1
A01641,2025-03-31,1271.62,0.0,1271.62,0,1
A01642,2025-03-31,3899.34,3899.34,0.0,1,0
A01643,2025-03-31,1781.25,1781.25,0.0,1,0
A01644,2025-03-31,3503.91,0.0,3503.91,0,1
A01645,2025-03-31,927.62,0.0,927.62,0,1
A01646,2025-03-31,1031.21,0.0,1031.21,0,1
A01647,2025-03-31,2048.78,0.0,2048.78,0,1
A01648,2025-03-31,1856.41,0.0,1856.41,0,1
A01649,2025-03-31,3070.02,0.0,3070.02,0,1
A01650,2025-03-31,183.51,183.51,0.0,1,0
A01651,2025-03-31,877.68,0.0,877.68,0,1
A01652,2025-03-31,1721.11,0.0,1721.11,0,1
A01653,2025-03-31,6351.28,0.0,6351.28,0,1
A01654,2025-03-31,1373.94,1373.94,0.0,1,0
A01655,2025-03-31,3823.7,0.0,3823.7,0,1
A01656,2025-03-31,1527.59,1527.59,0.0,1,0
A01657,2025-03-31,517.16,0.0,517.16,0,1
A01658,2025-03-31,1626.45,1626.45,0.0,1,0
A01659,2025-03-31,1512.97,0.0,1512.97,0,1
A01660,2025-03-31,2678.19,0.0,2678.19,0,1
A01661,2025-03-31,1390.64,0.0,1390.64,0,1
A01662,2025-03-31,1239.78,0.0,1239.78,0,1
A01663,2025-03-31,2399.5,0.0,2399.5,0,1
A01664,2025-03-31,2345.52,0.0,2345.52,0,1
A01665,2025-03-31,3624.77,3624.77,0.0,1,0
A01666,2025-03-31,595.1,0.0,595.1,0,1
A01667,2025-03-31,2119.18,0.0,2119.18,0,1
A01668,2025-03-31,1229.68,0.0,1229.68,0,1
A01669,2025-03-31,5942.58,0.0,5942.58,0,1
A01670,2025-03-31,768.32,0.0,768.32,0,1
A01671,2025-03-31,199.36,199.36,0.0,1,0
A01672,2025-03-31,3487.1,0.0,3487.1,0,1
A01673,2025-03-31,1689.13,0.0,1689.13,0,1
A01674,2025-03-31,2163.94,0.0,2163.94,0,1
A01675,2025-03-31,1767.09,1767.09,0.0,1,0
A01676,2025-03-31,1475.28,0.0,1475.28,0,1
A01677,2025-03-31,4997.14,4997.14,0.0,1,0
A01678,2025-03-31,1333.65,1333.65,0.0,1,0
A01679,2025-03-31,670.63,0.0,670.63,0,1
A01680,2025-03-31,2604.72,0.0,2604.72,0,1
A01681,2025-03-31,1022.65,0.0,1022.65,0,1
A01682,2025-03-31,2429.87,0.0,2429.87,0,1
A01683,2025-03-31,1302.73,1302.73,0.0,1,0
A01684,2025-03-31,236.52,236.52,0.0,1,0
A01685,2025-03-31,1716.08,0.0,1716.08,0,1
A01686,2025-03-31,2106.71,0.0,2106.71,0,1
A01687,2025-03-31,4982.48,0.0,4982.48,0,1
A01688,2025-03-31,1726.53,1726.53,0.0,1,0
A01689,2025-03-31,971.28,0.0,971.28,0,1
A01690,2025-03-31,1414.7,0.0,1414.7,0,1
A01691,2025-03-31,2389.57,2389.57,0.0,1,0
A01692,2025-03-31,1626.23,0.0,1626.23,0,1
A01693,2025-03-31,5039.87,0.0,5039.87,0,1
A01694,2025-03-31,908.08,908.08,0.0,1,0
A01695,2025-03-31,2190.76,0.0,2190.76,0,1
A01696,2025-03-31,8275.2,8275.2,0.0,1,0
A01697,2025-03-31,1367.06,0.0,1367.06,0,1
A01698,2025-03-31,6455.18,6455.18,0.0,1,0
A01699,2025-03-31,4301.96,4301.96,0.0,1,0
A01700,2025-03-31,2746.04,2746.04,0.0,1,0
A00001,2025-04-30,855.76,0.0,855.76,0,1
A00002,2025-04-30,998.57,998.57,0.0,1,0
A00003,2025-04-30,455.97,0.0,455.97,0,1
A00004,2025-04-30,597.17,0.0,597.17,0,1
A00005,2025-04-30,710.96,0.0,710.96,0,1
A00006,2025-04-30,740.13,0.0,740.13,0,1
A00007,2025-04-30,829.99,0.0,829.99,0,1
A00008,2025-04-30,1151.66,0.0,1151.66,0,1
A00009,2025-04-30,686.63,686.63,0.0,1,0
A00010,2025-04-30,259.54,0.0,259.54,0,1
A00011,2025-04-30,914.31,0.0,914.31,0,1
A00012,2025-04-30,1430.02,0.0,1430.02,0,1
A00013,2025-04-30,112.29,0.0,112.29,0,1
A00014,2025-04-30,778.9,0.0,778.9,0,1
A00015,2025-04-30,210.42,0.0,210.42,0,1
A00016,2025-04-30,754.47,754.47,0.0,1,0
A00017,2025-04-30,1251.52,0.0,1251.52,0,1
A00018,2025-04-30,739.52,0.0,739.52,0,1
A00019,2025-04-30,970.81,0.0,970.81,0,1
A00020,2025-04-30,1119.82,1119.82,0.0,1,0
A00021,2025-04-30,2259.83,0.0,2259.83,0,1
A00022,2025-04-30,208.78,0.0,208.78,0,1
A00023,2025-04-30,2329.73,0.0,2329.73,0,1
A00024,2025-04-30,574.83,0.0,574.83,0,1
A00025,2025-04-30,500.55,0.0,500.55,0,1
A00026,2025-04-30,2516.63,2516.63,0.0,1,0
A00027,2025-04-30,493.91,0.0,493.91,0,1
A00028,2025-04-30,591.23,0.0,591.23,0,1
A00029,2025-04-30,690.9,690.9,0.0,1,0
A00030,2025-04-30,383.02,0.0,383.02,0,1
A00031,2025-04-30,1804.33,0.0,1804.33,0,1
A00032,2025-04-30,999.2,999.2,0.0,1,0
A00033,2025-04-30,55.36,55.36,0.0,1,0
A00034,2025-04-30,490.91,490.91,0.0,1,0
A00035,2025-04-30,153.41,0.0,153.41,0,1
A00036,2025-04-30,451.06,0.0,451.06,0,1
A00037,2025-04-30,1488.83,0.0,1488.83,0,1
A00038,2025-04-30,978.52,978.52,0.0,1,0
A00039,2025-04-30,972.59,972.59,0.0,1,0
A00040,2025-04-30,1620.02,1620.02,0.0,1,0
A00041,2025-04-30,344.05,0.0,344.05,0,1
A00042,2025-04-30,416.84,416.84,0.0,1,0
A00043,2025-04-30,720.72,0.0,720.72,0,1
A00044,2025-04-30,661.79,0.0,661.79,0,1
A00045,2025-04-30,194.77,0.0,194.77,0,1
A00046,2025-04-30,2599.04,2599.04,0.0,1,0
A00047,2025-04-30,1214.6,1214.6,0.0,1,0
A00048,2025-04-30,1590.87,1590.87,0.0,1,0
A00049,2025-04-30,657.71,0.0,657.71,0,1
A00050,2025-04-30,408.28,408.28,0.0,1,0
A00051,2025-04-30,309.15,309.15,0.0,1,0
A00052,2025-04-30,1368.47,1368.47,0.0,1,0
A00053,2025-04-30,1971.61,0.0,1971.61,0,1
A00054,2025-04-30,4587.41,0.0,4587.41,0,1
A00055,2025-04-30,1346.61,0.0,1346.61,0,1
A00056,2025-04-30,5438.24,0.0,5438.24,0,1
A00057,2025-04-30,1453.94,0.0,1453.94,0,1
A00058,2025-04-30,468.79,468.79,0.0,1,0
A00059,2025-04-30,861.34,0.0,861.34,0,1
A00060,2025-04-30,1241.89,1241.89,0.0,1,0
A00061,2025-04-30,2131.05,0.0,2131.05,0,1
A00062,2025-04-30,190.54,190.54,0.0,1,0
A00063,2025-04-30,2262.54,2262.54,0.0,1,0
A00064,2025-04-30,671.33,671.33,0.0,1,0
A00065,2025-04-30,3102.36,0.0,3102.36,0,1
A00066,2025-04-30,918.88,0.0,918.88,0,1
A00067,2025-04-30,341.71,341.71,0.0,1,0
A00068,2025-04-30,136.13,0.0,136.13,0,1
A00069,2025-04-30,424.78,424.78,0.0,1,0
A00070,2025-04-30,432.99,0.0,432.99,0,1
A00071,2025-04-30,972.95,0.0,972.95,0,1
A00072,2025-04-30,1211.2,1211.2,0.0,1,0
A00073,2025-04-30,1263.49,0.0,1263.49,0,1
A00074,2025-04-30,1638.25,0.0,1638.25,0,1
A00075,2025-04-30,1766.1,0.0,1766.1,0,1
A00076,2025-04-30,1092.93,0.0,1092.93,0,1
A00077,2025-04-30,1106.98,1106.98,0.0,1,0
A00078,2025-04-30,749.91,749.91,0.0,1,0
A00079,2025-04-30,1495.03,0.0,1495.03,0,1
A00080,2025-04-30,1435.72,0.0,1435.72,0,1
A00081,2025-04-30,384.17,0.0,384.17,0,1
A00082,2025-04-30,1905.47,0.0,1905.47,0,1
A00083,2025-04-30,3007.03,0.0,3007.03,0,1
A00084,2025-04-30,557.71,0.0,557.71,0,1
A00085,2025-04-30,2141.61,2141.61,0.0,1,0
A00086,2025-04-30,236.42,0.0,236.42,0,1
A00087,2025-04-30,1275.63,1275.63,0.0,1,0
A00088,2025-04-30,1799.3,0.0,1799.3,0,1
A00089,2025-04-30,737.69,0.0,737.69,0,1
A00090,2025-04-30,1564.4,1564.4,0.0,1,0
A00091,2025-04-30,789.92,0.0,789.92,0,1
A00092,2025-04-30,1031.02,1031.02,0.0,1,0
A00093,2025-04-30,787.78,787.78,0.0,1,0
A00094,2025-04-30,1526.15,1526.15,0.0,1,0
A00095,2025-04-30,684.95,684.95,0.0,1,0
A00096,2025-04-30,894.14,894.14,0.0,1,0
A00097,2025-04-30,634.01,634.01,0.0,1,0
A00098,2025-04-30,293.23,0.0,293.23,0,1
A00099,2025-04-30,209.94,209.94,0.0,1,0
A00100,2025-04-30,808.41,0.0,808.41,0,1
A00101,2025-04-30,1860.63,1860.63,0.0,1,0
A00102,2025-04-30,2075.89,0.0,2075.89,0,1
A00103,2025-04-30,1019.3,1019.3,0.0,1,0
A00104,2025-04-30,819.12,819.12,0.0,1,0
A00105,2025-04-30,549.71,549.71,0.0,1,0
A00106,2025-04-30,1105.95,0.0,1105.95,0,1
A00107,2025-04-30,1320.64,1320.64,0.0,1,0
A00108,2025-04-30,452.45,0.0,452.45,0,1
A00109,2025-04-30,1135.84,0.0,1135.84,0,1
A00110,2025-04-30,1506.16,1506.16,0.0,1,0
A00111,2025-04-30,1288.34,0.0,1288.34,0,1
A00112,2025-04-30,422.1,422.1,0.0,1,0
A00113,2025-04-30,2295.75,0.0,2295.75,0,1
A00114,2025-04-30,590.39,590.39,0.0,1,0
A00115,2025-04-30,1601.27,0.0,1601.27,0,1
A00116,2025-04-30,3699.85,0.0,3699.85,0,1
A00117,2025-04-30,391.56,391.56,0.0,1,0
A00118,2025-04-30,1783.69,0.0,1783.69,0,1
A00119,2025-04-30,200.93,200.93,0.0,1,0
A00120,2025-04-30,110.79,0.0,110.79,0,1
A00121,2025-04-30,1906.43,1906.43,0.0,1,0
A00122,2025-04-30,1143.46,1143.46,0.0,1,0
A00123,2025-04-30,267.61,0.0,267.61,0,1
A00124,2025-04-30,1439.51,1439.51,0.0,1,0
A00125,2025-04-30,472.16,472.16,0.0,1,0
A00126,2025-04-30,958.9,0.0,958.9,0,1
A00127,2025-04-30,362.23,0.0,362.23,0,1
A00128,2025-04-30,1862.51,1862.51,0.0,1,0
A00129,2025-04-30,981.54,0.0,981.54,0,1
A00130,2025-04-30,1072.91,1072.91,0.0,1,0
A00131,2025-04-30,1444.58,0.0,1444.58,0,1
A00132,2025-04-30,555.47,0.0,555.47,0,1
A00133,2025-04-30,144.55,0.0,144.55,0,1
A00134,2025-04-30,61.56,0.0,61.56,0,1
A00135,2025-04-30,2573.46,0.0,2573.46,0,1
A00136,2025-04-30,705.95,0.0,705.95,0,1
A00137,2025-04-30,1140.78,0.0,1140.78,0,1
A00138,2025-04-30,623.44,623.44,0.0,1,0
A00139,2025-04-30,779.08,0.0,779.08,0,1
A00140,2025-04-30,3029.79,0.0,3029.79,0,1
A00141,2025-04-30,598.0,0.0,598.0,0,1
A00142,2025-04-30,988.44,0.0,988.44,0,1
A00143,2025-04-30,720.93,0.0,720.93,0,1
A00144,2025-04-30,1564.56,0.0,1564.56,0,1
A00145,2025-04-30,381.88,0.0,381.88,0,1
A00146,2025-04-30,1527.46,0.0,1527.46,0,1
A00147,2025-04-30,1081.61,1081.61,0.0,1,0
A00148,2025-04-30,1246.77,0.0,1246.77,0,1
A00149,2025-04-30,1648.61,0.0,1648.61,0,1
A00150,2025-04-30,750.36,750.36,0.0,1,0
A00151,2025-04-30,1640.97,1640.97,0.0,1,0
A00152,2025-04-30,708.82,708.82,0.0,1,0
A00153,2025-04-30,762.59,762.59,0.0,1,0
A00154,2025-04-30,1847.97,0.0,1847.97,0,1
A00155,2025-04-30,1576.3,1576.3,0.0,1,0
A00156,2025-04-30,2063.72,0.0,2063.72,0,1
A00157,2025-04-30,580.04,0.0,580.04,0,1
A00158,2025-04-30,1531.23,0.0,1531.23,0,1
A00159,2025-04-30,259.14,259.14,0.0,1,0
A00160,2025-04-30,1847.81,1847.81,0.0,1,0
A00161,2025-04-30,856.34,0.0,856.34,0,1
A00162,2025-04-30,1791.6,1791.6,0.0,1,0
A00163,2025-04-30,1729.95,1729.95,0.0,1,0
A00164,2025-04-30,974.51,974.51,0.0,1,0
A00165,2025-04-30,1326.35,0.0,1326.35,0,1
A00166,2025-04-30,979.7,0.0,979.7,0,1
A00167,2025-04-30,633.85,0.0,633.85,0,1
A00168,2025-04-30,720.55,0.0,720.55,0,1
A00169,2025-04-30,680.42,0.0,680.42,0,1
A00170,2025-04-30,951.8,951.8,0.0,1,0
A00171,2025-04-30,652.1,0.0,652.1,0,1
A00172,2025-04-30,724.38,0.0,724.38,0,1
A00173,2025-04-30,892.55,892.55,0.0,1,0
A00174,2025-04-30,443.76,0.0,443.76,0,1
A00175,2025-04-30,2791.21,2791.21,0.0,1,0
A00176,2025-04-30,72.74,72.74,0.0,1,0
A00177,2025-04-30,392.75,0.0,392.75,0,1
A00178,2025-04-30,1434.39,0.0,1434.39,0,1
A00179,2025-04-30,2116.59,2116.59,0.0,1,0
A00180,2025-04-30,1871.93,1871.93,0.0,1,0
A00181,2025-04-30,1861.55,1861.55,0.0,1,0
A00182,2025-04-30,412.72,0.0,412.72,0,1
A00183,2025-04-30,1137.83,0.0,1137.83,0,1
A00184,2025-04-30,394.47,394.47,0.0,1,0
A00185,2025-04-30,1624.74,0.0,1624.74,0,1
A00186,2025-04-30,1658.22,1658.22,0.0,1,0
A00187,2025-04-30,157.71,157.71,0.0,1,0
A00188,2025-04-30,543.76,0.0,543.76,0,1
A00189,2025-04-30,2097.17,0.0,2097.17,0,1
A00190,2025-04-30,310.35,0.0,310.35,0,1
A00191,2025-04-30,507.99,0.0,507.99,0,1
A00192,2025-04-30,1935.85,0.0,1935.85,0,1
A00193,2025-04-30,1101.42,0.0,1101.42,0,1
A00194,2025-04-30,322.11,322.11,0.0,1,0
A00195,2025-04-30,1059.02,0.0,1059.02,0,1
A00196,2025-04-30,1625.34,0.0,1625.34,0,1
A00197,2025-04-30,1102.03,0.0,1102.03,0,1
A00198,2025-04-30,879.84,0.0,879.84,0,1
A00199,2025-04-30,365.92,365.92,0.0,1,0
A00200,2025-04-30,473.26,0.0,473.26,0,1
A00201,2025-04-30,2574.53,2574.53,0.0,1,0
A00202,2025-04-30,752.37,752.37,0.0,1,0
A00203,2025-04-30,1651.18,0.0,1651.18,0,1
A00204,2025-04-30,2789.8,0.0,2789.8,0,1
A00205,2025-04-30,2776.26,0.0,2776.26,0,1
A00206,2025-04-30,722.92,0.0,722.92,0,1
A00207,2025-04-30,948.34,948.34,0.0,1,0
A00208,2025-04-30,1394.17,1394.17,0.0,1,0
A00209,2025-04-30,164.67,0.0,164.67,0,1
A00210,2025-04-30,2177.74,2177.74,0.0,1,0
A00211,2025-04-30,564.19,0.0,564.19,0,1
A00212,2025-04-30,477.14,0.0,477.14,0,1
A00213,2025-04-30,1094.28,0.0,1094.28,0,1
A00214,2025-04-30,1867.96,1867.96,0.0,1,0
A00215,2025-04-30,877.82,877.82,0.0,1,0
A00216,2025-04-30,1635.06,0.0,1635.06,0,1
A00217,2025-04-30,234.1,0.0,234.1,0,1
A00218,2025-04-30,2033.73,2033.73,0.0,1,0
A00219,2025-04-30,993.92,0.0,993.92,0,1
A00220,2025-04-30,1414.81,0.0,1414.81,0,1
A00221,2025-04-30,535.35,0.0,535.35,0,1
A00222,2025-04-30,525.23,0.0,525.23,0,1
A00223,2025-04-30,1852.41,0.0,1852.41,0,1
A00224,2025-04-30,815.19,0.0,815.19,0,1
A00225,2025-04-30,1744.19,0.0,1744.19,0,1
A00226,2025-04-30,376.36,376.36,0.0,1,0
A00227,2025-04-30,1032.98,0.0,1032.98,0,1
A00228,2025-04-30,655.04,0.0,655.04,0,1
A00229,2025-04-30,339.64,0.0,339.64,0,1
A00230,2025-04-30,523.52,0.0,523.52,0,1
A00231,2025-04-30,1792.43,0.0,1792.43,0,1
A00232,2025-04-30,1567.51,0.0,1567.51,0,1
A00233,2025-04-30,1558.05,1558.05,0.0,1,0
A00234,2025-04-30,298.72,0.0,298.72,0,1
A00235,2025-04-30,176.88,176.88,0.0,1,0
A00236,2025-04-30,672.65,0.0,672.65,0,1
A00237,2025-04-30,1061.76,1061.76,0.0,1,0
A00238,2025-04-30,1495.98,0.0,1495.98,0,1
A00239,2025-04-30,1179.43,0.0,1179.43,0,1
A00240,2025-04-30,816.42,0.0,816.42,0,1
A00241,2025-04-30,1161.53,0.0,1161.53,0,1
A00242,2025-04-30,2645.0,2645.0,0.0,1,0
A00243,2025-04-30,557.07,0.0,557.07,0,1
A00244,2025-04-30,1388.5,1388.5,0.0,1,0
A00245,2025-04-30,1005.02,0.0,1005.02,0,1
A00246,2025-04-30,697.9,0.0,697.9,0,1
A00247,2025-04-30,1181.03,1181.03,0.0,1,0
A00248,2025-04-30,242.6,242.6,0.0,1,0
A00249,2025-04-30,638.63,0.0,638.63,0,1
A00250,2025-04-30,659.32,659.32,0.0,1,0
A00251,2025-04-30,826.67,826.67,0.0,1,0
A00252,2025-04-30,2179.81,2179.81,0.0,1,0
A00253,2025-04-30,1340.49,1340.49,0.0,1,0
A00254,2025-04-30,852.73,0.0,852.73,0,1
A00255,2025-04-30,1476.1,1476.1,0.0,1,0
A00256,2025-04-30,1333.47,1333.47,0.0,1,0
A00257,2025-04-30,883.33,0.0,883.33,0,1
A00258,2025-04-30,958.68,958.68,0.0,1,0
A00259,2025-04-30,1177.41,0.0,1177.41,0,1
A00260,2025-04-30,1329.37,1329.37,0.0,1,0
A00261,2025-04-30,711.17,0.0,711.17,0,1
A00262,2025-04-30,1321.62,0.0,1321.62,0,1
A00263,2025-04-30,454.99,0.0,454.99,0,1
A00264,2025-04-30,605.79,0.0,605.79,0,1
A00265,2025-04-30,591.46,0.0,591.46,0,1
A00266,2025-04-30,428.75,0.0,428.75,0,1
A00267,2025-04-30,958.35,0.0,958.35,0,1
A00268,2025-04-30,1907.54,0.0,1907.54,0,1
A00269,2025-04-30,2048.03,0.0,2048.03,0,1
A00270,2025-04-30,357.45,0.0,357.45,0,1
A00271,2025-04-30,2282.34,0.0,2282.34,0,1
A00272,2025-04-30,2928.24,0.0,2928.24,0,1
A00273,2025-04-30,1060.88,0.0,1060.88,0,1
A00274,2025-04-30,1306.32,1306.32,0.0,1,0
A00275,2025-04-30,4425.84,0.0,4425.84,0,1
A00276,2025-04-30,1209.4,0.0,1209.4,0,1
A00277,2025-04-30,1443.5,0.0,1443.5,0,1
A00278,2025-04-30,1011.33,0.0,1011.33,0,1
A00279,2025-04-30,1194.93,1194.93,0.0,1,0
A00280,2025-04-30,650.97,0.0,650.97,0,1
A00281,2025-04-30,872.98,0.0,872.98,0,1
A00282,2025-04-30,1904.44,1904.44,0.0,1,0
A00283,2025-04-30,595.52,595.52,0.0,1,0
A00284,2025-04-30,1185.43,0.0,1185.43,0,1
A00285,2025-04-30,2246.96,2246.96,0.0,1,0
A00286,2025-04-30,132.5,132.5,0.0,1,0
A00287,2025-04-30,2355.98,0.0,2355.98,0,1
A00288,2025-04-30,596.0,0.0,596.0,0,1
A00289,2025-04-30,1693.02,1693.02,0.0,1,0
A00290,2025-04-30,2524.24,2524.24,0.0,1,0
A00291,2025-04-30,2452.92,0.0,2452.92,0,1
A00292,2025-04-30,756.4,0.0,756.4,0,1
A00293,2025-04-30,754.4,0.0,754.4,0,1
A00294,2025-04-30,2545.8,0.0,2545.8,0,1
A00295,2025-04-30,2251.36,2251.36,0.0,1,0
A00296,2025-04-30,270.05,0.0,270.05,0,1
A00297,2025-04-30,632.41,0.0,632.41,0,1
A00298,2025-04-30,480.45,480.45,0.0,1,0
A00299,2025-04-30,206.79,206.79,0.0,1,0
A00300,2025-04-30,2025.21,0.0,2025.21,0,1
A00301,2025-04-30,2483.64,0.0,2483.64,0,1
A00302,2025-04-30,108.18,0.0,108.18,0,1
A00303,2025-04-30,206.41,0.0,206.41,0,1
A00304,2025-04-30,1517.67,0.0,1517.67,0,1
A00305,2025-04-30,2487.26,2487.26,0.0,1,0
A00306,2025-04-30,4011.73,4011.73,0.0,1,0
A00307,2025-04-30,841.21,841.21,0.0,1,0
A00308,2025-04-30,658.69,0.0,658.69,0,1
A00309,2025-04-30,829.08,829.08,0.0,1,0
A00310,2025-04-30,796.29,0.0,796.29,0,1
A00311,2025-04-30,1889.17,0.0,1889.17,0,1
A00312,2025-04-30,723.27,723.27,0.0,1,0
A00313,2025-04-30,1980.5,0.0,1980.5,0,1
A00314,2025-04-30,1366.57,0.0,1366.57,0,1
A00315,2025-04-30,1686.98,0.0,1686.98,0,1
A00316,2025-04-30,1174.12,0.0,1174.12,0,1
A00317,2025-04-30,708.92,0.0,708.92,0,1
A00318,2025-04-30,1044.02,0.0,1044.02,0,1
A00319,2025-04-30,288.0,0.0,288.0,0,1
A00320,2025-04-30,723.86,723.86,0.0,1,0
A00321,2025-04-30,789.79,0.0,789.79,0,1
A00322,2025-04-30,2073.42,0.0,2073.42,0,1
A00323,2025-04-30,900.51,0.0,900.51,0,1
A00324,2025-04-30,1755.76,0.0,1755.76,0,1
A00325,2025-04-30,2298.55,0.0,2298.55,0,1
A00326,2025-04-30,1361.5,1361.5,0.0,1,0
A00327,2025-04-30,1248.27,1248.27,0.0,1,0
A00328,2025-04-30,698.35,0.0,698.35,0,1
A00329,2025-04-30,1132.38,0.0,1132.38,0,1
A00330,2025-04-30,2532.54,2532.54,0.0,1,0
A00331,2025-04-30,567.51,0.0,567.51,0,1
A00332,2025-04-30,1605.66,1605.66,0.0,1,0
A00333,2025-04-30,569.03,569.03,0.0,1,0
A00334,2025-04-30,2023.27,2023.27,0.0,1,0
A00335,2025-04-30,732.04,732.04,0.0,1,0
A00336,2025-04-30,1524.52,1524.52,0.0,1,0
A00337,2025-04-30,1016.75,0.0,1016.75,0,1
A00338,2025-04-30,491.91,491.91,0.0,1,0
A00339,2025-04-30,1364.48,0.0,1364.48,0,1
A00340,2025-04-30,1617.71,1617.71,0.0,1,0
A00341,2025-04-30,1112.53,0.0,1112.53,0,1
A00342,2025-04-30,536.57,536.57,0.0,1,0
A00343,2025-04-30,634.4,0.0,634.4,0,1
A00344,2025-04-30,463.1,0.0,463.1,0,1
A00345,2025-04-30,503.43,0.0,503.43,0,1
A00346,2025-04-30,481.87,481.87,0.0,1,0
A00347,2025-04-30,1764.47,1764.47,0.0,1,0
A00348,2025-04-30,2123.7,0.0,2123.7,0,1
A00349,2025-04-30,1387.19,1387.19,0.0,1,0
A00350,2025-04-30,385.85,385.85,0.0,1,0
A00351,2025-04-30,536.9,0.0,536.9,0,1
A00352,2025-04-30,104.47,104.47,0.0,1,0
A00353,2025-04-30,606.43,0.0,606.43,0,1
A00354,2025-04-30,625.69,0.0,625.69,0,1
A00355,2025-04-30,1246.71,0.0,1246.71,0,1
A00356,2025-04-30,1635.07,0.0,1635.07,0,1
A00357,2025-04-30,2201.64,0.0,2201.64,0,1
A00358,2025-04-30,538.73,0.0,538.73,0,1
A00359,2025-04-30,793.49,793.49,0.0,1,0
A00360,2025-04-30,858.46,0.0,858.46,0,1
A00361,2025-04-30,300.99,300.99,0.0,1,0
A00362,2025-04-30,1335.54,0.0,1335.54,0,1
A00363,2025-04-30,326.27,326.27,0.0,1,0
A00364,2025-04-30,1280.74,1280.74,0.0,1,0
A00365,2025-04-30,3689.39,3689.39,0.0,1,0
A00366,2025-04-30,2040.45,2040.45,0.0,1,0
A00367,2025-04-30,1880.86,0.0,1880.86,0,1
A00368,2025-04-30,1288.15,1288.15,0.0,1,0
A00369,2025-04-30,1120.91,1120.91,0.0,1,0
A00370,2025-04-30,1170.45,1170.45,0.0,1,0
A00371,2025-04-30,720.83,0.0,720.83,0,1
A00372,2025-04-30,715.18,715.18,0.0,1,0
A00373,2025-04-30,1291.61,0.0,1291.61,0,1
A00374,2025-04-30,239.2,239.2,0.0,1,0
A00375,2025-04-30,1936.12,0.0,1936.12,0,1
A00376,2025-04-30,1247.03,0.0,1247.03,0,1
A00377,2025-04-30,256.93,0.0,256.93,0,1
A00378,2025-04-30,837.39,0.0,837.39,0,1
A00379,2025-04-30,1445.7,0.0,1445.7,0,1
A00380,2025-04-30,4050.05,4050.05,0.0,1,0
A00381,2025-04-30,1411.48,0.0,1411.48,0,1
A00382,2025-04-30,776.78,0.0,776.78,0,1
A00383,2025-04-30,269.06,0.0,269.06,0,1
A00384,2025-04-30,622.52,0.0,622.52,0,1
A00385,2025-04-30,1152.5,1152.5,0.0,1,0
A00386,2025-04-30,3317.56,3317.56,0.0,1,0
A00387,2025-04-30,1553.67,0.0,1553.67,0,1
A00388,2025-04-30,1388.22,0.0,1388.22,0,1
A00389,2025-04-30,1159.81,1159.81,0.0,1,0
A00390,2025-04-30,2886.98,0.0,2886.98,0,1
A00391,2025-04-30,898.37,0.0,898.37,0,1
A00392,2025-04-30,3037.78,3037.78,0.0,1,0
A00393,2025-04-30,2445.18,0.0,2445.18,0,1
A00394,2025-04-30,346.4,0.0,346.4,0,1
A00395,2025-04-30,124.78,0.0,124.78,0,1
A00396,2025-04-30,1707.69,0.0,1707.69,0,1
A00397,2025-04-30,2375.01,2375.01,0.0,1,0
A00398,2025-04-30,923.48,0.0,923.48,0,1
A00399,2025-04-30,1513.66,1513.66,0.0,1,0
A00400,2025-04-30,2000.69,0.0,2000.69,0,1
A00401,2025-04-30,503.21,503.21,0.0,1,0
A00402,2025-04-30,1094.72,0.0,1094.72,0,1
A00403,2025-04-30,707.02,0.0,707.02,0,1
A00404,2025-04-30,531.52,531.52,0.0,1,0
A00405,2025-04-30,2091.88,2091.88,0.0,1,0
A00406,2025-04-30,1650.67,1650.67,0.0,1,0
A00407,2025-04-30,915.39,0.0,915.39,0,1
A00408,2025-04-30,1308.01,1308.01,0.0,1,0
A00409,2025-04-30,1203.26,1203.26,0.0,1,0
A00410,2025-04-30,1450.97,1450.97,0.0,1,0
A00411,2025-04-30,987.56,987.56,0.0,1,0
A00412,2025-04-30,819.2,0.0,819.2,0,1
A00413,2025-04-30,1232.2,0.0,1232.2,0,1
A00414,2025-04-30,635.58,0.0,635.58,0,1
A00415,2025-04-30,1773.01,0.0,1773.01,0,1
A00416,2025-04-30,1299.87,0.0,1299.87,0,1
A00417,2025-04-30,551.97,0.0,551.97,0,1
A00418,2025-04-30,3458.6,0.0,3458.6,0,1
A00419,2025-04-30,1838.38,1838.38,0.0,1,0
A00420,2025-04-30,185.63,0.0,185.63,0,1
A00421,2025-04-30,87.99,0.0,87.99,0,1
A00422,2025-04-30,761.58,761.58,0.0,1,0
A00423,2025-04-30,161.46,161.46,0.0,1,0
A00424,2025-04-30,889.74,889.74,0.0,1,0
A00425,2025-04-30,583.86,0.0,583.86,0,1
A00426,2025-04-30,3288.47,3288.47,0.0,1,0
A00427,2025-04-30,742.66,0.0,742.66,0,1
A00428,2025-04-30,1159.21,0.0,1159.21,0,1
A00429,2025-04-30,2654.38,0.0,2654.38,0,1
A00430,2025-04-30,1801.76,1801.76,0.0,1,0
A00431,2025-04-30,248.48,0.0,248.48,0,1
A00432,2025-04-30,455.06,455.06,0.0,1,0
A00433,2025-04-30,489.86,489.86,0.0,1,0
A00434,2025-04-30,3432.64,3432.64,0.0,1,0
A00435,2025-04-30,465.49,0.0,465.49,0,1
A00436,2025-04-30,526.75,526.75,0.0,1,0
A00437,2025-04-30,1976.92,0.0,1976.92,0,1
A00438,2025-04-30,355.95,355.95,0.0,1,0
A00439,2025-04-30,1646.08,0.0,1646.08,0,1
A00440,2025-04-30,1131.34,0.0,1131.34,0,1
A00441,2025-04-30,542.82,0.0,542.82,0,1
A00442,2025-04-30,2436.5,0.0,2436.5,0,1
A00443,2025-04-30,1912.04,0.0,1912.04,0,1
A00444,2025-04-30,1151.59,1151.59,0.0,1,0
A00445,2025-04-30,682.02,0.0,682.02,0,1
A00446,2025-04-30,1407.07,1407.07,0.0,1,0
A00447,2025-04-30,1389.93,0.0,1389.93,0,1
A00448,2025-04-30,276.11,0.0,276.11,0,1
A00449,2025-04-30,1020.34,0.0,1020.34,0,1
A00450,2025-04-30,3000.66,0.0,3000.66,0,1
A00451,2025-04-30,901.35,901.35,0.0,1,0
A00452,2025-04-30,1800.2,0.0,1800.2,0,1
A00453,2025-04-30,1383.31,0.0,1383.31,0,1
A00454,2025-04-30,2198.36,0.0,2198.36,0,1
A00455,2025-04-30,956.61,0.0,956.61,0,1
A00456,2025-04-30,398.78,0.0,398.78,0,1
A00457,2025-04-30,1344.11,1344.11,0.0,1,0
A00458,2025-04-30,589.01,0.0,589.01,0,1
A00459,2025-04-30,707.95,0.0,707.95,0,1
A00460,2025-04-30,527.7,527.7,0.0,1,0
A00461,2025-04-30,209.36,209.36,0.0,1,0
A00462,2025-04-30,635.65,635.65,0.0,1,0
A00463,2025-04-30,2108.1,0.0,2108.1,0,1
A00464,2025-04-30,2779.85,0.0,2779.85,0,1
A00465,2025-04-30,1388.06,1388.06,0.0,1,0
A00466,2025-04-30,825.25,825.25,0.0,1,0
A00467,2025-04-30,557.48,0.0,557.48,0,1
A00468,2025-04-30,1088.41,1088.41,0.0,1,0
A00469,2025-04-30,843.52,0.0,843.52,0,1
A00470,2025-04-30,2599.13,2599.13,0.0,1,0
A00471,2025-04-30,863.78,863.78,0.0,1,0
A00472,2025-04-30,407.2,0.0,407.2,0,1
A00473,2025-04-30,1628.21,1628.21,0.0,1,0
A00474,2025-04-30,567.72,0.0,567.72,0,1
A00475,2025-04-30,855.64,0.0,855.64,0,1
A00476,2025-04-30,509.16,509.16,0.0,1,0
A00477,2025-04-30,2148.54,0.0,2148.54,0,1
A00478,2025-04-30,1690.87,0.0,1690.87,0,1
A00479,2025-04-30,70.87,0.0,70.87,0,1
A00480,2025-04-30,3725.75,0.0,3725.75,0,1
A00481,2025-04-30,954.75,954.75,0.0,1,0
A00482,2025-04-30,204.72,204.72,0.0,1,0
A00483,2025-04-30,735.15,0.0,735.15,0,1
A00484,2025-04-30,2321.61,0.0,2321.61,0,1
A00485,2025-04-30,624.62,624.62,0.0,1,0
A00486,2025-04-30,3125.55,3125.55,0.0,1,0
A00487,2025-04-30,409.08,0.0,409.08,0,1
A00488,2025-04-30,1993.54,1993.54,0.0,1,0
A00489,2025-04-30,432.21,432.21,0.0,1,0
A00490,2025-04-30,832.66,0.0,832.66,0,1
A00491,2025-04-30,292.33,0.0,292.33,0,1
A00492,2025-04-30,531.28,0.0,531.28,0,1
A00493,2025-04-30,801.16,0.0,801.16,0,1
A00494,2025-04-30,1473.3,0.0,1473.3,0,1
A00495,2025-04-30,1234.85,1234.85,0.0,1,0
A00496,2025-04-30,1543.2,1543.2,0.0,1,0
A00497,2025-04-30,516.28,0.0,516.28,0,1
A00498,2025-04-30,2049.47,2049.47,0.0,1,0
A00499,2025-04-30,2181.98,2181.98,0.0,1,0
A00500,2025-04-30,557.32,0.0,557.32,0,1
A00501,2025-04-30,552.3,552.3,0.0,1,0
A00502,2025-04-30,1466.04,0.0,1466.04,0,1
A00503,2025-04-30,678.41,678.41,0.0,1,0
A00504,2025-04-30,349.94,349.94,0.0,1,0
A00505,2025-04-30,334.82,334.82,0.0,1,0
A00506,2025-04-30,152.77,152.77,0.0,1,0
A00507,2025-04-30,802.27,0.0,802.27,0,1
A00508,2025-04-30,880.26,880.26,0.0,1,0
A00509,2025-04-30,4157.94,0.0,4157.94,0,1
A00510,2025-04-30,918.2,918.2,0.0,1,0
A00511,2025-04-30,701.16,701.16,0.0,1,0
A00512,2025-04-30,873.39,0.0,873.39,0,1
A00513,2025-04-30,645.8,0.0,645.8,0,1
A00514,2025-04-30,674.91,0.0,674.91,0,1
A00515,2025-04-30,1263.41,0.0,1263.41,0,1
A00516,2025-04-30,1405.2,1405.2,0.0,1,0
A00517,2025-04-30,301.44,301.44,0.0,1,0
A00518,2025-04-30,1253.7,0.0,1253.7,0,1
A00519,2025-04-30,2565.92,0.0,2565.92,0,1
A00520,2025-04-30,333.69,0.0,333.69,0,1
A00521,2025-04-30,675.14,675.14,0.0,1,0
A00522,2025-04-30,535.82,0.0,535.82,0,1
A00523,2025-04-30,2131.23,2131.23,0.0,1,0
A00524,2025-04-30,480.1,0.0,480.1,0,1
A00525,2025-04-30,822.08,822.08,0.0,1,0
A00526,2025-04-30,596.33,0.0,596.33,0,1
A00527,2025-04-30,1370.25,1370.25,0.0,1,0
A00528,2025-04-30,976.08,976.08,0.0,1,0
A00529,2025-04-30,1721.36,0.0,1721.36,0,1
A00530,2025-04-30,1217.42,1217.42,0.0,1,0
A00531,2025-04-30,2105.28,0.0,2105.28,0,1
A00532,2025-04-30,1844.53,0.0,1844.53,0,1
A00533,2025-04-30,1171.73,0.0,1171.73,0,1
A00534,2025-04-30,1499.66,1499.66,0.0,1,0
A00535,2025-04-30,824.26,0.0,824.26,0,1
A00536,2025-04-30,1116.73,0.0,1116.73,0,1
A00537,2025-04-30,1628.48,1628.48,0.0,1,0
A00538,2025-04-30,1667.56,0.0,1667.56,0,1
A00539,2025-04-30,1865.93,0.0,1865.93,0,1
A00540,2025-04-30,605.0,0.0,605.0,0,1
A00541,2025-04-30,156.12,156.12,0.0,1,0
A00542,2025-04-30,996.43,996.43,0.0,1,0
A00543,2025-04-30,478.68,0.0,478.68,0,1
A00544,2025-04-30,870.55,870.55,0.0,1,0
A00545,2025-04-30,2693.98,0.0,2693.98,0,1
A00546,2025-04-30,3107.83,0.0,3107.83,0,1
A00547,2025-04-30,448.35,448.35,0.0,1,0
A00548,2025-04-30,2914.16,2914.16,0.0,1,0
A00549,2025-04-30,286.06,286.06,0.0,1,0
A00550,2025-04-30,1296.16,1296.16,0.0,1,0
A00551,2025-04-30,890.86,890.86,0.0,1,0
A00552,2025-04-30,499.98,0.0,499.98,0,1
A00553,2025-04-30,1026.98,0.0,1026.98,0,1
A00554,2025-04-30,429.89,0.0,429.89,0,1
A00555,2025-04-30,422.61,0.0,422.61,0,1
A00556,2025-04-30,711.4,711.4,0.0,1,0
A00557,2025-04-30,2863.6,2863.6,0.0,1,0
A00558,2025-04-30,1938.22,1938.22,0.0,1,0
A00559,2025-04-30,2134.39,0.0,2134.39,0,1
A00560,2025-04-30,324.4,0.0,324.4,0,1
A00561,2025-04-30,594.48,0.0,594.48,0,1
A00562,2025-04-30,1275.17,1275.17,0.0,1,0
A00563,2025-04-30,841.29,0.0,841.29,0,1
A00564,2025-04-30,2459.6,2459.6,0.0,1,0
A00565,2025-04-30,402.5,402.5,0.0,1,0
A00566,2025-04-30,1590.41,0.0,1590.41,0,1
A00567,2025-04-30,194.74,0.0,194.74,0,1
A00568,2025-04-30,230.54,230.54,0.0,1,0
A00569,2025-04-30,1354.15,1354.15,0.0,1,0
A00570,2025-04-30,2288.29,2288.29,0.0,1,0
A00571,2025-04-30,681.32,681.32,0.0,1,0
A00572,2025-04-30,607.31,0.0,607.31,0,1
A00573,2025-04-30,1319.49,1319.49,0.0,1,0
A00574,2025-04-30,1430.52,1430.52,0.0,1,0
A00575,2025-04-30,486.07,486.07,0.0,1,0
A00576,2025-04-30,388.22,0.0,388.22,0,1
A00577,2025-04-30,977.99,977.99,0.0,1,0
A00578,2025-04-30,356.22,356.22,0.0,1,0
A00579,2025-04-30,2148.78,2148.78,0.0,1,0
A00580,2025-04-30,1607.12,0.0,1607.12,0,1
A00581,2025-04-30,1836.78,0.0,1836.78,0,1
A00582,2025-04-30,1810.13,0.0,1810.13,0,1
A00583,2025-04-30,3602.46,3602.46,0.0,1,0
A00584,2025-04-30,293.53,293.53,0.0,1,0
A00585,2025-04-30,1466.81,0.0,1466.81,0,1
A00586,2025-04-30,411.06,0.0,411.06,0,1
A00587,2025-04-30,1185.53,1185.53,0.0,1,0
A00588,2025-04-30,573.51,0.0,573.51,0,1
A00589,2025-04-30,1726.77,0.0,1726.77,0,1
A00590,2025-04-30,470.66,470.66,0.0,1,0
A00591,2025-04-30,63.28,0.0,63.28,0,1
A00592,2025-04-30,146.61,0.0,146.61,0,1
A00593,2025-04-30,1583.45,0.0,1583.45,0,1
A00594,2025-04-30,976.39,0.0,976.39,0,1
A00595,2025-04-30,1590.67,0.0,1590.67,0,1
A00596,2025-04-30,845.43,0.0,845.43,0,1
A00597,2025-04-30,221.11,0.0,221.11,0,1
A00598,2025-04-30,569.18,0.0,569.18,0,1
A00599,2025-04-30,2008.29,2008.29,0.0,1,0
A00600,2025-04-30,150.93,0.0,150.93,0,1
A00601,2025-04-30,530.3,530.3,0.0,1,0
A00602,2025-04-30,3847.44,0.0,3847.44,0,1
A00603,2025-04-30,851.64,0.0,851.64,0,1
A00604,2025-04-30,2365.47,0.0,2365.47,0,1
A00605,2025-04-30,2493.11,2493.11,0.0,1,0
A00606,2025-04-30,553.1,0.0,553.1,0,1
A00607,2025-04-30,615.39,615.39,0.0,1,0
A00608,2025-04-30,497.13,0.0,497.13,0,1
A00609,2025-04-30,437.91,0.0,437.91,0,1
A00610,2025-04-30,167.7,0.0,167.7,0,1
A00611,2025-04-30,1193.07,1193.07,0.0,1,0
A00612,2025-04-30,860.18,0.0,860.18,0,1
A00613,2025-04-30,1937.79,0.0,1937.79,0,1
A00614,2025-04-30,560.25,0.0,560.25,0,1
A00615,2025-04-30,1625.09,0.0,1625.09,0,1
A00616,2025-04-30,932.91,0.0,932.91,0,1
A00617,2025-04-30,509.35,0.0,509.35,0,1
A00618,2025-04-30,1729.16,1729.16,0.0,1,0
A00619,2025-04-30,951.6,0.0,951.6,0,1
A00620,2025-04-30,1937.95,1937.95,0.0,1,0
A00621,2025-04-30,1460.3,0.0,1460.3,0,1
A00622,2025-04-30,1687.5,0.0,1687.5,0,1
A00623,2025-04-30,1280.25,1280.25,0.0,1,0
A00624,2025-04-30,2832.14,0.0,2832.14,0,1
A00625,2025-04-30,334.11,334.11,0.0,1,0
A00626,2025-04-30,1630.63,1630.63,0.0,1,0
A00627,2025-04-30,1086.88,1086.88,0.0,1,0
A00628,2025-04-30,326.55,0.0,326.55,0,1
A00629,2025-04-30,566.94,0.0,566.94,0,1
A00630,2025-04-30,2630.86,2630.86,0.0,1,0
A00631,2025-04-30,1864.13,0.0,1864.13,0,1
A00632,2025-04-30,2079.53,0.0,2079.53,0,1
A00633,2025-04-30,1415.12,0.0,1415.12,0,1
A00634,2025-04-30,1376.22,0.0,1376.22,0,1
A00635,2025-04-30,690.78,690.78,0.0,1,0
A00636,2025-04-30,2135.59,0.0,2135.59,0,1
A00637,2025-04-30,2240.45,0.0,2240.45,0,1
A00638,2025-04-30,2415.17,2415.17,0.0,1,0
A00639,2025-04-30,473.51,0.0,473.51,0,1
A00640,2025-04-30,865.51,865.51,0.0,1,0
A00641,2025-04-30,238.52,238.52,0.0,1,0
A00642,2025-04-30,561.21,0.0,561.21,0,1
A00643,2025-04-30,449.5,0.0,449.5,0,1
A00644,2025-04-30,608.32,0.0,608.32,0,1
A00645,2025-04-30,1201.11,0.0,1201.11,0,1
A00646,2025-04-30,286.13,286.13,0.0,1,0
A00647,2025-04-30,1446.48,0.0,1446.48,0,1
A00648,2025-04-30,103.88,103.88,0.0,1,0
A00649,2025-04-30,427.07,0.0,427.07,0,1
A00650,2025-04-30,1023.55,0.0,1023.55,0,1
A00651,2025-04-30,1892.35,0.0,1892.35,0,1
A00652,2025-04-30,205.7,205.7,0.0,1,0
A00653,2025-04-30,912.98,0.0,912.98,0,1
A00654,2025-04-30,726.8,0.0,726.8,0,1
A00655,2025-04-30,450.56,0.0,450.56,0,1
A00656,2025-04-30,337.34,337.34,0.0,1,0
A00657,2025-04-30,764.6,764.6,0.0,1,0
A00658,2025-04-30,826.06,0.0,826.06,0,1
A00659,2025-04-30,540.94,540.94,0.0,1,0
A00660,2025-04-30,1197.51,0.0,1197.51,0,1
A00661,2025-04-30,1296.4,1296.4,0.0,1,0
A00662,2025-04-30,619.23,619.23,0.0,1,0
A00663,2025-04-30,2524.43,0.0,2524.43,0,1
A00664,2025-04-30,987.43,0.0,987.43,0,1
A00665,2025-04-30,511.72,511.72,0.0,1,0
A00666,2025-04-30,274.56,274.56,0.0,1,0
A00667,2025-04-30,573.18,0.0,573.18,0,1
A00668,2025-04-30,684.66,0.0,684.66,0,1
A00669,2025-04-30,1073.61,0.0,1073.61,0,1
A00670,2025-04-30,1124.58,0.0,1124.58,0,1
A00671,2025-04-30,2044.27,2044.27,0.0,1,0
A00672,2025-04-30,752.58,0.0,752.58,0,1
A00673,2025-04-30,812.93,812.93,0.0,1,0
A00674,2025-04-30,2169.87,2169.87,0.0,1,0
A00675,2025-04-30,1350.5,0.0,1350.5,0,1
A00676,2025-04-30,640.86,0.0,640.86,0,1
A00677,2025-04-30,998.18,998.18,0.0,1,0
A00678,2025-04-30,745.66,0.0,745.66,0,1
A00679,2025-04-30,1583.51,0.0,1583.51,0,1
A00680,2025-04-30,715.56,0.0,715.56,0,1
A00681,2025-04-30,330.46,330.46,0.0,1,0
A00682,2025-04-30,448.45,448.45,0.0,1,0
A00683,2025-04-30,2025.1,0.0,2025.1,0,1
A00684,2025-04-30,778.46,0.0,778.46,0,1
A00685,2025-04-30,163.45,0.0,163.45,0,1
A00686,2025-04-30,541.14,541.14,0.0,1,0
A00687,2025-04-30,1875.95,0.0,1875.95,0,1
A00688,2025-04-30,222.39,0.0,222.39,0,1
A00689,2025-04-30,1737.18,0.0,1737.18,0,1
A00690,2025-04-30,544.79,544.79,0.0,1,0
A00691,2025-04-30,426.73,426.73,0.0,1,0
A00692,2025-04-30,871.7,871.7,0.0,1,0
A00693,2025-04-30,539.42,0.0,539.42,0,1
A00694,2025-04-30,3033.9,0.0,3033.9,0,1
A00695,2025-04-30,931.38,0.0,931.38,0,1
A00696,2025-04-30,931.64,931.64,0.0,1,0
A00697,2025-04-30,1617.53,1617.53,0.0,1,0
A00698,2025-04-30,969.96,0.0,969.96,0,1
A00699,2025-04-30,1966.97,0.0,1966.97,0,1
A00700,2025-04-30,891.81,0.0,891.81,0,1
A00701,2025-04-30,1862.3,0.0,1862.3,0,1
A00702,2025-04-30,1521.95,1521.95,0.0,1,0
A00703,2025-04-30,680.36,680.36,0.0,1,0
A00704,2025-04-30,461.22,0.0,461.22,0,1
A00705,2025-04-30,433.64,0.0,433.64,0,1
A00706,2025-04-30,630.46,630.46,0.0,1,0
A00707,2025-04-30,798.15,798.15,0.0,1,0
A00708,2025-04-30,382.68,0.0,382.68,0,1
A00709,2025-04-30,1126.65,0.0,1126.65,0,1
A00710,2025-04-30,889.59,0.0,889.59,0,1
A00711,2025-04-30,411.63,411.63,0.0,1,0
A00712,2025-04-30,927.85,0.0,927.85,0,1
A00713,2025-04-30,435.85,0.0,435.85,0,1
A00714,2025-04-30,866.1,0.0,866.1,0,1
A00715,2025-04-30,1885.1,1885.1,0.0,1,0
A00716,2025-04-30,1183.76,0.0,1183.76,0,1
A00717,2025-04-30,1621.12,0.0,1621.12,0,1
A00718,2025-04-30,328.51,0.0,328.51,0,1
A00719,2025-04-30,205.84,0.0,205.84,0,1
A00720,2025-04-30,963.93,0.0,963.93,0,1
A00721,2025-04-30,1219.8,1219.8,0.0,1,0
A00722,2025-04-30,4023.03,4023.03,0.0,1,0
A00723,2025-04-30,436.13,0.0,436.13,0,1
A00724,2025-04-30,3234.06,0.0,3234.06,0,1
A00725,2025-04-30,1966.18,0.0,1966.18,0,1
A00726,2025-04-30,890.17,890.17,0.0,1,0
A00727,2025-04-30,1275.29,1275.29,0.0,1,0
A00728,2025-04-30,1720.33,0.0,1720.33,0,1
A00729,2025-04-30,1656.22,1656.22,0.0,1,0
A00730,2025-04-30,1448.16,0.0,1448.16,0,1
A00731,2025-04-30,1327.88,0.0,1327.88,0,1
A00732,2025-04-30,578.51,0.0,578.51,0,1
A00733,2025-04-30,1477.63,0.0,1477.63,0,1
A00734,2025-04-30,1970.35,0.0,1970.35,0,1
A00735,2025-04-30,227.87,0.0,227.87,0,1
A00736,2025-04-30,1906.22,0.0,1906.22,0,1
A00737,2025-04-30,1282.9,1282.9,0.0,1,0
A00738,2025-04-30,1635.98,0.0,1635.98,0,1
A00739,2025-04-30,2238.0,2238.0,0.0,1,0
A00740,2025-04-30,1094.9,0.0,1094.9,0,1
A00741,2025-04-30,156.39,0.0,156.39,0,1
A00742,2025-04-30,889.14,0.0,889.14,0,1
A00743,2025-04-30,781.82,781.82,0.0,1,0
A00744,2025-04-30,1049.75,1049.75,0.0,1,0
A00745,2025-04-30,599.09,0.0,599.09,0,1
A00746,2025-04-30,2171.72,0.0,2171.72,0,1
A00747,2025-04-30,1363.69,0.0,1363.69,0,1
A00748,2025-04-30,699.9,0.0,699.9,0,1
A00749,2025-04-30,1207.34,0.0,1207.34,0,1
A00750,2025-04-30,322.49,0.0,322.49,0,1
A00751,2025-04-30,1265.71,0.0,1265.71,0,1
A00752,2025-04-30,1937.08,0.0,1937.08,0,1
A00753,2025-04-30,639.8,639.8,0.0,1,0
A00754,2025-04-30,427.33,427.33,0.0,1,0
A00755,2025-04-30,1670.71,1670.71,0.0,1,0
A00756,2025-04-30,1830.95,1830.95,0.0,1,0
A00757,2025-04-30,2307.56,0.0,2307.56,0,1
A00758,2025-04-30,734.61,0.0,734.61,0,1
A00759,2025-04-30,318.39,318.39,0.0,1,0
A00760,2025-04-30,334.89,0.0,334.89,0,1
A00761,2025-04-30,4162.31,0.0,4162.31,0,1
A00762,2025-04-30,1075.99,1075.99,0.0,1,0
A00763,2025-04-30,324.5,0.0,324.5,0,1
A00764,2025-04-30,1809.85,1809.85,0.0,1,0
A00765,2025-04-30,2035.62,2035.62,0.0,1,0
A00766,2025-04-30,748.34,748.34,0.0,1,0
A00767,2025-04-30,217.52,217.52,0.0,1,0
A00768,2025-04-30,634.12,0.0,634.12,0,1
A00769,2025-04-30,2361.07,0.0,2361.07,0,1
A00770,2025-04-30,944.66,0.0,944.66,0,1
A00771,2025-04-30,1221.59,1221.59,0.0,1,0
A00772,2025-04-30,1392.04,1392.04,0.0,1,0
A00773,2025-04-30,1073.5,0.0,1073.5,0,1
A00774,2025-04-30,1086.77,1086.77,0.0,1,0
A00775,2025-04-30,917.12,0.0,917.12,0,1
A00776,2025-04-30,718.04,718.04,0.0,1,0
A00777,2025-04-30,917.85,0.0,917.85,0,1
A00778,2025-04-30,530.43,0.0,530.43,0,1
A00779,2025-04-30,552.18,552.18,0.0,1,0
A00780,2025-04-30,1569.15,0.0,1569.15,0,1
A00781,2025-04-30,546.22,0.0,546.22,0,1
A00782,2025-04-30,1445.95,0.0,1445.95,0,1
A00783,2025-04-30,1514.39,1514.39,0.0,1,0
A00784,2025-04-30,696.56,0.0,696.56,0,1
A00785,2025-04-30,1641.81,0.0,1641.81,0,1
A00786,2025-04-30,622.99,622.99,0.0,1,0
A00787,2025-04-30,1889.62,0.0,1889.62,0,1
A00788,2025-04-30,1378.42,0.0,1378.42,0,1
A00789,2025-04-30,480.18,0.0,480.18,0,1
A00790,2025-04-30,1235.45,0.0,1235.45,0,1
A00791,2025-04-30,1725.89,0.0,1725.89,0,1
A00792,2025-04-30,788.29,788.29,0.0,1,0
A00793,2025-04-30,1455.72,0.0,1455.72,0,1
A00794,2025-04-30,1410.85,0.0,1410.85,0,1
A00795,2025-04-30,1259.84,1259.84,0.0,1,0
A00796,2025-04-30,924.48,0.0,924.48,0,1
A00797,2025-04-30,275.27,0.0,275.27,0,1
A00798,2025-04-30,464.25,0.0,464.25,0,1
A00799,2025-04-30,1013.34,0.0,1013.34,0,1
A00800,2025-04-30,271.18,0.0,271.18,0,1
A00801,2025-04-30,1257.84,1257.84,0.0,1,0
A00802,2025-04-30,2962.52,0.0,2962.52,0,1
A00803,2025-04-30,1266.21,0.0,1266.21,0,1
A00804,2025-04-30,2900.06,2900.06,0.0,1,0
A00805,2025-04-30,692.33,692.33,0.0,1,0
A00806,2025-04-30,2213.92,0.0,2213.92,0,1
A00807,2025-04-30,1252.9,0.0,1252.9,0,1
A00808,2025-04-30,1643.99,0.0,1643.99,0,1
A00809,2025-04-30,334.62,334.62,0.0,1,0
A00810,2025-04-30,2210.17,2210.17,0.0,1,0
A00811,2025-04-30,2454.53,0.0,2454.53,0,1
A00812,2025-04-30,2725.08,2725.08,0.0,1,0
A00813,2025-04-30,682.12,0.0,682.12,0,1
A00814,2025-04-30,2036.89,2036.89,0.0,1,0
A00815,2025-04-30,1017.49,1017.49,0.0,1,0
A00816,2025-04-30,2413.84,0.0,2413.84,0,1
A00817,2025-04-30,1934.53,0.0,1934.53,0,1
A00818,2025-04-30,1060.5,0.0,1060.5,0,1
A00819,2025-04-30,823.09,0.0,823.09,0,1
A00820,2025-04-30,4722.37,0.0,4722.37,0,1
A00821,2025-04-30,1512.87,0.0,1512.87,0,1
A00822,2025-04-30,2209.35,0.0,2209.35,0,1
A00823,2025-04-30,1512.43,0.0,1512.43,0,1
A00824,2025-04-30,786.11,0.0,786.11,0,1
A00825,2025-04-30,1189.56,0.0,1189.56,0,1
A00826,2025-04-30,1402.48,0.0,1402.48,0,1
A00827,2025-04-30,1882.0,1882.0,0.0,1,0
A00828,2025-04-30,2050.9,0.0,2050.9,0,1
A00829,2025-04-30,711.19,0.0,711.19,0,1
A00830,2025-04-30,223.36,223.36,0.0,1,0
A00831,2025-04-30,882.88,0.0,882.88,0,1
A00832,2025-04-30,1310.52,1310.52,0.0,1,0
A00833,2025-04-30,635.11,635.11,0.0,1,0
A00834,2025-04-30,2767.88,0.0,2767.88,0,1
A00835,2025-04-30,2623.79,2623.79,0.0,1,0
A00836,2025-04-30,1142.01,0.0,1142.01,0,1
A00837,2025-04-30,1421.7,0.0,1421.7,0,1
A00838,2025-04-30,386.66,0.0,386.66,0,1
A00839,2025-04-30,1764.65,0.0,1764.65,0,1
A00840,2025-04-30,2399.08,2399.08,0.0,1,0
A00841,2025-04-30,1915.88,0.0,1915.88,0,1
A00842,2025-04-30,2033.04,2033.04,0.0,1,0
A00843,2025-04-30,1290.32,1290.32,0.0,1,0
A00844,2025-04-30,1928.9,0.0,1928.9,0,1
A00845,2025-04-30,922.14,0.0,922.14,0,1
A00846,2025-04-30,1696.86,0.0,1696.86,0,1
A00847,2025-04-30,1540.78,1540.78,0.0,1,0
A00848,2025-04-30,2427.93,2427.93,0.0,1,0
A00849,2025-04-30,1082.81,0.0,1082.81,0,1
A00850,2025-04-30,117.61,117.61,0.0,1,0
A00851,2025-04-30,1770.17,0.0,1770.17,0,1
A00852,2025-04-30,1562.4,0.0,1562.4,0,1
A00853,2025-04-30,299.09,0.0,299.09,0,1
A00854,2025-04-30,929.79,929.79,0.0,1,0
A00855,2025-04-30,1603.02,0.0,1603.02,0,1
A00856,2025-04-30,623.23,0.0,623.23,0,1
A00857,2025-04-30,672.11,672.11,0.0,1,0
A00858,2025-04-30,1172.49,1172.49,0.0,1,0
A00859,2025-04-30,1100.61,0.0,1100.61,0,1
A00860,2025-04-30,758.39,0.0,758.39,0,1
A00861,2025-04-30,1343.53,0.0,1343.53,0,1
A00862,2025-04-30,2267.74,2267.74,0.0,1,0
A00863,2025-04-30,2052.44,0.0,2052.44,0,1
A00864,2025-04-30,1317.22,0.0,1317.22,0,1
A00865,2025-04-30,693.84,0.0,693.84,0,1
A00866,2025-04-30,539.24,0.0,539.24,0,1
A00867,2025-04-30,1286.92,1286.92,0.0,1,0
A00868,2025-04-30,1027.6,0.0,1027.6,0,1
A00869,2025-04-30,396.82,0.0,396.82,0,1
A00870,2025-04-30,1672.87,0.0,1672.87,0,1
A00871,2025-04-30,1113.5,1113.5,0.0,1,0
A00872,2025-04-30,826.47,826.47,0.0,1,0
A00873,2025-04-30,2382.38,0.0,2382.38,0,1
A00874,2025-04-30,1081.56,0.0,1081.56,0,1
A00875,2025-04-30,824.39,0.0,824.39,0,1
A00876,2025-04-30,911.77,0.0,911.77,0,1
A00877,2025-04-30,891.09,0.0,891.09,0,1
A00878,2025-04-30,920.11,0.0,920.11,0,1
A00879,2025-04-30,2370.81,0.0,2370.81,0,1
A00880,2025-04-30,755.33,0.0,755.33,0,1
A00881,2025-04-30,2717.79,0.0,2717.79,0,1
A00882,2025-04-30,2285.91,2285.91,0.0,1,0
A00883,2025-04-30,1606.13,1606.13,0.0,1,0
A00884,2025-04-30,2514.51,0.0,2514.51,0,1
A00885,2025-04-30,815.42,815.42,0.0,1,0
A00886,2025-04-30,1764.48,1764.48,0.0,1,0
A00887,2025-04-30,2799.41,0.0,2799.41,0,1
A00888,2025-04-30,1663.13,1663.13,0.0,1,0
A00889,2025-04-30,13.34,0.0,13.34,0,1
A00890,2025-04-30,2052.44,2052.44,0.0,1,0
A00891,2025-04-30,4273.51,0.0,4273.51,0,1
A00892,2025-04-30,905.16,905.16,0.0,1,0
A00893,2025-04-30,1636.94,0.0,1636.94,0,1
A00894,2025-04-30,966.5,966.5,0.0,1,0
A00895,2025-04-30,1925.51,0.0,1925.51,0,1
A00896,2025-04-30,1567.68,1567.68,0.0,1,0
A00897,2025-04-30,95.17,0.0,95.17,0,1
A00898,2025-04-30,480.37,0.0,480.37,0,1
A00899,2025-04-30,1357.75,0.0,1357.75,0,1
A00900,2025-04-30,1338.61,0.0,1338.61,0,1
A00901,2025-04-30,613.82,613.82,0.0,1,0
A00902,2025-04-30,2244.21,0.0,2244.21,0,1
A00903,2025-04-30,685.82,685.82,0.0,1,0
A00904,2025-04-30,2967.84,0.0,2967.84,0,1
A00905,2025-04-30,3725.2,0.0,3725.2,0,1
A00906,2025-04-30,2444.79,0.0,2444.79,0,1
A00907,2025-04-30,909.16,0.0,909.16,0,1
A00908,2025-04-30,1959.61,1959.61,0.0,1,0
A00909,2025-04-30,1132.73,1132.73,0.0,1,0
A00910,2025-04-30,1694.56,1694.56,0.0,1,0
A00911,2025-04-30,344.92,344.92,0.0,1,0
A00912,2025-04-30,532.2,532.2,0.0,1,0
A00913,2025-04-30,114.84,114.84,0.0,1,0
A00914,2025-04-30,2707.62,2707.62,0.0,1,0
A00915,2025-04-30,1604.17,0.0,1604.17,0,1
A00916,2025-04-30,400.62,0.0,400.62,0,1
A00917,2025-04-30,3348.7,0.0,3348.7,0,1
A00918,2025-04-30,2703.88,0.0,2703.88,0,1
A00919,2025-04-30,1976.34,0.0,1976.34,0,1
A00920,2025-04-30,656.64,656.64,0.0,1,0
A00921,2025-04-30,1807.41,1807.41,0.0,1,0
A00922,2025-04-30,270.94,0.0,270.94,0,1
A00923,2025-04-30,248.24,248.24,0.0,1,0
A00924,2025-04-30,3378.3,0.0,3378.3,0,1
A00925,2025-04-30,1192.1,0.0,1192.1,0,1
A00926,2025-04-30,1103.31,0.0,1103.31,0,1
A00927,2025-04-30,683.44,683.44,0.0,1,0
A00928,2025-04-30,1160.46,0.0,1160.46,0,1
A00929,2025-04-30,2606.05,2606.05,0.0,1,0
A00930,2025-04-30,1859.65,0.0,1859.65,0,1
A00931,2025-04-30,1144.3,0.0,1144.3,0,1
A00932,2025-04-30,1044.05,0.0,1044.05,0,1
A00933,2025-04-30,1474.34,0.0,1474.34,0,1
A00934,2025-04-30,435.94,435.94,0.0,1,0
A00935,2025-04-30,454.9,454.9,0.0,1,0
A00936,2025-04-30,561.33,0.0,561.33,0,1
A00937,2025-04-30,1021.19,0.0,1021.19,0,1
A00938,2025-04-30,438.16,438.16,0.0,1,0
A00939,2025-04-30,383.83,0.0,383.83,0,1
A00940,2025-04-30,275.79,0.0,275.79,0,1
A00941,2025-04-30,2193.0,0.0,2193.0,0,1
A00942,2025-04-30,2337.46,2337.46,0.0,1,0
A00943,2025-04-30,1986.38,0.0,1986.38,0,1
A00944,2025-04-30,1390.54,0.0,1390.54,0,1
A00945,2025-04-30,248.82,0.0,248.82,0,1
A00946,2025-04-30,5445.43,0.0,5445.43,0,1
A00947,2025-04-30,500.9,0.0,500.9,0,1
A00948,2025-04-30,1064.94,0.0,1064.94,0,1
A00949,2025-04-30,1078.06,1078.06,0.0,1,0
A00950,2025-04-30,1635.72,0.0,1635.72,0,1
A00951,2025-04-30,1186.88,0.0,1186.88,0,1
A00952,2025-04-30,740.44,740.44,0.0,1,0
A00953,2025-04-30,586.75,0.0,586.75,0,1
A00954,2025-04-30,638.18,638.18,0.0,1,0
A00955,2025-04-30,2536.62,2536.62,0.0,1,0
A00956,2025-04-30,1727.67,0.0,1727.67,0,1
A00957,2025-04-30,495.17,495.17,0.0,1,0
A00958,2025-04-30,2975.86,0.0,2975.86,0,1
A00959,2025-04-30,548.16,548.16,0.0,1,0
A00960,2025-04-30,178.76,178.76,0.0,1,0
A00961,2025-04-30,296.62,0.0,296.62,0,1
A00962,2025-04-30,17.86,0.0,17.86,0,1
A00963,2025-04-30,1392.62,0.0,1392.62,0,1
A00964,2025-04-30,1469.91,0.0,1469.91,0,1
A00965,2025-04-30,2273.71,0.0,2273.71,0,1
A00966,2025-04-30,545.93,545.93,0.0,1,0
A00967,2025-04-30,1741.92,1741.92,0.0,1,0
A00968,2025-04-30,1162.88,1162.88,0.0,1,0
A00969,2025-04-30,789.88,789.88,0.0,1,0
A00970,2025-04-30,1822.58,0.0,1822.58,0,1
A00971,2025-04-30,1175.25,0.0,1175.25,0,1
A00972,2025-04-30,877.84,877.84,0.0,1,0
A00973,2025-04-30,2473.16,2473.16,0.0,1,0
A00974,2025-04-30,1263.8,1263.8,0.0,1,0
A00975,2025-04-30,1248.87,1248.87,0.0,1,0
A00976,2025-04-30,481.07,0.0,481.07,0,1
A00977,2025-04-30,2356.85,0.0,2356.85,0,1
A00978,2025-04-30,1742.88,0.0,1742.88,0,1
A00979,2025-04-30,768.99,768.99,0.0,1,0
A00980,2025-04-30,488.09,0.0,488.09,0,1
A00981,2025-04-30,748.79,748.79,0.0,1,0
A00982,2025-04-30,1173.35,0.0,1173.35,0,1
A00983,2025-04-30,1446.86,0.0,1446.86,0,1
A00984,2025-04-30,3083.36,0.0,3083.36,0,1
A00985,2025-04-30,1189.2,0.0,1189.2,0,1
A00986,2025-04-30,3166.17,3166.17,0.0,1,0
A00987,2025-04-30,658.98,658.98,0.0,1,0
A00988,2025-04-30,3003.21,3003.21,0.0,1,0
A00989,2025-04-30,755.03,0.0,755.03,0,1
A00990,2025-04-30,68.38,68.38,0.0,1,0
A00991,2025-04-30,315.94,0.0,315.94,0,1
A00992,2025-04-30,263.64,263.64,0.0,1,0
A00993,2025-04-30,515.63,0.0,515.63,0,1
A00994,2025-04-30,1025.87,0.0,1025.87,0,1
A00995,2025-04-30,1408.24,0.0,1408.24,0,1
A00996,2025-04-30,789.4,789.4,0.0,1,0
A00997,2025-04-30,599.33,0.0,599.33,0,1
A00998,2025-04-30,1121.8,1121.8,0.0,1,0
A00999,2025-04-30,780.01,780.01,0.0,1,0
A01000,2025-04-30,2166.85,0.0,2166.85,0,1
A01001,2025-04-30,1600.33,0.0,1600.33,0,1
A01002,2025-04-30,99.41,0.0,99.41,0,1
A01003,2025-04-30,1821.64,0.0,1821.64,0,1
A01004,2025-04-30,835.1,835.1,0.0,1,0
A01005,2025-04-30,1410.21,0.0,1410.21,0,1
A01006,2025-04-30,1148.37,0.0,1148.37,0,1
A01007,2025-04-30,1235.58,0.0,1235.58,0,1
A01008,2025-04-30,627.48,627.48,0.0,1,0
A01009,2025-04-30,1587.92,1587.92,0.0,1,0
A01010,2025-04-30,730.57,0.0,730.57,0,1
A01011,2025-04-30,401.51,401.51,0.0,1,0
A01012,2025-04-30,1274.95,0.0,1274.95,0,1
A01013,2025-04-30,2068.57,0.0,2068.57,0,1
A01014,2025-04-30,839.75,0.0,839.75,0,1
A01015,2025-04-30,384.89,0.0,384.89,0,1
A01016,2025-04-30,614.9,0.0,614.9,0,1
A01017,2025-04-30,1180.44,0.0,1180.44,0,1
A01018,2025-04-30,602.49,0.0,602.49,0,1
A01019,2025-04-30,2328.32,2328.32,0.0,1,0
A01020,2025-04-30,458.98,0.0,458.98,0,1
A01021,2025-04-30,1916.51,0.0,1916.51,0,1
A01022,2025-04-30,901.62,0.0,901.62,0,1
A01023,2025-04-30,3027.8,0.0,3027.8,0,1
A01024,2025-04-30,334.35,0.0,334.35,0,1
A01025,2025-04-30,511.4,0.0,511.4,0,1
A01026,2025-04-30,740.63,0.0,740.63,0,1
A01027,2025-04-30,1256.97,0.0,1256.97,0,1
A01028,2025-04-30,390.1,390.1,0.0,1,0
A01029,2025-04-30,1114.57,1114.57,0.0,1,0
A01030,2025-04-30,336.75,0.0,336.75,0,1
A01031,2025-04-30,1709.86,0.0,1709.86,0,1
A01032,2025-04-30,731.54,0.0,731.54,0,1
A01033,2025-04-30,2501.49,0.0,2501.49,0,1
A01034,2025-04-30,452.1,452.1,0.0,1,0
A01035,2025-04-30,563.49,563.49,0.0,1,0
A01036,2025-04-30,1445.93,0.0,1445.93,0,1
A01037,2025-04-30,1583.75,1583.75,0.0,1,0
A01038,2025-04-30,1511.37,1511.37,0.0,1,0
A01039,2025-04-30,1504.9,1504.9,0.0,1,0
A01040,2025-04-30,1034.74,1034.74,0.0,1,0
A01041,2025-04-30,1006.87,0.0,1006.87,0,1
A01042,2025-04-30,5498.1,5498.1,0.0,1,0
A01043,2025-04-30,871.85,0.0,871.85,0,1
A01044,2025-04-30,3926.36,3926.36,0.0,1,0
A01045,2025-04-30,2395.05,2395.05,0.0,1,0
A01046,2025-04-30,1480.76,1480.76,0.0,1,0
A01047,2025-04-30,2665.36,0.0,2665.36,0,1
A01048,2025-04-30,781.13,781.13,0.0,1,0
A01049,2025-04-30,191.09,0.0,191.09,0,1
A01050,2025-04-30,824.92,824.92,0.0,1,0
A01051,2025-04-30,876.44,876.44,0.0,1,0
A01052,2025-04-30,1229.16,0.0,1229.16,0,1
A01053,2025-04-30,724.19,724.19,0.0,1,0
A01054,2025-04-30,310.0,310.0,0.0,1,0
A01055,2025-04-30,486.17,0.0,486.17,0,1
A01056,2025-04-30,1228.5,1228.5,0.0,1,0
A01057,2025-04-30,1680.29,1680.29,0.0,1,0
A01058,2025-04-30,1251.9,1251.9,0.0,1,0
A01059,2025-04-30,1403.06,0.0,1403.06,0,1
A01060,2025-04-30,682.37,682.37,0.0,1,0
A01061,2025-04-30,764.96,0.0,764.96,0,1
A01062,2025-04-30,1033.51,1033.51,0.0,1,0
A01063,2025-04-30,519.29,519.29,0.0,1,0
A01064,2025-04-30,1992.8,0.0,1992.8,0,1
A01065,2025-04-30,378.41,0.0,378.41,0,1
A01066,2025-04-30,2489.75,2489.75,0.0,1,0
A01067,2025-04-30,747.77,0.0,747.77,0,1
A01068,2025-04-30,971.3,0.0,971.3,0,1
A01069,2025-04-30,552.82,552.82,0.0,1,0
A01070,2025-04-30,592.13,0.0,592.13,0,1
A01071,2025-04-30,3447.71,0.0,3447.71,0,1
A01072,2025-04-30,1332.8,0.0,1332.8,0,1
A01073,2025-04-30,976.83,976.83,0.0,1,0
A01074,2025-04-30,1391.27,1391.27,0.0,1,0
A01075,2025-04-30,696.23,0.0,696.23,0,1
A01076,2025-04-30,514.41,0.0,514.41,0,1
A01077,2025-04-30,1350.18,0.0,1350.18,0,1
A01078,2025-04-30,1140.16,0.0,1140.16,0,1
A01079,2025-04-30,1314.06,0.0,1314.06,0,1
A01080,2025-04-30,1835.14,1835.14,0.0,1,0
A01081,2025-04-30,588.87,0.0,588.87,0,1
A01082,2025-04-30,1120.37,0.0,1120.37,0,1
A01083,2025-04-30,1287.64,0.0,1287.64,0,1
A01084,2025-04-30,357.55,357.55,0.0,1,0
A01085,2025-04-30,1300.0,1300.0,0.0,1,0
A01086,2025-04-30,1547.65,0.0,1547.65,0,1
A01087,2025-04-30,1366.53,0.0,1366.53,0,1
A01088,2025-04-30,891.0,891.0,0.0,1,0
A01089,2025-04-30,539.77,539.77,0.0,1,0
A01090,2025-04-30,979.49,0.0,979.49,0,1
A01091,2025-04-30,1354.71,0.0,1354.71,0,1
A01092,2025-04-30,3646.39,0.0,3646.39,0,1
A01093,2025-04-30,2227.19,2227.19,0.0,1,0
A01094,2025-04-30,2713.72,0.0,2713.72,0,1
A01095,2025-04-30,1788.18,1788.18,0.0,1,0
A01096,2025-04-30,443.83,0.0,443.83,0,1
A01097,2025-04-30,1489.34,0.0,1489.34,0,1
A01098,2025-04-30,904.93,0.0,904.93,0,1
A01099,2025-04-30,1098.38,1098.38,0.0,1,0
A01100,2025-04-30,30.01,30.01,0.0,1,0
A01101,2025-04-30,646.61,646.61,0.0,1,0
A01102,2025-04-30,3037.12,0.0,3037.12,0,1
A01103,2025-04-30,2130.62,0.0,2130.62,0,1
A01104,2025-04-30,1812.81,1812.81,0.0,1,0
A01105,2025-04-30,1857.34,0.0,1857.34,0,1
A01106,2025-04-30,337.14,337.14,0.0,1,0
A01107,2025-04-30,595.15,0.0,595.15,0,1
A01108,2025-04-30,837.5,837.5,0.0,1,0
A01109,2025-04-30,464.64,0.0,464.64,0,1
A01110,2025-04-30,1012.53,0.0,1012.53,0,1
A01111,2025-04-30,1018.98,0.0,1018.98,0,1
A01112,2025-04-30,391.3,391.3,0.0,1,0
A01113,2025-04-30,455.33,0.0,455.33,0,1
A01114,2025-04-30,684.1,0.0,684.1,0,1
A01115,2025-04-30,1059.37,0.0,1059.37,0,1
A01116,2025-04-30,2349.05,0.0,2349.05,0,1
A01117,2025-04-30,2918.73,0.0,2918.73,0,1
A01118,2025-04-30,935.68,0.0,935.68,0,1
A01119,2025-04-30,209.26,209.26,0.0,1,0
A01120,2025-04-30,961.42,961.42,0.0,1,0
A01121,2025-04-30,405.33,0.0,405.33,0,1
A01122,2025-04-30,1781.13,0.0,1781.13,0,1
A01123,2025-04-30,1096.57,0.0,1096.57,0,1
A01124,2025-04-30,1070.09,0.0,1070.09,0,1
A01125,2025-04-30,617.15,0.0,617.15,0,1
A01126,2025-04-30,990.36,990.36,0.0,1,0
A01127,2025-04-30,667.56,0.0,667.56,0,1
A01128,2025-04-30,846.49,0.0,846.49,0,1
A01129,2025-04-30,794.64,794.64,0.0,1,0
A01130,2025-04-30,205.89,205.89,0.0,1,0
A01131,2025-04-30,2197.47,2197.47,0.0,1,0
A01132,2025-04-30,529.02,0.0,529.02,0,1
A01133,2025-04-30,545.55,545.55,0.0,1,0
A01134,2025-04-30,566.53,566.53,0.0,1,0
A01135,2025-04-30,1149.27,0.0,1149.27,0,1
A01136,2025-04-30,1312.17,0.0,1312.17,0,1
A01137,2025-04-30,777.82,777.82,0.0,1,0
A01138,2025-04-30,183.04,0.0,183.04,0,1
A01139,2025-04-30,546.11,0.0,546.11,0,1
A01140,2025-04-30,393.54,0.0,393.54,0,1
A01141,2025-04-30,1271.47,0.0,1271.47,0,1
A01142,2025-04-30,573.91,0.0,573.91,0,1
A01143,2025-04-30,121.33,121.33,0.0,1,0
A01144,2025-04-30,1873.09,0.0,1873.09,0,1
A01145,2025-04-30,1663.16,1663.16,0.0,1,0
A01146,2025-04-30,202.5,0.0,202.5,0,1
A01147,2025-04-30,1362.74,0.0,1362.74,0,1
A01148,2025-04-30,477.62,0.0,477.62,0,1
A01149,2025-04-30,2346.81,2346.81,0.0,1,0
A01150,2025-04-30,918.74,918.74,0.0,1,0
A01151,2025-04-30,507.75,0.0,507.75,0,1
A01152,2025-04-30,881.51,0.0,881.51,0,1
A01153,2025-04-30,1842.63,1842.63,0.0,1,0
A01154,2025-04-30,356.62,0.0,356.62,0,1
A01155,2025-04-30,1152.03,1152.03,0.0,1,0
A01156,2025-04-30,523.35,0.0,523.35,0,1
A01157,2025-04-30,1105.11,1105.11,0.0,1,0
A01158,2025-04-30,885.43,0.0,885.43,0,1
A01159,2025-04-30,1352.43,0.0,1352.43,0,1
A01160,2025-04-30,1640.07,0.0,1640.07,0,1
A01161,2025-04-30,2147.92,0.0,2147.92,0,1
A01162,2025-04-30,569.24,0.0,569.24,0,1
A01163,2025-04-30,2351.17,0.0,2351.17,0,1
A01164,2025-04-30,1917.86,1917.86,0.0,1,0
A01165,2025-04-30,769.61,769.61,0.0,1,0
A01166,2025-04-30,600.37,600.37,0.0,1,0
A01167,2025-04-30,694.62,0.0,694.62,0,1
A01168,2025-04-30,596.99,0.0,596.99,0,1
A01169,2025-04-30,1031.33,0.0,1031.33,0,1
A01170,2025-04-30,292.92,292.92,0.0,1,0
A01171,2025-04-30,178.3,178.3,0.0,1,0
A01172,2025-04-30,237.62,237.62,0.0,1,0
A01173,2025-04-30,1177.37,0.0,1177.37,0,1
A01174,2025-04-30,2330.27,2330.27,0.0,1,0
A01175,2025-04-30,1495.11,1495.11,0.0,1,0
A01176,2025-04-30,2285.89,0.0,2285.89,0,1
A01177,2025-04-30,471.75,0.0,471.75,0,1
A01178,2025-04-30,1615.13,0.0,1615.13,0,1
A01179,2025-04-30,1639.25,0.0,1639.25,0,1
A01180,2025-04-30,3454.99,0.0,3454.99,0,1
A01181,2025-04-30,1557.42,0.0,1557.42,0,1
A01182,2025-04-30,1125.0,0.0,1125.0,0,1
A01183,2025-04-30,1401.19,1401.19,0.0,1,0
A01184,2025-04-30,1731.02,0.0,1731.02,0,1
A01185,2025-04-30,156.64,0.0,156.64,0,1
A01186,2025-04-30,485.24,0.0,485.24,0,1
A01187,2025-04-30,1483.19,0.0,1483.19,0,1
A01188,2025-04-30,716.9,716.9,0.0,1,0
A01189,2025-04-30,1051.34,0.0,1051.34,0,1
A01190,2025-04-30,283.73,283.73,0.0,1,0
A01191,2025-04-30,1435.38,0.0,1435.38,0,1
A01192,2025-04-30,3019.59,0.0,3019.59,0,1
A01193,2025-04-30,968.28,968.28,0.0,1,0
A01194,2025-04-30,1926.65,1926.65,0.0,1,0
A01195,2025-04-30,160.01,160.01,0.0,1,0
A01196,2025-04-30,1016.79,1016.79,0.0,1,0
A01197,2025-04-30,963.2,0.0,963.2,0,1
A01198,2025-04-30,1600.48,0.0,1600.48,0,1
A01199,2025-04-30,1068.7,0.0,1068.7,0,1
A01200,2025-04-30,1241.79,0.0,1241.79,0,1
A01201,2025-04-30,1163.1,1163.1,0.0,1,0
A01202,2025-04-30,511.2,0.0,511.2,0,1
A01203,2025-04-30,1408.85,0.0,1408.85,0,1
A01204,2025-04-30,1924.38,0.0,1924.38,0,1
A01205,2025-04-30,1361.44,1361.44,0.0,1,0
A01206,2025-04-30,1389.22,1389.22,0.0,1,0
A01207,2025-04-30,1082.1,0.0,1082.1,0,1
A01208,2025-04-30,384.51,0.0,384.51,0,1
A01209,2025-04-30,511.4,0.0,511.4,0,1
A01210,2025-04-30,662.03,0.0,662.03,0,1
A01211,2025-04-30,3510.73,3510.73,0.0,1,0
A01212,2025-04-30,646.6,0.0,646.6,0,1
A01213,2025-04-30,1683.52,1683.52,0.0,1,0
A01214,2025-04-30,2516.88,0.0,2516.88,0,1
A01215,2025-04-30,3212.49,3212.49,0.0,1,0
A01216,2025-04-30,2278.18,2278.18,0.0,1,0
A01217,2025-04-30,984.94,0.0,984.94,0,1
A01218,2025-04-30,1225.22,1225.22,0.0,1,0
A01219,2025-04-30,2689.06,2689.06,0.0,1,0
A01220,2025-04-30,230.78,0.0,230.78,0,1
A01221,2025-04-30,5192.27,0.0,5192.27,0,1
A01222,2025-04-30,1989.33,0.0,1989.33,0,1
A01223,2025-04-30,464.84,0.0,464.84,0,1
A01224,2025-04-30,1064.17,1064.17,0.0,1,0
A01225,2025-04-30,1128.03,1128.03,0.0,1,0
A01226,2025-04-30,245.15,0.0,245.15,0,1
A01227,2025-04-30,2715.98,0.0,2715.98,0,1
A01228,2025-04-30,587.02,0.0,587.02,0,1
A01229,2025-04-30,494.06,0.0,494.06,0,1
A01230,2025-04-30,1839.4,1839.4,0.0,1,0
A01231,2025-04-30,634.36,634.36,0.0,1,0
A01232,2025-04-30,1398.7,1398.7,0.0,1,0
A01233,2025-04-30,1391.6,1391.6,0.0,1,0
A01234,2025-04-30,649.68,0.0,649.68,0,1
A01235,2025-04-30,2339.17,0.0,2339.17,0,1
A01236,2025-04-30,1668.06,0.0,1668.06,0,1
A01237,2025-04-30,436.74,436.74,0.0,1,0
A01238,2025-04-30,2048.48,2048.48,0.0,1,0
A01239,2025-04-30,768.24,768.24,0.0,1,0
A01240,2025-04-30,516.86,0.0,516.86,0,1
A01241,2025-04-30,1159.2,0.0,1159.2,0,1
A01242,2025-04-30,2660.27,2660.27,0.0,1,0
A01243,2025-04-30,1822.9,1822.9,0.0,1,0
A01244,2025-04-30,1167.71,0.0,1167.71,0,1
A01245,2025-04-30,546.26,546.26,0.0,1,0
A01246,2025-04-30,2470.05,0.0,2470.05,0,1
A01247,2025-04-30,231.81,0.0,231.81,0,1
A01248,2025-04-30,412.85,412.85,0.0,1,0
A01249,2025-04-30,1349.77,0.0,1349.77,0,1
A01250,2025-04-30,995.97,0.0,995.97,0,1
A01251,2025-04-30,1370.38,1370.38,0.0,1,0
A01252,2025-04-30,1762.35,0.0,1762.35,0,1
A01253,2025-04-30,1593.65,0.0,1593.65,0,1
A01254,2025-04-30,2477.06,2477.06,0.0,1,0
A01255,2025-04-30,983.94,983.94,0.0,1,0
A01256,2025-04-30,782.85,782.85,0.0,1,0
A01257,2025-04-30,3595.55,3595.55,0.0,1,0
A01258,2025-04-30,2172.84,0.0,2172.84,0,1
A01259,2025-04-30,2597.39,2597.39,0.0,1,0
A01260,2025-04-30,692.31,0.0,692.31,0,1
A01261,2025-04-30,1220.39,0.0,1220.39,0,1
A01262,2025-04-30,746.53,0.0,746.53,0,1
A01263,2025-04-30,1528.56,1528.56,0.0,1,0
A01264,2025-04-30,1859.34,0.0,1859.34,0,1
A01265,2025-04-30,1321.36,1321.36,0.0,1,0
A01266,2025-04-30,1227.93,1227.93,0.0,1,0
A01267,2025-04-30,2271.82,2271.82,0.0,1,0
A01268,2025-04-30,943.14,0.0,943.14,0,1
A01269,2025-04-30,2288.01,2288.01,0.0,1,0
A01270,2025-04-30,2251.44,0.0,2251.44,0,1
A01271,2025-04-30,931.79,0.0,931.79,0,1
A01272,2025-04-30,808.55,0.0,808.55,0,1
A01273,2025-04-30,1358.37,0.0,1358.37,0,1
A01274,2025-04-30,201.65,0.0,201.65,0,1
A01275,2025-04-30,1252.24,0.0,1252.24,0,1
A01276,2025-04-30,1992.35,0.0,1992.35,0,1
A01277,2025-04-30,2599.7,0.0,2599.7,0,1
A01278,2025-04-30,786.58,786.58,0.0,1,0
A01279,2025-04-30,1009.29,1009.29,0.0,1,0
A01280,2025-04-30,1176.31,0.0,1176.31,0,1
A01281,2025-04-30,1007.11,1007.11,0.0,1,0
A01282,2025-04-30,1284.43,0.0,1284.43,0,1
A01283,2025-04-30,2288.2,2288.2,0.0,1,0
A01284,2025-04-30,207.87,207.87,0.0,1,0
A01285,2025-04-30,480.61,0.0,480.61,0,1
A01286,2025-04-30,127.38,0.0,127.38,0,1
A01287,2025-04-30,1665.56,0.0,1665.56,0,1
A01288,2025-04-30,1457.05,0.0,1457.05,0,1
A01289,2025-04-30,1287.47,0.0,1287.47,0,1
A01290,2025-04-30,593.8,0.0,593.8,0,1
A01291,2025-04-30,3787.42,0.0,3787.42,0,1
A01292,2025-04-30,1652.97,0.0,1652.97,0,1
A01293,2025-04-30,1452.82,0.0,1452.82,0,1
A01294,2025-04-30,769.44,0.0,769.44,0,1
A01295,2025-04-30,292.64,0.0,292.64,0,1
A01296,2025-04-30,706.84,0.0,706.84,0,1
A01297,2025-04-30,747.38,0.0,747.38,0,1
A01298,2025-04-30,2955.61,0.0,2955.61,0,1
A01299,2025-04-30,884.39,0.0,884.39,0,1
A01300,2025-04-30,811.61,0.0,811.61,0,1
A01301,2025-04-30,868.02,868.02,0.0,1,0
A01302,2025-04-30,1480.98,0.0,1480.98,0,1
A01303,2025-04-30,1911.54,1911.54,0.0,1,0
A01304,2025-04-30,288.22,0.0,288.22,0,1
A01305,2025-04-30,1205.37,1205.37,0.0,1,0
A01306,2025-04-30,438.78,0.0,438.78,0,1
A01307,2025-04-30,1885.92,1885.92,0.0,1,0
A01308,2025-04-30,1058.55,0.0,1058.55,0,1
A01309,2025-04-30,2044.6,2044.6,0.0,1,0
A01310,2025-04-30,1041.47,0.0,1041.47,0,1
A01311,2025-04-30,761.79,761.79,0.0,1,0
A01312,2025-04-30,201.96,0.0,201.96,0,1
A01313,2025-04-30,590.85,0.0,590.85,0,1
A01314,2025-04-30,1141.6,1141.6,0.0,1,0
A01315,2025-04-30,950.19,950.19,0.0,1,0
A01316,2025-04-30,390.19,0.0,390.19,0,1
A01317,2025-04-30,1473.83,1473.83,0.0,1,0
A01318,2025-04-30,658.02,0.0,658.02,0,1
A01319,2025-04-30,1413.7,0.0,1413.7,0,1
A01320,2025-04-30,1242.56,1242.56,0.0,1,0
A01321,2025-04-30,1984.51,0.0,1984.51,0,1
A01322,2025-04-30,2645.88,2645.88,0.0,1,0
A01323,2025-04-30,846.54,0.0,846.54,0,1
A01324,2025-04-30,1437.29,1437.29,0.0,1,0
A01325,2025-04-30,2023.19,2023.19,0.0,1,0
A01326,2025-04-30,751.04,751.04,0.0,1,0
A01327,2025-04-30,1934.06,0.0,1934.06,0,1
A01328,2025-04-30,1464.81,0.0,1464.81,0,1
A01329,2025-04-30,1476.82,0.0,1476.82,0,1
A01330,2025-04-30,375.96,0.0,375.96,0,1
A01331,2025-04-30,1170.92,1170.92,0.0,1,0
A01332,2025-04-30,193.8,193.8,0.0,1,0
A01333,2025-04-30,1361.45,1361.45,0.0,1,0
A01334,2025-04-30,2356.2,0.0,2356.2,0,1
A01335,2025-04-30,395.01,395.01,0.0,1,0
A01336,2025-04-30,641.27,0.0,641.27,0,1
A01337,2025-04-30,909.35,909.35,0.0,1,0
A01338,2025-04-30,757.58,757.58,0.0,1,0
A01339,2025-04-30,994.57,0.0,994.57,0,1
A01340,2025-04-30,899.8,0.0,899.8,0,1
A01341,2025-04-30,1433.07,0.0,1433.07,0,1
A01342,2025-04-30,773.2,773.2,0.0,1,0
A01343,2025-04-30,352.3,352.3,0.0,1,0
A01344,2025-04-30,513.65,513.65,0.0,1,0
A01345,2025-04-30,748.05,748.05,0.0,1,0
A01346,2025-04-30,1264.93,0.0,1264.93,0,1
A01347,2025-04-30,505.48,505.48,0.0,1,0
A01348,2025-04-30,598.04,0.0,598.04,0,1
A01349,2025-04-30,393.66,393.66,0.0,1,0
A01350,2025-04-30,1526.8,0.0,1526.8,0,1
A01351,2025-04-30,1156.98,0.0,1156.98,0,1
A01352,2025-04-30,99.81,0.0,99.81,0,1
A01353,2025-04-30,501.01,0.0,501.01,0,1
A01354,2025-04-30,419.54,419.54,0.0,1,0
A01355,2025-04-30,2023.1,2023.1,0.0,1,0
A01356,2025-04-30,661.24,0.0,661.24,0,1
A01357,2025-04-30,479.27,0.0,479.27,0,1
A01358,2025-04-30,1040.66,0.0,1040.66,0,1
A01359,2025-04-30,2249.59,2249.59,0.0,1,0
A01360,2025-04-30,2229.8,0.0,2229.8,0,1
A01361,2025-04-30,849.62,849.62,0.0,1,0
A01362,2025-04-30,1698.27,0.0,1698.27,0,1
A01363,2025-04-30,712.37,712.37,0.0,1,0
A01364,2025-04-30,358.48,0.0,358.48,0,1
A01365,2025-04-30,1325.1,1325.1,0.0,1,0
A01366,2025-04-30,470.19,0.0,470.19,0,1
A01367,2025-04-30,1023.88,0.0,1023.88,0,1
A01368,2025-04-30,1077.54,1077.54,0.0,1,0
A01369,2025-04-30,721.3,721.3,0.0,1,0
A01370,2025-04-30,676.36,676.36,0.0,1,0
A01371,2025-04-30,793.64,0.0,793.64,0,1
A01372,2025-04-30,816.09,816.09,0.0,1,0
A01373,2025-04-30,1031.5,0.0,1031.5,0,1
A01374,2025-04-30,3032.86,3032.86,0.0,1,0
A01375,2025-04-30,1039.93,0.0,1039.93,0,1
A01376,2025-04-30,950.62,950.62,0.0,1,0
A01377,2025-04-30,1072.87,0.0,1072.87,0,1
A01378,2025-04-30,620.89,620.89,0.0,1,0
A01379,2025-04-30,662.27,662.27,0.0,1,0
A01380,2025-04-30,329.61,0.0,329.61,0,1
A01381,2025-04-30,776.93,0.0,776.93,0,1
A01382,2025-04-30,1919.13,1919.13,0.0,1,0
A01383,2025-04-30,181.12,0.0,181.12,0,1
A01384,2025-04-30,2052.45,2052.45,0.0,1,0
A01385,2025-04-30,448.67,0.0,448.67,0,1
A01386,2025-04-30,1307.07,0.0,1307.07,0,1
A01387,2025-04-30,1287.88,0.0,1287.88,0,1
A01388,2025-04-30,796.85,796.85,0.0,1,0
A01389,2025-04-30,680.36,0.0,680.36,0,1
A01390,2025-04-30,535.14,535.14,0.0,1,0
A01391,2025-04-30,1364.63,1364.63,0.0,1,0
A01392,2025-04-30,1140.65,0.0,1140.65,0,1
A01393,2025-04-30,552.52,552.52,0.0,1,0
A01394,2025-04-30,1445.21,0.0,1445.21,0,1
A01395,2025-04-30,3024.1,0.0,3024.1,0,1
A01396,2025-04-30,510.79,510.79,0.0,1,0
A01397,2025-04-30,2225.14,2225.14,0.0,1,0
A01398,2025-04-30,2431.77,0.0,2431.77,0,1
A01399,2025-04-30,301.74,301.74,0.0,1,0
A01400,2025-04-30,1414.9,1414.9,0.0,1,0
A01401,2025-04-30,512.91,0.0,512.91,0,1
A01402,2025-04-30,2036.79,2036.79,0.0,1,0
A01403,2025-04-30,5456.28,0.0,5456.28,0,1
A01404,2025-04-30,399.89,0.0,399.89,0,1
A01405,2025-04-30,1769.17,0.0,1769.17,0,1
A01406,2025-04-30,1470.09,1470.09,0.0,1,0
A01407,2025-04-30,351.52,0.0,351.52,0,1
A01408,2025-04-30,562.56,0.0,562.56,0,1
A01409,2025-04-30,230.08,0.0,230.08,0,1
A01410,2025-04-30,22.43,0.0,22.43,0,1
A01411,2025-04-30,490.61,0.0,490.61,0,1
A01412,2025-04-30,612.92,0.0,612.92,0,1
A01413,2025-04-30,1010.11,0.0,1010.11,0,1
A01414,2025-04-30,233.84,0.0,233.84,0,1
A01415,2025-04-30,2190.48,2190.48,0.0,1,0
A01416,2025-04-30,580.07,0.0,580.07,0,1
A01417,2025-04-30,1092.39,1092.39,0.0,1,0
A01418,2025-04-30,585.68,585.68,0.0,1,0
A01419,2025-04-30,415.72,0.0,415.72,0,1
A01420,2025-04-30,827.1,827.1,0.0,1,0
A01421,2025-04-30,1638.91,0.0,1638.91,0,1
A01422,2025-04-30,1499.22,0.0,1499.22,0,1
A01423,2025-04-30,800.33,0.0,800.33,0,1
A01424,2025-04-30,1458.75,0.0,1458.75,0,1
A01425,2025-04-30,940.36,0.0,940.36,0,1
A01426,2025-04-30,1857.6,0.0,1857.6,0,1
A01427,2025-04-30,861.78,0.0,861.78,0,1
A01428,2025-04-30,648.76,648.76,0.0,1,0
A01429,2025-04-30,788.04,0.0,788.04,0,1
A01430,2025-04-30,83.83,0.0,83.83,0,1
A01431,2025-04-30,915.54,915.54,0.0,1,0
A01432,2025-04-30,1730.52,1730.52,0.0,1,0
A01433,2025-04-30,1786.85,0.0,1786.85,0,1
A01434,2025-04-30,3295.96,0.0,3295.96,0,1
A01435,2025-04-30,831.69,0.0,831.69,0,1
A01436,2025-04-30,664.12,0.0,664.12,0,1
A01437,2025-04-30,1317.31,0.0,1317.31,0,1
A01438,2025-04-30,1088.69,0.0,1088.69,0,1
A01439,2025-04-30,832.46,0.0,832.46,0,1
A01440,2025-04-30,458.43,458.43,0.0,1,0
A01441,2025-04-30,1373.81,0.0,1373.81,0,1
A01442,2025-04-30,1551.28,0.0,1551.28,0,1
A01443,2025-04-30,1539.64,0.0,1539.64,0,1
A01444,2025-04-30,336.75,0.0,336.75,0,1
A01445,2025-04-30,877.68,0.0,877.68,0,1
A01446,2025-04-30,1123.42,0.0,1123.42,0,1
A01447,2025-04-30,1656.59,0.0,1656.59,0,1
A01448,2025-04-30,1449.62,0.0,1449.62,0,1
A01449,2025-04-30,861.78,861.78,0.0,1,0
A01450,2025-04-30,1669.76,1669.76,0.0,1,0
A01451,2025-04-30,1106.56,0.0,1106.56,0,1
A01452,2025-04-30,308.61,0.0,308.61,0,1
A01453,2025-04-30,1882.76,0.0,1882.76,0,1
A01454,2025-04-30,640.85,640.85,0.0,1,0
A01455,2025-04-30,1026.4,1026.4,0.0,1,0
A01456,2025-04-30,231.75,0.0,231.75,0,1
A01457,2025-04-30,1102.4,0.0,1102.4,0,1
A01458,2025-04-30,743.14,743.14,0.0,1,0
A01459,2025-04-30,825.7,0.0,825.7,0,1
A01460,2025-04-30,2108.59,2108.59,0.0,1,0
A01461,2025-04-30,1506.56,0.0,1506.56,0,1
A01462,2025-04-30,259.58,0.0,259.58,0,1
A01463,2025-04-30,1047.21,0.0,1047.21,0,1
A01464,2025-04-30,666.09,666.09,0.0,1,0
A01465,2025-04-30,1154.0,1154.0,0.0,1,0
A01466,2025-04-30,420.75,0.0,420.75,0,1
A01467,2025-04-30,609.15,0.0,609.15,0,1
A01468,2025-04-30,603.84,0.0,603.84,0,1
A01469,2025-04-30,4189.86,0.0,4189.86,0,1
A01470,2025-04-30,2014.11,0.0,2014.11,0,1
A01471,2025-04-30,480.83,0.0,480.83,0,1
A01472,2025-04-30,1150.37,1150.37,0.0,1,0
A01473,2025-04-30,2674.78,0.0,2674.78,0,1
A01474,2025-04-30,1225.97,0.0,1225.97,0,1
A01475,2025-04-30,931.65,0.0,931.65,0,1
A01476,2025-04-30,884.6,884.6,0.0,1,0
A01477,2025-04-30,1360.17,1360.17,0.0,1,0
A01478,2025-04-30,1427.95,0.0,1427.95,0,1
A01479,2025-04-30,456.07,0.0,456.07,0,1
A01480,2025-04-30,1281.83,1281.83,0.0,1,0
A01481,2025-04-30,1487.39,1487.39,0.0,1,0
A01482,2025-04-30,1115.85,1115.85,0.0,1,0
A01483,2025-04-30,826.51,0.0,826.51,0,1
A01484,2025-04-30,2611.39,0.0,2611.39,0,1
A01485,2025-04-30,1175.23,1175.23,0.0,1,0
A01486,2025-04-30,1668.37,0.0,1668.37,0,1
A01487,2025-04-30,1857.99,0.0,1857.99,0,1
A01488,2025-04-30,843.8,843.8,0.0,1,0
A01489,2025-04-30,905.99,0.0,905.99,0,1
A01490,2025-04-30,538.71,0.0,538.71,0,1
A01491,2025-04-30,2767.9,0.0,2767.9,0,1
A01492,2025-04-30,1601.04,0.0,1601.04,0,1
A01493,2025-04-30,1232.12,0.0,1232.12,0,1
A01494,2025-04-30,1873.12,1873.12,0.0,1,0
A01495,2025-04-30,1675.87,1675.87,0.0,1,0
A01496,2025-04-30,1395.88,0.0,1395.88,0,1
A01497,2025-04-30,573.11,0.0,573.11,0,1
A01498,2025-04-30,616.32,0.0,616.32,0,1
A01499,2025-04-30,1800.98,1800.98,0.0,1,0
A01500,2025-04-30,1907.53,1907.53,0.0,1,0
A01501,2025-04-30,411.07,0.0,411.07,0,1
A01502,2025-04-30,1648.94,0.0,1648.94,0,1
A01503,2025-04-30,3037.22,3037.22,0.0,1,0
A01504,2025-04-30,1378.22,0.0,1378.22,0,1
A01505,2025-04-30,325.93,0.0,325.93,0,1
A01506,2025-04-30,1603.08,1603.08,0.0,1,0
A01507,2025-04-30,2710.7,2710.7,0.0,1,0
A01508,2025-04-30,557.26,0.0,557.26,0,1
A01509,2025-04-30,168.46,168.46,0.0,1,0
A01510,2025-04-30,151.32,0.0,151.32,0,1
A01511,2025-04-30,2633.34,0.0,2633.34,0,1
A01512,2025-04-30,2695.45,2695.45,0.0,1,0
A01513,2025-04-30,738.21,738.21,0.0,1,0
A01514,2025-04-30,2565.49,0.0,2565.49,0,1
A01515,2025-04-30,1227.42,1227.42,0.0,1,0
A01516,2025-04-30,3297.93,0.0,3297.93,0,1
A01517,2025-04-30,2034.33,2034.33,0.0,1,0
A01518,2025-04-30,1635.45,0.0,1635.45,0,1
A01519,2025-04-30,2075.39,2075.39,0.0,1,0
A01520,2025-04-30,3129.62,0.0,3129.62,0,1
A01521,2025-04-30,2406.56,0.0,2406.56,0,1
A01522,2025-04-30,1914.91,0.0,1914.91,0,1
A01523,2025-04-30,306.32,0.0,306.32,0,1
A01524,2025-04-30,1535.91,0.0,1535.91,0,1
A01525,2025-04-30,558.82,0.0,558.82,0,1
A01526,2025-04-30,569.19,569.19,0.0,1,0
A01527,2025-04-30,1558.07,0.0,1558.07,0,1
A01528,2025-04-30,1042.76,0.0,1042.76,0,1
A01529,2025-04-30,1290.25,0.0,1290.25,0,1
A01530,2025-04-30,1929.05,0.0,1929.05,0,1
A01531,2025-04-30,2448.05,2448.05,0.0,1,0
A01532,2025-04-30,1730.84,0.0,1730.84,0,1
A01533,2025-04-30,1713.54,0.0,1713.54,0,1
A01534,2025-04-30,648.99,0.0,648.99,0,1
A01535,2025-04-30,1428.93,1428.93,0.0,1,0
A01536,2025-04-30,1067.84,1067.84,0.0,1,0
A01537,2025-04-30,622.13,0.0,622.13,0,1
A01538,2025-04-30,1937.17,0.0,1937.17,0,1
A01539,2025-04-30,267.08,0.0,267.08,0,1
A01540,2025-04-30,2461.05,2461.05,0.0,1,0
A01541,2025-04-30,577.8,0.0,577.8,0,1
A01542,2025-04-30,1216.18,0.0,1216.18,0,1
A01543,2025-04-30,2533.38,2533.38,0.0,1,0
A01544,2025-04-30,414.19,0.0,414.19,0,1
A01545,2025-04-30,1237.82,1237.82,0.0,1,0
A01546,2025-04-30,916.67,916.67,0.0,1,0
A01547,2025-04-30,945.1,0.0,945.1,0,1
A01548,2025-04-30,530.14,0.0,530.14,0,1
A01549,2025-04-30,1428.52,0.0,1428.52,0,1
A01550,2025-04-30,334.91,0.0,334.91,0,1
A01551,2025-04-30,1222.49,1222.49,0.0,1,0
A01552,2025-04-30,1296.25,1296.25,0.0,1,0
A01553,2025-04-30,654.94,654.94,0.0,1,0
A01554,2025-04-30,1774.19,1774.19,0.0,1,0
A01555,2025-04-30,1212.43,0.0,1212.43,0,1
A01556,2025-04-30,428.86,0.0,428.86,0,1
A01557,2025-04-30,1479.24,1479.24,0.0,1,0
A01558,2025-04-30,1068.78,0.0,1068.78,0,1
A01559,2025-04-30,756.1,0.0,756.1,0,1
A01560,2025-04-30,2347.68,0.0,2347.68,0,1
A01561,2025-04-30,125.97,125.97,0.0,1,0
A01562,2025-04-30,3208.46,3208.46,0.0,1,0
A01563,2025-04-30,633.18,633.18,0.0,1,0
A01564,2025-04-30,2634.32,0.0,2634.32,0,1
A01565,2025-04-30,1144.1,0.0,1144.1,0,1
A01566,2025-04-30,816.79,0.0,816.79,0,1
A01567,2025-04-30,1056.39,0.0,1056.39,0,1
A01568,2025-04-30,740.59,0.0,740.59,0,1
A01569,2025-04-30,1575.91,1575.91,0.0,1,0
A01570,2025-04-30,596.84,596.84,0.0,1,0
A01571,2025-04-30,580.79,0.0,580.79,0,1
A01572,2025-04-30,987.93,987.93,0.0,1,0
A01573,2025-04-30,1259.92,0.0,1259.92,0,1
A01574,2025-04-30,1872.95,0.0,1872.95,0,1
A01575,2025-04-30,803.9,0.0,803.9,0,1
A01576,2025-04-30,518.11,518.11,0.0,1,0
A01577,2025-04-30,1606.34,0.0,1606.34,0,1
A01578,2025-04-30,2696.07,2696.07,0.0,1,0
A01579,2025-04-30,557.16,0.0,557.16,0,1
A01580,2025-04-30,251.91,0.0,251.91,0,1
A01581,2025-04-30,957.21,957.21,0.0,1,0
A01582,2025-04-30,2670.83,2670.83,0.0,1,0
A01583,2025-04-30,122.12,122.12,0.0,1,0
A01584,2025-04-30,1095.26,1095.26,0.0,1,0
A01585,2025-04-30,827.47,827.47,0.0,1,0
A01586,2025-04-30,823.86,823.86,0.0,1,0
A01587,2025-04-30,1371.89,0.0,1371.89,0,1
A01588,2025-04-30,2951.67,0.0,2951.67,0,1
A01589,2025-04-30,174.04,174.04,0.0,1,0
A01590,2025-04-30,720.26,720.26,0.0,1,0
A01591,2025-04-30,510.46,0.0,510.46,0,1
A01592,2025-04-30,1318.51,0.0,1318.51,0,1
A01593,2025-04-30,1550.21,1550.21,0.0,1,0
A01594,2025-04-30,530.35,0.0,530.35,0,1
A01595,2025-04-30,936.39,936.39,0.0,1,0
A01596,2025-04-30,1262.15,0.0,1262.15,0,1
A01597,2025-04-30,1513.47,0.0,1513.47,0,1
A01598,2025-04-30,847.07,0.0,847.07,0,1
A01599,2025-04-30,269.87,0.0,269.87,0,1
A01600,2025-04-30,831.52,0.0,831.52,0,1
A01601,2025-04-30,1613.6,1613.6,0.0,1,0
A01602,2025-04-30,202.35,0.0,202.35,0,1
A01603,2025-04-30,839.73,0.0,839.73,0,1
A01604,2025-04-30,1180.35,1180.35,0.0,1,0
A01605,2025-04-30,3694.01,0.0,3694.01,0,1
A01606,2025-04-30,661.37,661.37,0.0,1,0
A01607,2025-04-30,1287.48,0.0,1287.48,0,1
A01608,2025-04-30,1524.37,0.0,1524.37,0,1
A01609,2025-04-30,1130.42,0.0,1130.42,0,1
A01610,2025-04-30,1975.68,1975.68,0.0,1,0
A01611,2025-04-30,1199.31,0.0,1199.31,0,1
A01612,2025-04-30,872.1,872.1,0.0,1,0
A01613,2025-04-30,1496.98,1496.98,0.0,1,0
A01614,2025-04-30,352.54,0.0,352.54,0,1
A01615,2025-04-30,2370.01,0.0,2370.01,0,1
A01616,2025-04-30,483.65,483.65,0.0,1,0
A01617,2025-04-30,634.62,0.0,634.62,0,1
A01618,2025-04-30,769.75,0.0,769.75,0,1
A01619,2025-04-30,921.73,0.0,921.73,0,1
A01620,2025-04-30,951.54,951.54,0.0,1,0
A01621,2025-04-30,1087.28,0.0,1087.28,0,1
A01622,2025-04-30,1968.94,0.0,1968.94,0,1
A01623,2025-04-30,938.33,938.33,0.0,1,0
A01624,2025-04-30,1150.31,0.0,1150.31,0,1
A01625,2025-04-30,3175.63,0.0,3175.63,0,1
A01626,2025-04-30,1543.28,0.0,1543.28,0,1
A01627,2025-04-30,1796.45,0.0,1796.45,0,1
A01628,2025-04-30,2233.05,2233.05,0.0,1,0
A01629,2025-04-30,1597.49,0.0,1597.49,0,1
A01630,2025-04-30,390.23,390.23,0.0,1,0
A01631,2025-04-30,710.22,0.0,710.22,0,1
A01632,2025-04-30,497.2,497.2,0.0,1,0
A01633,2025-04-30,766.27,766.27,0.0,1,0
A01634,2025-04-30,75.86,0.0,75.86,0,1
A01635,2025-04-30,1229.67,0.0,1229.67,0,1
A01636,2025-04-30,417.83,417.83,0.0,1,0
A01637,2025-04-30,758.83,0.0,758.83,0,1
A01638,2025-04-30,1453.35,0.0,1453.35,0,1
A01639,2025-04-30,347.99,347.99,0.0,1,0
A01640,2025-04-30,832.67,832.67,0.0,1,0
A01641,2025-04-30,227.12,0.0,227.12,0,1
A01642,2025-04-30,692.24,692.24,0.0,1,0
A01643,2025-04-30,801.23,0.0,801.23,0,1
A01644,2025-04-30,659.88,0.0,659.88,0,1
A01645,2025-04-30,375.41,0.0,375.41,0,1
A01646,2025-04-30,640.84,0.0,640.84,0,1
A01647,2025-04-30,756.62,0.0,756.62,0,1
A01648,2025-04-30,1070.46,0.0,1070.46,0,1
A01649,2025-04-30,905.67,0.0,905.67,0,1
A01650,2025-04-30,1558.2,0.0,1558.2,0,1
A01651,2025-04-30,451.35,451.35,0.0,1,0
A01652,2025-04-30,1899.07,1899.07,0.0,1,0
A01653,2025-04-30,1038.6,0.0,1038.6,0,1
A01654,2025-04-30,2310.53,2310.53,0.0,1,0
A01655,2025-04-30,1353.5,0.0,1353.5,0,1
A01656,2025-04-30,3412.21,0.0,3412.21,0,1
A01657,2025-04-30,1145.15,0.0,1145.15,0,1
A01658,2025-04-30,4054.91,0.0,4054.91,0,1
A01659,2025-04-30,1721.03,0.0,1721.03,0,1
A01660,2025-04-30,1817.67,0.0,1817.67,0,1
A01661,2025-04-30,1838.27,1838.27,0.0,1,0
A01662,2025-04-30,611.56,0.0,611.56,0,1
A01663,2025-04-30,1089.14,0.0,1089.14,0,1
A01664,2025-04-30,1703.25,0.0,1703.25,0,1
A01665,2025-04-30,877.73,0.0,877.73,0,1
A01666,2025-04-30,1790.24,0.0,1790.24,0,1
A01667,2025-04-30,801.84,0.0,801.84,0,1
A01668,2025-04-30,585.45,0.0,585.45,0,1
A01669,2025-04-30,2278.19,0.0,2278.19,0,1
A01670,2025-04-30,817.86,0.0,817.86,0,1
A01671,2025-04-30,1478.4,0.0,1478.4,0,1
A01672,2025-04-30,2053.68,2053.68,0.0,1,0
A01673,2025-04-30,683.3,0.0,683.3,0,1
A01674,2025-04-30,2615.36,0.0,2615.36,0,1
A01675,2025-04-30,2082.29,0.0,2082.29,0,1
A01676,2025-04-30,94.94,0.0,94.94,0,1
A01677,2025-04-30,1696.01,0.0,1696.01,0,1
A01678,2025-04-30,1129.25,1129.25,0.0,1,0
A01679,2025-04-30,1266.36,1266.36,0.0,1,0
A01680,2025-04-30,1742.9,0.0,1742.9,0,1
A01681,2025-04-30,650.24,0.0,650.24,0,1
A01682,2025-04-30,284.27,0.0,284.27,0,1
A01683,2025-04-30,234.64,234.64,0.0,1,0
A01684,2025-04-30,492.48,0.0,492.48,0,1
A01685,2025-04-30,1696.4,1696.4,0.0,1,0
A01686,2025-04-30,665.15,665.15,0.0,1,0
A01687,2025-04-30,441.23,0.0,441.23,0,1
A01688,2025-04-30,2081.71,0.0,2081.71,0,1
A01689,2025-04-30,2303.16,2303.16,0.0,1,0
A01690,2025-04-30,2791.78,0.0,2791.78,0,1
A01691,2025-04-30,1606.48,0.0,1606.48,0,1
A01692,2025-04-30,2157.5,0.0,2157.5,0,1
A01693,2025-04-30,2310.56,0.0,2310.56,0,1
A01694,2025-04-30,2172.34,0.0,2172.34,0,1
A01695,2025-04-30,539.4,539.4,0.0,1,0
A01696,2025-04-30,142.67,0.0,142.67,0,1
A01697,2025-04-30,428.13,428.13,0.0,1,0
A01698,2025-04-30,1583.16,1583.16,0.0,1,0
A01699,2025-04-30,461.82,461.82,0.0,1,0
A01700,2025-04-30,417.62,0.0,417.62,0,1
A00001,2025-05-31,1981.95,1981.95,0.0,1,0
A00002,2025-05-31,1570.1,0.0,1570.1,0,1
A00003,2025-05-31,2228.7,0.0,2228.7,0,1
A00004,2025-05-31,1711.33,0.0,1711.33,0,1
A00005,2025-05-31,952.1,0.0,952.1,0,1
A00006,2025-05-31,4897.79,4897.79,0.0,1,0
A00007,2025-05-31,2369.46,0.0,2369.46,0,1
A00008,2025-05-31,1985.05,1985.05,0.0,1,0
A00009,2025-05-31,1349.91,1349.91,0.0,1,0
A00010,2025-05-31,497.87,0.0,497.87,0,1
A00011,2025-05-31,756.04,756.04,0.0,1,0
A00012,2025-05-31,86.78,0.0,86.78,0,1
A00013,2025-05-31,1247.52,1247.52,0.0,1,0
A00014,2025-05-31,2714.09,0.0,2714.09,0,1
A00015,2025-05-31,3657.96,0.0,3657.96,0,1
A00016,2025-05-31,1549.58,0.0,1549.58,0,1
A00017,2025-05-31,2634.95,2634.95,0.0,1,0
A00018,2025-05-31,830.63,0.0,830.63,0,1
A00019,2025-05-31,3349.47,0.0,3349.47,0,1
A00020,2025-05-31,2091.37,2091.37,0.0,1,0
A00021,2025-05-31,8865.06,0.0,8865.06,0,1
A00022,2025-05-31,3723.43,0.0,3723.43,0,1
A00023,2025-05-31,1618.37,0.0,1618.37,0,1
A00024,2025-05-31,1275.77,0.0,1275.77,0,1
A00025,2025-05-31,630.95,630.95,0.0,1,0
A00026,2025-05-31,2188.99,0.0,2188.99,0,1
A00027,2025-05-31,3435.38,3435.38,0.0,1,0
A00028,2025-05-31,2205.81,2205.81,0.0,1,0
A00029,2025-05-31,4933.09,0.0,4933.09,0,1
A00030,2025-05-31,1248.92,1248.92,0.0,1,0
A00031,2025-05-31,5260.83,0.0,5260.83,0,1
A00032,2025-05-31,3204.61,0.0,3204.61,0,1
A00033,2025-05-31,1589.78,1589.78,0.0,1,0
A00034,2025-05-31,2430.04,0.0,2430.04,0,1
A00035,2025-05-31,6279.53,0.0,6279.53,0,1
A00036,2025-05-31,4907.62,0.0,4907.62,0,1
A00037,2025-05-31,3230.38,0.0,3230.38,0,1
A00038,2025-05-31,922.43,0.0,922.43,0,1
A00039,2025-05-31,1874.89,0.0,1874.89,0,1
A00040,2025-05-31,151.11,0.0,151.11,0,1
A00041,2025-05-31,5053.08,0.0,5053.08,0,1
A00042,2025-05-31,968.46,968.46,0.0,1,0
A00043,2025-05-31,549.85,549.85,0.0,1,0
A00044,2025-05-31,2565.22,2565.22,0.0,1,0
A00045,2025-05-31,3385.33,0.0,3385.33,0,1
A00046,2025-05-31,3310.09,3310.09,0.0,1,0
A00047,2025-05-31,1445.08,1445.08,0.0,1,0
A00048,2025-05-31,1655.25,1655.25,0.0,1,0
A00049,2025-05-31,3159.5,3159.5,0.0,1,0
A00050,2025-05-31,1340.66,1340.66,0.0,1,0
A00051,2025-05-31,799.81,0.0,799.81,0,1
A00052,2025-05-31,1483.23,1483.23,0.0,1,0
A00053,2025-05-31,2400.64,0.0,2400.64,0,1
A00054,2025-05-31,2816.19,0.0,2816.19,0,1
A00055,2025-05-31,3164.03,0.0,3164.03,0,1
A00056,2025-05-31,3157.13,3157.13,0.0,1,0
A00057,2025-05-31,485.33,0.0,485.33,0,1
A00058,2025-05-31,1466.38,1466.38,0.0,1,0
A00059,2025-05-31,8970.87,0.0,8970.87,0,1
A00060,2025-05-31,4898.68,0.0,4898.68,0,1
A00061,2025-05-31,1403.69,0.0,1403.69,0,1
A00062,2025-05-31,3576.5,0.0,3576.5,0,1
A00063,2025-05-31,3305.34,3305.34,0.0,1,0
A00064,2025-05-31,594.4,0.0,594.4,0,1
A00065,2025-05-31,1423.33,1423.33,0.0,1,0
A00066,2025-05-31,399.66,0.0,399.66,0,1
A00067,2025-05-31,2795.89,2795.89,0.0,1,0
A00068,2025-05-31,2195.93,0.0,2195.93,0,1
A00069,2025-05-31,392.21,0.0,392.21,0,1
A00070,2025-05-31,1481.49,0.0,1481.49,0,1
A00071,2025-05-31,3446.94,3446.94,0.0,1,0
A00072,2025-05-31,1530.13,1530.13,0.0,1,0
A00073,2025-05-31,947.79,0.0,947.79,0,1
A00074,2025-05-31,1711.51,0.0,1711.51,0,1
A00075,2025-05-31,2589.42,2589.42,0.0,1,0
A00076,2025-05-31,4721.2,4721.2,0.0,1,0
A00077,2025-05-31,2216.72,2216.72,0.0,1,0
A00078,2025-05-31,1783.45,0.0,1783.45,0,1
A00079,2025-05-31,2521.37,0.0,2521.37,0,1
A00080,2025-05-31,1372.98,1372.98,0.0,1,0
A00081,2025-05-31,3156.28,3156.28,0.0,1,0
A00082,2025-05-31,1075.82,1075.82,0.0,1,0
A00083,2025-05-31,3506.9,0.0,3506.9,0,1
A00084,2025-05-31,856.24,856.24,0.0,1,0
A00085,2025-05-31,3549.3,3549.3,0.0,1,0
A00086,2025-05-31,1069.57,0.0,1069.57,0,1
A00087,2025-05-31,1446.59,1446.59,0.0,1,0
A00088,2025-05-31,1057.44,0.0,1057.44,0,1
A00089,2025-05-31,1702.23,0.0,1702.23,0,1
A00090,2025-05-31,3228.69,0.0,3228.69,0,1
A00091,2025-05-31,3408.09,0.0,3408.09,0,1
A00092,2025-05-31,4482.27,4482.27,0.0,1,0
A00093,2025-05-31,1577.9,1577.9,0.0,1,0
A00094,2025-05-31,1996.62,0.0,1996.62,0,1
A00095,2025-05-31,1291.34,1291.34,0.0,1,0
A00096,2025-05-31,4443.58,4443.58,0.0,1,0
A00097,2025-05-31,2422.75,0.0,2422.75,0,1
A00098,2025-05-31,1062.61,0.0,1062.61,0,1
A00099,2025-05-31,3942.9,3942.9,0.0,1,0
A00100,2025-05-31,1100.09,0.0,1100.09,0,1
A00101,2025-05-31,1548.08,0.0,1548.08,0,1
A00102,2025-05-31,4867.16,0.0,4867.16,0,1
A00103,2025-05-31,5172.63,5172.63,0.0,1,0
A00104,2025-05-31,4082.84,0.0,4082.84,0,1
A00105,2025-05-31,3535.83,3535.83,0.0,1,0
A00106,2025-05-31,4506.25,0.0,4506.25,0,1
A00107,2025-05-31,1503.77,1503.77,0.0,1,0
A00108,2025-05-31,3193.42,3193.42,0.0,1,0
A00109,2025-05-31,1265.97,0.0,1265.97,0,1
A00110,2025-05-31,2056.57,2056.57,0.0,1,0
A00111,2025-05-31,222.6,0.0,222.6,0,1
A00112,2025-05-31,844.56,844.56,0.0,1,0
A00113,2025-05-31,2453.14,0.0,2453.14,0,1
A00114,2025-05-31,2317.7,2317.7,0.0,1,0
A00115,2025-05-31,1414.2,1414.2,0.0,1,0
A00116,2025-05-31,4343.37,0.0,4343.37,0,1
A00117,2025-05-31,2266.99,0.0,2266.99,0,1
A00118,2025-05-31,2268.4,2268.4,0.0,1,0
A00119,2025-05-31,1755.9,0.0,1755.9,0,1
A00120,2025-05-31,3906.16,3906.16,0.0,1,0
A00121,2025-05-31,8104.21,8104.21,0.0,1,0
A00122,2025-05-31,1884.8,0.0,1884.8,0,1
A00123,2025-05-31,218.94,0.0,218.94,0,1
A00124,2025-05-31,1905.04,1905.04,0.0,1,0
A00125,2025-05-31,1630.77,0.0,1630.77,0,1
A00126,2025-05-31,1045.56,0.0,1045.56,0,1
A00127,2025-05-31,2039.53,0.0,2039.53,0,1
A00128,2025-05-31,2655.92,0.0,2655.92,0,1
A00129,2025-05-31,195.93,195.93,0.0,1,0
A00130,2025-05-31,1508.26,0.0,1508.26,0,1
A00131,2025-05-31,737.8,737.8,0.0,1,0
A00132,2025-05-31,2379.6,2379.6,0.0,1,0
A00133,2025-05-31,2151.99,0.0,2151.99,0,1
A00134,2025-05-31,2118.82,0.0,2118.82,0,1
A00135,2025-05-31,2752.25,0.0,2752.25,0,1
A00136,2025-05-31,7113.22,0.0,7113.22,0,1
A00137,2025-05-31,310.14,310.14,0.0,1,0
A00138,2025-05-31,2997.02,0.0,2997.02,0,1
A00139,2025-05-31,1727.13,0.0,1727.13,0,1
A00140,2025-05-31,3883.66,0.0,3883.66,0,1
A00141,2025-05-31,1843.3,1843.3,0.0,1,0
A00142,2025-05-31,12879.97,0.0,12879.97,0,1
A00143,2025-05-31,1422.91,1422.91,0.0,1,0
A00144,2025-05-31,191.43,0.0,191.43,0,1
A00145,2025-05-31,5428.03,0.0,5428.03,0,1
A00146,2025-05-31,4535.59,4535.59,0.0,1,0
A00147,2025-05-31,2004.28,2004.28,0.0,1,0
A00148,2025-05-31,4756.5,4756.5,0.0,1,0
A00149,2025-05-31,5449.54,0.0,5449.54,0,1
A00150,2025-05-31,2289.2,2289.2,0.0,1,0
A00151,2025-05-31,1015.08,0.0,1015.08,0,1
A00152,2025-05-31,1745.01,0.0,1745.01,0,1
A00153,2025-05-31,769.2,0.0,769.2,0,1
A00154,2025-05-31,642.18,642.18,0.0,1,0
A00155,2025-05-31,1321.12,1321.12,0.0,1,0
A00156,2025-05-31,1023.93,1023.93,0.0,1,0
A00157,2025-05-31,4273.65,0.0,4273.65,0,1
A00158,2025-05-31,598.98,598.98,0.0,1,0
A00159,2025-05-31,4581.6,4581.6,0.0,1,0
A00160,2025-05-31,2611.25,2611.25,0.0,1,0
A00161,2025-05-31,113.65,0.0,113.65,0,1
A00162,2025-05-31,733.73,0.0,733.73,0,1
A00163,2025-05-31,1064.85,1064.85,0.0,1,0
A00164,2025-05-31,4161.18,4161.18,0.0,1,0
A00165,2025-05-31,1503.02,0.0,1503.02,0,1
A00166,2025-05-31,347.23,0.0,347.23,0,1
A00167,2025-05-31,3156.49,0.0,3156.49,0,1
A00168,2025-05-31,2997.35,2997.35,0.0,1,0
A00169,2025-05-31,1377.04,1377.04,0.0,1,0
A00170,2025-05-31,2389.85,0.0,2389.85,0,1
A00171,2025-05-31,674.21,674.21,0.0,1,0
A00172,2025-05-31,3434.21,0.0,3434.21,0,1
A00173,2025-05-31,1092.96,0.0,1092.96,0,1
A00174,2025-05-31,6117.56,0.0,6117.56,0,1
A00175,2025-05-31,2158.63,2158.63,0.0,1,0
A00176,2025-05-31,1599.17,0.0,1599.17,0,1
A00177,2025-05-31,2983.16,2983.16,0.0,1,0
A00178,2025-05-31,1882.31,0.0,1882.31,0,1
A00179,2025-05-31,528.16,0.0,528.16,0,1
A00180,2025-05-31,4251.99,0.0,4251.99,0,1
A00181,2025-05-31,2173.92,2173.92,0.0,1,0
A00182,2025-05-31,1968.45,1968.45,0.0,1,0
A00183,2025-05-31,641.5,0.0,641.5,0,1
A00184,2025-05-31,3184.45,3184.45,0.0,1,0
A00185,2025-05-31,3141.53,0.0,3141.53,0,1
A00186,2025-05-31,4977.17,4977.17,0.0,1,0
A00187,2025-05-31,2673.29,0.0,2673.29,0,1
A00188,2025-05-31,2684.23,2684.23,0.0,1,0
A00189,2025-05-31,4367.09,0.0,4367.09,0,1
A00190,2025-05-31,1431.86,0.0,1431.86,0,1
A00191,2025-05-31,7096.99,0.0,7096.99,0,1
A00192,2025-05-31,594.09,594.09,0.0,1,0
A00193,2025-05-31,5174.63,0.0,5174.63,0,1
A00194,2025-05-31,747.77,0.0,747.77,0,1
A00195,2025-05-31,1258.87,0.0,1258.87,0,1
A00196,2025-05-31,2610.82,0.0,2610.82,0,1
A00197,2025-05-31,934.17,0.0,934.17,0,1
A00198,2025-05-31,1957.01,1957.01,0.0,1,0
A00199,2025-05-31,2403.63,0.0,2403.63,0,1
A00200,2025-05-31,1864.78,1864.78,0.0,1,0
A00201,2025-05-31,913.82,913.82,0.0,1,0
A00202,2025-05-31,3362.7,0.0,3362.7,0,1
A00203,2025-05-31,1996.31,0.0,1996.31,0,1
A00204,2025-05-31,326.11,326.11,0.0,1,0
A00205,2025-05-31,5654.09,0.0,5654.09,0,1
A00206,2025-05-31,601.25,0.0,601.25,0,1
A00207,2025-05-31,1192.99,1192.99,0.0,1,0
A00208,2025-05-31,860.37,0.0,860.37,0,1
A00209,2025-05-31,3218.26,3218.26,0.0,1,0
A00210,2025-05-31,1295.45,1295.45,0.0,1,0
A00211,2025-05-31,1970.14,0.0,1970.14,0,1
A00212,2025-05-31,1055.86,1055.86,0.0,1,0
A00213,2025-05-31,1424.33,1424.33,0.0,1,0
A00214,2025-05-31,625.74,0.0,625.74,0,1
A00215,2025-05-31,5843.23,5843.23,0.0,1,0
A00216,2025-05-31,952.83,952.83,0.0,1,0
A00217,2025-05-31,937.49,937.49,0.0,1,0
A00218,2025-05-31,379.4,0.0,379.4,0,1
A00219,2025-05-31,836.71,0.0,836.71,0,1
A00220,2025-05-31,899.2,0.0,899.2,0,1
A00221,2025-05-31,2767.39,2767.39,0.0,1,0
A00222,2025-05-31,225.58,225.58,0.0,1,0
A00223,2025-05-31,769.05,0.0,769.05,0,1
A00224,2025-05-31,3138.18,3138.18,0.0,1,0
A00225,2025-05-31,2261.89,2261.89,0.0,1,0
A00226,2025-05-31,3687.81,3687.81,0.0,1,0
A00227,2025-05-31,956.21,0.0,956.21,0,1
A00228,2025-05-31,453.74,453.74,0.0,1,0
A00229,2025-05-31,202.65,0.0,202.65,0,1
A00230,2025-05-31,2282.37,0.0,2282.37,0,1
A00231,2025-05-31,1120.43,1120.43,0.0,1,0
A00232,2025-05-31,3453.68,0.0,3453.68,0,1
A00233,2025-05-31,4340.88,0.0,4340.88,0,1
A00234,2025-05-31,1661.46,1661.46,0.0,1,0
A00235,2025-05-31,1446.52,1446.52,0.0,1,0
A00236,2025-05-31,2908.8,0.0,2908.8,0,1
A00237,2025-05-31,3730.72,3730.72,0.0,1,0
A00238,2025-05-31,6067.15,0.0,6067.15,0,1
A00239,2025-05-31,1635.28,1635.28,0.0,1,0
A00240,2025-05-31,2400.64,0.0,2400.64,0,1
A00241,2025-05-31,2163.78,2163.78,0.0,1,0
A00242,2025-05-31,2894.2,0.0,2894.2,0,1
A00243,2025-05-31,2758.31,0.0,2758.31,0,1
A00244,2025-05-31,4754.37,0.0,4754.37,0,1
A00245,2025-05-31,1967.85,0.0,1967.85,0,1
A00246,2025-05-31,2126.67,0.0,2126.67,0,1
A00247,2025-05-31,2740.02,0.0,2740.02,0,1
A00248,2025-05-31,604.22,604.22,0.0,1,0
A00249,2025-05-31,1622.95,0.0,1622.95,0,1
A00250,2025-05-31,1977.5,0.0,1977.5,0,1
A00251,2025-05-31,3235.91,0.0,3235.91,0,1
A00252,2025-05-31,2243.78,2243.78,0.0,1,0
A00253,2025-05-31,199.63,0.0,199.63,0,1
A00254,2025-05-31,1000.07,0.0,1000.07,0,1
A00255,2025-05-31,1253.55,0.0,1253.55,0,1
A00256,2025-05-31,3536.97,0.0,3536.97,0,1
A00257,2025-05-31,3224.24,3224.24,0.0,1,0
A00258,2025-05-31,331.05,331.05,0.0,1,0
A00259,2025-05-31,1642.19,1642.19,0.0,1,0
A00260,2025-05-31,1659.04,1659.04,0.0,1,0
A00261,2025-05-31,2879.66,2879.66,0.0,1,0
A00262,2025-05-31,2134.96,2134.96,0.0,1,0
A00263,2025-05-31,3214.29,0.0,3214.29,0,1
A00264,2025-05-31,804.56,0.0,804.56,0,1
A00265,2025-05-31,2754.09,2754.09,0.0,1,0
A00266,2025-05-31,2467.46,0.0,2467.46,0,1
A00267,2025-05-31,3926.96,3926.96,0.0,1,0
A00268,2025-05-31,428.88,428.88,0.0,1,0
A00269,2025-05-31,1988.86,0.0,1988.86,0,1
A00270,2025-05-31,4451.54,0.0,4451.54,0,1
A00271,2025-05-31,3479.91,0.0,3479.91,0,1
A00272,2025-05-31,3784.9,0.0,3784.9,0,1
A00273,2025-05-31,1973.83,0.0,1973.83,0,1
A00274,2025-05-31,6352.61,0.0,6352.61,0,1
A00275,2025-05-31,2366.94,2366.94,0.0,1,0
A00276,2025-05-31,2489.15,0.0,2489.15,0,1
A00277,2025-05-31,6354.99,6354.99,0.0,1,0
A00278,2025-05-31,2452.47,2452.47,0.0,1,0
A00279,2025-05-31,1142.48,0.0,1142.48,0,1
A00280,2025-05-31,4056.63,0.0,4056.63,0,1
A00281,2025-05-31,1183.14,1183.14,0.0,1,0
A00282,2025-05-31,2845.26,0.0,2845.26,0,1
A00283,2025-05-31,3619.22,3619.22,0.0,1,0
A00284,2025-05-31,887.3,0.0,887.3,0,1
A00285,2025-05-31,1269.37,1269.37,0.0,1,0
A00286,2025-05-31,439.19,0.0,439.19,0,1
A00287,2025-05-31,304.05,0.0,304.05,0,1
A00288,2025-05-31,2953.17,0.0,2953.17,0,1
A00289,2025-05-31,1263.82,1263.82,0.0,1,0
A00290,2025-05-31,988.38,988.38,0.0,1,0
A00291,2025-05-31,2798.64,0.0,2798.64,0,1
A00292,2025-05-31,1104.71,0.0,1104.71,0,1
A00293,2025-05-31,1667.1,1667.1,0.0,1,0
A00294,2025-05-31,2847.53,0.0,2847.53,0,1
A00295,2025-05-31,891.08,891.08,0.0,1,0
A00296,2025-05-31,1409.65,1409.65,0.0,1,0
A00297,2025-05-31,1023.41,1023.41,0.0,1,0
A00298,2025-05-31,2513.94,2513.94,0.0,1,0
A00299,2025-05-31,2398.31,2398.31,0.0,1,0
A00300,2025-05-31,430.29,0.0,430.29,0,1
A00301,2025-05-31,2506.94,0.0,2506.94,0,1
A00302,2025-05-31,3815.4,3815.4,0.0,1,0
A00303,2025-05-31,1372.32,1372.32,0.0,1,0
A00304,2025-05-31,508.5,0.0,508.5,0,1
A00305,2025-05-31,3995.79,3995.79,0.0,1,0
A00306,2025-05-31,3066.72,0.0,3066.72,0,1
A00307,2025-05-31,3865.13,3865.13,0.0,1,0
A00308,2025-05-31,808.08,808.08,0.0,1,0
A00309,2025-05-31,187.51,0.0,187.51,0,1
A00310,2025-05-31,3526.72,3526.72,0.0,1,0
A00311,2025-05-31,1598.44,0.0,1598.44,0,1
A00312,2025-05-31,1764.32,1764.32,0.0,1,0
A00313,2025-05-31,2934.18,0.0,2934.18,0,1
A00314,2025-05-31,676.26,0.0,676.26,0,1
A00315,2025-05-31,1493.05,1493.05,0.0,1,0
A00316,2025-05-31,951.26,951.26,0.0,1,0
A00317,2025-05-31,675.23,0.0,675.23,0,1
A00318,2025-05-31,2736.99,0.0,2736.99,0,1
A00319,2025-05-31,488.44,0.0,488.44,0,1
A00320,2025-05-31,2623.75,0.0,2623.75,0,1
A00321,2025-05-31,1528.5,0.0,1528.5,0,1
A00322,2025-05-31,2489.14,2489.14,0.0,1,0
A00323,2025-05-31,4748.57,4748.57,0.0,1,0
A00324,2025-05-31,2443.32,0.0,2443.32,0,1
A00325,2025-05-31,1005.23,0.0,1005.23,0,1
A00326,2025-05-31,784.1,0.0,784.1,0,1
A00327,2025-05-31,1131.03,0.0,1131.03,0,1
A00328,2025-05-31,2964.48,0.0,2964.48,0,1
A00329,2025-05-31,5626.5,0.0,5626.5,0,1
A00330,2025-05-31,904.8,0.0,904.8,0,1
A00331,2025-05-31,2821.35,0.0,2821.35,0,1
A00332,2025-05-31,2156.53,0.0,2156.53,0,1
A00333,2025-05-31,1752.8,0.0,1752.8,0,1
A00334,2025-05-31,1223.47,1223.47,0.0,1,0
A00335,2025-05-31,1536.46,1536.46,0.0,1,0
A00336,2025-05-31,1210.18,1210.18,0.0,1,0
A00337,2025-05-31,1585.44,1585.44,0.0,1,0
A00338,2025-05-31,3879.86,0.0,3879.86,0,1
A00339,2025-05-31,445.57,0.0,445.57,0,1
A00340,2025-05-31,613.39,0.0,613.39,0,1
A00341,2025-05-31,902.58,0.0,902.58,0,1
A00342,2025-05-31,6270.72,6270.72,0.0,1,0
A00343,2025-05-31,3855.98,0.0,3855.98,0,1
A00344,2025-05-31,1220.15,0.0,1220.15,0,1
A00345,2025-05-31,2127.18,0.0,2127.18,0,1
A00346,2025-05-31,2450.04,0.0,2450.04,0,1
A00347,2025-05-31,385.32,385.32,0.0,1,0
A00348,2025-05-31,603.01,0.0,603.01,0,1
A00349,2025-05-31,1580.67,1580.67,0.0,1,0
A00350,2025-05-31,2565.72,0.0,2565.72,0,1
A00351,2025-05-31,1762.73,0.0,1762.73,0,1
A00352,2025-05-31,2212.82,0.0,2212.82,0,1
A00353,2025-05-31,3863.11,3863.11,0.0,1,0
A00354,2025-05-31,1143.36,0.0,1143.36,0,1
A00355,2025-05-31,950.41,950.41,0.0,1,0
A00356,2025-05-31,1794.74,0.0,1794.74,0,1
A00357,2025-05-31,1620.97,0.0,1620.97,0,1
A00358,2025-05-31,2303.98,2303.98,0.0,1,0
A00359,2025-05-31,5997.26,0.0,5997.26,0,1
A00360,2025-05-31,3763.34,3763.34,0.0,1,0
A00361,2025-05-31,5207.77,0.0,5207.77,0,1
A00362,2025-05-31,1411.83,1411.83,0.0,1,0
A00363,2025-05-31,923.49,0.0,923.49,0,1
A00364,2025-05-31,727.73,0.0,727.73,0,1
A00365,2025-05-31,3159.75,0.0,3159.75,0,1
A00366,2025-05-31,5296.41,5296.41,0.0,1,0
A00367,2025-05-31,1691.21,1691.21,0.0,1,0
A00368,2025-05-31,3896.99,0.0,3896.99,0,1
A00369,2025-05-31,2943.96,2943.96,0.0,1,0
A00370,2025-05-31,974.93,0.0,974.93,0,1
A00371,2025-05-31,2539.69,2539.69,0.0,1,0
A00372,2025-05-31,3677.5,0.0,3677.5,0,1
A00373,2025-05-31,191.41,0.0,191.41,0,1
A00374,2025-05-31,4361.92,0.0,4361.92,0,1
A00375,2025-05-31,1976.93,1976.93,0.0,1,0
A00376,2025-05-31,5248.35,0.0,5248.35,0,1
A00377,2025-05-31,986.56,0.0,986.56,0,1
A00378,2025-05-31,1315.82,0.0,1315.82,0,1
A00379,2025-05-31,1677.55,0.0,1677.55,0,1
A00380,2025-05-31,795.76,795.76,0.0,1,0
A00381,2025-05-31,591.5,0.0,591.5,0,1
A00382,2025-05-31,645.63,0.0,645.63,0,1
A00383,2025-05-31,3286.08,0.0,3286.08,0,1
A00384,2025-05-31,4259.16,4259.16,0.0,1,0
A00385,2025-05-31,4476.27,0.0,4476.27,0,1
A00386,2025-05-31,1239.86,1239.86,0.0,1,0
A00387,2025-05-31,3402.75,3402.75,0.0,1,0
A00388,2025-05-31,1241.25,1241.25,0.0,1,0
A00389,2025-05-31,526.95,0.0,526.95,0,1
A00390,2025-05-31,2164.09,2164.09,0.0,1,0
A00391,2025-05-31,2823.43,0.0,2823.43,0,1
A00392,2025-05-31,2637.78,0.0,2637.78,0,1
A00393,2025-05-31,2119.33,0.0,2119.33,0,1
A00394,2025-05-31,2889.93,0.0,2889.93,0,1
A00395,2025-05-31,1968.34,0.0,1968.34,0,1
A00396,2025-05-31,1780.64,1780.64,0.0,1,0
A00397,2025-05-31,1830.98,0.0,1830.98,0,1
A00398,2025-05-31,2485.14,2485.14,0.0,1,0
A00399,2025-05-31,4838.25,4838.25,0.0,1,0
A00400,2025-05-31,6102.66,0.0,6102.66,0,1
A00401,2025-05-31,1511.24,0.0,1511.24,0,1
A00402,2025-05-31,2585.92,2585.92,0.0,1,0
A00403,2025-05-31,42.08,42.08,0.0,1,0
A00404,2025-05-31,810.68,810.68,0.0,1,0
A00405,2025-05-31,1506.23,0.0,1506.23,0,1
A00406,2025-05-31,583.43,0.0,583.43,0,1
A00407,2025-05-31,148.86,148.86,0.0,1,0
A00408,2025-05-31,2996.15,0.0,2996.15,0,1
A00409,2025-05-31,1936.82,1936.82,0.0,1,0
A00410,2025-05-31,2196.8,2196.8,0.0,1,0
A00411,2025-05-31,3840.65,0.0,3840.65,0,1
A00412,2025-05-31,226.56,226.56,0.0,1,0
A00413,2025-05-31,4734.4,0.0,4734.4,0,1
A00414,2025-05-31,643.26,0.0,643.26,0,1
A00415,2025-05-31,3528.86,0.0,3528.86,0,1
A00416,2025-05-31,2764.65,0.0,2764.65,0,1
A00417,2025-05-31,1126.39,0.0,1126.39,0,1
A00418,2025-05-31,738.34,0.0,738.34,0,1
A00419,2025-05-31,4093.91,0.0,4093.91,0,1
A00420,2025-05-31,2418.49,2418.49,0.0,1,0
A00421,2025-05-31,3054.28,3054.28,0.0,1,0
A00422,2025-05-31,2098.66,2098.66,0.0,1,0
A00423,2025-05-31,363.77,0.0,363.77,0,1
A00424,2025-05-31,3294.8,0.0,3294.8,0,1
A00425,2025-05-31,1040.77,0.0,1040.77,0,1
A00426,2025-05-31,2438.16,0.0,2438.16,0,1
A00427,2025-05-31,2456.69,2456.69,0.0,1,0
A00428,2025-05-31,3638.1,0.0,3638.1,0,1
A00429,2025-05-31,1559.68,0.0,1559.68,0,1
A00430,2025-05-31,3254.37,0.0,3254.37,0,1
A00431,2025-05-31,5198.4,0.0,5198.4,0,1
A00432,2025-05-31,3273.89,0.0,3273.89,0,1
A00433,2025-05-31,1046.3,1046.3,0.0,1,0
A00434,2025-05-31,6663.36,0.0,6663.36,0,1
A00435,2025-05-31,674.72,0.0,674.72,0,1
A00436,2025-05-31,6475.65,0.0,6475.65,0,1
A00437,2025-05-31,1229.34,1229.34,0.0,1,0
A00438,2025-05-31,2881.22,2881.22,0.0,1,0
A00439,2025-05-31,6853.98,6853.98,0.0,1,0
A00440,2025-05-31,945.19,0.0,945.19,0,1
A00441,2025-05-31,2086.67,0.0,2086.67,0,1
A00442,2025-05-31,1851.07,0.0,1851.07,0,1
A00443,2025-05-31,2061.2,2061.2,0.0,1,0
A00444,2025-05-31,578.83,578.83,0.0,1,0
A00445,2025-05-31,3269.11,0.0,3269.11,0,1
A00446,2025-05-31,1278.34,0.0,1278.34,0,1
A00447,2025-05-31,3391.36,3391.36,0.0,1,0
A00448,2025-05-31,4723.07,0.0,4723.07,0,1
A00449,2025-05-31,1240.17,1240.17,0.0,1,0
A00450,2025-05-31,3165.34,3165.34,0.0,1,0
A00451,2025-05-31,4368.65,0.0,4368.65,0,1
A00452,2025-05-31,528.47,528.47,0.0,1,0
A00453,2025-05-31,1828.69,1828.69,0.0,1,0
A00454,2025-05-31,1510.68,0.0,1510.68,0,1
A00455,2025-05-31,2127.84,2127.84,0.0,1,0
A00456,2025-05-31,1214.92,1214.92,0.0,1,0
A00457,2025-05-31,3731.6,3731.6,0.0,1,0
A00458,2025-05-31,3311.9,0.0,3311.9,0,1
A00459,2025-05-31,5454.92,5454.92,0.0,1,0
A00460,2025-05-31,1587.82,1587.82,0.0,1,0
A00461,2025-05-31,4734.71,0.0,4734.71,0,1
A00462,2025-05-31,1949.31,0.0,1949.31,0,1
A00463,2025-05-31,812.29,0.0,812.29,0,1
A00464,2025-05-31,1821.31,0.0,1821.31,0,1
A00465,2025-05-31,1485.26,0.0,1485.26,0,1
A00466,2025-05-31,2599.33,0.0,2599.33,0,1
A00467,2025-05-31,1254.35,1254.35,0.0,1,0
A00468,2025-05-31,3403.16,3403.16,0.0,1,0
A00469,2025-05-31,723.77,0.0,723.77,0,1
A00470,2025-05-31,768.07,768.07,0.0,1,0
A00471,2025-05-31,4105.07,0.0,4105.07,0,1
A00472,2025-05-31,452.94,0.0,452.94,0,1
A00473,2025-05-31,2153.11,0.0,2153.11,0,1
A00474,2025-05-31,2407.33,0.0,2407.33,0,1
A00475,2025-05-31,2455.42,2455.42,0.0,1,0
A00476,2025-05-31,1480.74,0.0,1480.74,0,1
A00477,2025-05-31,976.36,0.0,976.36,0,1
A00478,2025-05-31,1630.55,1630.55,0.0,1,0
A00479,2025-05-31,670.47,670.47,0.0,1,0
A00480,2025-05-31,1441.39,0.0,1441.39,0,1
A00481,2025-05-31,7249.46,7249.46,0.0,1,0
A00482,2025-05-31,487.41,487.41,0.0,1,0
A00483,2025-05-31,2783.48,0.0,2783.48,0,1
A00484,2025-05-31,1220.28,0.0,1220.28,0,1
A00485,2025-05-31,758.21,0.0,758.21,0,1
A00486,2025-05-31,1884.31,0.0,1884.31,0,1
A00487,2025-05-31,4651.16,4651.16,0.0,1,0
A00488,2025-05-31,5624.39,0.0,5624.39,0,1
A00489,2025-05-31,2973.63,0.0,2973.63,0,1
A00490,2025-05-31,3155.45,0.0,3155.45,0,1
A00491,2025-05-31,6136.88,0.0,6136.88,0,1
A00492,2025-05-31,2949.97,0.0,2949.97,0,1
A00493,2025-05-31,1056.83,1056.83,0.0,1,0
A00494,2025-05-31,544.06,0.0,544.06,0,1
A00495,2025-05-31,1144.55,1144.55,0.0,1,0
A00496,2025-05-31,2048.87,0.0,2048.87,0,1
A00497,2025-05-31,3489.69,0.0,3489.69,0,1
A00498,2025-05-31,795.9,795.9,0.0,1,0
A00499,2025-05-31,5898.86,0.0,5898.86,0,1
A00500,2025-05-31,1112.97,0.0,1112.97,0,1
A00501,2025-05-31,2360.49,0.0,2360.49,0,1
A00502,2025-05-31,1102.58,0.0,1102.58,0,1
A00503,2025-05-31,2936.27,0.0,2936.27,0,1
A00504,2025-05-31,2564.13,0.0,2564.13,0,1
A00505,2025-05-31,1874.95,0.0,1874.95,0,1
A00506,2025-05-31,550.94,550.94,0.0,1,0
A00507,2025-05-31,1692.88,0.0,1692.88,0,1
A00508,2025-05-31,1640.25,1640.25,0.0,1,0
A00509,2025-05-31,3062.03,3062.03,0.0,1,0
A00510,2025-05-31,3644.68,0.0,3644.68,0,1
A00511,2025-05-31,2266.71,2266.71,0.0,1,0
A00512,2025-05-31,993.72,993.72,0.0,1,0
A00513,2025-05-31,1573.3,1573.3,0.0,1,0
A00514,2025-05-31,6530.4,0.0,6530.4,0,1
A00515,2025-05-31,2159.73,2159.73,0.0,1,0
A00516,2025-05-31,838.32,838.32,0.0,1,0
A00517,2025-05-31,1035.35,0.0,1035.35,0,1
A00518,2025-05-31,2341.51,2341.51,0.0,1,0
A00519,2025-05-31,1640.96,1640.96,0.0,1,0
A00520,2025-05-31,6129.31,0.0,6129.31,0,1
A00521,2025-05-31,1326.98,0.0,1326.98,0,1
A00522,2025-05-31,1360.22,0.0,1360.22,0,1
A00523,2025-05-31,2337.41,0.0,2337.41,0,1
A00524,2025-05-31,6079.41,6079.41,0.0,1,0
A00525,2025-05-31,1052.98,0.0,1052.98,0,1
A00526,2025-05-31,4060.2,4060.2,0.0,1,0
A00527,2025-05-31,2062.34,2062.34,0.0,1,0
A00528,2025-05-31,3643.78,0.0,3643.78,0,1
A00529,2025-05-31,1922.53,0.0,1922.53,0,1
A00530,2025-05-31,1625.37,0.0,1625.37,0,1
A00531,2025-05-31,1164.66,0.0,1164.66,0,1
A00532,2025-05-31,4123.41,4123.41,0.0,1,0
A00533,2025-05-31,2724.41,2724.41,0.0,1,0
A00534,2025-05-31,2955.72,0.0,2955.72,0,1
A00535,2025-05-31,6687.73,6687.73,0.0,1,0
A00536,2025-05-31,6218.9,0.0,6218.9,0,1
A00537,2025-05-31,5840.39,0.0,5840.39,0,1
A00538,2025-05-31,2400.06,0.0,2400.06,0,1
A00539,2025-05-31,5906.12,0.0,5906.12,0,1
A00540,2025-05-31,639.5,639.5,0.0,1,0
A00541,2025-05-31,1803.24,1803.24,0.0,1,0
A00542,2025-05-31,979.63,0.0,979.63,0,1
A00543,2025-05-31,2329.84,2329.84,0.0,1,0
A00544,2025-05-31,679.74,679.74,0.0,1,0
A00545,2025-05-31,1991.43,1991.43,0.0,1,0
A00546,2025-05-31,1321.79,1321.79,0.0,1,0
A00547,2025-05-31,4054.03,0.0,4054.03,0,1
A00548,2025-05-31,2553.62,0.0,2553.62,0,1
A00549,2025-05-31,1739.74,0.0,1739.74,0,1
A00550,2025-05-31,1231.79,1231.79,0.0,1,0
A00551,2025-05-31,327.63,0.0,327.63,0,1
A00552,2025-05-31,713.37,713.37,0.0,1,0
A00553,2025-05-31,2417.78,2417.78,0.0,1,0
A00554,2025-05-31,2710.16,0.0,2710.16,0,1
A00555,2025-05-31,2379.5,0.0,2379.5,0,1
A00556,2025-05-31,2030.54,0.0,2030.54,0,1
A00557,2025-05-31,2448.49,2448.49,0.0,1,0
A00558,2025-05-31,1697.69,0.0,1697.69,0,1
A00559,2025-05-31,2177.12,2177.12,0.0,1,0
A00560,2025-05-31,2083.58,0.0,2083.58,0,1
A00561,2025-05-31,1675.19,0.0,1675.19,0,1
A00562,2025-05-31,7994.11,0.0,7994.11,0,1
A00563,2025-05-31,5489.65,0.0,5489.65,0,1
A00564,2025-05-31,1745.23,1745.23,0.0,1,0
A00565,2025-05-31,1749.28,1749.28,0.0,1,0
A00566,2025-05-31,2545.12,2545.12,0.0,1,0
A00567,2025-05-31,3456.95,3456.95,0.0,1,0
A00568,2025-05-31,3138.15,0.0,3138.15,0,1
A00569,2025-05-31,1208.74,0.0,1208.74,0,1
A00570,2025-05-31,5814.53,0.0,5814.53,0,1
A00571,2025-05-31,3064.44,0.0,3064.44,0,1
A00572,2025-05-31,21.98,21.98,0.0,1,0
A00573,2025-05-31,1467.46,1467.46,0.0,1,0
A00574,2025-05-31,902.91,0.0,902.91,0,1
A00575,2025-05-31,708.46,0.0,708.46,0,1
A00576,2025-05-31,4052.93,4052.93,0.0,1,0
A00577,2025-05-31,2447.41,0.0,2447.41,0,1
A00578,2025-05-31,2760.89,2760.89,0.0,1,0
A00579,2025-05-31,2197.71,0.0,2197.71,0,1
A00580,2025-05-31,2439.12,2439.12,0.0,1,0
A00581,2025-05-31,3331.27,0.0,3331.27,0,1
A00582,2025-05-31,1910.66,1910.66,0.0,1,0
A00583,2025-05-31,1363.9,1363.9,0.0,1,0
A00584,2025-05-31,4071.0,0.0,4071.0,0,1
A00585,2025-05-31,2530.92,2530.92,0.0,1,0
A00586,2025-05-31,4353.99,4353.99,0.0,1,0
A00587,2025-05-31,4056.79,4056.79,0.0,1,0
A00588,2025-05-31,978.68,0.0,978.68,0,1
A00589,2025-05-31,1071.69,1071.69,0.0,1,0
A00590,2025-05-31,1301.06,0.0,1301.06,0,1
A00591,2025-05-31,1312.99,0.0,1312.99,0,1
A00592,2025-05-31,1711.31,1711.31,0.0,1,0
A00593,2025-05-31,333.16,0.0,333.16,0,1
A00594,2025-05-31,1294.35,0.0,1294.35,0,1
A00595,2025-05-31,4404.17,4404.17,0.0,1,0
A00596,2025-05-31,2945.69,2945.69,0.0,1,0
A00597,2025-05-31,1955.78,1955.78,0.0,1,0
A00598,2025-05-31,537.38,537.38,0.0,1,0
A00599,2025-05-31,2257.24,0.0,2257.24,0,1
A00600,2025-05-31,2489.66,2489.66,0.0,1,0
A00601,2025-05-31,1202.23,0.0,1202.23,0,1
A00602,2025-05-31,2357.72,0.0,2357.72,0,1
A00603,2025-05-31,835.94,0.0,835.94,0,1
A00604,2025-05-31,2367.35,0.0,2367.35,0,1
A00605,2025-05-31,554.46,554.46,0.0,1,0
A00606,2025-05-31,402.17,0.0,402.17,0,1
A00607,2025-05-31,822.13,0.0,822.13,0,1
A00608,2025-05-31,934.77,0.0,934.77,0,1
A00609,2025-05-31,545.18,0.0,545.18,0,1
A00610,2025-05-31,3233.76,3233.76,0.0,1,0
A00611,2025-05-31,1373.23,0.0,1373.23,0,1
A00612,2025-05-31,1504.45,1504.45,0.0,1,0
A00613,2025-05-31,6656.48,6656.48,0.0,1,0
A00614,2025-05-31,2637.66,0.0,2637.66,0,1
A00615,2025-05-31,1827.76,1827.76,0.0,1,0
A00616,2025-05-31,4437.72,4437.72,0.0,1,0
A00617,2025-05-31,918.15,918.15,0.0,1,0
A00618,2025-05-31,1322.26,0.0,1322.26,0,1
A00619,2025-05-31,749.03,0.0,749.03,0,1
A00620,2025-05-31,3013.36,0.0,3013.36,0,1
A00621,2025-05-31,2257.45,2257.45,0.0,1,0
A00622,2025-05-31,510.82,510.82,0.0,1,0
A00623,2025-05-31,1410.55,0.0,1410.55,0,1
A00624,2025-05-31,879.89,0.0,879.89,0,1
A00625,2025-05-31,2219.43,0.0,2219.43,0,1
A00626,2025-05-31,2331.43,0.0,2331.43,0,1
A00627,2025-05-31,1886.61,1886.61,0.0,1,0
A00628,2025-05-31,3159.98,3159.98,0.0,1,0
A00629,2025-05-31,6113.31,6113.31,0.0,1,0
A00630,2025-05-31,1095.02,1095.02,0.0,1,0
A00631,2025-05-31,1585.86,1585.86,0.0,1,0
A00632,2025-05-31,1690.2,1690.2,0.0,1,0
A00633,2025-05-31,1232.14,1232.14,0.0,1,0
A00634,2025-05-31,1884.92,1884.92,0.0,1,0
A00635,2025-05-31,64.82,0.0,64.82,0,1
A00636,2025-05-31,1195.13,0.0,1195.13,0,1
A00637,2025-05-31,1247.81,0.0,1247.81,0,1
A00638,2025-05-31,501.93,0.0,501.93,0,1
A00639,2025-05-31,2974.94,2974.94,0.0,1,0
A00640,2025-05-31,1028.93,0.0,1028.93,0,1
A00641,2025-05-31,3388.24,3388.24,0.0,1,0
A00642,2025-05-31,3401.29,0.0,3401.29,0,1
A00643,2025-05-31,2171.03,2171.03,0.0,1,0
A00644,2025-05-31,881.32,0.0,881.32,0,1
A00645,2025-05-31,2575.93,0.0,2575.93,0,1
A00646,2025-05-31,3660.2,0.0,3660.2,0,1
A00647,2025-05-31,1439.71,1439.71,0.0,1,0
A00648,2025-05-31,2681.85,0.0,2681.85,0,1
A00649,2025-05-31,1537.11,0.0,1537.11,0,1
A00650,2025-05-31,2575.02,2575.02,0.0,1,0
A00651,2025-05-31,307.15,0.0,307.15,0,1
A00652,2025-05-31,3488.21,0.0,3488.21,0,1
A00653,2025-05-31,5827.32,0.0,5827.32,0,1
A00654,2025-05-31,3299.57,0.0,3299.57,0,1
A00655,2025-05-31,1560.55,1560.55,0.0,1,0
A00656,2025-05-31,581.01,0.0,581.01,0,1
A00657,2025-05-31,1136.23,1136.23,0.0,1,0
A00658,2025-05-31,3665.79,3665.79,0.0,1,0
A00659,2025-05-31,458.68,458.68,0.0,1,0
A00660,2025-05-31,1671.36,0.0,1671.36,0,1
A00661,2025-05-31,1854.51,1854.51,0.0,1,0
A00662,2025-05-31,1323.53,1323.53,0.0,1,0
A00663,2025-05-31,1111.22,1111.22,0.0,1,0
A00664,2025-05-31,231.28,0.0,231.28,0,1
A00665,2025-05-31,2833.64,0.0,2833.64,0,1
A00666,2025-05-31,835.34,0.0,835.34,0,1
A00667,2025-05-31,894.96,894.96,0.0,1,0
A00668,2025-05-31,993.61,993.61,0.0,1,0
A00669,2025-05-31,971.15,0.0,971.15,0,1
A00670,2025-05-31,1542.7,0.0,1542.7,0,1
A00671,2025-05-31,1100.26,0.0,1100.26,0,1
A00672,2025-05-31,4226.59,0.0,4226.59,0,1
A00673,2025-05-31,437.05,437.05,0.0,1,0
A00674,2025-05-31,4263.86,0.0,4263.86,0,1
A00675,2025-05-31,2727.91,2727.91,0.0,1,0
A00676,2025-05-31,764.0,0.0,764.0,0,1
A00677,2025-05-31,1447.03,1447.03,0.0,1,0
A00678,2025-05-31,1607.83,1607.83,0.0,1,0
A00679,2025-05-31,1972.53,0.0,1972.53,0,1
A00680,2025-05-31,1217.6,0.0,1217.6,0,1
A00681,2025-05-31,1615.23,0.0,1615.23,0,1
A00682,2025-05-31,946.14,0.0,946.14,0,1
A00683,2025-05-31,1124.37,0.0,1124.37,0,1
A00684,2025-05-31,3773.05,0.0,3773.05,0,1
A00685,2025-05-31,7663.3,7663.3,0.0,1,0
A00686,2025-05-31,1544.52,0.0,1544.52,0,1
A00687,2025-05-31,730.27,0.0,730.27,0,1
A00688,2025-05-31,1987.98,0.0,1987.98,0,1
A00689,2025-05-31,2299.15,0.0,2299.15,0,1
A00690,2025-05-31,9192.39,0.0,9192.39,0,1
A00691,2025-05-31,638.35,638.35,0.0,1,0
A00692,2025-05-31,1243.56,0.0,1243.56,0,1
A00693,2025-05-31,5385.17,5385.17,0.0,1,0
A00694,2025-05-31,1497.74,0.0,1497.74,0,1
A00695,2025-05-31,1068.28,0.0,1068.28,0,1
A00696,2025-05-31,1133.91,1133.91,0.0,1,0
A00697,2025-05-31,1585.16,0.0,1585.16,0,1
A00698,2025-05-31,2353.71,0.0,2353.71,0,1
A00699,2025-05-31,1764.65,0.0,1764.65,0,1
A00700,2025-05-31,2291.37,2291.37,0.0,1,0
A00701,2025-05-31,2224.09,2224.09,0.0,1,0
A00702,2025-05-31,1804.23,1804.23,0.0,1,0
A00703,2025-05-31,2384.4,0.0,2384.4,0,1
A00704,2025-05-31,1012.63,1012.63,0.0,1,0
A00705,2025-05-31,505.94,0.0,505.94,0,1
A00706,2025-05-31,3067.94,3067.94,0.0,1,0
A00707,2025-05-31,2326.33,0.0,2326.33,0,1
A00708,2025-05-31,2838.71,2838.71,0.0,1,0
A00709,2025-05-31,4562.4,0.0,4562.4,0,1
A00710,2025-05-31,1873.43,0.0,1873.43,0,1
A00711,2025-05-31,3307.02,3307.02,0.0,1,0
A00712,2025-05-31,3548.12,0.0,3548.12,0,1
A00713,2025-05-31,1427.7,0.0,1427.7,0,1
A00714,2025-05-31,971.52,0.0,971.52,0,1
A00715,2025-05-31,1925.72,0.0,1925.72,0,1
A00716,2025-05-31,498.24,498.24,0.0,1,0
A00717,2025-05-31,2116.12,2116.12,0.0,1,0
A00718,2025-05-31,821.88,821.88,0.0,1,0
A00719,2025-05-31,1711.19,0.0,1711.19,0,1
A00720,2025-05-31,2243.54,2243.54,0.0,1,0
A00721,2025-05-31,1194.54,0.0,1194.54,0,1
A00722,2025-05-31,920.22,0.0,920.22,0,1
A00723,2025-05-31,586.47,586.47,0.0,1,0
A00724,2025-05-31,440.27,0.0,440.27,0,1
A00725,2025-05-31,2080.52,0.0,2080.52,0,1
A00726,2025-05-31,1269.03,0.0,1269.03,0,1
A00727,2025-05-31,3845.53,0.0,3845.53,0,1
A00728,2025-05-31,4831.78,0.0,4831.78,0,1
A00729,2025-05-31,1287.32,0.0,1287.32,0,1
A00730,2025-05-31,3556.77,0.0,3556.77,0,1
A00731,2025-05-31,2904.2,0.0,2904.2,0,1
A00732,2025-05-31,666.0,0.0,666.0,0,1
A00733,2025-05-31,5220.02,0.0,5220.02,0,1
A00734,2025-05-31,2610.41,0.0,2610.41,0,1
A00735,2025-05-31,1388.43,0.0,1388.43,0,1
A00736,2025-05-31,623.59,0.0,623.59,0,1
A00737,2025-05-31,2502.87,0.0,2502.87,0,1
A00738,2025-05-31,2139.48,0.0,2139.48,0,1
A00739,2025-05-31,461.61,461.61,0.0,1,0
A00740,2025-05-31,4012.96,0.0,4012.96,0,1
A00741,2025-05-31,3275.68,3275.68,0.0,1,0
A00742,2025-05-31,6473.11,0.0,6473.11,0,1
A00743,2025-05-31,4141.34,0.0,4141.34,0,1
A00744,2025-05-31,1640.23,1640.23,0.0,1,0
A00745,2025-05-31,3596.08,3596.08,0.0,1,0
A00746,2025-05-31,6603.99,0.0,6603.99,0,1
A00747,2025-05-31,3528.68,0.0,3528.68,0,1
A00748,2025-05-31,1904.65,1904.65,0.0,1,0
A00749,2025-05-31,2797.89,0.0,2797.89,0,1
A00750,2025-05-31,1610.03,1610.03,0.0,1,0
A00751,2025-05-31,1428.46,1428.46,0.0,1,0
A00752,2025-05-31,1706.41,1706.41,0.0,1,0
A00753,2025-05-31,638.32,0.0,638.32,0,1
A00754,2025-05-31,2442.24,2442.24,0.0,1,0
A00755,2025-05-31,3947.36,0.0,3947.36,0,1
A00756,2025-05-31,3536.53,0.0,3536.53,0,1
A00757,2025-05-31,1719.86,1719.86,0.0,1,0
A00758,2025-05-31,1803.07,0.0,1803.07,0,1
A00759,2025-05-31,1396.63,1396.63,0.0,1,0
A00760,2025-05-31,1996.52,1996.52,0.0,1,0
A00761,2025-05-31,1385.41,0.0,1385.41,0,1
A00762,2025-05-31,3331.57,3331.57,0.0,1,0
A00763,2025-05-31,240.79,240.79,0.0,1,0
A00764,2025-05-31,296.98,296.98,0.0,1,0
A00765,2025-05-31,1948.22,0.0,1948.22,0,1
A00766,2025-05-31,978.95,978.95,0.0,1,0
A00767,2025-05-31,62.1,0.0,62.1,0,1
A00768,2025-05-31,2001.95,0.0,2001.95,0,1
A00769,2025-05-31,425.29,0.0,425.29,0,1
A00770,2025-05-31,4711.51,0.0,4711.51,0,1
A00771,2025-05-31,1757.47,1757.47,0.0,1,0
A00772,2025-05-31,554.63,554.63,0.0,1,0
A00773,2025-05-31,1278.61,1278.61,0.0,1,0
A00774,2025-05-31,3135.95,3135.95,0.0,1,0
A00775,2025-05-31,1727.5,0.0,1727.5,0,1
A00776,2025-05-31,2902.43,0.0,2902.43,0,1
A00777,2025-05-31,317.86,0.0,317.86,0,1
A00778,2025-05-31,3028.07,3028.07,0.0,1,0
A00779,2025-05-31,3301.02,0.0,3301.02,0,1
A00780,2025-05-31,1759.4,0.0,1759.4,0,1
A00781,2025-05-31,5364.55,5364.55,0.0,1,0
A00782,2025-05-31,5867.49,5867.49,0.0,1,0
A00783,2025-05-31,817.2,817.2,0.0,1,0
A00784,2025-05-31,2845.98,0.0,2845.98,0,1
A00785,2025-05-31,3715.99,0.0,3715.99,0,1
A00786,2025-05-31,3484.24,3484.24,0.0,1,0
A00787,2025-05-31,799.32,0.0,799.32,0,1
A00788,2025-05-31,1225.51,0.0,1225.51,0,1
A00789,2025-05-31,4936.95,0.0,4936.95,0,1
A00790,2025-05-31,3820.91,0.0,3820.91,0,1
A00791,2025-05-31,859.05,0.0,859.05,0,1
A00792,2025-05-31,796.29,0.0,796.29,0,1
A00793,2025-05-31,2015.37,0.0,2015.37,0,1
A00794,2025-05-31,1154.73,1154.73,0.0,1,0
A00795,2025-05-31,1217.96,0.0,1217.96,0,1
A00796,2025-05-31,1375.93,0.0,1375.93,0,1
A00797,2025-05-31,397.15,397.15,0.0,1,0
A00798,2025-05-31,921.44,0.0,921.44,0,1
A00799,2025-05-31,6764.85,0.0,6764.85,0,1
A00800,2025-05-31,1914.78,0.0,1914.78,0,1
A00801,2025-05-31,2403.27,0.0,2403.27,0,1
A00802,2025-05-31,1237.85,0.0,1237.85,0,1
A00803,2025-05-31,3176.06,0.0,3176.06,0,1
A00804,2025-05-31,2123.27,0.0,2123.27,0,1
A00805,2025-05-31,1011.76,0.0,1011.76,0,1
A00806,2025-05-31,659.1,0.0,659.1,0,1
A00807,2025-05-31,3716.81,3716.81,0.0,1,0
A00808,2025-05-31,1713.06,1713.06,0.0,1,0
A00809,2025-05-31,1265.35,0.0,1265.35,0,1
A00810,2025-05-31,901.4,0.0,901.4,0,1
A00811,2025-05-31,1696.78,1696.78,0.0,1,0
A00812,2025-05-31,956.49,956.49,0.0,1,0
A00813,2025-05-31,1655.19,1655.19,0.0,1,0
A00814,2025-05-31,2839.79,0.0,2839.79,0,1
A00815,2025-05-31,1247.0,0.0,1247.0,0,1
A00816,2025-05-31,3910.81,0.0,3910.81,0,1
A00817,2025-05-31,5386.33,5386.33,0.0,1,0
A00818,2025-05-31,1622.07,1622.07,0.0,1,0
A00819,2025-05-31,5167.33,5167.33,0.0,1,0
A00820,2025-05-31,1523.16,1523.16,0.0,1,0
A00821,2025-05-31,4711.17,4711.17,0.0,1,0
A00822,2025-05-31,705.01,0.0,705.01,0,1
A00823,2025-05-31,1823.87,0.0,1823.87,0,1
A00824,2025-05-31,2043.0,0.0,2043.0,0,1
A00825,2025-05-31,810.04,810.04,0.0,1,0
A00826,2025-05-31,2541.3,2541.3,0.0,1,0
A00827,2025-05-31,2972.6,0.0,2972.6,0,1
A00828,2025-05-31,2212.83,0.0,2212.83,0,1
A00829,2025-05-31,1521.63,0.0,1521.63,0,1
A00830,2025-05-31,1343.96,0.0,1343.96,0,1
A00831,2025-05-31,1720.03,1720.03,0.0,1,0
A00832,2025-05-31,1697.4,0.0,1697.4,0,1
A00833,2025-05-31,1131.98,0.0,1131.98,0,1
A00834,2025-05-31,602.27,0.0,602.27,0,1
A00835,2025-05-31,179.61,179.61,0.0,1,0
A00836,2025-05-31,1252.0,0.0,1252.0,0,1
A00837,2025-05-31,864.03,864.03,0.0,1,0
A00838,2025-05-31,1100.47,1100.47,0.0,1,0
A00839,2025-05-31,11195.22,0.0,11195.22,0,1
A00840,2025-05-31,5065.43,5065.43,0.0,1,0
A00841,2025-05-31,2835.54,2835.54,0.0,1,0
A00842,2025-05-31,1803.74,0.0,1803.74,0,1
A00843,2025-05-31,484.49,0.0,484.49,0,1
A00844,2025-05-31,2602.92,2602.92,0.0,1,0
A00845,2025-05-31,4874.97,0.0,4874.97,0,1
A00846,2025-05-31,2863.58,2863.58,0.0,1,0
A00847,2025-05-31,2507.52,0.0,2507.52,0,1
A00848,2025-05-31,364.82,0.0,364.82,0,1
A00849,2025-05-31,6154.4,6154.4,0.0,1,0
A00850,2025-05-31,4428.81,4428.81,0.0,1,0
A00851,2025-05-31,1191.22,0.0,1191.22,0,1
A00852,2025-05-31,2561.73,0.0,2561.73,0,1
A00853,2025-05-31,2841.25,0.0,2841.25,0,1
A00854,2025-05-31,2034.55,0.0,2034.55,0,1
A00855,2025-05-31,2597.55,2597.55,0.0,1,0
A00856,2025-05-31,791.88,0.0,791.88,0,1
A00857,2025-05-31,864.42,0.0,864.42,0,1
A00858,2025-05-31,2379.89,2379.89,0.0,1,0
A00859,2025-05-31,3093.35,0.0,3093.35,0,1
A00860,2025-05-31,2213.91,0.0,2213.91,0,1
A00861,2025-05-31,649.98,0.0,649.98,0,1
A00862,2025-05-31,949.3,0.0,949.3,0,1
A00863,2025-05-31,8227.3,8227.3,0.0,1,0
A00864,2025-05-31,307.46,307.46,0.0,1,0
A00865,2025-05-31,966.84,966.84,0.0,1,0
A00866,2025-05-31,2119.64,0.0,2119.64,0,1
A00867,2025-05-31,2837.04,2837.04,0.0,1,0
A00868,2025-05-31,2608.54,2608.54,0.0,1,0
A00869,2025-05-31,1030.57,0.0,1030.57,0,1
A00870,2025-05-31,2817.34,2817.34,0.0,1,0
A00871,2025-05-31,2529.02,2529.02,0.0,1,0
A00872,2025-05-31,3318.16,3318.16,0.0,1,0
A00873,2025-05-31,3855.62,0.0,3855.62,0,1
A00874,2025-05-31,953.68,953.68,0.0,1,0
A00875,2025-05-31,1851.04,0.0,1851.04,0,1
A00876,2025-05-31,274.48,0.0,274.48,0,1
A00877,2025-05-31,3557.24,3557.24,0.0,1,0
A00878,2025-05-31,468.27,0.0,468.27,0,1
A00879,2025-05-31,312.96,0.0,312.96,0,1
A00880,2025-05-31,1950.69,0.0,1950.69,0,1
A00881,2025-05-31,7855.73,7855.73,0.0,1,0
A00882,2025-05-31,2759.72,0.0,2759.72,0,1
A00883,2025-05-31,2294.77,2294.77,0.0,1,0
A00884,2025-05-31,3230.33,0.0,3230.33,0,1
A00885,2025-05-31,2334.81,0.0,2334.81,0,1
A00886,2025-05-31,1704.48,0.0,1704.48,0,1
A00887,2025-05-31,1454.09,0.0,1454.09,0,1
A00888,2025-05-31,745.61,0.0,745.61,0,1
A00889,2025-05-31,2863.05,0.0,2863.05,0,1
A00890,2025-05-31,2606.46,2606.46,0.0,1,0
A00891,2025-05-31,1603.48,1603.48,0.0,1,0
A00892,2025-05-31,545.28,0.0,545.28,0,1
A00893,2025-05-31,2356.27,0.0,2356.27,0,1
A00894,2025-05-31,1172.12,0.0,1172.12,0,1
A00895,2025-05-31,873.13,0.0,873.13,0,1
A00896,2025-05-31,659.64,0.0,659.64,0,1
A00897,2025-05-31,2622.08,0.0,2622.08,0,1
A00898,2025-05-31,744.68,0.0,744.68,0,1
A00899,2025-05-31,21.91,21.91,0.0,1,0
A00900,2025-05-31,2020.97,0.0,2020.97,0,1
A00901,2025-05-31,2574.66,0.0,2574.66,0,1
A00902,2025-05-31,399.12,399.12,0.0,1,0
A00903,2025-05-31,2444.77,0.0,2444.77,0,1
A00904,2025-05-31,906.65,0.0,906.65,0,1
A00905,2025-05-31,827.37,827.37,0.0,1,0
A00906,2025-05-31,2320.27,2320.27,0.0,1,0
A00907,2025-05-31,2659.1,2659.1,0.0,1,0
A00908,2025-05-31,930.11,0.0,930.11,0,1
A00909,2025-05-31,2086.59,2086.59,0.0,1,0
A00910,2025-05-31,2184.25,2184.25,0.0,1,0
A00911,2025-05-31,351.77,0.0,351.77,0,1
A00912,2025-05-31,2027.01,0.0,2027.01,0,1
A00913,2025-05-31,5125.12,0.0,5125.12,0,1
A00914,2025-05-31,2025.31,0.0,2025.31,0,1
A00915,2025-05-31,1949.17,1949.17,0.0,1,0
A00916,2025-05-31,724.43,0.0,724.43,0,1
A00917,2025-05-31,1511.91,1511.91,0.0,1,0
A00918,2025-05-31,1504.06,0.0,1504.06,0,1
A00919,2025-05-31,7271.02,7271.02,0.0,1,0
A00920,2025-05-31,190.86,0.0,190.86,0,1
A00921,2025-05-31,900.19,0.0,900.19,0,1
A00922,2025-05-31,1171.8,0.0,1171.8,0,1
A00923,2025-05-31,2292.98,0.0,2292.98,0,1
A00924,2025-05-31,1587.11,1587.11,0.0,1,0
A00925,2025-05-31,726.52,726.52,0.0,1,0
A00926,2025-05-31,3766.83,3766.83,0.0,1,0
A00927,2025-05-31,822.79,0.0,822.79,0,1
A00928,2025-05-31,1180.54,0.0,1180.54,0,1
A00929,2025-05-31,1909.07,0.0,1909.07,0,1
A00930,2025-05-31,8452.99,0.0,8452.99,0,1
A00931,2025-05-31,4810.5,0.0,4810.5,0,1
A00932,2025-05-31,1494.48,1494.48,0.0,1,0
A00933,2025-05-31,4433.58,0.0,4433.58,0,1
A00934,2025-05-31,2583.59,0.0,2583.59,0,1
A00935,2025-05-31,2574.77,0.0,2574.77,0,1
A00936,2025-05-31,1559.99,1559.99,0.0,1,0
A00937,2025-05-31,1269.28,0.0,1269.28,0,1
A00938,2025-05-31,421.04,0.0,421.04,0,1
A00939,2025-05-31,1338.77,0.0,1338.77,0,1
A00940,2025-05-31,3350.7,0.0,3350.7,0,1
A00941,2025-05-31,2170.2,0.0,2170.2,0,1
A00942,2025-05-31,1307.73,0.0,1307.73,0,1
A00943,2025-05-31,1307.14,0.0,1307.14,0,1
A00944,2025-05-31,1136.15,1136.15,0.0,1,0
A00945,2025-05-31,2264.71,0.0,2264.71,0,1
A00946,2025-05-31,2237.0,2237.0,0.0,1,0
A00947,2025-05-31,4434.89,4434.89,0.0,1,0
A00948,2025-05-31,2116.26,0.0,2116.26,0,1
A00949,2025-05-31,3940.9,0.0,3940.9,0,1
A00950,2025-05-31,3080.68,3080.68,0.0,1,0
A00951,2025-05-31,2606.56,0.0,2606.56,0,1
A00952,2025-05-31,549.16,0.0,549.16,0,1
A00953,2025-05-31,2665.54,2665.54,0.0,1,0
A00954,2025-05-31,3276.61,0.0,3276.61,0,1
A00955,2025-05-31,2564.6,0.0,2564.6,0,1
A00956,2025-05-31,390.87,0.0,390.87,0,1
A00957,2025-05-31,3715.1,3715.1,0.0,1,0
A00958,2025-05-31,754.3,0.0,754.3,0,1
A00959,2025-05-31,2437.87,0.0,2437.87,0,1
A00960,2025-05-31,1667.97,0.0,1667.97,0,1
A00961,2025-05-31,597.37,597.37,0.0,1,0
A00962,2025-05-31,1909.99,0.0,1909.99,0,1
A00963,2025-05-31,2407.41,0.0,2407.41,0,1
A00964,2025-05-31,1173.82,1173.82,0.0,1,0
A00965,2025-05-31,1296.43,1296.43,0.0,1,0
A00966,2025-05-31,188.27,0.0,188.27,0,1
A00967,2025-05-31,3877.04,0.0,3877.04,0,1
A00968,2025-05-31,2519.74,0.0,2519.74,0,1
A00969,2025-05-31,1087.29,0.0,1087.29,0,1
A00970,2025-05-31,1412.96,0.0,1412.96,0,1
A00971,2025-05-31,2522.99,0.0,2522.99,0,1
A00972,2025-05-31,2592.17,0.0,2592.17,0,1
A00973,2025-05-31,1744.64,1744.64,0.0,1,0
A00974,2025-05-31,516.74,0.0,516.74,0,1
A00975,2025-05-31,4490.0,4490.0,0.0,1,0
A00976,2025-05-31,751.97,0.0,751.97,0,1
A00977,2025-05-31,5354.11,0.0,5354.11,0,1
A00978,2025-05-31,1228.08,1228.08,0.0,1,0
A00979,2025-05-31,3469.66,3469.66,0.0,1,0
A00980,2025-05-31,1461.18,0.0,1461.18,0,1
A00981,2025-05-31,4022.54,0.0,4022.54,0,1
A00982,2025-05-31,2845.18,2845.18,0.0,1,0
A00983,2025-05-31,1935.96,0.0,1935.96,0,1
A00984,2025-05-31,878.13,0.0,878.13,0,1
A00985,2025-05-31,3560.7,3560.7,0.0,1,0
A00986,2025-05-31,7265.42,7265.42,0.0,1,0
A00987,2025-05-31,1675.69,1675.69,0.0,1,0
A00988,2025-05-31,636.03,0.0,636.03,0,1
A00989,2025-05-31,2100.03,0.0,2100.03,0,1
A00990,2025-05-31,1203.18,0.0,1203.18,0,1
A00991,2025-05-31,922.42,0.0,922.42,0,1
A00992,2025-05-31,6564.08,0.0,6564.08,0,1
A00993,2025-05-31,1084.75,1084.75,0.0,1,0
A00994,2025-05-31,3529.1,3529.1,0.0,1,0
A00995,2025-05-31,5047.93,5047.93,0.0,1,0
A00996,2025-05-31,3111.34,0.0,3111.34,0,1
A00997,2025-05-31,2307.09,0.0,2307.09,0,1
A00998,2025-05-31,209.18,0.0,209.18,0,1
A00999,2025-05-31,3323.0,0.0,3323.0,0,1
A01000,2025-05-31,1763.88,1763.88,0.0,1,0
A01001,2025-05-31,1308.53,0.0,1308.53,0,1
A01002,2025-05-31,4080.29,0.0,4080.29,0,1
A01003,2025-05-31,2040.93,2040.93,0.0,1,0
A01004,2025-05-31,3735.4,0.0,3735.4,0,1
A01005,2025-05-31,4944.98,4944.98,0.0,1,0
A01006,2025-05-31,4433.84,0.0,4433.84,0,1
A01007,2025-05-31,995.12,0.0,995.12,0,1
A01008,2025-05-31,680.74,680.74,0.0,1,0
A01009,2025-05-31,3957.45,0.0,3957.45,0,1
A01010,2025-05-31,4251.63,4251.63,0.0,1,0
A01011,2025-05-31,1678.69,0.0,1678.69,0,1
A01012,2025-05-31,3763.65,0.0,3763.65,0,1
A01013,2025-05-31,4119.82,0.0,4119.82,0,1
A01014,2025-05-31,6998.03,0.0,6998.03,0,1
A01015,2025-05-31,373.9,0.0,373.9,0,1
A01016,2025-05-31,6055.69,0.0,6055.69,0,1
A01017,2025-05-31,1477.23,0.0,1477.23,0,1
A01018,2025-05-31,5144.63,0.0,5144.63,0,1
A01019,2025-05-31,1983.89,0.0,1983.89,0,1
A01020,2025-05-31,4318.45,0.0,4318.45,0,1
A01021,2025-05-31,655.67,655.67,0.0,1,0
A01022,2025-05-31,2884.96,0.0,2884.96,0,1
A01023,2025-05-31,4297.34,0.0,4297.34,0,1
A01024,2025-05-31,1455.16,0.0,1455.16,0,1
A01025,2025-05-31,2494.49,2494.49,0.0,1,0
A01026,2025-05-31,3799.1,3799.1,0.0,1,0
A01027,2025-05-31,1432.23,1432.23,0.0,1,0
A01028,2025-05-31,395.23,395.23,0.0,1,0
A01029,2025-05-31,5870.44,5870.44,0.0,1,0
A01030,2025-05-31,3247.53,0.0,3247.53,0,1
A01031,2025-05-31,2287.34,2287.34,0.0,1,0
A01032,2025-05-31,797.75,797.75,0.0,1,0
A01033,2025-05-31,2536.11,2536.11,0.0,1,0
A01034,2025-05-31,2867.05,0.0,2867.05,0,1
A01035,2025-05-31,1018.09,0.0,1018.09,0,1
A01036,2025-05-31,3317.11,0.0,3317.11,0,1
A01037,2025-05-31,485.66,485.66,0.0,1,0
A01038,2025-05-31,571.15,571.15,0.0,1,0
A01039,2025-05-31,1649.93,1649.93,0.0,1,0
A01040,2025-05-31,178.27,0.0,178.27,0,1
A01041,2025-05-31,519.75,0.0,519.75,0,1
A01042,2025-05-31,2295.67,2295.67,0.0,1,0
A01043,2025-05-31,2403.76,0.0,2403.76,0,1
A01044,2025-05-31,1034.74,1034.74,0.0,1,0
A01045,2025-05-31,2045.28,0.0,2045.28,0,1
A01046,2025-05-31,1730.47,1730.47,0.0,1,0
A01047,2025-05-31,4398.68,0.0,4398.68,0,1
A01048,2025-05-31,623.75,0.0,623.75,0,1
A01049,2025-05-31,2906.95,0.0,2906.95,0,1
A01050,2025-05-31,2053.7,0.0,2053.7,0,1
A01051,2025-05-31,1812.13,1812.13,0.0,1,0
A01052,2025-05-31,434.77,0.0,434.77,0,1
A01053,2025-05-31,1533.69,0.0,1533.69,0,1
A01054,2025-05-31,725.49,0.0,725.49,0,1
A01055,2025-05-31,492.84,492.84,0.0,1,0
A01056,2025-05-31,2758.53,2758.53,0.0,1,0
A01057,2025-05-31,3923.63,0.0,3923.63,0,1
A01058,2025-05-31,1005.88,1005.88,0.0,1,0
A01059,2025-05-31,2009.65,0.0,2009.65,0,1
A01060,2025-05-31,1113.03,1113.03,0.0,1,0
A01061,2025-05-31,1370.79,0.0,1370.79,0,1
A01062,2025-05-31,2050.99,2050.99,0.0,1,0
A01063,2025-05-31,1911.06,0.0,1911.06,0,1
A01064,2025-05-31,2391.1,0.0,2391.1,0,1
A01065,2025-05-31,2809.23,0.0,2809.23,0,1
A01066,2025-05-31,864.69,0.0,864.69,0,1
A01067,2025-05-31,1729.68,0.0,1729.68,0,1
A01068,2025-05-31,482.56,482.56,0.0,1,0
A01069,2025-05-31,6872.28,0.0,6872.28,0,1
A01070,2025-05-31,1148.32,0.0,1148.32,0,1
A01071,2025-05-31,1659.77,1659.77,0.0,1,0
A01072,2025-05-31,1518.08,0.0,1518.08,0,1
A01073,2025-05-31,219.83,219.83,0.0,1,0
A01074,2025-05-31,2682.55,2682.55,0.0,1,0
A01075,2025-05-31,2846.72,0.0,2846.72,0,1
A01076,2025-05-31,1427.89,0.0,1427.89,0,1
A01077,2025-05-31,1434.32,0.0,1434.32,0,1
A01078,2025-05-31,4250.63,0.0,4250.63,0,1
A01079,2025-05-31,1452.63,1452.63,0.0,1,0
A01080,2025-05-31,2152.85,2152.85,0.0,1,0
A01081,2025-05-31,1519.23,0.0,1519.23,0,1
A01082,2025-05-31,1234.92,0.0,1234.92,0,1
A01083,2025-05-31,1125.46,1125.46,0.0,1,0
A01084,2025-05-31,3790.73,0.0,3790.73,0,1
A01085,2025-05-31,1780.47,1780.47,0.0,1,0
A01086,2025-05-31,1670.98,0.0,1670.98,0,1
A01087,2025-05-31,834.91,0.0,834.91,0,1
A01088,2025-05-31,1653.47,0.0,1653.47,0,1
A01089,2025-05-31,4632.67,0.0,4632.67,0,1
A01090,2025-05-31,1092.45,1092.45,0.0,1,0
A01091,2025-05-31,2201.86,0.0,2201.86,0,1
A01092,2025-05-31,1262.01,0.0,1262.01,0,1
A01093,2025-05-31,437.13,0.0,437.13,0,1
A01094,2025-05-31,2710.26,0.0,2710.26,0,1
A01095,2025-05-31,3227.24,0.0,3227.24,0,1
A01096,2025-05-31,374.03,0.0,374.03,0,1
A01097,2025-05-31,1058.67,0.0,1058.67,0,1
A01098,2025-05-31,1446.8,0.0,1446.8,0,1
A01099,2025-05-31,1390.49,1390.49,0.0,1,0
A01100,2025-05-31,7204.36,0.0,7204.36,0,1
A01101,2025-05-31,1659.57,0.0,1659.57,0,1
A01102,2025-05-31,1004.96,0.0,1004.96,0,1
A01103,2025-05-31,1558.16,0.0,1558.16,0,1
A01104,2025-05-31,325.3,0.0,325.3,0,1
A01105,2025-05-31,2682.87,0.0,2682.87,0,1
A01106,2025-05-31,2961.97,2961.97,0.0,1,0
A01107,2025-05-31,1058.6,0.0,1058.6,0,1
A01108,2025-05-31,3284.91,0.0,3284.91,0,1
A01109,2025-05-31,4601.18,4601.18,0.0,1,0
A01110,2025-05-31,1175.32,0.0,1175.32,0,1
A01111,2025-05-31,820.73,0.0,820.73,0,1
A01112,2025-05-31,4082.11,4082.11,0.0,1,0
A01113,2025-05-31,3073.8,0.0,3073.8,0,1
A01114,2025-05-31,2141.55,2141.55,0.0,1,0
A01115,2025-05-31,2186.64,2186.64,0.0,1,0
A01116,2025-05-31,318.64,318.64,0.0,1,0
A01117,2025-05-31,797.36,0.0,797.36,0,1
A01118,2025-05-31,3072.39,0.0,3072.39,0,1
A01119,2025-05-31,2535.99,0.0,2535.99,0,1
A01120,2025-05-31,1656.15,0.0,1656.15,0,1
A01121,2025-05-31,2297.05,2297.05,0.0,1,0
A01122,2025-05-31,950.04,950.04,0.0,1,0
A01123,2025-05-31,1579.39,0.0,1579.39,0,1
A01124,2025-05-31,603.91,0.0,603.91,0,1
A01125,2025-05-31,904.21,0.0,904.21,0,1
A01126,2025-05-31,175.21,175.21,0.0,1,0
A01127,2025-05-31,3617.28,3617.28,0.0,1,0
A01128,2025-05-31,1171.38,0.0,1171.38,0,1
A01129,2025-05-31,1130.12,0.0,1130.12,0,1
A01130,2025-05-31,2324.89,0.0,2324.89,0,1
A01131,2025-05-31,4262.38,0.0,4262.38,0,1
A01132,2025-05-31,1998.64,0.0,1998.64,0,1
A01133,2025-05-31,3523.55,3523.55,0.0,1,0
A01134,2025-05-31,910.89,910.89,0.0,1,0
A01135,2025-05-31,3238.14,0.0,3238.14,0,1
A01136,2025-05-31,1460.24,1460.24,0.0,1,0
A01137,2025-05-31,2329.16,0.0,2329.16,0,1
A01138,2025-05-31,2933.32,0.0,2933.32,0,1
A01139,2025-05-31,1044.44,1044.44,0.0,1,0
A01140,2025-05-31,1266.3,1266.3,0.0,1,0
A01141,2025-05-31,760.81,0.0,760.81,0,1
A01142,2025-05-31,710.39,710.39,0.0,1,0
A01143,2025-05-31,891.77,0.0,891.77,0,1
A01144,2025-05-31,963.46,0.0,963.46,0,1
A01145,2025-05-31,1395.67,1395.67,0.0,1,0
A01146,2025-05-31,2937.33,0.0,2937.33,0,1
A01147,2025-05-31,350.45,350.45,0.0,1,0
A01148,2025-05-31,1450.73,1450.73,0.0,1,0
A01149,2025-05-31,3134.22,0.0,3134.22,0,1
A01150,2025-05-31,917.17,917.17,0.0,1,0
A01151,2025-05-31,3210.07,0.0,3210.07,0,1
A01152,2025-05-31,3137.17,0.0,3137.17,0,1
A01153,2025-05-31,866.79,866.79,0.0,1,0
A01154,2025-05-31,559.13,559.13,0.0,1,0
A01155,2025-05-31,3448.85,3448.85,0.0,1,0
A01156,2025-05-31,2920.16,0.0,2920.16,0,1
A01157,2025-05-31,1390.83,0.0,1390.83,0,1
A01158,2025-05-31,2663.82,0.0,2663.82,0,1
A01159,2025-05-31,1016.06,1016.06,0.0,1,0
A01160,2025-05-31,453.95,453.95,0.0,1,0
A01161,2025-05-31,1345.81,1345.81,0.0,1,0
A01162,2025-05-31,2835.04,2835.04,0.0,1,0
A01163,2025-05-31,1428.91,1428.91,0.0,1,0
A01164,2025-05-31,4461.48,0.0,4461.48,0,1
A01165,2025-05-31,2319.86,2319.86,0.0,1,0
A01166,2025-05-31,710.79,0.0,710.79,0,1
A01167,2025-05-31,2700.7,2700.7,0.0,1,0
A01168,2025-05-31,4649.69,0.0,4649.69,0,1
A01169,2025-05-31,1066.37,0.0,1066.37,0,1
A01170,2025-05-31,1467.16,0.0,1467.16,0,1
A01171,2025-05-31,1039.38,0.0,1039.38,0,1
A01172,2025-05-31,813.16,0.0,813.16,0,1
A01173,2025-05-31,1426.7,1426.7,0.0,1,0
A01174,2025-05-31,465.63,0.0,465.63,0,1
A01175,2025-05-31,2937.08,2937.08,0.0,1,0
A01176,2025-05-31,1214.57,0.0,1214.57,0,1
A01177,2025-05-31,902.18,0.0,902.18,0,1
A01178,2025-05-31,4912.15,0.0,4912.15,0,1
A01179,2025-05-31,662.12,662.12,0.0,1,0
A01180,2025-05-31,2876.75,0.0,2876.75,0,1
A01181,2025-05-31,2207.7,2207.7,0.0,1,0
A01182,2025-05-31,770.35,770.35,0.0,1,0
A01183,2025-05-31,2122.22,2122.22,0.0,1,0
A01184,2025-05-31,1409.51,1409.51,0.0,1,0
A01185,2025-05-31,3520.57,3520.57,0.0,1,0
A01186,2025-05-31,2667.35,2667.35,0.0,1,0
A01187,2025-05-31,3826.71,3826.71,0.0,1,0
A01188,2025-05-31,2657.42,2657.42,0.0,1,0
A01189,2025-05-31,2924.76,2924.76,0.0,1,0
A01190,2025-05-31,3471.92,0.0,3471.92,0,1
A01191,2025-05-31,1253.37,1253.37,0.0,1,0
A01192,2025-05-31,4379.36,4379.36,0.0,1,0
A01193,2025-05-31,1380.62,0.0,1380.62,0,1
A01194,2025-05-31,2135.47,0.0,2135.47,0,1
A01195,2025-05-31,1622.95,1622.95,0.0,1,0
A01196,2025-05-31,2994.08,2994.08,0.0,1,0
A01197,2025-05-31,2540.12,2540.12,0.0,1,0
A01198,2025-05-31,3674.21,0.0,3674.21,0,1
A01199,2025-05-31,2587.9,0.0,2587.9,0,1
A01200,2025-05-31,5486.31,0.0,5486.31,0,1
A01201,2025-05-31,1330.26,1330.26,0.0,1,0
A01202,2025-05-31,1127.27,0.0,1127.27,0,1
A01203,2025-05-31,1007.96,1007.96,0.0,1,0
A01204,2025-05-31,1072.04,0.0,1072.04,0,1
A01205,2025-05-31,3446.73,0.0,3446.73,0,1
A01206,2025-05-31,3197.15,0.0,3197.15,0,1
A01207,2025-05-31,1703.32,0.0,1703.32,0,1
A01208,2025-05-31,5410.46,0.0,5410.46,0,1
A01209,2025-05-31,1753.53,1753.53,0.0,1,0
A01210,2025-05-31,2184.3,0.0,2184.3,0,1
A01211,2025-05-31,1970.76,0.0,1970.76,0,1
A01212,2025-05-31,3649.03,0.0,3649.03,0,1
A01213,2025-05-31,1042.81,0.0,1042.81,0,1
A01214,2025-05-31,988.59,988.59,0.0,1,0
A01215,2025-05-31,643.52,0.0,643.52,0,1
A01216,2025-05-31,1902.26,1902.26,0.0,1,0
A01217,2025-05-31,392.58,0.0,392.58,0,1
A01218,2025-05-31,5159.73,5159.73,0.0,1,0
A01219,2025-05-31,742.72,0.0,742.72,0,1
A01220,2025-05-31,1155.6,0.0,1155.6,0,1
A01221,2025-05-31,1860.19,1860.19,0.0,1,0
A01222,2025-05-31,799.99,799.99,0.0,1,0
A01223,2025-05-31,4060.3,0.0,4060.3,0,1
A01224,2025-05-31,2780.59,2780.59,0.0,1,0
A01225,2025-05-31,3146.62,3146.62,0.0,1,0
A01226,2025-05-31,1555.94,1555.94,0.0,1,0
A01227,2025-05-31,683.11,0.0,683.11,0,1
A01228,2025-05-31,2725.27,0.0,2725.27,0,1
A01229,2025-05-31,1476.41,1476.41,0.0,1,0
A01230,2025-05-31,2890.12,2890.12,0.0,1,0
A01231,2025-05-31,3718.29,0.0,3718.29,0,1
A01232,2025-05-31,2211.68,0.0,2211.68,0,1
A01233,2025-05-31,851.56,0.0,851.56,0,1
A01234,2025-05-31,1358.65,0.0,1358.65,0,1
A01235,2025-05-31,185.64,0.0,185.64,0,1
A01236,2025-05-31,2468.57,2468.57,0.0,1,0
A01237,2025-05-31,4236.64,4236.64,0.0,1,0
A01238,2025-05-31,1977.63,0.0,1977.63,0,1
A01239,2025-05-31,1398.23,1398.23,0.0,1,0
A01240,2025-05-31,2910.52,0.0,2910.52,0,1
A01241,2025-05-31,906.04,0.0,906.04,0,1
A01242,2025-05-31,4144.96,0.0,4144.96,0,1
A01243,2025-05-31,1685.46,0.0,1685.46,0,1
A01244,2025-05-31,1734.46,1734.46,0.0,1,0
A01245,2025-05-31,3613.07,0.0,3613.07,0,1
A01246,2025-05-31,545.49,0.0,545.49,0,1
A01247,2025-05-31,4795.71,0.0,4795.71,0,1
A01248,2025-05-31,3181.99,0.0,3181.99,0,1
A01249,2025-05-31,2248.65,0.0,2248.65,0,1
A01250,2025-05-31,391.45,0.0,391.45,0,1
A01251,2025-05-31,1376.12,1376.12,0.0,1,0
A01252,2025-05-31,590.69,0.0,590.69,0,1
A01253,2025-05-31,627.12,627.12,0.0,1,0
A01254,2025-05-31,2610.85,2610.85,0.0,1,0
A01255,2025-05-31,917.24,0.0,917.24,0,1
A01256,2025-05-31,3827.87,0.0,3827.87,0,1
A01257,2025-05-31,3787.35,0.0,3787.35,0,1
A01258,2025-05-31,2880.71,2880.71,0.0,1,0
A01259,2025-05-31,1597.81,0.0,1597.81,0,1
A01260,2025-05-31,1640.53,0.0,1640.53,0,1
A01261,2025-05-31,3397.29,0.0,3397.29,0,1
A01262,2025-05-31,3062.87,3062.87,0.0,1,0
A01263,2025-05-31,2417.44,2417.44,0.0,1,0
A01264,2025-05-31,3495.62,0.0,3495.62,0,1
A01265,2025-05-31,4092.18,0.0,4092.18,0,1
A01266,2025-05-31,1659.98,0.0,1659.98,0,1
A01267,2025-05-31,5308.87,0.0,5308.87,0,1
A01268,2025-05-31,3783.12,0.0,3783.12,0,1
A01269,2025-05-31,1409.15,0.0,1409.15,0,1
A01270,2025-05-31,3539.12,3539.12,0.0,1,0
A01271,2025-05-31,3078.14,0.0,3078.14,0,1
A01272,2025-05-31,3054.26,3054.26,0.0,1,0
A01273,2025-05-31,1049.23,0.0,1049.23,0,1
A01274,2025-05-31,1310.21,1310.21,0.0,1,0
A01275,2025-05-31,846.84,0.0,846.84,0,1
A01276,2025-05-31,1814.37,0.0,1814.37,0,1
A01277,2025-05-31,415.52,0.0,415.52,0,1
A01278,2025-05-31,226.26,0.0,226.26,0,1
A01279,2025-05-31,3472.14,3472.14,0.0,1,0
A01280,2025-05-31,2045.34,2045.34,0.0,1,0
A01281,2025-05-31,2246.81,2246.81,0.0,1,0
A01282,2025-05-31,1037.91,1037.91,0.0,1,0
A01283,2025-05-31,1161.25,0.0,1161.25,0,1
A01284,2025-05-31,1030.8,1030.8,0.0,1,0
A01285,2025-05-31,3465.83,3465.83,0.0,1,0
A01286,2025-05-31,3633.26,3633.26,0.0,1,0
A01287,2025-05-31,1738.4,0.0,1738.4,0,1
A01288,2025-05-31,758.27,0.0,758.27,0,1
A01289,2025-05-31,6063.99,0.0,6063.99,0,1
A01290,2025-05-31,2832.33,2832.33,0.0,1,0
A01291,2025-05-31,4073.05,0.0,4073.05,0,1
A01292,2025-05-31,1801.07,0.0,1801.07,0,1
A01293,2025-05-31,2184.2,2184.2,0.0,1,0
A01294,2025-05-31,2403.87,0.0,2403.87,0,1
A01295,2025-05-31,1395.76,0.0,1395.76,0,1
A01296,2025-05-31,1248.07,0.0,1248.07,0,1
A01297,2025-05-31,1153.18,0.0,1153.18,0,1
A01298,2025-05-31,6365.91,0.0,6365.91,0,1
A01299,2025-05-31,218.03,0.0,218.03,0,1
A01300,2025-05-31,1373.02,0.0,1373.02,0,1
A01301,2025-05-31,5854.59,5854.59,0.0,1,0
A01302,2025-05-31,1038.62,1038.62,0.0,1,0
A01303,2025-05-31,489.83,489.83,0.0,1,0
A01304,2025-05-31,1765.01,1765.01,0.0,1,0
A01305,2025-05-31,1511.59,0.0,1511.59,0,1
A01306,2025-05-31,264.37,264.37,0.0,1,0
A01307,2025-05-31,3516.23,3516.23,0.0,1,0
A01308,2025-05-31,2231.9,0.0,2231.9,0,1
A01309,2025-05-31,760.05,760.05,0.0,1,0
A01310,2025-05-31,4786.96,0.0,4786.96,0,1
A01311,2025-05-31,3086.49,0.0,3086.49,0,1
A01312,2025-05-31,1216.96,0.0,1216.96,0,1
A01313,2025-05-31,4024.46,0.0,4024.46,0,1
A01314,2025-05-31,2736.84,2736.84,0.0,1,0
A01315,2025-05-31,3114.17,0.0,3114.17,0,1
A01316,2025-05-31,2821.5,0.0,2821.5,0,1
A01317,2025-05-31,2490.26,2490.26,0.0,1,0
A01318,2025-05-31,4774.88,4774.88,0.0,1,0
A01319,2025-05-31,3280.04,3280.04,0.0,1,0
A01320,2025-05-31,984.46,984.46,0.0,1,0
A01321,2025-05-31,652.56,0.0,652.56,0,1
A01322,2025-05-31,5273.38,0.0,5273.38,0,1
A01323,2025-05-31,2559.72,2559.72,0.0,1,0
A01324,2025-05-31,1394.88,1394.88,0.0,1,0
A01325,2025-05-31,756.82,0.0,756.82,0,1
A01326,2025-05-31,4992.04,0.0,4992.04,0,1
A01327,2025-05-31,1440.3,0.0,1440.3,0,1
A01328,2025-05-31,5865.53,5865.53,0.0,1,0
A01329,2025-05-31,3582.21,0.0,3582.21,0,1
A01330,2025-05-31,773.7,0.0,773.7,0,1
A01331,2025-05-31,2094.72,2094.72,0.0,1,0
A01332,2025-05-31,3207.4,0.0,3207.4,0,1
A01333,2025-05-31,1441.65,0.0,1441.65,0,1
A01334,2025-05-31,4860.65,0.0,4860.65,0,1
A01335,2025-05-31,1198.26,0.0,1198.26,0,1
A01336,2025-05-31,1142.44,1142.44,0.0,1,0
A01337,2025-05-31,1883.26,0.0,1883.26,0,1
A01338,2025-05-31,2208.15,0.0,2208.15,0,1
A01339,2025-05-31,3384.92,0.0,3384.92,0,1
A01340,2025-05-31,3444.25,3444.25,0.0,1,0
A01341,2025-05-31,3808.12,3808.12,0.0,1,0
A01342,2025-05-31,1193.37,0.0,1193.37,0,1
A01343,2025-05-31,1045.44,0.0,1045.44,0,1
A01344,2025-05-31,98.43,0.0,98.43,0,1
A01345,2025-05-31,387.77,387.77,0.0,1,0
A01346,2025-05-31,3660.01,0.0,3660.01,0,1
A01347,2025-05-31,2973.16,0.0,2973.16,0,1
A01348,2025-05-31,929.36,0.0,929.36,0,1
A01349,2025-05-31,3755.41,0.0,3755.41,0,1
A01350,2025-05-31,802.96,802.96,0.0,1,0
A01351,2025-05-31,2450.74,0.0,2450.74,0,1
A01352,2025-05-31,1597.34,0.0,1597.34,0,1
A01353,2025-05-31,990.82,990.82,0.0,1,0
A01354,2025-05-31,817.68,0.0,817.68,0,1
A01355,2025-05-31,3056.64,3056.64,0.0,1,0
A01356,2025-05-31,2432.75,2432.75,0.0,1,0
A01357,2025-05-31,5742.94,0.0,5742.94,0,1
A01358,2025-05-31,3198.94,3198.94,0.0,1,0
A01359,2025-05-31,2630.06,2630.06,0.0,1,0
A01360,2025-05-31,8752.23,0.0,8752.23,0,1
A01361,2025-05-31,408.78,408.78,0.0,1,0
A01362,2025-05-31,2932.39,0.0,2932.39,0,1
A01363,2025-05-31,2452.11,2452.11,0.0,1,0
A01364,2025-05-31,3321.75,3321.75,0.0,1,0
A01365,2025-05-31,488.7,488.7,0.0,1,0
A01366,2025-05-31,4551.41,0.0,4551.41,0,1
A01367,2025-05-31,1195.34,0.0,1195.34,0,1
A01368,2025-05-31,690.01,690.01,0.0,1,0
A01369,2025-05-31,1532.99,1532.99,0.0,1,0
A01370,2025-05-31,760.2,0.0,760.2,0,1
A01371,2025-05-31,272.25,0.0,272.25,0,1
A01372,2025-05-31,3499.88,0.0,3499.88,0,1
A01373,2025-05-31,504.53,0.0,504.53,0,1
A01374,2025-05-31,2299.81,0.0,2299.81,0,1
A01375,2025-05-31,1082.36,1082.36,0.0,1,0
A01376,2025-05-31,3753.33,0.0,3753.33,0,1
A01377,2025-05-31,1367.55,1367.55,0.0,1,0
A01378,2025-05-31,3224.6,0.0,3224.6,0,1
A01379,2025-05-31,929.65,929.65,0.0,1,0
A01380,2025-05-31,1394.46,1394.46,0.0,1,0
A01381,2025-05-31,10045.33,10045.33,0.0,1,0
A01382,2025-05-31,1194.42,0.0,1194.42,0,1
A01383,2025-05-31,2934.96,2934.96,0.0,1,0
A01384,2025-05-31,982.97,0.0,982.97,0,1
A01385,2025-05-31,601.52,0.0,601.52,0,1
A01386,2025-05-31,204.58,0.0,204.58,0,1
A01387,2025-05-31,521.7,0.0,521.7,0,1
A01388,2025-05-31,3708.83,3708.83,0.0,1,0
A01389,2025-05-31,771.49,771.49,0.0,1,0
A01390,2025-05-31,1412.63,0.0,1412.63,0,1
A01391,2025-05-31,1701.34,1701.34,0.0,1,0
A01392,2025-05-31,2825.26,0.0,2825.26,0,1
A01393,2025-05-31,825.12,0.0,825.12,0,1
A01394,2025-05-31,2586.64,2586.64,0.0,1,0
A01395,2025-05-31,2233.04,2233.04,0.0,1,0
A01396,2025-05-31,548.19,548.19,0.0,1,0
A01397,2025-05-31,971.17,0.0,971.17,0,1
A01398,2025-05-31,1485.24,0.0,1485.24,0,1
A01399,2025-05-31,2328.83,2328.83,0.0,1,0
A01400,2025-05-31,1662.6,0.0,1662.6,0,1
A01401,2025-05-31,100.85,100.85,0.0,1,0
A01402,2025-05-31,5149.58,5149.58,0.0,1,0
A01403,2025-05-31,5153.53,0.0,5153.53,0,1
A01404,2025-05-31,4355.84,0.0,4355.84,0,1
A01405,2025-05-31,3259.79,3259.79,0.0,1,0
A01406,2025-05-31,6288.52,6288.52,0.0,1,0
A01407,2025-05-31,1912.97,1912.97,0.0,1,0
A01408,2025-05-31,3536.92,0.0,3536.92,0,1
A01409,2025-05-31,1087.22,1087.22,0.0,1,0
A01410,2025-05-31,3962.14,0.0,3962.14,0,1
A01411,2025-05-31,2065.29,0.0,2065.29,0,1
A01412,2025-05-31,988.51,0.0,988.51,0,1
A01413,2025-05-31,3075.81,0.0,3075.81,0,1
A01414,2025-05-31,537.95,0.0,537.95,0,1
A01415,2025-05-31,4280.35,0.0,4280.35,0,1
A01416,2025-05-31,2432.23,0.0,2432.23,0,1
A01417,2025-05-31,776.99,0.0,776.99,0,1
A01418,2025-05-31,1223.03,1223.03,0.0,1,0
A01419,2025-05-31,1835.22,1835.22,0.0,1,0
A01420,2025-05-31,3271.88,3271.88,0.0,1,0
A01421,2025-05-31,3705.19,3705.19,0.0,1,0
A01422,2025-05-31,1351.52,1351.52,0.0,1,0
A01423,2025-05-31,1461.89,0.0,1461.89,0,1
A01424,2025-05-31,5668.89,0.0,5668.89,0,1
A01425,2025-05-31,741.81,741.81,0.0,1,0
A01426,2025-05-31,2725.55,0.0,2725.55,0,1
A01427,2025-05-31,896.68,0.0,896.68,0,1
A01428,2025-05-31,378.99,0.0,378.99,0,1
A01429,2025-05-31,655.62,0.0,655.62,0,1
A01430,2025-05-31,2484.86,2484.86,0.0,1,0
A01431,2025-05-31,2473.09,0.0,2473.09,0,1
A01432,2025-05-31,2885.36,0.0,2885.36,0,1
A01433,2025-05-31,1380.75,1380.75,0.0,1,0
A01434,2025-05-31,3560.94,0.0,3560.94,0,1
A01435,2025-05-31,2109.5,0.0,2109.5,0,1
A01436,2025-05-31,950.77,0.0,950.77,0,1
A01437,2025-05-31,3159.26,0.0,3159.26,0,1
A01438,2025-05-31,1415.0,0.0,1415.0,0,1
A01439,2025-05-31,472.16,0.0,472.16,0,1
A01440,2025-05-31,2859.28,2859.28,0.0,1,0
A01441,2025-05-31,2204.99,0.0,2204.99,0,1
A01442,2025-05-31,1849.48,1849.48,0.0,1,0
A01443,2025-05-31,2507.48,0.0,2507.48,0,1
A01444,2025-05-31,4164.23,4164.23,0.0,1,0
A01445,2025-05-31,2208.34,0.0,2208.34,0,1
A01446,2025-05-31,818.38,0.0,818.38,0,1
A01447,2025-05-31,1765.9,1765.9,0.0,1,0
A01448,2025-05-31,3104.32,3104.32,0.0,1,0
A01449,2025-05-31,2580.71,0.0,2580.71,0,1
A01450,2025-05-31,1138.03,1138.03,0.0,1,0
A01451,2025-05-31,1091.37,1091.37,0.0,1,0
A01452,2025-05-31,2307.24,0.0,2307.24,0,1
A01453,2025-05-31,1985.11,0.0,1985.11,0,1
A01454,2025-05-31,541.83,0.0,541.83,0,1
A01455,2025-05-31,1409.63,0.0,1409.63,0,1
A01456,2025-05-31,9842.81,9842.81,0.0,1,0
A01457,2025-05-31,1152.17,1152.17,0.0,1,0
A01458,2025-05-31,2176.95,2176.95,0.0,1,0
A01459,2025-05-31,1990.85,1990.85,0.0,1,0
A01460,2025-05-31,2482.74,0.0,2482.74,0,1
A01461,2025-05-31,1265.32,0.0,1265.32,0,1
A01462,2025-05-31,3994.41,0.0,3994.41,0,1
A01463,2025-05-31,3932.15,3932.15,0.0,1,0
A01464,2025-05-31,1422.54,0.0,1422.54,0,1
A01465,2025-05-31,1633.2,0.0,1633.2,0,1
A01466,2025-05-31,1742.07,0.0,1742.07,0,1
A01467,2025-05-31,3319.67,3319.67,0.0,1,0
A01468,2025-05-31,4118.21,4118.21,0.0,1,0
A01469,2025-05-31,1052.73,1052.73,0.0,1,0
A01470,2025-05-31,1028.0,0.0,1028.0,0,1
A01471,2025-05-31,1016.36,0.0,1016.36,0,1
A01472,2025-05-31,2813.56,0.0,2813.56,0,1
A01473,2025-05-31,2855.38,2855.38,0.0,1,0
A01474,2025-05-31,3117.97,0.0,3117.97,0,1
A01475,2025-05-31,3534.9,0.0,3534.9,0,1
A01476,2025-05-31,3159.07,0.0,3159.07,0,1
A01477,2025-05-31,1071.46,1071.46,0.0,1,0
A01478,2025-05-31,876.48,0.0,876.48,0,1
A01479,2025-05-31,2560.38,0.0,2560.38,0,1
A01480,2025-05-31,667.1,0.0,667.1,0,1
A01481,2025-05-31,915.46,0.0,915.46,0,1
A01482,2025-05-31,1908.17,0.0,1908.17,0,1
A01483,2025-05-31,5789.21,5789.21,0.0,1,0
A01484,2025-05-31,1626.12,1626.12,0.0,1,0
A01485,2025-05-31,3668.14,0.0,3668.14,0,1
A01486,2025-05-31,1013.68,0.0,1013.68,0,1
A01487,2025-05-31,1076.9,0.0,1076.9,0,1
A01488,2025-05-31,957.96,957.96,0.0,1,0
A01489,2025-05-31,2377.67,0.0,2377.67,0,1
A01490,2025-05-31,4083.72,0.0,4083.72,0,1
A01491,2025-05-31,645.46,0.0,645.46,0,1
A01492,2025-05-31,5319.3,0.0,5319.3,0,1
A01493,2025-05-31,6690.32,0.0,6690.32,0,1
A01494,2025-05-31,1682.41,1682.41,0.0,1,0
A01495,2025-05-31,469.84,469.84,0.0,1,0
A01496,2025-05-31,7109.0,7109.0,0.0,1,0
A01497,2025-05-31,733.54,0.0,733.54,0,1
A01498,2025-05-31,3789.12,0.0,3789.12,0,1
A01499,2025-05-31,1344.13,0.0,1344.13,0,1
A01500,2025-05-31,3558.2,0.0,3558.2,0,1
A01501,2025-05-31,226.63,0.0,226.63,0,1
A01502,2025-05-31,2663.76,0.0,2663.76,0,1
A01503,2025-05-31,1792.08,0.0,1792.08,0,1
A01504,2025-05-31,253.74,0.0,253.74,0,1
A01505,2025-05-31,7494.68,0.0,7494.68,0,1
A01506,2025-05-31,1824.09,0.0,1824.09,0,1
A01507,2025-05-31,936.33,0.0,936.33,0,1
A01508,2025-05-31,2956.27,0.0,2956.27,0,1
A01509,2025-05-31,1209.29,1209.29,0.0,1,0
A01510,2025-05-31,1427.55,0.0,1427.55,0,1
A01511,2025-05-31,2223.91,0.0,2223.91,0,1
A01512,2025-05-31,4299.74,0.0,4299.74,0,1
A01513,2025-05-31,1257.99,0.0,1257.99,0,1
A01514,2025-05-31,4170.51,0.0,4170.51,0,1
A01515,2025-05-31,2524.81,0.0,2524.81,0,1
A01516,2025-05-31,2231.67,0.0,2231.67,0,1
A01517,2025-05-31,1413.25,0.0,1413.25,0,1
A01518,2025-05-31,2418.78,0.0,2418.78,0,1
A01519,2025-05-31,1525.35,0.0,1525.35,0,1
A01520,2025-05-31,2144.06,0.0,2144.06,0,1
A01521,2025-05-31,3163.94,0.0,3163.94,0,1
A01522,2025-05-31,1736.95,0.0,1736.95,0,1
A01523,2025-05-31,3685.56,3685.56,0.0,1,0
A01524,2025-05-31,1099.66,1099.66,0.0,1,0
A01525,2025-05-31,837.15,837.15,0.0,1,0
A01526,2025-05-31,4287.47,4287.47,0.0,1,0
A01527,2025-05-31,2736.13,0.0,2736.13,0,1
A01528,2025-05-31,780.12,0.0,780.12,0,1
A01529,2025-05-31,6030.33,0.0,6030.33,0,1
A01530,2025-05-31,4581.34,0.0,4581.34,0,1
A01531,2025-05-31,5636.97,0.0,5636.97,0,1
A01532,2025-05-31,2655.69,0.0,2655.69,0,1
A01533,2025-05-31,1215.18,0.0,1215.18,0,1
A01534,2025-05-31,2361.41,0.0,2361.41,0,1
A01535,2025-05-31,1880.68,0.0,1880.68,0,1
A01536,2025-05-31,2431.59,0.0,2431.59,0,1
A01537,2025-05-31,1908.74,1908.74,0.0,1,0
A01538,2025-05-31,2025.81,0.0,2025.81,0,1
A01539,2025-05-31,2844.01,0.0,2844.01,0,1
A01540,2025-05-31,3279.15,3279.15,0.0,1,0
A01541,2025-05-31,1234.94,0.0,1234.94,0,1
A01542,2025-05-31,2762.13,2762.13,0.0,1,0
A01543,2025-05-31,1931.68,1931.68,0.0,1,0
A01544,2025-05-31,3309.68,3309.68,0.0,1,0
A01545,2025-05-31,885.7,885.7,0.0,1,0
A01546,2025-05-31,1690.95,0.0,1690.95,0,1
A01547,2025-05-31,3046.66,3046.66,0.0,1,0
A01548,2025-05-31,1694.68,0.0,1694.68,0,1
A01549,2025-05-31,1950.64,0.0,1950.64,0,1
A01550,2025-05-31,1183.67,1183.67,0.0,1,0
A01551,2025-05-31,1126.52,0.0,1126.52,0,1
A01552,2025-05-31,1061.15,0.0,1061.15,0,1
A01553,2025-05-31,334.23,0.0,334.23,0,1
A01554,2025-05-31,2527.73,0.0,2527.73,0,1
A01555,2025-05-31,1126.0,1126.0,0.0,1,0
A01556,2025-05-31,146.1,146.1,0.0,1,0
A01557,2025-05-31,2105.59,2105.59,0.0,1,0
A01558,2025-05-31,1810.95,0.0,1810.95,0,1
A01559,2025-05-31,3378.2,3378.2,0.0,1,0
A01560,2025-05-31,1505.88,1505.88,0.0,1,0
A01561,2025-05-31,232.41,232.41,0.0,1,0
A01562,2025-05-31,866.0,0.0,866.0,0,1
A01563,2025-05-31,1839.62,1839.62,0.0,1,0
A01564,2025-05-31,1939.49,0.0,1939.49,0,1
A01565,2025-05-31,3321.48,3321.48,0.0,1,0
A01566,2025-05-31,1322.36,0.0,1322.36,0,1
A01567,2025-05-31,979.7,0.0,979.7,0,1
A01568,2025-05-31,1385.97,1385.97,0.0,1,0
A01569,2025-05-31,1892.94,1892.94,0.0,1,0
A01570,2025-05-31,2880.17,0.0,2880.17,0,1
A01571,2025-05-31,525.3,0.0,525.3,0,1
A01572,2025-05-31,414.28,0.0,414.28,0,1
A01573,2025-05-31,5007.18,5007.18,0.0,1,0
A01574,2025-05-31,488.3,488.3,0.0,1,0
A01575,2025-05-31,361.63,0.0,361.63,0,1
A01576,2025-05-31,2863.27,2863.27,0.0,1,0
A01577,2025-05-31,719.29,719.29,0.0,1,0
A01578,2025-05-31,660.01,660.01,0.0,1,0
A01579,2025-05-31,3096.57,0.0,3096.57,0,1
A01580,2025-05-31,422.14,0.0,422.14,0,1
A01581,2025-05-31,4738.34,4738.34,0.0,1,0
A01582,2025-05-31,6074.74,6074.74,0.0,1,0
A01583,2025-05-31,584.43,584.43,0.0,1,0
A01584,2025-05-31,479.42,479.42,0.0,1,0
A01585,2025-05-31,1993.06,1993.06,0.0,1,0
A01586,2025-05-31,3375.67,0.0,3375.67,0,1
A01587,2025-05-31,584.39,0.0,584.39,0,1
A01588,2025-05-31,1266.49,1266.49,0.0,1,0
A01589,2025-05-31,1852.2,0.0,1852.2,0,1
A01590,2025-05-31,469.69,0.0,469.69,0,1
A01591,2025-05-31,4229.15,4229.15,0.0,1,0
A01592,2025-05-31,627.43,627.43,0.0,1,0
A01593,2025-05-31,2598.33,0.0,2598.33,0,1
A01594,2025-05-31,2722.27,0.0,2722.27,0,1
A01595,2025-05-31,2297.19,2297.19,0.0,1,0
A01596,2025-05-31,1208.68,0.0,1208.68,0,1
A01597,2025-05-31,1662.46,0.0,1662.46,0,1
A01598,2025-05-31,1378.4,0.0,1378.4,0,1
A01599,2025-05-31,306.75,306.75,0.0,1,0
A01600,2025-05-31,383.56,0.0,383.56,0,1
A01601,2025-05-31,3940.92,3940.92,0.0,1,0
A01602,2025-05-31,2140.39,0.0,2140.39,0,1
A01603,2025-05-31,1552.48,0.0,1552.48,0,1
A01604,2025-05-31,1595.08,1595.08,0.0,1,0
A01605,2025-05-31,254.8,254.8,0.0,1,0
A01606,2025-05-31,2025.29,2025.29,0.0,1,0
A01607,2025-05-31,6067.02,0.0,6067.02,0,1
A01608,2025-05-31,1924.84,1924.84,0.0,1,0
A01609,2025-05-31,891.16,0.0,891.16,0,1
A01610,2025-05-31,1295.87,0.0,1295.87,0,1
A01611,2025-05-31,2428.87,2428.87,0.0,1,0
A01612,2025-05-31,3939.08,3939.08,0.0,1,0
A01613,2025-05-31,4289.87,4289.87,0.0,1,0
A01614,2025-05-31,1035.66,1035.66,0.0,1,0
A01615,2025-05-31,1299.92,1299.92,0.0,1,0
A01616,2025-05-31,4589.31,0.0,4589.31,0,1
A01617,2025-05-31,1504.72,0.0,1504.72,0,1
A01618,2025-05-31,2575.73,0.0,2575.73,0,1
A01619,2025-05-31,2340.58,0.0,2340.58,0,1
A01620,2025-05-31,3198.92,3198.92,0.0,1,0
A01621,2025-05-31,3532.52,0.0,3532.52,0,1
A01622,2025-05-31,5998.24,0.0,5998.24,0,1
A01623,2025-05-31,3312.7,0.0,3312.7,0,1
A01624,2025-05-31,2479.16,2479.16,0.0,1,0
A01625,2025-05-31,763.15,763.15,0.0,1,0
A01626,2025-05-31,5129.97,5129.97,0.0,1,0
A01627,2025-05-31,1256.33,0.0,1256.33,0,1
A01628,2025-05-31,3013.77,0.0,3013.77,0,1
A01629,2025-05-31,2227.71,2227.71,0.0,1,0
A01630,2025-05-31,3503.74,0.0,3503.74,0,1
A01631,2025-05-31,937.34,937.34,0.0,1,0
A01632,2025-05-31,2039.99,2039.99,0.0,1,0
A01633,2025-05-31,964.56,964.56,0.0,1,0
A01634,2025-05-31,1903.28,0.0,1903.28,0,1
A01635,2025-05-31,2577.86,2577.86,0.0,1,0
A01636,2025-05-31,1603.91,1603.91,0.0,1,0
A01637,2025-05-31,1222.16,1222.16,0.0,1,0
A01638,2025-05-31,4802.54,0.0,4802.54,0,1
A01639,2025-05-31,881.06,0.0,881.06,0,1
A01640,2025-05-31,783.46,0.0,783.46,0,1
A01641,2025-05-31,1497.28,1497.28,0.0,1,0
A01642,2025-05-31,231.86,231.86,0.0,1,0
A01643,2025-05-31,2305.28,0.0,2305.28,0,1
A01644,2025-05-31,3298.11,3298.11,0.0,1,0
A01645,2025-05-31,4672.25,0.0,4672.25,0,1
A01646,2025-05-31,2015.92,2015.92,0.0,1,0
A01647,2025-05-31,3383.68,0.0,3383.68,0,1
A01648,2025-05-31,861.11,0.0,861.11,0,1
A01649,2025-05-31,1305.13,1305.13,0.0,1,0
A01650,2025-05-31,1080.25,1080.25,0.0,1,0
A01651,2025-05-31,762.17,762.17,0.0,1,0
A01652,2025-05-31,741.69,0.0,741.69,0,1
A01653,2025-05-31,870.06,870.06,0.0,1,0
A01654,2025-05-31,1011.5,0.0,1011.5,0,1
A01655,2025-05-31,1264.73,1264.73,0.0,1,0
A01656,2025-05-31,2312.75,0.0,2312.75,0,1
A01657,2025-05-31,430.71,0.0,430.71,0,1
A01658,2025-05-31,2182.19,0.0,2182.19,0,1
A01659,2025-05-31,1957.17,0.0,1957.17,0,1
A01660,2025-05-31,2123.47,0.0,2123.47,0,1
A01661,2025-05-31,3479.53,0.0,3479.53,0,1
A01662,2025-05-31,2214.3,0.0,2214.3,0,1
A01663,2025-05-31,2800.32,0.0,2800.32,0,1
A01664,2025-05-31,638.01,638.01,0.0,1,0
A01665,2025-05-31,3042.95,3042.95,0.0,1,0
A01666,2025-05-31,2153.38,0.0,2153.38,0,1
A01667,2025-05-31,1505.96,0.0,1505.96,0,1
A01668,2025-05-31,1011.18,0.0,1011.18,0,1
A01669,2025-05-31,4884.28,4884.28,0.0,1,0
A01670,2025-05-31,2227.9,0.0,2227.9,0,1
A01671,2025-05-31,564.0,564.0,0.0,1,0
A01672,2025-05-31,3143.23,0.0,3143.23,0,1
A01673,2025-05-31,3304.06,3304.06,0.0,1,0
A01674,2025-05-31,393.92,393.92,0.0,1,0
A01675,2025-05-31,3352.17,0.0,3352.17,0,1
A01676,2025-05-31,560.49,0.0,560.49,0,1
A01677,2025-05-31,853.55,0.0,853.55,0,1
A01678,2025-05-31,405.53,405.53,0.0,1,0
A01679,2025-05-31,2021.37,0.0,2021.37,0,1
A01680,2025-05-31,3112.69,0.0,3112.69,0,1
A01681,2025-05-31,1685.52,0.0,1685.52,0,1
A01682,2025-05-31,1107.39,1107.39,0.0,1,0
A01683,2025-05-31,2845.35,2845.35,0.0,1,0
A01684,2025-05-31,1030.51,0.0,1030.51,0,1
A01685,2025-05-31,3591.85,0.0,3591.85,0,1
A01686,2025-05-31,2862.77,0.0,2862.77,0,1
A01687,2025-05-31,4168.88,4168.88,0.0,1,0
A01688,2025-05-31,1755.99,0.0,1755.99,0,1
A01689,2025-05-31,658.98,658.98,0.0,1,0
A01690,2025-05-31,2837.55,0.0,2837.55,0,1
A01691,2025-05-31,6391.59,6391.59,0.0,1,0
A01692,2025-05-31,3734.25,3734.25,0.0,1,0
A01693,2025-05-31,1542.87,0.0,1542.87,0,1
A01694,2025-05-31,3200.07,0.0,3200.07,0,1
A01695,2025-05-31,738.48,0.0,738.48,0,1
A01696,2025-05-31,815.24,815.24,0.0,1,0
A01697,2025-05-31,6211.68,6211.68,0.0,1,0
A01698,2025-05-31,1092.25,0.0,1092.25,0,1
A01699,2025-05-31,2618.44,0.0,2618.44,0,1
A01700,2025-05-31,690.83,0.0,690.83,0,1
A00001,2025-06-30,5514.16,5514.16,0.0,1,0
A00002,2025-06-30,2514.44,2514.44,0.0,1,0
A00003,2025-06-30,2031.32,0.0,2031.32,0,1
A00004,2025-06-30,2788.73,0.0,2788.73,0,1
A00005,2025-06-30,1028.65,0.0,1028.65,0,1
A00006,2025-06-30,4591.62,4591.62,0.0,1,0
A00007,2025-06-30,3066.24,0.0,3066.24,0,1
A00008,2025-06-30,2285.5,2285.5,0.0,1,0
A00009,2025-06-30,1370.17,0.0,1370.17,0,1
A00010,2025-06-30,1232.59,1232.59,0.0,1,0
A00011,2025-06-30,4837.11,0.0,4837.11,0,1
A00012,2025-06-30,4064.62,4064.62,0.0,1,0
A00013,2025-06-30,3422.95,0.0,3422.95,0,1
A00014,2025-06-30,2497.12,2497.12,0.0,1,0
A00015,2025-06-30,2712.72,2712.72,0.0,1,0
A00016,2025-06-30,3151.27,0.0,3151.27,0,1
A00017,2025-06-30,4073.9,4073.9,0.0,1,0
A00018,2025-06-30,1289.57,1289.57,0.0,1,0
A00019,2025-06-30,1857.37,1857.37,0.0,1,0
A00020,2025-06-30,1001.42,1001.42,0.0,1,0
A00021,2025-06-30,2024.89,0.0,2024.89,0,1
A00022,2025-06-30,675.42,0.0,675.42,0,1
A00023,2025-06-30,4095.49,4095.49,0.0,1,0
A00024,2025-06-30,660.88,660.88,0.0,1,0
A00025,2025-06-30,1751.83,0.0,1751.83,0,1
A00026,2025-06-30,999.3,999.3,0.0,1,0
A00027,2025-06-30,717.71,717.71,0.0,1,0
A00028,2025-06-30,7747.44,0.0,7747.44,0,1
A00029,2025-06-30,4850.57,0.0,4850.57,0,1
A00030,2025-06-30,1057.93,1057.93,0.0,1,0
A00031,2025-06-30,1692.1,0.0,1692.1,0,1
A00032,2025-06-30,8109.65,8109.65,0.0,1,0
A00033,2025-06-30,2534.3,2534.3,0.0,1,0
A00034,2025-06-30,2150.66,0.0,2150.66,0,1
A00035,2025-06-30,730.2,730.2,0.0,1,0
A00036,2025-06-30,1417.65,0.0,1417.65,0,1
A00037,2025-06-30,2364.57,0.0,2364.57,0,1
A00038,2025-06-30,4994.33,0.0,4994.33,0,1
A00039,2025-06-30,1746.9,1746.9,0.0,1,0
A00040,2025-06-30,2293.14,0.0,2293.14,0,1
A00041,2025-06-30,1822.44,0.0,1822.44,0,1
A00042,2025-06-30,1529.49,0.0,1529.49,0,1
A00043,2025-06-30,820.73,820.73,0.0,1,0
A00044,2025-06-30,666.78,666.78,0.0,1,0
A00045,2025-06-30,2982.39,0.0,2982.39,0,1
A00046,2025-06-30,1871.88,1871.88,0.0,1,0
A00047,2025-06-30,1191.06,1191.06,0.0,1,0
A00048,2025-06-30,2437.2,0.0,2437.2,0,1
A00049,2025-06-30,1085.12,0.0,1085.12,0,1
A00050,2025-06-30,712.3,0.0,712.3,0,1
A00051,2025-06-30,394.17,0.0,394.17,0,1
A00052,2025-06-30,1143.31,0.0,1143.31,0,1
A00053,2025-06-30,1623.72,0.0,1623.72,0,1
A00054,2025-06-30,1200.22,1200.22,0.0,1,0
A00055,2025-06-30,1689.78,0.0,1689.78,0,1
A00056,2025-06-30,5912.55,0.0,5912.55,0,1
A00057,2025-06-30,1447.32,0.0,1447.32,0,1
A00058,2025-06-30,708.72,0.0,708.72,0,1
A00059,2025-06-30,3443.96,0.0,3443.96,0,1
A00060,2025-06-30,563.13,0.0,563.13,0,1
A00061,2025-06-30,1915.68,1915.68,0.0,1,0
A00062,2025-06-30,2099.78,0.0,2099.78,0,1
A00063,2025-06-30,2900.85,2900.85,0.0,1,0
A00064,2025-06-30,700.56,0.0,700.56,0,1
A00065,2025-06-30,1734.0,0.0,1734.0,0,1
A00066,2025-06-30,1289.2,0.0,1289.2,0,1
A00067,2025-06-30,5558.96,5558.96,0.0,1,0
A00068,2025-06-30,142.81,0.0,142.81,0,1
A00069,2025-06-30,3213.83,3213.83,0.0,1,0
A00070,2025-06-30,377.64,0.0,377.64,0,1
A00071,2025-06-30,2903.19,0.0,2903.19,0,1
A00072,2025-06-30,5166.96,5166.96,0.0,1,0
A00073,2025-06-30,2243.1,0.0,2243.1,0,1
A00074,2025-06-30,2682.53,2682.53,0.0,1,0
A00075,2025-06-30,4051.74,0.0,4051.74,0,1
A00076,2025-06-30,3479.97,3479.97,0.0,1,0
A00077,2025-06-30,419.85,0.0,419.85,0,1
A00078,2025-06-30,3357.3,0.0,3357.3,0,1
A00079,2025-06-30,2916.29,2916.29,0.0,1,0
A00080,2025-06-30,2287.93,2287.93,0.0,1,0
A00081,2025-06-30,868.96,0.0,868.96,0,1
A00082,2025-06-30,2100.27,0.0,2100.27,0,1
A00083,2025-06-30,33.24,0.0,33.24,0,1
A00084,2025-06-30,344.73,0.0,344.73,0,1
A00085,2025-06-30,7418.86,7418.86,0.0,1,0
A00086,2025-06-30,1330.27,0.0,1330.27,0,1
A00087,2025-06-30,1834.69,0.0,1834.69,0,1
A00088,2025-06-30,2275.74,0.0,2275.74,0,1
A00089,2025-06-30,2475.66,0.0,2475.66,0,1
A00090,2025-06-30,1468.98,1468.98,0.0,1,0
A00091,2025-06-30,966.85,966.85,0.0,1,0
A00092,2025-06-30,457.52,457.52,0.0,1,0
A00093,2025-06-30,1233.04,1233.04,0.0,1,0
A00094,2025-06-30,2945.33,0.0,2945.33,0,1
A00095,2025-06-30,1531.21,0.0,1531.21,0,1
A00096,2025-06-30,2238.25,0.0,2238.25,0,1
A00097,2025-06-30,192.22,0.0,192.22,0,1
A00098,2025-06-30,2522.75,2522.75,0.0,1,0
A00099,2025-06-30,3625.01,0.0,3625.01,0,1
A00100,2025-06-30,2146.69,2146.69,0.0,1,0
A00101,2025-06-30,3415.46,0.0,3415.46,0,1
A00102,2025-06-30,2090.19,0.0,2090.19,0,1
A00103,2025-06-30,3308.83,0.0,3308.83,0,1
A00104,2025-06-30,3516.34,0.0,3516.34,0,1
A00105,2025-06-30,4522.33,0.0,4522.33,0,1
A00106,2025-06-30,3311.6,0.0,3311.6,0,1
A00107,2025-06-30,4592.99,0.0,4592.99,0,1
A00108,2025-06-30,5026.64,5026.64,0.0,1,0
A00109,2025-06-30,444.48,444.48,0.0,1,0
A00110,2025-06-30,5906.39,0.0,5906.39,0,1
A00111,2025-06-30,1365.5,0.0,1365.5,0,1
A00112,2025-06-30,3534.56,0.0,3534.56,0,1
A00113,2025-06-30,1886.52,0.0,1886.52,0,1
A00114,2025-06-30,2925.54,2925.54,0.0,1,0
A00115,2025-06-30,1437.66,0.0,1437.66,0,1
A00116,2025-06-30,1314.15,0.0,1314.15,0,1
A00117,2025-06-30,1523.95,0.0,1523.95,0,1
A00118,2025-06-30,1304.57,0.0,1304.57,0,1
A00119,2025-06-30,1077.17,0.0,1077.17,0,1
A00120,2025-06-30,2170.64,2170.64,0.0,1,0
A00121,2025-06-30,825.01,825.01,0.0,1,0
A00122,2025-06-30,5159.89,5159.89,0.0,1,0
A00123,2025-06-30,3267.31,0.0,3267.31,0,1
A00124,2025-06-30,1606.43,0.0,1606.43,0,1
A00125,2025-06-30,1172.12,0.0,1172.12,0,1
A00126,2025-06-30,2248.57,0.0,2248.57,0,1
A00127,2025-06-30,1687.17,1687.17,0.0,1,0
A00128,2025-06-30,1888.93,1888.93,0.0,1,0
A00129,2025-06-30,1270.02,0.0,1270.02,0,1
A00130,2025-06-30,4173.79,0.0,4173.79,0,1
A00131,2025-06-30,2436.94,2436.94,0.0,1,0
A00132,2025-06-30,2368.86,2368.86,0.0,1,0
A00133,2025-06-30,3039.8,0.0,3039.8,0,1
A00134,2025-06-30,2688.27,0.0,2688.27,0,1
A00135,2025-06-30,2295.88,2295.88,0.0,1,0
A00136,2025-06-30,3916.87,3916.87,0.0,1,0
A00137,2025-06-30,264.48,0.0,264.48,0,1
A00138,2025-06-30,1381.97,0.0,1381.97,0,1
A00139,2025-06-30,637.65,0.0,637.65,0,1
A00140,2025-06-30,630.5,0.0,630.5,0,1
A00141,2025-06-30,582.34,0.0,582.34,0,1
A00142,2025-06-30,2168.93,0.0,2168.93,0,1
A00143,2025-06-30,1269.2,0.0,1269.2,0,1
A00144,2025-06-30,1918.25,0.0,1918.25,0,1
A00145,2025-06-30,2877.9,0.0,2877.9,0,1
A00146,2025-06-30,5683.67,0.0,5683.67,0,1
A00147,2025-06-30,1259.92,0.0,1259.92,0,1
A00148,2025-06-30,1976.51,0.0,1976.51,0,1
A00149,2025-06-30,1141.16,0.0,1141.16,0,1
A00150,2025-06-30,5954.73,5954.73,0.0,1,0
A00151,2025-06-30,1317.99,0.0,1317.99,0,1
A00152,2025-06-30,2763.58,2763.58,0.0,1,0
A00153,2025-06-30,1888.91,0.0,1888.91,0,1
A00154,2025-06-30,1959.42,0.0,1959.42,0,1
A00155,2025-06-30,2930.98,2930.98,0.0,1,0
A00156,2025-06-30,1479.75,0.0,1479.75,0,1
A00157,2025-06-30,458.77,0.0,458.77,0,1
A00158,2025-06-30,3374.99,3374.99,0.0,1,0
A00159,2025-06-30,4252.67,4252.67,0.0,1,0
A00160,2025-06-30,1301.11,1301.11,0.0,1,0
A00161,2025-06-30,1453.7,0.0,1453.7,0,1
A00162,2025-06-30,1098.85,0.0,1098.85,0,1
A00163,2025-06-30,797.08,0.0,797.08,0,1
A00164,2025-06-30,816.18,0.0,816.18,0,1
A00165,2025-06-30,1532.59,1532.59,0.0,1,0
A00166,2025-06-30,661.04,0.0,661.04,0,1
A00167,2025-06-30,1242.69,0.0,1242.69,0,1
A00168,2025-06-30,3213.82,0.0,3213.82,0,1
A00169,2025-06-30,1892.67,0.0,1892.67,0,1
A00170,2025-06-30,557.46,0.0,557.46,0,1
A00171,2025-06-30,1409.14,0.0,1409.14,0,1
A00172,2025-06-30,4202.18,0.0,4202.18,0,1
A00173,2025-06-30,1705.47,0.0,1705.47,0,1
A00174,2025-06-30,4170.18,0.0,4170.18,0,1
A00175,2025-06-30,1873.62,0.0,1873.62,0,1
A00176,2025-06-30,4658.57,0.0,4658.57,0,1
A00177,2025-06-30,2731.44,2731.44,0.0,1,0
A00178,2025-06-30,1591.71,0.0,1591.71,0,1
A00179,2025-06-30,3696.48,0.0,3696.48,0,1
A00180,2025-06-30,1430.14,1430.14,0.0,1,0
A00181,2025-06-30,3734.86,0.0,3734.86,0,1
A00182,2025-06-30,1403.69,0.0,1403.69,0,1
A00183,2025-06-30,979.74,0.0,979.74,0,1
A00184,2025-06-30,2524.38,2524.38,0.0,1,0
A00185,2025-06-30,314.35,314.35,0.0,1,0
A00186,2025-06-30,2770.96,2770.96,0.0,1,0
A00187,2025-06-30,1254.82,0.0,1254.82,0,1
A00188,2025-06-30,5913.71,0.0,5913.71,0,1
A00189,2025-06-30,3483.75,3483.75,0.0,1,0
A00190,2025-06-30,2935.87,0.0,2935.87,0,1
A00191,2025-06-30,1833.79,1833.79,0.0,1,0
A00192,2025-06-30,5932.1,0.0,5932.1,0,1
A00193,2025-06-30,3672.42,0.0,3672.42,0,1
A00194,2025-06-30,3968.51,3968.51,0.0,1,0
A00195,2025-06-30,6084.01,0.0,6084.01,0,1
A00196,2025-06-30,2853.5,0.0,2853.5,0,1
A00197,2025-06-30,503.47,0.0,503.47,0,1
A00198,2025-06-30,1123.12,1123.12,0.0,1,0
A00199,2025-06-30,1538.8,0.0,1538.8,0,1
A00200,2025-06-30,3813.82,0.0,3813.82,0,1
A00201,2025-06-30,3823.81,0.0,3823.81,0,1
A00202,2025-06-30,893.31,893.31,0.0,1,0
A00203,2025-06-30,99.28,99.28,0.0,1,0
A00204,2025-06-30,2536.0,0.0,2536.0,0,1
A00205,2025-06-30,6271.12,0.0,6271.12,0,1
A00206,2025-06-30,1950.28,0.0,1950.28,0,1
A00207,2025-06-30,3732.63,0.0,3732.63,0,1
A00208,2025-06-30,3103.79,0.0,3103.79,0,1
A00209,2025-06-30,2691.15,0.0,2691.15,0,1
A00210,2025-06-30,3298.96,0.0,3298.96,0,1
A00211,2025-06-30,1283.33,1283.33,0.0,1,0
A00212,2025-06-30,5499.6,5499.6,0.0,1,0
A00213,2025-06-30,2552.17,2552.17,0.0,1,0
A00214,2025-06-30,802.7,0.0,802.7,0,1
A00215,2025-06-30,1103.96,0.0,1103.96,0,1
A00216,2025-06-30,3083.81,0.0,3083.81,0,1
A00217,2025-06-30,2076.36,0.0,2076.36,0,1
A00218,2025-06-30,959.66,0.0,959.66,0,1
A00219,2025-06-30,1438.11,0.0,1438.11,0,1
A00220,2025-06-30,1278.18,1278.18,0.0,1,0
A00221,2025-06-30,928.55,928.55,0.0,1,0
A00222,2025-06-30,781.5,0.0,781.5,0,1
A00223,2025-06-30,295.59,295.59,0.0,1,0
A00224,2025-06-30,2605.82,2605.82,0.0,1,0
A00225,2025-06-30,2332.36,2332.36,0.0,1,0
A00226,2025-06-30,1123.66,0.0,1123.66,0,1
A00227,2025-06-30,3065.61,3065.61,0.0,1,0
A00228,2025-06-30,91.44,0.0,91.44,0,1
A00229,2025-06-30,896.71,0.0,896.71,0,1
A00230,2025-06-30,4808.91,4808.91,0.0,1,0
A00231,2025-06-30,3059.49,3059.49,0.0,1,0
A00232,2025-06-30,3026.99,0.0,3026.99,0,1
A00233,2025-06-30,5392.09,0.0,5392.09,0,1
A00234,2025-06-30,4645.03,4645.03,0.0,1,0
A00235,2025-06-30,897.53,0.0,897.53,0,1
A00236,2025-06-30,693.86,693.86,0.0,1,0
A00237,2025-06-30,3635.55,0.0,3635.55,0,1
A00238,2025-06-30,905.05,905.05,0.0,1,0
A00239,2025-06-30,3097.89,0.0,3097.89,0,1
A00240,2025-06-30,217.46,217.46,0.0,1,0
A00241,2025-06-30,4303.1,0.0,4303.1,0,1
A00242,2025-06-30,880.8,0.0,880.8,0,1
A00243,2025-06-30,511.81,0.0,511.81,0,1
A00244,2025-06-30,1546.25,1546.25,0.0,1,0
A00245,2025-06-30,7993.29,7993.29,0.0,1,0
A00246,2025-06-30,4478.46,4478.46,0.0,1,0
A00247,2025-06-30,872.28,872.28,0.0,1,0
A00248,2025-06-30,3316.47,0.0,3316.47,0,1
A00249,2025-06-30,2164.25,0.0,2164.25,0,1
A00250,2025-06-30,3301.83,3301.83,0.0,1,0
A00251,2025-06-30,4695.56,0.0,4695.56,0,1
A00252,2025-06-30,1214.47,0.0,1214.47,0,1
A00253,2025-06-30,1195.33,0.0,1195.33,0,1
A00254,2025-06-30,1897.89,1897.89,0.0,1,0
A00255,2025-06-30,1622.94,0.0,1622.94,0,1
A00256,2025-06-30,315.62,315.62,0.0,1,0
A00257,2025-06-30,523.89,523.89,0.0,1,0
A00258,2025-06-30,1326.01,0.0,1326.01,0,1
A00259,2025-06-30,1263.96,0.0,1263.96,0,1
A00260,2025-06-30,1772.01,1772.01,0.0,1,0
A00261,2025-06-30,3084.17,0.0,3084.17,0,1
A00262,2025-06-30,1679.43,0.0,1679.43,0,1
A00263,2025-06-30,663.44,0.0,663.44,0,1
A00264,2025-06-30,2458.97,0.0,2458.97,0,1
A00265,2025-06-30,937.52,0.0,937.52,0,1
A00266,2025-06-30,2901.38,0.0,2901.38,0,1
A00267,2025-06-30,1209.68,0.0,1209.68,0,1
A00268,2025-06-30,4195.22,0.0,4195.22,0,1
A00269,2025-06-30,598.9,0.0,598.9,0,1
A00270,2025-06-30,832.31,832.31,0.0,1,0
A00271,2025-06-30,3957.37,0.0,3957.37,0,1
A00272,2025-06-30,3147.43,0.0,3147.43,0,1
A00273,2025-06-30,1115.1,0.0,1115.1,0,1
A00274,2025-06-30,5729.36,5729.36,0.0,1,0
A00275,2025-06-30,3951.99,0.0,3951.99,0,1
A00276,2025-06-30,3288.8,0.0,3288.8,0,1
A00277,2025-06-30,5728.72,5728.72,0.0,1,0
A00278,2025-06-30,833.86,833.86,0.0,1,0
A00279,2025-06-30,2761.01,2761.01,0.0,1,0
A00280,2025-06-30,1509.69,1509.69,0.0,1,0
A00281,2025-06-30,1398.83,1398.83,0.0,1,0
A00282,2025-06-30,1175.44,1175.44,0.0,1,0
A00283,2025-06-30,1326.19,0.0,1326.19,0,1
A00284,2025-06-30,1230.36,0.0,1230.36,0,1
A00285,2025-06-30,6372.08,0.0,6372.08,0,1
A00286,2025-06-30,3140.77,3140.77,0.0,1,0
A00287,2025-06-30,1224.05,1224.05,0.0,1,0
A00288,2025-06-30,369.69,0.0,369.69,0,1
A00289,2025-06-30,1385.85,0.0,1385.85,0,1
A00290,2025-06-30,1054.12,0.0,1054.12,0,1
A00291,2025-06-30,7297.28,0.0,7297.28,0,1
A00292,2025-06-30,1239.99,0.0,1239.99,0,1
A00293,2025-06-30,2527.98,2527.98,0.0,1,0
A00294,2025-06-30,3325.97,0.0,3325.97,0,1
A00295,2025-06-30,543.38,0.0,543.38,0,1
A00296,2025-06-30,1849.36,0.0,1849.36,0,1
A00297,2025-06-30,2628.44,0.0,2628.44,0,1
A00298,2025-06-30,2259.82,0.0,2259.82,0,1
A00299,2025-06-30,10177.57,0.0,10177.57,0,1
A00300,2025-06-30,933.6,933.6,0.0,1,0
A00301,2025-06-30,4209.04,0.0,4209.04,0,1
A00302,2025-06-30,1245.37,0.0,1245.37,0,1
A00303,2025-06-30,3600.52,3600.52,0.0,1,0
A00304,2025-06-30,1184.64,1184.64,0.0,1,0
A00305,2025-06-30,2936.26,0.0,2936.26,0,1
A00306,2025-06-30,4112.74,0.0,4112.74,0,1
A00307,2025-06-30,4555.56,4555.56,0.0,1,0
A00308,2025-06-30,2409.64,2409.64,0.0,1,0
A00309,2025-06-30,1974.36,0.0,1974.36,0,1
A00310,2025-06-30,5630.27,5630.27,0.0,1,0
A00311,2025-06-30,1437.79,0.0,1437.79,0,1
A00312,2025-06-30,2134.31,0.0,2134.31,0,1
A00313,2025-06-30,2004.47,0.0,2004.47,0,1
A00314,2025-06-30,1231.92,0.0,1231.92,0,1
A00315,2025-06-30,2730.14,0.0,2730.14,0,1
A00316,2025-06-30,2808.43,0.0,2808.43,0,1
A00317,2025-06-30,2951.39,0.0,2951.39,0,1
A00318,2025-06-30,2093.62,0.0,2093.62,0,1
A00319,2025-06-30,2113.91,2113.91,0.0,1,0
A00320,2025-06-30,1406.91,1406.91,0.0,1,0
A00321,2025-06-30,3413.84,3413.84,0.0,1,0
A00322,2025-06-30,2734.63,2734.63,0.0,1,0
A00323,2025-06-30,6386.08,0.0,6386.08,0,1
A00324,2025-06-30,3970.48,0.0,3970.48,0,1
A00325,2025-06-30,52.14,52.14,0.0,1,0
A00326,2025-06-30,6545.82,0.0,6545.82,0,1
A00327,2025-06-30,769.88,769.88,0.0,1,0
A00328,2025-06-30,7523.67,0.0,7523.67,0,1
A00329,2025-06-30,1955.71,0.0,1955.71,0,1
A00330,2025-06-30,6276.34,0.0,6276.34,0,1
A00331,2025-06-30,6047.82,0.0,6047.82,0,1
A00332,2025-06-30,1766.47,0.0,1766.47,0,1
A00333,2025-06-30,1318.42,0.0,1318.42,0,1
A00334,2025-06-30,3776.8,0.0,3776.8,0,1
A00335,2025-06-30,5646.99,0.0,5646.99,0,1
A00336,2025-06-30,594.28,594.28,0.0,1,0
A00337,2025-06-30,1860.64,0.0,1860.64,0,1
A00338,2025-06-30,2490.53,2490.53,0.0,1,0
A00339,2025-06-30,963.98,0.0,963.98,0,1
A00340,2025-06-30,2447.67,2447.67,0.0,1,0
A00341,2025-06-30,1347.18,0.0,1347.18,0,1
A00342,2025-06-30,1798.2,1798.2,0.0,1,0
A00343,2025-06-30,5468.7,0.0,5468.7,0,1
A00344,2025-06-30,939.63,0.0,939.63,0,1
A00345,2025-06-30,2058.91,0.0,2058.91,0,1
A00346,2025-06-30,3701.5,0.0,3701.5,0,1
A00347,2025-06-30,2342.89,2342.89,0.0,1,0
A00348,2025-06-30,4592.43,0.0,4592.43,0,1
A00349,2025-06-30,1617.44,1617.44,0.0,1,0
A00350,2025-06-30,2146.88,0.0,2146.88,0,1
A00351,2025-06-30,989.57,0.0,989.57,0,1
A00352,2025-06-30,2838.67,2838.67,0.0,1,0
A00353,2025-06-30,7694.75,0.0,7694.75,0,1
A00354,2025-06-30,1444.91,0.0,1444.91,0,1
A00355,2025-06-30,1589.93,0.0,1589.93,0,1
A00356,2025-06-30,3672.19,0.0,3672.19,0,1
A00357,2025-06-30,6190.67,6190.67,0.0,1,0
A00358,2025-06-30,1545.13,0.0,1545.13,0,1
A00359,2025-06-30,2547.73,0.0,2547.73,0,1
A00360,2025-06-30,2624.21,2624.21,0.0,1,0
A00361,2025-06-30,6465.53,0.0,6465.53,0,1
A00362,2025-06-30,269.3,0.0,269.3,0,1
A00363,2025-06-30,5391.61,0.0,5391.61,0,1
A00364,2025-06-30,535.92,0.0,535.92,0,1
A00365,2025-06-30,2952.94,2952.94,0.0,1,0
A00366,2025-06-30,362.95,362.95,0.0,1,0
A00367,2025-06-30,1190.89,1190.89,0.0,1,0
A00368,2025-06-30,2638.09,0.0,2638.09,0,1
A00369,2025-06-30,2464.94,0.0,2464.94,0,1
A00370,2025-06-30,2103.06,0.0,2103.06,0,1
A00371,2025-06-30,352.72,0.0,352.72,0,1
A00372,2025-06-30,7803.78,0.0,7803.78,0,1
A00373,2025-06-30,1382.45,1382.45,0.0,1,0
A00374,2025-06-30,4689.73,4689.73,0.0,1,0
A00375,2025-06-30,2917.29,0.0,2917.29,0,1
A00376,2025-06-30,686.48,686.48,0.0,1,0
A00377,2025-06-30,1134.33,0.0,1134.33,0,1
A00378,2025-06-30,1750.32,0.0,1750.32,0,1
A00379,2025-06-30,345.81,0.0,345.81,0,1
A00380,2025-06-30,2009.15,2009.15,0.0,1,0
A00381,2025-06-30,2172.62,0.0,2172.62,0,1
A00382,2025-06-30,4528.46,4528.46,0.0,1,0
A00383,2025-06-30,1876.53,1876.53,0.0,1,0
A00384,2025-06-30,4525.61,0.0,4525.61,0,1
A00385,2025-06-30,3371.54,3371.54,0.0,1,0
A00386,2025-06-30,755.5,755.5,0.0,1,0
A00387,2025-06-30,745.29,0.0,745.29,0,1
A00388,2025-06-30,990.99,0.0,990.99,0,1
A00389,2025-06-30,3043.78,0.0,3043.78,0,1
A00390,2025-06-30,1922.0,0.0,1922.0,0,1
A00391,2025-06-30,1581.4,1581.4,0.0,1,0
A00392,2025-06-30,1971.23,1971.23,0.0,1,0
A00393,2025-06-30,4255.59,4255.59,0.0,1,0
A00394,2025-06-30,1359.69,1359.69,0.0,1,0
A00395,2025-06-30,591.04,0.0,591.04,0,1
A00396,2025-06-30,1022.38,1022.38,0.0,1,0
A00397,2025-06-30,3560.65,3560.65,0.0,1,0
A00398,2025-06-30,1552.74,0.0,1552.74,0,1
A00399,2025-06-30,4758.3,0.0,4758.3,0,1
A00400,2025-06-30,1075.09,1075.09,0.0,1,0
A00401,2025-06-30,1487.77,0.0,1487.77,0,1
A00402,2025-06-30,622.02,0.0,622.02,0,1
A00403,2025-06-30,6184.94,0.0,6184.94,0,1
A00404,2025-06-30,1090.39,1090.39,0.0,1,0
A00405,2025-06-30,1536.93,1536.93,0.0,1,0
A00406,2025-06-30,5207.59,5207.59,0.0,1,0
A00407,2025-06-30,2335.89,2335.89,0.0,1,0
A00408,2025-06-30,1159.83,1159.83,0.0,1,0
A00409,2025-06-30,3000.83,0.0,3000.83,0,1
A00410,2025-06-30,257.97,0.0,257.97,0,1
A00411,2025-06-30,2206.6,2206.6,0.0,1,0
A00412,2025-06-30,1318.78,0.0,1318.78,0,1
A00413,2025-06-30,4815.41,0.0,4815.41,0,1
A00414,2025-06-30,2101.74,0.0,2101.74,0,1
A00415,2025-06-30,4871.41,4871.41,0.0,1,0
A00416,2025-06-30,202.06,0.0,202.06,0,1
A00417,2025-06-30,1336.81,0.0,1336.81,0,1
A00418,2025-06-30,6035.41,0.0,6035.41,0,1
A00419,2025-06-30,5679.09,5679.09,0.0,1,0
A00420,2025-06-30,2281.52,0.0,2281.52,0,1
A00421,2025-06-30,1894.78,0.0,1894.78,0,1
A00422,2025-06-30,2125.27,0.0,2125.27,0,1
A00423,2025-06-30,317.08,0.0,317.08,0,1
A00424,2025-06-30,1352.61,0.0,1352.61,0,1
A00425,2025-06-30,4102.26,4102.26,0.0,1,0
A00426,2025-06-30,786.73,0.0,786.73,0,1
A00427,2025-06-30,2654.42,0.0,2654.42,0,1
A00428,2025-06-30,3267.54,3267.54,0.0,1,0
A00429,2025-06-30,2257.75,0.0,2257.75,0,1
A00430,2025-06-30,929.34,0.0,929.34,0,1
A00431,2025-06-30,1925.36,0.0,1925.36,0,1
A00432,2025-06-30,299.73,0.0,299.73,0,1
A00433,2025-06-30,4377.63,4377.63,0.0,1,0
A00434,2025-06-30,3758.39,3758.39,0.0,1,0
A00435,2025-06-30,1794.87,0.0,1794.87,0,1
A00436,2025-06-30,2642.5,0.0,2642.5,0,1
A00437,2025-06-30,1688.52,1688.52,0.0,1,0
A00438,2025-06-30,746.43,0.0,746.43,0,1
A00439,2025-06-30,1123.88,0.0,1123.88,0,1
A00440,2025-06-30,543.4,0.0,543.4,0,1
A00441,2025-06-30,881.37,0.0,881.37,0,1
A00442,2025-06-30,843.55,0.0,843.55,0,1
A00443,2025-06-30,824.94,824.94,0.0,1,0
A00444,2025-06-30,2498.2,0.0,2498.2,0,1
A00445,2025-06-30,344.04,0.0,344.04,0,1
A00446,2025-06-30,1328.27,1328.27,0.0,1,0
A00447,2025-06-30,3132.46,3132.46,0.0,1,0
A00448,2025-06-30,3449.42,0.0,3449.42,0,1
A00449,2025-06-30,1027.06,0.0,1027.06,0,1
A00450,2025-06-30,3844.56,0.0,3844.56,0,1
A00451,2025-06-30,1750.69,1750.69,0.0,1,0
A00452,2025-06-30,2149.97,2149.97,0.0,1,0
A00453,2025-06-30,2095.11,2095.11,0.0,1,0
A00454,2025-06-30,2395.81,0.0,2395.81,0,1
A00455,2025-06-30,3164.82,3164.82,0.0,1,0
A00456,2025-06-30,1225.18,0.0,1225.18,0,1
A00457,2025-06-30,2894.97,0.0,2894.97,0,1
A00458,2025-06-30,3024.19,3024.19,0.0,1,0
A00459,2025-06-30,1541.23,1541.23,0.0,1,0
A00460,2025-06-30,6359.32,0.0,6359.32,0,1
A00461,2025-06-30,1567.31,0.0,1567.31,0,1
A00462,2025-06-30,6905.53,0.0,6905.53,0,1
A00463,2025-06-30,1826.2,1826.2,0.0,1,0
A00464,2025-06-30,8104.63,8104.63,0.0,1,0
A00465,2025-06-30,344.79,344.79,0.0,1,0
A00466,2025-06-30,2019.59,2019.59,0.0,1,0
A00467,2025-06-30,4961.06,4961.06,0.0,1,0
A00468,2025-06-30,2365.82,0.0,2365.82,0,1
A00469,2025-06-30,4106.34,0.0,4106.34,0,1
A00470,2025-06-30,1225.0,0.0,1225.0,0,1
A00471,2025-06-30,2994.5,2994.5,0.0,1,0
A00472,2025-06-30,3418.93,0.0,3418.93,0,1
A00473,2025-06-30,417.35,0.0,417.35,0,1
A00474,2025-06-30,3136.29,3136.29,0.0,1,0
A00475,2025-06-30,1896.71,1896.71,0.0,1,0
A00476,2025-06-30,1029.51,0.0,1029.51,0,1
A00477,2025-06-30,1440.08,0.0,1440.08,0,1
A00478,2025-06-30,1149.84,1149.84,0.0,1,0
A00479,2025-06-30,1636.6,1636.6,0.0,1,0
A00480,2025-06-30,946.85,0.0,946.85,0,1
A00481,2025-06-30,1462.75,0.0,1462.75,0,1
A00482,2025-06-30,2563.27,0.0,2563.27,0,1
A00483,2025-06-30,1739.13,0.0,1739.13,0,1
A00484,2025-06-30,150.49,150.49,0.0,1,0
A00485,2025-06-30,2398.45,0.0,2398.45,0,1
A00486,2025-06-30,2390.65,2390.65,0.0,1,0
A00487,2025-06-30,2924.09,2924.09,0.0,1,0
A00488,2025-06-30,379.89,379.89,0.0,1,0
A00489,2025-06-30,2454.64,2454.64,0.0,1,0
A00490,2025-06-30,1473.78,1473.78,0.0,1,0
A00491,2025-06-30,3296.61,3296.61,0.0,1,0
A00492,2025-06-30,3671.19,3671.19,0.0,1,0
A00493,2025-06-30,2045.46,2045.46,0.0,1,0
A00494,2025-06-30,7048.9,0.0,7048.9,0,1
A00495,2025-06-30,4537.78,4537.78,0.0,1,0
A00496,2025-06-30,763.66,763.66,0.0,1,0
A00497,2025-06-30,1057.98,0.0,1057.98,0,1
A00498,2025-06-30,1585.55,1585.55,0.0,1,0
A00499,2025-06-30,1901.0,1901.0,0.0,1,0
A00500,2025-06-30,495.89,0.0,495.89,0,1
A00501,2025-06-30,996.78,996.78,0.0,1,0
A00502,2025-06-30,2318.06,2318.06,0.0,1,0
A00503,2025-06-30,1049.35,1049.35,0.0,1,0
A00504,2025-06-30,1195.21,1195.21,0.0,1,0
A00505,2025-06-30,1583.13,1583.13,0.0,1,0
A00506,2025-06-30,685.25,0.0,685.25,0,1
A00507,2025-06-30,2421.96,2421.96,0.0,1,0
A00508,2025-06-30,2320.28,0.0,2320.28,0,1
A00509,2025-06-30,939.49,0.0,939.49,0,1
A00510,2025-06-30,2311.69,0.0,2311.69,0,1
A00511,2025-06-30,1578.7,0.0,1578.7,0,1
A00512,2025-06-30,1939.04,0.0,1939.04,0,1
A00513,2025-06-30,4777.83,4777.83,0.0,1,0
A00514,2025-06-30,2754.71,0.0,2754.71,0,1
A00515,2025-06-30,1050.4,0.0,1050.4,0,1
A00516,2025-06-30,6707.57,6707.57,0.0,1,0
A00517,2025-06-30,1086.35,1086.35,0.0,1,0
A00518,2025-06-30,1575.22,1575.22,0.0,1,0
A00519,2025-06-30,4717.79,4717.79,0.0,1,0
A00520,2025-06-30,2196.85,2196.85,0.0,1,0
A00521,2025-06-30,3243.44,3243.44,0.0,1,0
A00522,2025-06-30,538.81,0.0,538.81,0,1
A00523,2025-06-30,3546.15,3546.15,0.0,1,0
A00524,2025-06-30,3840.44,0.0,3840.44,0,1
A00525,2025-06-30,2261.15,2261.15,0.0,1,0
A00526,2025-06-30,2248.0,0.0,2248.0,0,1
A00527,2025-06-30,1903.66,1903.66,0.0,1,0
A00528,2025-06-30,2232.34,2232.34,0.0,1,0
A00529,2025-06-30,845.47,845.47,0.0,1,0
A00530,2025-06-30,2323.8,0.0,2323.8,0,1
A00531,2025-06-30,969.23,969.23,0.0,1,0
A00532,2025-06-30,2213.08,0.0,2213.08,0,1
A00533,2025-06-30,5110.52,5110.52,0.0,1,0
A00534,2025-06-30,3246.9,0.0,3246.9,0,1
A00535,2025-06-30,2286.67,2286.67,0.0,1,0
A00536,2025-06-30,6088.92,0.0,6088.92,0,1
A00537,2025-06-30,238.02,238.02,0.0,1,0
A00538,2025-06-30,2448.89,0.0,2448.89,0,1
A00539,2025-06-30,3486.36,3486.36,0.0,1,0
A00540,2025-06-30,1647.82,1647.82,0.0,1,0
A00541,2025-06-30,1551.32,1551.32,0.0,1,0
A00542,2025-06-30,4265.56,0.0,4265.56,0,1
A00543,2025-06-30,352.41,0.0,352.41,0,1
A00544,2025-06-30,981.43,0.0,981.43,0,1
A00545,2025-06-30,7158.95,0.0,7158.95,0,1
A00546,2025-06-30,2634.5,0.0,2634.5,0,1
A00547,2025-06-30,1148.03,0.0,1148.03,0,1
A00548,2025-06-30,1811.32,0.0,1811.32,0,1
A00549,2025-06-30,1872.99,1872.99,0.0,1,0
A00550,2025-06-30,1142.28,0.0,1142.28,0,1
A00551,2025-06-30,937.08,0.0,937.08,0,1
A00552,2025-06-30,1365.78,1365.78,0.0,1,0
A00553,2025-06-30,1795.95,0.0,1795.95,0,1
A00554,2025-06-30,3411.89,3411.89,0.0,1,0
A00555,2025-06-30,7291.5,0.0,7291.5,0,1
A00556,2025-06-30,4261.49,0.0,4261.49,0,1
A00557,2025-06-30,1970.72,0.0,1970.72,0,1
A00558,2025-06-30,1285.7,0.0,1285.7,0,1
A00559,2025-06-30,2618.17,0.0,2618.17,0,1
A00560,2025-06-30,1004.83,0.0,1004.83,0,1
A00561,2025-06-30,2235.86,2235.86,0.0,1,0
A00562,2025-06-30,1810.25,1810.25,0.0,1,0
A00563,2025-06-30,3443.81,3443.81,0.0,1,0
A00564,2025-06-30,2927.29,2927.29,0.0,1,0
A00565,2025-06-30,1192.43,1192.43,0.0,1,0
A00566,2025-06-30,956.26,0.0,956.26,0,1
A00567,2025-06-30,3147.11,0.0,3147.11,0,1
A00568,2025-06-30,1681.76,0.0,1681.76,0,1
A00569,2025-06-30,2340.62,0.0,2340.62,0,1
A00570,2025-06-30,1547.57,1547.57,0.0,1,0
A00571,2025-06-30,3279.15,0.0,3279.15,0,1
A00572,2025-06-30,2898.44,0.0,2898.44,0,1
A00573,2025-06-30,3280.49,0.0,3280.49,0,1
A00574,2025-06-30,218.45,0.0,218.45,0,1
A00575,2025-06-30,4564.01,0.0,4564.01,0,1
A00576,2025-06-30,555.32,0.0,555.32,0,1
A00577,2025-06-30,1703.52,1703.52,0.0,1,0
A00578,2025-06-30,2292.93,0.0,2292.93,0,1
A00579,2025-06-30,3034.68,0.0,3034.68,0,1
A00580,2025-06-30,2910.21,0.0,2910.21,0,1
A00581,2025-06-30,2999.11,0.0,2999.11,0,1
A00582,2025-06-30,3332.11,0.0,3332.11,0,1
A00583,2025-06-30,2483.38,0.0,2483.38,0,1
A00584,2025-06-30,5352.27,5352.27,0.0,1,0
A00585,2025-06-30,2966.81,0.0,2966.81,0,1
A00586,2025-06-30,3056.62,3056.62,0.0,1,0
A00587,2025-06-30,2000.73,0.0,2000.73,0,1
A00588,2025-06-30,673.98,0.0,673.98,0,1
A00589,2025-06-30,6444.69,6444.69,0.0,1,0
A00590,2025-06-30,4664.75,0.0,4664.75,0,1
A00591,2025-06-30,1415.69,1415.69,0.0,1,0
A00592,2025-06-30,1285.16,1285.16,0.0,1,0
A00593,2025-06-30,846.49,846.49,0.0,1,0
A00594,2025-06-30,1443.58,0.0,1443.58,0,1
A00595,2025-06-30,5546.74,5546.74,0.0,1,0
A00596,2025-06-30,350.96,0.0,350.96,0,1
A00597,2025-06-30,3372.46,0.0,3372.46,0,1
A00598,2025-06-30,4340.01,4340.01,0.0,1,0
A00599,2025-06-30,3043.28,0.0,3043.28,0,1
A00600,2025-06-30,4833.21,0.0,4833.21,0,1
A00601,2025-06-30,2817.1,2817.1,0.0,1,0
A00602,2025-06-30,4245.88,4245.88,0.0,1,0
A00603,2025-06-30,1265.69,0.0,1265.69,0,1
A00604,2025-06-30,545.93,545.93,0.0,1,0
A00605,2025-06-30,2692.23,2692.23,0.0,1,0
A00606,2025-06-30,2855.93,0.0,2855.93,0,1
A00607,2025-06-30,2079.93,0.0,2079.93,0,1
A00608,2025-06-30,2809.8,0.0,2809.8,0,1
A00609,2025-06-30,3776.61,3776.61,0.0,1,0
A00610,2025-06-30,3584.05,0.0,3584.05,0,1
A00611,2025-06-30,3137.06,0.0,3137.06,0,1
A00612,2025-06-30,2325.41,0.0,2325.41,0,1
A00613,2025-06-30,1799.5,1799.5,0.0,1,0
A00614,2025-06-30,805.49,0.0,805.49,0,1
A00615,2025-06-30,2831.24,0.0,2831.24,0,1
A00616,2025-06-30,1389.53,0.0,1389.53,0,1
A00617,2025-06-30,2056.11,0.0,2056.11,0,1
A00618,2025-06-30,2023.21,0.0,2023.21,0,1
A00619,2025-06-30,1535.04,0.0,1535.04,0,1
A00620,2025-06-30,827.11,0.0,827.11,0,1
A00621,2025-06-30,3633.37,0.0,3633.37,0,1
A00622,2025-06-30,774.68,774.68,0.0,1,0
A00623,2025-06-30,1383.06,0.0,1383.06,0,1
A00624,2025-06-30,5895.05,5895.05,0.0,1,0
A00625,2025-06-30,2803.75,0.0,2803.75,0,1
A00626,2025-06-30,3714.91,0.0,3714.91,0,1
A00627,2025-06-30,1925.03,0.0,1925.03,0,1
A00628,2025-06-30,5787.14,0.0,5787.14,0,1
A00629,2025-06-30,3028.6,3028.6,0.0,1,0
A00630,2025-06-30,3674.22,3674.22,0.0,1,0
A00631,2025-06-30,287.27,287.27,0.0,1,0
A00632,2025-06-30,459.67,459.67,0.0,1,0
A00633,2025-06-30,3963.77,3963.77,0.0,1,0
A00634,2025-06-30,1626.18,1626.18,0.0,1,0
A00635,2025-06-30,3467.18,3467.18,0.0,1,0
A00636,2025-06-30,1932.1,0.0,1932.1,0,1
A00637,2025-06-30,7163.89,7163.89,0.0,1,0
A00638,2025-06-30,3085.66,0.0,3085.66,0,1
A00639,2025-06-30,2380.29,0.0,2380.29,0,1
A00640,2025-06-30,1916.67,1916.67,0.0,1,0
A00641,2025-06-30,66.03,66.03,0.0,1,0
A00642,2025-06-30,3749.42,0.0,3749.42,0,1
A00643,2025-06-30,990.18,990.18,0.0,1,0
A00644,2025-06-30,822.29,822.29,0.0,1,0
A00645,2025-06-30,3319.24,0.0,3319.24,0,1
A00646,2025-06-30,2104.37,0.0,2104.37,0,1
A00647,2025-06-30,8516.57,8516.57,0.0,1,0
A00648,2025-06-30,3608.71,3608.71,0.0,1,0
A00649,2025-06-30,6232.65,6232.65,0.0,1,0
A00650,2025-06-30,2613.12,0.0,2613.12,0,1
A00651,2025-06-30,4661.88,4661.88,0.0,1,0
A00652,2025-06-30,1182.94,0.0,1182.94,0,1
A00653,2025-06-30,696.72,0.0,696.72,0,1
A00654,2025-06-30,5755.01,0.0,5755.01,0,1
A00655,2025-06-30,1570.74,0.0,1570.74,0,1
A00656,2025-06-30,9189.57,9189.57,0.0,1,0
A00657,2025-06-30,3063.62,3063.62,0.0,1,0
A00658,2025-06-30,5449.83,0.0,5449.83,0,1
A00659,2025-06-30,358.83,358.83,0.0,1,0
A00660,2025-06-30,3073.93,0.0,3073.93,0,1
A00661,2025-06-30,5721.8,5721.8,0.0,1,0
A00662,2025-06-30,317.16,0.0,317.16,0,1
A00663,2025-06-30,726.12,726.12,0.0,1,0
A00664,2025-06-30,1378.65,1378.65,0.0,1,0
A00665,2025-06-30,1405.25,0.0,1405.25,0,1
A00666,2025-06-30,5204.52,0.0,5204.52,0,1
A00667,2025-06-30,1893.53,0.0,1893.53,0,1
A00668,2025-06-30,1638.51,0.0,1638.51,0,1
A00669,2025-06-30,1700.67,0.0,1700.67,0,1
A00670,2025-06-30,3248.39,0.0,3248.39,0,1
A00671,2025-06-30,1624.55,1624.55,0.0,1,0
A00672,2025-06-30,2016.62,0.0,2016.62,0,1
A00673,2025-06-30,4090.73,0.0,4090.73,0,1
A00674,2025-06-30,1555.53,1555.53,0.0,1,0
A00675,2025-06-30,656.58,656.58,0.0,1,0
A00676,2025-06-30,4944.65,4944.65,0.0,1,0
A00677,2025-06-30,1139.33,0.0,1139.33,0,1
A00678,2025-06-30,3495.88,3495.88,0.0,1,0
A00679,2025-06-30,1567.78,0.0,1567.78,0,1
A00680,2025-06-30,4627.04,0.0,4627.04,0,1
A00681,2025-06-30,2303.79,0.0,2303.79,0,1
A00682,2025-06-30,5412.84,0.0,5412.84,0,1
A00683,2025-06-30,7048.67,7048.67,0.0,1,0
A00684,2025-06-30,401.6,401.6,0.0,1,0
A00685,2025-06-30,2666.18,0.0,2666.18,0,1
A00686,2025-06-30,1300.93,1300.93,0.0,1,0
A00687,2025-06-30,4190.17,0.0,4190.17,0,1
A00688,2025-06-30,4332.04,0.0,4332.04,0,1
A00689,2025-06-30,3032.04,3032.04,0.0,1,0
A00690,2025-06-30,5334.26,5334.26,0.0,1,0
A00691,2025-06-30,2432.49,2432.49,0.0,1,0
A00692,2025-06-30,2447.33,0.0,2447.33,0,1
A00693,2025-06-30,3847.94,0.0,3847.94,0,1
A00694,2025-06-30,4436.49,4436.49,0.0,1,0
A00695,2025-06-30,1002.41,1002.41,0.0,1,0
A00696,2025-06-30,5097.92,5097.92,0.0,1,0
A00697,2025-06-30,571.34,0.0,571.34,0,1
A00698,2025-06-30,2652.26,0.0,2652.26,0,1
A00699,2025-06-30,1304.49,0.0,1304.49,0,1
A00700,2025-06-30,2810.74,0.0,2810.74,0,1
A00701,2025-06-30,1326.75,0.0,1326.75,0,1
A00702,2025-06-30,3449.48,0.0,3449.48,0,1
A00703,2025-06-30,4971.82,0.0,4971.82,0,1
A00704,2025-06-30,1404.12,0.0,1404.12,0,1
A00705,2025-06-30,887.76,0.0,887.76,0,1
A00706,2025-06-30,1481.93,1481.93,0.0,1,0
A00707,2025-06-30,1118.99,0.0,1118.99,0,1
A00708,2025-06-30,4076.67,0.0,4076.67,0,1
A00709,2025-06-30,1176.82,0.0,1176.82,0,1
A00710,2025-06-30,1798.69,0.0,1798.69,0,1
A00711,2025-06-30,1195.94,1195.94,0.0,1,0
A00712,2025-06-30,1261.4,0.0,1261.4,0,1
A00713,2025-06-30,1179.56,0.0,1179.56,0,1
A00714,2025-06-30,1093.05,0.0,1093.05,0,1
A00715,2025-06-30,2824.9,2824.9,0.0,1,0
A00716,2025-06-30,1464.78,0.0,1464.78,0,1
A00717,2025-06-30,1540.38,0.0,1540.38,0,1
A00718,2025-06-30,3880.13,0.0,3880.13,0,1
A00719,2025-06-30,155.04,0.0,155.04,0,1
A00720,2025-06-30,830.53,830.53,0.0,1,0
A00721,2025-06-30,1965.45,0.0,1965.45,0,1
A00722,2025-06-30,1077.71,1077.71,0.0,1,0
A00723,2025-06-30,3607.26,0.0,3607.26,0,1
A00724,2025-06-30,4430.12,4430.12,0.0,1,0
A00725,2025-06-30,4969.01,4969.01,0.0,1,0
A00726,2025-06-30,1032.16,0.0,1032.16,0,1
A00727,2025-06-30,2276.51,2276.51,0.0,1,0
A00728,2025-06-30,3972.72,0.0,3972.72,0,1
A00729,2025-06-30,217.25,217.25,0.0,1,0
A00730,2025-06-30,1942.91,0.0,1942.91,0,1
A00731,2025-06-30,3845.43,3845.43,0.0,1,0
A00732,2025-06-30,1629.25,1629.25,0.0,1,0
A00733,2025-06-30,1418.65,1418.65,0.0,1,0
A00734,2025-06-30,6813.37,0.0,6813.37,0,1
A00735,2025-06-30,486.9,0.0,486.9,0,1
A00736,2025-06-30,4968.2,0.0,4968.2,0,1
A00737,2025-06-30,2935.98,2935.98,0.0,1,0
A00738,2025-06-30,587.67,0.0,587.67,0,1
A00739,2025-06-30,2114.64,0.0,2114.64,0,1
A00740,2025-06-30,5488.25,0.0,5488.25,0,1
A00741,2025-06-30,1846.52,0.0,1846.52,0,1
A00742,2025-06-30,1192.49,0.0,1192.49,0,1
A00743,2025-06-30,2517.86,2517.86,0.0,1,0
A00744,2025-06-30,1652.11,1652.11,0.0,1,0
A00745,2025-06-30,1397.83,1397.83,0.0,1,0
A00746,2025-06-30,2254.64,2254.64,0.0,1,0
A00747,2025-06-30,340.81,340.81,0.0,1,0
A00748,2025-06-30,2898.7,0.0,2898.7,0,1
A00749,2025-06-30,1527.79,0.0,1527.79,0,1
A00750,2025-06-30,3411.0,0.0,3411.0,0,1
A00751,2025-06-30,1891.35,1891.35,0.0,1,0
A00752,2025-06-30,3984.3,3984.3,0.0,1,0
A00753,2025-06-30,439.23,0.0,439.23,0,1
A00754,2025-06-30,814.95,814.95,0.0,1,0
A00755,2025-06-30,688.32,0.0,688.32,0,1
A00756,2025-06-30,2279.93,0.0,2279.93,0,1
A00757,2025-06-30,4572.19,0.0,4572.19,0,1
A00758,2025-06-30,4761.04,0.0,4761.04,0,1
A00759,2025-06-30,168.87,168.87,0.0,1,0
A00760,2025-06-30,1733.15,1733.15,0.0,1,0
A00761,2025-06-30,712.05,712.05,0.0,1,0
A00762,2025-06-30,349.88,0.0,349.88,0,1
A00763,2025-06-30,5736.47,0.0,5736.47,0,1
A00764,2025-06-30,3054.7,3054.7,0.0,1,0
A00765,2025-06-30,1970.05,1970.05,0.0,1,0
A00766,2025-06-30,2635.57,2635.57,0.0,1,0
A00767,2025-06-30,793.84,0.0,793.84,0,1
A00768,2025-06-30,769.13,0.0,769.13,0,1
A00769,2025-06-30,4183.17,4183.17,0.0,1,0
A00770,2025-06-30,4427.33,0.0,4427.33,0,1
A00771,2025-06-30,4712.7,0.0,4712.7,0,1
A00772,2025-06-30,2124.68,0.0,2124.68,0,1
A00773,2025-06-30,2055.69,0.0,2055.69,0,1
A00774,2025-06-30,2507.8,0.0,2507.8,0,1
A00775,2025-06-30,4347.99,0.0,4347.99,0,1
A00776,2025-06-30,3705.16,3705.16,0.0,1,0
A00777,2025-06-30,4423.86,0.0,4423.86,0,1
A00778,2025-06-30,6448.4,6448.4,0.0,1,0
A00779,2025-06-30,4671.45,0.0,4671.45,0,1
A00780,2025-06-30,3078.88,0.0,3078.88,0,1
A00781,2025-06-30,10782.17,0.0,10782.17,0,1
A00782,2025-06-30,921.28,921.28,0.0,1,0
A00783,2025-06-30,3031.49,0.0,3031.49,0,1
A00784,2025-06-30,2110.26,0.0,2110.26,0,1
A00785,2025-06-30,3190.18,0.0,3190.18,0,1
A00786,2025-06-30,149.45,149.45,0.0,1,0
A00787,2025-06-30,1969.5,0.0,1969.5,0,1
A00788,2025-06-30,1595.82,0.0,1595.82,0,1
A00789,2025-06-30,498.74,0.0,498.74,0,1
A00790,2025-06-30,2944.72,0.0,2944.72,0,1
A00791,2025-06-30,589.05,0.0,589.05,0,1
A00792,2025-06-30,8955.81,0.0,8955.81,0,1
A00793,2025-06-30,1023.7,0.0,1023.7,0,1
A00794,2025-06-30,1136.86,1136.86,0.0,1,0
A00795,2025-06-30,565.42,565.42,0.0,1,0
A00796,2025-06-30,3336.64,3336.64,0.0,1,0
A00797,2025-06-30,1966.96,1966.96,0.0,1,0
A00798,2025-06-30,2001.87,0.0,2001.87,0,1
A00799,2025-06-30,892.12,892.12,0.0,1,0
A00800,2025-06-30,3326.97,0.0,3326.97,0,1
A00801,2025-06-30,5708.92,5708.92,0.0,1,0
A00802,2025-06-30,1002.71,0.0,1002.71,0,1
A00803,2025-06-30,2610.8,2610.8,0.0,1,0
A00804,2025-06-30,788.15,0.0,788.15,0,1
A00805,2025-06-30,1618.66,1618.66,0.0,1,0
A00806,2025-06-30,2953.18,0.0,2953.18,0,1
A00807,2025-06-30,1459.66,0.0,1459.66,0,1
A00808,2025-06-30,3547.92,0.0,3547.92,0,1
A00809,2025-06-30,691.18,0.0,691.18,0,1
A00810,2025-06-30,2121.52,2121.52,0.0,1,0
A00811,2025-06-30,2700.25,2700.25,0.0,1,0
A00812,2025-06-30,292.81,0.0,292.81,0,1
A00813,2025-06-30,945.31,0.0,945.31,0,1
A00814,2025-06-30,921.42,921.42,0.0,1,0
A00815,2025-06-30,2744.43,0.0,2744.43,0,1
A00816,2025-06-30,432.38,432.38,0.0,1,0
A00817,2025-06-30,2680.98,0.0,2680.98,0,1
A00818,2025-06-30,1275.22,0.0,1275.22,0,1
A00819,2025-06-30,2637.15,2637.15,0.0,1,0
A00820,2025-06-30,1239.92,1239.92,0.0,1,0
A00821,2025-06-30,3505.44,3505.44,0.0,1,0
A00822,2025-06-30,3076.94,0.0,3076.94,0,1
A00823,2025-06-30,2502.95,0.0,2502.95,0,1
A00824,2025-06-30,1149.21,0.0,1149.21,0,1
A00825,2025-06-30,1808.74,1808.74,0.0,1,0
A00826,2025-06-30,612.67,0.0,612.67,0,1
A00827,2025-06-30,1600.46,0.0,1600.46,0,1
A00828,2025-06-30,1812.57,0.0,1812.57,0,1
A00829,2025-06-30,2232.04,2232.04,0.0,1,0
A00830,2025-06-30,3715.24,3715.24,0.0,1,0
A00831,2025-06-30,1216.77,0.0,1216.77,0,1
A00832,2025-06-30,2976.85,0.0,2976.85,0,1
A00833,2025-06-30,571.73,571.73,0.0,1,0
A00834,2025-06-30,2737.88,0.0,2737.88,0,1
A00835,2025-06-30,3583.14,3583.14,0.0,1,0
A00836,2025-06-30,1770.94,0.0,1770.94,0,1
A00837,2025-06-30,1618.73,0.0,1618.73,0,1
A00838,2025-06-30,3363.1,3363.1,0.0,1,0
A00839,2025-06-30,2962.17,0.0,2962.17,0,1
A00840,2025-06-30,3880.65,0.0,3880.65,0,1
A00841,2025-06-30,1413.41,1413.41,0.0,1,0
A00842,2025-06-30,7479.65,0.0,7479.65,0,1
A00843,2025-06-30,1451.49,0.0,1451.49,0,1
A00844,2025-06-30,2401.44,0.0,2401.44,0,1
A00845,2025-06-30,3096.84,0.0,3096.84,0,1
A00846,2025-06-30,1429.77,1429.77,0.0,1,0
A00847,2025-06-30,1583.41,1583.41,0.0,1,0
A00848,2025-06-30,3621.01,0.0,3621.01,0,1
A00849,2025-06-30,3362.44,3362.44,0.0,1,0
A00850,2025-06-30,408.59,408.59,0.0,1,0
A00851,2025-06-30,799.65,799.65,0.0,1,0
A00852,2025-06-30,1312.07,1312.07,0.0,1,0
A00853,2025-06-30,2210.36,0.0,2210.36,0,1
A00854,2025-06-30,703.22,0.0,703.22,0,1
A00855,2025-06-30,597.89,0.0,597.89,0,1
A00856,2025-06-30,1635.91,0.0,1635.91,0,1
A00857,2025-06-30,588.49,588.49,0.0,1,0
A00858,2025-06-30,1165.57,1165.57,0.0,1,0
A00859,2025-06-30,922.85,0.0,922.85,0,1
A00860,2025-06-30,4171.69,0.0,4171.69,0,1
A00861,2025-06-30,1196.78,1196.78,0.0,1,0
A00862,2025-06-30,2578.46,0.0,2578.46,0,1
A00863,2025-06-30,419.68,0.0,419.68,0,1
A00864,2025-06-30,910.72,0.0,910.72,0,1
A00865,2025-06-30,721.16,721.16,0.0,1,0
A00866,2025-06-30,2898.32,0.0,2898.32,0,1
A00867,2025-06-30,1990.03,0.0,1990.03,0,1
A00868,2025-06-30,1471.87,1471.87,0.0,1,0
A00869,2025-06-30,564.78,0.0,564.78,0,1
A00870,2025-06-30,627.8,0.0,627.8,0,1
A00871,2025-06-30,2455.77,2455.77,0.0,1,0
A00872,2025-06-30,4014.7,0.0,4014.7,0,1
A00873,2025-06-30,1760.33,1760.33,0.0,1,0
A00874,2025-06-30,2568.88,0.0,2568.88,0,1
A00875,2025-06-30,1091.08,1091.08,0.0,1,0
A00876,2025-06-30,4078.56,0.0,4078.56,0,1
A00877,2025-06-30,3522.07,0.0,3522.07,0,1
A00878,2025-06-30,1822.68,0.0,1822.68,0,1
A00879,2025-06-30,1224.37,0.0,1224.37,0,1
A00880,2025-06-30,524.93,0.0,524.93,0,1
A00881,2025-06-30,2875.36,0.0,2875.36,0,1
A00882,2025-06-30,912.3,0.0,912.3,0,1
A00883,2025-06-30,798.95,798.95,0.0,1,0
A00884,2025-06-30,2643.44,0.0,2643.44,0,1
A00885,2025-06-30,1705.26,0.0,1705.26,0,1
A00886,2025-06-30,4053.99,0.0,4053.99,0,1
A00887,2025-06-30,2373.96,0.0,2373.96,0,1
A00888,2025-06-30,5506.93,0.0,5506.93,0,1
A00889,2025-06-30,1210.09,0.0,1210.09,0,1
A00890,2025-06-30,2095.34,2095.34,0.0,1,0
A00891,2025-06-30,534.7,0.0,534.7,0,1
A00892,2025-06-30,988.06,0.0,988.06,0,1
A00893,2025-06-30,704.18,0.0,704.18,0,1
A00894,2025-06-30,2929.28,2929.28,0.0,1,0
A00895,2025-06-30,2032.82,0.0,2032.82,0,1
A00896,2025-06-30,1409.09,1409.09,0.0,1,0
A00897,2025-06-30,3712.51,0.0,3712.51,0,1
A00898,2025-06-30,1121.28,0.0,1121.28,0,1
A00899,2025-06-30,5040.37,0.0,5040.37,0,1
A00900,2025-06-30,2466.17,0.0,2466.17,0,1
A00901,2025-06-30,2954.08,0.0,2954.08,0,1
A00902,2025-06-30,897.91,0.0,897.91,0,1
A00903,2025-06-30,1061.23,1061.23,0.0,1,0
A00904,2025-06-30,2973.46,0.0,2973.46,0,1
A00905,2025-06-30,1195.08,0.0,1195.08,0,1
A00906,2025-06-30,391.18,0.0,391.18,0,1
A00907,2025-06-30,1075.86,0.0,1075.86,0,1
A00908,2025-06-30,1358.92,1358.92,0.0,1,0
A00909,2025-06-30,1847.77,1847.77,0.0,1,0
A00910,2025-06-30,3014.87,0.0,3014.87,0,1
A00911,2025-06-30,2718.42,0.0,2718.42,0,1
A00912,2025-06-30,327.5,327.5,0.0,1,0
A00913,2025-06-30,840.21,840.21,0.0,1,0
A00914,2025-06-30,1936.04,0.0,1936.04,0,1
A00915,2025-06-30,1625.57,0.0,1625.57,0,1
A00916,2025-06-30,3774.54,3774.54,0.0,1,0
A00917,2025-06-30,4905.72,0.0,4905.72,0,1
A00918,2025-06-30,2744.37,0.0,2744.37,0,1
A00919,2025-06-30,1850.28,0.0,1850.28,0,1
A00920,2025-06-30,2539.79,0.0,2539.79,0,1
A00921,2025-06-30,3878.84,0.0,3878.84,0,1
A00922,2025-06-30,4792.59,0.0,4792.59,0,1
A00923,2025-06-30,1088.18,0.0,1088.18,0,1
A00924,2025-06-30,847.27,847.27,0.0,1,0
A00925,2025-06-30,4294.06,0.0,4294.06,0,1
A00926,2025-06-30,2855.7,2855.7,0.0,1,0
A00927,2025-06-30,293.64,0.0,293.64,0,1
A00928,2025-06-30,4075.52,4075.52,0.0,1,0
A00929,2025-06-30,7295.56,0.0,7295.56,0,1
A00930,2025-06-30,2507.74,0.0,2507.74,0,1
A00931,2025-06-30,2122.43,0.0,2122.43,0,1
A00932,2025-06-30,2239.12,0.0,2239.12,0,1
A00933,2025-06-30,2094.75,0.0,2094.75,0,1
A00934,2025-06-30,1741.06,0.0,1741.06,0,1
A00935,2025-06-30,5279.27,0.0,5279.27,0,1
A00936,2025-06-30,3130.9,0.0,3130.9,0,1
A00937,2025-06-30,1511.67,0.0,1511.67,0,1
A00938,2025-06-30,4397.02,0.0,4397.02,0,1
A00939,2025-06-30,4835.67,0.0,4835.67,0,1
A00940,2025-06-30,627.94,627.94,0.0,1,0
A00941,2025-06-30,2661.83,0.0,2661.83,0,1
A00942,2025-06-30,7033.49,7033.49,0.0,1,0
A00943,2025-06-30,880.73,0.0,880.73,0,1
A00944,2025-06-30,1024.84,1024.84,0.0,1,0
A00945,2025-06-30,176.73,0.0,176.73,0,1
A00946,2025-06-30,196.39,196.39,0.0,1,0
A00947,2025-06-30,4314.69,0.0,4314.69,0,1
A00948,2025-06-30,4353.49,0.0,4353.49,0,1
A00949,2025-06-30,2195.64,0.0,2195.64,0,1
A00950,2025-06-30,1706.87,0.0,1706.87,0,1
A00951,2025-06-30,3112.12,3112.12,0.0,1,0
A00952,2025-06-30,2009.61,2009.61,0.0,1,0
A00953,2025-06-30,1477.18,0.0,1477.18,0,1
A00954,2025-06-30,2564.14,2564.14,0.0,1,0
A00955,2025-06-30,1362.24,1362.24,0.0,1,0
A00956,2025-06-30,949.04,0.0,949.04,0,1
A00957,2025-06-30,8000.78,0.0,8000.78,0,1
A00958,2025-06-30,3417.56,3417.56,0.0,1,0
A00959,2025-06-30,2627.5,0.0,2627.5,0,1
A00960,2025-06-30,635.65,0.0,635.65,0,1
A00961,2025-06-30,3384.74,0.0,3384.74,0,1
A00962,2025-06-30,1365.05,0.0,1365.05,0,1
A00963,2025-06-30,2275.99,0.0,2275.99,0,1
A00964,2025-06-30,5360.69,0.0,5360.69,0,1
A00965,2025-06-30,1694.86,0.0,1694.86,0,1
A00966,2025-06-30,961.79,961.79,0.0,1,0
A00967,2025-06-30,1841.25,0.0,1841.25,0,1
A00968,2025-06-30,7080.82,7080.82,0.0,1,0
A00969,2025-06-30,3221.81,3221.81,0.0,1,0
A00970,2025-06-30,6310.19,6310.19,0.0,1,0
A00971,2025-06-30,730.36,730.36,0.0,1,0
A00972,2025-06-30,717.44,0.0,717.44,0,1
A00973,2025-06-30,392.73,392.73,0.0,1,0
A00974,2025-06-30,345.91,0.0,345.91,0,1
A00975,2025-06-30,1645.66,0.0,1645.66,0,1
A00976,2025-06-30,1908.43,1908.43,0.0,1,0
A00977,2025-06-30,1364.78,1364.78,0.0,1,0
A00978,2025-06-30,1050.55,1050.55,0.0,1,0
A00979,2025-06-30,7918.94,0.0,7918.94,0,1
A00980,2025-06-30,1006.48,0.0,1006.48,0,1
A00981,2025-06-30,1582.62,1582.62,0.0,1,0
A00982,2025-06-30,1062.81,0.0,1062.81,0,1
A00983,2025-06-30,3086.11,0.0,3086.11,0,1
A00984,2025-06-30,4535.42,0.0,4535.42,0,1
A00985,2025-06-30,1615.05,1615.05,0.0,1,0
A00986,2025-06-30,1133.48,0.0,1133.48,0,1
A00987,2025-06-30,1757.65,0.0,1757.65,0,1
A00988,2025-06-30,3920.86,3920.86,0.0,1,0
A00989,2025-06-30,1738.17,0.0,1738.17,0,1
A00990,2025-06-30,2401.92,2401.92,0.0,1,0
A00991,2025-06-30,3541.74,3541.74,0.0,1,0
A00992,2025-06-30,1231.05,0.0,1231.05,0,1
A00993,2025-06-30,670.93,0.0,670.93,0,1
A00994,2025-06-30,2845.99,0.0,2845.99,0,1
A00995,2025-06-30,3270.28,0.0,3270.28,0,1
A00996,2025-06-30,5279.78,0.0,5279.78,0,1
A00997,2025-06-30,2608.16,0.0,2608.16,0,1
A00998,2025-06-30,1314.44,0.0,1314.44,0,1
A00999,2025-06-30,696.84,696.84,0.0,1,0
A01000,2025-06-30,2940.75,0.0,2940.75,0,1
A01001,2025-06-30,3105.96,3105.96,0.0,1,0
A01002,2025-06-30,4473.1,4473.1,0.0,1,0
A01003,2025-06-30,4710.55,0.0,4710.55,0,1
A01004,2025-06-30,1252.99,0.0,1252.99,0,1
A01005,2025-06-30,2288.39,0.0,2288.39,0,1
A01006,2025-06-30,1508.93,0.0,1508.93,0,1
A01007,2025-06-30,4177.96,4177.96,0.0,1,0
A01008,2025-06-30,3478.41,3478.41,0.0,1,0
A01009,2025-06-30,2252.08,0.0,2252.08,0,1
A01010,2025-06-30,695.12,0.0,695.12,0,1
A01011,2025-06-30,2548.21,0.0,2548.21,0,1
A01012,2025-06-30,1008.03,1008.03,0.0,1,0
A01013,2025-06-30,3899.63,0.0,3899.63,0,1
A01014,2025-06-30,8936.76,0.0,8936.76,0,1
A01015,2025-06-30,1054.62,0.0,1054.62,0,1
A01016,2025-06-30,2795.43,0.0,2795.43,0,1
A01017,2025-06-30,5875.24,0.0,5875.24,0,1
A01018,2025-06-30,3314.32,3314.32,0.0,1,0
A01019,2025-06-30,294.31,0.0,294.31,0,1
A01020,2025-06-30,4608.3,4608.3,0.0,1,0
A01021,2025-06-30,5807.53,5807.53,0.0,1,0
A01022,2025-06-30,277.5,0.0,277.5,0,1
A01023,2025-06-30,1705.91,0.0,1705.91,0,1
A01024,2025-06-30,778.15,0.0,778.15,0,1
A01025,2025-06-30,910.39,910.39,0.0,1,0
A01026,2025-06-30,1005.24,0.0,1005.24,0,1
A01027,2025-06-30,4155.28,0.0,4155.28,0,1
A01028,2025-06-30,6272.21,0.0,6272.21,0,1
A01029,2025-06-30,2506.12,0.0,2506.12,0,1
A01030,2025-06-30,4686.06,4686.06,0.0,1,0
A01031,2025-06-30,4166.45,4166.45,0.0,1,0
A01032,2025-06-30,1332.99,0.0,1332.99,0,1
A01033,2025-06-30,2501.07,2501.07,0.0,1,0
A01034,2025-06-30,1609.55,1609.55,0.0,1,0
A01035,2025-06-30,4392.26,0.0,4392.26,0,1
A01036,2025-06-30,2427.92,2427.92,0.0,1,0
A01037,2025-06-30,1135.72,0.0,1135.72,0,1
A01038,2025-06-30,1055.87,1055.87,0.0,1,0
A01039,2025-06-30,2633.03,0.0,2633.03,0,1
A01040,2025-06-30,3843.74,0.0,3843.74,0,1
A01041,2025-06-30,2802.72,0.0,2802.72,0,1
A01042,2025-06-30,743.44,743.44,0.0,1,0
A01043,2025-06-30,3375.92,3375.92,0.0,1,0
A01044,2025-06-30,2079.09,0.0,2079.09,0,1
A01045,2025-06-30,1580.24,1580.24,0.0,1,0
A01046,2025-06-30,3085.54,3085.54,0.0,1,0
A01047,2025-06-30,441.13,441.13,0.0,1,0
A01048,2025-06-30,360.33,0.0,360.33,0,1
A01049,2025-06-30,2581.52,0.0,2581.52,0,1
A01050,2025-06-30,3248.67,0.0,3248.67,0,1
A01051,2025-06-30,1529.59,1529.59,0.0,1,0
A01052,2025-06-30,1395.78,0.0,1395.78,0,1
A01053,2025-06-30,1267.24,1267.24,0.0,1,0
A01054,2025-06-30,1907.9,0.0,1907.9,0,1
A01055,2025-06-30,3621.53,0.0,3621.53,0,1
A01056,2025-06-30,3465.62,3465.62,0.0,1,0
A01057,2025-06-30,4560.32,0.0,4560.32,0,1
A01058,2025-06-30,1460.62,0.0,1460.62,0,1
A01059,2025-06-30,1154.33,0.0,1154.33,0,1
A01060,2025-06-30,1006.14,1006.14,0.0,1,0
A01061,2025-06-30,6031.76,0.0,6031.76,0,1
A01062,2025-06-30,1801.49,0.0,1801.49,0,1
A01063,2025-06-30,955.97,0.0,955.97,0,1
A01064,2025-06-30,2223.82,2223.82,0.0,1,0
A01065,2025-06-30,5735.41,0.0,5735.41,0,1
A01066,2025-06-30,469.26,469.26,0.0,1,0
A01067,2025-06-30,6182.67,0.0,6182.67,0,1
A01068,2025-06-30,2382.27,0.0,2382.27,0,1
A01069,2025-06-30,3560.31,3560.31,0.0,1,0
A01070,2025-06-30,1057.06,0.0,1057.06,0,1
A01071,2025-06-30,804.84,0.0,804.84,0,1
A01072,2025-06-30,4358.4,4358.4,0.0,1,0
A01073,2025-06-30,2360.92,2360.92,0.0,1,0
A01074,2025-06-30,764.59,0.0,764.59,0,1
A01075,2025-06-30,186.75,0.0,186.75,0,1
A01076,2025-06-30,2631.52,0.0,2631.52,0,1
A01077,2025-06-30,5826.71,0.0,5826.71,0,1
A01078,2025-06-30,1017.97,1017.97,0.0,1,0
A01079,2025-06-30,702.44,702.44,0.0,1,0
A01080,2025-06-30,318.51,0.0,318.51,0,1
A01081,2025-06-30,5636.91,0.0,5636.91,0,1
A01082,2025-06-30,2323.78,2323.78,0.0,1,0
A01083,2025-06-30,1549.56,1549.56,0.0,1,0
A01084,2025-06-30,6762.62,6762.62,0.0,1,0
A01085,2025-06-30,267.2,0.0,267.2,0,1
A01086,2025-06-30,2172.05,0.0,2172.05,0,1
A01087,2025-06-30,1256.48,1256.48,0.0,1,0
A01088,2025-06-30,355.86,0.0,355.86,0,1
A01089,2025-06-30,3650.9,0.0,3650.9,0,1
A01090,2025-06-30,1216.45,0.0,1216.45,0,1
A01091,2025-06-30,5369.72,0.0,5369.72,0,1
A01092,2025-06-30,1646.24,1646.24,0.0,1,0
A01093,2025-06-30,1863.82,0.0,1863.82,0,1
A01094,2025-06-30,2126.42,0.0,2126.42,0,1
A01095,2025-06-30,4621.26,4621.26,0.0,1,0
A01096,2025-06-30,2566.8,2566.8,0.0,1,0
A01097,2025-06-30,4188.41,0.0,4188.41,0,1
A01098,2025-06-30,3147.11,3147.11,0.0,1,0
A01099,2025-06-30,1243.57,1243.57,0.0,1,0
A01100,2025-06-30,2807.27,2807.27,0.0,1,0
A01101,2025-06-30,1018.05,1018.05,0.0,1,0
A01102,2025-06-30,3417.25,3417.25,0.0,1,0
A01103,2025-06-30,3482.88,0.0,3482.88,0,1
A01104,2025-06-30,3611.42,3611.42,0.0,1,0
A01105,2025-06-30,584.46,0.0,584.46,0,1
A01106,2025-06-30,398.0,398.0,0.0,1,0
A01107,2025-06-30,1676.2,0.0,1676.2,0,1
A01108,2025-06-30,3549.23,3549.23,0.0,1,0
A01109,2025-06-30,1785.59,0.0,1785.59,0,1
A01110,2025-06-30,2964.23,0.0,2964.23,0,1
A01111,2025-06-30,6057.94,0.0,6057.94,0,1
A01112,2025-06-30,959.49,959.49,0.0,1,0
A01113,2025-06-30,6110.6,6110.6,0.0,1,0
A01114,2025-06-30,2778.57,0.0,2778.57,0,1
A01115,2025-06-30,2934.77,2934.77,0.0,1,0
A01116,2025-06-30,2992.91,2992.91,0.0,1,0
A01117,2025-06-30,5933.98,0.0,5933.98,0,1
A01118,2025-06-30,1702.12,0.0,1702.12,0,1
A01119,2025-06-30,842.33,0.0,842.33,0,1
A01120,2025-06-30,5898.6,0.0,5898.6,0,1
A01121,2025-06-30,942.45,0.0,942.45,0,1
A01122,2025-06-30,1633.14,0.0,1633.14,0,1
A01123,2025-06-30,2828.06,2828.06,0.0,1,0
A01124,2025-06-30,1556.08,0.0,1556.08,0,1
A01125,2025-06-30,1464.91,0.0,1464.91,0,1
A01126,2025-06-30,1098.31,1098.31,0.0,1,0
A01127,2025-06-30,7422.77,0.0,7422.77,0,1
A01128,2025-06-30,2830.95,2830.95,0.0,1,0
A01129,2025-06-30,4963.64,0.0,4963.64,0,1
A01130,2025-06-30,2478.72,2478.72,0.0,1,0
A01131,2025-06-30,4236.5,0.0,4236.5,0,1
A01132,2025-06-30,6241.22,6241.22,0.0,1,0
A01133,2025-06-30,4300.9,0.0,4300.9,0,1
A01134,2025-06-30,2154.76,0.0,2154.76,0,1
A01135,2025-06-30,1039.32,1039.32,0.0,1,0
A01136,2025-06-30,1095.26,0.0,1095.26,0,1
A01137,2025-06-30,4226.03,0.0,4226.03,0,1
A01138,2025-06-30,460.54,0.0,460.54,0,1
A01139,2025-06-30,1682.31,0.0,1682.31,0,1
A01140,2025-06-30,2208.13,0.0,2208.13,0,1
A01141,2025-06-30,2810.4,0.0,2810.4,0,1
A01142,2025-06-30,3416.34,3416.34,0.0,1,0
A01143,2025-06-30,1412.93,1412.93,0.0,1,0
A01144,2025-06-30,3050.5,0.0,3050.5,0,1
A01145,2025-06-30,1680.76,1680.76,0.0,1,0
A01146,2025-06-30,3009.84,3009.84,0.0,1,0
A01147,2025-06-30,1102.0,0.0,1102.0,0,1
A01148,2025-06-30,1661.73,0.0,1661.73,0,1
A01149,2025-06-30,1569.3,1569.3,0.0,1,0
A01150,2025-06-30,1405.5,1405.5,0.0,1,0
A01151,2025-06-30,1425.71,1425.71,0.0,1,0
A01152,2025-06-30,5849.12,0.0,5849.12,0,1
A01153,2025-06-30,1001.04,1001.04,0.0,1,0
A01154,2025-06-30,787.23,0.0,787.23,0,1
A01155,2025-06-30,854.04,0.0,854.04,0,1
A01156,2025-06-30,712.76,0.0,712.76,0,1
A01157,2025-06-30,310.52,0.0,310.52,0,1
A01158,2025-06-30,1722.8,1722.8,0.0,1,0
A01159,2025-06-30,3821.21,0.0,3821.21,0,1
A01160,2025-06-30,3845.12,3845.12,0.0,1,0
A01161,2025-06-30,4324.79,0.0,4324.79,0,1
A01162,2025-06-30,2496.09,2496.09,0.0,1,0
A01163,2025-06-30,1284.71,0.0,1284.71,0,1
A01164,2025-06-30,4150.12,4150.12,0.0,1,0
A01165,2025-06-30,1603.1,0.0,1603.1,0,1
A01166,2025-06-30,318.89,0.0,318.89,0,1
A01167,2025-06-30,757.98,757.98,0.0,1,0
A01168,2025-06-30,1791.96,1791.96,0.0,1,0
A01169,2025-06-30,1482.81,0.0,1482.81,0,1
A01170,2025-06-30,2865.13,0.0,2865.13,0,1
A01171,2025-06-30,2553.62,0.0,2553.62,0,1
A01172,2025-06-30,1113.32,1113.32,0.0,1,0
A01173,2025-06-30,4588.06,4588.06,0.0,1,0
A01174,2025-06-30,1874.2,0.0,1874.2,0,1
A01175,2025-06-30,7366.0,0.0,7366.0,0,1
A01176,2025-06-30,1302.29,0.0,1302.29,0,1
A01177,2025-06-30,2984.74,2984.74,0.0,1,0
A01178,2025-06-30,163.27,163.27,0.0,1,0
A01179,2025-06-30,5150.68,0.0,5150.68,0,1
A01180,2025-06-30,1210.24,1210.24,0.0,1,0
A01181,2025-06-30,2256.73,2256.73,0.0,1,0
A01182,2025-06-30,2446.63,2446.63,0.0,1,0
A01183,2025-06-30,1048.5,0.0,1048.5,0,1
A01184,2025-06-30,81.42,0.0,81.42,0,1
A01185,2025-06-30,1257.46,0.0,1257.46,0,1
A01186,2025-06-30,1984.67,0.0,1984.67,0,1
A01187,2025-06-30,444.19,0.0,444.19,0,1
A01188,2025-06-30,1398.48,1398.48,0.0,1,0
A01189,2025-06-30,2664.61,0.0,2664.61,0,1
A01190,2025-06-30,1390.49,0.0,1390.49,0,1
A01191,2025-06-30,693.67,693.67,0.0,1,0
A01192,2025-06-30,1081.43,0.0,1081.43,0,1
A01193,2025-06-30,659.82,0.0,659.82,0,1
A01194,2025-06-30,4069.16,4069.16,0.0,1,0
A01195,2025-06-30,1270.85,1270.85,0.0,1,0
A01196,2025-06-30,1721.64,0.0,1721.64,0,1
A01197,2025-06-30,3076.14,3076.14,0.0,1,0
A01198,2025-06-30,674.84,0.0,674.84,0,1
A01199,2025-06-30,389.12,389.12,0.0,1,0
A01200,2025-06-30,260.57,260.57,0.0,1,0
A01201,2025-06-30,4382.95,0.0,4382.95,0,1
A01202,2025-06-30,506.95,0.0,506.95,0,1
A01203,2025-06-30,3387.86,3387.86,0.0,1,0
A01204,2025-06-30,1226.2,0.0,1226.2,0,1
A01205,2025-06-30,1901.82,0.0,1901.82,0,1
A01206,2025-06-30,1917.0,0.0,1917.0,0,1
A01207,2025-06-30,3111.45,0.0,3111.45,0,1
A01208,2025-06-30,315.43,315.43,0.0,1,0
A01209,2025-06-30,3591.06,3591.06,0.0,1,0
A01210,2025-06-30,4399.86,4399.86,0.0,1,0
A01211,2025-06-30,2099.28,0.0,2099.28,0,1
A01212,2025-06-30,941.47,941.47,0.0,1,0
A01213,2025-06-30,2806.37,0.0,2806.37,0,1
A01214,2025-06-30,1167.7,1167.7,0.0,1,0
A01215,2025-06-30,3483.82,0.0,3483.82,0,1
A01216,2025-06-30,711.26,711.26,0.0,1,0
A01217,2025-06-30,2769.89,2769.89,0.0,1,0
A01218,2025-06-30,8739.8,8739.8,0.0,1,0
A01219,2025-06-30,675.87,675.87,0.0,1,0
A01220,2025-06-30,869.2,0.0,869.2,0,1
A01221,2025-06-30,2035.69,0.0,2035.69,0,1
A01222,2025-06-30,5828.09,0.0,5828.09,0,1
A01223,2025-06-30,2864.44,0.0,2864.44,0,1
A01224,2025-06-30,4149.85,0.0,4149.85,0,1
A01225,2025-06-30,636.37,0.0,636.37,0,1
A01226,2025-06-30,3253.17,0.0,3253.17,0,1
A01227,2025-06-30,1231.51,1231.51,0.0,1,0
A01228,2025-06-30,2843.73,0.0,2843.73,0,1
A01229,2025-06-30,1127.06,1127.06,0.0,1,0
A01230,2025-06-30,2354.81,2354.81,0.0,1,0
A01231,2025-06-30,2570.68,0.0,2570.68,0,1
A01232,2025-06-30,1194.96,0.0,1194.96,0,1
A01233,2025-06-30,908.66,0.0,908.66,0,1
A01234,2025-06-30,1134.39,0.0,1134.39,0,1
A01235,2025-06-30,889.35,0.0,889.35,0,1
A01236,2025-06-30,3208.05,0.0,3208.05,0,1
A01237,2025-06-30,2781.94,2781.94,0.0,1,0
A01238,2025-06-30,6380.15,6380.15,0.0,1,0
A01239,2025-06-30,6343.66,0.0,6343.66,0,1
A01240,2025-06-30,4699.36,0.0,4699.36,0,1
A01241,2025-06-30,7076.64,0.0,7076.64,0,1
A01242,2025-06-30,1524.45,1524.45,0.0,1,0
A01243,2025-06-30,920.82,920.82,0.0,1,0
A01244,2025-06-30,4447.58,0.0,4447.58,0,1
A01245,2025-06-30,812.27,0.0,812.27,0,1
A01246,2025-06-30,1563.61,0.0,1563.61,0,1
A01247,2025-06-30,2227.06,2227.06,0.0,1,0
A01248,2025-06-30,2362.14,0.0,2362.14,0,1
A01249,2025-06-30,5070.47,5070.47,0.0,1,0
A01250,2025-06-30,2657.24,2657.24,0.0,1,0
A01251,2025-06-30,1807.38,0.0,1807.38,0,1
A01252,2025-06-30,522.98,0.0,522.98,0,1
A01253,2025-06-30,474.42,474.42,0.0,1,0
A01254,2025-06-30,1834.93,0.0,1834.93,0,1
A01255,2025-06-30,1709.59,0.0,1709.59,0,1
A01256,2025-06-30,894.17,0.0,894.17,0,1
A01257,2025-06-30,8008.32,0.0,8008.32,0,1
A01258,2025-06-30,2658.87,0.0,2658.87,0,1
A01259,2025-06-30,2034.37,0.0,2034.37,0,1
A01260,2025-06-30,923.55,923.55,0.0,1,0
A01261,2025-06-30,1215.4,0.0,1215.4,0,1
A01262,2025-06-30,1175.18,0.0,1175.18,0,1
A01263,2025-06-30,705.0,705.0,0.0,1,0
A01264,2025-06-30,1165.78,0.0,1165.78,0,1
A01265,2025-06-30,3415.59,0.0,3415.59,0,1
A01266,2025-06-30,5443.13,0.0,5443.13,0,1
A01267,2025-06-30,369.29,0.0,369.29,0,1
A01268,2025-06-30,3380.4,0.0,3380.4,0,1
A01269,2025-06-30,5279.77,0.0,5279.77,0,1
A01270,2025-06-30,410.95,0.0,410.95,0,1
A01271,2025-06-30,2682.99,0.0,2682.99,0,1
A01272,2025-06-30,1594.19,1594.19,0.0,1,0
A01273,2025-06-30,305.96,0.0,305.96,0,1
A01274,2025-06-30,2080.0,0.0,2080.0,0,1
A01275,2025-06-30,7526.04,0.0,7526.04,0,1
A01276,2025-06-30,497.46,0.0,497.46,0,1
A01277,2025-06-30,869.11,0.0,869.11,0,1
A01278,2025-06-30,2860.13,0.0,2860.13,0,1
A01279,2025-06-30,3356.58,0.0,3356.58,0,1
A01280,2025-06-30,4261.78,0.0,4261.78,0,1
A01281,2025-06-30,7121.28,0.0,7121.28,0,1
A01282,2025-06-30,2151.35,0.0,2151.35,0,1
A01283,2025-06-30,4232.55,0.0,4232.55,0,1
A01284,2025-06-30,800.82,0.0,800.82,0,1
A01285,2025-06-30,1457.17,0.0,1457.17,0,1
A01286,2025-06-30,1951.96,0.0,1951.96,0,1
A01287,2025-06-30,4958.19,4958.19,0.0,1,0
A01288,2025-06-30,3638.41,3638.41,0.0,1,0
A01289,2025-06-30,1587.56,0.0,1587.56,0,1
A01290,2025-06-30,4851.75,0.0,4851.75,0,1
A01291,2025-06-30,1824.43,0.0,1824.43,0,1
A01292,2025-06-30,413.03,0.0,413.03,0,1
A01293,2025-06-30,333.58,333.58,0.0,1,0
A01294,2025-06-30,970.92,970.92,0.0,1,0
A01295,2025-06-30,9502.47,9502.47,0.0,1,0
A01296,2025-06-30,2676.98,2676.98,0.0,1,0
A01297,2025-06-30,1037.43,1037.43,0.0,1,0
A01298,2025-06-30,829.72,0.0,829.72,0,1
A01299,2025-06-30,1515.53,1515.53,0.0,1,0
A01300,2025-06-30,5985.76,5985.76,0.0,1,0
A01301,2025-06-30,1745.89,0.0,1745.89,0,1
A01302,2025-06-30,6280.99,0.0,6280.99,0,1
A01303,2025-06-30,3263.87,3263.87,0.0,1,0
A01304,2025-06-30,1952.36,0.0,1952.36,0,1
A01305,2025-06-30,2724.49,0.0,2724.49,0,1
A01306,2025-06-30,2187.27,0.0,2187.27,0,1
A01307,2025-06-30,2379.19,0.0,2379.19,0,1
A01308,2025-06-30,3746.0,3746.0,0.0,1,0
A01309,2025-06-30,476.17,0.0,476.17,0,1
A01310,2025-06-30,289.6,289.6,0.0,1,0
A01311,2025-06-30,1580.19,0.0,1580.19,0,1
A01312,2025-06-30,2887.7,0.0,2887.7,0,1
A01313,2025-06-30,2594.16,2594.16,0.0,1,0
A01314,2025-06-30,3274.48,0.0,3274.48,0,1
A01315,2025-06-30,3628.01,3628.01,0.0,1,0
A01316,2025-06-30,3624.86,3624.86,0.0,1,0
A01317,2025-06-30,623.08,623.08,0.0,1,0
A01318,2025-06-30,1943.61,1943.61,0.0,1,0
A01319,2025-06-30,2152.75,2152.75,0.0,1,0
A01320,2025-06-30,5120.85,5120.85,0.0,1,0
A01321,2025-06-30,221.18,0.0,221.18,0,1
A01322,2025-06-30,5606.6,0.0,5606.6,0,1
A01323,2025-06-30,614.67,614.67,0.0,1,0
A01324,2025-06-30,1845.47,1845.47,0.0,1,0
A01325,2025-06-30,2623.88,2623.88,0.0,1,0
A01326,2025-06-30,3990.57,0.0,3990.57,0,1
A01327,2025-06-30,2766.58,2766.58,0.0,1,0
A01328,2025-06-30,3887.72,0.0,3887.72,0,1
A01329,2025-06-30,1488.45,1488.45,0.0,1,0
A01330,2025-06-30,4480.0,0.0,4480.0,0,1
A01331,2025-06-30,2036.39,0.0,2036.39,0,1
A01332,2025-06-30,1005.32,1005.32,0.0,1,0
A01333,2025-06-30,934.24,0.0,934.24,0,1
A01334,2025-06-30,2591.42,2591.42,0.0,1,0
A01335,2025-06-30,4566.17,0.0,4566.17,0,1
A01336,2025-06-30,2093.89,2093.89,0.0,1,0
A01337,2025-06-30,1388.3,0.0,1388.3,0,1
A01338,2025-06-30,2340.66,2340.66,0.0,1,0
A01339,2025-06-30,2924.01,0.0,2924.01,0,1
A01340,2025-06-30,3407.41,3407.41,0.0,1,0
A01341,2025-06-30,951.21,951.21,0.0,1,0
A01342,2025-06-30,220.16,220.16,0.0,1,0
A01343,2025-06-30,1801.78,0.0,1801.78,0,1
A01344,2025-06-30,5923.15,0.0,5923.15,0,1
A01345,2025-06-30,2039.59,0.0,2039.59,0,1
A01346,2025-06-30,5175.75,0.0,5175.75,0,1
A01347,2025-06-30,2363.62,0.0,2363.62,0,1
A01348,2025-06-30,2460.96,2460.96,0.0,1,0
A01349,2025-06-30,2648.78,0.0,2648.78,0,1
A01350,2025-06-30,1286.43,1286.43,0.0,1,0
A01351,2025-06-30,1478.13,0.0,1478.13,0,1
A01352,2025-06-30,4027.9,0.0,4027.9,0,1
A01353,2025-06-30,698.96,0.0,698.96,0,1
A01354,2025-06-30,1505.36,0.0,1505.36,0,1
A01355,2025-06-30,990.73,0.0,990.73,0,1
A01356,2025-06-30,2758.33,2758.33,0.0,1,0
A01357,2025-06-30,1938.51,0.0,1938.51,0,1
A01358,2025-06-30,1733.93,0.0,1733.93,0,1
A01359,2025-06-30,927.96,927.96,0.0,1,0
A01360,2025-06-30,2066.49,0.0,2066.49,0,1
A01361,2025-06-30,2733.28,0.0,2733.28,0,1
A01362,2025-06-30,631.4,0.0,631.4,0,1
A01363,2025-06-30,1204.2,1204.2,0.0,1,0
A01364,2025-06-30,1000.45,0.0,1000.45,0,1
A01365,2025-06-30,2365.77,2365.77,0.0,1,0
A01366,2025-06-30,3732.59,0.0,3732.59,0,1
A01367,2025-06-30,1785.23,0.0,1785.23,0,1
A01368,2025-06-30,2769.31,0.0,2769.31,0,1
A01369,2025-06-30,416.66,0.0,416.66,0,1
A01370,2025-06-30,1550.37,0.0,1550.37,0,1
A01371,2025-06-30,785.04,0.0,785.04,0,1
A01372,2025-06-30,2202.43,2202.43,0.0,1,0
A01373,2025-06-30,1592.25,0.0,1592.25,0,1
A01374,2025-06-30,951.13,0.0,951.13,0,1
A01375,2025-06-30,1764.62,0.0,1764.62,0,1
A01376,2025-06-30,2821.17,0.0,2821.17,0,1
A01377,2025-06-30,4017.42,0.0,4017.42,0,1
A01378,2025-06-30,2838.46,2838.46,0.0,1,0
A01379,2025-06-30,1210.81,1210.81,0.0,1,0
A01380,2025-06-30,255.44,0.0,255.44,0,1
A01381,2025-06-30,2114.07,0.0,2114.07,0,1
A01382,2025-06-30,2982.71,2982.71,0.0,1,0
A01383,2025-06-30,1928.73,0.0,1928.73,0,1
A01384,2025-06-30,1209.84,0.0,1209.84,0,1
A01385,2025-06-30,6688.07,0.0,6688.07,0,1
A01386,2025-06-30,1932.3,1932.3,0.0,1,0
A01387,2025-06-30,6608.98,0.0,6608.98,0,1
A01388,2025-06-30,3571.74,0.0,3571.74,0,1
A01389,2025-06-30,1351.95,0.0,1351.95,0,1
A01390,2025-06-30,896.33,896.33,0.0,1,0
A01391,2025-06-30,1643.28,0.0,1643.28,0,1
A01392,2025-06-30,1262.79,0.0,1262.79,0,1
A01393,2025-06-30,2034.55,0.0,2034.55,0,1
A01394,2025-06-30,4875.82,0.0,4875.82,0,1
A01395,2025-06-30,3155.72,0.0,3155.72,0,1
A01396,2025-06-30,7225.65,0.0,7225.65,0,1
A01397,2025-06-30,4745.14,0.0,4745.14,0,1
A01398,2025-06-30,3660.8,3660.8,0.0,1,0
A01399,2025-06-30,2969.56,0.0,2969.56,0,1
A01400,2025-06-30,924.54,924.54,0.0,1,0
A01401,2025-06-30,2414.37,0.0,2414.37,0,1
A01402,2025-06-30,1243.79,0.0,1243.79,0,1
A01403,2025-06-30,2838.79,2838.79,0.0,1,0
A01404,2025-06-30,2641.02,2641.02,0.0,1,0
A01405,2025-06-30,1444.13,0.0,1444.13,0,1
A01406,2025-06-30,2993.47,0.0,2993.47,0,1
A01407,2025-06-30,1661.48,1661.48,0.0,1,0
A01408,2025-06-30,2453.26,0.0,2453.26,0,1
A01409,2025-06-30,1939.28,0.0,1939.28,0,1
A01410,2025-06-30,5821.98,5821.98,0.0,1,0
A01411,2025-06-30,4750.94,4750.94,0.0,1,0
A01412,2025-06-30,2510.58,0.0,2510.58,0,1
A01413,2025-06-30,4051.11,4051.11,0.0,1,0
A01414,2025-06-30,2305.35,0.0,2305.35,0,1
A01415,2025-06-30,1234.61,1234.61,0.0,1,0
A01416,2025-06-30,7006.0,7006.0,0.0,1,0
A01417,2025-06-30,193.3,193.3,0.0,1,0
A01418,2025-06-30,495.54,0.0,495.54,0,1
A01419,2025-06-30,3325.87,0.0,3325.87,0,1
A01420,2025-06-30,265.33,265.33,0.0,1,0
A01421,2025-06-30,1594.18,1594.18,0.0,1,0
A01422,2025-06-30,2548.82,0.0,2548.82,0,1
A01423,2025-06-30,979.97,0.0,979.97,0,1
A01424,2025-06-30,1087.72,1087.72,0.0,1,0
A01425,2025-06-30,5537.07,0.0,5537.07,0,1
A01426,2025-06-30,566.47,0.0,566.47,0,1
A01427,2025-06-30,2274.44,0.0,2274.44,0,1
A01428,2025-06-30,1529.2,0.0,1529.2,0,1
A01429,2025-06-30,1230.06,0.0,1230.06,0,1
A01430,2025-06-30,1694.44,1694.44,0.0,1,0
A01431,2025-06-30,1919.2,1919.2,0.0,1,0
A01432,2025-06-30,664.86,664.86,0.0,1,0
A01433,2025-06-30,1438.16,1438.16,0.0,1,0
A01434,2025-06-30,2656.76,0.0,2656.76,0,1
A01435,2025-06-30,396.24,396.24,0.0,1,0
A01436,2025-06-30,880.72,0.0,880.72,0,1
A01437,2025-06-30,3393.59,0.0,3393.59,0,1
A01438,2025-06-30,188.23,0.0,188.23,0,1
A01439,2025-06-30,1966.01,0.0,1966.01,0,1
A01440,2025-06-30,867.15,0.0,867.15,0,1
A01441,2025-06-30,1339.65,1339.65,0.0,1,0
A01442,2025-06-30,3929.77,3929.77,0.0,1,0
A01443,2025-06-30,2194.25,0.0,2194.25,0,1
A01444,2025-06-30,7386.29,7386.29,0.0,1,0
A01445,2025-06-30,892.28,892.28,0.0,1,0
A01446,2025-06-30,2326.63,0.0,2326.63,0,1
A01447,2025-06-30,1431.97,1431.97,0.0,1,0
A01448,2025-06-30,4145.25,0.0,4145.25,0,1
A01449,2025-06-30,498.18,498.18,0.0,1,0
A01450,2025-06-30,2324.41,2324.41,0.0,1,0
A01451,2025-06-30,1736.12,1736.12,0.0,1,0
A01452,2025-06-30,3292.06,3292.06,0.0,1,0
A01453,2025-06-30,4343.21,0.0,4343.21,0,1
A01454,2025-06-30,1128.29,0.0,1128.29,0,1
A01455,2025-06-30,1682.75,0.0,1682.75,0,1
A01456,2025-06-30,4990.96,4990.96,0.0,1,0
A01457,2025-06-30,1719.34,0.0,1719.34,0,1
A01458,2025-06-30,520.86,520.86,0.0,1,0
A01459,2025-06-30,6925.94,0.0,6925.94,0,1
A01460,2025-06-30,1067.96,0.0,1067.96,0,1
A01461,2025-06-30,3244.09,3244.09,0.0,1,0
A01462,2025-06-30,1800.38,1800.38,0.0,1,0
A01463,2025-06-30,407.45,0.0,407.45,0,1
A01464,2025-06-30,3551.48,0.0,3551.48,0,1
A01465,2025-06-30,701.81,0.0,701.81,0,1
A01466,2025-06-30,1693.56,0.0,1693.56,0,1
A01467,2025-06-30,2331.24,2331.24,0.0,1,0
A01468,2025-06-30,496.36,496.36,0.0,1,0
A01469,2025-06-30,2455.64,0.0,2455.64,0,1
A01470,2025-06-30,3884.75,0.0,3884.75,0,1
A01471,2025-06-30,3157.66,3157.66,0.0,1,0
A01472,2025-06-30,922.46,922.46,0.0,1,0
A01473,2025-06-30,1084.98,0.0,1084.98,0,1
A01474,2025-06-30,2051.0,2051.0,0.0,1,0
A01475,2025-06-30,3582.67,3582.67,0.0,1,0
A01476,2025-06-30,3255.39,3255.39,0.0,1,0
A01477,2025-06-30,1578.32,0.0,1578.32,0,1
A01478,2025-06-30,2002.51,0.0,2002.51,0,1
A01479,2025-06-30,1055.47,0.0,1055.47,0,1
A01480,2025-06-30,1170.66,0.0,1170.66,0,1
A01481,2025-06-30,425.69,0.0,425.69,0,1
A01482,2025-06-30,2585.36,0.0,2585.36,0,1
A01483,2025-06-30,1550.8,0.0,1550.8,0,1
A01484,2025-06-30,431.41,0.0,431.41,0,1
A01485,2025-06-30,2601.61,2601.61,0.0,1,0
A01486,2025-06-30,209.64,0.0,209.64,0,1
A01487,2025-06-30,1307.86,0.0,1307.86,0,1
A01488,2025-06-30,458.52,0.0,458.52,0,1
A01489,2025-06-30,7182.53,0.0,7182.53,0,1
A01490,2025-06-30,5460.42,0.0,5460.42,0,1
A01491,2025-06-30,1465.91,0.0,1465.91,0,1
A01492,2025-06-30,2027.63,2027.63,0.0,1,0
A01493,2025-06-30,12518.22,0.0,12518.22,0,1
A01494,2025-06-30,5254.91,0.0,5254.91,0,1
A01495,2025-06-30,2501.16,2501.16,0.0,1,0
A01496,2025-06-30,2640.75,2640.75,0.0,1,0
A01497,2025-06-30,5583.77,5583.77,0.0,1,0
A01498,2025-06-30,589.26,0.0,589.26,0,1
A01499,2025-06-30,4926.36,4926.36,0.0,1,0
A01500,2025-06-30,1832.14,1832.14,0.0,1,0
A01501,2025-06-30,7322.15,7322.15,0.0,1,0
A01502,2025-06-30,5283.58,5283.58,0.0,1,0
A01503,2025-06-30,3971.91,0.0,3971.91,0,1
A01504,2025-06-30,1605.94,0.0,1605.94,0,1
A01505,2025-06-30,603.29,0.0,603.29,0,1
A01506,2025-06-30,1094.94,0.0,1094.94,0,1
A01507,2025-06-30,4909.33,4909.33,0.0,1,0
A01508,2025-06-30,213.9,213.9,0.0,1,0
A01509,2025-06-30,4544.47,0.0,4544.47,0,1
A01510,2025-06-30,737.22,737.22,0.0,1,0
A01511,2025-06-30,1533.69,1533.69,0.0,1,0
A01512,2025-06-30,952.03,0.0,952.03,0,1
A01513,2025-06-30,3226.18,0.0,3226.18,0,1
A01514,2025-06-30,3305.46,0.0,3305.46,0,1
A01515,2025-06-30,4666.31,4666.31,0.0,1,0
A01516,2025-06-30,2497.02,0.0,2497.02,0,1
A01517,2025-06-30,7016.98,0.0,7016.98,0,1
A01518,2025-06-30,3316.4,0.0,3316.4,0,1
A01519,2025-06-30,2733.45,0.0,2733.45,0,1
A01520,2025-06-30,1447.06,1447.06,0.0,1,0
A01521,2025-06-30,2021.86,2021.86,0.0,1,0
A01522,2025-06-30,1950.16,1950.16,0.0,1,0
A01523,2025-06-30,980.93,0.0,980.93,0,1
A01524,2025-06-30,355.05,355.05,0.0,1,0
A01525,2025-06-30,550.74,550.74,0.0,1,0
A01526,2025-06-30,303.26,0.0,303.26,0,1
A01527,2025-06-30,734.38,734.38,0.0,1,0
A01528,2025-06-30,6088.71,0.0,6088.71,0,1
A01529,2025-06-30,5636.47,0.0,5636.47,0,1
A01530,2025-06-30,4534.62,0.0,4534.62,0,1
A01531,2025-06-30,1485.91,0.0,1485.91,0,1
A01532,2025-06-30,1350.56,0.0,1350.56,0,1
A01533,2025-06-30,4528.82,0.0,4528.82,0,1
A01534,2025-06-30,3000.19,0.0,3000.19,0,1
A01535,2025-06-30,747.19,747.19,0.0,1,0
A01536,2025-06-30,1341.42,0.0,1341.42,0,1
A01537,2025-06-30,927.02,0.0,927.02,0,1
A01538,2025-06-30,2303.93,0.0,2303.93,0,1
A01539,2025-06-30,1624.82,0.0,1624.82,0,1
A01540,2025-06-30,2425.52,2425.52,0.0,1,0
A01541,2025-06-30,1152.34,1152.34,0.0,1,0
A01542,2025-06-30,460.43,0.0,460.43,0,1
A01543,2025-06-30,1329.0,1329.0,0.0,1,0
A01544,2025-06-30,749.44,749.44,0.0,1,0
A01545,2025-06-30,1955.18,0.0,1955.18,0,1
A01546,2025-06-30,486.62,0.0,486.62,0,1
A01547,2025-06-30,2870.61,0.0,2870.61,0,1
A01548,2025-06-30,4496.01,4496.01,0.0,1,0
A01549,2025-06-30,4561.37,4561.37,0.0,1,0
A01550,2025-06-30,1516.05,0.0,1516.05,0,1
A01551,2025-06-30,1001.64,1001.64,0.0,1,0
A01552,2025-06-30,899.06,0.0,899.06,0,1
A01553,2025-06-30,1235.6,1235.6,0.0,1,0
A01554,2025-06-30,2904.14,0.0,2904.14,0,1
A01555,2025-06-30,1038.86,0.0,1038.86,0,1
A01556,2025-06-30,4710.54,0.0,4710.54,0,1
A01557,2025-06-30,4134.41,0.0,4134.41,0,1
A01558,2025-06-30,2495.15,2495.15,0.0,1,0
A01559,2025-06-30,4467.51,4467.51,0.0,1,0
A01560,2025-06-30,2490.99,0.0,2490.99,0,1
A01561,2025-06-30,1157.14,0.0,1157.14,0,1
A01562,2025-06-30,7396.78,0.0,7396.78,0,1
A01563,2025-06-30,1100.41,1100.41,0.0,1,0
A01564,2025-06-30,957.48,0.0,957.48,0,1
A01565,2025-06-30,3192.73,0.0,3192.73,0,1
A01566,2025-06-30,687.12,0.0,687.12,0,1
A01567,2025-06-30,1668.31,0.0,1668.31,0,1
A01568,2025-06-30,5466.54,5466.54,0.0,1,0
A01569,2025-06-30,919.52,919.52,0.0,1,0
A01570,2025-06-30,495.64,495.64,0.0,1,0
A01571,2025-06-30,2698.79,0.0,2698.79,0,1
A01572,2025-06-30,1770.38,0.0,1770.38,0,1
A01573,2025-06-30,1534.16,1534.16,0.0,1,0
A01574,2025-06-30,1803.11,0.0,1803.11,0,1
A01575,2025-06-30,2610.63,0.0,2610.63,0,1
A01576,2025-06-30,4129.37,4129.37,0.0,1,0
A01577,2025-06-30,1018.81,0.0,1018.81,0,1
A01578,2025-06-30,4160.7,0.0,4160.7,0,1
A01579,2025-06-30,2643.57,0.0,2643.57,0,1
A01580,2025-06-30,2590.47,0.0,2590.47,0,1
A01581,2025-06-30,521.12,0.0,521.12,0,1
A01582,2025-06-30,387.55,387.55,0.0,1,0
A01583,2025-06-30,2278.98,0.0,2278.98,0,1
A01584,2025-06-30,841.92,0.0,841.92,0,1
A01585,2025-06-30,2746.81,2746.81,0.0,1,0
A01586,2025-06-30,474.86,0.0,474.86,0,1
A01587,2025-06-30,2416.89,2416.89,0.0,1,0
A01588,2025-06-30,962.89,962.89,0.0,1,0
A01589,2025-06-30,2828.69,2828.69,0.0,1,0
A01590,2025-06-30,940.94,0.0,940.94,0,1
A01591,2025-06-30,152.72,0.0,152.72,0,1
A01592,2025-06-30,2718.66,0.0,2718.66,0,1
A01593,2025-06-30,1121.14,1121.14,0.0,1,0
A01594,2025-06-30,1823.34,0.0,1823.34,0,1
A01595,2025-06-30,1536.42,1536.42,0.0,1,0
A01596,2025-06-30,2213.14,0.0,2213.14,0,1
A01597,2025-06-30,4184.27,4184.27,0.0,1,0
A01598,2025-06-30,3353.34,3353.34,0.0,1,0
A01599,2025-06-30,852.58,0.0,852.58,0,1
A01600,2025-06-30,1128.44,1128.44,0.0,1,0
A01601,2025-06-30,680.51,0.0,680.51,0,1
A01602,2025-06-30,382.37,382.37,0.0,1,0
A01603,2025-06-30,4485.61,4485.61,0.0,1,0
A01604,2025-06-30,3859.86,0.0,3859.86,0,1
A01605,2025-06-30,2368.51,2368.51,0.0,1,0
A01606,2025-06-30,1108.5,0.0,1108.5,0,1
A01607,2025-06-30,1991.92,1991.92,0.0,1,0
A01608,2025-06-30,2104.64,0.0,2104.64,0,1
A01609,2025-06-30,998.22,998.22,0.0,1,0
A01610,2025-06-30,3968.07,0.0,3968.07,0,1
A01611,2025-06-30,1204.23,0.0,1204.23,0,1
A01612,2025-06-30,611.15,0.0,611.15,0,1
A01613,2025-06-30,841.57,0.0,841.57,0,1
A01614,2025-06-30,362.47,362.47,0.0,1,0
A01615,2025-06-30,1886.58,1886.58,0.0,1,0
A01616,2025-06-30,2297.3,0.0,2297.3,0,1
A01617,2025-06-30,1247.09,0.0,1247.09,0,1
A01618,2025-06-30,898.59,0.0,898.59,0,1
A01619,2025-06-30,601.04,601.04,0.0,1,0
A01620,2025-06-30,3721.19,0.0,3721.19,0,1
A01621,2025-06-30,972.88,0.0,972.88,0,1
A01622,2025-06-30,1882.02,0.0,1882.02,0,1
A01623,2025-06-30,3569.85,0.0,3569.85,0,1
A01624,2025-06-30,4420.96,4420.96,0.0,1,0
A01625,2025-06-30,1700.76,0.0,1700.76,0,1
A01626,2025-06-30,3215.32,3215.32,0.0,1,0
A01627,2025-06-30,3555.65,3555.65,0.0,1,0
A01628,2025-06-30,2429.4,2429.4,0.0,1,0
A01629,2025-06-30,2061.99,2061.99,0.0,1,0
A01630,2025-06-30,1466.82,0.0,1466.82,0,1
A01631,2025-06-30,271.37,0.0,271.37,0,1
A01632,2025-06-30,957.0,0.0,957.0,0,1
A01633,2025-06-30,2439.81,2439.81,0.0,1,0
A01634,2025-06-30,253.48,0.0,253.48,0,1
A01635,2025-06-30,4613.97,0.0,4613.97,0,1
A01636,2025-06-30,3741.67,3741.67,0.0,1,0
A01637,2025-06-30,226.2,0.0,226.2,0,1
A01638,2025-06-30,3820.31,3820.31,0.0,1,0
A01639,2025-06-30,2720.47,2720.47,0.0,1,0
A01640,2025-06-30,7535.16,0.0,7535.16,0,1
A01641,2025-06-30,7361.4,7361.4,0.0,1,0
A01642,2025-06-30,860.62,860.62,0.0,1,0
A01643,2025-06-30,3486.14,3486.14,0.0,1,0
A01644,2025-06-30,4667.48,0.0,4667.48,0,1
A01645,2025-06-30,2856.74,0.0,2856.74,0,1
A01646,2025-06-30,2691.55,0.0,2691.55,0,1
A01647,2025-06-30,2485.85,0.0,2485.85,0,1
A01648,2025-06-30,611.14,611.14,0.0,1,0
A01649,2025-06-30,1232.25,0.0,1232.25,0,1
A01650,2025-06-30,6592.54,6592.54,0.0,1,0
A01651,2025-06-30,1066.36,0.0,1066.36,0,1
A01652,2025-06-30,2313.81,2313.81,0.0,1,0
A01653,2025-06-30,838.4,0.0,838.4,0,1
A01654,2025-06-30,4686.64,0.0,4686.64,0,1
A01655,2025-06-30,1559.95,1559.95,0.0,1,0
A01656,2025-06-30,756.73,0.0,756.73,0,1
A01657,2025-06-30,1222.96,1222.96,0.0,1,0
A01658,2025-06-30,1779.68,1779.68,0.0,1,0
A01659,2025-06-30,332.79,332.79,0.0,1,0
A01660,2025-06-30,6537.0,6537.0,0.0,1,0
A01661,2025-06-30,2361.22,2361.22,0.0,1,0
A01662,2025-06-30,1725.21,0.0,1725.21,0,1
A01663,2025-06-30,2513.8,2513.8,0.0,1,0
A01664,2025-06-30,1672.18,0.0,1672.18,0,1
A01665,2025-06-30,4461.83,0.0,4461.83,0,1
A01666,2025-06-30,2112.89,2112.89,0.0,1,0
A01667,2025-06-30,1583.91,0.0,1583.91,0,1
A01668,2025-06-30,2289.56,0.0,2289.56,0,1
A01669,2025-06-30,1575.82,0.0,1575.82,0,1
A01670,2025-06-30,1500.03,1500.03,0.0,1,0
A01671,2025-06-30,832.33,0.0,832.33,0,1
A01672,2025-06-30,1363.88,0.0,1363.88,0,1
A01673,2025-06-30,969.04,969.04,0.0,1,0
A01674,2025-06-30,3519.27,0.0,3519.27,0,1
A01675,2025-06-30,1722.7,0.0,1722.7,0,1
A01676,2025-06-30,2378.73,2378.73,0.0,1,0
A01677,2025-06-30,2937.11,0.0,2937.11,0,1
A01678,2025-06-30,1290.91,1290.91,0.0,1,0
A01679,2025-06-30,2390.84,2390.84,0.0,1,0
A01680,2025-06-30,839.31,839.31,0.0,1,0
A01681,2025-06-30,4357.27,0.0,4357.27,0,1
A01682,2025-06-30,4238.57,4238.57,0.0,1,0
A01683,2025-06-30,1995.81,1995.81,0.0,1,0
A01684,2025-06-30,2147.25,2147.25,0.0,1,0
A01685,2025-06-30,2241.95,2241.95,0.0,1,0
A01686,2025-06-30,5162.41,0.0,5162.41,0,1
A01687,2025-06-30,670.16,670.16,0.0,1,0
A01688,2025-06-30,4484.31,0.0,4484.31,0,1
A01689,2025-06-30,3512.85,0.0,3512.85,0,1
A01690,2025-06-30,1062.3,1062.3,0.0,1,0
A01691,2025-06-30,3389.89,0.0,3389.89,0,1
A01692,2025-06-30,2277.48,0.0,2277.48,0,1
A01693,2025-06-30,1707.16,1707.16,0.0,1,0
A01694,2025-06-30,4074.98,0.0,4074.98,0,1
A01695,2025-06-30,1543.96,0.0,1543.96,0,1
A01696,2025-06-30,1597.69,0.0,1597.69,0,1
A01697,2025-06-30,4446.92,0.0,4446.92,0,1
A01698,2025-06-30,2672.53,0.0,2672.53,0,1
A01699,2025-06-30,2749.28,2749.28,0.0,1,0
A01700,2025-06-30,1428.91,0.0,1428.91,0,1
