account_id,date,feature_purchased,sessions_last_30d,last_login_days,support_tickets_30d
A00001,2025-01-31,Analytics,6,29,0
A00002,2025-01-31,Analytics,11,21,1
A00003,2025-01-31,Analytics,7,4,1
A00004,2025-01-31,Core,9,25,0
A00005,2025-01-31,Core,7,1,2
A00006,2025-01-31,Core,9,28,0
A00007,2025-01-31,API,3,12,1
A00008,2025-01-31,API,9,9,0
A00009,2025-01-31,Core,6,1,0
A00010,2025-01-31,Premium Support,3,28,1
A00011,2025-01-31,Automation,4,17,0
A00012,2025-01-31,Core,7,18,1
A00013,2025-01-31,Premium Support,9,26,1
A00014,2025-01-31,Core,3,15,0
A00015,2025-01-31,API,7,8,0
A00016,2025-01-31,API,4,24,0
A00017,2025-01-31,API,4,16,0
A00018,2025-01-31,Premium Support,2,7,1
A00019,2025-01-31,Premium Support,9,26,0
A00020,2025-01-31,Analytics,7,25,0
A00021,2025-01-31,API,5,7,0
A00022,2025-01-31,Premium Support,10,20,0
A00023,2025-01-31,Automation,13,28,0
A00024,2025-01-31,Premium Support,8,24,0
A00025,2025-01-31,API,12,6,0
A00026,2025-01-31,Analytics,5,26,0
A00027,2025-01-31,API,8,1,0
A00028,2025-01-31,Premium Support,6,19,0
A00029,2025-01-31,Premium Support,5,15,0
A00030,2025-01-31,Automation,11,1,1
A00031,2025-01-31,Automation,6,22,0
A00032,2025-01-31,API,15,9,1
A00033,2025-01-31,Analytics,10,26,1
A00034,2025-01-31,API,10,27,2
A00035,2025-01-31,API,7,18,0
A00036,2025-01-31,Premium Support,7,19,1
A00037,2025-01-31,API,7,1,0
A00038,2025-01-31,Automation,8,27,0
A00039,2025-01-31,Core,6,21,0
A00040,2025-01-31,Automation,13,11,1
A00041,2025-01-31,API,11,2,0
A00042,2025-01-31,Premium Support,5,15,0
A00043,2025-01-31,API,5,27,0
A00044,2025-01-31,API,6,26,0
A00045,2025-01-31,Core,6,3,1
A00046,2025-01-31,Premium Support,5,23,1
A00047,2025-01-31,Automation,10,2,0
A00048,2025-01-31,Premium Support,6,11,1
A00049,2025-01-31,Core,6,13,3
A00050,2025-01-31,Analytics,7,0,0
A00051,2025-01-31,Premium Support,6,4,0
A00052,2025-01-31,Core,11,27,1
A00053,2025-01-31,API,5,19,1
A00054,2025-01-31,API,11,24,1
A00055,2025-01-31,Premium Support,9,17,1
A00056,2025-01-31,Premium Support,6,13,0
A00057,2025-01-31,Premium Support,6,0,1
A00058,2025-01-31,Analytics,15,16,0
A00059,2025-01-31,API,7,23,0
A00060,2025-01-31,Automation,7,6,0
A00061,2025-01-31,Premium Support,7,15,0
A00062,2025-01-31,Core,8,12,0
A00063,2025-01-31,Premium Support,7,26,0
A00064,2025-01-31,Analytics,5,5,0
A00065,2025-01-31,Core,9,3,1
A00066,2025-01-31,Automation,9,6,0
A00067,2025-01-31,Automation,4,4,0
A00068,2025-01-31,Core,12,26,0
A00069,2025-01-31,Core,8,8,1
A00070,2025-01-31,Premium Support,6,11,0
A00071,2025-01-31,Premium Support,8,7,0
A00072,2025-01-31,Core,7,25,1
A00073,2025-01-31,Premium Support,9,20,0
A00074,2025-01-31,Premium Support,9,14,0
A00075,2025-01-31,Premium Support,15,24,1
A00076,2025-01-31,Analytics,8,2,0
A00077,2025-01-31,API,5,21,1
A00078,2025-01-31,Premium Support,13,11,0
A00079,2025-01-31,Premium Support,9,11,0
A00080,2025-01-31,Automation,13,4,1
A00081,2025-01-31,Core,11,3,0
A00082,2025-01-31,Core,7,21,1
A00083,2025-01-31,Analytics,8,26,0
A00084,2025-01-31,Core,10,28,0
A00085,2025-01-31,Core,8,7,0
A00086,2025-01-31,Core,6,23,0
A00087,2025-01-31,Automation,8,3,0
A00088,2025-01-31,API,8,24,1
A00089,2025-01-31,API,6,17,1
A00090,2025-01-31,Premium Support,6,26,0
A00091,2025-01-31,API,7,2,1
A00092,2025-01-31,API,6,24,0
A00093,2025-01-31,Analytics,9,14,0
A00094,2025-01-31,API,9,17,0
A00095,2025-01-31,Core,9,16,0
A00096,2025-01-31,API,9,22,0
A00097,2025-01-31,Premium Support,4,18,1
A00098,2025-01-31,API,7,12,0
A00099,2025-01-31,Analytics,5,13,0
A00100,2025-01-31,Automation,9,2,0
A00101,2025-01-31,Premium Support,7,22,0
A00102,2025-01-31,API,8,21,0
A00103,2025-01-31,Analytics,13,17,0
A00104,2025-01-31,Automation,10,22,0
A00105,2025-01-31,Core,9,8,1
A00106,2025-01-31,Premium Support,8,6,0
A00107,2025-01-31,Analytics,6,28,2
A00108,2025-01-31,Analytics,6,29,0
A00109,2025-01-31,Automation,7,26,1
A00110,2025-01-31,Core,2,1,0
A00111,2025-01-31,Analytics,10,17,1
A00112,2025-01-31,Core,4,22,2
A00113,2025-01-31,Analytics,7,1,0
A00114,2025-01-31,API,3,30,1
A00115,2025-01-31,Core,6,24,0
A00116,2025-01-31,Analytics,8,9,0
A00117,2025-01-31,Automation,9,15,2
A00118,2025-01-31,Premium Support,8,28,0
A00119,2025-01-31,Core,4,26,1
A00120,2025-01-31,Automation,3,25,0
A00121,2025-01-31,Core,6,30,0
A00122,2025-01-31,API,6,23,1
A00123,2025-01-31,Premium Support,12,28,0
A00124,2025-01-31,Automation,2,29,0
A00125,2025-01-31,Analytics,14,0,0
A00126,2025-01-31,Analytics,7,20,0
A00127,2025-01-31,Automation,10,10,0
A00128,2025-01-31,Premium Support,7,15,0
A00129,2025-01-31,Analytics,7,5,1
A00130,2025-01-31,Core,6,20,1
A00131,2025-01-31,API,7,25,0
A00132,2025-01-31,Automation,9,12,1
A00133,2025-01-31,API,8,21,0
A00134,2025-01-31,Premium Support,9,10,0
A00135,2025-01-31,Premium Support,8,23,0
A00136,2025-01-31,Automation,6,2,0
A00137,2025-01-31,Core,4,27,2
A00138,2025-01-31,Premium Support,5,11,1
A00139,2025-01-31,Automation,11,15,0
A00140,2025-01-31,Analytics,11,24,0
A00141,2025-01-31,API,9,0,1
A00142,2025-01-31,Premium Support,9,29,1
A00143,2025-01-31,Premium Support,11,19,0
A00144,2025-01-31,API,12,30,1
A00145,2025-01-31,Core,13,17,1
A00146,2025-01-31,Automation,8,6,0
A00147,2025-01-31,Automation,12,18,0
A00148,2025-01-31,Core,7,17,1
A00149,2025-01-31,Premium Support,8,28,0
A00150,2025-01-31,Analytics,2,17,0
A00151,2025-01-31,Premium Support,6,12,1
A00152,2025-01-31,API,10,5,1
A00153,2025-01-31,Analytics,3,10,0
A00154,2025-01-31,Core,7,18,1
A00155,2025-01-31,Core,10,11,0
A00156,2025-01-31,Automation,11,11,0
A00157,2025-01-31,Analytics,12,0,0
A00158,2025-01-31,Premium Support,7,29,0
A00159,2025-01-31,Analytics,9,25,0
A00160,2025-01-31,Premium Support,6,7,0
A00161,2025-01-31,Premium Support,9,4,1
A00162,2025-01-31,Core,6,25,0
A00163,2025-01-31,Automation,9,25,2
A00164,2025-01-31,Premium Support,5,27,0
A00165,2025-01-31,Analytics,6,16,0
A00166,2025-01-31,Core,10,22,0
A00167,2025-01-31,Premium Support,7,22,0
A00168,2025-01-31,API,7,6,0
A00169,2025-01-31,Core,18,16,0
A00170,2025-01-31,Premium Support,4,8,0
A00171,2025-01-31,Automation,11,23,0
A00172,2025-01-31,Core,3,30,1
A00173,2025-01-31,Analytics,5,2,0
A00174,2025-01-31,Core,4,2,0
A00175,2025-01-31,Premium Support,8,8,0
A00176,2025-01-31,Core,6,3,1
A00177,2025-01-31,Automation,8,0,1
A00178,2025-01-31,API,5,30,1
A00179,2025-01-31,API,2,18,0
A00180,2025-01-31,Premium Support,14,24,0
A00181,2025-01-31,Premium Support,10,17,1
A00182,2025-01-31,Core,8,23,0
A00183,2025-01-31,Core,10,21,3
A00184,2025-01-31,Core,7,4,2
A00185,2025-01-31,Automation,7,4,0
A00186,2025-01-31,API,12,15,1
A00187,2025-01-31,Core,4,11,0
A00188,2025-01-31,Analytics,8,26,1
A00189,2025-01-31,API,6,9,0
A00190,2025-01-31,Automation,6,10,0
A00191,2025-01-31,Analytics,9,16,0
A00192,2025-01-31,Premium Support,14,5,0
A00193,2025-01-31,Premium Support,7,26,0
A00194,2025-01-31,Automation,13,0,0
A00195,2025-01-31,API,12,26,0
A00196,2025-01-31,Premium Support,6,19,0
A00197,2025-01-31,Automation,8,27,0
A00198,2025-01-31,API,9,9,0
A00199,2025-01-31,API,11,27,0
A00200,2025-01-31,Premium Support,9,26,0
A00201,2025-01-31,API,5,14,0
A00202,2025-01-31,Core,8,8,0
A00203,2025-01-31,Premium Support,5,6,1
A00204,2025-01-31,Core,10,4,0
A00205,2025-01-31,Automation,4,18,0
A00206,2025-01-31,Automation,7,29,0
A00207,2025-01-31,API,17,17,0
A00208,2025-01-31,Core,8,29,1
A00209,2025-01-31,API,11,23,0
A00210,2025-01-31,Premium Support,13,21,0
A00211,2025-01-31,Analytics,7,22,0
A00212,2025-01-31,Automation,10,28,0
A00213,2025-01-31,Premium Support,11,26,0
A00214,2025-01-31,Premium Support,1,5,0
A00215,2025-01-31,API,15,18,0
A00216,2025-01-31,Analytics,2,14,1
A00217,2025-01-31,Automation,3,27,0
A00218,2025-01-31,API,5,6,0
A00219,2025-01-31,Automation,11,25,0
A00220,2025-01-31,Automation,5,14,0
A00221,2025-01-31,Automation,10,28,0
A00222,2025-01-31,Analytics,7,24,0
A00223,2025-01-31,Automation,5,10,1
A00224,2025-01-31,API,9,26,0
A00225,2025-01-31,Premium Support,11,5,1
A00226,2025-01-31,Automation,11,0,1
A00227,2025-01-31,Premium Support,4,15,0
A00228,2025-01-31,Premium Support,4,12,0
A00229,2025-01-31,Premium Support,12,3,0
A00230,2025-01-31,Automation,7,30,0
A00231,2025-01-31,API,9,1,0
A00232,2025-01-31,Core,9,18,2
A00233,2025-01-31,Analytics,14,8,0
A00234,2025-01-31,API,7,9,0
A00235,2025-01-31,Automation,5,6,0
A00236,2025-01-31,API,8,12,0
A00237,2025-01-31,API,7,20,1
A00238,2025-01-31,Core,9,9,0
A00239,2025-01-31,Automation,7,22,0
A00240,2025-01-31,API,9,13,0
A00241,2025-01-31,Core,5,24,0
A00242,2025-01-31,Analytics,6,13,0
A00243,2025-01-31,Premium Support,13,11,0
A00244,2025-01-31,Core,11,15,0
A00245,2025-01-31,API,5,21,0
A00246,2025-01-31,API,7,14,0
A00247,2025-01-31,Core,9,28,1
A00248,2025-01-31,Core,9,15,0
A00249,2025-01-31,Premium Support,12,9,1
A00250,2025-01-31,API,7,0,0
A00251,2025-01-31,Analytics,6,12,1
A00252,2025-01-31,Core,10,1,1
A00253,2025-01-31,API,10,1,0
A00254,2025-01-31,Automation,6,11,0
A00255,2025-01-31,Automation,8,9,0
A00256,2025-01-31,Core,10,27,0
A00257,2025-01-31,Automation,9,22,0
A00258,2025-01-31,Premium Support,6,24,0
A00259,2025-01-31,Analytics,3,16,0
A00260,2025-01-31,Core,11,3,0
A00261,2025-01-31,Premium Support,7,26,0
A00262,2025-01-31,API,7,15,0
A00263,2025-01-31,Automation,7,13,0
A00264,2025-01-31,Analytics,6,18,1
A00265,2025-01-31,Analytics,8,5,0
A00266,2025-01-31,Analytics,7,14,2
A00267,2025-01-31,Analytics,10,18,0
A00268,2025-01-31,API,4,21,1
A00269,2025-01-31,Core,9,15,0
A00270,2025-01-31,Premium Support,9,30,0
A00271,2025-01-31,API,5,30,0
A00272,2025-01-31,Premium Support,8,2,1
A00273,2025-01-31,API,12,2,0
A00274,2025-01-31,Analytics,4,15,0
A00275,2025-01-31,API,7,25,0
A00276,2025-01-31,Core,4,15,1
A00277,2025-01-31,Premium Support,11,6,0
A00278,2025-01-31,Automation,3,17,1
A00279,2025-01-31,Core,12,29,0
A00280,2025-01-31,API,9,5,0
A00281,2025-01-31,API,4,13,0
A00282,2025-01-31,Analytics,4,19,0
A00283,2025-01-31,Core,13,12,1
A00284,2025-01-31,Automation,15,1,0
A00285,2025-01-31,Analytics,10,20,1
A00286,2025-01-31,API,7,22,0
A00287,2025-01-31,Analytics,3,20,0
A00288,2025-01-31,Automation,9,20,1
A00289,2025-01-31,Core,7,20,0
A00290,2025-01-31,Analytics,10,10,0
A00291,2025-01-31,API,11,0,0
A00292,2025-01-31,API,12,30,0
A00293,2025-01-31,Automation,4,6,1
A00294,2025-01-31,Core,8,25,1
A00295,2025-01-31,API,9,16,0
A00296,2025-01-31,Automation,7,16,0
A00297,2025-01-31,Analytics,5,0,0
A00298,2025-01-31,Core,9,30,0
A00299,2025-01-31,Premium Support,10,16,0
A00300,2025-01-31,Automation,8,25,0
A00301,2025-01-31,Automation,7,24,0
A00302,2025-01-31,Automation,6,4,0
A00303,2025-01-31,Automation,10,29,0
A00304,2025-01-31,Automation,12,18,0
A00305,2025-01-31,API,9,5,0
A00306,2025-01-31,Core,6,18,0
A00307,2025-01-31,API,11,19,1
A00308,2025-01-31,Analytics,9,20,0
A00309,2025-01-31,Automation,8,9,0
A00310,2025-01-31,API,9,29,0
A00311,2025-01-31,Premium Support,7,7,0
A00312,2025-01-31,API,5,15,1
A00313,2025-01-31,API,3,25,1
A00314,2025-01-31,Premium Support,8,2,2
A00315,2025-01-31,API,5,12,1
A00316,2025-01-31,Analytics,9,14,0
A00317,2025-01-31,Analytics,13,23,0
A00318,2025-01-31,Premium Support,13,24,1
A00319,2025-01-31,Automation,3,24,0
A00320,2025-01-31,Core,6,11,0
A00321,2025-01-31,API,8,15,0
A00322,2025-01-31,Analytics,11,0,0
A00323,2025-01-31,Automation,6,25,0
A00324,2025-01-31,Core,6,9,0
A00325,2025-01-31,Automation,13,14,0
A00326,2025-01-31,Automation,10,21,1
A00327,2025-01-31,Analytics,7,24,0
A00328,2025-01-31,Core,9,2,0
A00329,2025-01-31,Automation,9,23,0
A00330,2025-01-31,Analytics,9,11,0
A00331,2025-01-31,Premium Support,9,12,1
A00332,2025-01-31,Automation,16,4,1
A00333,2025-01-31,Premium Support,8,22,1
A00334,2025-01-31,API,5,14,0
A00335,2025-01-31,Premium Support,7,3,1
A00336,2025-01-31,Core,6,4,0
A00337,2025-01-31,Analytics,6,22,0
A00338,2025-01-31,Core,6,3,0
A00339,2025-01-31,Automation,10,16,0
A00340,2025-01-31,API,10,21,1
A00341,2025-01-31,Analytics,9,28,0
A00342,2025-01-31,Analytics,8,4,1
A00343,2025-01-31,Automation,10,9,0
A00344,2025-01-31,Core,7,4,2
A00345,2025-01-31,API,11,27,0
A00346,2025-01-31,Automation,6,18,0
A00347,2025-01-31,Analytics,12,30,1
A00348,2025-01-31,Analytics,5,1,0
A00349,2025-01-31,Analytics,11,21,1
A00350,2025-01-31,API,10,1,0
A00351,2025-01-31,Analytics,8,3,0
A00352,2025-01-31,Analytics,10,13,0
A00353,2025-01-31,API,4,11,1
A00354,2025-01-31,Core,9,11,0
A00355,2025-01-31,API,12,2,0
A00356,2025-01-31,Core,9,16,1
A00357,2025-01-31,Core,8,10,1
A00358,2025-01-31,Analytics,4,30,1
A00359,2025-01-31,Analytics,9,24,0
A00360,2025-01-31,Core,6,13,1
A00361,2025-01-31,Premium Support,6,23,1
A00362,2025-01-31,Analytics,9,17,0
A00363,2025-01-31,Premium Support,8,15,2
A00364,2025-01-31,Premium Support,6,28,0
A00365,2025-01-31,Premium Support,8,18,1
A00366,2025-01-31,Premium Support,8,14,1
A00367,2025-01-31,Core,8,17,0
A00368,2025-01-31,Analytics,8,24,1
A00369,2025-01-31,Automation,9,22,0
A00370,2025-01-31,API,15,17,0
A00371,2025-01-31,Core,8,5,1
A00372,2025-01-31,API,10,19,1
A00373,2025-01-31,Premium Support,10,13,0
A00374,2025-01-31,Premium Support,6,28,0
A00375,2025-01-31,Analytics,6,28,0
A00376,2025-01-31,Analytics,16,0,0
A00377,2025-01-31,Analytics,5,30,0
A00378,2025-01-31,Analytics,8,27,0
A00379,2025-01-31,Analytics,11,28,1
A00380,2025-01-31,Analytics,5,15,0
A00381,2025-01-31,API,11,8,0
A00382,2025-01-31,Core,10,18,0
A00383,2025-01-31,Analytics,6,27,1
A00384,2025-01-31,Analytics,5,13,1
A00385,2025-01-31,Core,13,30,0
A00386,2025-01-31,Premium Support,9,8,2
A00387,2025-01-31,Automation,11,26,0
A00388,2025-01-31,Premium Support,5,2,2
A00389,2025-01-31,API,7,26,0
A00390,2025-01-31,Core,9,29,1
A00391,2025-01-31,Premium Support,8,21,0
A00392,2025-01-31,API,7,19,0
A00393,2025-01-31,Automation,7,12,0
A00394,2025-01-31,Analytics,6,27,0
A00395,2025-01-31,API,5,3,1
A00396,2025-01-31,API,7,9,0
A00397,2025-01-31,Analytics,8,4,1
A00398,2025-01-31,API,9,8,0
A00399,2025-01-31,Automation,7,16,0
A00400,2025-01-31,Core,11,10,0
A00401,2025-01-31,Core,5,13,1
A00402,2025-01-31,Premium Support,5,7,1
A00403,2025-01-31,API,6,10,0
A00404,2025-01-31,Premium Support,2,15,1
A00405,2025-01-31,Automation,5,6,1
A00406,2025-01-31,Automation,2,29,1
A00407,2025-01-31,Premium Support,10,27,0
A00408,2025-01-31,Automation,8,27,0
A00409,2025-01-31,Analytics,6,0,0
A00410,2025-01-31,API,11,15,0
A00411,2025-01-31,Analytics,5,24,0
A00412,2025-01-31,Analytics,9,10,0
A00413,2025-01-31,Automation,10,7,0
A00414,2025-01-31,Core,13,18,0
A00415,2025-01-31,Automation,5,0,0
A00416,2025-01-31,API,16,18,0
A00417,2025-01-31,Analytics,11,13,1
A00418,2025-01-31,Core,7,21,0
A00419,2025-01-31,Automation,10,21,0
A00420,2025-01-31,Premium Support,8,16,0
A00421,2025-01-31,Automation,6,18,0
A00422,2025-01-31,API,6,0,1
A00423,2025-01-31,Automation,8,30,1
A00424,2025-01-31,API,5,2,1
A00425,2025-01-31,Analytics,8,30,0
A00426,2025-01-31,Analytics,9,30,0
A00427,2025-01-31,Analytics,8,22,1
A00428,2025-01-31,Premium Support,6,23,0
A00429,2025-01-31,Automation,11,0,0
A00430,2025-01-31,Core,4,29,0
A00431,2025-01-31,Premium Support,7,16,1
A00432,2025-01-31,Core,8,10,0
A00433,2025-01-31,API,8,20,0
A00434,2025-01-31,Core,7,16,0
A00435,2025-01-31,Analytics,10,11,2
A00436,2025-01-31,Automation,5,9,0
A00437,2025-01-31,Premium Support,10,3,1
A00438,2025-01-31,Premium Support,4,28,1
A00439,2025-01-31,Premium Support,10,20,0
A00440,2025-01-31,Analytics,9,8,0
A00441,2025-01-31,Core,9,22,0
A00442,2025-01-31,Premium Support,5,21,1
A00443,2025-01-31,Premium Support,12,4,0
A00444,2025-01-31,Analytics,11,5,0
A00445,2025-01-31,Core,7,7,2
A00446,2025-01-31,Automation,5,3,1
A00447,2025-01-31,Core,7,25,1
A00448,2025-01-31,Core,9,4,0
A00449,2025-01-31,Premium Support,12,25,0
A00450,2025-01-31,API,12,16,0
A00451,2025-01-31,Core,5,3,1
A00452,2025-01-31,Automation,9,26,0
A00453,2025-01-31,Analytics,7,5,1
A00454,2025-01-31,API,10,30,0
A00455,2025-01-31,Premium Support,6,0,1
A00456,2025-01-31,Analytics,8,19,0
A00457,2025-01-31,Automation,12,9,1
A00458,2025-01-31,Premium Support,7,16,1
A00459,2025-01-31,API,7,26,0
A00460,2025-01-31,Premium Support,5,24,2
A00461,2025-01-31,API,9,8,2
A00462,2025-01-31,API,10,1,0
A00463,2025-01-31,Premium Support,7,8,0
A00464,2025-01-31,Automation,11,25,1
A00465,2025-01-31,Premium Support,10,15,0
A00466,2025-01-31,Automation,10,23,0
A00467,2025-01-31,Automation,10,15,0
A00468,2025-01-31,Analytics,5,16,0
A00469,2025-01-31,Analytics,7,2,0
A00470,2025-01-31,Premium Support,7,0,0
A00471,2025-01-31,Automation,8,21,0
A00472,2025-01-31,Analytics,7,6,0
A00473,2025-01-31,Analytics,5,11,0
A00474,2025-01-31,Automation,7,11,1
A00475,2025-01-31,Core,7,19,0
A00476,2025-01-31,Core,10,29,0
A00477,2025-01-31,Automation,13,23,0
A00478,2025-01-31,Analytics,7,19,0
A00479,2025-01-31,Automation,7,25,1
A00480,2025-01-31,API,15,15,0
A00481,2025-01-31,Premium Support,9,4,2
A00482,2025-01-31,API,6,15,0
A00483,2025-01-31,Premium Support,11,30,0
A00484,2025-01-31,Premium Support,10,24,0
A00485,2025-01-31,Analytics,9,10,0
A00486,2025-01-31,Premium Support,6,10,0
A00487,2025-01-31,Automation,7,28,0
A00488,2025-01-31,Core,4,2,0
A00489,2025-01-31,Core,17,28,1
A00490,2025-01-31,Analytics,4,20,0
A00491,2025-01-31,Core,9,25,1
A00492,2025-01-31,Analytics,9,10,0
A00493,2025-01-31,Premium Support,6,20,0
A00494,2025-01-31,API,10,10,0
A00495,2025-01-31,Core,11,0,0
A00496,2025-01-31,API,5,14,0
A00497,2025-01-31,Analytics,7,30,0
A00498,2025-01-31,Premium Support,7,7,0
A00499,2025-01-31,Core,6,5,0
A00500,2025-01-31,Automation,7,28,2
A00501,2025-01-31,API,9,28,0
A00502,2025-01-31,Core,9,26,1
A00503,2025-01-31,Automation,9,30,0
A00504,2025-01-31,API,9,30,1
A00505,2025-01-31,Automation,8,28,0
A00506,2025-01-31,Automation,10,29,0
A00507,2025-01-31,Automation,10,23,0
A00508,2025-01-31,API,12,9,0
A00509,2025-01-31,Core,10,14,0
A00510,2025-01-31,Core,3,11,0
A00511,2025-01-31,API,7,15,0
A00512,2025-01-31,Analytics,6,21,1
A00513,2025-01-31,Automation,10,7,0
A00514,2025-01-31,API,4,0,0
A00515,2025-01-31,Premium Support,5,18,0
A00516,2025-01-31,Core,10,30,0
A00517,2025-01-31,Analytics,3,26,0
A00518,2025-01-31,Automation,15,0,0
A00519,2025-01-31,Core,7,18,0
A00520,2025-01-31,Analytics,8,16,0
A00521,2025-01-31,Automation,9,13,0
A00522,2025-01-31,API,9,20,0
A00523,2025-01-31,Automation,2,13,0
A00524,2025-01-31,API,4,28,1
A00525,2025-01-31,Premium Support,8,28,0
A00526,2025-01-31,Premium Support,7,19,0
A00527,2025-01-31,Premium Support,1,14,0
A00528,2025-01-31,Core,10,18,0
A00529,2025-01-31,API,7,27,0
A00530,2025-01-31,Core,10,9,0
A00531,2025-01-31,Analytics,5,26,2
A00532,2025-01-31,Analytics,6,18,0
A00533,2025-01-31,Automation,5,1,0
A00534,2025-01-31,API,7,23,0
A00535,2025-01-31,Premium Support,7,6,0
A00536,2025-01-31,Analytics,9,15,0
A00537,2025-01-31,Automation,15,29,0
A00538,2025-01-31,Automation,8,24,0
A00539,2025-01-31,Premium Support,5,21,0
A00540,2025-01-31,Analytics,6,2,0
A00541,2025-01-31,Automation,10,26,1
A00542,2025-01-31,Core,8,10,0
A00543,2025-01-31,API,11,1,0
A00544,2025-01-31,API,2,29,0
A00545,2025-01-31,Premium Support,8,5,0
A00546,2025-01-31,Automation,5,10,0
A00547,2025-01-31,Premium Support,8,4,0
A00548,2025-01-31,Premium Support,6,19,0
A00549,2025-01-31,API,6,26,0
A00550,2025-01-31,Automation,8,16,0
A00551,2025-01-31,Core,7,26,0
A00552,2025-01-31,API,7,29,0
A00553,2025-01-31,Core,11,27,1
A00554,2025-01-31,Automation,9,5,1
A00555,2025-01-31,Premium Support,5,6,0
A00556,2025-01-31,Automation,11,9,0
A00557,2025-01-31,Premium Support,8,19,0
A00558,2025-01-31,Analytics,11,26,0
A00559,2025-01-31,Premium Support,6,9,0
A00560,2025-01-31,API,12,20,0
A00561,2025-01-31,Automation,4,5,0
A00562,2025-01-31,Automation,7,16,1
A00563,2025-01-31,Automation,3,24,0
A00564,2025-01-31,Analytics,8,12,0
A00565,2025-01-31,Automation,4,5,2
A00566,2025-01-31,Automation,5,12,0
A00567,2025-01-31,Premium Support,5,23,0
A00568,2025-01-31,API,8,28,0
A00569,2025-01-31,API,9,19,1
A00570,2025-01-31,API,7,20,1
A00571,2025-01-31,Core,4,13,1
A00572,2025-01-31,Core,6,28,0
A00573,2025-01-31,Core,2,26,0
A00574,2025-01-31,Automation,12,30,0
A00575,2025-01-31,API,4,26,1
A00576,2025-01-31,Premium Support,4,16,1
A00577,2025-01-31,Automation,9,29,0
A00578,2025-01-31,Core,7,18,0
A00579,2025-01-31,Core,5,18,0
A00580,2025-01-31,Analytics,6,20,1
A00581,2025-01-31,Premium Support,13,5,0
A00582,2025-01-31,Core,9,26,0
A00583,2025-01-31,Core,5,11,1
A00584,2025-01-31,Core,11,20,1
A00585,2025-01-31,API,10,26,0
A00586,2025-01-31,Premium Support,8,3,0
A00587,2025-01-31,Automation,13,9,1
A00588,2025-01-31,API,2,29,2
A00589,2025-01-31,Core,6,11,1
A00590,2025-01-31,Analytics,11,20,0
A00591,2025-01-31,API,14,17,0
A00592,2025-01-31,Analytics,8,26,0
A00593,2025-01-31,Automation,4,15,1
A00594,2025-01-31,Premium Support,6,13,2
A00595,2025-01-31,Analytics,11,0,0
A00596,2025-01-31,Analytics,8,14,0
A00597,2025-01-31,Core,7,18,0
A00598,2025-01-31,Automation,6,21,0
A00599,2025-01-31,API,7,24,0
A00600,2025-01-31,Analytics,5,24,0
A00601,2025-01-31,Analytics,12,14,0
A00602,2025-01-31,Core,6,2,1
A00603,2025-01-31,API,9,7,2
A00604,2025-01-31,Automation,7,12,0
A00605,2025-01-31,Analytics,10,30,1
A00606,2025-01-31,Core,8,23,0
A00607,2025-01-31,API,11,27,0
A00608,2025-01-31,Automation,5,30,0
A00609,2025-01-31,Analytics,7,4,0
A00610,2025-01-31,Analytics,11,0,0
A00611,2025-01-31,Core,6,17,1
A00612,2025-01-31,Automation,13,8,2
A00613,2025-01-31,Premium Support,7,26,1
A00614,2025-01-31,Automation,10,14,0
A00615,2025-01-31,API,10,0,2
A00616,2025-01-31,Automation,10,6,1
A00617,2025-01-31,Analytics,10,10,1
A00618,2025-01-31,Core,10,0,0
A00619,2025-01-31,Analytics,11,9,1
A00620,2025-01-31,Automation,6,16,0
A00621,2025-01-31,Automation,14,27,1
A00622,2025-01-31,Premium Support,8,20,0
A00623,2025-01-31,Premium Support,11,2,0
A00624,2025-01-31,Analytics,8,12,0
A00625,2025-01-31,Core,15,23,0
A00626,2025-01-31,Analytics,9,11,0
A00627,2025-01-31,Premium Support,11,17,0
A00628,2025-01-31,Premium Support,5,30,0
A00629,2025-01-31,Core,9,4,2
A00630,2025-01-31,Core,7,14,0
A00631,2025-01-31,API,10,18,2
A00632,2025-01-31,Automation,10,24,0
A00633,2025-01-31,Premium Support,9,25,0
A00634,2025-01-31,Automation,9,8,0
A00635,2025-01-31,Analytics,7,14,0
A00636,2025-01-31,Core,8,25,0
A00637,2025-01-31,Automation,7,26,1
A00638,2025-01-31,API,8,25,0
A00639,2025-01-31,Premium Support,7,20,0
A00640,2025-01-31,API,8,8,0
A00641,2025-01-31,API,6,11,0
A00642,2025-01-31,Analytics,10,20,0
A00643,2025-01-31,Core,12,7,1
A00644,2025-01-31,Premium Support,4,21,1
A00645,2025-01-31,Premium Support,10,15,0
A00646,2025-01-31,Core,10,13,2
A00647,2025-01-31,Automation,8,11,1
A00648,2025-01-31,Analytics,5,23,1
A00649,2025-01-31,API,7,14,0
A00650,2025-01-31,Premium Support,6,9,0
A00651,2025-01-31,Premium Support,10,11,1
A00652,2025-01-31,Core,12,15,0
A00653,2025-01-31,Analytics,17,19,1
A00654,2025-01-31,Premium Support,13,30,0
A00655,2025-01-31,Premium Support,7,10,0
A00656,2025-01-31,Core,9,5,0
A00657,2025-01-31,Premium Support,11,30,0
A00658,2025-01-31,API,12,4,0
A00659,2025-01-31,API,9,28,0
A00660,2025-01-31,Core,14,4,0
A00661,2025-01-31,Automation,9,11,0
A00662,2025-01-31,Automation,7,30,0
A00663,2025-01-31,Automation,7,5,0
A00664,2025-01-31,Automation,8,4,0
A00665,2025-01-31,Premium Support,13,18,0
A00666,2025-01-31,Premium Support,5,5,2
A00667,2025-01-31,Automation,9,0,1
A00668,2025-01-31,Premium Support,7,21,1
A00669,2025-01-31,Automation,9,29,0
A00670,2025-01-31,Automation,5,23,0
A00671,2025-01-31,API,10,29,1
A00672,2025-01-31,Automation,4,16,0
A00673,2025-01-31,Core,6,19,0
A00674,2025-01-31,API,10,30,1
A00675,2025-01-31,API,13,15,0
A00676,2025-01-31,Premium Support,4,1,0
A00677,2025-01-31,Core,9,7,1
A00678,2025-01-31,Automation,3,19,0
A00679,2025-01-31,Core,5,26,0
A00680,2025-01-31,Premium Support,8,18,0
A00681,2025-01-31,Premium Support,7,12,0
A00682,2025-01-31,Analytics,7,9,0
A00683,2025-01-31,Premium Support,10,21,0
A00684,2025-01-31,API,10,27,0
A00685,2025-01-31,Premium Support,5,8,0
A00686,2025-01-31,Automation,6,17,0
A00687,2025-01-31,Core,7,13,1
A00688,2025-01-31,Analytics,4,7,0
A00689,2025-01-31,API,6,12,0
A00690,2025-01-31,Analytics,13,2,1
A00691,2025-01-31,Core,9,16,1
A00692,2025-01-31,Premium Support,6,3,0
A00693,2025-01-31,Premium Support,4,14,0
A00694,2025-01-31,API,8,27,1
A00695,2025-01-31,Analytics,5,4,0
A00696,2025-01-31,Core,7,7,0
A00697,2025-01-31,Premium Support,6,22,1
A00698,2025-01-31,Analytics,4,28,1
A00699,2025-01-31,Core,9,29,1
A00700,2025-01-31,Analytics,7,3,0
A00701,2025-01-31,API,7,7,1
A00702,2025-01-31,Automation,6,30,0
A00703,2025-01-31,Analytics,12,15,0
A00704,2025-01-31,Premium Support,7,25,0
A00705,2025-01-31,Automation,12,0,0
A00706,2025-01-31,Premium Support,6,3,0
A00707,2025-01-31,Analytics,8,6,0
A00708,2025-01-31,Automation,4,2,0
A00709,2025-01-31,Analytics,8,27,0
A00710,2025-01-31,Automation,3,24,0
A00711,2025-01-31,Automation,5,12,0
A00712,2025-01-31,Analytics,8,2,0
A00713,2025-01-31,Premium Support,2,3,1
A00714,2025-01-31,Premium Support,12,8,0
A00715,2025-01-31,Premium Support,3,22,1
A00716,2025-01-31,Analytics,6,24,0
A00717,2025-01-31,Automation,7,16,0
A00718,2025-01-31,Core,9,28,0
A00719,2025-01-31,Core,5,28,0
A00720,2025-01-31,Premium Support,8,23,0
A00721,2025-01-31,Core,8,2,0
A00722,2025-01-31,Premium Support,10,27,0
A00723,2025-01-31,API,10,28,0
A00724,2025-01-31,Analytics,11,17,0
A00725,2025-01-31,Core,11,18,0
A00726,2025-01-31,Automation,7,24,1
A00727,2025-01-31,Automation,6,18,0
A00728,2025-01-31,API,6,10,0
A00729,2025-01-31,Premium Support,6,21,1
A00730,2025-01-31,Analytics,8,24,0
A00731,2025-01-31,API,8,4,1
A00732,2025-01-31,Analytics,11,21,1
A00733,2025-01-31,API,9,5,1
A00734,2025-01-31,Core,12,17,0
A00735,2025-01-31,API,5,3,0
A00736,2025-01-31,API,11,30,0
A00737,2025-01-31,API,9,20,0
A00738,2025-01-31,API,9,14,1
A00739,2025-01-31,Automation,6,15,1
A00740,2025-01-31,API,9,19,1
A00741,2025-01-31,Analytics,8,3,0
A00742,2025-01-31,Analytics,13,15,0
A00743,2025-01-31,Automation,11,22,0
A00744,2025-01-31,Premium Support,5,8,0
A00745,2025-01-31,Automation,5,14,0
A00746,2025-01-31,Automation,4,10,0
A00747,2025-01-31,Premium Support,8,4,0
A00748,2025-01-31,Premium Support,11,30,0
A00749,2025-01-31,API,10,18,1
A00750,2025-01-31,Core,11,12,1
A00751,2025-01-31,Automation,8,10,2
A00752,2025-01-31,Automation,9,21,0
A00753,2025-01-31,Analytics,9,3,0
A00754,2025-01-31,Premium Support,6,17,0
A00755,2025-01-31,Premium Support,12,7,0
A00756,2025-01-31,Analytics,3,27,1
A00757,2025-01-31,API,4,24,0
A00758,2025-01-31,Core,10,23,1
A00759,2025-01-31,Core,5,4,0
A00760,2025-01-31,Analytics,7,2,0
A00761,2025-01-31,Analytics,18,14,0
A00762,2025-01-31,Analytics,11,11,0
A00763,2025-01-31,Core,10,22,0
A00764,2025-01-31,API,9,22,1
A00765,2025-01-31,Automation,7,12,0
A00766,2025-01-31,Analytics,7,5,0
A00767,2025-01-31,API,5,10,1
A00768,2025-01-31,Analytics,7,15,0
A00769,2025-01-31,Automation,8,7,0
A00770,2025-01-31,Automation,7,9,1
A00771,2025-01-31,Premium Support,8,7,0
A00772,2025-01-31,Core,7,2,2
A00773,2025-01-31,Premium Support,6,18,0
A00774,2025-01-31,Analytics,8,30,1
A00775,2025-01-31,Core,7,29,1
A00776,2025-01-31,Automation,8,28,0
A00777,2025-01-31,Core,11,20,1
A00778,2025-01-31,Core,7,23,0
A00779,2025-01-31,Premium Support,9,1,0
A00780,2025-01-31,Analytics,8,6,1
A00781,2025-01-31,API,8,21,1
A00782,2025-01-31,Analytics,8,30,0
A00783,2025-01-31,Core,8,28,3
A00784,2025-01-31,Core,9,19,0
A00785,2025-01-31,Core,14,3,0
A00786,2025-01-31,API,6,29,0
A00787,2025-01-31,API,9,9,0
A00788,2025-01-31,Core,5,1,0
A00789,2025-01-31,Analytics,12,23,0
A00790,2025-01-31,Analytics,7,5,0
A00791,2025-01-31,API,4,9,0
A00792,2025-01-31,Premium Support,5,20,0
A00793,2025-01-31,Automation,12,29,0
A00794,2025-01-31,Premium Support,12,28,0
A00795,2025-01-31,Core,7,5,0
A00796,2025-01-31,Analytics,12,5,1
A00797,2025-01-31,Automation,7,25,1
A00798,2025-01-31,Analytics,3,9,1
A00799,2025-01-31,Premium Support,7,2,2
A00800,2025-01-31,API,5,18,0
A00801,2025-01-31,Analytics,8,20,0
A00802,2025-01-31,Premium Support,12,30,0
A00803,2025-01-31,API,6,15,2
A00804,2025-01-31,Premium Support,11,24,0
A00805,2025-01-31,API,10,16,0
A00806,2025-01-31,Core,6,28,0
A00807,2025-01-31,Automation,6,15,0
A00808,2025-01-31,Core,9,20,0
A00809,2025-01-31,Automation,12,29,1
A00810,2025-01-31,API,10,27,1
A00811,2025-01-31,Automation,3,12,0
A00812,2025-01-31,Premium Support,9,15,0
A00813,2025-01-31,API,8,18,0
A00814,2025-01-31,Premium Support,8,3,0
A00815,2025-01-31,Core,13,7,1
A00816,2025-01-31,Core,5,21,0
A00817,2025-01-31,Premium Support,8,2,0
A00818,2025-01-31,API,6,18,0
A00819,2025-01-31,API,10,15,0
A00820,2025-01-31,Core,11,15,0
A00821,2025-01-31,Analytics,6,26,0
A00822,2025-01-31,Automation,6,8,1
A00823,2025-01-31,Premium Support,10,24,0
A00824,2025-01-31,Premium Support,2,24,0
A00825,2025-01-31,API,10,30,0
A00826,2025-01-31,API,8,25,0
A00827,2025-01-31,Core,7,15,0
A00828,2025-01-31,Core,8,11,1
A00829,2025-01-31,API,8,24,0
A00830,2025-01-31,API,10,28,0
A00831,2025-01-31,Core,8,8,0
A00832,2025-01-31,API,8,11,1
A00833,2025-01-31,Automation,12,15,1
A00834,2025-01-31,Premium Support,7,3,0
A00835,2025-01-31,Premium Support,16,9,0
A00836,2025-01-31,Analytics,9,5,0
A00837,2025-01-31,Analytics,13,23,0
A00838,2025-01-31,Premium Support,8,15,1
A00839,2025-01-31,Automation,9,18,0
A00840,2025-01-31,Analytics,5,2,0
A00841,2025-01-31,Automation,10,17,0
A00842,2025-01-31,Core,8,22,0
A00843,2025-01-31,API,6,21,0
A00844,2025-01-31,Analytics,4,24,0
A00845,2025-01-31,Premium Support,9,3,1
A00846,2025-01-31,Core,13,17,0
A00847,2025-01-31,Premium Support,7,14,0
A00848,2025-01-31,Analytics,5,27,0
A00849,2025-01-31,Core,8,21,0
A00850,2025-01-31,Automation,11,29,1
A00851,2025-01-31,Automation,7,0,1
A00852,2025-01-31,Core,9,13,1
A00853,2025-01-31,Core,7,21,0
A00854,2025-01-31,Core,5,2,0
A00855,2025-01-31,API,4,20,0
A00856,2025-01-31,Core,11,7,0
A00857,2025-01-31,Automation,2,2,0
A00858,2025-01-31,Core,7,20,0
A00859,2025-01-31,Automation,9,13,0
A00860,2025-01-31,Premium Support,8,12,1
A00861,2025-01-31,Automation,9,10,1
A00862,2025-01-31,Premium Support,8,21,0
A00863,2025-01-31,Premium Support,6,19,1
A00864,2025-01-31,Core,8,20,2
A00865,2025-01-31,Analytics,10,24,0
A00866,2025-01-31,Automation,5,18,0
A00867,2025-01-31,Analytics,7,2,0
A00868,2025-01-31,Automation,11,4,0
A00869,2025-01-31,Automation,12,30,0
A00870,2025-01-31,Premium Support,4,8,0
A00871,2025-01-31,Analytics,10,13,0
A00872,2025-01-31,Analytics,4,11,1
A00873,2025-01-31,Core,12,30,1
A00874,2025-01-31,Analytics,9,25,0
A00875,2025-01-31,Analytics,9,14,0
A00876,2025-01-31,API,8,21,1
A00877,2025-01-31,API,6,17,0
A00878,2025-01-31,Premium Support,7,19,0
A00879,2025-01-31,Automation,6,29,0
A00880,2025-01-31,Automation,12,20,0
A00881,2025-01-31,Core,9,3,0
A00882,2025-01-31,API,8,15,0
A00883,2025-01-31,Automation,5,25,1
A00884,2025-01-31,Analytics,3,1,0
A00885,2025-01-31,API,14,11,0
A00886,2025-01-31,Automation,6,6,1
A00887,2025-01-31,Automation,8,22,0
A00888,2025-01-31,Premium Support,7,4,0
A00889,2025-01-31,API,8,19,1
A00890,2025-01-31,Analytics,11,1,1
A00891,2025-01-31,Analytics,5,28,0
A00892,2025-01-31,Automation,9,9,0
A00893,2025-01-31,API,2,12,0
A00894,2025-01-31,API,11,24,0
A00895,2025-01-31,Core,8,11,0
A00896,2025-01-31,API,6,3,0
A00897,2025-01-31,Analytics,5,28,0
A00898,2025-01-31,API,11,3,0
A00899,2025-01-31,Premium Support,4,15,0
A00900,2025-01-31,Automation,8,3,0
A00901,2025-01-31,API,6,21,0
A00902,2025-01-31,Premium Support,6,8,0
A00903,2025-01-31,Premium Support,7,28,0
A00904,2025-01-31,API,5,6,1
A00905,2025-01-31,Automation,11,20,0
A00906,2025-01-31,Analytics,11,0,1
A00907,2025-01-31,Premium Support,10,3,0
A00908,2025-01-31,Analytics,6,8,0
A00909,2025-01-31,Analytics,7,27,0
A00910,2025-01-31,Core,6,30,0
A00911,2025-01-31,Premium Support,7,19,1
A00912,2025-01-31,Analytics,12,10,0
A00913,2025-01-31,Premium Support,3,9,1
A00914,2025-01-31,Core,10,6,2
A00915,2025-01-31,API,12,10,0
A00916,2025-01-31,API,4,15,0
A00917,2025-01-31,API,6,21,0
A00918,2025-01-31,Core,7,7,0
A00919,2025-01-31,Core,6,1,0
A00920,2025-01-31,Analytics,5,17,0
A00921,2025-01-31,API,3,7,0
A00922,2025-01-31,Automation,13,12,0
A00923,2025-01-31,API,3,22,1
A00924,2025-01-31,Analytics,7,27,1
A00925,2025-01-31,Analytics,9,16,1
A00926,2025-01-31,Automation,5,28,1
A00927,2025-01-31,API,9,8,1
A00928,2025-01-31,Premium Support,7,22,0
A00929,2025-01-31,API,6,30,0
A00930,2025-01-31,API,8,6,0
A00931,2025-01-31,Core,14,22,0
A00932,2025-01-31,Core,5,14,0
A00933,2025-01-31,Premium Support,7,27,0
A00934,2025-01-31,Analytics,9,9,1
A00935,2025-01-31,API,5,29,0
A00936,2025-01-31,API,6,24,1
A00937,2025-01-31,Core,9,21,0
A00938,2025-01-31,API,7,0,0
A00939,2025-01-31,Analytics,10,2,0
A00940,2025-01-31,Core,6,20,0
A00941,2025-01-31,API,8,14,1
A00942,2025-01-31,API,8,10,1
A00943,2025-01-31,Core,7,26,1
A00944,2025-01-31,API,9,14,0
A00945,2025-01-31,Automation,7,14,0
A00946,2025-01-31,Analytics,8,10,2
A00947,2025-01-31,Premium Support,9,30,1
A00948,2025-01-31,Automation,14,11,0
A00949,2025-01-31,Automation,8,8,0
A00950,2025-01-31,Core,7,20,0
A00951,2025-01-31,Automation,5,1,0
A00952,2025-01-31,Analytics,8,18,0
A00953,2025-01-31,Automation,11,17,1
A00954,2025-01-31,Premium Support,5,7,1
A00955,2025-01-31,Analytics,6,23,0
A00956,2025-01-31,Analytics,8,1,1
A00957,2025-01-31,Core,8,30,0
A00958,2025-01-31,Automation,14,26,0
A00959,2025-01-31,Automation,4,5,1
A00960,2025-01-31,API,5,15,1
A00961,2025-01-31,Core,4,6,0
A00962,2025-01-31,Analytics,5,19,0
A00963,2025-01-31,API,5,10,0
A00964,2025-01-31,Premium Support,8,15,0
A00965,2025-01-31,Core,7,29,0
A00966,2025-01-31,Analytics,10,19,0
A00967,2025-01-31,Automation,15,26,0
A00968,2025-01-31,Analytics,9,19,1
A00969,2025-01-31,Premium Support,9,14,0
A00970,2025-01-31,Premium Support,11,0,0
A00971,2025-01-31,Analytics,7,2,0
A00972,2025-01-31,Automation,7,16,0
A00973,2025-01-31,Automation,8,15,1
A00974,2025-01-31,Automation,6,15,0
A00975,2025-01-31,Core,13,26,1
A00976,2025-01-31,Core,4,2,1
A00977,2025-01-31,Analytics,13,20,2
A00978,2025-01-31,Core,8,23,0
A00979,2025-01-31,Analytics,10,20,0
A00980,2025-01-31,Automation,10,7,1
A00981,2025-01-31,API,11,12,0
A00982,2025-01-31,Analytics,10,1,0
A00983,2025-01-31,Core,8,5,0
A00984,2025-01-31,Analytics,4,24,0
A00985,2025-01-31,API,12,19,0
A00986,2025-01-31,Automation,14,26,0
A00987,2025-01-31,Analytics,5,21,0
A00988,2025-01-31,Analytics,13,7,0
A00989,2025-01-31,API,10,25,0
A00990,2025-01-31,Core,13,21,1
A00991,2025-01-31,Analytics,4,5,0
A00992,2025-01-31,Core,7,0,1
A00993,2025-01-31,API,14,23,0
A00994,2025-01-31,API,10,22,0
A00995,2025-01-31,API,13,2,0
A00996,2025-01-31,Automation,11,14,0
A00997,2025-01-31,Analytics,7,28,0
A00998,2025-01-31,Premium Support,12,24,1
A00999,2025-01-31,Premium Support,8,25,0
A01000,2025-01-31,Core,4,12,0
A01001,2025-01-31,Premium Support,7,3,0
A01002,2025-01-31,Core,10,10,0
A01003,2025-01-31,Analytics,9,21,1
A01004,2025-01-31,API,6,26,0
A01005,2025-01-31,Core,16,19,0
A01006,2025-01-31,Analytics,13,1,0
A01007,2025-01-31,Core,14,18,0
A01008,2025-01-31,API,10,5,0
A01009,2025-01-31,Premium Support,10,18,0
A01010,2025-01-31,Premium Support,15,12,0
A01011,2025-01-31,Analytics,6,16,0
A01012,2025-01-31,API,6,18,0
A01013,2025-01-31,API,8,19,0
A01014,2025-01-31,API,9,0,0
A01015,2025-01-31,Automation,4,29,0
A01016,2025-01-31,Premium Support,4,17,0
A01017,2025-01-31,API,6,15,0
A01018,2025-01-31,Core,9,11,0
A01019,2025-01-31,Premium Support,14,3,0
A01020,2025-01-31,Premium Support,7,19,1
A01021,2025-01-31,Analytics,9,11,0
A01022,2025-01-31,API,10,28,0
A01023,2025-01-31,Premium Support,10,20,0
A01024,2025-01-31,API,8,13,0
A01025,2025-01-31,API,3,0,0
A01026,2025-01-31,Premium Support,8,17,0
A01027,2025-01-31,Premium Support,6,26,1
A01028,2025-01-31,API,8,14,0
A01029,2025-01-31,Core,13,20,0
A01030,2025-01-31,API,9,3,1
A01031,2025-01-31,Automation,5,12,2
A01032,2025-01-31,Analytics,8,24,0
A01033,2025-01-31,API,11,13,0
A01034,2025-01-31,Automation,1,27,1
A01035,2025-01-31,Core,11,12,0
A01036,2025-01-31,API,7,25,0
A01037,2025-01-31,Automation,7,19,1
A01038,2025-01-31,Analytics,11,29,0
A01039,2025-01-31,API,10,16,0
A01040,2025-01-31,Automation,7,14,0
A01041,2025-01-31,Core,6,10,1
A01042,2025-01-31,Automation,10,20,0
A01043,2025-01-31,Analytics,13,30,1
A01044,2025-01-31,Analytics,13,5,0
A01045,2025-01-31,Automation,10,29,1
A01046,2025-01-31,Core,6,30,1
A01047,2025-01-31,Core,11,23,0
A01048,2025-01-31,API,3,17,0
A01049,2025-01-31,Premium Support,7,26,0
A01050,2025-01-31,Core,12,8,0
A01051,2025-01-31,Automation,5,19,1
A01052,2025-01-31,Core,10,24,0
A01053,2025-01-31,API,15,24,0
A01054,2025-01-31,API,5,18,0
A01055,2025-01-31,API,7,11,0
A01056,2025-01-31,Core,11,29,0
A01057,2025-01-31,Automation,12,20,0
A01058,2025-01-31,Analytics,9,23,0
A01059,2025-01-31,Automation,9,19,0
A01060,2025-01-31,Automation,5,27,0
A01061,2025-01-31,API,7,14,0
A01062,2025-01-31,Analytics,14,16,1
A01063,2025-01-31,Automation,9,24,1
A01064,2025-01-31,Premium Support,4,16,0
A01065,2025-01-31,Premium Support,7,7,0
A01066,2025-01-31,Premium Support,7,23,0
A01067,2025-01-31,Analytics,9,11,0
A01068,2025-01-31,API,15,3,0
A01069,2025-01-31,Analytics,8,11,1
A01070,2025-01-31,Premium Support,6,1,0
A01071,2025-01-31,Premium Support,8,27,0
A01072,2025-01-31,Premium Support,6,30,0
A01073,2025-01-31,Core,14,8,1
A01074,2025-01-31,Analytics,6,28,0
A01075,2025-01-31,Automation,4,22,0
A01076,2025-01-31,Automation,4,29,0
A01077,2025-01-31,Analytics,9,5,0
A01078,2025-01-31,Core,11,1,1
A01079,2025-01-31,Core,4,28,0
A01080,2025-01-31,Automation,4,8,0
A01081,2025-01-31,API,10,18,0
A01082,2025-01-31,API,6,27,0
A01083,2025-01-31,Premium Support,2,10,1
A01084,2025-01-31,Core,12,2,0
A01085,2025-01-31,Automation,10,24,0
A01086,2025-01-31,Analytics,6,13,0
A01087,2025-01-31,Premium Support,8,0,0
A01088,2025-01-31,Premium Support,6,10,0
A01089,2025-01-31,API,9,16,0
A01090,2025-01-31,Analytics,8,27,0
A01091,2025-01-31,Analytics,5,7,0
A01092,2025-01-31,Core,6,16,0
A01093,2025-01-31,Premium Support,10,5,0
A01094,2025-01-31,Core,6,9,0
A01095,2025-01-31,API,14,8,1
A01096,2025-01-31,API,11,16,0
A01097,2025-01-31,Automation,8,20,1
A01098,2025-01-31,Premium Support,7,3,1
A01099,2025-01-31,API,9,2,1
A01100,2025-01-31,Automation,13,22,0
A01101,2025-01-31,API,4,9,1
A01102,2025-01-31,API,8,19,0
A01103,2025-01-31,Core,16,2,0
A01104,2025-01-31,Analytics,6,18,0
A01105,2025-01-31,API,9,28,0
A01106,2025-01-31,Core,9,13,0
A01107,2025-01-31,Analytics,12,17,0
A01108,2025-01-31,API,10,9,1
A01109,2025-01-31,API,7,8,1
A01110,2025-01-31,Premium Support,8,2,0
A01111,2025-01-31,Premium Support,8,14,0
A01112,2025-01-31,Automation,7,29,0
A01113,2025-01-31,Core,8,3,0
A01114,2025-01-31,API,7,12,1
A01115,2025-01-31,Automation,8,25,0
A01116,2025-01-31,API,8,15,0
A01117,2025-01-31,API,6,23,0
A01118,2025-01-31,API,7,11,0
A01119,2025-01-31,API,9,18,0
A01120,2025-01-31,API,9,30,1
A01121,2025-01-31,Core,9,18,0
A01122,2025-01-31,API,10,24,1
A01123,2025-01-31,Analytics,11,21,1
A01124,2025-01-31,Automation,5,2,0
A01125,2025-01-31,Premium Support,6,4,0
A01126,2025-01-31,API,3,18,2
A01127,2025-01-31,Analytics,7,10,0
A01128,2025-01-31,Premium Support,10,15,0
A01129,2025-01-31,Automation,8,14,0
A01130,2025-01-31,API,5,24,0
A01131,2025-01-31,Core,10,30,0
A01132,2025-01-31,Core,6,30,0
A01133,2025-01-31,Analytics,6,2,0
A01134,2025-01-31,Analytics,5,23,0
A01135,2025-01-31,Automation,5,22,0
A01136,2025-01-31,API,9,26,0
A01137,2025-01-31,Premium Support,6,13,0
A01138,2025-01-31,API,13,15,0
A01139,2025-01-31,Premium Support,6,14,0
A01140,2025-01-31,API,8,11,1
A01141,2025-01-31,Analytics,7,7,0
A01142,2025-01-31,Automation,10,19,0
A01143,2025-01-31,API,8,0,0
A01144,2025-01-31,Analytics,4,23,0
A01145,2025-01-31,API,5,26,0
A01146,2025-01-31,Automation,10,7,0
A01147,2025-01-31,Analytics,12,6,0
A01148,2025-01-31,Automation,9,15,1
A01149,2025-01-31,Premium Support,7,26,0
A01150,2025-01-31,API,8,3,0
A01151,2025-01-31,Analytics,5,13,0
A01152,2025-01-31,API,5,6,1
A01153,2025-01-31,Premium Support,9,26,0
A01154,2025-01-31,Core,10,27,0
A01155,2025-01-31,Premium Support,7,2,0
A01156,2025-01-31,API,6,4,0
A01157,2025-01-31,Premium Support,10,4,0
A01158,2025-01-31,Automation,7,25,1
A01159,2025-01-31,Automation,13,27,0
A01160,2025-01-31,Premium Support,9,11,2
A01161,2025-01-31,Core,2,4,0
A01162,2025-01-31,API,9,20,1
A01163,2025-01-31,Core,6,27,0
A01164,2025-01-31,Analytics,3,28,0
A01165,2025-01-31,Core,4,13,1
A01166,2025-01-31,Automation,6,24,0
A01167,2025-01-31,Automation,7,29,0
A01168,2025-01-31,Automation,6,25,0
A01169,2025-01-31,Core,7,14,0
A01170,2025-01-31,Analytics,11,8,0
A01171,2025-01-31,Automation,4,11,0
A01172,2025-01-31,Premium Support,10,11,0
A01173,2025-01-31,Premium Support,14,30,1
A01174,2025-01-31,Core,7,22,0
A01175,2025-01-31,API,7,26,0
A01176,2025-01-31,Core,8,24,0
A01177,2025-01-31,Premium Support,7,14,0
A01178,2025-01-31,Core,6,24,0
A01179,2025-01-31,Premium Support,11,19,1
A01180,2025-01-31,Core,14,22,0
A01181,2025-01-31,Core,8,9,0
A01182,2025-01-31,Premium Support,9,7,1
A01183,2025-01-31,API,7,5,1
A01184,2025-01-31,API,4,8,0
A01185,2025-01-31,Automation,4,30,0
A01186,2025-01-31,Analytics,6,29,0
A01187,2025-01-31,Automation,6,4,1
A01188,2025-01-31,API,10,17,0
A01189,2025-01-31,Analytics,9,29,0
A01190,2025-01-31,Analytics,9,23,0
A01191,2025-01-31,Core,11,18,1
A01192,2025-01-31,Analytics,8,18,1
A01193,2025-01-31,API,7,10,0
A01194,2025-01-31,Core,14,28,0
A01195,2025-01-31,Core,7,2,0
A01196,2025-01-31,Automation,10,26,0
A01197,2025-01-31,API,8,27,0
A01198,2025-01-31,Core,7,8,0
A01199,2025-01-31,Automation,6,15,0
A01200,2025-01-31,Automation,9,27,1
A01201,2025-01-31,Core,4,14,0
A01202,2025-01-31,Analytics,10,9,3
A01203,2025-01-31,Analytics,3,2,0
A01204,2025-01-31,Automation,9,13,0
A01205,2025-01-31,Core,5,8,0
A01206,2025-01-31,Premium Support,10,26,0
A01207,2025-01-31,Analytics,8,26,0
A01208,2025-01-31,Core,8,10,1
A01209,2025-01-31,Premium Support,6,6,0
A01210,2025-01-31,Core,6,9,1
A01211,2025-01-31,Core,8,12,0
A01212,2025-01-31,Premium Support,9,20,1
A01213,2025-01-31,API,3,4,0
A01214,2025-01-31,API,16,30,1
A01215,2025-01-31,Automation,7,21,0
A01216,2025-01-31,Automation,16,4,1
A01217,2025-01-31,Automation,8,9,0
A01218,2025-01-31,Core,3,21,0
A01219,2025-01-31,API,5,15,0
A01220,2025-01-31,Analytics,8,16,0
A01221,2025-01-31,Premium Support,5,1,0
A01222,2025-01-31,API,9,12,1
A01223,2025-01-31,Core,10,19,0
A01224,2025-01-31,Premium Support,8,23,0
A01225,2025-01-31,Analytics,8,13,0
A01226,2025-01-31,Analytics,9,17,0
A01227,2025-01-31,Premium Support,6,6,0
A01228,2025-01-31,Automation,10,24,0
A01229,2025-01-31,Premium Support,4,21,0
A01230,2025-01-31,Automation,7,23,0
A01231,2025-01-31,Premium Support,10,20,0
A01232,2025-01-31,Core,6,30,0
A01233,2025-01-31,API,9,27,0
A01234,2025-01-31,Analytics,7,25,0
A01235,2025-01-31,Analytics,3,10,0
A01236,2025-01-31,Analytics,14,2,1
A01237,2025-01-31,Analytics,8,0,0
A01238,2025-01-31,API,6,24,0
A01239,2025-01-31,Premium Support,7,27,0
A01240,2025-01-31,Automation,4,20,0
A01241,2025-01-31,Analytics,9,22,0
A01242,2025-01-31,API,8,2,0
A01243,2025-01-31,API,11,17,0
A01244,2025-01-31,Analytics,7,18,0
A01245,2025-01-31,API,11,4,1
A01246,2025-01-31,Automation,13,23,0
A01247,2025-01-31,Analytics,6,10,1
A01248,2025-01-31,API,9,6,0
A01249,2025-01-31,Automation,5,21,0
A01250,2025-01-31,API,7,13,1
A01251,2025-01-31,Analytics,10,16,1
A01252,2025-01-31,API,5,16,0
A01253,2025-01-31,Automation,8,19,0
A01254,2025-01-31,Analytics,7,12,0
A01255,2025-01-31,API,10,25,0
A01256,2025-01-31,Automation,11,27,0
A01257,2025-01-31,Analytics,14,14,0
A01258,2025-01-31,Analytics,3,5,0
A01259,2025-01-31,Premium Support,11,8,1
A01260,2025-01-31,Analytics,6,23,0
A01261,2025-01-31,API,10,7,0
A01262,2025-01-31,Core,6,24,0
A01263,2025-01-31,Premium Support,12,20,0
A01264,2025-01-31,API,11,13,0
A01265,2025-01-31,Automation,9,3,0
A01266,2025-01-31,Automation,7,16,0
A01267,2025-01-31,Analytics,7,21,0
A01268,2025-01-31,Analytics,8,4,0
A01269,2025-01-31,Automation,2,25,0
A01270,2025-01-31,Premium Support,9,6,0
A01271,2025-01-31,Core,10,12,0
A01272,2025-01-31,Premium Support,8,16,0
A01273,2025-01-31,Premium Support,9,22,0
A01274,2025-01-31,Core,7,6,0
A01275,2025-01-31,Core,4,10,0
A01276,2025-01-31,Automation,10,25,1
A01277,2025-01-31,Premium Support,8,10,1
A01278,2025-01-31,Analytics,5,19,1
A01279,2025-01-31,Automation,12,12,0
A01280,2025-01-31,Premium Support,5,1,0
A01281,2025-01-31,Analytics,2,15,0
A01282,2025-01-31,Analytics,3,11,0
A01283,2025-01-31,Premium Support,10,8,1
A01284,2025-01-31,Analytics,11,26,0
A01285,2025-01-31,API,7,24,0
A01286,2025-01-31,API,13,8,0
A01287,2025-01-31,API,10,16,0
A01288,2025-01-31,Analytics,9,22,0
A01289,2025-01-31,Automation,5,1,0
A01290,2025-01-31,Automation,8,2,0
A01291,2025-01-31,Analytics,7,16,0
A01292,2025-01-31,API,10,28,0
A01293,2025-01-31,Core,13,28,0
A01294,2025-01-31,Analytics,9,13,0
A01295,2025-01-31,Premium Support,9,21,0
A01296,2025-01-31,API,10,15,0
A01297,2025-01-31,Automation,3,28,1
A01298,2025-01-31,Premium Support,6,17,0
A01299,2025-01-31,Automation,11,27,0
A01300,2025-01-31,Automation,10,11,0
A01301,2025-01-31,Automation,10,28,0
A01302,2025-01-31,API,7,22,1
A01303,2025-01-31,Automation,12,23,1
A01304,2025-01-31,Analytics,6,0,2
A01305,2025-01-31,Premium Support,9,24,0
A01306,2025-01-31,Core,8,5,0
A01307,2025-01-31,Premium Support,6,29,0
A01308,2025-01-31,Premium Support,6,5,0
A01309,2025-01-31,Core,7,25,0
A01310,2025-01-31,Automation,7,19,1
A01311,2025-01-31,Premium Support,10,12,1
A01312,2025-01-31,API,5,27,0
A01313,2025-01-31,Analytics,9,12,1
A01314,2025-01-31,Premium Support,10,1,0
A01315,2025-01-31,API,15,2,1
A01316,2025-01-31,Core,10,26,0
A01317,2025-01-31,Analytics,6,11,0
A01318,2025-01-31,Automation,8,25,0
A01319,2025-01-31,API,7,0,2
A01320,2025-01-31,Analytics,7,2,0
A01321,2025-01-31,Automation,8,30,1
A01322,2025-01-31,Core,7,4,0
A01323,2025-01-31,Analytics,6,21,1
A01324,2025-01-31,API,5,10,0
A01325,2025-01-31,Core,8,15,0
A01326,2025-01-31,Analytics,5,3,0
A01327,2025-01-31,Premium Support,6,8,0
A01328,2025-01-31,Premium Support,10,23,0
A01329,2025-01-31,Premium Support,6,16,0
A01330,2025-01-31,Analytics,4,15,1
A01331,2025-01-31,Core,8,29,0
A01332,2025-01-31,Premium Support,10,12,0
A01333,2025-01-31,Analytics,13,24,0
A01334,2025-01-31,Automation,9,22,0
A01335,2025-01-31,Core,11,14,0
A01336,2025-01-31,Automation,8,9,1
A01337,2025-01-31,API,4,10,0
A01338,2025-01-31,Premium Support,8,27,2
A01339,2025-01-31,Core,12,9,0
A01340,2025-01-31,API,7,20,0
A01341,2025-01-31,Premium Support,8,3,0
A01342,2025-01-31,Analytics,6,10,1
A01343,2025-01-31,Automation,8,28,0
A01344,2025-01-31,Core,8,16,0
A01345,2025-01-31,Automation,11,25,0
A01346,2025-01-31,Analytics,10,8,0
A01347,2025-01-31,API,8,23,0
A01348,2025-01-31,Premium Support,6,30,1
A01349,2025-01-31,Automation,10,28,1
A01350,2025-01-31,API,8,13,0
A01351,2025-01-31,Core,6,21,1
A01352,2025-01-31,Analytics,5,27,0
A01353,2025-01-31,Premium Support,3,25,2
A01354,2025-01-31,Analytics,9,30,0
A01355,2025-01-31,Automation,5,0,0
A01356,2025-01-31,API,12,16,0
A01357,2025-01-31,Analytics,8,24,0
A01358,2025-01-31,Automation,7,22,0
A01359,2025-01-31,Analytics,7,4,1
A01360,2025-01-31,Analytics,6,17,0
A01361,2025-01-31,API,4,5,1
A01362,2025-01-31,Automation,11,2,0
A01363,2025-01-31,Premium Support,5,3,0
A01364,2025-01-31,Automation,16,29,0
A01365,2025-01-31,Automation,8,8,0
A01366,2025-01-31,Automation,5,14,0
A01367,2025-01-31,Analytics,12,7,0
A01368,2025-01-31,Analytics,5,27,1
A01369,2025-01-31,API,8,27,0
A01370,2025-01-31,Automation,6,20,0
A01371,2025-01-31,Automation,6,25,0
A01372,2025-01-31,Core,9,3,3
A01373,2025-01-31,Automation,8,30,0
A01374,2025-01-31,Analytics,8,12,0
A01375,2025-01-31,Premium Support,11,12,0
A01376,2025-01-31,Automation,5,6,0
A01377,2025-01-31,Premium Support,10,27,0
A01378,2025-01-31,Automation,8,5,0
A01379,2025-01-31,API,8,26,0
A01380,2025-01-31,Core,6,22,1
A01381,2025-01-31,Analytics,10,23,1
A01382,2025-01-31,Premium Support,10,0,0
A01383,2025-01-31,Analytics,6,22,0
A01384,2025-01-31,Core,5,29,0
A01385,2025-01-31,Analytics,9,12,0
A01386,2025-01-31,API,8,13,0
A01387,2025-01-31,Automation,9,3,1
A01388,2025-01-31,Premium Support,8,15,0
A01389,2025-01-31,Premium Support,6,20,0
A01390,2025-01-31,API,6,9,0
A01391,2025-01-31,API,9,22,0
A01392,2025-01-31,Premium Support,15,2,0
A01393,2025-01-31,Core,10,20,1
A01394,2025-01-31,API,6,18,0
A01395,2025-01-31,API,6,7,0
A01396,2025-01-31,Automation,7,10,0
A01397,2025-01-31,Premium Support,12,7,0
A01398,2025-01-31,Automation,7,19,0
A01399,2025-01-31,Automation,11,19,0
A01400,2025-01-31,Automation,8,17,0
A01401,2025-01-31,API,9,6,0
A01402,2025-01-31,Analytics,9,6,0
A01403,2025-01-31,Analytics,9,25,0
A01404,2025-01-31,Automation,11,14,0
A01405,2025-01-31,Automation,7,13,2
A01406,2025-01-31,Analytics,9,9,0
A01407,2025-01-31,Premium Support,7,28,0
A01408,2025-01-31,Premium Support,8,7,1
A01409,2025-01-31,Automation,4,23,0
A01410,2025-01-31,Analytics,10,23,0
A01411,2025-01-31,Premium Support,12,7,0
A01412,2025-01-31,Analytics,10,0,0
A01413,2025-01-31,API,7,7,0
A01414,2025-01-31,Premium Support,10,8,0
A01415,2025-01-31,API,7,23,0
A01416,2025-01-31,Analytics,6,16,0
A01417,2025-01-31,Core,11,13,1
A01418,2025-01-31,Analytics,5,14,0
A01419,2025-01-31,Automation,3,29,0
A01420,2025-01-31,Automation,9,29,0
A01421,2025-01-31,Analytics,10,0,0
A01422,2025-01-31,Core,13,26,0
A01423,2025-01-31,Automation,12,11,0
A01424,2025-01-31,Core,8,23,0
A01425,2025-01-31,Core,5,30,0
A01426,2025-01-31,API,12,15,0
A01427,2025-01-31,API,11,19,0
A01428,2025-01-31,Analytics,13,13,0
A01429,2025-01-31,Analytics,4,2,0
A01430,2025-01-31,Analytics,7,1,1
A01431,2025-01-31,Analytics,9,11,0
A01432,2025-01-31,Core,7,25,1
A01433,2025-01-31,Core,12,10,0
A01434,2025-01-31,Analytics,4,13,0
A01435,2025-01-31,Core,9,16,1
A01436,2025-01-31,Analytics,7,9,1
A01437,2025-01-31,API,7,15,1
A01438,2025-01-31,Core,12,18,0
A01439,2025-01-31,Automation,13,26,0
A01440,2025-01-31,Automation,7,23,0
A01441,2025-01-31,API,9,25,0
A01442,2025-01-31,Automation,9,16,0
A01443,2025-01-31,Premium Support,8,21,0
A01444,2025-01-31,Core,5,4,0
A01445,2025-01-31,Core,8,4,0
A01446,2025-01-31,Analytics,11,28,0
A01447,2025-01-31,Automation,12,18,0
A01448,2025-01-31,Premium Support,10,3,0
A01449,2025-01-31,Premium Support,10,12,0
A01450,2025-01-31,API,8,30,1
A01451,2025-01-31,API,6,0,0
A01452,2025-01-31,API,4,13,1
A01453,2025-01-31,Core,4,25,0
A01454,2025-01-31,API,10,29,1
A01455,2025-01-31,API,3,11,0
A01456,2025-01-31,Analytics,10,28,2
A01457,2025-01-31,Automation,7,22,0
A01458,2025-01-31,Premium Support,8,12,0
A01459,2025-01-31,Analytics,11,24,1
A01460,2025-01-31,Premium Support,6,24,0
A01461,2025-01-31,Core,7,8,0
A01462,2025-01-31,Premium Support,9,2,1
A01463,2025-01-31,Automation,8,24,1
A01464,2025-01-31,Analytics,9,2,0
A01465,2025-01-31,Automation,3,24,0
A01466,2025-01-31,Analytics,7,11,0
A01467,2025-01-31,Automation,7,21,0
A01468,2025-01-31,Core,10,18,0
A01469,2025-01-31,Analytics,9,1,0
A01470,2025-01-31,Analytics,2,0,0
A01471,2025-01-31,Core,5,19,1
A01472,2025-01-31,Analytics,6,15,0
A01473,2025-01-31,Automation,7,1,0
A01474,2025-01-31,Automation,7,30,0
A01475,2025-01-31,API,8,7,0
A01476,2025-01-31,Core,8,26,1
A01477,2025-01-31,Analytics,9,3,0
A01478,2025-01-31,Premium Support,5,7,2
A01479,2025-01-31,Analytics,8,16,0
A01480,2025-01-31,Core,10,16,0
A01481,2025-01-31,API,6,18,0
A01482,2025-01-31,Core,10,5,0
A01483,2025-01-31,Analytics,9,8,0
A01484,2025-01-31,Premium Support,12,8,1
A01485,2025-01-31,Analytics,9,13,2
A01486,2025-01-31,Automation,5,28,0
A01487,2025-01-31,API,11,14,1
A01488,2025-01-31,Analytics,12,30,1
A01489,2025-01-31,Automation,7,7,0
A01490,2025-01-31,API,8,7,0
A01491,2025-01-31,Analytics,12,3,0
A01492,2025-01-31,Analytics,10,6,1
A01493,2025-01-31,Premium Support,5,9,0
A01494,2025-01-31,Core,10,11,0
A01495,2025-01-31,Premium Support,6,22,1
A01496,2025-01-31,API,2,13,1
A01497,2025-01-31,Premium Support,5,21,1
A01498,2025-01-31,Analytics,6,2,1
A01499,2025-01-31,API,12,29,1
A01500,2025-01-31,Automation,6,4,0
A01501,2025-01-31,Analytics,7,1,0
A01502,2025-01-31,Analytics,10,13,0
A01503,2025-01-31,API,8,20,1
A01504,2025-01-31,Automation,10,7,1
A01505,2025-01-31,Analytics,13,5,1
A01506,2025-01-31,Automation,7,26,1
A01507,2025-01-31,Automation,5,25,0
A01508,2025-01-31,Core,9,23,0
A01509,2025-01-31,Premium Support,10,6,0
A01510,2025-01-31,Core,7,16,0
A01511,2025-01-31,Automation,10,21,2
A01512,2025-01-31,API,6,13,1
A01513,2025-01-31,Automation,4,5,0
A01514,2025-01-31,Automation,8,25,0
A01515,2025-01-31,Automation,6,29,0
A01516,2025-01-31,Automation,5,5,0
A01517,2025-01-31,Premium Support,11,21,0
A01518,2025-01-31,Automation,3,27,0
A01519,2025-01-31,Premium Support,5,16,0
A01520,2025-01-31,API,8,1,1
A01521,2025-01-31,Analytics,6,21,1
A01522,2025-01-31,Analytics,5,28,1
A01523,2025-01-31,Automation,12,8,0
A01524,2025-01-31,API,13,4,1
A01525,2025-01-31,Core,6,7,1
A01526,2025-01-31,Analytics,8,25,0
A01527,2025-01-31,Premium Support,14,17,0
A01528,2025-01-31,Automation,5,0,0
A01529,2025-01-31,Automation,5,18,1
A01530,2025-01-31,Core,9,25,0
A01531,2025-01-31,Core,11,5,0
A01532,2025-01-31,Analytics,7,18,0
A01533,2025-01-31,Premium Support,7,7,0
A01534,2025-01-31,API,5,0,0
A01535,2025-01-31,Automation,10,12,0
A01536,2025-01-31,API,9,24,0
A01537,2025-01-31,API,10,20,1
A01538,2025-01-31,Automation,6,3,0
A01539,2025-01-31,Premium Support,9,5,1
A01540,2025-01-31,API,4,16,0
A01541,2025-01-31,API,6,9,0
A01542,2025-01-31,Premium Support,0,10,1
A01543,2025-01-31,Analytics,7,13,1
A01544,2025-01-31,Premium Support,8,23,0
A01545,2025-01-31,API,9,17,0
A01546,2025-01-31,Premium Support,8,26,1
A01547,2025-01-31,API,8,3,0
A01548,2025-01-31,Automation,12,14,1
A01549,2025-01-31,Analytics,9,17,0
A01550,2025-01-31,Automation,2,23,0
A01551,2025-01-31,Analytics,11,15,0
A01552,2025-01-31,Automation,8,28,0
A01553,2025-01-31,Automation,7,25,1
A01554,2025-01-31,API,8,21,0
A01555,2025-01-31,API,6,12,0
A01556,2025-01-31,Analytics,5,9,0
A01557,2025-01-31,Automation,8,16,0
A01558,2025-01-31,API,6,14,0
A01559,2025-01-31,API,4,0,0
A01560,2025-01-31,Core,11,7,0
A01561,2025-01-31,Core,13,25,0
A01562,2025-01-31,Core,10,14,0
A01563,2025-01-31,Premium Support,13,29,0
A01564,2025-01-31,Premium Support,14,7,1
A01565,2025-01-31,Core,11,30,0
A01566,2025-01-31,Core,6,25,1
A01567,2025-01-31,Automation,9,11,1
A01568,2025-01-31,API,7,18,0
A01569,2025-01-31,Analytics,10,30,0
A01570,2025-01-31,Automation,7,19,0
A01571,2025-01-31,Analytics,6,28,1
A01572,2025-01-31,Core,8,3,1
A01573,2025-01-31,Analytics,5,5,0
A01574,2025-01-31,Premium Support,4,0,0
A01575,2025-01-31,Automation,7,10,1
A01576,2025-01-31,Core,6,24,0
A01577,2025-01-31,API,5,29,1
A01578,2025-01-31,Premium Support,13,16,1
A01579,2025-01-31,Premium Support,9,13,0
A01580,2025-01-31,Automation,6,28,0
A01581,2025-01-31,Core,14,18,0
A01582,2025-01-31,Analytics,8,16,0
A01583,2025-01-31,Analytics,4,2,0
A01584,2025-01-31,Core,7,6,1
A01585,2025-01-31,Core,15,21,0
A01586,2025-01-31,Analytics,8,21,0
A01587,2025-01-31,API,7,15,0
A01588,2025-01-31,Analytics,14,21,0
A01589,2025-01-31,API,12,21,0
A01590,2025-01-31,Analytics,11,2,2
A01591,2025-01-31,Core,3,25,0
A01592,2025-01-31,Premium Support,9,21,2
A01593,2025-01-31,API,10,6,1
A01594,2025-01-31,Analytics,7,6,0
A01595,2025-01-31,Premium Support,8,29,0
A01596,2025-01-31,Premium Support,11,7,0
A01597,2025-01-31,Premium Support,9,1,0
A01598,2025-01-31,Core,12,0,0
A01599,2025-01-31,Automation,2,7,0
A01600,2025-01-31,Premium Support,8,19,1
A01601,2025-01-31,Premium Support,11,14,0
A01602,2025-01-31,Analytics,8,22,0
A01603,2025-01-31,Premium Support,5,7,0
A01604,2025-01-31,API,5,7,1
A01605,2025-01-31,API,2,12,0
A01606,2025-01-31,API,12,24,1
A01607,2025-01-31,Automation,6,15,0
A01608,2025-01-31,Core,6,23,0
A01609,2025-01-31,API,7,2,0
A01610,2025-01-31,Premium Support,11,12,1
A01611,2025-01-31,API,8,13,0
A01612,2025-01-31,Analytics,5,2,1
A01613,2025-01-31,Core,10,9,0
A01614,2025-01-31,API,8,8,0
A01615,2025-01-31,Automation,4,14,0
A01616,2025-01-31,API,9,5,0
A01617,2025-01-31,Premium Support,9,8,0
A01618,2025-01-31,Automation,8,29,0
A01619,2025-01-31,API,6,4,0
A01620,2025-01-31,Core,11,25,1
A01621,2025-01-31,API,5,16,1
A01622,2025-01-31,Core,7,2,0
A01623,2025-01-31,Automation,10,12,0
A01624,2025-01-31,Core,5,15,0
A01625,2025-01-31,Premium Support,11,8,0
A01626,2025-01-31,Analytics,7,8,2
A01627,2025-01-31,API,7,22,0
A01628,2025-01-31,Core,12,0,0
A01629,2025-01-31,Analytics,4,28,1
A01630,2025-01-31,Premium Support,4,9,0
A01631,2025-01-31,Analytics,9,11,0
A01632,2025-01-31,API,7,3,0
A01633,2025-01-31,Premium Support,8,27,0
A01634,2025-01-31,Automation,8,6,0
A01635,2025-01-31,Core,8,24,0
A01636,2025-01-31,Analytics,14,10,0
A01637,2025-01-31,Analytics,15,0,0
A01638,2025-01-31,Analytics,11,12,1
A01639,2025-01-31,Analytics,10,16,0
A01640,2025-01-31,API,5,14,0
A01641,2025-01-31,Analytics,6,30,0
A01642,2025-01-31,Analytics,9,16,0
A01643,2025-01-31,API,8,24,1
A01644,2025-01-31,Analytics,7,11,1
A01645,2025-01-31,Analytics,8,4,0
A01646,2025-01-31,API,9,15,0
A01647,2025-01-31,Premium Support,6,17,0
A01648,2025-01-31,API,11,12,0
A01649,2025-01-31,API,7,23,0
A01650,2025-01-31,Premium Support,4,29,0
A01651,2025-01-31,Automation,10,2,0
A01652,2025-01-31,Analytics,10,2,0
A01653,2025-01-31,Analytics,10,8,1
A01654,2025-01-31,API,9,18,0
A01655,2025-01-31,API,5,1,0
A01656,2025-01-31,Core,7,6,0
A01657,2025-01-31,Core,8,12,0
A01658,2025-01-31,Analytics,7,11,0
A01659,2025-01-31,Premium Support,9,26,0
A01660,2025-01-31,Automation,8,16,0
A01661,2025-01-31,Premium Support,6,27,0
A01662,2025-01-31,Core,8,23,0
A01663,2025-01-31,API,9,12,1
A01664,2025-01-31,API,5,30,0
A01665,2025-01-31,API,5,26,0
A01666,2025-01-31,API,8,15,0
A01667,2025-01-31,Analytics,7,26,0
A01668,2025-01-31,Core,10,7,1
A01669,2025-01-31,Premium Support,7,6,1
A01670,2025-01-31,Premium Support,4,24,0
A01671,2025-01-31,Core,7,24,0
A01672,2025-01-31,API,11,6,1
A01673,2025-01-31,API,7,23,1
A01674,2025-01-31,Automation,14,15,0
A01675,2025-01-31,Premium Support,11,17,0
A01676,2025-01-31,API,10,26,0
A01677,2025-01-31,Automation,12,4,2
A01678,2025-01-31,Premium Support,13,12,0
A01679,2025-01-31,Premium Support,10,8,0
A01680,2025-01-31,Analytics,7,17,0
A01681,2025-01-31,Premium Support,3,4,0
A01682,2025-01-31,API,8,3,1
A01683,2025-01-31,Core,5,21,2
A01684,2025-01-31,Automation,5,1,0
A01685,2025-01-31,Premium Support,6,12,0
A01686,2025-01-31,Analytics,8,30,0
A01687,2025-01-31,API,11,30,0
A01688,2025-01-31,Analytics,5,5,0
A01689,2025-01-31,Core,13,28,0
A01690,2025-01-31,Premium Support,7,10,1
A01691,2025-01-31,Core,8,6,0
A01692,2025-01-31,API,9,15,1
A01693,2025-01-31,Core,4,15,0
A01694,2025-01-31,Automation,5,11,0
A01695,2025-01-31,Premium Support,6,13,0
A01696,2025-01-31,Automation,10,3,0
A01697,2025-01-31,Automation,9,8,0
A01698,2025-01-31,Premium Support,7,6,0
A01699,2025-01-31,Premium Support,8,28,0
A01700,2025-01-31,Premium Support,4,15,0
A00001,2025-02-28,Automation,10,14,0
A00002,2025-02-28,Analytics,7,24,0
A00003,2025-02-28,Automation,6,14,0
A00004,2025-02-28,Premium Support,7,11,1
A00005,2025-02-28,Analytics,4,8,1
A00006,2025-02-28,Automation,5,14,1
A00007,2025-02-28,Analytics,7,7,0
A00008,2025-02-28,Automation,11,20,0
A00009,2025-02-28,Core,13,3,1
A00010,2025-02-28,Analytics,5,23,1
A00011,2025-02-28,API,6,6,0
A00012,2025-02-28,API,16,5,0
A00013,2025-02-28,Core,4,27,0
A00014,2025-02-28,Premium Support,13,10,0
A00015,2025-02-28,Core,8,19,0
A00016,2025-02-28,Premium Support,7,11,1
A00017,2025-02-28,Analytics,12,27,1
A00018,2025-02-28,Automation,15,4,2
A00019,2025-02-28,Automation,11,13,0
A00020,2025-02-28,API,8,2,2
A00021,2025-02-28,API,5,15,0
A00022,2025-02-28,Core,7,20,1
A00023,2025-02-28,Premium Support,9,13,0
A00024,2025-02-28,Core,6,23,0
A00025,2025-02-28,Automation,8,21,0
A00026,2025-02-28,Core,4,26,0
A00027,2025-02-28,Automation,11,27,0
A00028,2025-02-28,Analytics,7,26,0
A00029,2025-02-28,API,9,12,0
A00030,2025-02-28,Core,6,27,0
A00031,2025-02-28,Analytics,10,18,0
A00032,2025-02-28,API,11,2,0
A00033,2025-02-28,Automation,10,2,1
A00034,2025-02-28,API,6,11,0
A00035,2025-02-28,Analytics,7,15,2
A00036,2025-02-28,API,13,2,0
A00037,2025-02-28,Analytics,5,16,0
A00038,2025-02-28,API,7,18,0
A00039,2025-02-28,API,12,19,2
A00040,2025-02-28,Analytics,6,27,0
A00041,2025-02-28,Analytics,10,10,2
A00042,2025-02-28,API,8,1,0
A00043,2025-02-28,API,4,26,0
A00044,2025-02-28,Premium Support,6,14,0
A00045,2025-02-28,API,5,17,0
A00046,2025-02-28,API,6,14,0
A00047,2025-02-28,API,3,13,0
A00048,2025-02-28,Premium Support,9,4,0
A00049,2025-02-28,Analytics,12,15,0
A00050,2025-02-28,Analytics,5,23,0
A00051,2025-02-28,Analytics,8,3,0
A00052,2025-02-28,Automation,7,11,0
A00053,2025-02-28,Automation,6,26,1
A00054,2025-02-28,API,7,11,0
A00055,2025-02-28,Analytics,10,4,0
A00056,2025-02-28,Automation,10,26,0
A00057,2025-02-28,Analytics,8,3,0
A00058,2025-02-28,Premium Support,8,6,0
A00059,2025-02-28,Automation,12,13,1
A00060,2025-02-28,API,8,10,1
A00061,2025-02-28,Analytics,5,11,0
A00062,2025-02-28,Automation,6,21,1
A00063,2025-02-28,Automation,7,15,0
A00064,2025-02-28,Premium Support,2,13,1
A00065,2025-02-28,Automation,4,19,0
A00066,2025-02-28,Automation,4,16,1
A00067,2025-02-28,Core,10,17,1
A00068,2025-02-28,Core,5,13,0
A00069,2025-02-28,Automation,9,15,0
A00070,2025-02-28,Core,8,7,0
A00071,2025-02-28,Premium Support,9,11,1
A00072,2025-02-28,Premium Support,10,4,0
A00073,2025-02-28,API,5,2,0
A00074,2025-02-28,Automation,11,23,0
A00075,2025-02-28,API,6,22,0
A00076,2025-02-28,Premium Support,11,7,0
A00077,2025-02-28,Core,6,12,0
A00078,2025-02-28,Analytics,5,27,0
A00079,2025-02-28,Automation,6,14,1
A00080,2025-02-28,Automation,6,0,1
A00081,2025-02-28,Analytics,4,16,0
A00082,2025-02-28,Premium Support,7,24,0
A00083,2025-02-28,API,6,6,0
A00084,2025-02-28,Premium Support,7,26,1
A00085,2025-02-28,Analytics,9,21,0
A00086,2025-02-28,Automation,10,1,0
A00087,2025-02-28,Analytics,11,27,0
A00088,2025-02-28,Core,8,17,0
A00089,2025-02-28,Automation,8,6,0
A00090,2025-02-28,Automation,13,21,1
A00091,2025-02-28,Analytics,8,22,0
A00092,2025-02-28,Automation,6,17,1
A00093,2025-02-28,Premium Support,7,26,0
A00094,2025-02-28,Analytics,6,24,0
A00095,2025-02-28,API,5,8,0
A00096,2025-02-28,Analytics,7,3,0
A00097,2025-02-28,API,8,22,0
A00098,2025-02-28,Premium Support,11,26,0
A00099,2025-02-28,Automation,3,8,0
A00100,2025-02-28,Core,7,15,0
A00101,2025-02-28,Automation,9,14,0
A00102,2025-02-28,API,9,9,1
A00103,2025-02-28,Core,11,15,0
A00104,2025-02-28,Automation,4,14,0
A00105,2025-02-28,Analytics,17,27,0
A00106,2025-02-28,Premium Support,8,9,0
A00107,2025-02-28,Premium Support,8,4,1
A00108,2025-02-28,Automation,6,12,0
A00109,2025-02-28,Automation,10,3,0
A00110,2025-02-28,Analytics,7,4,1
A00111,2025-02-28,Core,12,17,0
A00112,2025-02-28,Core,6,23,0
A00113,2025-02-28,API,7,3,1
A00114,2025-02-28,Analytics,10,10,1
A00115,2025-02-28,Premium Support,9,5,1
A00116,2025-02-28,Analytics,6,13,0
A00117,2025-02-28,Analytics,9,16,0
A00118,2025-02-28,Premium Support,10,25,0
A00119,2025-02-28,Premium Support,19,25,0
A00120,2025-02-28,Analytics,7,25,0
A00121,2025-02-28,Core,8,11,0
A00122,2025-02-28,Core,3,22,0
A00123,2025-02-28,API,8,8,0
A00124,2025-02-28,Premium Support,3,0,0
A00125,2025-02-28,Analytics,9,26,0
A00126,2025-02-28,Core,10,25,1
A00127,2025-02-28,Analytics,5,5,0
A00128,2025-02-28,Core,2,5,0
A00129,2025-02-28,API,5,25,0
A00130,2025-02-28,API,3,12,0
A00131,2025-02-28,Automation,9,22,0
A00132,2025-02-28,Core,9,25,0
A00133,2025-02-28,API,7,15,0
A00134,2025-02-28,Core,5,2,0
A00135,2025-02-28,API,3,16,0
A00136,2025-02-28,Premium Support,9,3,1
A00137,2025-02-28,Automation,6,19,0
A00138,2025-02-28,Premium Support,3,16,0
A00139,2025-02-28,Core,7,12,0
A00140,2025-02-28,Automation,4,13,1
A00141,2025-02-28,Premium Support,7,26,0
A00142,2025-02-28,Automation,9,10,1
A00143,2025-02-28,Automation,4,23,0
A00144,2025-02-28,Core,11,22,0
A00145,2025-02-28,Automation,17,27,0
A00146,2025-02-28,Premium Support,3,25,0
A00147,2025-02-28,Analytics,4,17,0
A00148,2025-02-28,API,9,27,0
A00149,2025-02-28,API,10,19,0
A00150,2025-02-28,Core,6,3,1
A00151,2025-02-28,Core,13,2,0
A00152,2025-02-28,Analytics,9,18,1
A00153,2025-02-28,Core,7,14,0
A00154,2025-02-28,API,12,24,1
A00155,2025-02-28,Core,5,15,0
A00156,2025-02-28,Core,9,6,1
A00157,2025-02-28,Automation,7,23,0
A00158,2025-02-28,Analytics,8,13,1
A00159,2025-02-28,Analytics,5,26,0
A00160,2025-02-28,Analytics,7,0,3
A00161,2025-02-28,API,7,0,1
A00162,2025-02-28,API,6,3,0
A00163,2025-02-28,Core,9,26,0
A00164,2025-02-28,Core,8,3,0
A00165,2025-02-28,API,10,19,0
A00166,2025-02-28,API,15,19,1
A00167,2025-02-28,Automation,2,24,0
A00168,2025-02-28,Core,9,17,0
A00169,2025-02-28,Core,9,0,0
A00170,2025-02-28,API,12,1,0
A00171,2025-02-28,Premium Support,9,0,1
A00172,2025-02-28,Analytics,5,16,0
A00173,2025-02-28,Core,11,12,0
A00174,2025-02-28,API,8,1,0
A00175,2025-02-28,API,13,0,0
A00176,2025-02-28,Automation,8,5,0
A00177,2025-02-28,Core,8,13,0
A00178,2025-02-28,Automation,9,25,0
A00179,2025-02-28,Analytics,4,23,0
A00180,2025-02-28,Core,6,12,0
A00181,2025-02-28,Premium Support,9,8,0
A00182,2025-02-28,API,10,21,0
A00183,2025-02-28,Analytics,5,26,0
A00184,2025-02-28,Premium Support,10,8,0
A00185,2025-02-28,Automation,16,13,0
A00186,2025-02-28,Analytics,5,3,0
A00187,2025-02-28,Premium Support,7,3,1
A00188,2025-02-28,API,12,24,1
A00189,2025-02-28,Analytics,3,6,2
A00190,2025-02-28,API,5,4,0
A00191,2025-02-28,Core,6,8,0
A00192,2025-02-28,Premium Support,9,9,0
A00193,2025-02-28,Analytics,7,5,1
A00194,2025-02-28,API,7,19,1
A00195,2025-02-28,Core,10,16,0
A00196,2025-02-28,Premium Support,7,16,0
A00197,2025-02-28,Analytics,7,27,1
A00198,2025-02-28,Automation,10,25,0
A00199,2025-02-28,Analytics,4,7,0
A00200,2025-02-28,API,9,27,0
A00201,2025-02-28,API,11,18,0
A00202,2025-02-28,Analytics,3,4,0
A00203,2025-02-28,API,10,8,0
A00204,2025-02-28,API,4,6,0
A00205,2025-02-28,Analytics,8,22,0
A00206,2025-02-28,Core,6,17,1
A00207,2025-02-28,Core,17,21,2
A00208,2025-02-28,API,6,4,0
A00209,2025-02-28,Analytics,11,14,0
A00210,2025-02-28,Analytics,8,15,0
A00211,2025-02-28,Automation,12,19,0
A00212,2025-02-28,Automation,6,10,1
A00213,2025-02-28,Premium Support,6,1,1
A00214,2025-02-28,Automation,10,24,1
A00215,2025-02-28,API,5,11,0
A00216,2025-02-28,Premium Support,7,25,1
A00217,2025-02-28,Premium Support,11,11,0
A00218,2025-02-28,Analytics,8,7,0
A00219,2025-02-28,Core,7,12,1
A00220,2025-02-28,Premium Support,8,2,1
A00221,2025-02-28,Premium Support,3,15,0
A00222,2025-02-28,Premium Support,8,27,0
A00223,2025-02-28,API,5,7,0
A00224,2025-02-28,Premium Support,5,4,0
A00225,2025-02-28,Automation,13,3,0
A00226,2025-02-28,Automation,11,4,1
A00227,2025-02-28,Automation,6,10,0
A00228,2025-02-28,Analytics,10,7,0
A00229,2025-02-28,Automation,3,19,0
A00230,2025-02-28,Premium Support,16,9,0
A00231,2025-02-28,Premium Support,21,10,1
A00232,2025-02-28,API,8,4,1
A00233,2025-02-28,Core,9,16,0
A00234,2025-02-28,Automation,9,9,0
A00235,2025-02-28,Analytics,8,19,0
A00236,2025-02-28,Analytics,6,0,1
A00237,2025-02-28,Core,12,17,0
A00238,2025-02-28,Core,11,22,0
A00239,2025-02-28,API,4,19,0
A00240,2025-02-28,Analytics,6,7,0
A00241,2025-02-28,Analytics,14,19,0
A00242,2025-02-28,API,11,22,1
A00243,2025-02-28,API,9,14,0
A00244,2025-02-28,API,5,18,0
A00245,2025-02-28,API,11,22,3
A00246,2025-02-28,Premium Support,13,13,0
A00247,2025-02-28,Analytics,6,4,1
A00248,2025-02-28,Core,4,27,0
A00249,2025-02-28,Premium Support,9,9,1
A00250,2025-02-28,Core,7,10,0
A00251,2025-02-28,Automation,11,17,0
A00252,2025-02-28,Analytics,6,4,0
A00253,2025-02-28,Premium Support,8,9,1
A00254,2025-02-28,Core,8,16,0
A00255,2025-02-28,Core,11,20,0
A00256,2025-02-28,API,9,3,0
A00257,2025-02-28,API,13,23,1
A00258,2025-02-28,Automation,6,7,0
A00259,2025-02-28,Automation,11,25,0
A00260,2025-02-28,Premium Support,12,25,0
A00261,2025-02-28,Automation,7,19,0
A00262,2025-02-28,Analytics,12,24,2
A00263,2025-02-28,Core,7,4,1
A00264,2025-02-28,Analytics,13,13,1
A00265,2025-02-28,Premium Support,2,3,1
A00266,2025-02-28,Automation,6,13,0
A00267,2025-02-28,Automation,9,16,1
A00268,2025-02-28,Analytics,12,15,0
A00269,2025-02-28,API,6,2,0
A00270,2025-02-28,Automation,7,2,0
A00271,2025-02-28,Premium Support,8,27,1
A00272,2025-02-28,API,5,7,0
A00273,2025-02-28,Core,6,13,0
A00274,2025-02-28,Premium Support,3,16,1
A00275,2025-02-28,Premium Support,6,4,1
A00276,2025-02-28,Core,11,8,1
A00277,2025-02-28,Analytics,3,16,1
A00278,2025-02-28,Premium Support,9,5,0
A00279,2025-02-28,Premium Support,7,22,0
A00280,2025-02-28,Premium Support,13,18,1
A00281,2025-02-28,Premium Support,10,27,0
A00282,2025-02-28,Core,10,15,0
A00283,2025-02-28,Core,6,22,1
A00284,2025-02-28,API,6,9,0
A00285,2025-02-28,Automation,12,19,0
A00286,2025-02-28,API,9,26,0
A00287,2025-02-28,Analytics,11,23,0
A00288,2025-02-28,Analytics,8,21,0
A00289,2025-02-28,Automation,10,12,1
A00290,2025-02-28,Premium Support,8,16,0
A00291,2025-02-28,Premium Support,11,16,0
A00292,2025-02-28,Core,5,5,0
A00293,2025-02-28,Core,11,7,0
A00294,2025-02-28,Analytics,6,18,0
A00295,2025-02-28,Automation,9,17,1
A00296,2025-02-28,Core,19,19,3
A00297,2025-02-28,Automation,10,16,0
A00298,2025-02-28,API,9,16,1
A00299,2025-02-28,Automation,12,14,0
A00300,2025-02-28,Premium Support,12,17,1
A00301,2025-02-28,API,5,10,1
A00302,2025-02-28,Automation,12,4,0
A00303,2025-02-28,API,11,18,0
A00304,2025-02-28,Automation,11,9,0
A00305,2025-02-28,Analytics,10,21,1
A00306,2025-02-28,Core,4,24,0
A00307,2025-02-28,Core,15,10,1
A00308,2025-02-28,Automation,4,3,0
A00309,2025-02-28,Automation,8,0,1
A00310,2025-02-28,API,4,16,1
A00311,2025-02-28,Automation,4,24,0
A00312,2025-02-28,API,11,25,0
A00313,2025-02-28,Analytics,11,25,0
A00314,2025-02-28,API,9,0,0
A00315,2025-02-28,Analytics,8,1,0
A00316,2025-02-28,Premium Support,4,27,0
A00317,2025-02-28,Automation,7,18,0
A00318,2025-02-28,Automation,7,24,2
A00319,2025-02-28,Automation,8,27,1
A00320,2025-02-28,Automation,11,20,0
A00321,2025-02-28,Automation,4,11,0
A00322,2025-02-28,API,6,19,1
A00323,2025-02-28,Premium Support,8,17,0
A00324,2025-02-28,Core,7,24,0
A00325,2025-02-28,Automation,8,24,0
A00326,2025-02-28,API,4,4,0
A00327,2025-02-28,Core,9,24,0
A00328,2025-02-28,Automation,15,19,1
A00329,2025-02-28,Core,15,20,0
A00330,2025-02-28,Automation,8,9,1
A00331,2025-02-28,API,11,13,0
A00332,2025-02-28,Automation,12,24,0
A00333,2025-02-28,Automation,8,3,0
A00334,2025-02-28,Analytics,8,14,2
A00335,2025-02-28,Automation,6,27,0
A00336,2025-02-28,Analytics,8,21,0
A00337,2025-02-28,Automation,7,4,0
A00338,2025-02-28,Core,11,4,1
A00339,2025-02-28,Core,8,14,0
A00340,2025-02-28,Automation,12,6,0
A00341,2025-02-28,Core,5,24,0
A00342,2025-02-28,Premium Support,5,23,1
A00343,2025-02-28,Core,8,26,0
A00344,2025-02-28,API,9,11,0
A00345,2025-02-28,Premium Support,8,7,0
A00346,2025-02-28,Automation,13,14,0
A00347,2025-02-28,Automation,10,3,0
A00348,2025-02-28,Automation,4,20,0
A00349,2025-02-28,Automation,7,24,1
A00350,2025-02-28,Core,8,4,1
A00351,2025-02-28,Analytics,3,5,0
A00352,2025-02-28,Core,8,8,0
A00353,2025-02-28,Analytics,6,22,1
A00354,2025-02-28,Analytics,9,9,0
A00355,2025-02-28,Automation,10,20,0
A00356,2025-02-28,Premium Support,13,25,0
A00357,2025-02-28,API,4,12,0
A00358,2025-02-28,Core,4,3,0
A00359,2025-02-28,Automation,4,25,0
A00360,2025-02-28,API,9,10,0
A00361,2025-02-28,Automation,8,16,1
A00362,2025-02-28,Analytics,17,26,0
A00363,2025-02-28,API,13,25,1
A00364,2025-02-28,Automation,10,23,0
A00365,2025-02-28,Automation,10,9,0
A00366,2025-02-28,Analytics,11,18,0
A00367,2025-02-28,API,14,9,0
A00368,2025-02-28,Premium Support,8,15,1
A00369,2025-02-28,Core,11,9,0
A00370,2025-02-28,Analytics,8,23,0
A00371,2025-02-28,API,7,21,0
A00372,2025-02-28,Premium Support,11,26,0
A00373,2025-02-28,Premium Support,2,7,0
A00374,2025-02-28,API,7,25,1
A00375,2025-02-28,API,7,6,0
A00376,2025-02-28,API,9,17,1
A00377,2025-02-28,API,13,4,0
A00378,2025-02-28,Automation,5,20,1
A00379,2025-02-28,API,10,21,0
A00380,2025-02-28,API,13,21,1
A00381,2025-02-28,Premium Support,12,7,0
A00382,2025-02-28,Core,6,22,0
A00383,2025-02-28,Premium Support,7,4,0
A00384,2025-02-28,Automation,11,20,0
A00385,2025-02-28,API,6,13,0
A00386,2025-02-28,API,9,5,0
A00387,2025-02-28,API,9,27,0
A00388,2025-02-28,API,9,21,0
A00389,2025-02-28,Analytics,7,4,0
A00390,2025-02-28,Automation,7,10,1
A00391,2025-02-28,Analytics,6,20,0
A00392,2025-02-28,Automation,6,5,0
A00393,2025-02-28,API,7,13,0
A00394,2025-02-28,Analytics,6,2,0
A00395,2025-02-28,Premium Support,4,0,0
A00396,2025-02-28,Analytics,7,6,0
A00397,2025-02-28,Automation,14,19,0
A00398,2025-02-28,Analytics,9,14,0
A00399,2025-02-28,Analytics,13,8,0
A00400,2025-02-28,API,4,6,0
A00401,2025-02-28,Premium Support,4,22,0
A00402,2025-02-28,Analytics,7,18,0
A00403,2025-02-28,Core,9,24,0
A00404,2025-02-28,Core,6,27,0
A00405,2025-02-28,API,7,17,1
A00406,2025-02-28,Automation,11,1,0
A00407,2025-02-28,Automation,8,26,0
A00408,2025-02-28,Analytics,12,3,0
A00409,2025-02-28,Premium Support,10,19,0
A00410,2025-02-28,Core,6,6,1
A00411,2025-02-28,API,4,21,0
A00412,2025-02-28,Premium Support,7,22,0
A00413,2025-02-28,Premium Support,11,22,1
A00414,2025-02-28,Automation,6,7,1
A00415,2025-02-28,Analytics,9,17,1
A00416,2025-02-28,Automation,7,5,0
A00417,2025-02-28,Analytics,7,24,2
A00418,2025-02-28,Analytics,5,4,0
A00419,2025-02-28,API,9,23,0
A00420,2025-02-28,Automation,10,4,1
A00421,2025-02-28,Analytics,7,8,0
A00422,2025-02-28,Premium Support,9,20,0
A00423,2025-02-28,Premium Support,9,26,1
A00424,2025-02-28,Analytics,10,19,0
A00425,2025-02-28,Analytics,10,9,0
A00426,2025-02-28,Core,6,8,1
A00427,2025-02-28,API,8,17,0
A00428,2025-02-28,Core,4,12,1
A00429,2025-02-28,Premium Support,13,5,0
A00430,2025-02-28,Premium Support,8,17,0
A00431,2025-02-28,Premium Support,6,12,0
A00432,2025-02-28,Analytics,5,27,0
A00433,2025-02-28,Automation,6,0,1
A00434,2025-02-28,API,8,20,0
A00435,2025-02-28,Analytics,9,22,0
A00436,2025-02-28,API,8,22,0
A00437,2025-02-28,Core,7,19,0
A00438,2025-02-28,Premium Support,8,27,0
A00439,2025-02-28,Core,0,8,1
A00440,2025-02-28,Analytics,6,10,0
A00441,2025-02-28,Analytics,13,26,0
A00442,2025-02-28,API,9,1,0
A00443,2025-02-28,Automation,11,23,0
A00444,2025-02-28,Premium Support,12,20,0
A00445,2025-02-28,Analytics,8,16,1
A00446,2025-02-28,Analytics,8,3,1
A00447,2025-02-28,Core,10,17,0
A00448,2025-02-28,API,6,12,0
A00449,2025-02-28,Premium Support,5,2,0
A00450,2025-02-28,Core,7,20,0
A00451,2025-02-28,Premium Support,7,22,0
A00452,2025-02-28,Analytics,9,15,0
A00453,2025-02-28,Premium Support,10,4,0
A00454,2025-02-28,Core,6,10,0
A00455,2025-02-28,Premium Support,7,15,2
A00456,2025-02-28,Analytics,9,14,0
A00457,2025-02-28,Analytics,7,16,0
A00458,2025-02-28,Analytics,7,6,2
A00459,2025-02-28,Core,8,22,0
A00460,2025-02-28,Automation,12,2,0
A00461,2025-02-28,Core,10,27,0
A00462,2025-02-28,API,6,11,0
A00463,2025-02-28,Premium Support,12,23,0
A00464,2025-02-28,API,12,1,0
A00465,2025-02-28,Premium Support,5,18,0
A00466,2025-02-28,Automation,11,27,0
A00467,2025-02-28,Automation,6,26,1
A00468,2025-02-28,Premium Support,8,12,1
A00469,2025-02-28,Core,8,10,0
A00470,2025-02-28,Analytics,10,24,0
A00471,2025-02-28,Analytics,2,17,0
A00472,2025-02-28,Core,13,26,0
A00473,2025-02-28,Core,8,6,0
A00474,2025-02-28,Core,6,12,1
A00475,2025-02-28,Premium Support,6,8,0
A00476,2025-02-28,Premium Support,6,11,0
A00477,2025-02-28,API,9,24,0
A00478,2025-02-28,Premium Support,8,25,1
A00479,2025-02-28,Analytics,7,16,0
A00480,2025-02-28,API,6,0,0
A00481,2025-02-28,Premium Support,7,12,1
A00482,2025-02-28,Core,5,13,0
A00483,2025-02-28,Core,9,19,0
A00484,2025-02-28,API,8,7,0
A00485,2025-02-28,Analytics,10,16,0
A00486,2025-02-28,Automation,5,21,0
A00487,2025-02-28,Automation,5,15,0
A00488,2025-02-28,Analytics,11,23,0
A00489,2025-02-28,Core,4,7,0
A00490,2025-02-28,Core,5,17,0
A00491,2025-02-28,API,15,12,2
A00492,2025-02-28,Analytics,6,11,0
A00493,2025-02-28,Core,6,11,0
A00494,2025-02-28,Automation,7,15,1
A00495,2025-02-28,Premium Support,6,14,0
A00496,2025-02-28,Premium Support,11,16,0
A00497,2025-02-28,Core,7,26,0
A00498,2025-02-28,Core,9,17,0
A00499,2025-02-28,API,7,15,0
A00500,2025-02-28,Premium Support,3,25,0
A00501,2025-02-28,API,9,6,0
A00502,2025-02-28,API,3,6,1
A00503,2025-02-28,Premium Support,3,3,1
A00504,2025-02-28,Automation,6,5,1
A00505,2025-02-28,Premium Support,5,2,0
A00506,2025-02-28,Premium Support,10,5,1
A00507,2025-02-28,Premium Support,4,18,0
A00508,2025-02-28,API,8,19,1
A00509,2025-02-28,Analytics,4,18,0
A00510,2025-02-28,Core,13,25,2
A00511,2025-02-28,Automation,7,24,1
A00512,2025-02-28,Analytics,5,9,0
A00513,2025-02-28,Core,7,5,0
A00514,2025-02-28,Premium Support,14,11,0
A00515,2025-02-28,API,12,25,0
A00516,2025-02-28,API,10,27,0
A00517,2025-02-28,Automation,10,5,1
A00518,2025-02-28,Analytics,8,4,1
A00519,2025-02-28,Premium Support,5,20,0
A00520,2025-02-28,API,7,24,0
A00521,2025-02-28,API,8,26,0
A00522,2025-02-28,Analytics,8,26,0
A00523,2025-02-28,Automation,7,7,0
A00524,2025-02-28,Analytics,7,22,1
A00525,2025-02-28,Automation,4,18,0
A00526,2025-02-28,Premium Support,8,9,0
A00527,2025-02-28,Core,11,0,1
A00528,2025-02-28,API,13,18,0
A00529,2025-02-28,Automation,8,10,2
A00530,2025-02-28,Analytics,5,8,2
A00531,2025-02-28,Core,8,0,1
A00532,2025-02-28,API,8,3,1
A00533,2025-02-28,API,5,5,0
A00534,2025-02-28,Premium Support,4,3,1
A00535,2025-02-28,Premium Support,9,26,1
A00536,2025-02-28,Core,12,0,0
A00537,2025-02-28,Analytics,9,10,2
A00538,2025-02-28,Core,6,27,1
A00539,2025-02-28,Premium Support,7,3,0
A00540,2025-02-28,Analytics,6,18,2
A00541,2025-02-28,Premium Support,6,7,0
A00542,2025-02-28,Core,9,8,0
A00543,2025-02-28,API,12,12,0
A00544,2025-02-28,Core,7,16,1
A00545,2025-02-28,API,10,21,0
A00546,2025-02-28,Core,8,17,0
A00547,2025-02-28,Core,3,0,0
A00548,2025-02-28,Core,6,5,1
A00549,2025-02-28,Automation,9,17,1
A00550,2025-02-28,Automation,8,8,0
A00551,2025-02-28,API,7,1,1
A00552,2025-02-28,Core,8,15,0
A00553,2025-02-28,Analytics,7,8,0
A00554,2025-02-28,Analytics,11,23,0
A00555,2025-02-28,Premium Support,8,24,1
A00556,2025-02-28,Automation,12,3,0
A00557,2025-02-28,Core,11,21,0
A00558,2025-02-28,Core,11,24,0
A00559,2025-02-28,Analytics,11,17,0
A00560,2025-02-28,Analytics,13,17,0
A00561,2025-02-28,API,5,12,1
A00562,2025-02-28,Premium Support,8,13,0
A00563,2025-02-28,Core,9,2,0
A00564,2025-02-28,API,9,4,0
A00565,2025-02-28,API,5,19,0
A00566,2025-02-28,Automation,11,15,0
A00567,2025-02-28,API,8,4,0
A00568,2025-02-28,API,8,9,0
A00569,2025-02-28,Analytics,6,18,1
A00570,2025-02-28,Premium Support,13,5,0
A00571,2025-02-28,Analytics,6,5,0
A00572,2025-02-28,Core,12,24,1
A00573,2025-02-28,Core,11,12,0
A00574,2025-02-28,Core,12,12,0
A00575,2025-02-28,Analytics,8,2,0
A00576,2025-02-28,Premium Support,12,2,0
A00577,2025-02-28,Core,8,18,1
A00578,2025-02-28,Core,8,8,2
A00579,2025-02-28,API,4,7,0
A00580,2025-02-28,API,5,5,0
A00581,2025-02-28,API,10,21,1
A00582,2025-02-28,Core,9,26,1
A00583,2025-02-28,Analytics,11,7,1
A00584,2025-02-28,Analytics,14,6,0
A00585,2025-02-28,Automation,8,21,0
A00586,2025-02-28,Automation,5,14,0
A00587,2025-02-28,Premium Support,2,22,0
A00588,2025-02-28,API,5,20,0
A00589,2025-02-28,API,15,22,0
A00590,2025-02-28,API,7,4,2
A00591,2025-02-28,Analytics,8,14,1
A00592,2025-02-28,Core,6,12,1
A00593,2025-02-28,API,11,24,0
A00594,2025-02-28,Analytics,8,18,0
A00595,2025-02-28,Analytics,7,20,0
A00596,2025-02-28,Automation,8,24,0
A00597,2025-02-28,Core,5,19,0
A00598,2025-02-28,Core,13,18,1
A00599,2025-02-28,Analytics,8,14,1
A00600,2025-02-28,API,11,2,1
A00601,2025-02-28,Premium Support,6,20,1
A00602,2025-02-28,API,9,9,0
A00603,2025-02-28,Analytics,10,3,0
A00604,2025-02-28,Analytics,3,9,0
A00605,2025-02-28,Analytics,9,9,0
A00606,2025-02-28,Analytics,12,10,0
A00607,2025-02-28,Automation,7,7,1
A00608,2025-02-28,Automation,5,26,1
A00609,2025-02-28,Automation,15,24,0
A00610,2025-02-28,Analytics,4,0,0
A00611,2025-02-28,Analytics,8,13,1
A00612,2025-02-28,Core,8,8,0
A00613,2025-02-28,Automation,5,23,1
A00614,2025-02-28,Premium Support,7,13,1
A00615,2025-02-28,Core,6,17,0
A00616,2025-02-28,Core,3,2,0
A00617,2025-02-28,Analytics,6,19,0
A00618,2025-02-28,Automation,6,13,1
A00619,2025-02-28,Analytics,8,24,0
A00620,2025-02-28,Core,4,2,0
A00621,2025-02-28,Analytics,6,8,0
A00622,2025-02-28,Analytics,13,23,0
A00623,2025-02-28,Analytics,5,6,0
A00624,2025-02-28,API,10,7,0
A00625,2025-02-28,Analytics,10,8,0
A00626,2025-02-28,Core,7,14,0
A00627,2025-02-28,Core,7,1,0
A00628,2025-02-28,Automation,12,17,2
A00629,2025-02-28,Automation,7,22,1
A00630,2025-02-28,Analytics,4,8,1
A00631,2025-02-28,Premium Support,3,4,0
A00632,2025-02-28,API,7,9,1
A00633,2025-02-28,Automation,5,18,0
A00634,2025-02-28,Automation,9,14,1
A00635,2025-02-28,Analytics,13,16,0
A00636,2025-02-28,API,3,22,1
A00637,2025-02-28,API,9,26,1
A00638,2025-02-28,API,11,12,0
A00639,2025-02-28,Automation,13,21,1
A00640,2025-02-28,Analytics,5,13,1
A00641,2025-02-28,Core,5,3,0
A00642,2025-02-28,Core,2,16,1
A00643,2025-02-28,API,10,26,0
A00644,2025-02-28,Premium Support,7,11,0
A00645,2025-02-28,Analytics,12,15,0
A00646,2025-02-28,API,12,20,0
A00647,2025-02-28,Core,6,23,0
A00648,2025-02-28,Automation,12,0,0
A00649,2025-02-28,Core,7,1,1
A00650,2025-02-28,API,5,13,1
A00651,2025-02-28,Premium Support,7,3,2
A00652,2025-02-28,Analytics,10,25,0
A00653,2025-02-28,Premium Support,9,19,2
A00654,2025-02-28,Core,8,17,2
A00655,2025-02-28,Core,4,16,0
A00656,2025-02-28,Core,9,13,1
A00657,2025-02-28,Analytics,8,1,1
A00658,2025-02-28,API,5,21,0
A00659,2025-02-28,Premium Support,8,13,0
A00660,2025-02-28,Analytics,7,11,0
A00661,2025-02-28,Analytics,16,12,0
A00662,2025-02-28,Core,8,13,0
A00663,2025-02-28,Automation,4,26,0
A00664,2025-02-28,API,11,5,0
A00665,2025-02-28,Core,13,4,1
A00666,2025-02-28,API,6,3,0
A00667,2025-02-28,Analytics,4,17,0
A00668,2025-02-28,API,8,0,0
A00669,2025-02-28,Analytics,7,22,0
A00670,2025-02-28,Automation,6,20,0
A00671,2025-02-28,Core,10,19,0
A00672,2025-02-28,API,12,13,0
A00673,2025-02-28,Automation,9,11,0
A00674,2025-02-28,Core,9,26,0
A00675,2025-02-28,Premium Support,8,23,1
A00676,2025-02-28,Automation,8,4,1
A00677,2025-02-28,Analytics,14,7,0
A00678,2025-02-28,API,5,6,0
A00679,2025-02-28,Automation,12,13,1
A00680,2025-02-28,API,14,17,0
A00681,2025-02-28,Automation,10,6,0
A00682,2025-02-28,Premium Support,9,1,0
A00683,2025-02-28,Analytics,8,10,0
A00684,2025-02-28,Core,11,14,0
A00685,2025-02-28,API,9,18,0
A00686,2025-02-28,API,7,3,1
A00687,2025-02-28,Automation,9,19,0
A00688,2025-02-28,Analytics,8,4,0
A00689,2025-02-28,Premium Support,5,8,0
A00690,2025-02-28,Core,9,14,0
A00691,2025-02-28,API,7,2,0
A00692,2025-02-28,API,5,15,0
A00693,2025-02-28,Automation,13,1,0
A00694,2025-02-28,Analytics,7,5,1
A00695,2025-02-28,Premium Support,6,15,0
A00696,2025-02-28,Core,10,7,0
A00697,2025-02-28,Premium Support,8,12,0
A00698,2025-02-28,API,8,7,0
A00699,2025-02-28,API,7,14,0
A00700,2025-02-28,Analytics,6,3,0
A00701,2025-02-28,Analytics,6,4,2
A00702,2025-02-28,API,7,27,0
A00703,2025-02-28,Analytics,6,9,0
A00704,2025-02-28,Core,4,19,0
A00705,2025-02-28,API,9,0,1
A00706,2025-02-28,API,7,3,1
A00707,2025-02-28,Automation,6,22,0
A00708,2025-02-28,API,6,10,0
A00709,2025-02-28,API,7,8,0
A00710,2025-02-28,API,8,4,0
A00711,2025-02-28,API,15,7,1
A00712,2025-02-28,Automation,16,6,0
A00713,2025-02-28,Automation,6,22,0
A00714,2025-02-28,Premium Support,9,26,2
A00715,2025-02-28,API,7,0,1
A00716,2025-02-28,Core,8,3,1
A00717,2025-02-28,API,7,17,2
A00718,2025-02-28,Analytics,10,24,0
A00719,2025-02-28,Core,7,8,0
A00720,2025-02-28,Premium Support,7,23,0
A00721,2025-02-28,Automation,9,0,1
A00722,2025-02-28,Automation,7,20,1
A00723,2025-02-28,Automation,11,26,2
A00724,2025-02-28,Premium Support,12,13,0
A00725,2025-02-28,Automation,6,16,1
A00726,2025-02-28,Automation,14,7,0
A00727,2025-02-28,Automation,7,21,1
A00728,2025-02-28,Automation,8,23,0
A00729,2025-02-28,Automation,5,23,1
A00730,2025-02-28,Core,8,23,0
A00731,2025-02-28,API,10,2,0
A00732,2025-02-28,Analytics,11,14,0
A00733,2025-02-28,Premium Support,8,14,0
A00734,2025-02-28,API,11,1,0
A00735,2025-02-28,API,5,22,0
A00736,2025-02-28,API,7,5,1
A00737,2025-02-28,Automation,10,11,0
A00738,2025-02-28,Automation,6,1,0
A00739,2025-02-28,Analytics,9,22,0
A00740,2025-02-28,Premium Support,9,5,0
A00741,2025-02-28,Automation,13,14,0
A00742,2025-02-28,Analytics,6,14,1
A00743,2025-02-28,Automation,7,2,0
A00744,2025-02-28,API,4,23,1
A00745,2025-02-28,Analytics,7,0,0
A00746,2025-02-28,Premium Support,5,18,1
A00747,2025-02-28,Analytics,4,4,0
A00748,2025-02-28,Premium Support,6,16,0
A00749,2025-02-28,Automation,3,6,1
A00750,2025-02-28,Premium Support,3,20,0
A00751,2025-02-28,Automation,6,15,0
A00752,2025-02-28,Automation,7,17,0
A00753,2025-02-28,Core,12,27,0
A00754,2025-02-28,Premium Support,9,12,1
A00755,2025-02-28,Automation,10,21,0
A00756,2025-02-28,Analytics,3,22,0
A00757,2025-02-28,Analytics,14,9,0
A00758,2025-02-28,Core,4,8,0
A00759,2025-02-28,Analytics,12,19,0
A00760,2025-02-28,Core,9,25,0
A00761,2025-02-28,Premium Support,10,0,1
A00762,2025-02-28,API,11,3,0
A00763,2025-02-28,Automation,9,4,1
A00764,2025-02-28,Premium Support,9,17,1
A00765,2025-02-28,Premium Support,5,11,0
A00766,2025-02-28,API,10,14,1
A00767,2025-02-28,Core,9,8,1
A00768,2025-02-28,Automation,14,11,0
A00769,2025-02-28,Premium Support,7,21,0
A00770,2025-02-28,Analytics,11,12,0
A00771,2025-02-28,Core,4,10,1
A00772,2025-02-28,Automation,8,1,0
A00773,2025-02-28,Automation,10,10,0
A00774,2025-02-28,Core,12,21,0
A00775,2025-02-28,Core,7,3,0
A00776,2025-02-28,API,7,9,0
A00777,2025-02-28,Core,3,7,0
A00778,2025-02-28,Core,13,13,1
A00779,2025-02-28,Analytics,7,22,0
A00780,2025-02-28,API,7,23,0
A00781,2025-02-28,Premium Support,13,10,0
A00782,2025-02-28,API,10,16,0
A00783,2025-02-28,Premium Support,4,22,0
A00784,2025-02-28,Automation,17,23,0
A00785,2025-02-28,Analytics,10,16,0
A00786,2025-02-28,API,9,3,0
A00787,2025-02-28,Core,11,10,0
A00788,2025-02-28,Premium Support,7,7,2
A00789,2025-02-28,Analytics,7,19,0
A00790,2025-02-28,Premium Support,5,6,0
A00791,2025-02-28,Automation,11,0,0
A00792,2025-02-28,Analytics,9,24,0
A00793,2025-02-28,API,6,3,1
A00794,2025-02-28,Core,2,21,0
A00795,2025-02-28,Automation,7,26,0
A00796,2025-02-28,Core,9,23,0
A00797,2025-02-28,Automation,7,13,0
A00798,2025-02-28,Core,8,15,0
A00799,2025-02-28,Core,4,20,0
A00800,2025-02-28,Analytics,7,6,0
A00801,2025-02-28,Core,7,11,1
A00802,2025-02-28,Premium Support,7,10,0
A00803,2025-02-28,Premium Support,9,7,0
A00804,2025-02-28,Premium Support,3,15,0
A00805,2025-02-28,Automation,3,11,0
A00806,2025-02-28,Analytics,9,0,0
A00807,2025-02-28,Automation,8,2,0
A00808,2025-02-28,Automation,10,17,1
A00809,2025-02-28,Analytics,7,15,0
A00810,2025-02-28,Premium Support,5,23,1
A00811,2025-02-28,Premium Support,6,2,0
A00812,2025-02-28,Analytics,1,9,1
A00813,2025-02-28,API,8,10,0
A00814,2025-02-28,Premium Support,4,19,0
A00815,2025-02-28,Analytics,4,12,0
A00816,2025-02-28,Premium Support,13,13,1
A00817,2025-02-28,Analytics,8,25,0
A00818,2025-02-28,Premium Support,11,0,1
A00819,2025-02-28,Analytics,4,25,1
A00820,2025-02-28,Automation,14,7,0
A00821,2025-02-28,API,6,1,1
A00822,2025-02-28,Analytics,8,14,0
A00823,2025-02-28,API,11,5,0
A00824,2025-02-28,Analytics,7,20,0
A00825,2025-02-28,Automation,8,21,0
A00826,2025-02-28,Premium Support,6,11,0
A00827,2025-02-28,API,9,21,0
A00828,2025-02-28,Analytics,4,5,0
A00829,2025-02-28,Automation,7,9,0
A00830,2025-02-28,API,8,1,1
A00831,2025-02-28,Premium Support,12,17,0
A00832,2025-02-28,Analytics,8,20,0
A00833,2025-02-28,API,10,21,3
A00834,2025-02-28,API,9,10,0
A00835,2025-02-28,Premium Support,11,23,0
A00836,2025-02-28,Core,7,18,1
A00837,2025-02-28,Automation,8,16,0
A00838,2025-02-28,Premium Support,7,6,0
A00839,2025-02-28,Analytics,8,23,0
A00840,2025-02-28,API,10,21,0
A00841,2025-02-28,Analytics,11,24,1
A00842,2025-02-28,API,8,9,0
A00843,2025-02-28,Premium Support,10,15,0
A00844,2025-02-28,Analytics,8,1,0
A00845,2025-02-28,Analytics,11,16,0
A00846,2025-02-28,API,6,14,0
A00847,2025-02-28,API,11,22,0
A00848,2025-02-28,Automation,5,20,1
A00849,2025-02-28,Core,4,27,0
A00850,2025-02-28,Premium Support,7,26,0
A00851,2025-02-28,Automation,8,4,0
A00852,2025-02-28,Premium Support,8,27,0
A00853,2025-02-28,API,11,0,0
A00854,2025-02-28,API,5,12,0
A00855,2025-02-28,Analytics,9,26,1
A00856,2025-02-28,Premium Support,9,17,0
A00857,2025-02-28,Core,11,27,0
A00858,2025-02-28,API,9,15,0
A00859,2025-02-28,Analytics,11,19,1
A00860,2025-02-28,Automation,6,14,0
A00861,2025-02-28,Premium Support,10,25,1
A00862,2025-02-28,Automation,5,3,0
A00863,2025-02-28,Core,10,10,0
A00864,2025-02-28,Analytics,8,18,0
A00865,2025-02-28,Core,7,13,4
A00866,2025-02-28,API,8,27,0
A00867,2025-02-28,Core,9,16,0
A00868,2025-02-28,Automation,5,3,1
A00869,2025-02-28,API,7,17,0
A00870,2025-02-28,Analytics,3,8,0
A00871,2025-02-28,Premium Support,6,13,0
A00872,2025-02-28,Automation,12,2,2
A00873,2025-02-28,Automation,4,24,0
A00874,2025-02-28,Analytics,14,11,1
A00875,2025-02-28,Analytics,6,22,0
A00876,2025-02-28,API,4,13,1
A00877,2025-02-28,Automation,4,26,0
A00878,2025-02-28,Premium Support,6,10,0
A00879,2025-02-28,Automation,9,2,0
A00880,2025-02-28,Core,6,13,0
A00881,2025-02-28,Premium Support,5,0,0
A00882,2025-02-28,Analytics,9,22,0
A00883,2025-02-28,Core,3,25,0
A00884,2025-02-28,API,11,5,1
A00885,2025-02-28,API,10,1,0
A00886,2025-02-28,Core,5,21,0
A00887,2025-02-28,Analytics,2,19,0
A00888,2025-02-28,Analytics,5,22,0
A00889,2025-02-28,API,6,15,1
A00890,2025-02-28,Automation,9,16,0
A00891,2025-02-28,Automation,11,7,1
A00892,2025-02-28,Core,12,8,1
A00893,2025-02-28,Core,6,17,0
A00894,2025-02-28,Automation,9,26,0
A00895,2025-02-28,Premium Support,3,8,0
A00896,2025-02-28,Core,3,10,0
A00897,2025-02-28,Analytics,8,16,0
A00898,2025-02-28,Core,9,1,0
A00899,2025-02-28,API,10,18,1
A00900,2025-02-28,Analytics,8,3,0
A00901,2025-02-28,Core,8,19,1
A00902,2025-02-28,Premium Support,16,24,0
A00903,2025-02-28,Automation,10,25,0
A00904,2025-02-28,API,3,4,1
A00905,2025-02-28,Automation,7,16,0
A00906,2025-02-28,Analytics,8,12,0
A00907,2025-02-28,Premium Support,9,13,0
A00908,2025-02-28,API,6,19,0
A00909,2025-02-28,Analytics,7,27,0
A00910,2025-02-28,API,6,16,0
A00911,2025-02-28,API,9,15,0
A00912,2025-02-28,Automation,9,18,0
A00913,2025-02-28,Premium Support,10,14,0
A00914,2025-02-28,Analytics,6,9,1
A00915,2025-02-28,Automation,8,23,0
A00916,2025-02-28,Core,8,18,0
A00917,2025-02-28,Analytics,8,15,0
A00918,2025-02-28,API,7,0,0
A00919,2025-02-28,API,8,7,1
A00920,2025-02-28,Automation,8,7,0
A00921,2025-02-28,Core,6,18,0
A00922,2025-02-28,Premium Support,6,3,1
A00923,2025-02-28,API,6,10,0
A00924,2025-02-28,API,12,12,0
A00925,2025-02-28,Automation,8,20,0
A00926,2025-02-28,Automation,12,4,0
A00927,2025-02-28,API,7,16,0
A00928,2025-02-28,API,11,15,1
A00929,2025-02-28,Analytics,14,20,0
A00930,2025-02-28,API,8,5,0
A00931,2025-02-28,Analytics,11,16,0
A00932,2025-02-28,Automation,9,11,1
A00933,2025-02-28,API,6,7,0
A00934,2025-02-28,Analytics,11,2,0
A00935,2025-02-28,API,6,10,0
A00936,2025-02-28,Premium Support,9,12,0
A00937,2025-02-28,API,12,1,1
A00938,2025-02-28,Analytics,7,22,0
A00939,2025-02-28,API,9,19,0
A00940,2025-02-28,Automation,9,8,0
A00941,2025-02-28,Core,11,1,0
A00942,2025-02-28,API,7,19,0
A00943,2025-02-28,Core,6,0,0
A00944,2025-02-28,Premium Support,8,11,1
A00945,2025-02-28,Automation,13,5,0
A00946,2025-02-28,Core,13,6,1
A00947,2025-02-28,API,12,21,0
A00948,2025-02-28,Premium Support,12,8,0
A00949,2025-02-28,Premium Support,6,6,0
A00950,2025-02-28,Core,7,8,1
A00951,2025-02-28,Analytics,4,4,1
A00952,2025-02-28,Core,5,20,1
A00953,2025-02-28,Analytics,10,13,0
A00954,2025-02-28,Premium Support,4,5,0
A00955,2025-02-28,Automation,7,8,1
A00956,2025-02-28,Analytics,10,27,0
A00957,2025-02-28,Analytics,10,16,0
A00958,2025-02-28,Automation,9,19,0
A00959,2025-02-28,API,5,23,0
A00960,2025-02-28,API,6,11,0
A00961,2025-02-28,API,4,9,0
A00962,2025-02-28,Premium Support,8,27,0
A00963,2025-02-28,API,4,15,0
A00964,2025-02-28,Automation,13,6,0
A00965,2025-02-28,Premium Support,7,24,0
A00966,2025-02-28,Analytics,7,21,0
A00967,2025-02-28,Automation,4,11,1
A00968,2025-02-28,Premium Support,6,7,0
A00969,2025-02-28,Analytics,7,18,0
A00970,2025-02-28,Analytics,7,15,0
A00971,2025-02-28,Core,11,6,1
A00972,2025-02-28,Automation,8,1,0
A00973,2025-02-28,Automation,5,22,0
A00974,2025-02-28,Automation,6,23,0
A00975,2025-02-28,Analytics,6,25,0
A00976,2025-02-28,Automation,6,10,0
A00977,2025-02-28,Core,4,19,0
A00978,2025-02-28,Automation,4,16,2
A00979,2025-02-28,API,6,7,0
A00980,2025-02-28,Premium Support,9,25,1
A00981,2025-02-28,Premium Support,6,9,1
A00982,2025-02-28,API,12,0,0
A00983,2025-02-28,Automation,9,4,0
A00984,2025-02-28,Premium Support,8,27,0
A00985,2025-02-28,Analytics,8,1,0
A00986,2025-02-28,Core,9,14,0
A00987,2025-02-28,API,8,13,0
A00988,2025-02-28,Analytics,7,21,0
A00989,2025-02-28,Automation,8,22,0
A00990,2025-02-28,Automation,7,13,1
A00991,2025-02-28,API,9,17,0
A00992,2025-02-28,Analytics,13,22,0
A00993,2025-02-28,API,10,22,0
A00994,2025-02-28,API,9,24,1
A00995,2025-02-28,Core,7,19,1
A00996,2025-02-28,Automation,9,10,0
A00997,2025-02-28,Analytics,3,15,0
A00998,2025-02-28,API,8,20,2
A00999,2025-02-28,Premium Support,6,8,0
A01000,2025-02-28,Core,10,27,0
A01001,2025-02-28,API,6,12,0
A01002,2025-02-28,Core,3,21,0
A01003,2025-02-28,API,4,14,2
A01004,2025-02-28,Analytics,13,26,0
A01005,2025-02-28,Premium Support,8,18,0
A01006,2025-02-28,Analytics,11,20,2
A01007,2025-02-28,Automation,8,21,1
A01008,2025-02-28,Core,4,9,0
A01009,2025-02-28,API,5,9,1
A01010,2025-02-28,Premium Support,8,23,1
A01011,2025-02-28,Automation,6,12,0
A01012,2025-02-28,Analytics,8,18,0
A01013,2025-02-28,Premium Support,5,14,1
A01014,2025-02-28,Premium Support,7,0,0
A01015,2025-02-28,API,11,13,0
A01016,2025-02-28,Premium Support,9,4,0
A01017,2025-02-28,Core,7,2,0
A01018,2025-02-28,Analytics,7,7,0
A01019,2025-02-28,Premium Support,11,8,0
A01020,2025-02-28,Premium Support,9,20,1
A01021,2025-02-28,Premium Support,6,7,2
A01022,2025-02-28,Core,10,22,1
A01023,2025-02-28,Analytics,8,5,0
A01024,2025-02-28,Automation,4,23,0
A01025,2025-02-28,Core,15,14,0
A01026,2025-02-28,Premium Support,10,1,0
A01027,2025-02-28,Premium Support,7,3,0
A01028,2025-02-28,Premium Support,7,2,2
A01029,2025-02-28,Premium Support,6,11,0
A01030,2025-02-28,Analytics,9,8,2
A01031,2025-02-28,Premium Support,7,1,0
A01032,2025-02-28,Analytics,4,19,1
A01033,2025-02-28,Core,10,23,0
A01034,2025-02-28,Analytics,6,23,0
A01035,2025-02-28,Automation,11,4,0
A01036,2025-02-28,Premium Support,8,24,0
A01037,2025-02-28,Automation,6,11,0
A01038,2025-02-28,Analytics,11,5,0
A01039,2025-02-28,Automation,9,3,1
A01040,2025-02-28,API,5,21,1
A01041,2025-02-28,API,10,7,0
A01042,2025-02-28,Analytics,14,17,1
A01043,2025-02-28,Core,9,15,0
A01044,2025-02-28,Analytics,7,25,0
A01045,2025-02-28,Premium Support,2,20,0
A01046,2025-02-28,API,10,21,1
A01047,2025-02-28,Core,7,13,0
A01048,2025-02-28,Analytics,6,14,0
A01049,2025-02-28,API,15,4,0
A01050,2025-02-28,API,6,21,1
A01051,2025-02-28,Automation,2,21,0
A01052,2025-02-28,API,8,8,0
A01053,2025-02-28,Core,6,3,0
A01054,2025-02-28,API,6,22,0
A01055,2025-02-28,Core,7,21,0
A01056,2025-02-28,API,6,21,0
A01057,2025-02-28,API,11,0,0
A01058,2025-02-28,Analytics,6,23,0
A01059,2025-02-28,Automation,5,10,0
A01060,2025-02-28,Automation,5,6,0
A01061,2025-02-28,Analytics,11,14,0
A01062,2025-02-28,API,9,23,0
A01063,2025-02-28,API,6,22,1
A01064,2025-02-28,API,10,4,0
A01065,2025-02-28,API,9,27,0
A01066,2025-02-28,Analytics,5,21,0
A01067,2025-02-28,Core,7,26,0
A01068,2025-02-28,Core,9,26,0
A01069,2025-02-28,Core,11,14,0
A01070,2025-02-28,Premium Support,11,1,0
A01071,2025-02-28,Core,6,2,0
A01072,2025-02-28,Premium Support,8,17,0
A01073,2025-02-28,Premium Support,7,2,2
A01074,2025-02-28,Analytics,5,18,0
A01075,2025-02-28,API,6,2,0
A01076,2025-02-28,Analytics,4,22,1
A01077,2025-02-28,Analytics,5,7,0
A01078,2025-02-28,Analytics,8,2,1
A01079,2025-02-28,Analytics,7,9,1
A01080,2025-02-28,Automation,8,25,0
A01081,2025-02-28,API,7,15,0
A01082,2025-02-28,Core,7,27,1
A01083,2025-02-28,Analytics,5,7,0
A01084,2025-02-28,Premium Support,3,18,1
A01085,2025-02-28,Premium Support,5,5,0
A01086,2025-02-28,Core,4,12,0
A01087,2025-02-28,API,4,10,0
A01088,2025-02-28,Premium Support,7,17,0
A01089,2025-02-28,Core,8,18,1
A01090,2025-02-28,Core,10,1,0
A01091,2025-02-28,Analytics,12,19,0
A01092,2025-02-28,Analytics,8,21,0
A01093,2025-02-28,Premium Support,8,10,0
A01094,2025-02-28,Analytics,14,1,0
A01095,2025-02-28,Analytics,6,11,2
A01096,2025-02-28,Analytics,7,9,0
A01097,2025-02-28,Analytics,10,22,0
A01098,2025-02-28,Premium Support,7,3,0
A01099,2025-02-28,Core,10,8,0
A01100,2025-02-28,API,8,20,1
A01101,2025-02-28,Automation,3,26,0
A01102,2025-02-28,Core,9,16,0
A01103,2025-02-28,Core,12,0,0
A01104,2025-02-28,Premium Support,12,19,0
A01105,2025-02-28,Analytics,2,0,0
A01106,2025-02-28,Analytics,5,1,3
A01107,2025-02-28,Analytics,9,18,0
A01108,2025-02-28,Core,5,10,0
A01109,2025-02-28,Core,11,0,1
A01110,2025-02-28,Core,11,11,0
A01111,2025-02-28,API,8,10,0
A01112,2025-02-28,API,10,16,1
A01113,2025-02-28,Analytics,12,26,1
A01114,2025-02-28,Premium Support,6,2,0
A01115,2025-02-28,Analytics,6,18,1
A01116,2025-02-28,Core,8,18,0
A01117,2025-02-28,Core,5,27,0
A01118,2025-02-28,Automation,14,11,0
A01119,2025-02-28,API,7,4,0
A01120,2025-02-28,Analytics,11,25,0
A01121,2025-02-28,Analytics,10,1,1
A01122,2025-02-28,Analytics,4,12,0
A01123,2025-02-28,API,4,18,0
A01124,2025-02-28,Automation,13,2,0
A01125,2025-02-28,Automation,9,8,0
A01126,2025-02-28,Automation,7,2,0
A01127,2025-02-28,Core,7,23,1
A01128,2025-02-28,API,5,7,0
A01129,2025-02-28,Automation,9,16,1
A01130,2025-02-28,Analytics,6,6,0
A01131,2025-02-28,API,11,19,1
A01132,2025-02-28,Core,7,22,1
A01133,2025-02-28,Premium Support,12,1,1
A01134,2025-02-28,Automation,3,20,0
A01135,2025-02-28,Automation,10,18,0
A01136,2025-02-28,API,4,2,1
A01137,2025-02-28,Automation,10,7,0
A01138,2025-02-28,API,9,23,1
A01139,2025-02-28,Premium Support,5,12,0
A01140,2025-02-28,Analytics,5,2,0
A01141,2025-02-28,Premium Support,6,17,1
A01142,2025-02-28,Automation,5,21,1
A01143,2025-02-28,Premium Support,10,12,0
A01144,2025-02-28,Core,6,3,0
A01145,2025-02-28,API,13,3,1
A01146,2025-02-28,Automation,6,10,1
A01147,2025-02-28,Automation,9,13,0
A01148,2025-02-28,Automation,9,21,1
A01149,2025-02-28,Automation,6,19,0
A01150,2025-02-28,Analytics,7,7,1
A01151,2025-02-28,Premium Support,8,19,0
A01152,2025-02-28,API,4,3,0
A01153,2025-02-28,Premium Support,12,5,0
A01154,2025-02-28,API,6,22,1
A01155,2025-02-28,API,4,25,0
A01156,2025-02-28,API,14,19,2
A01157,2025-02-28,Premium Support,9,12,0
A01158,2025-02-28,Premium Support,5,24,0
A01159,2025-02-28,API,15,9,1
A01160,2025-02-28,API,14,17,0
A01161,2025-02-28,Core,7,19,0
A01162,2025-02-28,Core,7,2,2
A01163,2025-02-28,Automation,7,26,0
A01164,2025-02-28,Analytics,9,17,0
A01165,2025-02-28,API,4,6,0
A01166,2025-02-28,Automation,6,23,0
A01167,2025-02-28,Analytics,10,10,1
A01168,2025-02-28,Analytics,7,2,0
A01169,2025-02-28,Core,5,18,1
A01170,2025-02-28,Automation,11,3,0
A01171,2025-02-28,API,12,16,2
A01172,2025-02-28,Core,7,18,0
A01173,2025-02-28,API,5,4,1
A01174,2025-02-28,Core,9,22,0
A01175,2025-02-28,Automation,5,12,0
A01176,2025-02-28,Analytics,9,9,1
A01177,2025-02-28,Analytics,8,2,0
A01178,2025-02-28,Premium Support,9,20,1
A01179,2025-02-28,Automation,7,4,0
A01180,2025-02-28,Automation,10,4,1
A01181,2025-02-28,Automation,10,7,0
A01182,2025-02-28,API,12,12,1
A01183,2025-02-28,Core,8,24,0
A01184,2025-02-28,Analytics,8,20,0
A01185,2025-02-28,Premium Support,11,20,0
A01186,2025-02-28,Premium Support,7,5,0
A01187,2025-02-28,Automation,12,18,0
A01188,2025-02-28,Premium Support,7,9,0
A01189,2025-02-28,Premium Support,5,13,0
A01190,2025-02-28,Analytics,9,17,1
A01191,2025-02-28,Automation,10,4,0
A01192,2025-02-28,Automation,11,9,0
A01193,2025-02-28,Core,9,11,1
A01194,2025-02-28,Premium Support,7,24,0
A01195,2025-02-28,API,7,27,0
A01196,2025-02-28,Analytics,7,26,1
A01197,2025-02-28,API,7,14,0
A01198,2025-02-28,Analytics,10,17,0
A01199,2025-02-28,Analytics,3,20,0
A01200,2025-02-28,API,6,21,0
A01201,2025-02-28,Premium Support,8,18,0
A01202,2025-02-28,API,5,25,0
A01203,2025-02-28,Analytics,9,10,0
A01204,2025-02-28,Automation,8,19,1
A01205,2025-02-28,Analytics,10,17,0
A01206,2025-02-28,API,6,21,0
A01207,2025-02-28,Analytics,6,26,2
A01208,2025-02-28,Analytics,4,2,1
A01209,2025-02-28,Analytics,4,23,0
A01210,2025-02-28,Analytics,8,23,0
A01211,2025-02-28,Premium Support,2,24,0
A01212,2025-02-28,Automation,10,7,1
A01213,2025-02-28,Automation,7,16,0
A01214,2025-02-28,Core,7,1,0
A01215,2025-02-28,Core,7,1,1
A01216,2025-02-28,Analytics,6,16,1
A01217,2025-02-28,Premium Support,7,27,2
A01218,2025-02-28,Core,9,6,0
A01219,2025-02-28,Automation,8,22,0
A01220,2025-02-28,Premium Support,7,2,0
A01221,2025-02-28,Analytics,11,1,1
A01222,2025-02-28,Core,7,17,0
A01223,2025-02-28,Core,8,7,0
A01224,2025-02-28,Core,10,2,1
A01225,2025-02-28,Premium Support,8,25,1
A01226,2025-02-28,Automation,8,24,0
A01227,2025-02-28,Automation,7,0,0
A01228,2025-02-28,Core,7,27,0
A01229,2025-02-28,Premium Support,4,0,0
A01230,2025-02-28,Automation,11,20,0
A01231,2025-02-28,Premium Support,7,21,0
A01232,2025-02-28,Analytics,2,8,0
A01233,2025-02-28,Core,8,3,0
A01234,2025-02-28,Premium Support,8,15,1
A01235,2025-02-28,Core,10,24,1
A01236,2025-02-28,Core,8,0,0
A01237,2025-02-28,Core,9,23,0
A01238,2025-02-28,Core,6,17,0
A01239,2025-02-28,API,6,27,0
A01240,2025-02-28,Analytics,9,7,1
A01241,2025-02-28,Premium Support,8,18,0
A01242,2025-02-28,Premium Support,10,12,1
A01243,2025-02-28,Core,5,17,0
A01244,2025-02-28,Premium Support,6,5,0
A01245,2025-02-28,Core,7,13,0
A01246,2025-02-28,Analytics,14,27,1
A01247,2025-02-28,Automation,12,23,0
A01248,2025-02-28,Analytics,10,5,0
A01249,2025-02-28,Core,10,1,0
A01250,2025-02-28,Core,8,11,0
A01251,2025-02-28,Automation,8,6,0
A01252,2025-02-28,Analytics,12,7,2
A01253,2025-02-28,Analytics,9,5,1
A01254,2025-02-28,Analytics,12,15,0
A01255,2025-02-28,Premium Support,7,2,0
A01256,2025-02-28,Premium Support,11,25,1
A01257,2025-02-28,Premium Support,11,0,0
A01258,2025-02-28,Core,6,4,0
A01259,2025-02-28,Analytics,9,15,1
A01260,2025-02-28,Premium Support,6,3,0
A01261,2025-02-28,API,8,14,1
A01262,2025-02-28,Core,6,2,1
A01263,2025-02-28,Analytics,4,24,1
A01264,2025-02-28,Premium Support,5,16,0
A01265,2025-02-28,Premium Support,5,8,0
A01266,2025-02-28,API,9,16,0
A01267,2025-02-28,Core,8,15,0
A01268,2025-02-28,Core,10,22,0
A01269,2025-02-28,Analytics,12,20,0
A01270,2025-02-28,Automation,4,23,0
A01271,2025-02-28,Premium Support,10,24,0
A01272,2025-02-28,Analytics,14,2,0
A01273,2025-02-28,Premium Support,8,21,0
A01274,2025-02-28,Premium Support,5,25,0
A01275,2025-02-28,Premium Support,13,5,1
A01276,2025-02-28,Automation,13,23,1
A01277,2025-02-28,API,6,17,1
A01278,2025-02-28,Premium Support,10,18,0
A01279,2025-02-28,Automation,8,19,1
A01280,2025-02-28,Premium Support,10,9,1
A01281,2025-02-28,API,5,25,0
A01282,2025-02-28,Analytics,8,20,0
A01283,2025-02-28,API,8,12,0
A01284,2025-02-28,API,12,17,1
A01285,2025-02-28,Analytics,5,26,0
A01286,2025-02-28,Automation,7,9,0
A01287,2025-02-28,Automation,12,25,2
A01288,2025-02-28,Analytics,6,0,0
A01289,2025-02-28,Analytics,11,22,0
A01290,2025-02-28,API,3,16,0
A01291,2025-02-28,Analytics,8,19,1
A01292,2025-02-28,Analytics,6,16,0
A01293,2025-02-28,Analytics,10,13,0
A01294,2025-02-28,Automation,4,4,0
A01295,2025-02-28,API,7,6,0
A01296,2025-02-28,Analytics,10,25,2
A01297,2025-02-28,Core,7,11,0
A01298,2025-02-28,Core,5,4,0
A01299,2025-02-28,Automation,8,3,1
A01300,2025-02-28,Premium Support,11,8,0
A01301,2025-02-28,Analytics,9,20,0
A01302,2025-02-28,Premium Support,8,10,1
A01303,2025-02-28,Automation,11,12,0
A01304,2025-02-28,Analytics,8,19,0
A01305,2025-02-28,API,6,16,0
A01306,2025-02-28,Core,9,2,0
A01307,2025-02-28,Analytics,11,10,0
A01308,2025-02-28,Automation,8,19,0
A01309,2025-02-28,Premium Support,10,19,0
A01310,2025-02-28,Analytics,11,11,0
A01311,2025-02-28,Premium Support,6,6,0
A01312,2025-02-28,Automation,11,5,0
A01313,2025-02-28,Analytics,7,2,0
A01314,2025-02-28,Automation,6,3,0
A01315,2025-02-28,Premium Support,11,27,1
A01316,2025-02-28,Analytics,9,11,0
A01317,2025-02-28,Core,8,8,1
A01318,2025-02-28,Analytics,8,12,0
A01319,2025-02-28,Automation,8,14,0
A01320,2025-02-28,Core,9,3,0
A01321,2025-02-28,Analytics,10,25,0
A01322,2025-02-28,Analytics,9,13,0
A01323,2025-02-28,Core,10,15,0
A01324,2025-02-28,API,7,14,0
A01325,2025-02-28,Premium Support,7,26,1
A01326,2025-02-28,Core,9,27,0
A01327,2025-02-28,Premium Support,7,3,0
A01328,2025-02-28,Premium Support,11,19,0
A01329,2025-02-28,Premium Support,6,4,0
A01330,2025-02-28,Automation,8,0,0
A01331,2025-02-28,API,9,15,0
A01332,2025-02-28,Analytics,9,13,0
A01333,2025-02-28,Premium Support,16,13,1
A01334,2025-02-28,API,11,0,0
A01335,2025-02-28,API,8,18,0
A01336,2025-02-28,Analytics,4,14,0
A01337,2025-02-28,Analytics,5,1,0
A01338,2025-02-28,Analytics,9,9,0
A01339,2025-02-28,Automation,10,3,0
A01340,2025-02-28,API,8,25,2
A01341,2025-02-28,Analytics,5,20,1
A01342,2025-02-28,Core,11,13,1
A01343,2025-02-28,API,8,2,0
A01344,2025-02-28,Analytics,7,23,0
A01345,2025-02-28,Analytics,6,9,0
A01346,2025-02-28,Core,5,16,0
A01347,2025-02-28,Premium Support,11,20,0
A01348,2025-02-28,Core,10,11,0
A01349,2025-02-28,Core,11,27,0
A01350,2025-02-28,Automation,10,6,0
A01351,2025-02-28,Analytics,9,9,0
A01352,2025-02-28,Premium Support,12,5,0
A01353,2025-02-28,API,5,9,0
A01354,2025-02-28,Automation,5,22,0
A01355,2025-02-28,Premium Support,9,13,0
A01356,2025-02-28,Premium Support,5,24,0
A01357,2025-02-28,Premium Support,6,24,0
A01358,2025-02-28,API,12,9,1
A01359,2025-02-28,Premium Support,5,22,1
A01360,2025-02-28,Analytics,15,13,0
A01361,2025-02-28,Premium Support,10,11,0
A01362,2025-02-28,Premium Support,8,8,0
A01363,2025-02-28,Analytics,9,1,1
A01364,2025-02-28,Core,7,12,0
A01365,2025-02-28,Automation,13,18,0
A01366,2025-02-28,Core,11,24,0
A01367,2025-02-28,Core,10,11,0
A01368,2025-02-28,Premium Support,12,3,0
A01369,2025-02-28,API,8,13,1
A01370,2025-02-28,Automation,12,8,0
A01371,2025-02-28,Premium Support,8,25,3
A01372,2025-02-28,Premium Support,7,19,1
A01373,2025-02-28,Premium Support,6,25,1
A01374,2025-02-28,Core,7,8,0
A01375,2025-02-28,Analytics,8,12,0
A01376,2025-02-28,Automation,6,2,1
A01377,2025-02-28,Core,15,3,2
A01378,2025-02-28,Analytics,8,10,0
A01379,2025-02-28,API,9,11,0
A01380,2025-02-28,Analytics,11,18,1
A01381,2025-02-28,Core,9,6,0
A01382,2025-02-28,Premium Support,4,27,0
A01383,2025-02-28,API,4,21,0
A01384,2025-02-28,API,10,24,0
A01385,2025-02-28,Automation,8,8,0
A01386,2025-02-28,Automation,8,15,0
A01387,2025-02-28,API,3,14,0
A01388,2025-02-28,Premium Support,6,21,0
A01389,2025-02-28,Analytics,9,23,0
A01390,2025-02-28,Premium Support,8,15,1
A01391,2025-02-28,Premium Support,7,27,0
A01392,2025-02-28,Core,10,13,0
A01393,2025-02-28,Automation,13,7,0
A01394,2025-02-28,Core,6,4,0
A01395,2025-02-28,API,3,10,2
A01396,2025-02-28,Premium Support,8,8,0
A01397,2025-02-28,Core,10,5,0
A01398,2025-02-28,API,7,12,3
A01399,2025-02-28,Automation,4,7,1
A01400,2025-02-28,API,13,27,0
A01401,2025-02-28,Core,6,8,0
A01402,2025-02-28,Core,7,17,0
A01403,2025-02-28,API,7,21,0
A01404,2025-02-28,Core,9,26,0
A01405,2025-02-28,Core,5,19,0
A01406,2025-02-28,Premium Support,8,7,0
A01407,2025-02-28,API,3,15,0
A01408,2025-02-28,API,6,1,0
A01409,2025-02-28,Core,17,7,0
A01410,2025-02-28,Automation,10,27,0
A01411,2025-02-28,API,4,0,0
A01412,2025-02-28,Analytics,4,9,1
A01413,2025-02-28,Automation,11,1,3
A01414,2025-02-28,Analytics,7,14,1
A01415,2025-02-28,API,10,21,1
A01416,2025-02-28,API,8,1,0
A01417,2025-02-28,Analytics,4,3,0
A01418,2025-02-28,Premium Support,4,24,1
A01419,2025-02-28,Automation,14,7,0
A01420,2025-02-28,Analytics,7,0,0
A01421,2025-02-28,Core,9,2,2
A01422,2025-02-28,Analytics,7,25,0
A01423,2025-02-28,API,13,25,0
A01424,2025-02-28,API,8,4,0
A01425,2025-02-28,API,10,7,0
A01426,2025-02-28,Core,12,5,0
A01427,2025-02-28,Automation,6,13,0
A01428,2025-02-28,Analytics,6,23,1
A01429,2025-02-28,Analytics,4,21,0
A01430,2025-02-28,API,8,10,0
A01431,2025-02-28,Premium Support,5,19,0
A01432,2025-02-28,Core,6,7,0
A01433,2025-02-28,Premium Support,13,25,0
A01434,2025-02-28,Automation,11,16,0
A01435,2025-02-28,API,10,25,0
A01436,2025-02-28,Core,9,7,0
A01437,2025-02-28,Automation,9,26,0
A01438,2025-02-28,Automation,3,8,0
A01439,2025-02-28,API,10,19,0
A01440,2025-02-28,Premium Support,11,1,0
A01441,2025-02-28,Premium Support,10,6,0
A01442,2025-02-28,Premium Support,9,15,0
A01443,2025-02-28,Analytics,10,14,0
A01444,2025-02-28,Automation,8,3,0
A01445,2025-02-28,Core,6,0,0
A01446,2025-02-28,API,13,23,1
A01447,2025-02-28,Core,8,6,0
A01448,2025-02-28,Analytics,6,21,0
A01449,2025-02-28,Automation,6,4,0
A01450,2025-02-28,API,14,7,0
A01451,2025-02-28,Premium Support,6,0,0
A01452,2025-02-28,Core,5,14,1
A01453,2025-02-28,Premium Support,9,14,1
A01454,2025-02-28,Automation,12,16,0
A01455,2025-02-28,API,9,20,0
A01456,2025-02-28,Core,8,18,0
A01457,2025-02-28,Core,8,5,0
A01458,2025-02-28,API,7,11,1
A01459,2025-02-28,API,6,2,2
A01460,2025-02-28,API,7,18,1
A01461,2025-02-28,Analytics,10,11,1
A01462,2025-02-28,Automation,7,4,0
A01463,2025-02-28,Automation,7,24,0
A01464,2025-02-28,Analytics,7,13,2
A01465,2025-02-28,Analytics,8,1,0
A01466,2025-02-28,API,9,2,0
A01467,2025-02-28,Automation,3,8,1
A01468,2025-02-28,API,5,26,0
A01469,2025-02-28,Core,3,2,0
A01470,2025-02-28,Premium Support,10,11,2
A01471,2025-02-28,Analytics,12,11,0
A01472,2025-02-28,Automation,12,17,1
A01473,2025-02-28,Core,6,16,0
A01474,2025-02-28,Analytics,4,13,1
A01475,2025-02-28,API,2,22,1
A01476,2025-02-28,Premium Support,4,0,0
A01477,2025-02-28,API,8,11,1
A01478,2025-02-28,Core,8,1,2
A01479,2025-02-28,Premium Support,10,8,0
A01480,2025-02-28,Analytics,9,7,1
A01481,2025-02-28,Analytics,4,24,1
A01482,2025-02-28,Core,7,18,0
A01483,2025-02-28,Automation,11,6,0
A01484,2025-02-28,API,19,17,0
A01485,2025-02-28,Analytics,6,23,0
A01486,2025-02-28,Automation,7,5,1
A01487,2025-02-28,Core,10,15,0
A01488,2025-02-28,API,8,13,0
A01489,2025-02-28,Automation,11,25,0
A01490,2025-02-28,Premium Support,7,10,0
A01491,2025-02-28,Automation,8,19,1
A01492,2025-02-28,API,10,15,1
A01493,2025-02-28,Core,6,9,0
A01494,2025-02-28,Analytics,6,9,0
A01495,2025-02-28,API,13,24,0
A01496,2025-02-28,API,9,25,0
A01497,2025-02-28,API,8,7,0
A01498,2025-02-28,Automation,8,13,0
A01499,2025-02-28,Premium Support,6,3,0
A01500,2025-02-28,API,6,11,0
A01501,2025-02-28,Core,8,24,0
A01502,2025-02-28,API,8,19,1
A01503,2025-02-28,Analytics,7,13,1
A01504,2025-02-28,API,7,21,0
A01505,2025-02-28,API,8,15,0
A01506,2025-02-28,API,8,12,0
A01507,2025-02-28,API,10,0,0
A01508,2025-02-28,Analytics,4,3,0
A01509,2025-02-28,Core,4,15,0
A01510,2025-02-28,Premium Support,7,2,0
A01511,2025-02-28,API,12,0,0
A01512,2025-02-28,Analytics,8,9,0
A01513,2025-02-28,Premium Support,9,15,1
A01514,2025-02-28,Core,10,20,0
A01515,2025-02-28,Analytics,15,27,0
A01516,2025-02-28,Automation,4,18,0
A01517,2025-02-28,API,10,27,0
A01518,2025-02-28,Premium Support,10,8,0
A01519,2025-02-28,Analytics,10,18,2
A01520,2025-02-28,Automation,12,0,0
A01521,2025-02-28,API,7,3,0
A01522,2025-02-28,API,10,17,0
A01523,2025-02-28,API,7,8,1
A01524,2025-02-28,Premium Support,12,15,0
A01525,2025-02-28,Automation,8,26,0
A01526,2025-02-28,Analytics,4,21,1
A01527,2025-02-28,API,12,9,0
A01528,2025-02-28,API,11,19,0
A01529,2025-02-28,Automation,9,25,0
A01530,2025-02-28,API,7,6,0
A01531,2025-02-28,API,3,15,1
A01532,2025-02-28,API,10,20,0
A01533,2025-02-28,Analytics,6,18,0
A01534,2025-02-28,API,4,13,0
A01535,2025-02-28,Premium Support,9,12,1
A01536,2025-02-28,Premium Support,12,16,0
A01537,2025-02-28,Core,6,13,0
A01538,2025-02-28,Analytics,4,9,0
A01539,2025-02-28,Automation,8,24,0
A01540,2025-02-28,Core,6,22,2
A01541,2025-02-28,Automation,11,17,0
A01542,2025-02-28,API,5,5,0
A01543,2025-02-28,Core,10,14,1
A01544,2025-02-28,API,8,5,2
A01545,2025-02-28,API,9,4,0
A01546,2025-02-28,Automation,4,6,0
A01547,2025-02-28,Premium Support,6,4,1
A01548,2025-02-28,Premium Support,4,22,1
A01549,2025-02-28,API,15,14,0
A01550,2025-02-28,Automation,7,20,0
A01551,2025-02-28,Automation,4,27,0
A01552,2025-02-28,Premium Support,6,7,1
A01553,2025-02-28,Automation,8,5,1
A01554,2025-02-28,Analytics,9,4,0
A01555,2025-02-28,Analytics,7,0,0
A01556,2025-02-28,Analytics,8,0,0
A01557,2025-02-28,Core,11,16,0
A01558,2025-02-28,Analytics,5,19,1
A01559,2025-02-28,API,8,8,0
A01560,2025-02-28,Automation,6,15,0
A01561,2025-02-28,Analytics,6,5,1
A01562,2025-02-28,Core,8,19,0
A01563,2025-02-28,Core,6,19,0
A01564,2025-02-28,Core,10,19,0
A01565,2025-02-28,API,6,14,2
A01566,2025-02-28,API,7,23,0
A01567,2025-02-28,Analytics,8,2,1
A01568,2025-02-28,Analytics,9,11,0
A01569,2025-02-28,API,9,1,0
A01570,2025-02-28,Automation,8,23,0
A01571,2025-02-28,Core,5,2,0
A01572,2025-02-28,Premium Support,5,12,0
A01573,2025-02-28,Analytics,15,5,1
A01574,2025-02-28,Core,10,19,0
A01575,2025-02-28,Core,7,11,0
A01576,2025-02-28,API,10,15,0
A01577,2025-02-28,API,12,26,0
A01578,2025-02-28,Core,5,25,0
A01579,2025-02-28,API,7,11,1
A01580,2025-02-28,Analytics,9,10,0
A01581,2025-02-28,Premium Support,7,8,0
A01582,2025-02-28,Analytics,4,19,0
A01583,2025-02-28,Premium Support,7,27,0
A01584,2025-02-28,API,5,16,0
A01585,2025-02-28,Premium Support,11,15,0
A01586,2025-02-28,API,6,27,0
A01587,2025-02-28,Core,13,5,0
A01588,2025-02-28,Automation,9,2,0
A01589,2025-02-28,API,4,2,1
A01590,2025-02-28,Premium Support,4,16,1
A01591,2025-02-28,Analytics,9,25,0
A01592,2025-02-28,Core,12,6,0
A01593,2025-02-28,Core,6,20,0
A01594,2025-02-28,Automation,5,24,1
A01595,2025-02-28,Analytics,5,25,0
A01596,2025-02-28,Automation,9,22,1
A01597,2025-02-28,Core,10,10,0
A01598,2025-02-28,Core,8,18,0
A01599,2025-02-28,Automation,12,15,0
A01600,2025-02-28,Analytics,9,13,0
A01601,2025-02-28,API,10,19,0
A01602,2025-02-28,Core,10,19,1
A01603,2025-02-28,Core,9,22,0
A01604,2025-02-28,Core,12,15,0
A01605,2025-02-28,Analytics,11,18,0
A01606,2025-02-28,Analytics,5,8,0
A01607,2025-02-28,Analytics,7,13,0
A01608,2025-02-28,Analytics,7,22,0
A01609,2025-02-28,API,6,21,0
A01610,2025-02-28,Premium Support,5,14,0
A01611,2025-02-28,Core,5,15,0
A01612,2025-02-28,Premium Support,12,7,0
A01613,2025-02-28,API,9,10,1
A01614,2025-02-28,API,6,18,0
A01615,2025-02-28,Automation,9,3,0
A01616,2025-02-28,Automation,6,0,1
A01617,2025-02-28,Premium Support,8,16,0
A01618,2025-02-28,Premium Support,11,20,1
A01619,2025-02-28,Core,8,27,1
A01620,2025-02-28,API,12,13,0
A01621,2025-02-28,API,8,3,0
A01622,2025-02-28,API,12,17,0
A01623,2025-02-28,Premium Support,8,8,0
A01624,2025-02-28,Automation,2,4,0
A01625,2025-02-28,API,11,17,0
A01626,2025-02-28,Premium Support,7,20,2
A01627,2025-02-28,Automation,7,1,0
A01628,2025-02-28,Automation,12,20,1
A01629,2025-02-28,Automation,2,16,0
A01630,2025-02-28,Core,6,20,1
A01631,2025-02-28,Premium Support,6,17,0
A01632,2025-02-28,Automation,7,13,1
A01633,2025-02-28,Core,6,9,0
A01634,2025-02-28,Analytics,8,17,1
A01635,2025-02-28,Analytics,15,5,1
A01636,2025-02-28,Analytics,9,15,1
A01637,2025-02-28,Automation,7,21,0
A01638,2025-02-28,API,12,6,0
A01639,2025-02-28,Analytics,6,2,1
A01640,2025-02-28,Automation,15,0,0
A01641,2025-02-28,Analytics,4,15,1
A01642,2025-02-28,Core,10,11,1
A01643,2025-02-28,Premium Support,9,18,0
A01644,2025-02-28,Analytics,8,22,0
A01645,2025-02-28,Analytics,7,27,1
A01646,2025-02-28,Automation,12,9,0
A01647,2025-02-28,Automation,9,3,0
A01648,2025-02-28,Core,4,20,0
A01649,2025-02-28,Core,11,0,0
A01650,2025-02-28,Premium Support,10,17,0
A01651,2025-02-28,API,10,7,2
A01652,2025-02-28,API,5,9,0
A01653,2025-02-28,API,7,3,1
A01654,2025-02-28,API,13,0,0
A01655,2025-02-28,Automation,6,5,0
A01656,2025-02-28,Core,5,12,0
A01657,2025-02-28,Analytics,8,8,0
A01658,2025-02-28,Premium Support,12,10,0
A01659,2025-02-28,Core,9,3,1
A01660,2025-02-28,Premium Support,7,3,0
A01661,2025-02-28,API,12,20,0
A01662,2025-02-28,Core,6,22,0
A01663,2025-02-28,API,2,20,0
A01664,2025-02-28,Automation,9,26,0
A01665,2025-02-28,Analytics,5,20,0
A01666,2025-02-28,Automation,11,3,0
A01667,2025-02-28,Core,5,20,0
A01668,2025-02-28,Core,5,6,0
A01669,2025-02-28,Automation,12,21,0
A01670,2025-02-28,API,2,17,0
A01671,2025-02-28,Automation,6,23,1
A01672,2025-02-28,Premium Support,11,26,0
A01673,2025-02-28,Premium Support,6,19,1
A01674,2025-02-28,API,3,26,1
A01675,2025-02-28,API,7,15,0
A01676,2025-02-28,Premium Support,14,26,0
A01677,2025-02-28,Premium Support,9,2,1
A01678,2025-02-28,Core,2,12,0
A01679,2025-02-28,API,10,21,1
A01680,2025-02-28,Premium Support,10,27,0
A01681,2025-02-28,Core,16,24,0
A01682,2025-02-28,Premium Support,3,10,0
A01683,2025-02-28,Automation,5,17,0
A01684,2025-02-28,Core,11,2,0
A01685,2025-02-28,Automation,5,3,0
A01686,2025-02-28,API,9,19,0
A01687,2025-02-28,Analytics,6,8,0
A01688,2025-02-28,Automation,12,15,0
A01689,2025-02-28,Automation,13,5,0
A01690,2025-02-28,Premium Support,8,22,0
A01691,2025-02-28,API,15,2,0
A01692,2025-02-28,Core,6,17,0
A01693,2025-02-28,Premium Support,12,18,0
A01694,2025-02-28,Analytics,10,22,1
A01695,2025-02-28,Automation,9,7,0
A01696,2025-02-28,Automation,16,9,0
A01697,2025-02-28,Core,9,15,0
A01698,2025-02-28,API,8,8,0
A01699,2025-02-28,Core,9,20,0
A01700,2025-02-28,Automation,13,21,0
A00001,2025-03-31,Analytics,5,4,1
A00002,2025-03-31,Premium Support,8,1,0
A00003,2025-03-31,API,6,13,0
A00004,2025-03-31,Automation,11,9,0
A00005,2025-03-31,Premium Support,8,12,1
A00006,2025-03-31,Automation,6,9,0
A00007,2025-03-31,Analytics,5,17,0
A00008,2025-03-31,Automation,10,30,1
A00009,2025-03-31,Core,12,30,0
A00010,2025-03-31,Automation,13,7,0
A00011,2025-03-31,Core,4,26,0
A00012,2025-03-31,API,3,22,0
A00013,2025-03-31,Analytics,13,28,0
A00014,2025-03-31,Premium Support,7,28,0
A00015,2025-03-31,Automation,6,3,0
A00016,2025-03-31,Automation,6,24,1
A00017,2025-03-31,Automation,7,23,0
A00018,2025-03-31,Automation,8,30,0
A00019,2025-03-31,Core,5,23,0
A00020,2025-03-31,Core,8,5,0
A00021,2025-03-31,Premium Support,12,10,1
A00022,2025-03-31,API,9,21,1
A00023,2025-03-31,Automation,9,9,0
A00024,2025-03-31,Analytics,9,16,1
A00025,2025-03-31,Premium Support,8,18,0
A00026,2025-03-31,Core,6,26,0
A00027,2025-03-31,API,3,4,0
A00028,2025-03-31,Automation,9,23,0
A00029,2025-03-31,API,13,28,1
A00030,2025-03-31,Premium Support,5,24,1
A00031,2025-03-31,Core,11,0,1
A00032,2025-03-31,Automation,5,11,0
A00033,2025-03-31,Premium Support,12,16,0
A00034,2025-03-31,Core,8,20,0
A00035,2025-03-31,Automation,5,24,1
A00036,2025-03-31,Core,6,27,0
A00037,2025-03-31,Automation,9,25,1
A00038,2025-03-31,Analytics,8,6,0
A00039,2025-03-31,Premium Support,8,20,0
A00040,2025-03-31,Analytics,5,0,0
A00041,2025-03-31,Analytics,9,4,0
A00042,2025-03-31,Core,7,9,1
A00043,2025-03-31,Automation,6,19,0
A00044,2025-03-31,Core,9,26,0
A00045,2025-03-31,Automation,8,22,0
A00046,2025-03-31,Analytics,7,14,0
A00047,2025-03-31,Premium Support,5,2,3
A00048,2025-03-31,Core,8,7,0
A00049,2025-03-31,Automation,4,20,0
A00050,2025-03-31,Core,5,28,1
A00051,2025-03-31,Core,6,3,0
A00052,2025-03-31,Premium Support,7,1,0
A00053,2025-03-31,Premium Support,9,16,1
A00054,2025-03-31,Premium Support,5,25,0
A00055,2025-03-31,Core,11,6,0
A00056,2025-03-31,Premium Support,7,24,0
A00057,2025-03-31,API,10,30,0
A00058,2025-03-31,Analytics,5,16,1
A00059,2025-03-31,Analytics,8,21,0
A00060,2025-03-31,Core,10,8,1
A00061,2025-03-31,Automation,9,21,0
A00062,2025-03-31,API,10,13,0
A00063,2025-03-31,Core,12,24,0
A00064,2025-03-31,Automation,6,10,0
A00065,2025-03-31,API,6,17,0
A00066,2025-03-31,Automation,6,4,1
A00067,2025-03-31,Core,15,20,0
A00068,2025-03-31,Premium Support,10,18,0
A00069,2025-03-31,Analytics,4,11,2
A00070,2025-03-31,API,6,6,0
A00071,2025-03-31,Core,16,29,0
A00072,2025-03-31,Premium Support,8,30,0
A00073,2025-03-31,API,9,15,1
A00074,2025-03-31,Automation,5,17,0
A00075,2025-03-31,Automation,10,19,0
A00076,2025-03-31,Core,12,3,0
A00077,2025-03-31,Automation,5,7,1
A00078,2025-03-31,Analytics,9,19,0
A00079,2025-03-31,API,7,19,1
A00080,2025-03-31,API,8,11,1
A00081,2025-03-31,Automation,5,15,0
A00082,2025-03-31,Analytics,7,5,0
A00083,2025-03-31,Premium Support,7,22,1
A00084,2025-03-31,API,6,9,0
A00085,2025-03-31,Automation,5,30,0
A00086,2025-03-31,Automation,9,7,0
A00087,2025-03-31,API,6,1,0
A00088,2025-03-31,API,11,18,0
A00089,2025-03-31,Automation,10,4,0
A00090,2025-03-31,Premium Support,7,8,0
A00091,2025-03-31,Analytics,9,16,1
A00092,2025-03-31,Analytics,8,1,1
A00093,2025-03-31,Premium Support,8,7,0
A00094,2025-03-31,Premium Support,5,25,0
A00095,2025-03-31,Analytics,8,8,0
A00096,2025-03-31,Analytics,11,8,1
A00097,2025-03-31,Automation,6,13,0
A00098,2025-03-31,Premium Support,9,9,1
A00099,2025-03-31,Premium Support,7,29,0
A00100,2025-03-31,Analytics,13,13,0
A00101,2025-03-31,Analytics,10,6,0
A00102,2025-03-31,API,10,24,1
A00103,2025-03-31,Core,7,0,1
A00104,2025-03-31,Premium Support,6,19,0
A00105,2025-03-31,Analytics,9,14,0
A00106,2025-03-31,Analytics,11,2,0
A00107,2025-03-31,Premium Support,9,7,0
A00108,2025-03-31,Premium Support,10,14,0
A00109,2025-03-31,Premium Support,10,0,0
A00110,2025-03-31,API,8,23,1
A00111,2025-03-31,Automation,6,25,0
A00112,2025-03-31,API,5,1,0
A00113,2025-03-31,Core,12,11,0
A00114,2025-03-31,Automation,16,1,0
A00115,2025-03-31,Core,6,5,0
A00116,2025-03-31,Core,16,21,0
A00117,2025-03-31,Analytics,8,9,1
A00118,2025-03-31,Automation,5,15,0
A00119,2025-03-31,Automation,8,8,0
A00120,2025-03-31,Core,8,5,0
A00121,2025-03-31,Automation,11,26,1
A00122,2025-03-31,Automation,4,20,1
A00123,2025-03-31,API,7,26,0
A00124,2025-03-31,Automation,12,2,1
A00125,2025-03-31,API,10,6,1
A00126,2025-03-31,Core,8,13,0
A00127,2025-03-31,Core,5,30,0
A00128,2025-03-31,Core,13,25,0
A00129,2025-03-31,API,7,16,1
A00130,2025-03-31,Automation,9,5,0
A00131,2025-03-31,Core,4,29,0
A00132,2025-03-31,Core,8,18,0
A00133,2025-03-31,Automation,7,24,0
A00134,2025-03-31,Automation,14,11,0
A00135,2025-03-31,Premium Support,5,23,0
A00136,2025-03-31,Premium Support,10,27,0
A00137,2025-03-31,Premium Support,8,13,0
A00138,2025-03-31,Core,8,20,1
A00139,2025-03-31,Analytics,7,24,0
A00140,2025-03-31,API,8,11,0
A00141,2025-03-31,Automation,7,20,0
A00142,2025-03-31,Premium Support,5,15,0
A00143,2025-03-31,Premium Support,9,17,1
A00144,2025-03-31,Premium Support,9,16,0
A00145,2025-03-31,Core,7,6,0
A00146,2025-03-31,Core,8,30,0
A00147,2025-03-31,API,13,9,0
A00148,2025-03-31,Premium Support,8,23,0
A00149,2025-03-31,Analytics,6,24,0
A00150,2025-03-31,Analytics,11,22,0
A00151,2025-03-31,Analytics,8,6,0
A00152,2025-03-31,Automation,6,30,0
A00153,2025-03-31,Automation,5,19,1
A00154,2025-03-31,Analytics,11,4,2
A00155,2025-03-31,Core,6,18,1
A00156,2025-03-31,Analytics,6,14,1
A00157,2025-03-31,Analytics,6,21,0
A00158,2025-03-31,API,7,29,0
A00159,2025-03-31,Analytics,13,7,0
A00160,2025-03-31,Core,8,26,0
A00161,2025-03-31,Premium Support,10,26,0
A00162,2025-03-31,API,7,6,0
A00163,2025-03-31,Analytics,7,9,0
A00164,2025-03-31,Analytics,10,13,0
A00165,2025-03-31,Automation,9,8,0
A00166,2025-03-31,Premium Support,5,5,0
A00167,2025-03-31,API,12,22,0
A00168,2025-03-31,API,9,21,0
A00169,2025-03-31,Analytics,3,23,0
A00170,2025-03-31,Automation,11,19,1
A00171,2025-03-31,Automation,9,5,1
A00172,2025-03-31,Core,6,18,0
A00173,2025-03-31,API,6,16,0
A00174,2025-03-31,Premium Support,5,27,1
A00175,2025-03-31,Analytics,10,27,0
A00176,2025-03-31,API,8,3,0
A00177,2025-03-31,Automation,9,16,0
A00178,2025-03-31,Core,6,29,1
A00179,2025-03-31,API,9,21,0
A00180,2025-03-31,Automation,12,15,0
A00181,2025-03-31,API,11,20,0
A00182,2025-03-31,Analytics,3,0,0
A00183,2025-03-31,Premium Support,9,15,0
A00184,2025-03-31,Analytics,9,28,0
A00185,2025-03-31,API,8,13,0
A00186,2025-03-31,Analytics,8,28,1
A00187,2025-03-31,Premium Support,9,24,0
A00188,2025-03-31,API,9,29,1
A00189,2025-03-31,Analytics,12,4,0
A00190,2025-03-31,Analytics,7,25,2
A00191,2025-03-31,API,5,6,1
A00192,2025-03-31,Automation,4,8,2
A00193,2025-03-31,Automation,7,4,1
A00194,2025-03-31,Core,7,8,0
A00195,2025-03-31,Core,7,19,0
A00196,2025-03-31,Core,5,10,0
A00197,2025-03-31,Premium Support,10,0,0
A00198,2025-03-31,Core,11,6,0
A00199,2025-03-31,Core,7,4,1
A00200,2025-03-31,API,14,28,0
A00201,2025-03-31,Core,5,23,1
A00202,2025-03-31,Core,9,16,0
A00203,2025-03-31,Core,3,26,0
A00204,2025-03-31,Core,9,8,1
A00205,2025-03-31,API,6,28,0
A00206,2025-03-31,Analytics,12,23,0
A00207,2025-03-31,Analytics,6,7,1
A00208,2025-03-31,Premium Support,8,19,1
A00209,2025-03-31,Premium Support,7,29,0
A00210,2025-03-31,Core,6,11,1
A00211,2025-03-31,Premium Support,9,6,1
A00212,2025-03-31,Core,8,28,1
A00213,2025-03-31,API,9,9,0
A00214,2025-03-31,API,11,17,0
A00215,2025-03-31,Automation,14,2,1
A00216,2025-03-31,API,6,19,0
A00217,2025-03-31,Automation,8,30,0
A00218,2025-03-31,Core,3,1,0
A00219,2025-03-31,API,9,8,0
A00220,2025-03-31,Premium Support,9,19,1
A00221,2025-03-31,API,8,18,0
A00222,2025-03-31,Automation,6,12,0
A00223,2025-03-31,Core,7,9,0
A00224,2025-03-31,API,13,23,0
A00225,2025-03-31,Core,7,15,1
A00226,2025-03-31,API,4,1,0
A00227,2025-03-31,Analytics,6,4,0
A00228,2025-03-31,Automation,8,11,0
A00229,2025-03-31,Automation,5,20,0
A00230,2025-03-31,Core,6,2,0
A00231,2025-03-31,Analytics,7,30,0
A00232,2025-03-31,Premium Support,3,28,1
A00233,2025-03-31,Core,8,2,1
A00234,2025-03-31,Core,11,13,0
A00235,2025-03-31,Premium Support,10,11,0
A00236,2025-03-31,API,7,4,0
A00237,2025-03-31,Automation,12,15,0
A00238,2025-03-31,Analytics,9,23,0
A00239,2025-03-31,API,11,16,0
A00240,2025-03-31,Automation,9,27,1
A00241,2025-03-31,Analytics,10,19,0
A00242,2025-03-31,Premium Support,7,24,1
A00243,2025-03-31,Premium Support,10,26,0
A00244,2025-03-31,Automation,9,26,0
A00245,2025-03-31,Analytics,10,17,3
A00246,2025-03-31,Analytics,15,26,0
A00247,2025-03-31,Core,9,11,1
A00248,2025-03-31,Automation,10,30,0
A00249,2025-03-31,Premium Support,5,20,0
A00250,2025-03-31,Premium Support,8,11,0
A00251,2025-03-31,Premium Support,13,1,0
A00252,2025-03-31,Core,12,10,0
A00253,2025-03-31,Automation,9,14,2
A00254,2025-03-31,Analytics,9,3,0
A00255,2025-03-31,Core,7,17,0
A00256,2025-03-31,API,5,26,0
A00257,2025-03-31,Automation,17,9,0
A00258,2025-03-31,Automation,6,28,0
A00259,2025-03-31,API,6,12,2
A00260,2025-03-31,Core,9,8,1
A00261,2025-03-31,Core,4,25,1
A00262,2025-03-31,Core,8,19,0
A00263,2025-03-31,Automation,11,19,0
A00264,2025-03-31,API,3,7,0
A00265,2025-03-31,Analytics,9,18,0
A00266,2025-03-31,Automation,10,26,0
A00267,2025-03-31,Analytics,12,6,0
A00268,2025-03-31,Analytics,9,0,1
A00269,2025-03-31,Premium Support,16,23,0
A00270,2025-03-31,API,7,21,1
A00271,2025-03-31,Automation,9,6,0
A00272,2025-03-31,Premium Support,6,16,0
A00273,2025-03-31,Analytics,6,3,1
A00274,2025-03-31,Core,6,8,0
A00275,2025-03-31,Automation,9,5,0
A00276,2025-03-31,Analytics,8,28,0
A00277,2025-03-31,Premium Support,6,11,2
A00278,2025-03-31,Analytics,10,14,0
A00279,2025-03-31,Automation,9,7,1
A00280,2025-03-31,Automation,18,16,0
A00281,2025-03-31,Automation,5,17,0
A00282,2025-03-31,Automation,7,2,0
A00283,2025-03-31,Core,9,24,0
A00284,2025-03-31,Premium Support,7,12,0
A00285,2025-03-31,Analytics,8,14,0
A00286,2025-03-31,API,14,4,0
A00287,2025-03-31,Analytics,9,2,0
A00288,2025-03-31,Analytics,12,17,0
A00289,2025-03-31,Analytics,5,0,0
A00290,2025-03-31,API,8,17,1
A00291,2025-03-31,Premium Support,2,23,1
A00292,2025-03-31,Analytics,9,7,0
A00293,2025-03-31,Premium Support,9,8,0
A00294,2025-03-31,Automation,7,29,0
A00295,2025-03-31,Automation,6,14,1
A00296,2025-03-31,Premium Support,7,9,0
A00297,2025-03-31,Premium Support,9,27,1
A00298,2025-03-31,API,7,20,0
A00299,2025-03-31,Analytics,8,18,0
A00300,2025-03-31,Automation,8,30,0
A00301,2025-03-31,Analytics,5,18,1
A00302,2025-03-31,Core,14,24,0
A00303,2025-03-31,Analytics,4,21,0
A00304,2025-03-31,API,15,23,0
A00305,2025-03-31,Premium Support,9,21,0
A00306,2025-03-31,Automation,9,1,0
A00307,2025-03-31,Analytics,7,5,0
A00308,2025-03-31,Automation,5,16,1
A00309,2025-03-31,API,7,21,0
A00310,2025-03-31,Premium Support,6,23,1
A00311,2025-03-31,Automation,8,24,0
A00312,2025-03-31,Premium Support,9,20,0
A00313,2025-03-31,Automation,9,1,0
A00314,2025-03-31,API,6,17,1
A00315,2025-03-31,Automation,12,22,1
A00316,2025-03-31,Premium Support,6,28,0
A00317,2025-03-31,Analytics,3,18,1
A00318,2025-03-31,Automation,4,17,1
A00319,2025-03-31,Premium Support,5,4,0
A00320,2025-03-31,API,13,25,0
A00321,2025-03-31,API,8,12,2
A00322,2025-03-31,Core,11,27,0
A00323,2025-03-31,Automation,6,5,0
A00324,2025-03-31,Premium Support,7,24,0
A00325,2025-03-31,Automation,5,9,0
A00326,2025-03-31,Premium Support,9,4,0
A00327,2025-03-31,Core,14,28,0
A00328,2025-03-31,API,4,24,1
A00329,2025-03-31,Automation,12,26,0
A00330,2025-03-31,Analytics,8,24,0
A00331,2025-03-31,Premium Support,5,18,1
A00332,2025-03-31,Core,10,20,1
A00333,2025-03-31,Premium Support,5,1,1
A00334,2025-03-31,Core,8,11,0
A00335,2025-03-31,Core,7,10,1
A00336,2025-03-31,Premium Support,4,8,1
A00337,2025-03-31,Premium Support,6,11,0
A00338,2025-03-31,API,17,20,0
A00339,2025-03-31,Analytics,4,19,1
A00340,2025-03-31,API,6,22,0
A00341,2025-03-31,Analytics,20,13,1
A00342,2025-03-31,Analytics,8,28,0
A00343,2025-03-31,Core,2,15,1
A00344,2025-03-31,Automation,12,10,0
A00345,2025-03-31,Core,7,27,1
A00346,2025-03-31,Automation,6,8,0
A00347,2025-03-31,Analytics,8,25,0
A00348,2025-03-31,Premium Support,13,22,0
A00349,2025-03-31,Automation,7,29,2
A00350,2025-03-31,API,6,30,0
A00351,2025-03-31,API,11,4,0
A00352,2025-03-31,Analytics,10,9,0
A00353,2025-03-31,Core,9,15,1
A00354,2025-03-31,Core,8,8,0
A00355,2025-03-31,API,6,4,0
A00356,2025-03-31,Premium Support,5,27,0
A00357,2025-03-31,Automation,8,0,1
A00358,2025-03-31,Premium Support,5,8,0
A00359,2025-03-31,Automation,16,26,0
A00360,2025-03-31,Analytics,5,12,0
A00361,2025-03-31,Premium Support,6,8,0
A00362,2025-03-31,Analytics,5,30,0
A00363,2025-03-31,Analytics,11,20,0
A00364,2025-03-31,Automation,9,24,0
A00365,2025-03-31,Core,11,11,0
A00366,2025-03-31,Automation,4,7,1
A00367,2025-03-31,Analytics,11,13,0
A00368,2025-03-31,Automation,5,29,2
A00369,2025-03-31,Automation,12,18,1
A00370,2025-03-31,Core,5,26,1
A00371,2025-03-31,Analytics,7,29,0
A00372,2025-03-31,Premium Support,4,30,0
A00373,2025-03-31,Premium Support,8,29,0
A00374,2025-03-31,API,9,12,0
A00375,2025-03-31,API,5,29,0
A00376,2025-03-31,Automation,8,20,1
A00377,2025-03-31,Automation,9,28,0
A00378,2025-03-31,Core,11,11,0
A00379,2025-03-31,Analytics,8,0,0
A00380,2025-03-31,Core,6,13,0
A00381,2025-03-31,API,6,9,0
A00382,2025-03-31,Core,7,20,2
A00383,2025-03-31,Premium Support,11,19,0
A00384,2025-03-31,Analytics,11,12,0
A00385,2025-03-31,Premium Support,10,20,1
A00386,2025-03-31,Premium Support,2,12,0
A00387,2025-03-31,Analytics,9,22,0
A00388,2025-03-31,Automation,5,16,0
A00389,2025-03-31,Core,7,8,0
A00390,2025-03-31,Premium Support,4,3,0
A00391,2025-03-31,Automation,11,3,0
A00392,2025-03-31,Automation,10,30,0
A00393,2025-03-31,API,9,24,0
A00394,2025-03-31,Core,7,25,0
A00395,2025-03-31,Analytics,8,19,0
A00396,2025-03-31,Automation,5,14,0
A00397,2025-03-31,Analytics,12,25,0
A00398,2025-03-31,Automation,9,23,0
A00399,2025-03-31,Premium Support,9,7,1
A00400,2025-03-31,Premium Support,11,30,1
A00401,2025-03-31,Core,8,3,2
A00402,2025-03-31,API,7,16,0
A00403,2025-03-31,Core,5,3,0
A00404,2025-03-31,Analytics,8,22,1
A00405,2025-03-31,Premium Support,6,11,0
A00406,2025-03-31,Automation,7,2,1
A00407,2025-03-31,Automation,12,24,0
A00408,2025-03-31,Automation,8,29,0
A00409,2025-03-31,Core,6,10,0
A00410,2025-03-31,API,12,5,1
A00411,2025-03-31,Analytics,7,9,0
A00412,2025-03-31,Core,3,24,1
A00413,2025-03-31,Premium Support,8,26,0
A00414,2025-03-31,API,6,15,0
A00415,2025-03-31,Analytics,5,16,1
A00416,2025-03-31,Premium Support,6,19,0
A00417,2025-03-31,Automation,8,11,0
A00418,2025-03-31,Analytics,7,18,3
A00419,2025-03-31,Premium Support,8,1,0
A00420,2025-03-31,Automation,6,12,0
A00421,2025-03-31,Analytics,7,22,0
A00422,2025-03-31,Analytics,6,29,0
A00423,2025-03-31,Core,14,27,0
A00424,2025-03-31,Analytics,8,9,0
A00425,2025-03-31,Analytics,7,6,0
A00426,2025-03-31,Analytics,6,7,0
A00427,2025-03-31,Analytics,13,6,0
A00428,2025-03-31,Core,8,27,1
A00429,2025-03-31,Automation,4,0,0
A00430,2025-03-31,Analytics,11,9,0
A00431,2025-03-31,Core,11,19,0
A00432,2025-03-31,Automation,5,3,0
A00433,2025-03-31,Analytics,8,11,0
A00434,2025-03-31,API,6,4,1
A00435,2025-03-31,Premium Support,9,8,0
A00436,2025-03-31,Analytics,4,11,0
A00437,2025-03-31,Core,7,20,0
A00438,2025-03-31,Automation,8,27,1
A00439,2025-03-31,Core,9,30,0
A00440,2025-03-31,API,7,20,1
A00441,2025-03-31,Premium Support,7,22,0
A00442,2025-03-31,API,5,3,0
A00443,2025-03-31,Core,6,19,2
A00444,2025-03-31,Automation,4,16,0
A00445,2025-03-31,Automation,7,30,0
A00446,2025-03-31,Analytics,12,19,0
A00447,2025-03-31,Core,8,24,1
A00448,2025-03-31,API,5,25,0
A00449,2025-03-31,Automation,8,3,0
A00450,2025-03-31,Core,1,17,0
A00451,2025-03-31,API,11,27,0
A00452,2025-03-31,Analytics,6,10,0
A00453,2025-03-31,Analytics,6,24,1
A00454,2025-03-31,Analytics,5,30,0
A00455,2025-03-31,Automation,4,30,0
A00456,2025-03-31,Premium Support,6,8,1
A00457,2025-03-31,Core,8,10,0
A00458,2025-03-31,Core,10,29,0
A00459,2025-03-31,Analytics,3,12,0
A00460,2025-03-31,Automation,10,6,0
A00461,2025-03-31,Core,7,19,0
A00462,2025-03-31,Automation,5,16,0
A00463,2025-03-31,Automation,8,0,0
A00464,2025-03-31,Analytics,4,3,0
A00465,2025-03-31,Analytics,8,19,1
A00466,2025-03-31,Analytics,8,27,0
A00467,2025-03-31,Automation,9,20,0
A00468,2025-03-31,Core,7,15,0
A00469,2025-03-31,Analytics,8,30,0
A00470,2025-03-31,Analytics,13,27,0
A00471,2025-03-31,Analytics,11,11,0
A00472,2025-03-31,Premium Support,9,25,0
A00473,2025-03-31,Core,7,28,0
A00474,2025-03-31,Core,8,5,1
A00475,2025-03-31,API,9,19,0
A00476,2025-03-31,API,6,1,1
A00477,2025-03-31,Premium Support,10,17,0
A00478,2025-03-31,Analytics,6,28,0
A00479,2025-03-31,API,10,27,0
A00480,2025-03-31,Automation,6,17,2
A00481,2025-03-31,Automation,10,18,0
A00482,2025-03-31,Analytics,8,26,0
A00483,2025-03-31,Premium Support,3,0,0
A00484,2025-03-31,Analytics,10,21,1
A00485,2025-03-31,API,11,9,0
A00486,2025-03-31,Core,7,23,1
A00487,2025-03-31,Premium Support,4,3,0
A00488,2025-03-31,Premium Support,4,14,0
A00489,2025-03-31,Analytics,13,23,1
A00490,2025-03-31,API,14,22,0
A00491,2025-03-31,Premium Support,10,22,0
A00492,2025-03-31,Core,9,28,0
A00493,2025-03-31,Automation,11,11,0
A00494,2025-03-31,Automation,10,21,1
A00495,2025-03-31,Automation,8,25,0
A00496,2025-03-31,Automation,7,28,1
A00497,2025-03-31,Analytics,4,6,2
A00498,2025-03-31,API,6,7,0
A00499,2025-03-31,Automation,4,13,0
A00500,2025-03-31,Premium Support,9,24,0
A00501,2025-03-31,Core,6,27,0
A00502,2025-03-31,Analytics,7,16,1
A00503,2025-03-31,Analytics,7,22,0
A00504,2025-03-31,Premium Support,14,1,0
A00505,2025-03-31,Automation,13,23,0
A00506,2025-03-31,Premium Support,7,20,0
A00507,2025-03-31,Automation,11,10,1
A00508,2025-03-31,API,4,19,0
A00509,2025-03-31,API,10,29,1
A00510,2025-03-31,API,8,30,2
A00511,2025-03-31,Core,8,19,0
A00512,2025-03-31,Core,12,20,1
A00513,2025-03-31,Core,13,20,1
A00514,2025-03-31,Core,9,4,2
A00515,2025-03-31,Analytics,13,10,0
A00516,2025-03-31,API,6,30,0
A00517,2025-03-31,Premium Support,8,1,0
A00518,2025-03-31,Premium Support,7,9,0
A00519,2025-03-31,Automation,4,27,0
A00520,2025-03-31,Analytics,9,21,1
A00521,2025-03-31,API,9,12,1
A00522,2025-03-31,API,11,18,1
A00523,2025-03-31,Automation,13,23,0
A00524,2025-03-31,Core,4,11,1
A00525,2025-03-31,Core,9,28,0
A00526,2025-03-31,Analytics,3,12,0
A00527,2025-03-31,Core,13,27,0
A00528,2025-03-31,Analytics,6,20,0
A00529,2025-03-31,Analytics,15,1,0
A00530,2025-03-31,Premium Support,10,27,1
A00531,2025-03-31,Automation,6,3,1
A00532,2025-03-31,Core,7,29,0
A00533,2025-03-31,API,15,0,0
A00534,2025-03-31,Core,11,30,0
A00535,2025-03-31,Premium Support,5,14,0
A00536,2025-03-31,Core,9,3,0
A00537,2025-03-31,Analytics,8,6,0
A00538,2025-03-31,API,9,5,0
A00539,2025-03-31,Automation,9,16,0
A00540,2025-03-31,API,11,6,0
A00541,2025-03-31,Premium Support,10,24,0
A00542,2025-03-31,Core,4,30,2
A00543,2025-03-31,Premium Support,4,9,1
A00544,2025-03-31,Analytics,12,3,0
A00545,2025-03-31,Automation,12,1,0
A00546,2025-03-31,Analytics,9,21,1
A00547,2025-03-31,Automation,6,23,1
A00548,2025-03-31,Core,12,29,0
A00549,2025-03-31,Automation,11,4,0
A00550,2025-03-31,Premium Support,10,17,0
A00551,2025-03-31,Analytics,7,6,0
A00552,2025-03-31,Automation,6,0,0
A00553,2025-03-31,API,3,13,0
A00554,2025-03-31,Analytics,9,2,0
A00555,2025-03-31,API,11,4,0
A00556,2025-03-31,API,8,22,0
A00557,2025-03-31,Analytics,5,6,0
A00558,2025-03-31,Analytics,6,12,0
A00559,2025-03-31,API,9,29,0
A00560,2025-03-31,Core,6,15,0
A00561,2025-03-31,API,5,4,0
A00562,2025-03-31,API,9,1,1
A00563,2025-03-31,API,2,12,1
A00564,2025-03-31,Automation,10,27,0
A00565,2025-03-31,API,9,1,0
A00566,2025-03-31,Analytics,8,28,0
A00567,2025-03-31,Premium Support,12,14,0
A00568,2025-03-31,Analytics,6,18,0
A00569,2025-03-31,Core,8,16,0
A00570,2025-03-31,Analytics,12,14,0
A00571,2025-03-31,Automation,8,9,0
A00572,2025-03-31,Analytics,9,12,0
A00573,2025-03-31,Core,9,22,0
A00574,2025-03-31,API,4,6,0
A00575,2025-03-31,Core,4,24,1
A00576,2025-03-31,Automation,7,29,0
A00577,2025-03-31,Core,12,15,0
A00578,2025-03-31,Core,11,15,0
A00579,2025-03-31,Automation,7,25,0
A00580,2025-03-31,Automation,9,3,0
A00581,2025-03-31,Analytics,5,24,0
A00582,2025-03-31,Premium Support,10,24,0
A00583,2025-03-31,Core,6,10,0
A00584,2025-03-31,Core,11,30,1
A00585,2025-03-31,Analytics,3,15,0
A00586,2025-03-31,API,5,8,1
A00587,2025-03-31,API,5,7,0
A00588,2025-03-31,Analytics,7,21,0
A00589,2025-03-31,Analytics,11,28,0
A00590,2025-03-31,Automation,4,30,2
A00591,2025-03-31,API,9,27,1
A00592,2025-03-31,Premium Support,2,3,1
A00593,2025-03-31,Core,8,22,0
A00594,2025-03-31,Premium Support,6,25,0
A00595,2025-03-31,Premium Support,8,6,0
A00596,2025-03-31,API,4,15,0
A00597,2025-03-31,Automation,5,1,1
A00598,2025-03-31,Automation,5,20,1
A00599,2025-03-31,Premium Support,12,18,0
A00600,2025-03-31,API,4,5,1
A00601,2025-03-31,Core,5,5,0
A00602,2025-03-31,Automation,8,6,0
A00603,2025-03-31,Core,7,19,0
A00604,2025-03-31,Premium Support,9,17,1
A00605,2025-03-31,Premium Support,12,16,0
A00606,2025-03-31,Automation,9,7,0
A00607,2025-03-31,Analytics,9,24,0
A00608,2025-03-31,Core,5,18,0
A00609,2025-03-31,API,14,9,2
A00610,2025-03-31,Analytics,9,2,1
A00611,2025-03-31,Premium Support,10,26,1
A00612,2025-03-31,Automation,2,24,1
A00613,2025-03-31,Core,12,9,1
A00614,2025-03-31,Core,5,8,0
A00615,2025-03-31,Premium Support,6,30,0
A00616,2025-03-31,API,4,22,0
A00617,2025-03-31,Automation,9,4,0
A00618,2025-03-31,Automation,5,5,0
A00619,2025-03-31,Analytics,6,16,0
A00620,2025-03-31,Premium Support,6,24,1
A00621,2025-03-31,Analytics,7,1,0
A00622,2025-03-31,Premium Support,7,0,0
A00623,2025-03-31,Premium Support,6,18,0
A00624,2025-03-31,Core,8,5,1
A00625,2025-03-31,Automation,8,17,1
A00626,2025-03-31,Automation,10,10,0
A00627,2025-03-31,Automation,6,26,2
A00628,2025-03-31,Automation,8,24,0
A00629,2025-03-31,Premium Support,9,4,1
A00630,2025-03-31,Core,4,0,0
A00631,2025-03-31,Analytics,7,13,0
A00632,2025-03-31,API,12,22,0
A00633,2025-03-31,Premium Support,11,15,1
A00634,2025-03-31,Automation,17,7,0
A00635,2025-03-31,Automation,9,1,0
A00636,2025-03-31,Analytics,6,30,0
A00637,2025-03-31,Core,6,27,0
A00638,2025-03-31,Analytics,5,8,1
A00639,2025-03-31,API,8,15,0
A00640,2025-03-31,Core,10,4,1
A00641,2025-03-31,Core,11,12,0
A00642,2025-03-31,Automation,10,21,1
A00643,2025-03-31,Analytics,9,19,0
A00644,2025-03-31,Analytics,10,8,1
A00645,2025-03-31,Core,4,10,1
A00646,2025-03-31,API,7,16,0
A00647,2025-03-31,Core,9,16,0
A00648,2025-03-31,API,7,23,0
A00649,2025-03-31,Core,10,15,1
A00650,2025-03-31,Core,7,24,0
A00651,2025-03-31,Premium Support,7,8,2
A00652,2025-03-31,API,13,6,0
A00653,2025-03-31,Analytics,12,29,0
A00654,2025-03-31,Core,8,6,0
A00655,2025-03-31,API,10,25,0
A00656,2025-03-31,Analytics,8,8,2
A00657,2025-03-31,Analytics,7,3,0
A00658,2025-03-31,Analytics,12,12,0
A00659,2025-03-31,Core,9,3,0
A00660,2025-03-31,API,13,23,0
A00661,2025-03-31,API,7,30,1
A00662,2025-03-31,API,7,16,0
A00663,2025-03-31,Automation,10,30,0
A00664,2025-03-31,Core,9,27,0
A00665,2025-03-31,Analytics,7,29,0
A00666,2025-03-31,Analytics,5,21,0
A00667,2025-03-31,Analytics,10,10,0
A00668,2025-03-31,Core,16,19,0
A00669,2025-03-31,Analytics,7,8,0
A00670,2025-03-31,Analytics,12,16,0
A00671,2025-03-31,Premium Support,4,23,3
A00672,2025-03-31,Core,6,12,0
A00673,2025-03-31,API,8,14,1
A00674,2025-03-31,Core,7,10,1
A00675,2025-03-31,Premium Support,10,2,1
A00676,2025-03-31,API,9,5,0
A00677,2025-03-31,Analytics,6,5,0
A00678,2025-03-31,Premium Support,5,8,0
A00679,2025-03-31,Automation,9,1,1
A00680,2025-03-31,Core,6,27,1
A00681,2025-03-31,Automation,13,24,2
A00682,2025-03-31,Automation,8,25,0
A00683,2025-03-31,API,6,17,1
A00684,2025-03-31,Core,8,0,0
A00685,2025-03-31,Automation,5,5,1
A00686,2025-03-31,Analytics,8,6,0
A00687,2025-03-31,Core,8,22,0
A00688,2025-03-31,API,14,25,0
A00689,2025-03-31,API,7,21,0
A00690,2025-03-31,Core,5,18,1
A00691,2025-03-31,Analytics,5,11,0
A00692,2025-03-31,Automation,8,2,0
A00693,2025-03-31,Automation,5,7,1
A00694,2025-03-31,Core,8,25,0
A00695,2025-03-31,Analytics,6,18,0
A00696,2025-03-31,Premium Support,5,23,0
A00697,2025-03-31,Core,5,28,0
A00698,2025-03-31,API,6,8,0
A00699,2025-03-31,API,13,18,0
A00700,2025-03-31,Automation,8,23,0
A00701,2025-03-31,Core,12,23,0
A00702,2025-03-31,Core,10,27,3
A00703,2025-03-31,Premium Support,9,28,0
A00704,2025-03-31,Analytics,11,20,0
A00705,2025-03-31,Analytics,3,26,0
A00706,2025-03-31,Automation,5,23,1
A00707,2025-03-31,API,1,9,0
A00708,2025-03-31,API,8,1,0
A00709,2025-03-31,Core,10,28,0
A00710,2025-03-31,Automation,9,17,1
A00711,2025-03-31,Core,9,16,0
A00712,2025-03-31,API,8,23,0
A00713,2025-03-31,Analytics,11,4,0
A00714,2025-03-31,Automation,14,14,1
A00715,2025-03-31,Automation,9,22,0
A00716,2025-03-31,Automation,8,12,0
A00717,2025-03-31,Automation,3,21,0
A00718,2025-03-31,Analytics,6,17,3
A00719,2025-03-31,Analytics,5,11,0
A00720,2025-03-31,Premium Support,4,20,0
A00721,2025-03-31,Automation,8,14,1
A00722,2025-03-31,Automation,10,25,0
A00723,2025-03-31,Premium Support,9,1,0
A00724,2025-03-31,Core,7,25,1
A00725,2025-03-31,Core,8,23,0
A00726,2025-03-31,Core,11,21,1
A00727,2025-03-31,API,13,8,0
A00728,2025-03-31,Automation,9,30,0
A00729,2025-03-31,Premium Support,7,20,0
A00730,2025-03-31,Automation,5,16,1
A00731,2025-03-31,Automation,6,7,1
A00732,2025-03-31,Premium Support,8,13,0
A00733,2025-03-31,Core,10,13,1
A00734,2025-03-31,Automation,11,10,0
A00735,2025-03-31,Automation,6,9,0
A00736,2025-03-31,Analytics,8,3,0
A00737,2025-03-31,API,9,22,0
A00738,2025-03-31,Core,6,6,0
A00739,2025-03-31,API,5,14,0
A00740,2025-03-31,API,8,9,1
A00741,2025-03-31,Analytics,9,30,0
A00742,2025-03-31,API,12,15,0
A00743,2025-03-31,Automation,10,8,1
A00744,2025-03-31,Premium Support,11,30,1
A00745,2025-03-31,Analytics,5,25,1
A00746,2025-03-31,Automation,4,24,0
A00747,2025-03-31,API,12,4,1
A00748,2025-03-31,Premium Support,6,27,1
A00749,2025-03-31,API,9,5,0
A00750,2025-03-31,Automation,10,5,0
A00751,2025-03-31,Analytics,12,11,0
A00752,2025-03-31,Automation,3,0,0
A00753,2025-03-31,Analytics,13,0,1
A00754,2025-03-31,API,13,0,0
A00755,2025-03-31,Core,4,9,0
A00756,2025-03-31,API,5,15,1
A00757,2025-03-31,Core,7,3,1
A00758,2025-03-31,API,10,3,0
A00759,2025-03-31,API,9,16,0
A00760,2025-03-31,Premium Support,11,5,0
A00761,2025-03-31,Core,0,15,0
A00762,2025-03-31,Analytics,3,5,0
A00763,2025-03-31,Automation,10,22,0
A00764,2025-03-31,Premium Support,7,22,0
A00765,2025-03-31,Premium Support,2,28,0
A00766,2025-03-31,API,7,29,0
A00767,2025-03-31,Analytics,8,22,0
A00768,2025-03-31,API,4,3,0
A00769,2025-03-31,Premium Support,5,16,2
A00770,2025-03-31,Analytics,5,3,0
A00771,2025-03-31,Premium Support,7,20,0
A00772,2025-03-31,Analytics,3,10,0
A00773,2025-03-31,API,5,14,0
A00774,2025-03-31,API,9,19,0
A00775,2025-03-31,Analytics,7,12,0
A00776,2025-03-31,Core,13,11,0
A00777,2025-03-31,Analytics,7,13,0
A00778,2025-03-31,Core,12,8,0
A00779,2025-03-31,Automation,12,7,0
A00780,2025-03-31,Analytics,12,3,0
A00781,2025-03-31,API,2,1,1
A00782,2025-03-31,Analytics,15,14,0
A00783,2025-03-31,Analytics,8,20,0
A00784,2025-03-31,Premium Support,8,1,0
A00785,2025-03-31,Analytics,13,14,0
A00786,2025-03-31,API,10,19,0
A00787,2025-03-31,Analytics,9,26,0
A00788,2025-03-31,API,7,25,0
A00789,2025-03-31,Analytics,4,16,0
A00790,2025-03-31,Premium Support,6,30,0
A00791,2025-03-31,Automation,12,27,1
A00792,2025-03-31,Analytics,5,9,0
A00793,2025-03-31,API,7,13,0
A00794,2025-03-31,Premium Support,6,25,0
A00795,2025-03-31,Automation,6,22,0
A00796,2025-03-31,Premium Support,6,15,0
A00797,2025-03-31,Automation,14,15,2
A00798,2025-03-31,Automation,10,8,0
A00799,2025-03-31,Analytics,10,16,0
A00800,2025-03-31,API,7,2,2
A00801,2025-03-31,Automation,9,24,0
A00802,2025-03-31,Premium Support,7,13,0
A00803,2025-03-31,Automation,10,12,0
A00804,2025-03-31,Analytics,6,26,0
A00805,2025-03-31,API,6,30,0
A00806,2025-03-31,Analytics,8,29,0
A00807,2025-03-31,Premium Support,7,26,0
A00808,2025-03-31,Analytics,2,14,0
A00809,2025-03-31,API,8,23,0
A00810,2025-03-31,Analytics,8,23,1
A00811,2025-03-31,Core,11,20,1
A00812,2025-03-31,Core,4,6,0
A00813,2025-03-31,Core,6,7,0
A00814,2025-03-31,Premium Support,4,23,1
A00815,2025-03-31,Premium Support,6,0,0
A00816,2025-03-31,Core,9,0,0
A00817,2025-03-31,Analytics,11,21,1
A00818,2025-03-31,API,9,12,0
A00819,2025-03-31,Core,6,28,0
A00820,2025-03-31,Analytics,5,23,0
A00821,2025-03-31,Premium Support,10,7,0
A00822,2025-03-31,Analytics,4,11,0
A00823,2025-03-31,API,13,7,0
A00824,2025-03-31,Premium Support,5,3,0
A00825,2025-03-31,Core,8,9,0
A00826,2025-03-31,Premium Support,9,30,1
A00827,2025-03-31,API,11,30,0
A00828,2025-03-31,Automation,11,9,0
A00829,2025-03-31,Premium Support,7,16,0
A00830,2025-03-31,Automation,14,1,0
A00831,2025-03-31,Analytics,11,5,1
A00832,2025-03-31,Premium Support,8,12,1
A00833,2025-03-31,Analytics,4,13,0
A00834,2025-03-31,Analytics,7,21,0
A00835,2025-03-31,Automation,11,10,1
A00836,2025-03-31,API,4,11,0
A00837,2025-03-31,Premium Support,8,23,0
A00838,2025-03-31,Analytics,11,27,1
A00839,2025-03-31,Automation,8,20,0
A00840,2025-03-31,Analytics,14,6,0
A00841,2025-03-31,API,10,13,0
A00842,2025-03-31,Premium Support,6,17,1
A00843,2025-03-31,Premium Support,11,8,0
A00844,2025-03-31,Automation,10,3,0
A00845,2025-03-31,Automation,6,26,0
A00846,2025-03-31,API,8,3,0
A00847,2025-03-31,Analytics,9,3,0
A00848,2025-03-31,Core,6,6,0
A00849,2025-03-31,API,9,0,0
A00850,2025-03-31,Automation,9,6,0
A00851,2025-03-31,Premium Support,4,3,0
A00852,2025-03-31,Premium Support,6,20,1
A00853,2025-03-31,Core,7,27,0
A00854,2025-03-31,Premium Support,5,26,0
A00855,2025-03-31,Analytics,8,17,0
A00856,2025-03-31,Automation,12,26,0
A00857,2025-03-31,Automation,5,12,0
A00858,2025-03-31,Automation,5,19,0
A00859,2025-03-31,API,8,10,0
A00860,2025-03-31,Core,12,12,0
A00861,2025-03-31,API,8,3,1
A00862,2025-03-31,Core,9,8,0
A00863,2025-03-31,Automation,10,2,0
A00864,2025-03-31,Analytics,4,9,0
A00865,2025-03-31,Core,5,21,0
A00866,2025-03-31,API,4,14,1
A00867,2025-03-31,Analytics,6,26,0
A00868,2025-03-31,Premium Support,11,19,0
A00869,2025-03-31,Core,6,30,0
A00870,2025-03-31,Premium Support,9,17,0
A00871,2025-03-31,Automation,10,20,0
A00872,2025-03-31,Analytics,6,23,1
A00873,2025-03-31,API,8,5,0
A00874,2025-03-31,Analytics,9,3,0
A00875,2025-03-31,Analytics,5,14,0
A00876,2025-03-31,Analytics,6,3,0
A00877,2025-03-31,Analytics,5,29,0
A00878,2025-03-31,API,5,30,0
A00879,2025-03-31,API,8,5,1
A00880,2025-03-31,Premium Support,10,9,0
A00881,2025-03-31,API,7,6,0
A00882,2025-03-31,Automation,9,30,1
A00883,2025-03-31,Premium Support,7,25,0
A00884,2025-03-31,Premium Support,6,8,0
A00885,2025-03-31,API,10,23,0
A00886,2025-03-31,API,10,2,0
A00887,2025-03-31,Premium Support,6,4,1
A00888,2025-03-31,Automation,9,15,2
A00889,2025-03-31,Core,10,9,0
A00890,2025-03-31,Premium Support,6,6,2
A00891,2025-03-31,Automation,5,15,0
A00892,2025-03-31,Automation,3,27,0
A00893,2025-03-31,Premium Support,7,16,1
A00894,2025-03-31,Core,9,13,1
A00895,2025-03-31,Premium Support,10,3,1
A00896,2025-03-31,Analytics,6,13,1
A00897,2025-03-31,Premium Support,6,26,1
A00898,2025-03-31,Core,6,12,0
A00899,2025-03-31,API,8,26,0
A00900,2025-03-31,Core,11,3,1
A00901,2025-03-31,Premium Support,14,19,0
A00902,2025-03-31,API,13,19,0
A00903,2025-03-31,Premium Support,11,8,0
A00904,2025-03-31,Automation,6,4,0
A00905,2025-03-31,API,11,21,1
A00906,2025-03-31,Core,7,19,1
A00907,2025-03-31,API,6,12,0
A00908,2025-03-31,Analytics,15,12,1
A00909,2025-03-31,Analytics,8,28,0
A00910,2025-03-31,Analytics,4,26,0
A00911,2025-03-31,Analytics,9,12,1
A00912,2025-03-31,Premium Support,9,16,0
A00913,2025-03-31,Premium Support,12,12,1
A00914,2025-03-31,Core,14,27,0
A00915,2025-03-31,Analytics,7,14,1
A00916,2025-03-31,Core,9,0,0
A00917,2025-03-31,API,9,3,0
A00918,2025-03-31,Automation,9,22,3
A00919,2025-03-31,Analytics,16,1,0
A00920,2025-03-31,API,11,17,2
A00921,2025-03-31,Analytics,11,17,0
A00922,2025-03-31,Core,15,5,0
A00923,2025-03-31,Analytics,9,20,1
A00924,2025-03-31,Automation,6,3,0
A00925,2025-03-31,Premium Support,8,28,1
A00926,2025-03-31,API,11,22,0
A00927,2025-03-31,API,11,5,0
A00928,2025-03-31,API,10,11,1
A00929,2025-03-31,Analytics,10,27,2
A00930,2025-03-31,Automation,7,2,0
A00931,2025-03-31,API,6,8,0
A00932,2025-03-31,Core,4,21,0
A00933,2025-03-31,Analytics,6,15,0
A00934,2025-03-31,Core,7,9,1
A00935,2025-03-31,API,3,5,0
A00936,2025-03-31,API,6,9,0
A00937,2025-03-31,API,17,14,0
A00938,2025-03-31,Core,7,2,0
A00939,2025-03-31,Premium Support,4,18,0
A00940,2025-03-31,Core,9,13,1
A00941,2025-03-31,Analytics,11,8,0
A00942,2025-03-31,Analytics,12,28,0
A00943,2025-03-31,API,9,26,2
A00944,2025-03-31,API,7,26,0
A00945,2025-03-31,Premium Support,10,29,1
A00946,2025-03-31,Premium Support,11,10,1
A00947,2025-03-31,Core,6,10,1
A00948,2025-03-31,API,8,9,0
A00949,2025-03-31,API,7,7,1
A00950,2025-03-31,Premium Support,9,26,0
A00951,2025-03-31,Analytics,8,10,0
A00952,2025-03-31,API,4,22,0
A00953,2025-03-31,Premium Support,2,29,0
A00954,2025-03-31,API,5,6,0
A00955,2025-03-31,Automation,4,9,0
A00956,2025-03-31,Analytics,4,27,0
A00957,2025-03-31,Automation,11,12,0
A00958,2025-03-31,Core,15,28,0
A00959,2025-03-31,Premium Support,14,18,0
A00960,2025-03-31,Core,7,10,0
A00961,2025-03-31,API,7,14,1
A00962,2025-03-31,Core,10,27,0
A00963,2025-03-31,Core,8,1,0
A00964,2025-03-31,Automation,11,20,0
A00965,2025-03-31,Automation,6,26,0
A00966,2025-03-31,Analytics,3,27,0
A00967,2025-03-31,Core,10,16,0
A00968,2025-03-31,Core,9,11,0
A00969,2025-03-31,Premium Support,13,30,0
A00970,2025-03-31,Automation,11,12,0
A00971,2025-03-31,Analytics,6,12,0
A00972,2025-03-31,Analytics,8,15,0
A00973,2025-03-31,Automation,6,15,0
A00974,2025-03-31,Premium Support,6,8,0
A00975,2025-03-31,Automation,12,12,0
A00976,2025-03-31,Premium Support,11,16,0
A00977,2025-03-31,Premium Support,8,3,1
A00978,2025-03-31,Analytics,10,15,1
A00979,2025-03-31,Automation,7,22,0
A00980,2025-03-31,Analytics,8,5,0
A00981,2025-03-31,Analytics,13,7,0
A00982,2025-03-31,Premium Support,8,27,1
A00983,2025-03-31,Analytics,8,27,0
A00984,2025-03-31,Premium Support,7,3,0
A00985,2025-03-31,Analytics,5,1,0
A00986,2025-03-31,Premium Support,4,27,1
A00987,2025-03-31,Analytics,12,30,0
A00988,2025-03-31,Core,7,16,0
A00989,2025-03-31,API,11,26,0
A00990,2025-03-31,API,7,14,0
A00991,2025-03-31,Analytics,15,9,0
A00992,2025-03-31,Analytics,8,26,0
A00993,2025-03-31,Premium Support,9,15,0
A00994,2025-03-31,Analytics,9,14,0
A00995,2025-03-31,Automation,8,18,1
A00996,2025-03-31,Core,7,9,0
A00997,2025-03-31,Premium Support,6,8,0
A00998,2025-03-31,Automation,8,4,0
A00999,2025-03-31,Core,8,2,0
A01000,2025-03-31,API,5,21,1
A01001,2025-03-31,Automation,10,14,0
A01002,2025-03-31,Automation,8,25,0
A01003,2025-03-31,API,10,18,0
A01004,2025-03-31,Core,14,15,0
A01005,2025-03-31,Core,5,30,1
A01006,2025-03-31,Premium Support,10,8,0
A01007,2025-03-31,Core,10,26,1
A01008,2025-03-31,Analytics,12,29,0
A01009,2025-03-31,Premium Support,9,17,0
A01010,2025-03-31,Premium Support,8,20,1
A01011,2025-03-31,API,3,26,1
A01012,2025-03-31,Automation,5,16,1
A01013,2025-03-31,API,6,13,1
A01014,2025-03-31,Core,9,24,1
A01015,2025-03-31,API,8,27,1
A01016,2025-03-31,Automation,8,10,0
A01017,2025-03-31,Automation,8,14,0
A01018,2025-03-31,API,8,22,0
A01019,2025-03-31,Premium Support,3,21,1
A01020,2025-03-31,Core,9,10,0
A01021,2025-03-31,API,11,22,0
A01022,2025-03-31,Core,4,7,0
A01023,2025-03-31,Core,8,4,0
A01024,2025-03-31,Premium Support,6,7,0
A01025,2025-03-31,Automation,3,30,1
A01026,2025-03-31,Premium Support,3,27,0
A01027,2025-03-31,API,3,4,1
A01028,2025-03-31,API,9,24,0
A01029,2025-03-31,Core,4,11,1
A01030,2025-03-31,Core,10,6,0
A01031,2025-03-31,Core,14,8,1
A01032,2025-03-31,Analytics,5,2,0
A01033,2025-03-31,API,9,6,0
A01034,2025-03-31,Analytics,10,4,0
A01035,2025-03-31,Automation,6,4,1
A01036,2025-03-31,Automation,6,9,1
A01037,2025-03-31,API,7,28,1
A01038,2025-03-31,API,9,18,0
A01039,2025-03-31,API,3,5,0
A01040,2025-03-31,Analytics,9,20,1
A01041,2025-03-31,Automation,8,28,1
A01042,2025-03-31,Premium Support,7,3,0
A01043,2025-03-31,Core,10,7,0
A01044,2025-03-31,Premium Support,12,14,0
A01045,2025-03-31,API,9,4,0
A01046,2025-03-31,Core,11,16,0
A01047,2025-03-31,Premium Support,7,19,0
A01048,2025-03-31,API,12,8,0
A01049,2025-03-31,Core,9,7,0
A01050,2025-03-31,API,10,22,1
A01051,2025-03-31,API,7,17,1
A01052,2025-03-31,Analytics,7,18,0
A01053,2025-03-31,Automation,8,1,0
A01054,2025-03-31,API,5,22,1
A01055,2025-03-31,API,4,17,1
A01056,2025-03-31,Core,13,21,0
A01057,2025-03-31,Analytics,10,10,0
A01058,2025-03-31,Core,3,27,0
A01059,2025-03-31,Analytics,11,0,0
A01060,2025-03-31,Automation,9,20,0
A01061,2025-03-31,Premium Support,6,1,0
A01062,2025-03-31,Analytics,6,24,0
A01063,2025-03-31,Automation,4,25,0
A01064,2025-03-31,Automation,9,15,1
A01065,2025-03-31,Automation,3,17,0
A01066,2025-03-31,Core,8,7,1
A01067,2025-03-31,Analytics,9,0,0
A01068,2025-03-31,Automation,4,2,0
A01069,2025-03-31,Analytics,10,7,1
A01070,2025-03-31,Automation,7,15,0
A01071,2025-03-31,Premium Support,8,5,1
A01072,2025-03-31,Premium Support,7,24,0
A01073,2025-03-31,API,10,21,0
A01074,2025-03-31,Analytics,1,18,1
A01075,2025-03-31,Analytics,4,20,0
A01076,2025-03-31,API,5,0,0
A01077,2025-03-31,Automation,6,8,0
A01078,2025-03-31,Premium Support,5,7,0
A01079,2025-03-31,Premium Support,5,0,0
A01080,2025-03-31,Analytics,16,13,0
A01081,2025-03-31,Core,6,12,0
A01082,2025-03-31,Core,8,12,1
A01083,2025-03-31,Analytics,10,20,0
A01084,2025-03-31,Analytics,7,21,0
A01085,2025-03-31,Core,1,10,0
A01086,2025-03-31,Premium Support,5,5,1
A01087,2025-03-31,Analytics,4,11,0
A01088,2025-03-31,Core,8,11,1
A01089,2025-03-31,API,11,2,0
A01090,2025-03-31,Core,6,16,0
A01091,2025-03-31,Premium Support,9,11,0
A01092,2025-03-31,Premium Support,11,30,1
A01093,2025-03-31,Premium Support,9,4,1
A01094,2025-03-31,Analytics,6,28,0
A01095,2025-03-31,Automation,11,10,0
A01096,2025-03-31,Core,8,11,1
A01097,2025-03-31,Core,10,7,0
A01098,2025-03-31,API,12,10,0
A01099,2025-03-31,Automation,9,1,1
A01100,2025-03-31,Core,14,29,0
A01101,2025-03-31,Premium Support,5,10,0
A01102,2025-03-31,API,14,26,0
A01103,2025-03-31,Automation,9,23,0
A01104,2025-03-31,Core,12,22,1
A01105,2025-03-31,Premium Support,6,11,0
A01106,2025-03-31,API,6,19,1
A01107,2025-03-31,API,10,10,0
A01108,2025-03-31,Automation,11,22,0
A01109,2025-03-31,Premium Support,6,25,0
A01110,2025-03-31,Core,5,22,0
A01111,2025-03-31,Core,8,12,1
A01112,2025-03-31,API,6,25,0
A01113,2025-03-31,Automation,10,0,0
A01114,2025-03-31,Premium Support,9,22,1
A01115,2025-03-31,Core,3,25,0
A01116,2025-03-31,Analytics,9,20,1
A01117,2025-03-31,Automation,11,14,1
A01118,2025-03-31,Premium Support,9,29,0
A01119,2025-03-31,Analytics,5,1,2
A01120,2025-03-31,Premium Support,5,29,1
A01121,2025-03-31,Premium Support,7,8,1
A01122,2025-03-31,Analytics,3,12,1
A01123,2025-03-31,Premium Support,9,8,1
A01124,2025-03-31,API,12,30,0
A01125,2025-03-31,Premium Support,8,11,2
A01126,2025-03-31,Premium Support,13,12,0
A01127,2025-03-31,Analytics,8,18,1
A01128,2025-03-31,Automation,7,7,1
A01129,2025-03-31,API,7,10,1
A01130,2025-03-31,Automation,8,6,0
A01131,2025-03-31,Core,14,22,1
A01132,2025-03-31,Analytics,9,3,0
A01133,2025-03-31,Analytics,5,20,1
A01134,2025-03-31,Premium Support,7,11,0
A01135,2025-03-31,Analytics,4,3,1
A01136,2025-03-31,Analytics,10,30,0
A01137,2025-03-31,Automation,3,10,0
A01138,2025-03-31,Automation,8,10,0
A01139,2025-03-31,Automation,9,2,1
A01140,2025-03-31,Premium Support,4,28,0
A01141,2025-03-31,Premium Support,10,28,1
A01142,2025-03-31,Analytics,8,3,0
A01143,2025-03-31,Premium Support,10,8,0
A01144,2025-03-31,API,5,4,0
A01145,2025-03-31,Premium Support,12,21,0
A01146,2025-03-31,Automation,8,5,0
A01147,2025-03-31,Core,9,12,0
A01148,2025-03-31,Premium Support,9,17,0
A01149,2025-03-31,API,9,29,1
A01150,2025-03-31,API,4,30,1
A01151,2025-03-31,Analytics,4,13,0
A01152,2025-03-31,Automation,5,6,0
A01153,2025-03-31,Premium Support,7,17,0
A01154,2025-03-31,Core,8,10,0
A01155,2025-03-31,Analytics,6,13,0
A01156,2025-03-31,Core,8,26,0
A01157,2025-03-31,Core,6,13,0
A01158,2025-03-31,Core,9,16,1
A01159,2025-03-31,Analytics,4,17,0
A01160,2025-03-31,API,6,10,0
A01161,2025-03-31,Premium Support,6,27,0
A01162,2025-03-31,API,9,13,1
A01163,2025-03-31,Analytics,4,18,1
A01164,2025-03-31,Core,9,22,0
A01165,2025-03-31,Premium Support,8,25,0
A01166,2025-03-31,Core,5,11,0
A01167,2025-03-31,Automation,3,1,1
A01168,2025-03-31,Analytics,6,20,0
A01169,2025-03-31,Automation,4,3,0
A01170,2025-03-31,Premium Support,13,24,0
A01171,2025-03-31,Premium Support,6,30,0
A01172,2025-03-31,Core,8,1,1
A01173,2025-03-31,API,6,0,0
A01174,2025-03-31,API,3,23,0
A01175,2025-03-31,Premium Support,8,21,0
A01176,2025-03-31,Automation,6,29,0
A01177,2025-03-31,Core,1,3,0
A01178,2025-03-31,Premium Support,9,2,0
A01179,2025-03-31,Analytics,9,11,0
A01180,2025-03-31,Automation,9,2,1
A01181,2025-03-31,Core,7,27,0
A01182,2025-03-31,Analytics,9,19,0
A01183,2025-03-31,Core,5,20,0
A01184,2025-03-31,Core,12,20,0
A01185,2025-03-31,Premium Support,9,16,0
A01186,2025-03-31,Core,9,14,0
A01187,2025-03-31,Automation,7,6,1
A01188,2025-03-31,Automation,2,29,1
A01189,2025-03-31,Core,8,17,0
A01190,2025-03-31,Analytics,9,3,0
A01191,2025-03-31,API,6,5,0
A01192,2025-03-31,Analytics,7,3,0
A01193,2025-03-31,Premium Support,10,27,0
A01194,2025-03-31,Core,9,0,1
A01195,2025-03-31,Automation,12,28,0
A01196,2025-03-31,API,6,25,0
A01197,2025-03-31,Analytics,5,4,0
A01198,2025-03-31,Analytics,4,2,0
A01199,2025-03-31,Automation,6,28,1
A01200,2025-03-31,Analytics,12,18,0
A01201,2025-03-31,Automation,9,28,0
A01202,2025-03-31,Core,7,28,0
A01203,2025-03-31,Analytics,3,0,1
A01204,2025-03-31,API,7,1,0
A01205,2025-03-31,Analytics,15,24,1
A01206,2025-03-31,Core,12,3,0
A01207,2025-03-31,Analytics,12,25,0
A01208,2025-03-31,API,12,27,0
A01209,2025-03-31,Premium Support,8,15,0
A01210,2025-03-31,Automation,7,8,0
A01211,2025-03-31,Premium Support,9,30,0
A01212,2025-03-31,API,8,13,0
A01213,2025-03-31,Core,7,7,0
A01214,2025-03-31,Core,11,17,0
A01215,2025-03-31,Automation,8,10,0
A01216,2025-03-31,Automation,10,22,0
A01217,2025-03-31,Premium Support,15,30,0
A01218,2025-03-31,API,5,5,1
A01219,2025-03-31,Premium Support,12,7,0
A01220,2025-03-31,Analytics,8,27,1
A01221,2025-03-31,Premium Support,10,25,2
A01222,2025-03-31,Core,6,23,1
A01223,2025-03-31,API,10,4,0
A01224,2025-03-31,Premium Support,11,2,0
A01225,2025-03-31,Automation,9,9,0
A01226,2025-03-31,Analytics,12,3,0
A01227,2025-03-31,Premium Support,5,14,0
A01228,2025-03-31,API,4,21,0
A01229,2025-03-31,Premium Support,8,22,0
A01230,2025-03-31,Core,9,14,0
A01231,2025-03-31,Premium Support,4,11,1
A01232,2025-03-31,Automation,6,14,0
A01233,2025-03-31,Core,10,21,0
A01234,2025-03-31,Analytics,8,6,0
A01235,2025-03-31,Premium Support,7,0,0
A01236,2025-03-31,Automation,11,22,0
A01237,2025-03-31,Core,6,19,0
A01238,2025-03-31,Core,7,3,0
A01239,2025-03-31,Analytics,12,18,0
A01240,2025-03-31,Analytics,8,11,1
A01241,2025-03-31,Automation,5,28,0
A01242,2025-03-31,Automation,6,22,1
A01243,2025-03-31,Analytics,8,14,0
A01244,2025-03-31,Analytics,8,30,0
A01245,2025-03-31,Core,9,21,0
A01246,2025-03-31,Core,9,6,0
A01247,2025-03-31,Premium Support,7,19,1
A01248,2025-03-31,Automation,6,19,0
A01249,2025-03-31,Automation,11,24,0
A01250,2025-03-31,Premium Support,6,1,0
A01251,2025-03-31,Core,11,28,0
A01252,2025-03-31,Analytics,9,8,0
A01253,2025-03-31,Automation,13,15,0
A01254,2025-03-31,Automation,7,2,0
A01255,2025-03-31,Automation,4,5,1
A01256,2025-03-31,Analytics,6,25,1
A01257,2025-03-31,Core,10,23,0
A01258,2025-03-31,API,6,12,0
A01259,2025-03-31,Automation,4,2,2
A01260,2025-03-31,Automation,5,27,0
A01261,2025-03-31,Core,8,5,0
A01262,2025-03-31,Automation,8,1,0
A01263,2025-03-31,Automation,11,7,0
A01264,2025-03-31,Analytics,4,21,0
A01265,2025-03-31,Analytics,4,9,0
A01266,2025-03-31,Core,10,15,0
A01267,2025-03-31,Core,5,3,1
A01268,2025-03-31,API,5,21,0
A01269,2025-03-31,Analytics,6,29,0
A01270,2025-03-31,Automation,9,29,0
A01271,2025-03-31,API,6,28,0
A01272,2025-03-31,API,4,30,1
A01273,2025-03-31,Premium Support,11,26,0
A01274,2025-03-31,Core,7,25,0
A01275,2025-03-31,Core,3,23,0
A01276,2025-03-31,Analytics,6,6,0
A01277,2025-03-31,Core,10,5,0
A01278,2025-03-31,Automation,5,23,0
A01279,2025-03-31,Analytics,6,8,0
A01280,2025-03-31,Core,9,29,0
A01281,2025-03-31,Core,9,20,0
A01282,2025-03-31,Premium Support,8,10,0
A01283,2025-03-31,Analytics,2,16,0
A01284,2025-03-31,API,7,10,1
A01285,2025-03-31,Core,8,7,0
A01286,2025-03-31,Automation,8,14,1
A01287,2025-03-31,Automation,4,18,1
A01288,2025-03-31,Analytics,7,21,0
A01289,2025-03-31,Premium Support,7,10,0
A01290,2025-03-31,Analytics,13,7,0
A01291,2025-03-31,Premium Support,9,4,1
A01292,2025-03-31,Premium Support,9,4,1
A01293,2025-03-31,API,7,17,0
A01294,2025-03-31,API,7,8,0
A01295,2025-03-31,Premium Support,7,19,3
A01296,2025-03-31,Core,10,20,0
A01297,2025-03-31,API,13,25,0
A01298,2025-03-31,Premium Support,9,1,0
A01299,2025-03-31,Analytics,7,27,2
A01300,2025-03-31,Analytics,4,28,0
A01301,2025-03-31,Premium Support,7,14,0
A01302,2025-03-31,Automation,7,17,0
A01303,2025-03-31,API,7,28,0
A01304,2025-03-31,Core,7,3,1
A01305,2025-03-31,Core,9,29,0
A01306,2025-03-31,Premium Support,9,22,0
A01307,2025-03-31,API,5,22,0
A01308,2025-03-31,Premium Support,13,8,0
A01309,2025-03-31,Core,8,30,1
A01310,2025-03-31,Analytics,7,23,1
A01311,2025-03-31,Core,11,29,0
A01312,2025-03-31,Core,7,27,1
A01313,2025-03-31,Core,11,20,0
A01314,2025-03-31,API,10,15,0
A01315,2025-03-31,Analytics,6,11,0
A01316,2025-03-31,Core,13,5,1
A01317,2025-03-31,Premium Support,7,1,0
A01318,2025-03-31,API,8,14,1
A01319,2025-03-31,API,11,18,0
A01320,2025-03-31,Automation,8,17,0
A01321,2025-03-31,API,8,14,0
A01322,2025-03-31,Core,16,11,0
A01323,2025-03-31,API,11,12,0
A01324,2025-03-31,Premium Support,10,23,0
A01325,2025-03-31,Automation,6,28,0
A01326,2025-03-31,Automation,14,8,1
A01327,2025-03-31,API,7,20,0
A01328,2025-03-31,Analytics,8,26,0
A01329,2025-03-31,API,9,12,0
A01330,2025-03-31,API,9,13,0
A01331,2025-03-31,API,10,17,0
A01332,2025-03-31,Premium Support,6,18,0
A01333,2025-03-31,Core,7,28,0
A01334,2025-03-31,API,11,1,1
A01335,2025-03-31,Analytics,10,25,0
A01336,2025-03-31,Premium Support,4,6,0
A01337,2025-03-31,Core,6,11,1
A01338,2025-03-31,Core,10,13,0
A01339,2025-03-31,Automation,8,15,0
A01340,2025-03-31,Analytics,11,22,0
A01341,2025-03-31,Analytics,4,5,0
A01342,2025-03-31,API,9,30,0
A01343,2025-03-31,Premium Support,9,25,0
A01344,2025-03-31,Core,4,2,1
A01345,2025-03-31,API,7,17,0
A01346,2025-03-31,Analytics,5,29,1
A01347,2025-03-31,Core,8,1,0
A01348,2025-03-31,API,2,9,0
A01349,2025-03-31,Premium Support,7,14,0
A01350,2025-03-31,Analytics,8,30,0
A01351,2025-03-31,Analytics,11,17,1
A01352,2025-03-31,Core,4,1,0
A01353,2025-03-31,Automation,6,19,1
A01354,2025-03-31,Analytics,7,15,0
A01355,2025-03-31,API,8,18,1
A01356,2025-03-31,Core,13,24,1
A01357,2025-03-31,Automation,11,2,0
A01358,2025-03-31,Core,10,10,0
A01359,2025-03-31,Core,5,4,0
A01360,2025-03-31,Core,8,30,0
A01361,2025-03-31,Automation,11,28,0
A01362,2025-03-31,Premium Support,4,28,0
A01363,2025-03-31,API,3,8,0
A01364,2025-03-31,Core,10,10,0
A01365,2025-03-31,Premium Support,8,14,0
A01366,2025-03-31,Core,10,0,0
A01367,2025-03-31,Analytics,9,26,0
A01368,2025-03-31,Premium Support,8,5,0
A01369,2025-03-31,Analytics,6,21,0
A01370,2025-03-31,Automation,9,1,0
A01371,2025-03-31,Analytics,7,4,0
A01372,2025-03-31,Analytics,7,21,0
A01373,2025-03-31,Analytics,4,1,0
A01374,2025-03-31,Premium Support,6,4,1
A01375,2025-03-31,API,8,6,1
A01376,2025-03-31,Premium Support,10,14,0
A01377,2025-03-31,Premium Support,9,6,0
A01378,2025-03-31,Automation,5,5,0
A01379,2025-03-31,Analytics,8,5,0
A01380,2025-03-31,API,3,26,1
A01381,2025-03-31,Analytics,11,25,0
A01382,2025-03-31,API,10,9,1
A01383,2025-03-31,Automation,5,20,1
A01384,2025-03-31,Premium Support,7,21,1
A01385,2025-03-31,Automation,11,7,1
A01386,2025-03-31,API,8,18,0
A01387,2025-03-31,Premium Support,6,1,0
A01388,2025-03-31,Premium Support,7,11,0
A01389,2025-03-31,Analytics,9,18,0
A01390,2025-03-31,Core,4,23,0
A01391,2025-03-31,API,7,11,0
A01392,2025-03-31,Automation,9,3,0
A01393,2025-03-31,Analytics,9,21,0
A01394,2025-03-31,Premium Support,8,22,0
A01395,2025-03-31,Premium Support,7,3,0
A01396,2025-03-31,Core,7,5,0
A01397,2025-03-31,Analytics,13,8,0
A01398,2025-03-31,Analytics,11,2,0
A01399,2025-03-31,Premium Support,8,24,1
A01400,2025-03-31,Automation,4,30,0
A01401,2025-03-31,Automation,11,26,0
A01402,2025-03-31,Automation,9,5,1
A01403,2025-03-31,Automation,7,8,0
A01404,2025-03-31,Automation,11,8,1
A01405,2025-03-31,Automation,5,14,0
A01406,2025-03-31,Premium Support,6,0,0
A01407,2025-03-31,API,7,6,0
A01408,2025-03-31,Core,7,20,0
A01409,2025-03-31,API,8,20,0
A01410,2025-03-31,Automation,6,23,1
A01411,2025-03-31,Premium Support,6,13,0
A01412,2025-03-31,Automation,9,0,0
A01413,2025-03-31,Analytics,8,30,0
A01414,2025-03-31,Analytics,12,16,0
A01415,2025-03-31,Premium Support,8,28,0
A01416,2025-03-31,Analytics,6,26,0
A01417,2025-03-31,Core,4,3,1
A01418,2025-03-31,Automation,7,24,0
A01419,2025-03-31,API,7,20,0
A01420,2025-03-31,Automation,3,24,1
A01421,2025-03-31,API,7,21,1
A01422,2025-03-31,Automation,8,2,1
A01423,2025-03-31,Analytics,6,3,1
A01424,2025-03-31,API,3,8,0
A01425,2025-03-31,Core,13,6,0
A01426,2025-03-31,Automation,9,16,0
A01427,2025-03-31,API,10,30,0
A01428,2025-03-31,Analytics,7,15,0
A01429,2025-03-31,API,5,10,1
A01430,2025-03-31,Analytics,2,23,0
A01431,2025-03-31,Automation,10,15,1
A01432,2025-03-31,API,5,28,0
A01433,2025-03-31,Automation,7,13,0
A01434,2025-03-31,Automation,7,22,0
A01435,2025-03-31,Premium Support,10,2,0
A01436,2025-03-31,Premium Support,7,14,1
A01437,2025-03-31,Analytics,4,13,0
A01438,2025-03-31,API,7,18,2
A01439,2025-03-31,API,3,23,0
A01440,2025-03-31,Automation,8,0,0
A01441,2025-03-31,Core,16,9,0
A01442,2025-03-31,Premium Support,10,13,0
A01443,2025-03-31,Analytics,11,20,0
A01444,2025-03-31,API,6,3,0
A01445,2025-03-31,Analytics,6,21,0
A01446,2025-03-31,API,9,22,0
A01447,2025-03-31,Analytics,7,16,0
A01448,2025-03-31,Premium Support,8,24,1
A01449,2025-03-31,Analytics,7,15,1
A01450,2025-03-31,Analytics,9,30,0
A01451,2025-03-31,Core,10,1,0
A01452,2025-03-31,Automation,4,14,2
A01453,2025-03-31,Premium Support,12,22,0
A01454,2025-03-31,API,8,2,0
A01455,2025-03-31,Premium Support,10,20,0
A01456,2025-03-31,API,7,4,0
A01457,2025-03-31,Automation,8,18,0
A01458,2025-03-31,Premium Support,6,28,0
A01459,2025-03-31,Automation,13,7,0
A01460,2025-03-31,Core,9,6,1
A01461,2025-03-31,Premium Support,8,18,0
A01462,2025-03-31,Core,5,11,0
A01463,2025-03-31,Core,14,24,0
A01464,2025-03-31,Analytics,7,4,0
A01465,2025-03-31,Automation,11,24,2
A01466,2025-03-31,Premium Support,6,25,0
A01467,2025-03-31,API,11,23,0
A01468,2025-03-31,Analytics,7,9,0
A01469,2025-03-31,API,6,22,1
A01470,2025-03-31,Automation,9,11,0
A01471,2025-03-31,Analytics,8,13,0
A01472,2025-03-31,Analytics,6,23,0
A01473,2025-03-31,Analytics,9,28,0
A01474,2025-03-31,API,7,18,0
A01475,2025-03-31,Automation,9,30,0
A01476,2025-03-31,API,3,18,0
A01477,2025-03-31,Core,13,25,0
A01478,2025-03-31,Analytics,12,1,1
A01479,2025-03-31,Core,8,6,0
A01480,2025-03-31,Analytics,13,6,0
A01481,2025-03-31,API,7,9,1
A01482,2025-03-31,Analytics,8,8,1
A01483,2025-03-31,Core,13,21,0
A01484,2025-03-31,Core,5,30,1
A01485,2025-03-31,Automation,5,5,0
A01486,2025-03-31,API,10,6,1
A01487,2025-03-31,Premium Support,8,28,0
A01488,2025-03-31,API,10,11,0
A01489,2025-03-31,Analytics,5,21,0
A01490,2025-03-31,Core,14,5,0
A01491,2025-03-31,Automation,5,27,1
A01492,2025-03-31,Analytics,7,14,0
A01493,2025-03-31,API,6,27,0
A01494,2025-03-31,API,13,0,1
A01495,2025-03-31,Core,8,16,0
A01496,2025-03-31,Premium Support,7,24,1
A01497,2025-03-31,Core,9,4,0
A01498,2025-03-31,Automation,5,27,0
A01499,2025-03-31,Core,5,24,1
A01500,2025-03-31,Premium Support,6,15,0
A01501,2025-03-31,Analytics,12,28,1
A01502,2025-03-31,API,6,26,1
A01503,2025-03-31,Core,12,5,1
A01504,2025-03-31,Premium Support,10,0,2
A01505,2025-03-31,Analytics,12,7,1
A01506,2025-03-31,Core,13,13,0
A01507,2025-03-31,Analytics,8,21,0
A01508,2025-03-31,API,7,5,0
A01509,2025-03-31,Analytics,5,9,0
A01510,2025-03-31,Analytics,8,12,0
A01511,2025-03-31,Core,5,16,1
A01512,2025-03-31,Automation,3,13,0
A01513,2025-03-31,Analytics,7,13,0
A01514,2025-03-31,Premium Support,9,21,0
A01515,2025-03-31,API,10,20,0
A01516,2025-03-31,Automation,8,24,0
A01517,2025-03-31,Analytics,6,29,0
A01518,2025-03-31,Core,10,29,0
A01519,2025-03-31,Automation,7,26,1
A01520,2025-03-31,Automation,9,9,0
A01521,2025-03-31,Premium Support,4,20,0
A01522,2025-03-31,Automation,13,21,1
A01523,2025-03-31,Automation,4,21,0
A01524,2025-03-31,Core,10,25,1
A01525,2025-03-31,Premium Support,3,24,0
A01526,2025-03-31,Core,14,12,1
A01527,2025-03-31,Automation,3,6,0
A01528,2025-03-31,Automation,7,17,0
A01529,2025-03-31,Premium Support,8,18,0
A01530,2025-03-31,Analytics,7,21,0
A01531,2025-03-31,API,11,1,1
A01532,2025-03-31,Core,9,2,0
A01533,2025-03-31,Analytics,3,22,0
A01534,2025-03-31,Premium Support,7,19,0
A01535,2025-03-31,Analytics,9,22,0
A01536,2025-03-31,Premium Support,8,16,0
A01537,2025-03-31,Core,10,25,0
A01538,2025-03-31,Analytics,8,9,1
A01539,2025-03-31,Analytics,6,16,0
A01540,2025-03-31,Premium Support,10,30,0
A01541,2025-03-31,API,12,30,0
A01542,2025-03-31,Premium Support,7,2,1
A01543,2025-03-31,Premium Support,6,3,0
A01544,2025-03-31,API,10,29,0
A01545,2025-03-31,Automation,7,17,0
A01546,2025-03-31,Automation,11,19,1
A01547,2025-03-31,API,15,0,0
A01548,2025-03-31,Premium Support,10,1,0
A01549,2025-03-31,API,8,21,0
A01550,2025-03-31,Automation,5,5,0
A01551,2025-03-31,Analytics,8,24,0
A01552,2025-03-31,Analytics,4,24,1
A01553,2025-03-31,Analytics,5,29,0
A01554,2025-03-31,Core,6,6,0
A01555,2025-03-31,Premium Support,6,11,0
A01556,2025-03-31,API,7,1,1
A01557,2025-03-31,Automation,8,16,0
A01558,2025-03-31,Core,9,16,0
A01559,2025-03-31,Automation,9,3,0
A01560,2025-03-31,Core,9,30,0
A01561,2025-03-31,Automation,7,17,0
A01562,2025-03-31,API,12,11,0
A01563,2025-03-31,Core,4,24,0
A01564,2025-03-31,Analytics,8,13,0
A01565,2025-03-31,Core,3,22,0
A01566,2025-03-31,Core,2,23,0
A01567,2025-03-31,Premium Support,13,25,0
A01568,2025-03-31,Premium Support,6,18,0
A01569,2025-03-31,Premium Support,11,9,1
A01570,2025-03-31,Core,9,8,0
A01571,2025-03-31,API,7,30,0
A01572,2025-03-31,Automation,9,16,0
A01573,2025-03-31,Analytics,10,17,1
A01574,2025-03-31,API,8,14,0
A01575,2025-03-31,Analytics,8,17,0
A01576,2025-03-31,Premium Support,4,0,0
A01577,2025-03-31,Analytics,4,18,0
A01578,2025-03-31,Analytics,12,3,0
A01579,2025-03-31,Automation,7,17,0
A01580,2025-03-31,Analytics,6,18,0
A01581,2025-03-31,Premium Support,8,29,2
A01582,2025-03-31,Automation,5,4,0
A01583,2025-03-31,Premium Support,3,27,0
A01584,2025-03-31,API,11,23,1
A01585,2025-03-31,Premium Support,12,23,0
A01586,2025-03-31,Premium Support,8,15,0
A01587,2025-03-31,Premium Support,7,26,0
A01588,2025-03-31,Core,7,2,0
A01589,2025-03-31,Premium Support,7,15,0
A01590,2025-03-31,Analytics,12,29,0
A01591,2025-03-31,Premium Support,4,18,0
A01592,2025-03-31,Core,11,25,1
A01593,2025-03-31,Core,11,17,0
A01594,2025-03-31,Automation,3,19,0
A01595,2025-03-31,Core,6,22,0
A01596,2025-03-31,Analytics,8,23,0
A01597,2025-03-31,API,5,13,0
A01598,2025-03-31,Analytics,6,20,0
A01599,2025-03-31,Automation,7,10,1
A01600,2025-03-31,Automation,5,0,0
A01601,2025-03-31,Automation,13,3,1
A01602,2025-03-31,Analytics,8,19,1
A01603,2025-03-31,Core,11,18,0
A01604,2025-03-31,Core,7,7,0
A01605,2025-03-31,Analytics,11,13,1
A01606,2025-03-31,Analytics,15,29,1
A01607,2025-03-31,Automation,9,25,0
A01608,2025-03-31,Premium Support,8,12,0
A01609,2025-03-31,Analytics,7,16,0
A01610,2025-03-31,API,8,21,0
A01611,2025-03-31,Premium Support,11,22,0
A01612,2025-03-31,API,4,4,0
A01613,2025-03-31,Analytics,6,8,0
A01614,2025-03-31,API,6,14,0
A01615,2025-03-31,Core,4,27,1
A01616,2025-03-31,Premium Support,8,3,0
A01617,2025-03-31,Premium Support,12,22,0
A01618,2025-03-31,Core,6,12,0
A01619,2025-03-31,Analytics,15,12,0
A01620,2025-03-31,Core,10,17,0
A01621,2025-03-31,Premium Support,8,6,0
A01622,2025-03-31,Premium Support,9,19,1
A01623,2025-03-31,Analytics,8,15,0
A01624,2025-03-31,API,12,12,0
A01625,2025-03-31,Automation,8,4,1
A01626,2025-03-31,Premium Support,12,4,0
A01627,2025-03-31,Premium Support,8,6,0
A01628,2025-03-31,Automation,8,20,0
A01629,2025-03-31,API,7,12,0
A01630,2025-03-31,Automation,11,0,0
A01631,2025-03-31,Automation,9,27,0
A01632,2025-03-31,API,12,25,0
A01633,2025-03-31,Analytics,5,21,0
A01634,2025-03-31,Core,6,20,1
A01635,2025-03-31,API,8,20,0
A01636,2025-03-31,Premium Support,12,24,0
A01637,2025-03-31,Premium Support,7,28,0
A01638,2025-03-31,API,7,30,0
A01639,2025-03-31,Premium Support,9,8,0
A01640,2025-03-31,Core,5,10,2
A01641,2025-03-31,Premium Support,4,5,0
A01642,2025-03-31,Analytics,10,16,1
A01643,2025-03-31,Analytics,7,12,0
A01644,2025-03-31,Analytics,10,19,1
A01645,2025-03-31,Analytics,8,19,0
A01646,2025-03-31,Analytics,8,18,0
A01647,2025-03-31,API,8,0,0
A01648,2025-03-31,Core,8,19,0
A01649,2025-03-31,Analytics,9,4,0
A01650,2025-03-31,Analytics,5,29,0
A01651,2025-03-31,Core,6,1,0
A01652,2025-03-31,Premium Support,5,15,0
A01653,2025-03-31,API,4,12,0
A01654,2025-03-31,API,13,26,0
A01655,2025-03-31,API,9,0,1
A01656,2025-03-31,Analytics,8,19,0
A01657,2025-03-31,Analytics,12,25,0
A01658,2025-03-31,Core,1,24,0
A01659,2025-03-31,Premium Support,11,9,1
A01660,2025-03-31,Automation,10,10,0
A01661,2025-03-31,Automation,8,6,0
A01662,2025-03-31,Automation,14,10,0
A01663,2025-03-31,Premium Support,7,13,0
A01664,2025-03-31,Core,5,28,0
A01665,2025-03-31,Automation,4,27,0
A01666,2025-03-31,Premium Support,10,25,2
A01667,2025-03-31,Premium Support,9,12,0
A01668,2025-03-31,Analytics,8,15,0
A01669,2025-03-31,API,5,15,0
A01670,2025-03-31,Analytics,6,14,1
A01671,2025-03-31,Core,10,6,0
A01672,2025-03-31,Analytics,11,7,0
A01673,2025-03-31,Analytics,8,17,0
A01674,2025-03-31,Premium Support,6,6,0
A01675,2025-03-31,API,6,2,0
A01676,2025-03-31,Premium Support,10,6,1
A01677,2025-03-31,Premium Support,7,28,0
A01678,2025-03-31,Automation,8,29,0
A01679,2025-03-31,API,10,1,0
A01680,2025-03-31,API,9,8,0
A01681,2025-03-31,Automation,8,24,0
A01682,2025-03-31,Analytics,7,13,0
A01683,2025-03-31,API,8,6,0
A01684,2025-03-31,Analytics,4,21,0
A01685,2025-03-31,Analytics,5,20,0
A01686,2025-03-31,Analytics,12,20,1
A01687,2025-03-31,Core,9,11,0
A01688,2025-03-31,Premium Support,6,23,0
A01689,2025-03-31,Premium Support,11,7,0
A01690,2025-03-31,Automation,6,11,0
A01691,2025-03-31,Automation,12,27,0
A01692,2025-03-31,API,10,10,1
A01693,2025-03-31,API,14,3,1
A01694,2025-03-31,Premium Support,3,15,0
A01695,2025-03-31,Core,9,20,0
A01696,2025-03-31,Core,4,19,0
A01697,2025-03-31,Premium Support,5,7,0
A01698,2025-03-31,Core,5,30,0
A01699,2025-03-31,Automation,17,22,1
A01700,2025-03-31,Analytics,5,18,0
A00001,2025-04-30,Core,11,22,0
A00002,2025-04-30,Automation,10,25,0
A00003,2025-04-30,Premium Support,9,13,0
A00004,2025-04-30,Automation,7,28,1
A00005,2025-04-30,Premium Support,8,12,0
A00006,2025-04-30,API,5,26,1
A00007,2025-04-30,Core,5,3,0
A00008,2025-04-30,Premium Support,9,12,0
A00009,2025-04-30,API,8,22,0
A00010,2025-04-30,API,10,15,1
A00011,2025-04-30,Automation,7,16,0
A00012,2025-04-30,API,9,15,0
A00013,2025-04-30,API,7,3,1
A00014,2025-04-30,Automation,4,17,0
A00015,2025-04-30,Analytics,6,0,1
A00016,2025-04-30,API,11,25,0
A00017,2025-04-30,Core,8,11,0
A00018,2025-04-30,Analytics,9,25,0
A00019,2025-04-30,Automation,7,10,0
A00020,2025-04-30,API,9,9,0
A00021,2025-04-30,Analytics,7,19,2
A00022,2025-04-30,Premium Support,8,3,0
A00023,2025-04-30,Analytics,9,15,1
A00024,2025-04-30,API,10,16,1
A00025,2025-04-30,Core,10,8,0
A00026,2025-04-30,Premium Support,3,1,1
A00027,2025-04-30,Premium Support,8,25,0
A00028,2025-04-30,Premium Support,13,20,0
A00029,2025-04-30,Analytics,7,23,0
A00030,2025-04-30,API,8,21,0
A00031,2025-04-30,API,12,27,0
A00032,2025-04-30,Analytics,6,20,0
A00033,2025-04-30,Core,4,3,1
A00034,2025-04-30,Automation,8,7,1
A00035,2025-04-30,Core,7,19,0
A00036,2025-04-30,Premium Support,8,22,1
A00037,2025-04-30,Core,12,24,0
A00038,2025-04-30,API,9,8,0
A00039,2025-04-30,Analytics,6,10,0
A00040,2025-04-30,Analytics,4,12,0
A00041,2025-04-30,Premium Support,8,29,0
A00042,2025-04-30,Core,9,20,1
A00043,2025-04-30,Premium Support,10,21,1
A00044,2025-04-30,API,13,9,0
A00045,2025-04-30,Automation,9,9,0
A00046,2025-04-30,API,8,26,1
A00047,2025-04-30,Core,9,15,0
A00048,2025-04-30,API,4,9,1
A00049,2025-04-30,Core,9,12,1
A00050,2025-04-30,API,3,25,0
A00051,2025-04-30,API,10,2,0
A00052,2025-04-30,API,5,28,0
A00053,2025-04-30,Automation,6,17,0
A00054,2025-04-30,Analytics,7,11,2
A00055,2025-04-30,Premium Support,8,8,1
A00056,2025-04-30,API,5,1,0
A00057,2025-04-30,Automation,9,26,1
A00058,2025-04-30,API,8,7,1
A00059,2025-04-30,Analytics,6,3,0
A00060,2025-04-30,API,15,23,0
A00061,2025-04-30,Premium Support,4,19,0
A00062,2025-04-30,API,14,2,0
A00063,2025-04-30,Core,8,13,0
A00064,2025-04-30,Automation,5,26,1
A00065,2025-04-30,Analytics,8,6,1
A00066,2025-04-30,Automation,11,17,0
A00067,2025-04-30,Premium Support,14,18,0
A00068,2025-04-30,API,16,23,0
A00069,2025-04-30,Premium Support,6,6,1
A00070,2025-04-30,Automation,10,22,1
A00071,2025-04-30,Automation,4,0,1
A00072,2025-04-30,Premium Support,5,22,1
A00073,2025-04-30,Premium Support,8,0,0
A00074,2025-04-30,Automation,6,0,0
A00075,2025-04-30,Premium Support,10,2,0
A00076,2025-04-30,Automation,6,22,0
A00077,2025-04-30,Premium Support,8,24,0
A00078,2025-04-30,Automation,4,20,0
A00079,2025-04-30,API,5,28,0
A00080,2025-04-30,Analytics,2,18,0
A00081,2025-04-30,Premium Support,9,29,1
A00082,2025-04-30,Premium Support,6,25,1
A00083,2025-04-30,API,6,20,0
A00084,2025-04-30,Core,11,15,1
A00085,2025-04-30,Premium Support,5,15,0
A00086,2025-04-30,Analytics,7,17,1
A00087,2025-04-30,Automation,14,7,0
A00088,2025-04-30,Analytics,7,15,0
A00089,2025-04-30,Premium Support,9,2,0
A00090,2025-04-30,API,5,22,0
A00091,2025-04-30,Analytics,9,29,0
A00092,2025-04-30,Automation,8,27,0
A00093,2025-04-30,Automation,7,21,0
A00094,2025-04-30,Analytics,6,17,0
A00095,2025-04-30,Core,3,13,0
A00096,2025-04-30,Premium Support,7,10,0
A00097,2025-04-30,Premium Support,9,6,0
A00098,2025-04-30,Automation,8,15,0
A00099,2025-04-30,Core,3,21,1
A00100,2025-04-30,Premium Support,8,28,0
A00101,2025-04-30,API,7,16,0
A00102,2025-04-30,Automation,8,5,0
A00103,2025-04-30,Automation,7,16,0
A00104,2025-04-30,API,11,27,1
A00105,2025-04-30,Analytics,12,13,0
A00106,2025-04-30,Premium Support,11,24,0
A00107,2025-04-30,API,8,24,1
A00108,2025-04-30,Premium Support,11,11,1
A00109,2025-04-30,Core,6,22,0
A00110,2025-04-30,Automation,10,26,0
A00111,2025-04-30,Core,13,4,2
A00112,2025-04-30,Core,8,22,0
A00113,2025-04-30,Premium Support,4,14,0
A00114,2025-04-30,Core,7,28,0
A00115,2025-04-30,Core,8,27,0
A00116,2025-04-30,Core,8,15,1
A00117,2025-04-30,Analytics,16,19,0
A00118,2025-04-30,Core,10,21,1
A00119,2025-04-30,Core,10,8,0
A00120,2025-04-30,API,6,10,0
A00121,2025-04-30,Analytics,6,21,0
A00122,2025-04-30,API,7,11,0
A00123,2025-04-30,Core,7,3,0
A00124,2025-04-30,Automation,14,5,0
A00125,2025-04-30,API,4,9,1
A00126,2025-04-30,Premium Support,3,17,0
A00127,2025-04-30,Premium Support,5,19,1
A00128,2025-04-30,Analytics,14,0,0
A00129,2025-04-30,Analytics,7,7,0
A00130,2025-04-30,Premium Support,5,27,0
A00131,2025-04-30,Analytics,4,5,0
A00132,2025-04-30,Premium Support,5,9,0
A00133,2025-04-30,Core,9,19,1
A00134,2025-04-30,Automation,9,18,0
A00135,2025-04-30,API,8,28,0
A00136,2025-04-30,Premium Support,10,29,0
A00137,2025-04-30,Core,5,10,0
A00138,2025-04-30,Premium Support,14,12,0
A00139,2025-04-30,Premium Support,5,7,0
A00140,2025-04-30,API,10,2,0
A00141,2025-04-30,Automation,10,24,0
A00142,2025-04-30,API,8,11,2
A00143,2025-04-30,Automation,8,20,0
A00144,2025-04-30,API,12,29,0
A00145,2025-04-30,Automation,7,17,0
A00146,2025-04-30,API,10,28,0
A00147,2025-04-30,Premium Support,8,13,0
A00148,2025-04-30,Premium Support,13,20,0
A00149,2025-04-30,Automation,9,19,1
A00150,2025-04-30,Core,3,20,0
A00151,2025-04-30,Analytics,5,29,0
A00152,2025-04-30,Analytics,8,14,0
A00153,2025-04-30,Core,13,16,0
A00154,2025-04-30,Premium Support,7,15,1
A00155,2025-04-30,Analytics,7,23,0
A00156,2025-04-30,Automation,7,16,0
A00157,2025-04-30,Premium Support,9,5,0
A00158,2025-04-30,Analytics,10,11,1
A00159,2025-04-30,Automation,6,0,0
A00160,2025-04-30,Automation,11,24,0
A00161,2025-04-30,Automation,8,16,0
A00162,2025-04-30,Core,5,27,0
A00163,2025-04-30,API,7,16,0
A00164,2025-04-30,API,7,25,0
A00165,2025-04-30,Core,10,25,0
A00166,2025-04-30,Premium Support,8,8,0
A00167,2025-04-30,Automation,11,17,0
A00168,2025-04-30,Automation,4,6,0
A00169,2025-04-30,Analytics,7,10,1
A00170,2025-04-30,Premium Support,5,29,1
A00171,2025-04-30,API,11,14,2
A00172,2025-04-30,Core,10,4,0
A00173,2025-04-30,Premium Support,16,28,1
A00174,2025-04-30,API,7,11,1
A00175,2025-04-30,API,8,21,0
A00176,2025-04-30,Automation,7,1,1
A00177,2025-04-30,Core,5,3,0
A00178,2025-04-30,Core,11,6,2
A00179,2025-04-30,API,4,28,0
A00180,2025-04-30,Premium Support,3,12,0
A00181,2025-04-30,Premium Support,7,26,0
A00182,2025-04-30,Analytics,7,1,0
A00183,2025-04-30,Premium Support,8,20,0
A00184,2025-04-30,Premium Support,13,17,0
A00185,2025-04-30,Premium Support,11,9,1
A00186,2025-04-30,Analytics,6,12,0
A00187,2025-04-30,Automation,11,9,0
A00188,2025-04-30,Premium Support,7,12,1
A00189,2025-04-30,API,12,15,0
A00190,2025-04-30,Premium Support,10,22,0
A00191,2025-04-30,Analytics,12,25,1
A00192,2025-04-30,Premium Support,8,11,1
A00193,2025-04-30,Core,9,25,0
A00194,2025-04-30,Automation,6,2,0
A00195,2025-04-30,Analytics,10,12,0
A00196,2025-04-30,API,7,20,0
A00197,2025-04-30,Automation,9,25,0
A00198,2025-04-30,API,8,20,0
A00199,2025-04-30,Premium Support,13,13,0
A00200,2025-04-30,API,10,15,1
A00201,2025-04-30,API,8,12,1
A00202,2025-04-30,Analytics,10,0,0
A00203,2025-04-30,Automation,10,23,0
A00204,2025-04-30,Analytics,11,28,1
A00205,2025-04-30,Automation,6,13,0
A00206,2025-04-30,API,8,9,0
A00207,2025-04-30,API,10,24,0
A00208,2025-04-30,API,8,9,0
A00209,2025-04-30,Core,11,23,0
A00210,2025-04-30,Automation,5,5,0
A00211,2025-04-30,Premium Support,8,0,3
A00212,2025-04-30,Automation,5,19,0
A00213,2025-04-30,Core,6,25,2
A00214,2025-04-30,Automation,7,17,0
A00215,2025-04-30,Core,7,14,0
A00216,2025-04-30,Automation,11,26,0
A00217,2025-04-30,API,18,19,0
A00218,2025-04-30,Premium Support,9,18,1
A00219,2025-04-30,API,12,0,1
A00220,2025-04-30,Core,10,8,0
A00221,2025-04-30,Premium Support,9,3,0
A00222,2025-04-30,API,5,23,0
A00223,2025-04-30,Premium Support,9,4,0
A00224,2025-04-30,Core,4,8,0
A00225,2025-04-30,Analytics,8,10,1
A00226,2025-04-30,Core,11,26,0
A00227,2025-04-30,Analytics,8,15,0
A00228,2025-04-30,API,9,3,0
A00229,2025-04-30,Automation,7,6,0
A00230,2025-04-30,Analytics,13,12,0
A00231,2025-04-30,API,7,13,0
A00232,2025-04-30,Automation,4,29,1
A00233,2025-04-30,API,6,24,1
A00234,2025-04-30,Premium Support,8,22,0
A00235,2025-04-30,Core,7,29,0
A00236,2025-04-30,Automation,12,10,0
A00237,2025-04-30,Premium Support,7,15,1
A00238,2025-04-30,API,7,22,0
A00239,2025-04-30,Analytics,6,25,0
A00240,2025-04-30,Core,10,0,0
A00241,2025-04-30,Premium Support,5,10,1
A00242,2025-04-30,Core,7,0,0
A00243,2025-04-30,Core,9,3,0
A00244,2025-04-30,Core,11,12,0
A00245,2025-04-30,Core,8,14,0
A00246,2025-04-30,Analytics,11,28,0
A00247,2025-04-30,Analytics,13,10,0
A00248,2025-04-30,API,15,17,0
A00249,2025-04-30,Premium Support,12,22,1
A00250,2025-04-30,Analytics,6,3,0
A00251,2025-04-30,Core,5,20,1
A00252,2025-04-30,Core,10,17,0
A00253,2025-04-30,Premium Support,6,23,0
A00254,2025-04-30,Core,13,27,0
A00255,2025-04-30,Premium Support,8,13,0
A00256,2025-04-30,Core,12,17,0
A00257,2025-04-30,Core,9,4,0
A00258,2025-04-30,Core,12,8,0
A00259,2025-04-30,Premium Support,7,11,0
A00260,2025-04-30,Core,4,29,0
A00261,2025-04-30,Premium Support,10,16,1
A00262,2025-04-30,Core,11,28,0
A00263,2025-04-30,Automation,7,8,0
A00264,2025-04-30,API,8,14,1
A00265,2025-04-30,Analytics,14,9,1
A00266,2025-04-30,Automation,8,25,0
A00267,2025-04-30,Automation,8,18,0
A00268,2025-04-30,API,7,9,0
A00269,2025-04-30,Core,9,4,0
A00270,2025-04-30,Analytics,6,6,0
A00271,2025-04-30,Core,13,27,0
A00272,2025-04-30,Automation,9,13,0
A00273,2025-04-30,Analytics,6,22,1
A00274,2025-04-30,Automation,9,26,0
A00275,2025-04-30,API,8,18,0
A00276,2025-04-30,Automation,7,22,0
A00277,2025-04-30,API,7,9,0
A00278,2025-04-30,Analytics,6,29,0
A00279,2025-04-30,Automation,11,15,0
A00280,2025-04-30,Premium Support,6,23,1
A00281,2025-04-30,Automation,10,16,0
A00282,2025-04-30,Core,8,23,1
A00283,2025-04-30,Analytics,4,29,1
A00284,2025-04-30,Premium Support,10,25,1
A00285,2025-04-30,Automation,15,9,1
A00286,2025-04-30,Automation,4,1,0
A00287,2025-04-30,Automation,6,13,0
A00288,2025-04-30,Analytics,13,21,0
A00289,2025-04-30,Premium Support,9,25,0
A00290,2025-04-30,Core,13,2,0
A00291,2025-04-30,Premium Support,8,16,0
A00292,2025-04-30,Analytics,5,14,0
A00293,2025-04-30,Analytics,7,17,0
A00294,2025-04-30,Automation,6,14,0
A00295,2025-04-30,API,0,25,0
A00296,2025-04-30,Premium Support,10,22,0
A00297,2025-04-30,Premium Support,12,5,0
A00298,2025-04-30,Premium Support,12,28,0
A00299,2025-04-30,API,9,19,0
A00300,2025-04-30,Premium Support,8,5,0
A00301,2025-04-30,Automation,13,16,0
A00302,2025-04-30,Analytics,7,27,0
A00303,2025-04-30,API,6,6,0
A00304,2025-04-30,Analytics,8,21,0
A00305,2025-04-30,Analytics,9,23,0
A00306,2025-04-30,Automation,10,18,1
A00307,2025-04-30,API,13,15,0
A00308,2025-04-30,Analytics,13,22,0
A00309,2025-04-30,Premium Support,15,13,0
A00310,2025-04-30,Analytics,6,6,0
A00311,2025-04-30,Automation,10,1,0
A00312,2025-04-30,Analytics,12,1,0
A00313,2025-04-30,Analytics,6,18,0
A00314,2025-04-30,API,10,6,0
A00315,2025-04-30,API,6,7,0
A00316,2025-04-30,Automation,5,10,0
A00317,2025-04-30,Analytics,7,18,0
A00318,2025-04-30,Core,9,12,0
A00319,2025-04-30,Core,4,24,0
A00320,2025-04-30,Core,12,3,1
A00321,2025-04-30,Premium Support,11,3,0
A00322,2025-04-30,Core,12,22,2
A00323,2025-04-30,Premium Support,10,10,0
A00324,2025-04-30,Automation,5,16,1
A00325,2025-04-30,Core,7,18,0
A00326,2025-04-30,Analytics,12,19,3
A00327,2025-04-30,Automation,4,22,0
A00328,2025-04-30,API,14,2,0
A00329,2025-04-30,Premium Support,10,7,1
A00330,2025-04-30,API,8,15,0
A00331,2025-04-30,Analytics,7,4,1
A00332,2025-04-30,Analytics,6,26,1
A00333,2025-04-30,Automation,5,9,0
A00334,2025-04-30,Automation,7,25,0
A00335,2025-04-30,Automation,7,14,0
A00336,2025-04-30,Core,2,21,0
A00337,2025-04-30,Analytics,9,29,0
A00338,2025-04-30,Automation,5,18,0
A00339,2025-04-30,Analytics,10,8,0
A00340,2025-04-30,Automation,8,27,1
A00341,2025-04-30,Premium Support,10,4,0
A00342,2025-04-30,Analytics,10,3,0
A00343,2025-04-30,Analytics,11,1,0
A00344,2025-04-30,Automation,11,1,1
A00345,2025-04-30,Automation,8,9,0
A00346,2025-04-30,Analytics,9,21,3
A00347,2025-04-30,API,4,20,0
A00348,2025-04-30,API,4,10,1
A00349,2025-04-30,Premium Support,8,25,2
A00350,2025-04-30,Automation,5,3,0
A00351,2025-04-30,Core,8,11,1
A00352,2025-04-30,Core,7,28,1
A00353,2025-04-30,Premium Support,10,27,0
A00354,2025-04-30,Automation,11,0,1
A00355,2025-04-30,Premium Support,8,10,0
A00356,2025-04-30,Core,7,23,1
A00357,2025-04-30,API,8,29,0
A00358,2025-04-30,Core,2,12,0
A00359,2025-04-30,API,4,8,0
A00360,2025-04-30,Analytics,10,11,0
A00361,2025-04-30,Analytics,15,16,1
A00362,2025-04-30,Analytics,9,12,2
A00363,2025-04-30,Core,7,24,1
A00364,2025-04-30,Core,4,10,1
A00365,2025-04-30,API,7,23,0
A00366,2025-04-30,Analytics,8,3,0
A00367,2025-04-30,Analytics,7,28,2
A00368,2025-04-30,Automation,8,21,1
A00369,2025-04-30,API,7,20,0
A00370,2025-04-30,Premium Support,4,15,0
A00371,2025-04-30,Automation,7,0,1
A00372,2025-04-30,Premium Support,8,11,0
A00373,2025-04-30,Automation,11,16,1
A00374,2025-04-30,Premium Support,6,15,0
A00375,2025-04-30,Automation,10,6,1
A00376,2025-04-30,Automation,4,14,0
A00377,2025-04-30,Analytics,6,19,1
A00378,2025-04-30,Automation,7,7,0
A00379,2025-04-30,API,9,25,0
A00380,2025-04-30,Analytics,7,4,0
A00381,2025-04-30,Core,6,2,0
A00382,2025-04-30,Premium Support,2,23,0
A00383,2025-04-30,Analytics,10,16,0
A00384,2025-04-30,Analytics,14,21,0
A00385,2025-04-30,Automation,3,18,0
A00386,2025-04-30,Automation,8,5,0
A00387,2025-04-30,Automation,7,6,0
A00388,2025-04-30,Automation,4,3,0
A00389,2025-04-30,Premium Support,4,8,1
A00390,2025-04-30,Premium Support,8,16,0
A00391,2025-04-30,API,10,16,0
A00392,2025-04-30,Core,10,19,1
A00393,2025-04-30,Core,10,11,0
A00394,2025-04-30,Analytics,9,17,0
A00395,2025-04-30,API,12,2,1
A00396,2025-04-30,API,14,8,0
A00397,2025-04-30,Automation,9,23,0
A00398,2025-04-30,Automation,7,21,1
A00399,2025-04-30,Automation,11,23,0
A00400,2025-04-30,Automation,7,6,0
A00401,2025-04-30,Premium Support,10,17,0
A00402,2025-04-30,Core,7,15,0
A00403,2025-04-30,Analytics,5,16,3
A00404,2025-04-30,Premium Support,7,5,0
A00405,2025-04-30,Core,9,6,0
A00406,2025-04-30,API,8,10,1
A00407,2025-04-30,Automation,7,11,0
A00408,2025-04-30,Premium Support,12,14,0
A00409,2025-04-30,Premium Support,8,22,0
A00410,2025-04-30,Premium Support,9,17,0
A00411,2025-04-30,Core,3,26,0
A00412,2025-04-30,Premium Support,3,3,1
A00413,2025-04-30,API,5,23,0
A00414,2025-04-30,Automation,11,10,1
A00415,2025-04-30,Analytics,12,22,1
A00416,2025-04-30,Automation,10,16,0
A00417,2025-04-30,Core,2,2,0
A00418,2025-04-30,API,4,23,0
A00419,2025-04-30,Core,15,9,0
A00420,2025-04-30,API,7,7,0
A00421,2025-04-30,Premium Support,8,6,0
A00422,2025-04-30,API,6,23,0
A00423,2025-04-30,Core,2,18,0
A00424,2025-04-30,API,16,28,0
A00425,2025-04-30,Analytics,12,3,0
A00426,2025-04-30,Analytics,5,19,0
A00427,2025-04-30,API,12,6,0
A00428,2025-04-30,Analytics,6,22,0
A00429,2025-04-30,Analytics,13,5,0
A00430,2025-04-30,Core,10,24,0
A00431,2025-04-30,Automation,15,12,0
A00432,2025-04-30,Automation,8,25,0
A00433,2025-04-30,Premium Support,6,11,0
A00434,2025-04-30,API,11,2,0
A00435,2025-04-30,Core,2,6,0
A00436,2025-04-30,Analytics,6,9,0
A00437,2025-04-30,Premium Support,11,5,0
A00438,2025-04-30,Automation,8,15,2
A00439,2025-04-30,API,11,24,1
A00440,2025-04-30,Premium Support,14,10,0
A00441,2025-04-30,Analytics,5,2,1
A00442,2025-04-30,Core,9,6,0
A00443,2025-04-30,Automation,10,13,1
A00444,2025-04-30,Premium Support,5,27,0
A00445,2025-04-30,Core,7,17,0
A00446,2025-04-30,Core,6,23,0
A00447,2025-04-30,Automation,10,6,1
A00448,2025-04-30,Automation,9,6,0
A00449,2025-04-30,Core,6,3,0
A00450,2025-04-30,Premium Support,8,7,0
A00451,2025-04-30,Premium Support,6,28,0
A00452,2025-04-30,Analytics,10,18,0
A00453,2025-04-30,Premium Support,5,16,0
A00454,2025-04-30,Premium Support,7,13,0
A00455,2025-04-30,API,7,3,1
A00456,2025-04-30,Automation,9,9,0
A00457,2025-04-30,API,11,5,0
A00458,2025-04-30,Premium Support,9,25,0
A00459,2025-04-30,Core,9,7,0
A00460,2025-04-30,Core,6,28,0
A00461,2025-04-30,Analytics,4,7,0
A00462,2025-04-30,Core,10,10,1
A00463,2025-04-30,Core,14,2,0
A00464,2025-04-30,Automation,8,19,0
A00465,2025-04-30,API,14,4,0
A00466,2025-04-30,API,4,10,0
A00467,2025-04-30,Automation,9,29,0
A00468,2025-04-30,Premium Support,4,28,1
A00469,2025-04-30,Analytics,8,2,0
A00470,2025-04-30,API,10,12,0
A00471,2025-04-30,Automation,7,17,0
A00472,2025-04-30,Core,9,6,0
A00473,2025-04-30,API,5,2,0
A00474,2025-04-30,API,3,11,0
A00475,2025-04-30,Analytics,6,14,0
A00476,2025-04-30,Automation,8,9,1
A00477,2025-04-30,Analytics,11,25,0
A00478,2025-04-30,Analytics,10,15,2
A00479,2025-04-30,Automation,8,11,0
A00480,2025-04-30,API,11,2,0
A00481,2025-04-30,Core,8,28,0
A00482,2025-04-30,Automation,9,18,0
A00483,2025-04-30,Analytics,10,26,1
A00484,2025-04-30,Automation,6,23,0
A00485,2025-04-30,API,11,18,0
A00486,2025-04-30,Analytics,10,7,2
A00487,2025-04-30,Core,9,8,0
A00488,2025-04-30,Analytics,7,7,0
A00489,2025-04-30,Automation,7,20,0
A00490,2025-04-30,Automation,11,10,1
A00491,2025-04-30,Premium Support,8,3,0
A00492,2025-04-30,Analytics,7,15,0
A00493,2025-04-30,Premium Support,14,1,0
A00494,2025-04-30,Automation,10,3,0
A00495,2025-04-30,Analytics,11,26,0
A00496,2025-04-30,Analytics,12,16,0
A00497,2025-04-30,API,8,7,2
A00498,2025-04-30,Automation,10,19,1
A00499,2025-04-30,API,6,11,0
A00500,2025-04-30,Core,8,29,0
A00501,2025-04-30,Automation,4,25,1
A00502,2025-04-30,API,5,28,0
A00503,2025-04-30,Core,9,7,0
A00504,2025-04-30,Core,10,9,1
A00505,2025-04-30,API,6,18,0
A00506,2025-04-30,API,7,19,0
A00507,2025-04-30,Core,7,4,0
A00508,2025-04-30,Automation,10,21,0
A00509,2025-04-30,Automation,6,11,0
A00510,2025-04-30,API,8,24,0
A00511,2025-04-30,Core,7,14,0
A00512,2025-04-30,Core,7,2,1
A00513,2025-04-30,Core,10,17,1
A00514,2025-04-30,Premium Support,4,3,0
A00515,2025-04-30,Analytics,4,21,0
A00516,2025-04-30,Core,7,8,1
A00517,2025-04-30,Analytics,7,15,0
A00518,2025-04-30,Automation,10,8,1
A00519,2025-04-30,Analytics,10,4,0
A00520,2025-04-30,Automation,9,23,0
A00521,2025-04-30,Core,3,6,2
A00522,2025-04-30,Premium Support,7,24,0
A00523,2025-04-30,API,10,19,1
A00524,2025-04-30,Premium Support,7,14,0
A00525,2025-04-30,Automation,4,14,1
A00526,2025-04-30,Core,5,14,0
A00527,2025-04-30,Automation,8,12,0
A00528,2025-04-30,Premium Support,7,15,0
A00529,2025-04-30,API,9,0,0
A00530,2025-04-30,Core,7,0,1
A00531,2025-04-30,API,5,18,1
A00532,2025-04-30,API,3,11,0
A00533,2025-04-30,Automation,14,24,0
A00534,2025-04-30,Core,5,2,0
A00535,2025-04-30,Automation,9,3,0
A00536,2025-04-30,Analytics,12,3,3
A00537,2025-04-30,Analytics,5,26,0
A00538,2025-04-30,Automation,3,20,1
A00539,2025-04-30,API,3,14,0
A00540,2025-04-30,Premium Support,9,16,0
A00541,2025-04-30,Analytics,7,8,1
A00542,2025-04-30,Analytics,6,13,1
A00543,2025-04-30,Premium Support,7,9,1
A00544,2025-04-30,API,6,22,0
A00545,2025-04-30,Analytics,4,23,1
A00546,2025-04-30,Premium Support,5,17,0
A00547,2025-04-30,Core,13,6,0
A00548,2025-04-30,API,8,7,1
A00549,2025-04-30,Analytics,6,11,0
A00550,2025-04-30,Premium Support,9,19,1
A00551,2025-04-30,Core,4,26,1
A00552,2025-04-30,Analytics,2,8,0
A00553,2025-04-30,Core,3,23,0
A00554,2025-04-30,Core,3,3,0
A00555,2025-04-30,Analytics,5,4,0
A00556,2025-04-30,API,9,28,1
A00557,2025-04-30,API,8,9,1
A00558,2025-04-30,API,3,25,1
A00559,2025-04-30,Premium Support,10,10,1
A00560,2025-04-30,Premium Support,5,16,1
A00561,2025-04-30,Analytics,4,0,1
A00562,2025-04-30,Core,7,2,0
A00563,2025-04-30,Automation,4,28,0
A00564,2025-04-30,Core,7,12,0
A00565,2025-04-30,Automation,9,22,0
A00566,2025-04-30,Core,7,17,0
A00567,2025-04-30,Core,6,20,0
A00568,2025-04-30,Automation,8,9,0
A00569,2025-04-30,Automation,7,28,1
A00570,2025-04-30,Analytics,2,5,0
A00571,2025-04-30,Analytics,8,21,0
A00572,2025-04-30,Core,10,15,0
A00573,2025-04-30,Premium Support,6,16,1
A00574,2025-04-30,Premium Support,9,26,1
A00575,2025-04-30,Core,13,0,0
A00576,2025-04-30,Automation,13,9,1
A00577,2025-04-30,Premium Support,4,23,0
A00578,2025-04-30,Premium Support,11,26,0
A00579,2025-04-30,API,8,27,0
A00580,2025-04-30,Core,2,11,0
A00581,2025-04-30,API,7,12,0
A00582,2025-04-30,Analytics,3,8,3
A00583,2025-04-30,Analytics,7,11,0
A00584,2025-04-30,Automation,9,25,0
A00585,2025-04-30,API,10,10,0
A00586,2025-04-30,Core,8,2,0
A00587,2025-04-30,Automation,12,29,1
A00588,2025-04-30,Premium Support,11,22,0
A00589,2025-04-30,Core,8,4,0
A00590,2025-04-30,Premium Support,7,14,0
A00591,2025-04-30,Core,5,23,2
A00592,2025-04-30,API,9,2,0
A00593,2025-04-30,Core,6,6,0
A00594,2025-04-30,Premium Support,7,20,0
A00595,2025-04-30,Automation,4,22,0
A00596,2025-04-30,Premium Support,7,11,1
A00597,2025-04-30,Core,8,1,1
A00598,2025-04-30,Automation,7,22,0
A00599,2025-04-30,Premium Support,4,21,0
A00600,2025-04-30,Core,11,15,0
A00601,2025-04-30,Premium Support,13,7,0
A00602,2025-04-30,Core,9,24,0
A00603,2025-04-30,Core,7,20,1
A00604,2025-04-30,Analytics,8,0,0
A00605,2025-04-30,Premium Support,7,24,0
A00606,2025-04-30,Premium Support,13,14,0
A00607,2025-04-30,API,12,20,0
A00608,2025-04-30,API,8,15,0
A00609,2025-04-30,Core,10,2,1
A00610,2025-04-30,Premium Support,6,25,0
A00611,2025-04-30,Core,8,26,0
A00612,2025-04-30,Automation,4,25,0
A00613,2025-04-30,Analytics,14,16,1
A00614,2025-04-30,Premium Support,5,14,0
A00615,2025-04-30,Core,10,6,0
A00616,2025-04-30,Analytics,7,8,0
A00617,2025-04-30,Automation,10,4,0
A00618,2025-04-30,Automation,11,13,0
A00619,2025-04-30,Core,4,19,1
A00620,2025-04-30,Core,4,21,1
A00621,2025-04-30,Analytics,10,11,0
A00622,2025-04-30,Automation,4,2,1
A00623,2025-04-30,Automation,5,27,0
A00624,2025-04-30,API,8,29,1
A00625,2025-04-30,API,11,20,0
A00626,2025-04-30,Analytics,7,19,0
A00627,2025-04-30,API,5,26,0
A00628,2025-04-30,Automation,7,12,0
A00629,2025-04-30,Analytics,9,15,0
A00630,2025-04-30,Core,6,17,0
A00631,2025-04-30,Analytics,11,15,2
A00632,2025-04-30,Automation,6,26,1
A00633,2025-04-30,Premium Support,8,7,0
A00634,2025-04-30,API,10,12,0
A00635,2025-04-30,Premium Support,7,28,0
A00636,2025-04-30,API,5,6,0
A00637,2025-04-30,Automation,5,18,1
A00638,2025-04-30,API,8,20,0
A00639,2025-04-30,Core,5,25,0
A00640,2025-04-30,Analytics,3,1,0
A00641,2025-04-30,Automation,9,15,0
A00642,2025-04-30,Automation,7,11,0
A00643,2025-04-30,Automation,6,13,0
A00644,2025-04-30,Analytics,6,6,1
A00645,2025-04-30,Core,7,9,0
A00646,2025-04-30,Premium Support,7,22,1
A00647,2025-04-30,Analytics,6,28,0
A00648,2025-04-30,Automation,12,25,0
A00649,2025-04-30,Core,8,22,0
A00650,2025-04-30,Premium Support,4,24,0
A00651,2025-04-30,Premium Support,5,22,0
A00652,2025-04-30,Automation,11,3,1
A00653,2025-04-30,Analytics,9,19,0
A00654,2025-04-30,Core,10,4,0
A00655,2025-04-30,Analytics,4,10,0
A00656,2025-04-30,API,10,27,0
A00657,2025-04-30,Premium Support,10,27,0
A00658,2025-04-30,Automation,6,18,1
A00659,2025-04-30,API,7,21,0
A00660,2025-04-30,Automation,6,8,0
A00661,2025-04-30,Automation,6,22,0
A00662,2025-04-30,Automation,9,17,0
A00663,2025-04-30,Core,4,15,0
A00664,2025-04-30,API,8,21,0
A00665,2025-04-30,Premium Support,6,27,0
A00666,2025-04-30,Automation,6,20,1
A00667,2025-04-30,Analytics,6,12,0
A00668,2025-04-30,API,8,11,0
A00669,2025-04-30,Automation,6,7,0
A00670,2025-04-30,Core,6,18,1
A00671,2025-04-30,Core,6,10,0
A00672,2025-04-30,API,6,2,1
A00673,2025-04-30,Core,9,16,0
A00674,2025-04-30,API,7,27,0
A00675,2025-04-30,Automation,8,0,0
A00676,2025-04-30,API,10,24,0
A00677,2025-04-30,Premium Support,4,25,1
A00678,2025-04-30,Core,10,26,0
A00679,2025-04-30,API,4,2,0
A00680,2025-04-30,Premium Support,12,7,1
A00681,2025-04-30,Automation,14,23,0
A00682,2025-04-30,Premium Support,11,7,0
A00683,2025-04-30,API,6,29,0
A00684,2025-04-30,Core,12,16,0
A00685,2025-04-30,Analytics,15,10,1
A00686,2025-04-30,Premium Support,7,11,0
A00687,2025-04-30,Analytics,7,13,0
A00688,2025-04-30,Premium Support,12,5,0
A00689,2025-04-30,Automation,8,10,0
A00690,2025-04-30,Automation,3,23,2
A00691,2025-04-30,Premium Support,11,2,0
A00692,2025-04-30,Premium Support,5,2,0
A00693,2025-04-30,API,8,11,2
A00694,2025-04-30,Automation,9,0,0
A00695,2025-04-30,Core,8,13,0
A00696,2025-04-30,Core,9,24,0
A00697,2025-04-30,Premium Support,9,15,0
A00698,2025-04-30,Core,7,6,0
A00699,2025-04-30,Core,15,1,0
A00700,2025-04-30,Core,5,26,0
A00701,2025-04-30,Core,5,23,0
A00702,2025-04-30,API,6,16,0
A00703,2025-04-30,Core,14,8,1
A00704,2025-04-30,Core,7,18,1
A00705,2025-04-30,Premium Support,9,22,0
A00706,2025-04-30,Core,4,0,1
A00707,2025-04-30,Core,11,22,0
A00708,2025-04-30,API,10,13,0
A00709,2025-04-30,Analytics,11,11,0
A00710,2025-04-30,Analytics,9,27,0
A00711,2025-04-30,API,7,24,2
A00712,2025-04-30,Core,11,22,0
A00713,2025-04-30,Automation,6,21,0
A00714,2025-04-30,Automation,10,7,0
A00715,2025-04-30,Core,5,28,0
A00716,2025-04-30,API,13,1,0
A00717,2025-04-30,Analytics,11,10,0
A00718,2025-04-30,API,12,4,1
A00719,2025-04-30,Automation,9,5,0
A00720,2025-04-30,Analytics,9,23,0
A00721,2025-04-30,Automation,4,6,0
A00722,2025-04-30,Automation,9,14,0
A00723,2025-04-30,Premium Support,14,21,0
A00724,2025-04-30,Core,11,14,1
A00725,2025-04-30,API,2,7,0
A00726,2025-04-30,API,6,25,1
A00727,2025-04-30,Premium Support,8,9,1
A00728,2025-04-30,Analytics,11,13,0
A00729,2025-04-30,Analytics,7,6,1
A00730,2025-04-30,Automation,12,13,0
A00731,2025-04-30,Analytics,7,1,0
A00732,2025-04-30,Core,10,1,2
A00733,2025-04-30,API,11,0,0
A00734,2025-04-30,Premium Support,14,23,0
A00735,2025-04-30,Analytics,7,8,0
A00736,2025-04-30,Core,5,13,0
A00737,2025-04-30,API,5,12,0
A00738,2025-04-30,API,10,28,0
A00739,2025-04-30,Analytics,9,23,0
A00740,2025-04-30,Automation,7,6,0
A00741,2025-04-30,Core,9,1,0
A00742,2025-04-30,API,9,5,0
A00743,2025-04-30,Core,7,5,0
A00744,2025-04-30,Premium Support,8,0,0
A00745,2025-04-30,API,8,21,0
A00746,2025-04-30,Automation,3,20,0
A00747,2025-04-30,Automation,12,16,0
A00748,2025-04-30,Automation,10,16,1
A00749,2025-04-30,Automation,7,8,0
A00750,2025-04-30,Premium Support,4,8,0
A00751,2025-04-30,Automation,10,2,0
A00752,2025-04-30,Core,11,9,0
A00753,2025-04-30,Analytics,2,12,0
A00754,2025-04-30,API,3,9,0
A00755,2025-04-30,Premium Support,8,26,1
A00756,2025-04-30,API,7,11,0
A00757,2025-04-30,Premium Support,11,22,0
A00758,2025-04-30,Automation,9,9,0
A00759,2025-04-30,Analytics,9,26,1
A00760,2025-04-30,Premium Support,9,13,2
A00761,2025-04-30,API,8,22,0
A00762,2025-04-30,API,2,25,0
A00763,2025-04-30,Core,5,25,0
A00764,2025-04-30,Core,5,15,0
A00765,2025-04-30,API,4,24,0
A00766,2025-04-30,Automation,5,23,0
A00767,2025-04-30,Premium Support,6,5,0
A00768,2025-04-30,Automation,5,17,0
A00769,2025-04-30,API,5,15,0
A00770,2025-04-30,Analytics,8,8,0
A00771,2025-04-30,API,15,20,1
A00772,2025-04-30,Core,13,29,0
A00773,2025-04-30,API,10,13,0
A00774,2025-04-30,Core,2,5,0
A00775,2025-04-30,Automation,9,22,0
A00776,2025-04-30,Core,17,28,0
A00777,2025-04-30,API,13,1,1
A00778,2025-04-30,Analytics,7,28,0
A00779,2025-04-30,Automation,11,21,0
A00780,2025-04-30,Automation,7,5,0
A00781,2025-04-30,Analytics,9,11,0
A00782,2025-04-30,Analytics,7,4,0
A00783,2025-04-30,Premium Support,6,16,0
A00784,2025-04-30,Premium Support,15,8,0
A00785,2025-04-30,Premium Support,5,19,0
A00786,2025-04-30,Analytics,8,18,0
A00787,2025-04-30,Core,10,23,1
A00788,2025-04-30,Automation,10,12,0
A00789,2025-04-30,Analytics,6,18,0
A00790,2025-04-30,Analytics,9,25,0
A00791,2025-04-30,Automation,7,12,0
A00792,2025-04-30,Core,10,29,0
A00793,2025-04-30,Premium Support,8,13,0
A00794,2025-04-30,Analytics,5,13,1
A00795,2025-04-30,Analytics,13,17,0
A00796,2025-04-30,Automation,9,0,0
A00797,2025-04-30,Automation,11,15,1
A00798,2025-04-30,Automation,8,29,1
A00799,2025-04-30,API,9,18,0
A00800,2025-04-30,Automation,10,12,0
A00801,2025-04-30,Analytics,9,13,2
A00802,2025-04-30,API,7,15,1
A00803,2025-04-30,Core,6,3,0
A00804,2025-04-30,API,11,18,1
A00805,2025-04-30,Analytics,4,3,0
A00806,2025-04-30,Premium Support,5,22,0
A00807,2025-04-30,Premium Support,6,3,1
A00808,2025-04-30,Core,5,14,0
A00809,2025-04-30,Automation,8,28,0
A00810,2025-04-30,Core,5,1,0
A00811,2025-04-30,Analytics,3,1,1
A00812,2025-04-30,API,10,18,1
A00813,2025-04-30,Analytics,6,20,0
A00814,2025-04-30,Premium Support,9,13,0
A00815,2025-04-30,Core,8,5,1
A00816,2025-04-30,Premium Support,14,16,0
A00817,2025-04-30,Premium Support,11,21,1
A00818,2025-04-30,Automation,12,8,0
A00819,2025-04-30,Premium Support,10,4,0
A00820,2025-04-30,Analytics,11,0,0
A00821,2025-04-30,Automation,4,28,0
A00822,2025-04-30,Automation,12,3,0
A00823,2025-04-30,Analytics,7,19,0
A00824,2025-04-30,Analytics,2,17,0
A00825,2025-04-30,Analytics,9,16,0
A00826,2025-04-30,Core,3,19,0
A00827,2025-04-30,API,8,5,1
A00828,2025-04-30,Core,9,3,0
A00829,2025-04-30,Analytics,8,16,0
A00830,2025-04-30,Premium Support,3,13,0
A00831,2025-04-30,Core,10,16,0
A00832,2025-04-30,Automation,6,18,0
A00833,2025-04-30,Analytics,13,29,0
A00834,2025-04-30,Core,7,12,0
A00835,2025-04-30,API,1,22,0
A00836,2025-04-30,Analytics,7,20,1
A00837,2025-04-30,Automation,2,7,0
A00838,2025-04-30,Premium Support,8,28,0
A00839,2025-04-30,Automation,10,26,0
A00840,2025-04-30,Automation,8,9,0
A00841,2025-04-30,Automation,13,10,1
A00842,2025-04-30,Analytics,7,23,1
A00843,2025-04-30,API,8,20,0
A00844,2025-04-30,Premium Support,10,7,1
A00845,2025-04-30,API,6,5,0
A00846,2025-04-30,API,7,17,0
A00847,2025-04-30,Automation,8,22,0
A00848,2025-04-30,API,9,26,0
A00849,2025-04-30,Core,6,11,0
A00850,2025-04-30,API,7,26,0
A00851,2025-04-30,Core,7,22,2
A00852,2025-04-30,Automation,8,12,0
A00853,2025-04-30,Premium Support,14,23,1
A00854,2025-04-30,Analytics,6,24,0
A00855,2025-04-30,Analytics,3,26,0
A00856,2025-04-30,Core,7,14,0
A00857,2025-04-30,Analytics,7,16,0
A00858,2025-04-30,Automation,5,19,0
A00859,2025-04-30,Core,14,8,1
A00860,2025-04-30,API,8,15,0
A00861,2025-04-30,Premium Support,6,17,0
A00862,2025-04-30,Premium Support,12,16,0
A00863,2025-04-30,Core,8,10,0
A00864,2025-04-30,Premium Support,7,2,0
A00865,2025-04-30,Premium Support,5,15,0
A00866,2025-04-30,Automation,9,25,0
A00867,2025-04-30,Premium Support,7,21,0
A00868,2025-04-30,API,5,9,0
A00869,2025-04-30,API,8,18,2
A00870,2025-04-30,Automation,10,3,0
A00871,2025-04-30,Premium Support,10,19,0
A00872,2025-04-30,Core,7,10,1
A00873,2025-04-30,Automation,11,16,0
A00874,2025-04-30,Analytics,10,2,0
A00875,2025-04-30,Premium Support,9,12,0
A00876,2025-04-30,Automation,14,0,2
A00877,2025-04-30,Core,6,22,0
A00878,2025-04-30,API,9,11,0
A00879,2025-04-30,Premium Support,7,28,1
A00880,2025-04-30,Automation,7,14,1
A00881,2025-04-30,Automation,12,2,1
A00882,2025-04-30,Core,7,27,0
A00883,2025-04-30,Premium Support,12,14,0
A00884,2025-04-30,Automation,5,11,1
A00885,2025-04-30,Premium Support,6,20,0
A00886,2025-04-30,Premium Support,12,24,2
A00887,2025-04-30,Premium Support,6,21,0
A00888,2025-04-30,Automation,10,18,0
A00889,2025-04-30,API,10,28,1
A00890,2025-04-30,Core,5,13,0
A00891,2025-04-30,Core,8,13,0
A00892,2025-04-30,Automation,6,1,0
A00893,2025-04-30,Premium Support,17,15,0
A00894,2025-04-30,Premium Support,13,25,0
A00895,2025-04-30,Premium Support,13,8,0
A00896,2025-04-30,Core,11,18,1
A00897,2025-04-30,API,3,24,1
A00898,2025-04-30,Automation,9,6,1
A00899,2025-04-30,Automation,13,0,0
A00900,2025-04-30,API,6,8,0
A00901,2025-04-30,Premium Support,2,1,0
A00902,2025-04-30,Analytics,7,22,0
A00903,2025-04-30,Premium Support,8,9,1
A00904,2025-04-30,API,9,24,1
A00905,2025-04-30,Automation,10,22,0
A00906,2025-04-30,API,8,21,0
A00907,2025-04-30,Analytics,8,7,1
A00908,2025-04-30,API,7,6,1
A00909,2025-04-30,API,5,9,0
A00910,2025-04-30,Automation,8,2,0
A00911,2025-04-30,Core,7,10,1
A00912,2025-04-30,Core,4,13,1
A00913,2025-04-30,Analytics,9,16,0
A00914,2025-04-30,Analytics,8,16,0
A00915,2025-04-30,Automation,8,24,0
A00916,2025-04-30,Automation,11,16,0
A00917,2025-04-30,Core,11,23,1
A00918,2025-04-30,Core,11,16,1
A00919,2025-04-30,Premium Support,8,6,0
A00920,2025-04-30,Automation,11,21,0
A00921,2025-04-30,Premium Support,8,29,0
A00922,2025-04-30,Automation,6,17,1
A00923,2025-04-30,API,6,17,1
A00924,2025-04-30,Analytics,9,7,0
A00925,2025-04-30,Premium Support,9,22,0
A00926,2025-04-30,Premium Support,8,1,0
A00927,2025-04-30,API,8,21,0
A00928,2025-04-30,API,12,14,0
A00929,2025-04-30,Analytics,8,27,0
A00930,2025-04-30,Premium Support,7,5,0
A00931,2025-04-30,Core,8,14,0
A00932,2025-04-30,Core,5,12,0
A00933,2025-04-30,Premium Support,7,24,0
A00934,2025-04-30,Premium Support,14,6,0
A00935,2025-04-30,Analytics,10,12,1
A00936,2025-04-30,API,7,14,1
A00937,2025-04-30,Analytics,13,16,1
A00938,2025-04-30,Premium Support,7,7,1
A00939,2025-04-30,Core,8,12,0
A00940,2025-04-30,API,11,9,0
A00941,2025-04-30,API,12,4,0
A00942,2025-04-30,Premium Support,9,5,1
A00943,2025-04-30,API,11,6,0
A00944,2025-04-30,Analytics,6,17,1
A00945,2025-04-30,API,5,22,0
A00946,2025-04-30,Automation,6,20,0
A00947,2025-04-30,Premium Support,15,0,0
A00948,2025-04-30,Core,5,16,0
A00949,2025-04-30,Automation,7,6,0
A00950,2025-04-30,API,12,29,0
A00951,2025-04-30,Core,6,4,2
A00952,2025-04-30,Analytics,7,12,0
A00953,2025-04-30,API,9,16,0
A00954,2025-04-30,Premium Support,9,5,2
A00955,2025-04-30,Premium Support,11,1,0
A00956,2025-04-30,API,10,24,0
A00957,2025-04-30,Automation,8,9,0
A00958,2025-04-30,API,14,13,0
A00959,2025-04-30,Automation,4,22,1
A00960,2025-04-30,Premium Support,11,11,0
A00961,2025-04-30,Core,11,13,0
A00962,2025-04-30,Premium Support,10,16,0
A00963,2025-04-30,Core,6,22,1
A00964,2025-04-30,Premium Support,7,4,0
A00965,2025-04-30,API,10,29,1
A00966,2025-04-30,Core,5,27,0
A00967,2025-04-30,Core,12,18,1
A00968,2025-04-30,Premium Support,8,24,0
A00969,2025-04-30,Automation,7,20,1
A00970,2025-04-30,API,7,27,2
A00971,2025-04-30,Premium Support,6,0,1
A00972,2025-04-30,Premium Support,6,14,0
A00973,2025-04-30,Core,3,29,0
A00974,2025-04-30,API,8,9,1
A00975,2025-04-30,Automation,9,25,0
A00976,2025-04-30,Automation,2,4,0
A00977,2025-04-30,API,6,0,0
A00978,2025-04-30,Analytics,6,19,0
A00979,2025-04-30,Analytics,6,27,0
A00980,2025-04-30,Core,7,7,1
A00981,2025-04-30,API,13,24,0
A00982,2025-04-30,API,8,9,1
A00983,2025-04-30,Premium Support,6,29,1
A00984,2025-04-30,Core,6,0,0
A00985,2025-04-30,API,8,22,0
A00986,2025-04-30,Automation,7,28,0
A00987,2025-04-30,API,8,15,0
A00988,2025-04-30,Core,7,25,0
A00989,2025-04-30,Automation,6,1,0
A00990,2025-04-30,Core,11,21,1
A00991,2025-04-30,Automation,10,1,0
A00992,2025-04-30,Analytics,4,22,0
A00993,2025-04-30,Automation,7,5,0
A00994,2025-04-30,Core,9,24,0
A00995,2025-04-30,Automation,6,15,0
A00996,2025-04-30,Core,11,6,0
A00997,2025-04-30,Analytics,7,24,1
A00998,2025-04-30,Automation,8,14,1
A00999,2025-04-30,Analytics,5,27,0
A01000,2025-04-30,API,11,13,0
A01001,2025-04-30,API,10,13,0
A01002,2025-04-30,Analytics,8,1,0
A01003,2025-04-30,API,7,6,3
A01004,2025-04-30,Analytics,12,18,0
A01005,2025-04-30,API,12,7,1
A01006,2025-04-30,Automation,5,3,0
A01007,2025-04-30,Automation,7,6,0
A01008,2025-04-30,Analytics,7,17,0
A01009,2025-04-30,Automation,4,11,0
A01010,2025-04-30,Automation,6,22,0
A01011,2025-04-30,API,9,27,0
A01012,2025-04-30,Automation,6,3,0
A01013,2025-04-30,API,11,2,0
A01014,2025-04-30,Core,8,5,0
A01015,2025-04-30,API,5,0,0
A01016,2025-04-30,Premium Support,9,26,0
A01017,2025-04-30,API,6,22,0
A01018,2025-04-30,API,6,21,0
A01019,2025-04-30,Automation,5,27,0
A01020,2025-04-30,Premium Support,5,23,1
A01021,2025-04-30,API,10,24,0
A01022,2025-04-30,Analytics,10,4,0
A01023,2025-04-30,Automation,8,26,0
A01024,2025-04-30,Automation,4,20,0
A01025,2025-04-30,Automation,5,4,1
A01026,2025-04-30,Automation,9,4,0
A01027,2025-04-30,Premium Support,20,22,1
A01028,2025-04-30,Analytics,16,12,0
A01029,2025-04-30,Analytics,7,9,0
A01030,2025-04-30,Premium Support,5,1,0
A01031,2025-04-30,Core,12,12,0
A01032,2025-04-30,Premium Support,14,9,0
A01033,2025-04-30,Analytics,13,8,0
A01034,2025-04-30,Automation,5,29,0
A01035,2025-04-30,Premium Support,7,5,0
A01036,2025-04-30,Premium Support,10,20,0
A01037,2025-04-30,Automation,12,19,0
A01038,2025-04-30,Analytics,10,1,1
A01039,2025-04-30,Analytics,9,0,1
A01040,2025-04-30,Automation,10,23,1
A01041,2025-04-30,Automation,3,15,0
A01042,2025-04-30,Analytics,5,11,0
A01043,2025-04-30,API,13,13,1
A01044,2025-04-30,Premium Support,7,8,0
A01045,2025-04-30,Core,7,27,1
A01046,2025-04-30,API,6,5,0
A01047,2025-04-30,API,8,5,1
A01048,2025-04-30,Premium Support,8,12,0
A01049,2025-04-30,Analytics,15,4,0
A01050,2025-04-30,Core,7,7,0
A01051,2025-04-30,API,7,19,1
A01052,2025-04-30,Analytics,11,27,0
A01053,2025-04-30,Premium Support,9,1,0
A01054,2025-04-30,Automation,5,21,0
A01055,2025-04-30,Analytics,6,6,0
A01056,2025-04-30,Analytics,7,27,1
A01057,2025-04-30,Core,12,22,0
A01058,2025-04-30,Core,11,1,0
A01059,2025-04-30,API,9,20,0
A01060,2025-04-30,Automation,4,1,0
A01061,2025-04-30,Automation,9,11,0
A01062,2025-04-30,Core,6,18,0
A01063,2025-04-30,Core,5,25,0
A01064,2025-04-30,API,8,18,0
A01065,2025-04-30,Core,6,24,0
A01066,2025-04-30,Premium Support,17,21,0
A01067,2025-04-30,API,4,3,0
A01068,2025-04-30,API,6,16,1
A01069,2025-04-30,Automation,6,3,0
A01070,2025-04-30,API,4,1,0
A01071,2025-04-30,Core,6,26,0
A01072,2025-04-30,Analytics,9,20,1
A01073,2025-04-30,Analytics,13,0,0
A01074,2025-04-30,Core,5,24,0
A01075,2025-04-30,API,7,25,0
A01076,2025-04-30,Core,7,21,0
A01077,2025-04-30,Core,5,13,0
A01078,2025-04-30,Premium Support,6,24,0
A01079,2025-04-30,Core,8,29,0
A01080,2025-04-30,Core,9,13,0
A01081,2025-04-30,API,12,8,0
A01082,2025-04-30,Premium Support,8,3,0
A01083,2025-04-30,Analytics,12,7,0
A01084,2025-04-30,Analytics,5,26,0
A01085,2025-04-30,Automation,10,19,1
A01086,2025-04-30,Premium Support,8,22,1
A01087,2025-04-30,Analytics,7,3,0
A01088,2025-04-30,Core,7,16,0
A01089,2025-04-30,Analytics,10,8,1
A01090,2025-04-30,Premium Support,2,4,0
A01091,2025-04-30,Analytics,8,20,1
A01092,2025-04-30,Premium Support,7,5,0
A01093,2025-04-30,API,7,26,2
A01094,2025-04-30,API,6,5,0
A01095,2025-04-30,Automation,8,18,0
A01096,2025-04-30,Premium Support,7,4,0
A01097,2025-04-30,Automation,5,7,0
A01098,2025-04-30,Analytics,12,24,0
A01099,2025-04-30,Analytics,9,26,0
A01100,2025-04-30,Core,9,13,0
A01101,2025-04-30,API,9,6,1
A01102,2025-04-30,Premium Support,14,8,0
A01103,2025-04-30,Analytics,8,17,0
A01104,2025-04-30,Analytics,6,10,1
A01105,2025-04-30,Premium Support,9,24,0
A01106,2025-04-30,Core,7,8,0
A01107,2025-04-30,Analytics,7,10,0
A01108,2025-04-30,Analytics,11,15,1
A01109,2025-04-30,Premium Support,5,8,0
A01110,2025-04-30,Premium Support,6,13,1
A01111,2025-04-30,Premium Support,10,7,0
A01112,2025-04-30,Premium Support,9,26,2
A01113,2025-04-30,Core,6,14,0
A01114,2025-04-30,Core,10,5,0
A01115,2025-04-30,Premium Support,1,5,0
A01116,2025-04-30,Analytics,12,25,0
A01117,2025-04-30,Core,5,12,0
A01118,2025-04-30,API,8,9,0
A01119,2025-04-30,Premium Support,14,10,1
A01120,2025-04-30,Automation,7,29,0
A01121,2025-04-30,API,9,11,0
A01122,2025-04-30,Core,11,20,0
A01123,2025-04-30,Automation,7,8,0
A01124,2025-04-30,Core,6,27,0
A01125,2025-04-30,Core,5,20,1
A01126,2025-04-30,Automation,5,27,0
A01127,2025-04-30,Core,3,7,0
A01128,2025-04-30,Core,12,14,0
A01129,2025-04-30,Premium Support,6,9,0
A01130,2025-04-30,API,5,12,1
A01131,2025-04-30,Automation,9,7,0
A01132,2025-04-30,Automation,9,5,0
A01133,2025-04-30,Premium Support,4,11,0
A01134,2025-04-30,Automation,13,10,1
A01135,2025-04-30,Automation,9,16,0
A01136,2025-04-30,API,13,9,1
A01137,2025-04-30,Core,10,4,1
A01138,2025-04-30,Automation,9,10,0
A01139,2025-04-30,API,15,21,0
A01140,2025-04-30,API,13,5,0
A01141,2025-04-30,Analytics,13,11,1
A01142,2025-04-30,Premium Support,13,6,0
A01143,2025-04-30,Automation,13,19,0
A01144,2025-04-30,API,3,24,0
A01145,2025-04-30,Core,9,26,1
A01146,2025-04-30,API,10,23,1
A01147,2025-04-30,Analytics,6,1,1
A01148,2025-04-30,API,6,25,0
A01149,2025-04-30,Core,3,27,0
A01150,2025-04-30,API,8,5,0
A01151,2025-04-30,Premium Support,6,12,0
A01152,2025-04-30,Analytics,11,28,0
A01153,2025-04-30,API,7,19,1
A01154,2025-04-30,API,7,7,0
A01155,2025-04-30,Premium Support,7,15,1
A01156,2025-04-30,Premium Support,12,5,0
A01157,2025-04-30,Premium Support,6,14,0
A01158,2025-04-30,API,5,3,0
A01159,2025-04-30,API,10,22,2
A01160,2025-04-30,Automation,6,4,0
A01161,2025-04-30,Core,6,0,0
A01162,2025-04-30,Automation,7,8,1
A01163,2025-04-30,Analytics,5,11,0
A01164,2025-04-30,API,6,29,0
A01165,2025-04-30,Automation,11,19,1
A01166,2025-04-30,API,7,21,0
A01167,2025-04-30,Analytics,7,21,0
A01168,2025-04-30,Core,8,16,0
A01169,2025-04-30,API,9,1,1
A01170,2025-04-30,Core,14,10,0
A01171,2025-04-30,Premium Support,10,22,0
A01172,2025-04-30,Premium Support,7,17,0
A01173,2025-04-30,Automation,11,10,0
A01174,2025-04-30,Analytics,5,14,0
A01175,2025-04-30,Automation,4,2,0
A01176,2025-04-30,API,9,26,0
A01177,2025-04-30,Analytics,12,7,0
A01178,2025-04-30,API,7,8,0
A01179,2025-04-30,Core,7,7,0
A01180,2025-04-30,Core,6,5,1
A01181,2025-04-30,Analytics,8,12,0
A01182,2025-04-30,Core,9,8,1
A01183,2025-04-30,Premium Support,9,17,0
A01184,2025-04-30,Premium Support,14,22,3
A01185,2025-04-30,Analytics,11,3,0
A01186,2025-04-30,Analytics,7,16,0
A01187,2025-04-30,Automation,10,3,0
A01188,2025-04-30,Analytics,3,21,0
A01189,2025-04-30,Automation,6,14,0
A01190,2025-04-30,Core,6,14,0
A01191,2025-04-30,API,8,9,0
A01192,2025-04-30,Core,7,12,0
A01193,2025-04-30,Automation,6,11,0
A01194,2025-04-30,Automation,8,7,0
A01195,2025-04-30,API,9,25,0
A01196,2025-04-30,Premium Support,8,24,0
A01197,2025-04-30,Automation,8,8,1
A01198,2025-04-30,Analytics,13,10,0
A01199,2025-04-30,API,9,21,0
A01200,2025-04-30,API,7,1,1
A01201,2025-04-30,Automation,12,6,0
A01202,2025-04-30,Automation,10,8,0
A01203,2025-04-30,Automation,3,3,0
A01204,2025-04-30,Core,9,4,0
A01205,2025-04-30,Core,9,16,0
A01206,2025-04-30,Analytics,6,16,0
A01207,2025-04-30,Core,12,22,0
A01208,2025-04-30,API,12,14,0
A01209,2025-04-30,Analytics,11,9,0
A01210,2025-04-30,Automation,8,14,0
A01211,2025-04-30,Automation,4,28,0
A01212,2025-04-30,Premium Support,9,7,0
A01213,2025-04-30,Core,13,26,0
A01214,2025-04-30,API,9,3,0
A01215,2025-04-30,Automation,6,21,0
A01216,2025-04-30,Analytics,10,3,0
A01217,2025-04-30,Premium Support,8,26,0
A01218,2025-04-30,Automation,8,10,0
A01219,2025-04-30,API,7,8,0
A01220,2025-04-30,Core,7,18,0
A01221,2025-04-30,API,7,14,0
A01222,2025-04-30,Core,9,0,0
A01223,2025-04-30,Analytics,8,21,0
A01224,2025-04-30,Analytics,11,0,0
A01225,2025-04-30,Core,9,24,0
A01226,2025-04-30,Core,11,3,0
A01227,2025-04-30,Premium Support,9,27,0
A01228,2025-04-30,API,6,15,0
A01229,2025-04-30,Core,1,2,1
A01230,2025-04-30,Analytics,9,9,1
A01231,2025-04-30,API,7,7,0
A01232,2025-04-30,Premium Support,14,13,0
A01233,2025-04-30,API,8,28,0
A01234,2025-04-30,Core,7,9,2
A01235,2025-04-30,API,6,15,0
A01236,2025-04-30,Automation,5,20,0
A01237,2025-04-30,Core,6,24,0
A01238,2025-04-30,Automation,6,9,0
A01239,2025-04-30,Analytics,7,4,0
A01240,2025-04-30,Premium Support,12,6,0
A01241,2025-04-30,API,4,19,1
A01242,2025-04-30,API,14,22,0
A01243,2025-04-30,Automation,9,19,0
A01244,2025-04-30,Premium Support,10,28,0
A01245,2025-04-30,Core,12,15,0
A01246,2025-04-30,Analytics,14,16,2
A01247,2025-04-30,Core,7,1,0
A01248,2025-04-30,Core,10,1,2
A01249,2025-04-30,API,7,29,0
A01250,2025-04-30,API,6,24,0
A01251,2025-04-30,Automation,10,23,0
A01252,2025-04-30,Automation,12,12,0
A01253,2025-04-30,Premium Support,15,2,0
A01254,2025-04-30,Analytics,8,20,0
A01255,2025-04-30,API,1,2,1
A01256,2025-04-30,Core,8,17,0
A01257,2025-04-30,API,6,11,0
A01258,2025-04-30,Core,5,15,0
A01259,2025-04-30,Premium Support,9,4,0
A01260,2025-04-30,API,4,11,0
A01261,2025-04-30,Core,9,11,0
A01262,2025-04-30,Analytics,6,6,1
A01263,2025-04-30,Automation,9,19,0
A01264,2025-04-30,Automation,8,11,0
A01265,2025-04-30,Automation,4,11,0
A01266,2025-04-30,Automation,7,4,0
A01267,2025-04-30,Premium Support,10,7,0
A01268,2025-04-30,Premium Support,9,20,0
A01269,2025-04-30,API,6,22,0
A01270,2025-04-30,Premium Support,3,2,0
A01271,2025-04-30,Automation,6,7,0
A01272,2025-04-30,Core,12,21,1
A01273,2025-04-30,Automation,10,6,0
A01274,2025-04-30,Analytics,11,23,0
A01275,2025-04-30,Premium Support,8,27,0
A01276,2025-04-30,Analytics,8,18,1
A01277,2025-04-30,API,11,13,1
A01278,2025-04-30,Premium Support,14,24,0
A01279,2025-04-30,Automation,9,20,0
A01280,2025-04-30,Core,7,10,0
A01281,2025-04-30,Premium Support,10,29,0
A01282,2025-04-30,API,12,14,2
A01283,2025-04-30,API,7,12,0
A01284,2025-04-30,Core,12,15,0
A01285,2025-04-30,Core,9,27,0
A01286,2025-04-30,API,7,19,0
A01287,2025-04-30,Analytics,5,27,1
A01288,2025-04-30,Core,15,14,1
A01289,2025-04-30,Core,16,11,0
A01290,2025-04-30,Automation,11,1,1
A01291,2025-04-30,API,6,23,1
A01292,2025-04-30,API,8,15,0
A01293,2025-04-30,API,5,12,1
A01294,2025-04-30,Premium Support,10,0,0
A01295,2025-04-30,API,8,17,0
A01296,2025-04-30,Premium Support,8,13,0
A01297,2025-04-30,Analytics,8,14,0
A01298,2025-04-30,Automation,5,0,1
A01299,2025-04-30,Automation,9,15,0
A01300,2025-04-30,Analytics,10,14,0
A01301,2025-04-30,Core,8,24,0
A01302,2025-04-30,Core,1,11,0
A01303,2025-04-30,Automation,4,4,0
A01304,2025-04-30,Core,13,15,1
A01305,2025-04-30,Automation,5,19,2
A01306,2025-04-30,Automation,14,15,0
A01307,2025-04-30,Automation,8,3,0
A01308,2025-04-30,Core,7,23,0
A01309,2025-04-30,Core,7,16,0
A01310,2025-04-30,Analytics,5,28,1
A01311,2025-04-30,API,10,5,0
A01312,2025-04-30,Core,10,7,0
A01313,2025-04-30,API,10,0,0
A01314,2025-04-30,Core,5,27,0
A01315,2025-04-30,Core,11,16,0
A01316,2025-04-30,Analytics,8,11,0
A01317,2025-04-30,API,9,3,0
A01318,2025-04-30,API,8,4,0
A01319,2025-04-30,Automation,10,2,0
A01320,2025-04-30,Core,5,18,0
A01321,2025-04-30,Core,9,12,0
A01322,2025-04-30,Premium Support,14,11,0
A01323,2025-04-30,API,11,22,0
A01324,2025-04-30,Automation,4,9,1
A01325,2025-04-30,Automation,5,11,0
A01326,2025-04-30,Analytics,5,18,0
A01327,2025-04-30,Core,5,17,0
A01328,2025-04-30,Premium Support,9,20,2
A01329,2025-04-30,Automation,6,19,0
A01330,2025-04-30,API,7,13,0
A01331,2025-04-30,Premium Support,7,10,0
A01332,2025-04-30,API,6,8,0
A01333,2025-04-30,Core,6,1,0
A01334,2025-04-30,Automation,11,23,1
A01335,2025-04-30,Premium Support,8,17,0
A01336,2025-04-30,Analytics,16,19,0
A01337,2025-04-30,Core,5,23,0
A01338,2025-04-30,Premium Support,5,18,1
A01339,2025-04-30,Core,7,1,0
A01340,2025-04-30,Core,6,27,0
A01341,2025-04-30,Premium Support,10,1,0
A01342,2025-04-30,Analytics,7,29,0
A01343,2025-04-30,Automation,6,6,0
A01344,2025-04-30,API,6,1,0
A01345,2025-04-30,Premium Support,8,27,0
A01346,2025-04-30,Premium Support,5,7,1
A01347,2025-04-30,API,9,19,0
A01348,2025-04-30,Automation,2,24,1
A01349,2025-04-30,Core,10,11,0
A01350,2025-04-30,Premium Support,5,3,0
A01351,2025-04-30,Premium Support,11,8,0
A01352,2025-04-30,Analytics,10,0,0
A01353,2025-04-30,API,6,12,1
A01354,2025-04-30,Premium Support,4,9,1
A01355,2025-04-30,Analytics,9,17,0
A01356,2025-04-30,Core,6,23,0
A01357,2025-04-30,Premium Support,8,25,1
A01358,2025-04-30,Core,8,12,2
A01359,2025-04-30,Core,11,10,0
A01360,2025-04-30,API,8,6,0
A01361,2025-04-30,API,11,19,0
A01362,2025-04-30,Analytics,9,5,0
A01363,2025-04-30,Premium Support,10,27,0
A01364,2025-04-30,Core,4,16,1
A01365,2025-04-30,Premium Support,11,25,0
A01366,2025-04-30,Automation,6,10,0
A01367,2025-04-30,Analytics,8,27,0
A01368,2025-04-30,API,7,18,1
A01369,2025-04-30,Core,7,13,0
A01370,2025-04-30,Premium Support,6,23,0
A01371,2025-04-30,Automation,3,20,0
A01372,2025-04-30,Premium Support,8,0,1
A01373,2025-04-30,Core,11,2,0
A01374,2025-04-30,Premium Support,8,9,0
A01375,2025-04-30,Premium Support,11,14,0
A01376,2025-04-30,API,7,16,0
A01377,2025-04-30,Automation,7,26,0
A01378,2025-04-30,Analytics,9,20,0
A01379,2025-04-30,API,5,10,0
A01380,2025-04-30,Premium Support,8,9,0
A01381,2025-04-30,Premium Support,11,5,0
A01382,2025-04-30,Analytics,7,14,0
A01383,2025-04-30,API,9,28,0
A01384,2025-04-30,Analytics,6,3,0
A01385,2025-04-30,Analytics,2,1,0
A01386,2025-04-30,Automation,5,2,0
A01387,2025-04-30,API,5,15,0
A01388,2025-04-30,Automation,7,25,0
A01389,2025-04-30,Premium Support,14,19,1
A01390,2025-04-30,Core,8,16,0
A01391,2025-04-30,API,4,20,0
A01392,2025-04-30,Core,5,13,0
A01393,2025-04-30,Core,9,29,0
A01394,2025-04-30,Core,10,13,0
A01395,2025-04-30,Analytics,3,24,1
A01396,2025-04-30,Core,6,28,1
A01397,2025-04-30,Automation,9,13,0
A01398,2025-04-30,Analytics,6,12,0
A01399,2025-04-30,Analytics,6,19,0
A01400,2025-04-30,Premium Support,11,7,1
A01401,2025-04-30,Automation,7,23,0
A01402,2025-04-30,Automation,14,2,1
A01403,2025-04-30,Automation,10,20,0
A01404,2025-04-30,Analytics,7,24,0
A01405,2025-04-30,Automation,14,9,0
A01406,2025-04-30,Core,4,28,0
A01407,2025-04-30,API,5,28,0
A01408,2025-04-30,Premium Support,10,27,0
A01409,2025-04-30,Analytics,6,1,0
A01410,2025-04-30,Automation,12,5,0
A01411,2025-04-30,Core,7,17,2
A01412,2025-04-30,API,4,19,1
A01413,2025-04-30,Core,11,18,1
A01414,2025-04-30,Premium Support,8,15,0
A01415,2025-04-30,API,7,4,0
A01416,2025-04-30,Premium Support,8,12,1
A01417,2025-04-30,Premium Support,7,14,0
A01418,2025-04-30,Core,6,24,0
A01419,2025-04-30,API,8,25,3
A01420,2025-04-30,Automation,10,26,0
A01421,2025-04-30,API,6,27,0
A01422,2025-04-30,Automation,12,4,1
A01423,2025-04-30,API,6,27,0
A01424,2025-04-30,Premium Support,6,0,0
A01425,2025-04-30,Automation,7,1,0
A01426,2025-04-30,API,10,5,0
A01427,2025-04-30,Premium Support,14,3,0
A01428,2025-04-30,Automation,5,24,0
A01429,2025-04-30,Analytics,8,9,0
A01430,2025-04-30,Analytics,7,27,1
A01431,2025-04-30,Core,8,19,1
A01432,2025-04-30,API,6,20,0
A01433,2025-04-30,API,4,4,0
A01434,2025-04-30,API,7,0,0
A01435,2025-04-30,Automation,6,3,0
A01436,2025-04-30,Analytics,10,17,0
A01437,2025-04-30,Analytics,12,26,0
A01438,2025-04-30,Automation,7,12,0
A01439,2025-04-30,Automation,11,16,0
A01440,2025-04-30,API,16,23,1
A01441,2025-04-30,Automation,7,5,1
A01442,2025-04-30,Premium Support,6,22,1
A01443,2025-04-30,API,8,20,0
A01444,2025-04-30,Automation,12,5,0
A01445,2025-04-30,Analytics,4,11,0
A01446,2025-04-30,API,9,9,0
A01447,2025-04-30,Analytics,8,29,0
A01448,2025-04-30,Automation,8,6,0
A01449,2025-04-30,Analytics,7,28,0
A01450,2025-04-30,Premium Support,3,15,0
A01451,2025-04-30,Premium Support,11,1,0
A01452,2025-04-30,Analytics,9,2,0
A01453,2025-04-30,Core,1,3,0
A01454,2025-04-30,Automation,12,17,0
A01455,2025-04-30,Premium Support,15,26,0
A01456,2025-04-30,Premium Support,8,14,0
A01457,2025-04-30,Analytics,13,11,0
A01458,2025-04-30,Core,9,16,0
A01459,2025-04-30,Core,8,6,1
A01460,2025-04-30,API,9,25,1
A01461,2025-04-30,Analytics,10,9,1
A01462,2025-04-30,Core,4,14,0
A01463,2025-04-30,Core,7,6,0
A01464,2025-04-30,Analytics,2,23,0
A01465,2025-04-30,Core,7,18,0
A01466,2025-04-30,Premium Support,10,28,0
A01467,2025-04-30,Premium Support,12,24,2
A01468,2025-04-30,Core,5,2,0
A01469,2025-04-30,API,6,18,0
A01470,2025-04-30,Core,15,2,0
A01471,2025-04-30,Core,7,19,0
A01472,2025-04-30,Analytics,3,5,0
A01473,2025-04-30,Premium Support,10,6,0
A01474,2025-04-30,Automation,7,21,0
A01475,2025-04-30,Automation,7,7,0
A01476,2025-04-30,Core,12,19,2
A01477,2025-04-30,Analytics,9,5,0
A01478,2025-04-30,API,5,18,1
A01479,2025-04-30,Analytics,9,29,0
A01480,2025-04-30,Automation,6,20,1
A01481,2025-04-30,API,7,6,0
A01482,2025-04-30,API,9,13,0
A01483,2025-04-30,API,9,7,0
A01484,2025-04-30,Premium Support,10,8,0
A01485,2025-04-30,API,11,12,2
A01486,2025-04-30,Automation,11,5,1
A01487,2025-04-30,API,11,7,0
A01488,2025-04-30,Core,5,28,0
A01489,2025-04-30,API,7,21,0
A01490,2025-04-30,Premium Support,11,7,0
A01491,2025-04-30,Automation,4,0,0
A01492,2025-04-30,API,6,10,0
A01493,2025-04-30,Premium Support,7,4,0
A01494,2025-04-30,Premium Support,7,21,0
A01495,2025-04-30,Premium Support,7,12,0
A01496,2025-04-30,Premium Support,6,22,0
A01497,2025-04-30,Analytics,4,24,0
A01498,2025-04-30,Core,11,15,0
A01499,2025-04-30,API,10,23,0
A01500,2025-04-30,Analytics,3,15,1
A01501,2025-04-30,Core,14,19,1
A01502,2025-04-30,Automation,14,29,1
A01503,2025-04-30,Core,7,28,0
A01504,2025-04-30,Core,12,13,1
A01505,2025-04-30,Core,7,15,0
A01506,2025-04-30,API,7,26,1
A01507,2025-04-30,Automation,4,1,0
A01508,2025-04-30,Premium Support,7,29,0
A01509,2025-04-30,Automation,6,18,0
A01510,2025-04-30,API,8,1,0
A01511,2025-04-30,Analytics,6,16,0
A01512,2025-04-30,Analytics,8,19,0
A01513,2025-04-30,Automation,15,16,0
A01514,2025-04-30,Core,8,28,2
A01515,2025-04-30,Core,7,13,0
A01516,2025-04-30,Automation,9,13,1
A01517,2025-04-30,Premium Support,6,6,1
A01518,2025-04-30,Premium Support,9,11,0
A01519,2025-04-30,Automation,10,15,0
A01520,2025-04-30,Premium Support,9,11,0
A01521,2025-04-30,Automation,8,2,0
A01522,2025-04-30,Core,9,22,0
A01523,2025-04-30,Analytics,9,8,1
A01524,2025-04-30,Core,11,20,0
A01525,2025-04-30,Analytics,9,29,0
A01526,2025-04-30,Premium Support,9,13,0
A01527,2025-04-30,Premium Support,5,1,0
A01528,2025-04-30,Premium Support,7,17,1
A01529,2025-04-30,API,11,1,1
A01530,2025-04-30,Analytics,7,17,0
A01531,2025-04-30,Analytics,6,29,0
A01532,2025-04-30,Core,1,8,0
A01533,2025-04-30,Premium Support,9,10,0
A01534,2025-04-30,API,15,0,1
A01535,2025-04-30,Core,14,7,0
A01536,2025-04-30,Analytics,7,0,1
A01537,2025-04-30,API,13,16,1
A01538,2025-04-30,Automation,8,13,0
A01539,2025-04-30,Premium Support,4,18,0
A01540,2025-04-30,Analytics,8,20,1
A01541,2025-04-30,Automation,8,1,0
A01542,2025-04-30,Premium Support,11,27,0
A01543,2025-04-30,Automation,6,8,0
A01544,2025-04-30,Analytics,11,25,0
A01545,2025-04-30,Analytics,8,28,0
A01546,2025-04-30,Core,12,10,0
A01547,2025-04-30,API,2,23,0
A01548,2025-04-30,Analytics,10,16,1
A01549,2025-04-30,API,5,18,0
A01550,2025-04-30,Core,5,13,0
A01551,2025-04-30,Premium Support,6,2,1
A01552,2025-04-30,Automation,5,6,0
A01553,2025-04-30,Analytics,6,6,0
A01554,2025-04-30,Core,5,6,0
A01555,2025-04-30,Analytics,8,20,0
A01556,2025-04-30,Core,8,25,0
A01557,2025-04-30,Core,5,2,0
A01558,2025-04-30,Automation,4,3,0
A01559,2025-04-30,Core,13,11,0
A01560,2025-04-30,API,10,2,0
A01561,2025-04-30,Automation,10,28,0
A01562,2025-04-30,API,10,8,1
A01563,2025-04-30,Core,8,22,1
A01564,2025-04-30,Analytics,11,14,0
A01565,2025-04-30,Core,7,11,0
A01566,2025-04-30,Premium Support,10,1,0
A01567,2025-04-30,Automation,10,13,0
A01568,2025-04-30,Premium Support,12,10,0
A01569,2025-04-30,Core,9,6,0
A01570,2025-04-30,Analytics,5,24,0
A01571,2025-04-30,Analytics,5,0,0
A01572,2025-04-30,Automation,10,11,0
A01573,2025-04-30,Core,8,0,0
A01574,2025-04-30,Premium Support,6,17,0
A01575,2025-04-30,API,7,17,1
A01576,2025-04-30,Premium Support,12,28,0
A01577,2025-04-30,Analytics,6,2,0
A01578,2025-04-30,Premium Support,10,21,0
A01579,2025-04-30,Premium Support,12,24,0
A01580,2025-04-30,API,9,20,0
A01581,2025-04-30,Premium Support,8,28,1
A01582,2025-04-30,Analytics,9,29,0
A01583,2025-04-30,Automation,5,2,1
A01584,2025-04-30,Premium Support,7,2,0
A01585,2025-04-30,Core,6,5,0
A01586,2025-04-30,API,6,28,0
A01587,2025-04-30,Core,8,5,0
A01588,2025-04-30,API,11,4,1
A01589,2025-04-30,Analytics,8,15,0
A01590,2025-04-30,Core,8,1,0
A01591,2025-04-30,Premium Support,7,21,0
A01592,2025-04-30,Analytics,8,13,0
A01593,2025-04-30,Automation,10,29,0
A01594,2025-04-30,Core,7,26,0
A01595,2025-04-30,Analytics,8,15,0
A01596,2025-04-30,Core,13,9,0
A01597,2025-04-30,Automation,7,1,0
A01598,2025-04-30,Analytics,5,2,0
A01599,2025-04-30,Premium Support,6,2,0
A01600,2025-04-30,API,4,0,0
A01601,2025-04-30,Core,6,14,1
A01602,2025-04-30,Automation,5,11,0
A01603,2025-04-30,Premium Support,5,3,0
A01604,2025-04-30,Automation,8,29,0
A01605,2025-04-30,Automation,8,27,0
A01606,2025-04-30,Premium Support,9,20,0
A01607,2025-04-30,Core,10,26,1
A01608,2025-04-30,Analytics,11,15,0
A01609,2025-04-30,Automation,10,12,1
A01610,2025-04-30,Automation,7,6,0
A01611,2025-04-30,Core,12,19,0
A01612,2025-04-30,Core,10,28,0
A01613,2025-04-30,API,5,28,0
A01614,2025-04-30,Analytics,10,1,2
A01615,2025-04-30,Core,6,0,0
A01616,2025-04-30,API,11,1,0
A01617,2025-04-30,Analytics,10,4,0
A01618,2025-04-30,Premium Support,7,8,0
A01619,2025-04-30,Premium Support,8,16,0
A01620,2025-04-30,Core,10,13,1
A01621,2025-04-30,Premium Support,4,20,0
A01622,2025-04-30,Analytics,4,26,0
A01623,2025-04-30,Core,7,1,0
A01624,2025-04-30,Core,7,21,0
A01625,2025-04-30,Analytics,3,18,0
A01626,2025-04-30,API,7,11,0
A01627,2025-04-30,Premium Support,6,20,0
A01628,2025-04-30,Analytics,10,19,1
A01629,2025-04-30,Automation,4,8,0
A01630,2025-04-30,Core,13,21,0
A01631,2025-04-30,Premium Support,5,12,0
A01632,2025-04-30,API,12,5,0
A01633,2025-04-30,API,10,29,1
A01634,2025-04-30,API,7,10,0
A01635,2025-04-30,Automation,7,16,0
A01636,2025-04-30,Automation,11,7,0
A01637,2025-04-30,Analytics,8,16,1
A01638,2025-04-30,Premium Support,12,24,1
A01639,2025-04-30,Core,4,9,0
A01640,2025-04-30,Premium Support,9,26,0
A01641,2025-04-30,Automation,9,14,0
A01642,2025-04-30,Core,7,26,0
A01643,2025-04-30,API,6,2,0
A01644,2025-04-30,Analytics,7,17,0
A01645,2025-04-30,Core,16,22,0
A01646,2025-04-30,Premium Support,10,10,0
A01647,2025-04-30,Premium Support,9,18,0
A01648,2025-04-30,API,6,15,0
A01649,2025-04-30,Core,5,12,0
A01650,2025-04-30,Analytics,8,26,0
A01651,2025-04-30,Automation,7,4,0
A01652,2025-04-30,API,10,20,1
A01653,2025-04-30,API,14,0,0
A01654,2025-04-30,Premium Support,3,24,0
A01655,2025-04-30,Core,9,13,0
A01656,2025-04-30,Premium Support,12,2,0
A01657,2025-04-30,Premium Support,5,7,0
A01658,2025-04-30,Analytics,6,15,1
A01659,2025-04-30,Premium Support,4,18,0
A01660,2025-04-30,Analytics,12,24,2
A01661,2025-04-30,Automation,11,25,0
A01662,2025-04-30,Automation,4,15,0
A01663,2025-04-30,Premium Support,8,5,0
A01664,2025-04-30,Core,10,9,1
A01665,2025-04-30,API,10,20,0
A01666,2025-04-30,Premium Support,7,10,0
A01667,2025-04-30,Core,6,14,1
A01668,2025-04-30,Core,3,1,0
A01669,2025-04-30,Core,11,19,1
A01670,2025-04-30,API,8,26,1
A01671,2025-04-30,API,9,28,0
A01672,2025-04-30,Automation,4,20,0
A01673,2025-04-30,API,9,2,1
A01674,2025-04-30,Premium Support,11,27,0
A01675,2025-04-30,Core,7,13,0
A01676,2025-04-30,Automation,7,4,0
A01677,2025-04-30,API,8,1,0
A01678,2025-04-30,API,6,7,0
A01679,2025-04-30,API,6,2,1
A01680,2025-04-30,Automation,10,16,0
A01681,2025-04-30,Automation,9,19,0
A01682,2025-04-30,Premium Support,8,2,0
A01683,2025-04-30,Analytics,8,21,1
A01684,2025-04-30,Core,5,18,1
A01685,2025-04-30,Core,9,23,0
A01686,2025-04-30,Automation,2,9,1
A01687,2025-04-30,Core,13,2,0
A01688,2025-04-30,Automation,12,5,0
A01689,2025-04-30,Core,10,7,0
A01690,2025-04-30,Premium Support,6,10,0
A01691,2025-04-30,Premium Support,10,14,0
A01692,2025-04-30,Analytics,9,28,0
A01693,2025-04-30,Premium Support,5,19,0
A01694,2025-04-30,Premium Support,11,18,0
A01695,2025-04-30,Premium Support,5,25,1
A01696,2025-04-30,Automation,8,18,0
A01697,2025-04-30,Analytics,8,4,1
A01698,2025-04-30,Analytics,8,22,0
A01699,2025-04-30,Analytics,9,18,0
A01700,2025-04-30,Premium Support,7,24,0
A00001,2025-05-31,Automation,6,18,0
A00002,2025-05-31,Premium Support,12,21,1
A00003,2025-05-31,API,14,15,0
A00004,2025-05-31,API,3,7,0
A00005,2025-05-31,Premium Support,10,10,0
A00006,2025-05-31,Analytics,6,19,1
A00007,2025-05-31,Core,7,29,0
A00008,2025-05-31,Premium Support,5,26,1
A00009,2025-05-31,Analytics,3,19,1
A00010,2025-05-31,Premium Support,6,11,0
A00011,2025-05-31,Core,11,16,0
A00012,2025-05-31,Analytics,8,26,0
A00013,2025-05-31,Premium Support,11,14,0
A00014,2025-05-31,Analytics,5,11,0
A00015,2025-05-31,Analytics,10,29,0
A00016,2025-05-31,Analytics,11,11,0
A00017,2025-05-31,Automation,6,13,0
A00018,2025-05-31,Automation,7,27,0
A00019,2025-05-31,Automation,7,9,0
A00020,2025-05-31,Analytics,6,22,1
A00021,2025-05-31,Automation,10,15,0
A00022,2025-05-31,API,6,18,0
A00023,2025-05-31,Analytics,5,18,0
A00024,2025-05-31,Premium Support,7,4,0
A00025,2025-05-31,Premium Support,6,12,0
A00026,2025-05-31,Premium Support,11,1,0
A00027,2025-05-31,API,8,14,0
A00028,2025-05-31,API,10,22,0
A00029,2025-05-31,Core,15,17,0
A00030,2025-05-31,Premium Support,8,12,0
A00031,2025-05-31,Analytics,5,8,0
A00032,2025-05-31,Analytics,10,2,0
A00033,2025-05-31,Analytics,9,9,1
A00034,2025-05-31,API,7,2,0
A00035,2025-05-31,Analytics,6,28,0
A00036,2025-05-31,Analytics,9,0,0
A00037,2025-05-31,Analytics,5,8,0
A00038,2025-05-31,Analytics,11,15,0
A00039,2025-05-31,Automation,10,11,0
A00040,2025-05-31,Automation,3,24,2
A00041,2025-05-31,Core,2,19,0
A00042,2025-05-31,Automation,16,23,0
A00043,2025-05-31,Automation,13,26,0
A00044,2025-05-31,API,6,8,0
A00045,2025-05-31,API,11,28,0
A00046,2025-05-31,Automation,9,21,0
A00047,2025-05-31,Core,11,4,1
A00048,2025-05-31,Analytics,3,29,0
A00049,2025-05-31,API,10,28,1
A00050,2025-05-31,Premium Support,12,24,1
A00051,2025-05-31,Analytics,5,15,0
A00052,2025-05-31,Automation,7,13,1
A00053,2025-05-31,Premium Support,9,15,0
A00054,2025-05-31,Premium Support,5,22,0
A00055,2025-05-31,Automation,10,6,1
A00056,2025-05-31,Automation,10,5,0
A00057,2025-05-31,Automation,9,15,0
A00058,2025-05-31,API,7,24,0
A00059,2025-05-31,Premium Support,6,26,1
A00060,2025-05-31,Automation,13,6,0
A00061,2025-05-31,Premium Support,9,11,0
A00062,2025-05-31,Core,9,11,0
A00063,2025-05-31,Core,5,22,0
A00064,2025-05-31,Analytics,4,18,0
A00065,2025-05-31,Core,13,10,0
A00066,2025-05-31,API,10,17,0
A00067,2025-05-31,Premium Support,11,7,0
A00068,2025-05-31,Core,9,17,0
A00069,2025-05-31,Premium Support,7,29,0
A00070,2025-05-31,Premium Support,3,24,0
A00071,2025-05-31,Core,7,19,1
A00072,2025-05-31,Analytics,13,7,0
A00073,2025-05-31,API,5,4,0
A00074,2025-05-31,Premium Support,12,26,1
A00075,2025-05-31,API,7,16,0
A00076,2025-05-31,Premium Support,4,1,1
A00077,2025-05-31,API,9,14,0
A00078,2025-05-31,Analytics,9,4,0
A00079,2025-05-31,Automation,7,16,0
A00080,2025-05-31,Core,3,30,0
A00081,2025-05-31,API,6,5,0
A00082,2025-05-31,Core,11,23,1
A00083,2025-05-31,Core,7,18,1
A00084,2025-05-31,Core,6,4,0
A00085,2025-05-31,Core,5,9,0
A00086,2025-05-31,Analytics,13,13,0
A00087,2025-05-31,Premium Support,10,25,0
A00088,2025-05-31,Core,4,0,0
A00089,2025-05-31,Premium Support,6,16,0
A00090,2025-05-31,API,11,16,0
A00091,2025-05-31,Premium Support,7,16,1
A00092,2025-05-31,API,9,30,1
A00093,2025-05-31,Automation,2,21,1
A00094,2025-05-31,Automation,9,20,0
A00095,2025-05-31,Automation,7,10,0
A00096,2025-05-31,Premium Support,7,18,1
A00097,2025-05-31,Premium Support,10,27,0
A00098,2025-05-31,Core,4,25,1
A00099,2025-05-31,Analytics,3,7,0
A00100,2025-05-31,Premium Support,5,17,0
A00101,2025-05-31,Automation,11,13,1
A00102,2025-05-31,API,6,19,0
A00103,2025-05-31,API,12,17,1
A00104,2025-05-31,Automation,3,9,1
A00105,2025-05-31,Automation,8,27,1
A00106,2025-05-31,Analytics,5,17,0
A00107,2025-05-31,Premium Support,17,29,0
A00108,2025-05-31,API,7,22,0
A00109,2025-05-31,Automation,3,18,0
A00110,2025-05-31,Analytics,9,15,1
A00111,2025-05-31,Premium Support,8,2,1
A00112,2025-05-31,API,3,12,0
A00113,2025-05-31,API,6,18,0
A00114,2025-05-31,Analytics,13,6,0
A00115,2025-05-31,API,7,20,0
A00116,2025-05-31,Core,11,7,1
A00117,2025-05-31,Core,12,20,0
A00118,2025-05-31,Analytics,7,28,0
A00119,2025-05-31,Automation,4,6,0
A00120,2025-05-31,Automation,8,4,0
A00121,2025-05-31,Automation,12,30,0
A00122,2025-05-31,Analytics,15,19,0
A00123,2025-05-31,Core,15,28,1
A00124,2025-05-31,Automation,8,22,0
A00125,2025-05-31,Automation,13,4,0
A00126,2025-05-31,API,6,6,0
A00127,2025-05-31,API,8,20,0
A00128,2025-05-31,Premium Support,5,5,0
A00129,2025-05-31,Automation,8,28,0
A00130,2025-05-31,Analytics,9,6,1
A00131,2025-05-31,Analytics,8,6,0
A00132,2025-05-31,Premium Support,6,16,1
A00133,2025-05-31,API,7,14,0
A00134,2025-05-31,Core,10,5,0
A00135,2025-05-31,Core,9,26,0
A00136,2025-05-31,Core,3,8,2
A00137,2025-05-31,Core,6,15,0
A00138,2025-05-31,Analytics,11,11,0
A00139,2025-05-31,Analytics,5,24,1
A00140,2025-05-31,Premium Support,6,1,0
A00141,2025-05-31,Automation,8,17,1
A00142,2025-05-31,Automation,7,0,0
A00143,2025-05-31,Premium Support,6,7,0
A00144,2025-05-31,Analytics,5,0,0
A00145,2025-05-31,Premium Support,7,15,0
A00146,2025-05-31,Core,11,27,0
A00147,2025-05-31,Core,7,12,0
A00148,2025-05-31,Premium Support,8,28,1
A00149,2025-05-31,API,6,7,1
A00150,2025-05-31,Premium Support,9,17,0
A00151,2025-05-31,Core,9,5,1
A00152,2025-05-31,Analytics,15,1,0
A00153,2025-05-31,Premium Support,9,4,1
A00154,2025-05-31,Core,9,16,1
A00155,2025-05-31,Premium Support,8,22,0
A00156,2025-05-31,Premium Support,7,27,1
A00157,2025-05-31,Analytics,9,15,1
A00158,2025-05-31,Analytics,6,26,0
A00159,2025-05-31,Analytics,9,14,0
A00160,2025-05-31,Analytics,14,18,0
A00161,2025-05-31,Premium Support,14,28,0
A00162,2025-05-31,Premium Support,4,3,0
A00163,2025-05-31,Automation,9,30,0
A00164,2025-05-31,Automation,7,10,0
A00165,2025-05-31,Core,8,2,0
A00166,2025-05-31,Core,9,30,0
A00167,2025-05-31,Analytics,7,4,0
A00168,2025-05-31,API,5,25,0
A00169,2025-05-31,Analytics,4,12,1
A00170,2025-05-31,API,8,22,0
A00171,2025-05-31,API,7,23,0
A00172,2025-05-31,Analytics,8,9,0
A00173,2025-05-31,Automation,7,14,0
A00174,2025-05-31,Automation,12,5,0
A00175,2025-05-31,Analytics,8,6,1
A00176,2025-05-31,Core,6,13,0
A00177,2025-05-31,Premium Support,13,0,0
A00178,2025-05-31,API,8,7,0
A00179,2025-05-31,Analytics,10,27,0
A00180,2025-05-31,API,4,10,1
A00181,2025-05-31,Automation,14,30,0
A00182,2025-05-31,Automation,4,25,0
A00183,2025-05-31,Premium Support,7,17,2
A00184,2025-05-31,Core,8,5,0
A00185,2025-05-31,Automation,6,24,0
A00186,2025-05-31,Premium Support,7,7,0
A00187,2025-05-31,Automation,9,20,2
A00188,2025-05-31,API,3,7,1
A00189,2025-05-31,Analytics,11,15,0
A00190,2025-05-31,Premium Support,9,28,0
A00191,2025-05-31,Automation,8,17,0
A00192,2025-05-31,Analytics,6,3,0
A00193,2025-05-31,Premium Support,5,7,0
A00194,2025-05-31,Premium Support,7,14,0
A00195,2025-05-31,API,11,2,0
A00196,2025-05-31,Core,9,28,2
A00197,2025-05-31,Analytics,9,3,0
A00198,2025-05-31,Premium Support,5,26,1
A00199,2025-05-31,Premium Support,11,23,0
A00200,2025-05-31,Automation,6,20,0
A00201,2025-05-31,Core,8,11,0
A00202,2025-05-31,API,10,21,0
A00203,2025-05-31,Automation,9,8,0
A00204,2025-05-31,Core,9,21,0
A00205,2025-05-31,API,8,13,1
A00206,2025-05-31,Premium Support,7,3,0
A00207,2025-05-31,Premium Support,9,22,0
A00208,2025-05-31,API,13,1,0
A00209,2025-05-31,Automation,10,14,0
A00210,2025-05-31,Automation,14,0,0
A00211,2025-05-31,API,14,4,0
A00212,2025-05-31,API,7,15,1
A00213,2025-05-31,Automation,9,11,0
A00214,2025-05-31,Analytics,9,21,0
A00215,2025-05-31,Premium Support,8,19,0
A00216,2025-05-31,Core,8,14,1
A00217,2025-05-31,Analytics,7,24,2
A00218,2025-05-31,Premium Support,6,0,0
A00219,2025-05-31,Automation,7,8,0
A00220,2025-05-31,Analytics,7,21,0
A00221,2025-05-31,Core,7,30,0
A00222,2025-05-31,API,3,12,1
A00223,2025-05-31,Premium Support,7,14,1
A00224,2025-05-31,API,7,24,0
A00225,2025-05-31,Core,6,16,1
A00226,2025-05-31,Automation,7,28,1
A00227,2025-05-31,API,8,9,1
A00228,2025-05-31,Analytics,6,14,0
A00229,2025-05-31,API,8,26,1
A00230,2025-05-31,Automation,4,14,0
A00231,2025-05-31,Automation,13,11,0
A00232,2025-05-31,Core,8,12,0
A00233,2025-05-31,Analytics,9,1,0
A00234,2025-05-31,Premium Support,8,13,0
A00235,2025-05-31,Analytics,4,11,1
A00236,2025-05-31,Premium Support,5,19,0
A00237,2025-05-31,Core,12,27,0
A00238,2025-05-31,Premium Support,7,22,0
A00239,2025-05-31,API,9,30,0
A00240,2025-05-31,Core,9,12,0
A00241,2025-05-31,Core,4,13,0
A00242,2025-05-31,API,8,7,0
A00243,2025-05-31,Core,9,16,0
A00244,2025-05-31,Premium Support,9,3,0
A00245,2025-05-31,Core,5,8,2
A00246,2025-05-31,Automation,5,22,0
A00247,2025-05-31,Premium Support,6,3,0
A00248,2025-05-31,Premium Support,9,12,0
A00249,2025-05-31,Core,4,0,0
A00250,2025-05-31,Automation,11,22,1
A00251,2025-05-31,Automation,3,10,1
A00252,2025-05-31,Premium Support,5,11,1
A00253,2025-05-31,Automation,3,4,0
A00254,2025-05-31,Core,7,20,0
A00255,2025-05-31,Automation,10,5,0
A00256,2025-05-31,Core,7,13,0
A00257,2025-05-31,Core,7,9,0
A00258,2025-05-31,Automation,13,29,0
A00259,2025-05-31,API,11,24,0
A00260,2025-05-31,Premium Support,13,14,0
A00261,2025-05-31,Automation,8,25,2
A00262,2025-05-31,Core,7,20,0
A00263,2025-05-31,Analytics,6,8,0
A00264,2025-05-31,Premium Support,9,17,0
A00265,2025-05-31,API,12,2,0
A00266,2025-05-31,Analytics,16,25,0
A00267,2025-05-31,Automation,3,7,0
A00268,2025-05-31,Automation,3,22,0
A00269,2025-05-31,Premium Support,7,12,0
A00270,2025-05-31,API,7,12,0
A00271,2025-05-31,Premium Support,12,1,0
A00272,2025-05-31,Automation,2,4,2
A00273,2025-05-31,Analytics,13,25,0
A00274,2025-05-31,API,10,13,0
A00275,2025-05-31,API,12,0,0
A00276,2025-05-31,Analytics,7,28,0
A00277,2025-05-31,API,6,26,1
A00278,2025-05-31,Premium Support,5,23,1
A00279,2025-05-31,Core,7,16,0
A00280,2025-05-31,Premium Support,8,12,0
A00281,2025-05-31,Premium Support,11,16,0
A00282,2025-05-31,Automation,9,11,0
A00283,2025-05-31,Premium Support,9,5,0
A00284,2025-05-31,Premium Support,13,1,0
A00285,2025-05-31,Premium Support,8,13,0
A00286,2025-05-31,Core,1,9,1
A00287,2025-05-31,Premium Support,10,14,1
A00288,2025-05-31,API,9,20,0
A00289,2025-05-31,Premium Support,6,16,0
A00290,2025-05-31,Analytics,6,27,1
A00291,2025-05-31,API,17,10,0
A00292,2025-05-31,Automation,12,20,1
A00293,2025-05-31,API,8,27,0
A00294,2025-05-31,Analytics,5,1,0
A00295,2025-05-31,Core,10,17,0
A00296,2025-05-31,Core,6,10,0
A00297,2025-05-31,Premium Support,5,18,0
A00298,2025-05-31,API,4,24,0
A00299,2025-05-31,Analytics,6,16,0
A00300,2025-05-31,API,11,25,0
A00301,2025-05-31,Premium Support,4,0,0
A00302,2025-05-31,Automation,0,2,0
A00303,2025-05-31,API,6,26,0
A00304,2025-05-31,Premium Support,9,8,0
A00305,2025-05-31,Core,7,21,0
A00306,2025-05-31,Premium Support,6,10,0
A00307,2025-05-31,Automation,4,4,0
A00308,2025-05-31,Automation,5,27,0
A00309,2025-05-31,Analytics,11,12,0
A00310,2025-05-31,Analytics,4,17,0
A00311,2025-05-31,Automation,4,27,0
A00312,2025-05-31,Premium Support,10,5,0
A00313,2025-05-31,Analytics,13,21,0
A00314,2025-05-31,Automation,12,17,1
A00315,2025-05-31,Analytics,7,26,0
A00316,2025-05-31,Premium Support,5,22,0
A00317,2025-05-31,API,7,14,0
A00318,2025-05-31,API,8,11,0
A00319,2025-05-31,Premium Support,11,21,0
A00320,2025-05-31,Core,4,29,0
A00321,2025-05-31,API,8,21,0
A00322,2025-05-31,Automation,17,25,0
A00323,2025-05-31,API,17,11,0
A00324,2025-05-31,Core,13,19,0
A00325,2025-05-31,Analytics,7,25,0
A00326,2025-05-31,Premium Support,4,11,0
A00327,2025-05-31,Core,10,5,1
A00328,2025-05-31,Automation,7,0,1
A00329,2025-05-31,Core,13,14,0
A00330,2025-05-31,API,4,2,0
A00331,2025-05-31,API,6,28,0
A00332,2025-05-31,Core,10,24,0
A00333,2025-05-31,Automation,8,21,0
A00334,2025-05-31,Analytics,6,27,0
A00335,2025-05-31,API,4,13,0
A00336,2025-05-31,Analytics,12,3,1
A00337,2025-05-31,API,7,20,0
A00338,2025-05-31,Core,8,2,0
A00339,2025-05-31,Analytics,5,3,0
A00340,2025-05-31,Core,8,21,0
A00341,2025-05-31,Automation,9,9,0
A00342,2025-05-31,Automation,7,17,0
A00343,2025-05-31,Analytics,8,5,2
A00344,2025-05-31,Core,9,11,0
A00345,2025-05-31,Analytics,11,15,0
A00346,2025-05-31,API,6,9,0
A00347,2025-05-31,Core,8,30,1
A00348,2025-05-31,API,12,7,0
A00349,2025-05-31,API,6,17,1
A00350,2025-05-31,Analytics,8,6,0
A00351,2025-05-31,API,12,16,1
A00352,2025-05-31,Premium Support,10,7,0
A00353,2025-05-31,Premium Support,6,5,0
A00354,2025-05-31,API,4,10,0
A00355,2025-05-31,Premium Support,8,26,0
A00356,2025-05-31,Automation,5,15,1
A00357,2025-05-31,Analytics,6,14,2
A00358,2025-05-31,Analytics,7,30,1
A00359,2025-05-31,Core,10,21,0
A00360,2025-05-31,Core,12,0,0
A00361,2025-05-31,API,10,14,1
A00362,2025-05-31,Core,6,23,0
A00363,2025-05-31,Automation,7,7,0
A00364,2025-05-31,Analytics,7,3,1
A00365,2025-05-31,Analytics,10,11,0
A00366,2025-05-31,Analytics,4,17,0
A00367,2025-05-31,API,8,12,1
A00368,2025-05-31,Core,9,5,1
A00369,2025-05-31,Analytics,3,27,0
A00370,2025-05-31,Analytics,9,0,0
A00371,2025-05-31,Premium Support,11,6,0
A00372,2025-05-31,Core,9,3,0
A00373,2025-05-31,Core,8,7,1
A00374,2025-05-31,Premium Support,4,6,1
A00375,2025-05-31,Automation,5,18,0
A00376,2025-05-31,Analytics,8,9,1
A00377,2025-05-31,Core,4,19,0
A00378,2025-05-31,Automation,11,5,0
A00379,2025-05-31,Automation,6,29,0
A00380,2025-05-31,Premium Support,7,9,0
A00381,2025-05-31,Core,6,14,1
A00382,2025-05-31,Premium Support,12,9,0
A00383,2025-05-31,API,5,8,0
A00384,2025-05-31,API,8,28,0
A00385,2025-05-31,Automation,12,12,0
A00386,2025-05-31,Analytics,6,23,0
A00387,2025-05-31,API,8,24,0
A00388,2025-05-31,Premium Support,7,5,0
A00389,2025-05-31,API,3,4,0
A00390,2025-05-31,Premium Support,11,20,1
A00391,2025-05-31,Core,10,7,0
A00392,2025-05-31,Automation,3,12,0
A00393,2025-05-31,Premium Support,3,28,0
A00394,2025-05-31,API,9,14,0
A00395,2025-05-31,Core,7,10,1
A00396,2025-05-31,Core,4,10,0
A00397,2025-05-31,Analytics,8,22,2
A00398,2025-05-31,Automation,9,20,0
A00399,2025-05-31,Premium Support,9,22,0
A00400,2025-05-31,Analytics,13,0,0
A00401,2025-05-31,Core,3,4,1
A00402,2025-05-31,Core,8,11,0
A00403,2025-05-31,Analytics,7,22,0
A00404,2025-05-31,API,10,23,0
A00405,2025-05-31,Automation,6,13,1
A00406,2025-05-31,Analytics,14,30,0
A00407,2025-05-31,Automation,6,16,0
A00408,2025-05-31,API,10,4,0
A00409,2025-05-31,Automation,1,27,0
A00410,2025-05-31,Analytics,7,10,1
A00411,2025-05-31,Premium Support,11,8,0
A00412,2025-05-31,Core,8,12,0
A00413,2025-05-31,Analytics,9,27,1
A00414,2025-05-31,API,9,16,0
A00415,2025-05-31,Premium Support,8,12,0
A00416,2025-05-31,Analytics,6,15,1
A00417,2025-05-31,Analytics,14,30,0
A00418,2025-05-31,API,10,25,1
A00419,2025-05-31,API,9,3,0
A00420,2025-05-31,API,8,19,0
A00421,2025-05-31,API,11,26,1
A00422,2025-05-31,API,15,25,1
A00423,2025-05-31,Core,8,9,0
A00424,2025-05-31,Premium Support,10,22,0
A00425,2025-05-31,Core,9,16,0
A00426,2025-05-31,Automation,6,29,0
A00427,2025-05-31,Core,6,17,0
A00428,2025-05-31,Automation,8,22,1
A00429,2025-05-31,Analytics,8,6,0
A00430,2025-05-31,Automation,9,3,0
A00431,2025-05-31,Premium Support,9,20,0
A00432,2025-05-31,Premium Support,4,21,1
A00433,2025-05-31,Analytics,12,27,0
A00434,2025-05-31,Automation,9,1,0
A00435,2025-05-31,Analytics,5,14,0
A00436,2025-05-31,Core,12,5,0
A00437,2025-05-31,Premium Support,7,5,0
A00438,2025-05-31,API,7,29,1
A00439,2025-05-31,API,14,23,1
A00440,2025-05-31,API,8,29,0
A00441,2025-05-31,Core,3,19,0
A00442,2025-05-31,Premium Support,7,3,0
A00443,2025-05-31,API,8,25,0
A00444,2025-05-31,API,7,12,0
A00445,2025-05-31,Premium Support,9,1,0
A00446,2025-05-31,Analytics,12,30,0
A00447,2025-05-31,Premium Support,10,30,0
A00448,2025-05-31,API,10,2,0
A00449,2025-05-31,Core,6,7,1
A00450,2025-05-31,API,8,28,0
A00451,2025-05-31,API,7,4,1
A00452,2025-05-31,API,7,30,0
A00453,2025-05-31,API,8,8,0
A00454,2025-05-31,Analytics,8,27,0
A00455,2025-05-31,Premium Support,5,10,1
A00456,2025-05-31,Analytics,11,25,1
A00457,2025-05-31,Automation,7,7,0
A00458,2025-05-31,Premium Support,11,17,0
A00459,2025-05-31,Core,5,24,0
A00460,2025-05-31,API,7,28,0
A00461,2025-05-31,Core,16,6,0
A00462,2025-05-31,Premium Support,8,3,0
A00463,2025-05-31,Premium Support,6,18,1
A00464,2025-05-31,Premium Support,6,3,0
A00465,2025-05-31,Premium Support,10,7,1
A00466,2025-05-31,Premium Support,9,21,0
A00467,2025-05-31,Analytics,16,6,0
A00468,2025-05-31,Analytics,5,0,0
A00469,2025-05-31,Core,5,4,0
A00470,2025-05-31,Core,8,19,0
A00471,2025-05-31,API,10,1,1
A00472,2025-05-31,Premium Support,9,19,0
A00473,2025-05-31,Premium Support,12,7,0
A00474,2025-05-31,Automation,2,18,0
A00475,2025-05-31,Core,6,28,0
A00476,2025-05-31,Analytics,8,5,0
A00477,2025-05-31,Analytics,16,9,0
A00478,2025-05-31,Premium Support,14,28,0
A00479,2025-05-31,Premium Support,8,12,0
A00480,2025-05-31,API,7,22,0
A00481,2025-05-31,Analytics,9,18,2
A00482,2025-05-31,Automation,11,8,0
A00483,2025-05-31,Premium Support,9,29,1
A00484,2025-05-31,API,6,18,1
A00485,2025-05-31,Automation,4,19,0
A00486,2025-05-31,Automation,6,12,0
A00487,2025-05-31,Premium Support,3,22,0
A00488,2025-05-31,Analytics,14,23,2
A00489,2025-05-31,Core,9,16,1
A00490,2025-05-31,Analytics,8,15,0
A00491,2025-05-31,Analytics,11,14,0
A00492,2025-05-31,Automation,13,8,0
A00493,2025-05-31,Core,7,18,0
A00494,2025-05-31,Analytics,1,25,0
A00495,2025-05-31,Core,7,29,3
A00496,2025-05-31,API,13,12,0
A00497,2025-05-31,Automation,9,27,0
A00498,2025-05-31,Analytics,8,30,0
A00499,2025-05-31,Premium Support,2,16,0
A00500,2025-05-31,Automation,12,12,0
A00501,2025-05-31,Core,7,16,0
A00502,2025-05-31,Premium Support,5,17,0
A00503,2025-05-31,API,7,15,1
A00504,2025-05-31,Core,7,12,0
A00505,2025-05-31,Automation,10,29,1
A00506,2025-05-31,Automation,6,16,0
A00507,2025-05-31,Core,8,0,0
A00508,2025-05-31,Analytics,3,30,0
A00509,2025-05-31,API,7,3,1
A00510,2025-05-31,Analytics,7,3,0
A00511,2025-05-31,API,5,14,0
A00512,2025-05-31,Core,10,25,0
A00513,2025-05-31,Automation,6,25,0
A00514,2025-05-31,Analytics,10,27,0
A00515,2025-05-31,Core,3,17,0
A00516,2025-05-31,Analytics,10,20,1
A00517,2025-05-31,Analytics,8,7,0
A00518,2025-05-31,Analytics,5,15,1
A00519,2025-05-31,API,7,30,0
A00520,2025-05-31,Analytics,6,16,0
A00521,2025-05-31,Core,11,5,1
A00522,2025-05-31,Automation,7,21,0
A00523,2025-05-31,Automation,15,22,0
A00524,2025-05-31,Automation,10,29,0
A00525,2025-05-31,API,7,26,1
A00526,2025-05-31,API,10,10,0
A00527,2025-05-31,Core,10,26,1
A00528,2025-05-31,Core,6,28,1
A00529,2025-05-31,Core,5,27,1
A00530,2025-05-31,API,8,8,0
A00531,2025-05-31,API,8,12,0
A00532,2025-05-31,Premium Support,7,13,0
A00533,2025-05-31,Premium Support,7,28,0
A00534,2025-05-31,Automation,9,13,0
A00535,2025-05-31,Analytics,9,9,1
A00536,2025-05-31,Premium Support,18,5,0
A00537,2025-05-31,Premium Support,8,17,0
A00538,2025-05-31,Core,6,5,0
A00539,2025-05-31,Automation,12,2,0
A00540,2025-05-31,Analytics,10,26,0
A00541,2025-05-31,Analytics,3,4,0
A00542,2025-05-31,Automation,5,30,0
A00543,2025-05-31,API,4,14,0
A00544,2025-05-31,Analytics,5,29,0
A00545,2025-05-31,API,13,16,0
A00546,2025-05-31,Core,9,6,0
A00547,2025-05-31,Analytics,12,15,0
A00548,2025-05-31,Premium Support,12,8,0
A00549,2025-05-31,Premium Support,6,9,0
A00550,2025-05-31,API,15,3,1
A00551,2025-05-31,Premium Support,9,16,0
A00552,2025-05-31,Premium Support,8,21,0
A00553,2025-05-31,Premium Support,8,19,0
A00554,2025-05-31,Premium Support,6,0,1
A00555,2025-05-31,Automation,11,3,0
A00556,2025-05-31,Core,3,21,0
A00557,2025-05-31,Premium Support,6,16,0
A00558,2025-05-31,Premium Support,6,8,0
A00559,2025-05-31,Premium Support,7,17,0
A00560,2025-05-31,Automation,5,22,0
A00561,2025-05-31,Premium Support,8,7,0
A00562,2025-05-31,Automation,7,5,0
A00563,2025-05-31,Analytics,5,2,0
A00564,2025-05-31,Core,13,28,0
A00565,2025-05-31,API,7,6,1
A00566,2025-05-31,Core,7,3,0
A00567,2025-05-31,Automation,12,11,0
A00568,2025-05-31,API,8,1,0
A00569,2025-05-31,API,6,4,0
A00570,2025-05-31,Core,4,3,0
A00571,2025-05-31,Analytics,8,20,0
A00572,2025-05-31,Automation,4,7,0
A00573,2025-05-31,Automation,8,5,0
A00574,2025-05-31,Premium Support,8,21,0
A00575,2025-05-31,Premium Support,1,16,0
A00576,2025-05-31,Premium Support,7,13,0
A00577,2025-05-31,Analytics,3,0,1
A00578,2025-05-31,Analytics,10,14,4
A00579,2025-05-31,API,5,5,1
A00580,2025-05-31,API,10,18,0
A00581,2025-05-31,API,10,2,1
A00582,2025-05-31,Core,9,20,0
A00583,2025-05-31,Analytics,9,13,1
A00584,2025-05-31,Analytics,11,22,0
A00585,2025-05-31,Premium Support,8,13,1
A00586,2025-05-31,Analytics,2,13,0
A00587,2025-05-31,API,12,29,1
A00588,2025-05-31,API,6,3,0
A00589,2025-05-31,API,4,18,1
A00590,2025-05-31,Analytics,15,2,1
A00591,2025-05-31,API,9,3,0
A00592,2025-05-31,Core,5,7,0
A00593,2025-05-31,Premium Support,9,3,1
A00594,2025-05-31,Analytics,9,5,2
A00595,2025-05-31,Automation,9,24,1
A00596,2025-05-31,Core,9,11,0
A00597,2025-05-31,Automation,6,22,1
A00598,2025-05-31,Core,2,30,0
A00599,2025-05-31,API,9,6,0
A00600,2025-05-31,API,4,9,1
A00601,2025-05-31,Premium Support,10,7,0
A00602,2025-05-31,Automation,11,29,0
A00603,2025-05-31,Automation,2,0,0
A00604,2025-05-31,Premium Support,10,20,0
A00605,2025-05-31,Premium Support,4,6,0
A00606,2025-05-31,Analytics,12,1,0
A00607,2025-05-31,Analytics,4,16,0
A00608,2025-05-31,Core,10,23,0
A00609,2025-05-31,Automation,6,27,0
A00610,2025-05-31,Automation,12,22,1
A00611,2025-05-31,Core,8,0,0
A00612,2025-05-31,API,4,21,0
A00613,2025-05-31,Premium Support,10,2,0
A00614,2025-05-31,Premium Support,10,4,0
A00615,2025-05-31,Analytics,8,3,1
A00616,2025-05-31,API,8,0,1
A00617,2025-05-31,Analytics,7,28,1
A00618,2025-05-31,Premium Support,7,25,1
A00619,2025-05-31,Analytics,7,25,0
A00620,2025-05-31,Core,8,23,0
A00621,2025-05-31,Premium Support,10,15,0
A00622,2025-05-31,Premium Support,6,18,0
A00623,2025-05-31,Core,8,19,0
A00624,2025-05-31,API,6,23,1
A00625,2025-05-31,Automation,5,2,0
A00626,2025-05-31,Premium Support,9,17,0
A00627,2025-05-31,Core,5,9,0
A00628,2025-05-31,Core,7,18,1
A00629,2025-05-31,Premium Support,8,6,0
A00630,2025-05-31,Core,9,29,1
A00631,2025-05-31,Core,4,0,1
A00632,2025-05-31,API,5,4,0
A00633,2025-05-31,Analytics,3,27,1
A00634,2025-05-31,Core,3,9,0
A00635,2025-05-31,API,8,16,1
A00636,2025-05-31,API,13,3,1
A00637,2025-05-31,Automation,10,20,0
A00638,2025-05-31,Analytics,11,7,0
A00639,2025-05-31,Premium Support,10,23,1
A00640,2025-05-31,API,11,26,0
A00641,2025-05-31,Core,3,12,1
A00642,2025-05-31,Automation,9,22,1
A00643,2025-05-31,Analytics,9,12,0
A00644,2025-05-31,Automation,9,17,0
A00645,2025-05-31,Automation,5,0,1
A00646,2025-05-31,Automation,9,6,1
A00647,2025-05-31,Core,6,15,1
A00648,2025-05-31,Analytics,8,14,0
A00649,2025-05-31,Premium Support,7,8,1
A00650,2025-05-31,Automation,8,17,1
A00651,2025-05-31,Core,8,7,0
A00652,2025-05-31,API,6,3,0
A00653,2025-05-31,Automation,5,27,0
A00654,2025-05-31,API,10,2,0
A00655,2025-05-31,Automation,8,6,1
A00656,2025-05-31,Automation,6,5,0
A00657,2025-05-31,Premium Support,4,28,0
A00658,2025-05-31,API,10,24,0
A00659,2025-05-31,Premium Support,3,25,0
A00660,2025-05-31,API,9,17,0
A00661,2025-05-31,Automation,2,25,0
A00662,2025-05-31,Analytics,5,20,0
A00663,2025-05-31,Automation,7,23,0
A00664,2025-05-31,Automation,4,3,1
A00665,2025-05-31,Core,14,7,1
A00666,2025-05-31,Analytics,7,9,0
A00667,2025-05-31,API,5,20,0
A00668,2025-05-31,Core,8,7,0
A00669,2025-05-31,Premium Support,10,2,1
A00670,2025-05-31,Core,7,24,1
A00671,2025-05-31,Core,9,11,0
A00672,2025-05-31,Premium Support,7,4,0
A00673,2025-05-31,Core,5,28,0
A00674,2025-05-31,Premium Support,7,8,0
A00675,2025-05-31,Analytics,5,20,0
A00676,2025-05-31,Premium Support,10,21,0
A00677,2025-05-31,Analytics,11,25,0
A00678,2025-05-31,API,8,20,0
A00679,2025-05-31,Premium Support,12,17,0
A00680,2025-05-31,Analytics,7,27,0
A00681,2025-05-31,Analytics,6,1,0
A00682,2025-05-31,Premium Support,8,26,0
A00683,2025-05-31,Core,9,28,1
A00684,2025-05-31,Automation,4,26,0
A00685,2025-05-31,Analytics,5,21,0
A00686,2025-05-31,Premium Support,5,23,1
A00687,2025-05-31,API,12,26,0
A00688,2025-05-31,Analytics,4,4,1
A00689,2025-05-31,Analytics,7,20,1
A00690,2025-05-31,Automation,6,16,1
A00691,2025-05-31,Core,10,23,1
A00692,2025-05-31,Automation,7,3,0
A00693,2025-05-31,Core,10,3,1
A00694,2025-05-31,Automation,8,15,0
A00695,2025-05-31,Analytics,9,2,1
A00696,2025-05-31,Analytics,3,24,0
A00697,2025-05-31,Analytics,5,8,1
A00698,2025-05-31,Premium Support,7,15,0
A00699,2025-05-31,Premium Support,5,1,1
A00700,2025-05-31,API,8,10,0
A00701,2025-05-31,Core,9,20,0
A00702,2025-05-31,Automation,7,30,0
A00703,2025-05-31,Core,6,20,0
A00704,2025-05-31,API,9,9,0
A00705,2025-05-31,Premium Support,15,18,1
A00706,2025-05-31,Core,8,5,0
A00707,2025-05-31,Analytics,5,14,0
A00708,2025-05-31,API,8,15,0
A00709,2025-05-31,Core,9,3,0
A00710,2025-05-31,Analytics,11,14,0
A00711,2025-05-31,Analytics,7,23,0
A00712,2025-05-31,Premium Support,9,10,0
A00713,2025-05-31,Core,4,2,0
A00714,2025-05-31,Premium Support,4,8,1
A00715,2025-05-31,Premium Support,10,23,0
A00716,2025-05-31,Analytics,4,30,0
A00717,2025-05-31,Premium Support,9,27,0
A00718,2025-05-31,Automation,9,11,0
A00719,2025-05-31,Premium Support,9,16,0
A00720,2025-05-31,API,6,17,0
A00721,2025-05-31,Analytics,8,21,0
A00722,2025-05-31,Automation,6,2,0
A00723,2025-05-31,API,10,15,1
A00724,2025-05-31,API,7,14,1
A00725,2025-05-31,Core,9,6,0
A00726,2025-05-31,API,13,15,0
A00727,2025-05-31,API,9,1,0
A00728,2025-05-31,Automation,4,10,0
A00729,2025-05-31,Premium Support,15,21,0
A00730,2025-05-31,Premium Support,4,1,0
A00731,2025-05-31,Analytics,6,3,1
A00732,2025-05-31,Core,6,16,0
A00733,2025-05-31,Analytics,12,16,0
A00734,2025-05-31,Core,12,1,0
A00735,2025-05-31,Premium Support,11,6,0
A00736,2025-05-31,API,6,6,0
A00737,2025-05-31,Automation,9,1,0
A00738,2025-05-31,Automation,4,29,1
A00739,2025-05-31,Core,4,25,0
A00740,2025-05-31,Premium Support,13,10,0
A00741,2025-05-31,Premium Support,9,13,0
A00742,2025-05-31,Analytics,4,13,0
A00743,2025-05-31,API,9,0,0
A00744,2025-05-31,API,7,16,0
A00745,2025-05-31,Analytics,12,8,2
A00746,2025-05-31,Premium Support,7,27,1
A00747,2025-05-31,Automation,9,17,0
A00748,2025-05-31,Analytics,3,8,0
A00749,2025-05-31,Premium Support,9,19,0
A00750,2025-05-31,Core,7,29,0
A00751,2025-05-31,Analytics,7,27,0
A00752,2025-05-31,Premium Support,11,23,0
A00753,2025-05-31,API,8,16,0
A00754,2025-05-31,Analytics,6,3,0
A00755,2025-05-31,Automation,4,9,0
A00756,2025-05-31,Premium Support,9,23,0
A00757,2025-05-31,Analytics,7,7,0
A00758,2025-05-31,Analytics,3,22,0
A00759,2025-05-31,Core,12,23,0
A00760,2025-05-31,Automation,8,19,1
A00761,2025-05-31,API,9,11,1
A00762,2025-05-31,Premium Support,5,12,1
A00763,2025-05-31,Core,9,23,2
A00764,2025-05-31,Analytics,13,24,3
A00765,2025-05-31,Premium Support,5,2,0
A00766,2025-05-31,API,10,26,0
A00767,2025-05-31,API,5,19,0
A00768,2025-05-31,API,3,2,0
A00769,2025-05-31,Automation,12,3,1
A00770,2025-05-31,API,8,11,0
A00771,2025-05-31,Core,7,25,0
A00772,2025-05-31,Analytics,7,16,0
A00773,2025-05-31,Automation,11,17,0
A00774,2025-05-31,API,7,30,1
A00775,2025-05-31,Automation,13,1,0
A00776,2025-05-31,Automation,8,15,0
A00777,2025-05-31,Core,6,4,0
A00778,2025-05-31,Analytics,5,10,1
A00779,2025-05-31,Core,8,1,0
A00780,2025-05-31,Automation,11,3,1
A00781,2025-05-31,Analytics,9,28,0
A00782,2025-05-31,Analytics,7,18,1
A00783,2025-05-31,Automation,4,29,0
A00784,2025-05-31,Analytics,6,24,0
A00785,2025-05-31,Core,7,11,0
A00786,2025-05-31,Core,13,30,0
A00787,2025-05-31,Analytics,7,1,0
A00788,2025-05-31,Premium Support,5,19,0
A00789,2025-05-31,Analytics,5,0,0
A00790,2025-05-31,API,3,18,0
A00791,2025-05-31,API,5,21,2
A00792,2025-05-31,Analytics,6,17,0
A00793,2025-05-31,Automation,11,9,1
A00794,2025-05-31,Automation,3,23,0
A00795,2025-05-31,Core,9,21,0
A00796,2025-05-31,Analytics,12,15,0
A00797,2025-05-31,Premium Support,9,13,2
A00798,2025-05-31,API,9,8,0
A00799,2025-05-31,Core,11,13,1
A00800,2025-05-31,Analytics,11,11,0
A00801,2025-05-31,Analytics,7,21,0
A00802,2025-05-31,Analytics,5,21,0
A00803,2025-05-31,Analytics,8,27,0
A00804,2025-05-31,Premium Support,9,25,0
A00805,2025-05-31,Automation,11,15,0
A00806,2025-05-31,Core,6,19,0
A00807,2025-05-31,Premium Support,10,30,0
A00808,2025-05-31,Analytics,10,22,0
A00809,2025-05-31,Analytics,4,4,2
A00810,2025-05-31,Automation,5,0,0
A00811,2025-05-31,Premium Support,8,19,0
A00812,2025-05-31,API,12,29,0
A00813,2025-05-31,Premium Support,11,23,0
A00814,2025-05-31,API,3,5,0
A00815,2025-05-31,API,6,0,1
A00816,2025-05-31,API,13,8,1
A00817,2025-05-31,Premium Support,8,21,0
A00818,2025-05-31,Automation,13,8,1
A00819,2025-05-31,Automation,10,11,0
A00820,2025-05-31,Core,6,8,1
A00821,2025-05-31,Analytics,9,22,0
A00822,2025-05-31,Core,5,5,0
A00823,2025-05-31,API,8,11,0
A00824,2025-05-31,Analytics,16,0,1
A00825,2025-05-31,Core,8,6,0
A00826,2025-05-31,API,7,29,1
A00827,2025-05-31,Analytics,10,4,0
A00828,2025-05-31,Premium Support,8,12,2
A00829,2025-05-31,API,7,7,0
A00830,2025-05-31,Core,7,4,0
A00831,2025-05-31,Automation,10,7,0
A00832,2025-05-31,Automation,13,13,0
A00833,2025-05-31,Automation,11,1,1
A00834,2025-05-31,Analytics,8,17,0
A00835,2025-05-31,Premium Support,7,13,1
A00836,2025-05-31,API,9,23,0
A00837,2025-05-31,Automation,9,18,0
A00838,2025-05-31,API,11,15,0
A00839,2025-05-31,API,7,13,0
A00840,2025-05-31,Analytics,7,20,0
A00841,2025-05-31,API,3,20,1
A00842,2025-05-31,Analytics,10,6,1
A00843,2025-05-31,Analytics,8,11,0
A00844,2025-05-31,Automation,6,26,0
A00845,2025-05-31,Automation,7,18,0
A00846,2025-05-31,Premium Support,5,26,0
A00847,2025-05-31,API,5,4,0
A00848,2025-05-31,Analytics,9,2,1
A00849,2025-05-31,Core,3,21,0
A00850,2025-05-31,Automation,13,11,0
A00851,2025-05-31,Premium Support,6,13,0
A00852,2025-05-31,API,7,25,0
A00853,2025-05-31,Analytics,6,6,2
A00854,2025-05-31,API,6,8,0
A00855,2025-05-31,Core,13,7,1
A00856,2025-05-31,Premium Support,8,3,0
A00857,2025-05-31,Analytics,12,27,0
A00858,2025-05-31,API,5,1,0
A00859,2025-05-31,Automation,9,24,0
A00860,2025-05-31,Premium Support,6,6,0
A00861,2025-05-31,Analytics,7,9,1
A00862,2025-05-31,API,5,6,1
A00863,2025-05-31,Analytics,7,2,1
A00864,2025-05-31,Core,7,23,1
A00865,2025-05-31,Analytics,13,3,0
A00866,2025-05-31,Core,3,0,0
A00867,2025-05-31,Automation,8,10,0
A00868,2025-05-31,Automation,11,17,1
A00869,2025-05-31,Core,6,5,0
A00870,2025-05-31,Analytics,10,28,0
A00871,2025-05-31,Core,12,8,0
A00872,2025-05-31,API,7,29,0
A00873,2025-05-31,Analytics,2,7,0
A00874,2025-05-31,Automation,6,18,0
A00875,2025-05-31,Premium Support,8,3,0
A00876,2025-05-31,Automation,8,12,1
A00877,2025-05-31,Core,5,24,0
A00878,2025-05-31,Automation,10,10,0
A00879,2025-05-31,API,7,8,0
A00880,2025-05-31,Core,8,16,0
A00881,2025-05-31,Core,5,9,0
A00882,2025-05-31,Premium Support,8,26,0
A00883,2025-05-31,Automation,3,9,0
A00884,2025-05-31,Analytics,7,7,1
A00885,2025-05-31,Core,6,11,0
A00886,2025-05-31,Automation,7,5,0
A00887,2025-05-31,API,12,18,0
A00888,2025-05-31,API,11,5,0
A00889,2025-05-31,Core,5,9,0
A00890,2025-05-31,Analytics,10,15,0
A00891,2025-05-31,Analytics,10,8,0
A00892,2025-05-31,API,8,10,0
A00893,2025-05-31,Automation,6,6,0
A00894,2025-05-31,Core,6,28,0
A00895,2025-05-31,Premium Support,10,16,1
A00896,2025-05-31,Core,6,12,1
A00897,2025-05-31,Automation,8,6,0
A00898,2025-05-31,Analytics,14,20,2
A00899,2025-05-31,Premium Support,6,17,0
A00900,2025-05-31,API,5,26,0
A00901,2025-05-31,API,5,0,0
A00902,2025-05-31,Analytics,5,25,0
A00903,2025-05-31,Analytics,8,23,0
A00904,2025-05-31,Premium Support,7,5,2
A00905,2025-05-31,Premium Support,7,15,0
A00906,2025-05-31,Core,12,22,0
A00907,2025-05-31,Automation,5,20,0
A00908,2025-05-31,Premium Support,8,19,0
A00909,2025-05-31,Automation,7,4,0
A00910,2025-05-31,API,5,14,0
A00911,2025-05-31,API,9,26,0
A00912,2025-05-31,Automation,12,25,0
A00913,2025-05-31,Premium Support,3,3,0
A00914,2025-05-31,Premium Support,8,11,1
A00915,2025-05-31,API,1,26,2
A00916,2025-05-31,API,4,1,0
A00917,2025-05-31,Automation,2,18,0
A00918,2025-05-31,API,9,0,1
A00919,2025-05-31,Core,10,29,0
A00920,2025-05-31,Automation,8,19,0
A00921,2025-05-31,Premium Support,15,25,0
A00922,2025-05-31,Premium Support,8,14,0
A00923,2025-05-31,Analytics,7,0,2
A00924,2025-05-31,Core,5,23,0
A00925,2025-05-31,API,11,30,1
A00926,2025-05-31,API,7,27,0
A00927,2025-05-31,Automation,13,4,0
A00928,2025-05-31,API,14,19,0
A00929,2025-05-31,Automation,6,3,0
A00930,2025-05-31,Premium Support,10,17,0
A00931,2025-05-31,Analytics,11,12,0
A00932,2025-05-31,Core,11,5,0
A00933,2025-05-31,Automation,10,17,0
A00934,2025-05-31,Automation,7,17,0
A00935,2025-05-31,Core,8,16,0
A00936,2025-05-31,Analytics,14,15,0
A00937,2025-05-31,API,9,10,0
A00938,2025-05-31,Automation,7,18,0
A00939,2025-05-31,API,8,0,0
A00940,2025-05-31,Core,9,15,0
A00941,2025-05-31,Automation,8,15,0
A00942,2025-05-31,Premium Support,10,17,1
A00943,2025-05-31,Core,14,28,0
A00944,2025-05-31,Core,11,23,0
A00945,2025-05-31,Core,10,23,2
A00946,2025-05-31,Premium Support,5,27,0
A00947,2025-05-31,Premium Support,5,29,0
A00948,2025-05-31,API,7,16,0
A00949,2025-05-31,API,8,15,0
A00950,2025-05-31,Premium Support,9,26,0
A00951,2025-05-31,Analytics,11,25,1
A00952,2025-05-31,Core,6,18,1
A00953,2025-05-31,Premium Support,8,23,1
A00954,2025-05-31,Premium Support,4,10,0
A00955,2025-05-31,Premium Support,5,6,1
A00956,2025-05-31,API,9,11,1
A00957,2025-05-31,Premium Support,3,20,0
A00958,2025-05-31,Core,5,23,0
A00959,2025-05-31,Premium Support,8,14,0
A00960,2025-05-31,Premium Support,5,14,1
A00961,2025-05-31,API,8,26,0
A00962,2025-05-31,Analytics,6,24,0
A00963,2025-05-31,Analytics,7,15,0
A00964,2025-05-31,Core,5,17,0
A00965,2025-05-31,Core,10,19,0
A00966,2025-05-31,Core,4,1,0
A00967,2025-05-31,API,6,14,0
A00968,2025-05-31,API,5,15,0
A00969,2025-05-31,Core,6,29,1
A00970,2025-05-31,Automation,4,15,0
A00971,2025-05-31,API,9,0,0
A00972,2025-05-31,Analytics,12,21,0
A00973,2025-05-31,Premium Support,7,25,0
A00974,2025-05-31,Automation,13,24,1
A00975,2025-05-31,Analytics,10,23,0
A00976,2025-05-31,Premium Support,6,3,1
A00977,2025-05-31,Premium Support,10,16,0
A00978,2025-05-31,API,15,19,0
A00979,2025-05-31,Automation,9,27,0
A00980,2025-05-31,Premium Support,6,21,0
A00981,2025-05-31,API,7,17,0
A00982,2025-05-31,Core,11,25,0
A00983,2025-05-31,API,8,10,0
A00984,2025-05-31,Automation,7,15,0
A00985,2025-05-31,Premium Support,4,27,0
A00986,2025-05-31,Automation,5,1,1
A00987,2025-05-31,Premium Support,8,23,0
A00988,2025-05-31,API,2,2,0
A00989,2025-05-31,Automation,8,7,0
A00990,2025-05-31,Core,16,13,0
A00991,2025-05-31,Premium Support,7,9,1
A00992,2025-05-31,API,5,22,0
A00993,2025-05-31,Core,8,12,0
A00994,2025-05-31,Core,9,29,0
A00995,2025-05-31,Automation,11,21,2
A00996,2025-05-31,Core,11,11,0
A00997,2025-05-31,Automation,9,2,0
A00998,2025-05-31,API,8,19,0
A00999,2025-05-31,API,9,0,0
A01000,2025-05-31,Automation,6,22,1
A01001,2025-05-31,Automation,8,2,0
A01002,2025-05-31,Premium Support,11,2,0
A01003,2025-05-31,API,6,21,0
A01004,2025-05-31,Analytics,7,16,0
A01005,2025-05-31,Premium Support,11,29,0
A01006,2025-05-31,Premium Support,14,2,0
A01007,2025-05-31,Core,9,9,0
A01008,2025-05-31,API,14,14,0
A01009,2025-05-31,API,7,28,1
A01010,2025-05-31,Automation,8,27,0
A01011,2025-05-31,Core,7,30,0
A01012,2025-05-31,Core,9,24,0
A01013,2025-05-31,Core,5,13,2
A01014,2025-05-31,Premium Support,5,21,0
A01015,2025-05-31,Automation,9,21,0
A01016,2025-05-31,Automation,6,28,0
A01017,2025-05-31,Analytics,13,1,1
A01018,2025-05-31,Core,8,9,0
A01019,2025-05-31,Core,9,10,0
A01020,2025-05-31,API,6,14,1
A01021,2025-05-31,Automation,11,22,1
A01022,2025-05-31,Analytics,5,8,0
A01023,2025-05-31,Premium Support,11,10,0
A01024,2025-05-31,Premium Support,7,10,0
A01025,2025-05-31,Core,9,15,0
A01026,2025-05-31,Premium Support,8,20,0
A01027,2025-05-31,Automation,7,10,1
A01028,2025-05-31,API,9,20,0
A01029,2025-05-31,Core,5,21,1
A01030,2025-05-31,Analytics,8,3,0
A01031,2025-05-31,Premium Support,7,0,0
A01032,2025-05-31,API,10,26,1
A01033,2025-05-31,Premium Support,12,23,0
A01034,2025-05-31,Analytics,12,7,1
A01035,2025-05-31,Analytics,8,13,1
A01036,2025-05-31,Automation,7,7,1
A01037,2025-05-31,Core,9,0,1
A01038,2025-05-31,API,6,10,0
A01039,2025-05-31,Analytics,9,7,1
A01040,2025-05-31,API,14,11,1
A01041,2025-05-31,Core,6,30,0
A01042,2025-05-31,Core,6,20,0
A01043,2025-05-31,Automation,9,16,0
A01044,2025-05-31,Core,5,21,0
A01045,2025-05-31,Analytics,8,15,0
A01046,2025-05-31,Analytics,5,21,0
A01047,2025-05-31,Automation,8,16,0
A01048,2025-05-31,API,5,16,1
A01049,2025-05-31,Premium Support,9,28,0
A01050,2025-05-31,API,10,7,0
A01051,2025-05-31,Analytics,12,22,1
A01052,2025-05-31,Premium Support,13,7,0
A01053,2025-05-31,Premium Support,9,4,1
A01054,2025-05-31,Automation,5,29,0
A01055,2025-05-31,API,4,22,1
A01056,2025-05-31,Automation,7,5,0
A01057,2025-05-31,Analytics,7,27,0
A01058,2025-05-31,Core,5,14,0
A01059,2025-05-31,Core,10,10,0
A01060,2025-05-31,API,5,25,0
A01061,2025-05-31,Analytics,4,18,1
A01062,2025-05-31,Premium Support,8,16,1
A01063,2025-05-31,Core,8,15,0
A01064,2025-05-31,API,8,29,0
A01065,2025-05-31,API,4,11,1
A01066,2025-05-31,API,9,30,0
A01067,2025-05-31,API,6,15,0
A01068,2025-05-31,Core,12,26,0
A01069,2025-05-31,Automation,5,1,0
A01070,2025-05-31,Analytics,10,12,1
A01071,2025-05-31,Analytics,5,14,0
A01072,2025-05-31,Automation,8,26,0
A01073,2025-05-31,Automation,4,4,1
A01074,2025-05-31,Premium Support,10,21,1
A01075,2025-05-31,Premium Support,4,28,1
A01076,2025-05-31,Automation,15,27,2
A01077,2025-05-31,API,14,14,0
A01078,2025-05-31,Premium Support,5,7,0
A01079,2025-05-31,Premium Support,9,26,0
A01080,2025-05-31,Automation,6,3,1
A01081,2025-05-31,Core,7,27,1
A01082,2025-05-31,Automation,7,17,0
A01083,2025-05-31,Premium Support,6,6,0
A01084,2025-05-31,API,9,14,0
A01085,2025-05-31,Core,3,7,0
A01086,2025-05-31,Analytics,5,18,0
A01087,2025-05-31,Automation,9,7,0
A01088,2025-05-31,Premium Support,5,27,0
A01089,2025-05-31,Automation,6,27,2
A01090,2025-05-31,API,5,25,1
A01091,2025-05-31,API,5,14,1
A01092,2025-05-31,API,10,2,1
A01093,2025-05-31,Premium Support,10,2,1
A01094,2025-05-31,Premium Support,8,4,2
A01095,2025-05-31,API,8,6,0
A01096,2025-05-31,Analytics,8,21,0
A01097,2025-05-31,Analytics,8,5,0
A01098,2025-05-31,API,2,16,0
A01099,2025-05-31,Core,6,26,2
A01100,2025-05-31,Core,5,5,0
A01101,2025-05-31,Analytics,10,11,0
A01102,2025-05-31,Analytics,7,0,0
A01103,2025-05-31,Automation,9,26,1
A01104,2025-05-31,Premium Support,7,9,0
A01105,2025-05-31,Analytics,9,13,1
A01106,2025-05-31,Analytics,10,7,1
A01107,2025-05-31,Analytics,13,24,2
A01108,2025-05-31,Premium Support,8,3,3
A01109,2025-05-31,Analytics,9,28,1
A01110,2025-05-31,API,7,30,0
A01111,2025-05-31,API,10,30,3
A01112,2025-05-31,API,9,28,3
A01113,2025-05-31,API,9,0,0
A01114,2025-05-31,Premium Support,9,5,1
A01115,2025-05-31,Core,10,7,0
A01116,2025-05-31,API,7,21,0
A01117,2025-05-31,Automation,6,18,0
A01118,2025-05-31,Analytics,7,24,0
A01119,2025-05-31,API,11,20,0
A01120,2025-05-31,Automation,9,15,0
A01121,2025-05-31,Automation,9,27,0
A01122,2025-05-31,API,10,15,0
A01123,2025-05-31,Automation,8,14,0
A01124,2025-05-31,API,11,8,0
A01125,2025-05-31,API,7,27,0
A01126,2025-05-31,Premium Support,11,22,0
A01127,2025-05-31,Analytics,16,21,0
A01128,2025-05-31,Automation,9,0,2
A01129,2025-05-31,Analytics,11,0,0
A01130,2025-05-31,API,9,16,0
A01131,2025-05-31,Core,3,18,0
A01132,2025-05-31,Core,5,12,0
A01133,2025-05-31,Analytics,6,23,0
A01134,2025-05-31,Core,6,26,1
A01135,2025-05-31,Automation,8,14,0
A01136,2025-05-31,Analytics,11,26,0
A01137,2025-05-31,Automation,12,8,0
A01138,2025-05-31,Premium Support,10,17,0
A01139,2025-05-31,Premium Support,5,8,1
A01140,2025-05-31,Core,4,9,1
A01141,2025-05-31,Automation,6,20,0
A01142,2025-05-31,Premium Support,7,18,0
A01143,2025-05-31,Automation,7,15,0
A01144,2025-05-31,Automation,6,18,0
A01145,2025-05-31,Premium Support,2,14,2
A01146,2025-05-31,API,5,17,0
A01147,2025-05-31,Automation,11,20,2
A01148,2025-05-31,Premium Support,9,14,0
A01149,2025-05-31,API,11,22,1
A01150,2025-05-31,Analytics,5,4,0
A01151,2025-05-31,Automation,6,17,0
A01152,2025-05-31,Core,14,17,0
A01153,2025-05-31,Automation,8,5,0
A01154,2025-05-31,Core,8,11,2
A01155,2025-05-31,Core,3,29,0
A01156,2025-05-31,Premium Support,10,15,0
A01157,2025-05-31,Premium Support,6,23,0
A01158,2025-05-31,API,6,23,0
A01159,2025-05-31,Core,3,8,1
A01160,2025-05-31,API,7,19,0
A01161,2025-05-31,API,5,10,0
A01162,2025-05-31,Automation,7,26,1
A01163,2025-05-31,Premium Support,5,30,0
A01164,2025-05-31,API,9,9,1
A01165,2025-05-31,Automation,7,9,0
A01166,2025-05-31,API,8,11,1
A01167,2025-05-31,Premium Support,11,21,2
A01168,2025-05-31,Premium Support,10,11,1
A01169,2025-05-31,Automation,9,12,0
A01170,2025-05-31,API,11,3,0
A01171,2025-05-31,API,10,13,0
A01172,2025-05-31,Automation,11,4,1
A01173,2025-05-31,Analytics,3,21,0
A01174,2025-05-31,Automation,9,26,0
A01175,2025-05-31,Core,7,5,0
A01176,2025-05-31,Analytics,6,28,1
A01177,2025-05-31,Automation,10,28,1
A01178,2025-05-31,Premium Support,2,4,1
A01179,2025-05-31,Core,7,13,0
A01180,2025-05-31,Core,8,2,0
A01181,2025-05-31,Analytics,12,7,0
A01182,2025-05-31,Analytics,8,8,0
A01183,2025-05-31,Premium Support,9,2,0
A01184,2025-05-31,Analytics,8,24,1
A01185,2025-05-31,Premium Support,7,25,0
A01186,2025-05-31,Premium Support,9,22,0
A01187,2025-05-31,Core,10,24,1
A01188,2025-05-31,API,7,30,1
A01189,2025-05-31,Analytics,4,1,0
A01190,2025-05-31,Analytics,9,30,0
A01191,2025-05-31,API,6,7,0
A01192,2025-05-31,Analytics,11,9,0
A01193,2025-05-31,Core,8,13,0
A01194,2025-05-31,Core,11,7,0
A01195,2025-05-31,Core,12,30,1
A01196,2025-05-31,Core,7,3,0
A01197,2025-05-31,API,5,15,0
A01198,2025-05-31,Core,8,15,1
A01199,2025-05-31,Core,9,1,1
A01200,2025-05-31,API,5,25,0
A01201,2025-05-31,API,5,15,0
A01202,2025-05-31,Analytics,11,22,0
A01203,2025-05-31,API,6,25,0
A01204,2025-05-31,Premium Support,6,6,0
A01205,2025-05-31,Premium Support,12,10,0
A01206,2025-05-31,Analytics,4,12,1
A01207,2025-05-31,Automation,6,10,0
A01208,2025-05-31,Premium Support,12,24,0
A01209,2025-05-31,API,5,6,0
A01210,2025-05-31,Premium Support,8,10,0
A01211,2025-05-31,Analytics,20,4,0
A01212,2025-05-31,Analytics,8,9,0
A01213,2025-05-31,API,5,1,0
A01214,2025-05-31,Analytics,13,24,0
A01215,2025-05-31,Automation,6,18,1
A01216,2025-05-31,Automation,5,13,2
A01217,2025-05-31,Premium Support,10,28,1
A01218,2025-05-31,Premium Support,6,0,1
A01219,2025-05-31,API,14,14,1
A01220,2025-05-31,API,7,26,1
A01221,2025-05-31,Core,9,29,0
A01222,2025-05-31,Analytics,8,28,0
A01223,2025-05-31,Analytics,7,18,2
A01224,2025-05-31,Core,9,25,1
A01225,2025-05-31,Core,9,27,0
A01226,2025-05-31,Automation,7,15,1
A01227,2025-05-31,Core,12,14,0
A01228,2025-05-31,Analytics,10,24,0
A01229,2025-05-31,Automation,8,14,0
A01230,2025-05-31,Core,3,22,0
A01231,2025-05-31,API,10,4,0
A01232,2025-05-31,Analytics,5,13,0
A01233,2025-05-31,Analytics,5,9,0
A01234,2025-05-31,Automation,6,10,0
A01235,2025-05-31,Premium Support,7,24,0
A01236,2025-05-31,API,10,29,0
A01237,2025-05-31,API,8,18,0
A01238,2025-05-31,Premium Support,8,13,0
A01239,2025-05-31,Premium Support,6,19,0
A01240,2025-05-31,Core,9,4,0
A01241,2025-05-31,Core,15,23,2
A01242,2025-05-31,Automation,4,4,0
A01243,2025-05-31,API,5,28,0
A01244,2025-05-31,Premium Support,6,11,1
A01245,2025-05-31,API,13,13,0
A01246,2025-05-31,Premium Support,8,12,0
A01247,2025-05-31,Automation,7,8,0
A01248,2025-05-31,Core,9,4,1
A01249,2025-05-31,Premium Support,13,19,0
A01250,2025-05-31,API,10,13,0
A01251,2025-05-31,Core,8,21,1
A01252,2025-05-31,Premium Support,5,6,0
A01253,2025-05-31,Analytics,11,28,1
A01254,2025-05-31,Automation,8,28,0
A01255,2025-05-31,Analytics,12,17,0
A01256,2025-05-31,Premium Support,9,19,0
A01257,2025-05-31,Core,11,12,0
A01258,2025-05-31,Premium Support,2,13,1
A01259,2025-05-31,API,6,5,0
A01260,2025-05-31,Core,8,21,0
A01261,2025-05-31,API,13,30,1
A01262,2025-05-31,Core,8,28,0
A01263,2025-05-31,API,8,23,1
A01264,2025-05-31,Automation,11,1,0
A01265,2025-05-31,Core,3,5,0
A01266,2025-05-31,Automation,5,21,0
A01267,2025-05-31,Premium Support,7,0,0
A01268,2025-05-31,Core,8,10,0
A01269,2025-05-31,Premium Support,5,19,0
A01270,2025-05-31,Premium Support,6,19,2
A01271,2025-05-31,Automation,11,27,1
A01272,2025-05-31,Analytics,8,18,0
A01273,2025-05-31,Core,10,10,0
A01274,2025-05-31,Premium Support,12,2,0
A01275,2025-05-31,Automation,11,16,0
A01276,2025-05-31,Core,5,20,1
A01277,2025-05-31,Analytics,7,26,0
A01278,2025-05-31,Automation,4,5,0
A01279,2025-05-31,Automation,12,29,0
A01280,2025-05-31,Premium Support,10,25,1
A01281,2025-05-31,Automation,7,18,1
A01282,2025-05-31,API,8,6,0
A01283,2025-05-31,Analytics,8,6,0
A01284,2025-05-31,Core,4,11,1
A01285,2025-05-31,Analytics,7,30,0
A01286,2025-05-31,Core,6,25,0
A01287,2025-05-31,Premium Support,9,8,0
A01288,2025-05-31,API,12,7,0
A01289,2025-05-31,API,10,2,0
A01290,2025-05-31,Automation,10,18,2
A01291,2025-05-31,Automation,12,14,1
A01292,2025-05-31,Premium Support,6,0,0
A01293,2025-05-31,Core,7,21,0
A01294,2025-05-31,API,10,2,0
A01295,2025-05-31,Core,11,2,0
A01296,2025-05-31,Analytics,11,28,1
A01297,2025-05-31,Analytics,10,29,0
A01298,2025-05-31,Core,12,1,0
A01299,2025-05-31,Premium Support,5,26,0
A01300,2025-05-31,Automation,11,7,0
A01301,2025-05-31,Premium Support,11,15,0
A01302,2025-05-31,API,7,26,0
A01303,2025-05-31,API,7,18,0
A01304,2025-05-31,Analytics,4,17,0
A01305,2025-05-31,Analytics,12,17,1
A01306,2025-05-31,Premium Support,9,8,0
A01307,2025-05-31,Premium Support,4,8,0
A01308,2025-05-31,API,4,7,1
A01309,2025-05-31,Premium Support,13,26,0
A01310,2025-05-31,Automation,7,8,0
A01311,2025-05-31,Automation,9,26,1
A01312,2025-05-31,Automation,6,9,0
A01313,2025-05-31,Analytics,6,22,0
A01314,2025-05-31,Core,8,9,0
A01315,2025-05-31,API,5,7,0
A01316,2025-05-31,Premium Support,5,14,1
A01317,2025-05-31,Core,5,24,0
A01318,2025-05-31,API,3,12,0
A01319,2025-05-31,API,6,30,0
A01320,2025-05-31,Automation,5,24,0
A01321,2025-05-31,Automation,10,9,0
A01322,2025-05-31,API,14,25,1
A01323,2025-05-31,API,9,21,0
A01324,2025-05-31,Automation,4,16,0
A01325,2025-05-31,Analytics,5,11,0
A01326,2025-05-31,Premium Support,12,0,1
A01327,2025-05-31,API,9,28,0
A01328,2025-05-31,Analytics,8,18,1
A01329,2025-05-31,Premium Support,8,27,0
A01330,2025-05-31,Premium Support,6,11,0
A01331,2025-05-31,Core,9,27,0
A01332,2025-05-31,Core,4,6,0
A01333,2025-05-31,Premium Support,8,21,0
A01334,2025-05-31,API,6,15,0
A01335,2025-05-31,Premium Support,5,17,0
A01336,2025-05-31,Premium Support,5,30,0
A01337,2025-05-31,Core,8,10,0
A01338,2025-05-31,API,11,9,1
A01339,2025-05-31,API,7,19,0
A01340,2025-05-31,Core,5,3,2
A01341,2025-05-31,Analytics,6,23,0
A01342,2025-05-31,Analytics,6,3,1
A01343,2025-05-31,API,7,28,0
A01344,2025-05-31,Automation,9,9,1
A01345,2025-05-31,Core,6,19,0
A01346,2025-05-31,Analytics,8,17,0
A01347,2025-05-31,API,11,17,0
A01348,2025-05-31,Analytics,9,4,0
A01349,2025-05-31,Premium Support,9,12,0
A01350,2025-05-31,Premium Support,10,23,0
A01351,2025-05-31,Core,11,15,0
A01352,2025-05-31,Analytics,5,29,0
A01353,2025-05-31,Analytics,4,20,1
A01354,2025-05-31,Analytics,9,30,0
A01355,2025-05-31,Core,10,22,0
A01356,2025-05-31,Automation,9,17,0
A01357,2025-05-31,Premium Support,5,3,0
A01358,2025-05-31,Automation,10,3,1
A01359,2025-05-31,Automation,12,6,0
A01360,2025-05-31,Core,4,25,0
A01361,2025-05-31,Core,5,12,0
A01362,2025-05-31,API,10,26,0
A01363,2025-05-31,Automation,5,15,0
A01364,2025-05-31,Core,11,8,0
A01365,2025-05-31,Automation,15,25,0
A01366,2025-05-31,Premium Support,10,18,1
A01367,2025-05-31,Automation,9,4,0
A01368,2025-05-31,Automation,7,9,0
A01369,2025-05-31,Automation,10,4,1
A01370,2025-05-31,Automation,4,21,0
A01371,2025-05-31,API,9,22,1
A01372,2025-05-31,Automation,11,23,0
A01373,2025-05-31,Core,8,8,0
A01374,2025-05-31,Core,10,10,0
A01375,2025-05-31,API,8,13,1
A01376,2025-05-31,Core,3,0,0
A01377,2025-05-31,API,11,27,0
A01378,2025-05-31,API,4,12,0
A01379,2025-05-31,API,6,6,0
A01380,2025-05-31,Automation,9,6,1
A01381,2025-05-31,Analytics,5,1,1
A01382,2025-05-31,Premium Support,11,12,0
A01383,2025-05-31,Core,10,30,0
A01384,2025-05-31,Analytics,3,30,0
A01385,2025-05-31,Premium Support,5,10,0
A01386,2025-05-31,Premium Support,10,1,0
A01387,2025-05-31,Premium Support,8,4,2
A01388,2025-05-31,Core,8,10,1
A01389,2025-05-31,API,13,19,0
A01390,2025-05-31,Analytics,10,15,1
A01391,2025-05-31,Core,10,21,0
A01392,2025-05-31,API,4,14,0
A01393,2025-05-31,Core,9,17,0
A01394,2025-05-31,Analytics,5,6,0
A01395,2025-05-31,API,11,15,0
A01396,2025-05-31,Premium Support,5,23,0
A01397,2025-05-31,Core,8,5,3
A01398,2025-05-31,API,6,9,0
A01399,2025-05-31,API,9,19,0
A01400,2025-05-31,Automation,2,5,0
A01401,2025-05-31,Analytics,4,15,2
A01402,2025-05-31,Premium Support,6,26,0
A01403,2025-05-31,Analytics,8,8,0
A01404,2025-05-31,API,6,24,1
A01405,2025-05-31,Premium Support,6,14,0
A01406,2025-05-31,Analytics,9,17,0
A01407,2025-05-31,Automation,6,14,0
A01408,2025-05-31,Core,8,6,0
A01409,2025-05-31,Premium Support,8,25,1
A01410,2025-05-31,Automation,9,29,0
A01411,2025-05-31,Core,10,18,0
A01412,2025-05-31,Premium Support,2,8,0
A01413,2025-05-31,Premium Support,11,11,1
A01414,2025-05-31,Analytics,12,14,0
A01415,2025-05-31,Analytics,10,11,0
A01416,2025-05-31,Premium Support,9,27,2
A01417,2025-05-31,Analytics,9,7,0
A01418,2025-05-31,Premium Support,6,23,0
A01419,2025-05-31,Analytics,9,18,0
A01420,2025-05-31,Automation,4,14,1
A01421,2025-05-31,Analytics,4,24,1
A01422,2025-05-31,Automation,9,14,0
A01423,2025-05-31,Premium Support,12,5,0
A01424,2025-05-31,Premium Support,9,9,2
A01425,2025-05-31,API,3,24,0
A01426,2025-05-31,Premium Support,6,24,0
A01427,2025-05-31,API,7,21,0
A01428,2025-05-31,Automation,10,29,0
A01429,2025-05-31,Premium Support,7,22,0
A01430,2025-05-31,Core,11,26,0
A01431,2025-05-31,Automation,7,8,0
A01432,2025-05-31,Automation,10,13,1
A01433,2025-05-31,API,6,20,0
A01434,2025-05-31,Analytics,8,29,0
A01435,2025-05-31,Automation,5,22,1
A01436,2025-05-31,API,5,0,1
A01437,2025-05-31,Core,7,22,1
A01438,2025-05-31,Automation,7,9,0
A01439,2025-05-31,Premium Support,2,4,0
A01440,2025-05-31,Analytics,5,24,3
A01441,2025-05-31,Automation,9,21,0
A01442,2025-05-31,Core,3,29,1
A01443,2025-05-31,Core,7,16,0
A01444,2025-05-31,API,10,29,1
A01445,2025-05-31,Analytics,8,23,0
A01446,2025-05-31,API,6,15,0
A01447,2025-05-31,Analytics,7,29,0
A01448,2025-05-31,Premium Support,10,29,2
A01449,2025-05-31,Analytics,14,22,0
A01450,2025-05-31,Core,8,18,0
A01451,2025-05-31,Analytics,8,6,0
A01452,2025-05-31,Premium Support,9,22,0
A01453,2025-05-31,API,11,13,0
A01454,2025-05-31,API,8,17,0
A01455,2025-05-31,Premium Support,8,7,0
A01456,2025-05-31,Analytics,7,9,0
A01457,2025-05-31,Premium Support,10,4,0
A01458,2025-05-31,Analytics,5,5,0
A01459,2025-05-31,Automation,6,10,0
A01460,2025-05-31,Core,12,20,0
A01461,2025-05-31,Analytics,8,11,0
A01462,2025-05-31,API,6,26,0
A01463,2025-05-31,API,13,21,0
A01464,2025-05-31,Premium Support,1,19,0
A01465,2025-05-31,Analytics,6,16,1
A01466,2025-05-31,Automation,6,17,0
A01467,2025-05-31,Premium Support,8,18,2
A01468,2025-05-31,Analytics,7,13,1
A01469,2025-05-31,Automation,8,13,1
A01470,2025-05-31,Analytics,2,11,0
A01471,2025-05-31,API,6,18,0
A01472,2025-05-31,Analytics,8,28,3
A01473,2025-05-31,Analytics,11,14,0
A01474,2025-05-31,Core,4,2,0
A01475,2025-05-31,Automation,7,24,0
A01476,2025-05-31,Core,11,17,0
A01477,2025-05-31,Automation,8,2,0
A01478,2025-05-31,Automation,4,4,0
A01479,2025-05-31,Premium Support,4,24,0
A01480,2025-05-31,API,12,17,1
A01481,2025-05-31,Core,4,12,0
A01482,2025-05-31,Analytics,11,10,0
A01483,2025-05-31,Automation,3,26,0
A01484,2025-05-31,Analytics,13,3,0
A01485,2025-05-31,Premium Support,7,10,0
A01486,2025-05-31,Automation,8,1,0
A01487,2025-05-31,Automation,8,27,0
A01488,2025-05-31,Core,6,24,0
A01489,2025-05-31,API,5,8,0
A01490,2025-05-31,Analytics,7,1,1
A01491,2025-05-31,Premium Support,12,5,0
A01492,2025-05-31,Analytics,12,30,0
A01493,2025-05-31,API,9,28,0
A01494,2025-05-31,Premium Support,9,10,0
A01495,2025-05-31,Core,6,8,0
A01496,2025-05-31,Premium Support,10,30,0
A01497,2025-05-31,Analytics,11,30,0
A01498,2025-05-31,Core,8,12,0
A01499,2025-05-31,Core,6,30,0
A01500,2025-05-31,API,12,24,2
A01501,2025-05-31,Analytics,9,5,1
A01502,2025-05-31,Premium Support,8,5,0
A01503,2025-05-31,Core,2,6,0
A01504,2025-05-31,API,4,6,0
A01505,2025-05-31,Core,7,11,0
A01506,2025-05-31,API,8,19,2
A01507,2025-05-31,Automation,4,2,1
A01508,2025-05-31,Premium Support,9,29,1
A01509,2025-05-31,Premium Support,9,6,0
A01510,2025-05-31,Automation,7,28,0
A01511,2025-05-31,Premium Support,9,2,0
A01512,2025-05-31,API,4,23,0
A01513,2025-05-31,Premium Support,5,16,2
A01514,2025-05-31,Core,3,24,0
A01515,2025-05-31,API,4,10,1
A01516,2025-05-31,Core,5,30,0
A01517,2025-05-31,Core,7,23,0
A01518,2025-05-31,Analytics,5,23,0
A01519,2025-05-31,Automation,11,8,0
A01520,2025-05-31,API,6,11,1
A01521,2025-05-31,API,13,2,1
A01522,2025-05-31,API,9,10,1
A01523,2025-05-31,API,5,7,0
A01524,2025-05-31,Automation,13,15,0
A01525,2025-05-31,Core,9,23,0
A01526,2025-05-31,Core,9,29,0
A01527,2025-05-31,Analytics,7,14,1
A01528,2025-05-31,API,11,0,0
A01529,2025-05-31,Automation,5,16,1
A01530,2025-05-31,Automation,11,28,1
A01531,2025-05-31,Core,9,10,1
A01532,2025-05-31,Premium Support,10,28,0
A01533,2025-05-31,Automation,0,2,1
A01534,2025-05-31,Analytics,3,3,0
A01535,2025-05-31,Core,5,27,2
A01536,2025-05-31,Analytics,8,0,1
A01537,2025-05-31,Premium Support,5,16,1
A01538,2025-05-31,Premium Support,7,19,0
A01539,2025-05-31,API,12,27,0
A01540,2025-05-31,Core,8,2,0
A01541,2025-05-31,Analytics,12,7,0
A01542,2025-05-31,API,13,22,0
A01543,2025-05-31,Premium Support,6,6,2
A01544,2025-05-31,Premium Support,11,11,0
A01545,2025-05-31,Automation,3,4,0
A01546,2025-05-31,API,11,9,0
A01547,2025-05-31,API,1,29,1
A01548,2025-05-31,API,12,7,0
A01549,2025-05-31,Core,8,23,2
A01550,2025-05-31,Analytics,5,25,0
A01551,2025-05-31,API,10,13,0
A01552,2025-05-31,Automation,10,29,0
A01553,2025-05-31,API,7,15,0
A01554,2025-05-31,Premium Support,12,2,2
A01555,2025-05-31,Automation,6,28,1
A01556,2025-05-31,API,6,3,0
A01557,2025-05-31,Premium Support,4,2,1
A01558,2025-05-31,Premium Support,14,22,0
A01559,2025-05-31,API,7,30,0
A01560,2025-05-31,Core,11,28,0
A01561,2025-05-31,API,14,30,1
A01562,2025-05-31,Premium Support,5,28,0
A01563,2025-05-31,Premium Support,7,8,0
A01564,2025-05-31,Premium Support,3,27,0
A01565,2025-05-31,Core,13,27,0
A01566,2025-05-31,Premium Support,11,12,0
A01567,2025-05-31,API,8,22,1
A01568,2025-05-31,Core,4,0,0
A01569,2025-05-31,API,6,21,0
A01570,2025-05-31,Automation,6,0,1
A01571,2025-05-31,Automation,5,9,1
A01572,2025-05-31,Core,7,0,1
A01573,2025-05-31,Core,6,18,0
A01574,2025-05-31,Core,5,15,0
A01575,2025-05-31,Core,15,25,0
A01576,2025-05-31,Core,9,8,0
A01577,2025-05-31,Core,8,23,0
A01578,2025-05-31,Core,5,30,0
A01579,2025-05-31,Automation,15,18,1
A01580,2025-05-31,API,5,19,0
A01581,2025-05-31,API,4,27,0
A01582,2025-05-31,Automation,6,25,2
A01583,2025-05-31,API,10,21,0
A01584,2025-05-31,Core,15,27,0
A01585,2025-05-31,Premium Support,12,20,0
A01586,2025-05-31,Core,9,11,0
A01587,2025-05-31,Analytics,3,3,1
A01588,2025-05-31,API,5,3,0
A01589,2025-05-31,Analytics,12,29,0
A01590,2025-05-31,API,5,0,2
A01591,2025-05-31,Core,9,26,2
A01592,2025-05-31,API,7,25,1
A01593,2025-05-31,Core,6,29,0
A01594,2025-05-31,API,3,0,1
A01595,2025-05-31,API,7,28,0
A01596,2025-05-31,Premium Support,9,17,3
A01597,2025-05-31,Core,15,28,0
A01598,2025-05-31,Analytics,6,16,1
A01599,2025-05-31,Automation,6,25,0
A01600,2025-05-31,API,5,15,0
A01601,2025-05-31,API,12,11,0
A01602,2025-05-31,Premium Support,10,30,0
A01603,2025-05-31,API,8,7,0
A01604,2025-05-31,API,8,3,0
A01605,2025-05-31,Analytics,5,12,0
A01606,2025-05-31,Core,5,18,0
A01607,2025-05-31,Analytics,13,14,0
A01608,2025-05-31,Analytics,6,5,0
A01609,2025-05-31,Automation,7,13,0
A01610,2025-05-31,Automation,6,3,0
A01611,2025-05-31,Analytics,6,1,0
A01612,2025-05-31,Core,9,19,1
A01613,2025-05-31,Automation,5,15,0
A01614,2025-05-31,Automation,10,13,0
A01615,2025-05-31,Analytics,6,6,0
A01616,2025-05-31,Core,5,1,0
A01617,2025-05-31,API,9,3,1
A01618,2025-05-31,Automation,7,18,1
A01619,2025-05-31,Analytics,5,18,0
A01620,2025-05-31,API,6,30,1
A01621,2025-05-31,Premium Support,11,16,1
A01622,2025-05-31,Automation,8,0,1
A01623,2025-05-31,Premium Support,8,18,0
A01624,2025-05-31,Core,6,9,0
A01625,2025-05-31,Premium Support,11,29,1
A01626,2025-05-31,Premium Support,10,21,0
A01627,2025-05-31,Automation,9,28,1
A01628,2025-05-31,API,11,25,1
A01629,2025-05-31,Core,7,22,0
A01630,2025-05-31,Automation,9,17,0
A01631,2025-05-31,Automation,10,9,0
A01632,2025-05-31,Premium Support,8,11,2
A01633,2025-05-31,Core,4,2,1
A01634,2025-05-31,Core,6,4,0
A01635,2025-05-31,API,13,29,0
A01636,2025-05-31,Core,6,5,0
A01637,2025-05-31,Premium Support,14,4,0
A01638,2025-05-31,Core,7,29,1
A01639,2025-05-31,Core,9,17,0
A01640,2025-05-31,Core,9,0,0
A01641,2025-05-31,Premium Support,11,13,3
A01642,2025-05-31,Core,12,20,0
A01643,2025-05-31,API,6,14,0
A01644,2025-05-31,Premium Support,9,17,1
A01645,2025-05-31,Analytics,12,14,1
A01646,2025-05-31,Analytics,6,23,0
A01647,2025-05-31,Automation,11,3,0
A01648,2025-05-31,Core,10,4,0
A01649,2025-05-31,API,7,10,0
A01650,2025-05-31,Automation,6,19,0
A01651,2025-05-31,API,4,29,1
A01652,2025-05-31,Analytics,3,19,0
A01653,2025-05-31,Core,9,6,0
A01654,2025-05-31,Analytics,10,25,0
A01655,2025-05-31,Analytics,4,27,1
A01656,2025-05-31,Premium Support,6,30,0
A01657,2025-05-31,Core,8,26,0
A01658,2025-05-31,Premium Support,5,21,0
A01659,2025-05-31,Analytics,9,11,0
A01660,2025-05-31,API,9,19,0
A01661,2025-05-31,Automation,6,21,0
A01662,2025-05-31,API,10,5,0
A01663,2025-05-31,Premium Support,7,6,0
A01664,2025-05-31,Core,11,14,0
A01665,2025-05-31,Automation,12,0,1
A01666,2025-05-31,API,5,23,1
A01667,2025-05-31,API,16,29,0
A01668,2025-05-31,API,6,29,2
A01669,2025-05-31,Premium Support,5,12,0
A01670,2025-05-31,API,7,6,0
A01671,2025-05-31,Premium Support,12,7,0
A01672,2025-05-31,API,12,1,0
A01673,2025-05-31,Core,11,25,0
A01674,2025-05-31,API,7,23,1
A01675,2025-05-31,Premium Support,10,0,1
A01676,2025-05-31,API,7,4,1
A01677,2025-05-31,Premium Support,8,5,0
A01678,2025-05-31,Core,10,20,0
A01679,2025-05-31,Automation,9,2,1
A01680,2025-05-31,Analytics,10,7,1
A01681,2025-05-31,Core,7,8,1
A01682,2025-05-31,API,8,29,0
A01683,2025-05-31,Automation,9,29,0
A01684,2025-05-31,Premium Support,9,25,0
A01685,2025-05-31,API,10,5,1
A01686,2025-05-31,Premium Support,5,18,1
A01687,2025-05-31,API,10,1,0
A01688,2025-05-31,API,6,3,2
A01689,2025-05-31,Analytics,7,15,0
A01690,2025-05-31,API,10,18,1
A01691,2025-05-31,Premium Support,6,23,1
A01692,2025-05-31,API,7,1,0
A01693,2025-05-31,Automation,9,21,1
A01694,2025-05-31,Analytics,7,2,0
A01695,2025-05-31,Premium Support,7,21,0
A01696,2025-05-31,API,10,21,1
A01697,2025-05-31,Analytics,10,28,1
A01698,2025-05-31,API,8,4,0
A01699,2025-05-31,Automation,9,28,0
A01700,2025-05-31,Premium Support,10,2,0
A00001,2025-06-30,Core,9,27,1
A00002,2025-06-30,Core,10,6,0
A00003,2025-06-30,Automation,4,10,0
A00004,2025-06-30,API,11,11,0
A00005,2025-06-30,Analytics,6,19,0
A00006,2025-06-30,Analytics,8,4,0
A00007,2025-06-30,API,7,24,0
A00008,2025-06-30,Analytics,10,15,0
A00009,2025-06-30,Automation,3,0,1
A00010,2025-06-30,API,9,24,0
A00011,2025-06-30,API,13,6,0
A00012,2025-06-30,API,5,6,0
A00013,2025-06-30,Automation,4,0,1
A00014,2025-06-30,Analytics,6,27,0
A00015,2025-06-30,Analytics,13,27,0
A00016,2025-06-30,Automation,3,3,0
A00017,2025-06-30,API,6,24,0
A00018,2025-06-30,Core,14,28,0
A00019,2025-06-30,Premium Support,9,29,0
A00020,2025-06-30,Premium Support,12,28,0
A00021,2025-06-30,API,13,17,0
A00022,2025-06-30,Core,4,16,0
A00023,2025-06-30,Premium Support,5,4,0
A00024,2025-06-30,Premium Support,7,20,0
A00025,2025-06-30,API,6,10,0
A00026,2025-06-30,API,6,23,1
A00027,2025-06-30,Automation,9,14,0
A00028,2025-06-30,Automation,12,5,1
A00029,2025-06-30,API,11,14,0
A00030,2025-06-30,Automation,6,9,1
A00031,2025-06-30,Automation,9,1,1
A00032,2025-06-30,API,8,9,0
A00033,2025-06-30,API,6,23,1
A00034,2025-06-30,Premium Support,6,9,0
A00035,2025-06-30,Analytics,8,19,1
A00036,2025-06-30,Core,8,8,0
A00037,2025-06-30,Analytics,5,7,3
A00038,2025-06-30,Premium Support,11,20,0
A00039,2025-06-30,Premium Support,11,10,0
A00040,2025-06-30,Premium Support,10,11,0
A00041,2025-06-30,Automation,7,14,1
A00042,2025-06-30,Premium Support,5,8,0
A00043,2025-06-30,API,6,20,0
A00044,2025-06-30,Premium Support,8,21,0
A00045,2025-06-30,Core,10,3,1
A00046,2025-06-30,Core,3,24,0
A00047,2025-06-30,Automation,8,21,0
A00048,2025-06-30,Premium Support,7,4,0
A00049,2025-06-30,Analytics,8,3,1
A00050,2025-06-30,API,6,14,0
A00051,2025-06-30,Core,13,25,0
A00052,2025-06-30,API,11,9,0
A00053,2025-06-30,Premium Support,10,14,1
A00054,2025-06-30,Analytics,7,17,0
A00055,2025-06-30,API,8,8,0
A00056,2025-06-30,Core,5,12,0
A00057,2025-06-30,Analytics,10,5,0
A00058,2025-06-30,Core,10,17,0
A00059,2025-06-30,Analytics,13,9,0
A00060,2025-06-30,Core,12,23,0
A00061,2025-06-30,Core,8,10,0
A00062,2025-06-30,Analytics,6,12,0
A00063,2025-06-30,Core,10,14,1
A00064,2025-06-30,Premium Support,5,14,0
A00065,2025-06-30,Core,9,12,1
A00066,2025-06-30,Automation,3,9,0
A00067,2025-06-30,API,7,10,0
A00068,2025-06-30,Core,9,2,0
A00069,2025-06-30,Core,10,24,0
A00070,2025-06-30,Premium Support,9,7,0
A00071,2025-06-30,Premium Support,7,2,1
A00072,2025-06-30,API,9,6,0
A00073,2025-06-30,Core,15,22,0
A00074,2025-06-30,Analytics,7,14,0
A00075,2025-06-30,Analytics,2,19,0
A00076,2025-06-30,API,4,19,2
A00077,2025-06-30,Analytics,9,1,1
A00078,2025-06-30,Core,11,12,1
A00079,2025-06-30,Analytics,10,0,1
A00080,2025-06-30,API,10,13,0
A00081,2025-06-30,Automation,10,2,1
A00082,2025-06-30,Analytics,3,16,0
A00083,2025-06-30,Core,12,17,0
A00084,2025-06-30,Automation,8,8,0
A00085,2025-06-30,Premium Support,5,26,0
A00086,2025-06-30,Automation,6,24,0
A00087,2025-06-30,Analytics,10,9,0
A00088,2025-06-30,API,13,14,0
A00089,2025-06-30,Analytics,6,3,0
A00090,2025-06-30,Automation,9,13,0
A00091,2025-06-30,Premium Support,13,15,0
A00092,2025-06-30,Premium Support,8,16,1
A00093,2025-06-30,Core,5,2,0
A00094,2025-06-30,Automation,10,10,1
A00095,2025-06-30,Automation,6,6,0
A00096,2025-06-30,Core,15,2,2
A00097,2025-06-30,Automation,14,20,0
A00098,2025-06-30,Premium Support,4,13,0
A00099,2025-06-30,API,10,8,0
A00100,2025-06-30,Analytics,15,24,1
A00101,2025-06-30,API,15,17,0
A00102,2025-06-30,API,9,29,0
A00103,2025-06-30,Analytics,6,26,0
A00104,2025-06-30,Premium Support,7,24,0
A00105,2025-06-30,Automation,8,16,3
A00106,2025-06-30,API,8,7,1
A00107,2025-06-30,API,7,22,0
A00108,2025-06-30,Premium Support,7,6,1
A00109,2025-06-30,API,7,26,1
A00110,2025-06-30,Automation,13,25,1
A00111,2025-06-30,Analytics,10,29,0
A00112,2025-06-30,Automation,7,20,1
A00113,2025-06-30,Analytics,4,3,0
A00114,2025-06-30,Analytics,5,21,0
A00115,2025-06-30,Analytics,6,5,0
A00116,2025-06-30,Premium Support,11,6,0
A00117,2025-06-30,Analytics,12,3,0
A00118,2025-06-30,API,8,7,0
A00119,2025-06-30,Premium Support,12,17,0
A00120,2025-06-30,API,7,15,0
A00121,2025-06-30,API,5,11,0
A00122,2025-06-30,API,9,9,0
A00123,2025-06-30,Analytics,17,19,1
A00124,2025-06-30,Core,7,11,0
A00125,2025-06-30,Automation,5,0,0
A00126,2025-06-30,Core,6,29,1
A00127,2025-06-30,API,10,6,1
A00128,2025-06-30,Core,7,11,0
A00129,2025-06-30,API,7,5,0
A00130,2025-06-30,Automation,7,25,0
A00131,2025-06-30,Analytics,12,23,0
A00132,2025-06-30,Core,7,24,0
A00133,2025-06-30,Automation,10,16,1
A00134,2025-06-30,Automation,14,15,0
A00135,2025-06-30,Premium Support,7,9,2
A00136,2025-06-30,Premium Support,7,28,0
A00137,2025-06-30,Automation,8,23,0
A00138,2025-06-30,Analytics,8,11,0
A00139,2025-06-30,Premium Support,11,5,0
A00140,2025-06-30,Core,3,12,0
A00141,2025-06-30,Analytics,3,0,0
A00142,2025-06-30,Premium Support,9,5,0
A00143,2025-06-30,Analytics,9,10,0
A00144,2025-06-30,Premium Support,16,18,0
A00145,2025-06-30,API,9,1,0
A00146,2025-06-30,Premium Support,16,8,0
A00147,2025-06-30,Analytics,7,8,1
A00148,2025-06-30,Analytics,6,13,0
A00149,2025-06-30,Automation,10,4,1
A00150,2025-06-30,API,6,25,0
A00151,2025-06-30,Analytics,9,19,1
A00152,2025-06-30,Analytics,9,23,0
A00153,2025-06-30,Analytics,8,28,1
A00154,2025-06-30,API,10,3,0
A00155,2025-06-30,Core,12,6,0
A00156,2025-06-30,API,9,22,1
A00157,2025-06-30,API,9,17,1
A00158,2025-06-30,Premium Support,5,19,0
A00159,2025-06-30,Core,11,29,0
A00160,2025-06-30,Premium Support,4,22,0
A00161,2025-06-30,Premium Support,12,1,1
A00162,2025-06-30,Analytics,9,1,0
A00163,2025-06-30,Automation,7,1,2
A00164,2025-06-30,Premium Support,14,17,0
A00165,2025-06-30,Automation,7,13,0
A00166,2025-06-30,Premium Support,2,3,0
A00167,2025-06-30,Premium Support,9,3,0
A00168,2025-06-30,Premium Support,7,20,0
A00169,2025-06-30,Premium Support,5,2,1
A00170,2025-06-30,Premium Support,8,2,0
A00171,2025-06-30,Automation,14,7,0
A00172,2025-06-30,Analytics,10,3,0
A00173,2025-06-30,Analytics,3,28,2
A00174,2025-06-30,API,13,4,0
A00175,2025-06-30,Premium Support,11,26,1
A00176,2025-06-30,Premium Support,6,17,0
A00177,2025-06-30,Automation,4,27,0
A00178,2025-06-30,API,10,14,0
A00179,2025-06-30,Core,13,11,0
A00180,2025-06-30,Core,8,18,0
A00181,2025-06-30,Core,11,3,1
A00182,2025-06-30,Automation,7,11,0
A00183,2025-06-30,Premium Support,14,11,0
A00184,2025-06-30,Premium Support,10,19,0
A00185,2025-06-30,Premium Support,9,0,0
A00186,2025-06-30,API,10,11,1
A00187,2025-06-30,Core,11,28,0
A00188,2025-06-30,Automation,3,14,1
A00189,2025-06-30,Premium Support,6,28,0
A00190,2025-06-30,Analytics,9,26,1
A00191,2025-06-30,Premium Support,8,16,0
A00192,2025-06-30,Premium Support,9,8,1
A00193,2025-06-30,Premium Support,8,29,0
A00194,2025-06-30,Core,9,20,0
A00195,2025-06-30,Premium Support,14,17,0
A00196,2025-06-30,Analytics,6,4,0
A00197,2025-06-30,API,5,11,0
A00198,2025-06-30,API,7,23,1
A00199,2025-06-30,Automation,11,10,0
A00200,2025-06-30,Automation,7,4,0
A00201,2025-06-30,Automation,3,1,1
A00202,2025-06-30,Analytics,13,24,0
A00203,2025-06-30,Analytics,5,10,0
A00204,2025-06-30,Core,9,1,1
A00205,2025-06-30,API,5,1,0
A00206,2025-06-30,Premium Support,12,8,0
A00207,2025-06-30,Premium Support,8,22,1
A00208,2025-06-30,Analytics,4,20,1
A00209,2025-06-30,API,9,8,0
A00210,2025-06-30,Automation,12,2,0
A00211,2025-06-30,Premium Support,9,18,0
A00212,2025-06-30,Automation,12,27,0
A00213,2025-06-30,Analytics,9,18,0
A00214,2025-06-30,Premium Support,9,15,0
A00215,2025-06-30,API,8,16,0
A00216,2025-06-30,Premium Support,6,12,0
A00217,2025-06-30,Core,9,7,0
A00218,2025-06-30,Core,6,16,0
A00219,2025-06-30,Premium Support,7,29,0
A00220,2025-06-30,Core,10,26,0
A00221,2025-06-30,Automation,7,11,1
A00222,2025-06-30,Core,7,7,0
A00223,2025-06-30,Analytics,8,15,0
A00224,2025-06-30,Automation,5,13,0
A00225,2025-06-30,Analytics,10,2,2
A00226,2025-06-30,Automation,7,4,0
A00227,2025-06-30,Core,4,25,1
A00228,2025-06-30,Analytics,11,27,0
A00229,2025-06-30,Analytics,10,25,2
A00230,2025-06-30,API,10,29,1
A00231,2025-06-30,Analytics,3,11,0
A00232,2025-06-30,Automation,9,10,0
A00233,2025-06-30,Core,10,14,2
A00234,2025-06-30,Analytics,3,19,0
A00235,2025-06-30,Core,9,1,0
A00236,2025-06-30,Automation,4,21,1
A00237,2025-06-30,Premium Support,10,22,0
A00238,2025-06-30,Core,5,10,1
A00239,2025-06-30,API,6,5,0
A00240,2025-06-30,Automation,11,27,1
A00241,2025-06-30,Core,11,26,0
A00242,2025-06-30,Automation,7,14,0
A00243,2025-06-30,API,7,9,0
A00244,2025-06-30,Automation,9,25,1
A00245,2025-06-30,Automation,9,0,0
A00246,2025-06-30,Core,6,15,0
A00247,2025-06-30,Automation,7,29,0
A00248,2025-06-30,Analytics,10,21,0
A00249,2025-06-30,Analytics,10,1,1
A00250,2025-06-30,Premium Support,12,10,1
A00251,2025-06-30,Automation,8,9,0
A00252,2025-06-30,Analytics,8,18,0
A00253,2025-06-30,Analytics,13,26,2
A00254,2025-06-30,Core,6,28,1
A00255,2025-06-30,Core,9,5,0
A00256,2025-06-30,Analytics,14,18,0
A00257,2025-06-30,API,7,11,1
A00258,2025-06-30,Automation,12,9,0
A00259,2025-06-30,Analytics,8,29,0
A00260,2025-06-30,Premium Support,2,21,0
A00261,2025-06-30,Analytics,6,0,1
A00262,2025-06-30,Premium Support,7,22,0
A00263,2025-06-30,Core,11,18,0
A00264,2025-06-30,Automation,16,26,0
A00265,2025-06-30,Core,6,27,0
A00266,2025-06-30,API,10,18,0
A00267,2025-06-30,API,6,5,0
A00268,2025-06-30,Core,3,9,1
A00269,2025-06-30,Core,4,12,0
A00270,2025-06-30,API,9,17,0
A00271,2025-06-30,Automation,4,23,0
A00272,2025-06-30,Analytics,3,10,1
A00273,2025-06-30,Automation,3,1,0
A00274,2025-06-30,Analytics,11,14,0
A00275,2025-06-30,Core,13,10,1
A00276,2025-06-30,Analytics,7,7,0
A00277,2025-06-30,Analytics,5,16,0
A00278,2025-06-30,Premium Support,9,10,2
A00279,2025-06-30,Analytics,9,27,0
A00280,2025-06-30,API,10,23,1
A00281,2025-06-30,Automation,5,28,1
A00282,2025-06-30,Analytics,8,16,0
A00283,2025-06-30,API,7,27,0
A00284,2025-06-30,Automation,6,18,1
A00285,2025-06-30,Premium Support,9,6,0
A00286,2025-06-30,Automation,8,21,0
A00287,2025-06-30,Premium Support,9,27,0
A00288,2025-06-30,Core,11,9,0
A00289,2025-06-30,Automation,6,5,0
A00290,2025-06-30,API,9,7,0
A00291,2025-06-30,API,8,28,0
A00292,2025-06-30,Automation,11,4,0
A00293,2025-06-30,API,5,7,0
A00294,2025-06-30,Analytics,10,4,0
A00295,2025-06-30,Premium Support,6,17,1
A00296,2025-06-30,API,10,6,0
A00297,2025-06-30,API,13,6,1
A00298,2025-06-30,Core,9,7,0
A00299,2025-06-30,Automation,8,4,0
A00300,2025-06-30,Analytics,10,22,1
A00301,2025-06-30,Premium Support,6,11,0
A00302,2025-06-30,API,4,8,0
A00303,2025-06-30,Premium Support,11,13,1
A00304,2025-06-30,API,7,27,0
A00305,2025-06-30,API,9,3,0
A00306,2025-06-30,Automation,10,11,0
A00307,2025-06-30,Automation,1,22,1
A00308,2025-06-30,Premium Support,6,16,1
A00309,2025-06-30,Premium Support,9,18,0
A00310,2025-06-30,Automation,7,8,2
A00311,2025-06-30,Core,8,9,1
A00312,2025-06-30,Core,8,15,0
A00313,2025-06-30,Analytics,4,6,1
A00314,2025-06-30,Analytics,7,1,0
A00315,2025-06-30,API,9,25,0
A00316,2025-06-30,Premium Support,9,3,1
A00317,2025-06-30,Analytics,6,14,0
A00318,2025-06-30,Automation,1,11,0
A00319,2025-06-30,Analytics,9,20,0
A00320,2025-06-30,Premium Support,11,19,0
A00321,2025-06-30,API,10,24,1
A00322,2025-06-30,Analytics,3,27,1
A00323,2025-06-30,Premium Support,4,0,0
A00324,2025-06-30,Premium Support,12,23,0
A00325,2025-06-30,Analytics,9,29,1
A00326,2025-06-30,API,6,22,0
A00327,2025-06-30,API,10,29,0
A00328,2025-06-30,API,10,17,0
A00329,2025-06-30,API,6,3,0
A00330,2025-06-30,Premium Support,8,12,0
A00331,2025-06-30,Automation,3,8,0
A00332,2025-06-30,API,8,27,0
A00333,2025-06-30,Premium Support,9,29,1
A00334,2025-06-30,API,8,1,0
A00335,2025-06-30,Premium Support,2,9,0
A00336,2025-06-30,Automation,7,0,0
A00337,2025-06-30,Analytics,20,26,0
A00338,2025-06-30,Automation,9,25,0
A00339,2025-06-30,Automation,14,2,0
A00340,2025-06-30,Analytics,7,26,1
A00341,2025-06-30,API,8,2,0
A00342,2025-06-30,Analytics,5,7,0
A00343,2025-06-30,Automation,5,6,0
A00344,2025-06-30,Core,10,14,0
A00345,2025-06-30,Core,8,20,0
A00346,2025-06-30,API,8,8,0
A00347,2025-06-30,Automation,6,28,1
A00348,2025-06-30,API,8,12,0
A00349,2025-06-30,Automation,12,8,0
A00350,2025-06-30,Analytics,7,15,0
A00351,2025-06-30,Core,9,3,0
A00352,2025-06-30,API,7,24,0
A00353,2025-06-30,API,7,16,0
A00354,2025-06-30,Core,9,1,0
A00355,2025-06-30,API,11,18,0
A00356,2025-06-30,API,5,20,1
A00357,2025-06-30,API,8,22,0
A00358,2025-06-30,Automation,6,2,0
A00359,2025-06-30,Core,8,3,0
A00360,2025-06-30,Automation,7,29,1
A00361,2025-06-30,Analytics,9,13,0
A00362,2025-06-30,Automation,10,14,0
A00363,2025-06-30,Automation,9,1,1
A00364,2025-06-30,Analytics,4,16,0
A00365,2025-06-30,Premium Support,10,19,0
A00366,2025-06-30,Premium Support,12,18,0
A00367,2025-06-30,Analytics,6,29,0
A00368,2025-06-30,Premium Support,9,27,0
A00369,2025-06-30,API,10,29,0
A00370,2025-06-30,Premium Support,13,4,1
A00371,2025-06-30,Automation,9,10,0
A00372,2025-06-30,Core,10,14,0
A00373,2025-06-30,Analytics,3,14,2
A00374,2025-06-30,Core,5,12,0
A00375,2025-06-30,Premium Support,7,16,0
A00376,2025-06-30,Automation,11,25,1
A00377,2025-06-30,Premium Support,10,3,0
A00378,2025-06-30,API,8,13,2
A00379,2025-06-30,Core,8,22,0
A00380,2025-06-30,Analytics,14,16,0
A00381,2025-06-30,Analytics,7,10,0
A00382,2025-06-30,Core,9,17,1
A00383,2025-06-30,API,9,16,0
A00384,2025-06-30,Core,1,5,0
A00385,2025-06-30,Analytics,11,11,0
A00386,2025-06-30,Automation,10,27,0
A00387,2025-06-30,Premium Support,8,12,0
A00388,2025-06-30,API,7,13,0
A00389,2025-06-30,Automation,7,22,0
A00390,2025-06-30,API,8,14,0
A00391,2025-06-30,API,10,14,0
A00392,2025-06-30,Analytics,13,27,0
A00393,2025-06-30,Premium Support,5,17,0
A00394,2025-06-30,Analytics,11,5,0
A00395,2025-06-30,Premium Support,8,1,0
A00396,2025-06-30,Automation,7,13,0
A00397,2025-06-30,Premium Support,7,15,0
A00398,2025-06-30,Core,9,8,0
A00399,2025-06-30,API,6,29,1
A00400,2025-06-30,Premium Support,8,26,0
A00401,2025-06-30,Analytics,13,11,0
A00402,2025-06-30,Analytics,6,10,0
A00403,2025-06-30,Automation,9,15,0
A00404,2025-06-30,Premium Support,9,21,1
A00405,2025-06-30,Analytics,9,5,1
A00406,2025-06-30,API,8,11,0
A00407,2025-06-30,Automation,13,5,0
A00408,2025-06-30,Premium Support,9,25,1
A00409,2025-06-30,Automation,13,26,0
A00410,2025-06-30,Premium Support,9,18,1
A00411,2025-06-30,Analytics,4,13,0
A00412,2025-06-30,Premium Support,8,0,0
A00413,2025-06-30,Analytics,8,6,1
A00414,2025-06-30,Analytics,9,15,0
A00415,2025-06-30,Analytics,2,15,0
A00416,2025-06-30,Core,9,3,0
A00417,2025-06-30,API,8,22,0
A00418,2025-06-30,Automation,10,13,0
A00419,2025-06-30,Premium Support,10,18,0
A00420,2025-06-30,Analytics,2,8,0
A00421,2025-06-30,Automation,8,15,0
A00422,2025-06-30,Analytics,8,29,0
A00423,2025-06-30,Analytics,6,19,0
A00424,2025-06-30,Analytics,8,26,1
A00425,2025-06-30,Analytics,8,21,0
A00426,2025-06-30,Automation,12,5,0
A00427,2025-06-30,Analytics,7,17,0
A00428,2025-06-30,Premium Support,6,22,1
A00429,2025-06-30,Automation,8,9,1
A00430,2025-06-30,Core,7,4,1
A00431,2025-06-30,Automation,7,23,0
A00432,2025-06-30,Premium Support,8,19,0
A00433,2025-06-30,Analytics,3,19,0
A00434,2025-06-30,Automation,8,12,0
A00435,2025-06-30,Automation,5,2,0
A00436,2025-06-30,Analytics,7,15,2
A00437,2025-06-30,API,4,14,1
A00438,2025-06-30,Automation,8,26,1
A00439,2025-06-30,Analytics,7,3,0
A00440,2025-06-30,API,3,13,0
A00441,2025-06-30,Premium Support,6,15,0
A00442,2025-06-30,Premium Support,7,6,2
A00443,2025-06-30,Premium Support,12,22,1
A00444,2025-06-30,Automation,4,15,0
A00445,2025-06-30,Premium Support,7,6,0
A00446,2025-06-30,API,11,17,1
A00447,2025-06-30,Core,0,27,0
A00448,2025-06-30,Core,8,6,2
A00449,2025-06-30,Premium Support,12,18,0
A00450,2025-06-30,Automation,5,4,0
A00451,2025-06-30,API,6,18,0
A00452,2025-06-30,Premium Support,8,21,0
A00453,2025-06-30,Automation,4,22,0
A00454,2025-06-30,Automation,11,9,0
A00455,2025-06-30,Analytics,8,25,1
A00456,2025-06-30,Automation,8,19,1
A00457,2025-06-30,Automation,11,25,0
A00458,2025-06-30,Premium Support,10,9,0
A00459,2025-06-30,Analytics,7,16,1
A00460,2025-06-30,Automation,7,6,1
A00461,2025-06-30,API,7,24,0
A00462,2025-06-30,Premium Support,11,3,0
A00463,2025-06-30,Premium Support,8,17,0
A00464,2025-06-30,API,4,28,0
A00465,2025-06-30,API,9,7,0
A00466,2025-06-30,Automation,16,21,0
A00467,2025-06-30,API,11,2,0
A00468,2025-06-30,API,7,2,1
A00469,2025-06-30,API,5,12,0
A00470,2025-06-30,Core,9,2,0
A00471,2025-06-30,API,9,3,1
A00472,2025-06-30,Analytics,7,4,1
A00473,2025-06-30,Core,12,6,0
A00474,2025-06-30,Analytics,11,14,0
A00475,2025-06-30,Analytics,7,3,0
A00476,2025-06-30,Analytics,4,13,0
A00477,2025-06-30,API,10,15,0
A00478,2025-06-30,Core,5,20,2
A00479,2025-06-30,Analytics,8,17,0
A00480,2025-06-30,Core,5,19,0
A00481,2025-06-30,Premium Support,7,5,2
A00482,2025-06-30,Analytics,10,24,1
A00483,2025-06-30,Core,15,5,0
A00484,2025-06-30,Core,7,9,1
A00485,2025-06-30,API,9,5,0
A00486,2025-06-30,Premium Support,6,26,2
A00487,2025-06-30,Analytics,11,19,0
A00488,2025-06-30,API,8,19,0
A00489,2025-06-30,Premium Support,6,7,2
A00490,2025-06-30,Premium Support,6,6,0
A00491,2025-06-30,Analytics,9,7,1
A00492,2025-06-30,API,6,27,1
A00493,2025-06-30,Premium Support,8,15,0
A00494,2025-06-30,API,8,24,1
A00495,2025-06-30,Core,11,23,2
A00496,2025-06-30,Automation,12,2,0
A00497,2025-06-30,Automation,4,20,0
A00498,2025-06-30,Premium Support,6,19,2
A00499,2025-06-30,Premium Support,4,5,1
A00500,2025-06-30,Analytics,10,15,0
A00501,2025-06-30,Premium Support,6,11,1
A00502,2025-06-30,Analytics,7,27,0
A00503,2025-06-30,Analytics,3,26,0
A00504,2025-06-30,Automation,10,11,0
A00505,2025-06-30,API,7,3,1
A00506,2025-06-30,Analytics,10,9,0
A00507,2025-06-30,Core,9,24,0
A00508,2025-06-30,Premium Support,10,0,0
A00509,2025-06-30,Automation,10,8,0
A00510,2025-06-30,Automation,9,7,1
A00511,2025-06-30,Analytics,11,19,1
A00512,2025-06-30,Analytics,12,21,1
A00513,2025-06-30,Core,9,4,0
A00514,2025-06-30,Core,11,10,0
A00515,2025-06-30,Analytics,8,18,0
A00516,2025-06-30,Automation,4,29,0
A00517,2025-06-30,Core,5,20,1
A00518,2025-06-30,API,11,28,0
A00519,2025-06-30,Premium Support,6,28,1
A00520,2025-06-30,Automation,11,21,0
A00521,2025-06-30,API,12,3,0
A00522,2025-06-30,Core,8,15,0
A00523,2025-06-30,Core,10,26,1
A00524,2025-06-30,Core,9,12,1
A00525,2025-06-30,Premium Support,10,17,0
A00526,2025-06-30,Analytics,11,13,0
A00527,2025-06-30,Premium Support,9,2,1
A00528,2025-06-30,Analytics,7,22,0
A00529,2025-06-30,Analytics,7,25,0
A00530,2025-06-30,Analytics,2,10,1
A00531,2025-06-30,Automation,9,29,0
A00532,2025-06-30,Analytics,6,29,0
A00533,2025-06-30,Automation,6,11,1
A00534,2025-06-30,Premium Support,8,18,1
A00535,2025-06-30,Core,9,27,0
A00536,2025-06-30,Core,5,21,1
A00537,2025-06-30,Premium Support,5,9,1
A00538,2025-06-30,API,5,26,0
A00539,2025-06-30,Automation,6,12,0
A00540,2025-06-30,Analytics,8,25,1
A00541,2025-06-30,API,4,20,1
A00542,2025-06-30,Analytics,6,18,0
A00543,2025-06-30,API,9,16,0
A00544,2025-06-30,API,4,9,0
A00545,2025-06-30,Premium Support,5,21,0
A00546,2025-06-30,Premium Support,5,21,1
A00547,2025-06-30,API,8,6,1
A00548,2025-06-30,Automation,7,14,1
A00549,2025-06-30,Premium Support,15,27,0
A00550,2025-06-30,Automation,9,1,0
A00551,2025-06-30,Analytics,10,15,0
A00552,2025-06-30,Premium Support,10,15,2
A00553,2025-06-30,Automation,6,17,0
A00554,2025-06-30,Analytics,12,9,1
A00555,2025-06-30,Premium Support,9,1,0
A00556,2025-06-30,Automation,12,4,0
A00557,2025-06-30,Premium Support,6,17,0
A00558,2025-06-30,Core,3,21,0
A00559,2025-06-30,Analytics,5,17,0
A00560,2025-06-30,Core,8,0,0
A00561,2025-06-30,Core,6,9,1
A00562,2025-06-30,API,6,12,0
A00563,2025-06-30,Core,8,22,0
A00564,2025-06-30,Automation,11,2,0
A00565,2025-06-30,Automation,6,22,0
A00566,2025-06-30,Automation,11,6,0
A00567,2025-06-30,API,6,4,0
A00568,2025-06-30,Analytics,4,1,0
A00569,2025-06-30,Analytics,9,23,0
A00570,2025-06-30,Premium Support,6,17,0
A00571,2025-06-30,API,9,17,0
A00572,2025-06-30,Analytics,8,23,0
A00573,2025-06-30,Analytics,9,8,0
A00574,2025-06-30,Analytics,7,8,1
A00575,2025-06-30,Analytics,10,16,0
A00576,2025-06-30,Core,10,15,0
A00577,2025-06-30,Analytics,7,19,0
A00578,2025-06-30,Premium Support,10,7,0
A00579,2025-06-30,Core,3,5,0
A00580,2025-06-30,Core,5,20,0
A00581,2025-06-30,Core,9,23,0
A00582,2025-06-30,Automation,8,19,0
A00583,2025-06-30,Automation,4,13,0
A00584,2025-06-30,Analytics,12,16,0
A00585,2025-06-30,Analytics,10,6,0
A00586,2025-06-30,Analytics,7,4,0
A00587,2025-06-30,Core,9,15,0
A00588,2025-06-30,Analytics,9,4,0
A00589,2025-06-30,Automation,8,27,1
A00590,2025-06-30,Analytics,9,10,0
A00591,2025-06-30,Core,6,11,0
A00592,2025-06-30,Analytics,6,22,0
A00593,2025-06-30,Premium Support,7,9,0
A00594,2025-06-30,Premium Support,9,8,1
A00595,2025-06-30,Premium Support,11,5,0
A00596,2025-06-30,Premium Support,8,19,0
A00597,2025-06-30,Analytics,3,11,1
A00598,2025-06-30,Core,7,28,0
A00599,2025-06-30,Analytics,7,15,1
A00600,2025-06-30,Core,12,27,0
A00601,2025-06-30,Core,7,6,1
A00602,2025-06-30,Premium Support,9,9,0
A00603,2025-06-30,Automation,11,13,0
A00604,2025-06-30,Automation,6,10,0
A00605,2025-06-30,Analytics,11,9,0
A00606,2025-06-30,Automation,9,29,1
A00607,2025-06-30,Premium Support,10,18,0
A00608,2025-06-30,Analytics,6,17,0
A00609,2025-06-30,API,17,22,2
A00610,2025-06-30,Analytics,11,17,1
A00611,2025-06-30,Premium Support,11,17,0
A00612,2025-06-30,Premium Support,14,13,1
A00613,2025-06-30,API,11,2,0
A00614,2025-06-30,Analytics,5,3,0
A00615,2025-06-30,Analytics,5,1,0
A00616,2025-06-30,Analytics,5,0,0
A00617,2025-06-30,Automation,10,26,0
A00618,2025-06-30,Analytics,5,16,1
A00619,2025-06-30,Automation,10,24,0
A00620,2025-06-30,Automation,9,10,0
A00621,2025-06-30,API,12,20,1
A00622,2025-06-30,API,12,16,0
A00623,2025-06-30,Analytics,5,6,1
A00624,2025-06-30,Automation,8,27,2
A00625,2025-06-30,API,10,15,0
A00626,2025-06-30,Automation,7,27,1
A00627,2025-06-30,Premium Support,3,12,0
A00628,2025-06-30,Automation,5,7,0
A00629,2025-06-30,API,7,29,0
A00630,2025-06-30,Premium Support,10,27,0
A00631,2025-06-30,Core,7,27,1
A00632,2025-06-30,API,5,0,0
A00633,2025-06-30,Premium Support,8,8,1
A00634,2025-06-30,Analytics,10,20,1
A00635,2025-06-30,Automation,6,12,1
A00636,2025-06-30,API,7,7,0
A00637,2025-06-30,Core,6,7,0
A00638,2025-06-30,Core,11,6,1
A00639,2025-06-30,Core,3,15,0
A00640,2025-06-30,Premium Support,9,13,1
A00641,2025-06-30,Analytics,10,14,0
A00642,2025-06-30,API,10,5,0
A00643,2025-06-30,API,9,29,1
A00644,2025-06-30,Premium Support,10,24,0
A00645,2025-06-30,Automation,6,1,0
A00646,2025-06-30,Premium Support,7,6,1
A00647,2025-06-30,Premium Support,5,28,1
A00648,2025-06-30,Analytics,9,29,0
A00649,2025-06-30,Analytics,9,16,0
A00650,2025-06-30,Core,13,21,0
A00651,2025-06-30,Core,8,9,0
A00652,2025-06-30,Automation,10,16,1
A00653,2025-06-30,Core,7,25,0
A00654,2025-06-30,API,10,5,1
A00655,2025-06-30,Automation,7,8,0
A00656,2025-06-30,Automation,7,23,0
A00657,2025-06-30,Core,6,14,1
A00658,2025-06-30,Analytics,8,17,1
A00659,2025-06-30,Premium Support,6,25,0
A00660,2025-06-30,Core,7,6,0
A00661,2025-06-30,Premium Support,7,29,1
A00662,2025-06-30,Automation,15,3,0
A00663,2025-06-30,Automation,8,27,0
A00664,2025-06-30,Premium Support,4,29,0
A00665,2025-06-30,Core,9,19,0
A00666,2025-06-30,Premium Support,7,17,0
A00667,2025-06-30,Core,11,0,0
A00668,2025-06-30,Automation,6,17,0
A00669,2025-06-30,Automation,11,5,0
A00670,2025-06-30,Analytics,10,9,0
A00671,2025-06-30,API,8,13,1
A00672,2025-06-30,Analytics,5,7,0
A00673,2025-06-30,Analytics,14,8,1
A00674,2025-06-30,Analytics,17,10,0
A00675,2025-06-30,API,9,2,0
A00676,2025-06-30,Automation,3,4,0
A00677,2025-06-30,API,9,2,0
A00678,2025-06-30,Automation,6,20,0
A00679,2025-06-30,Automation,11,25,2
A00680,2025-06-30,API,7,23,1
A00681,2025-06-30,Core,9,7,0
A00682,2025-06-30,API,8,15,0
A00683,2025-06-30,Automation,7,10,0
A00684,2025-06-30,API,3,29,1
A00685,2025-06-30,Analytics,7,22,0
A00686,2025-06-30,Analytics,10,16,0
A00687,2025-06-30,Premium Support,7,8,1
A00688,2025-06-30,Premium Support,11,8,0
A00689,2025-06-30,Core,5,26,0
A00690,2025-06-30,Analytics,5,10,0
A00691,2025-06-30,Core,9,17,1
A00692,2025-06-30,Premium Support,8,15,1
A00693,2025-06-30,Analytics,9,13,0
A00694,2025-06-30,Core,6,24,1
A00695,2025-06-30,Core,8,27,0
A00696,2025-06-30,API,5,29,0
A00697,2025-06-30,Analytics,11,9,0
A00698,2025-06-30,Premium Support,4,1,1
A00699,2025-06-30,Premium Support,8,16,0
A00700,2025-06-30,Core,8,14,0
A00701,2025-06-30,Premium Support,5,10,1
A00702,2025-06-30,Automation,6,2,2
A00703,2025-06-30,Core,8,0,0
A00704,2025-06-30,Core,6,6,0
A00705,2025-06-30,Core,7,13,0
A00706,2025-06-30,Analytics,8,18,0
A00707,2025-06-30,Analytics,16,14,1
A00708,2025-06-30,Core,8,2,0
A00709,2025-06-30,Automation,5,23,0
A00710,2025-06-30,Analytics,4,18,0
A00711,2025-06-30,API,11,25,1
A00712,2025-06-30,Analytics,8,24,2
A00713,2025-06-30,Automation,8,6,0
A00714,2025-06-30,Premium Support,6,1,1
A00715,2025-06-30,Premium Support,5,8,1
A00716,2025-06-30,Premium Support,14,9,0
A00717,2025-06-30,API,9,17,0
A00718,2025-06-30,Analytics,13,10,1
A00719,2025-06-30,Core,8,9,1
A00720,2025-06-30,Automation,4,6,1
A00721,2025-06-30,Analytics,8,14,0
A00722,2025-06-30,Automation,5,20,1
A00723,2025-06-30,Automation,8,18,0
A00724,2025-06-30,Analytics,11,18,0
A00725,2025-06-30,Premium Support,7,12,0
A00726,2025-06-30,Analytics,10,12,0
A00727,2025-06-30,Premium Support,12,4,1
A00728,2025-06-30,Automation,11,7,1
A00729,2025-06-30,API,6,21,0
A00730,2025-06-30,Analytics,8,11,0
A00731,2025-06-30,Analytics,5,11,0
A00732,2025-06-30,Core,14,22,0
A00733,2025-06-30,Automation,5,0,0
A00734,2025-06-30,Analytics,13,25,0
A00735,2025-06-30,API,7,0,0
A00736,2025-06-30,Automation,8,8,1
A00737,2025-06-30,Premium Support,12,21,0
A00738,2025-06-30,Analytics,7,27,0
A00739,2025-06-30,Automation,11,20,1
A00740,2025-06-30,Analytics,8,4,0
A00741,2025-06-30,Core,7,7,0
A00742,2025-06-30,Core,10,4,0
A00743,2025-06-30,Core,8,12,1
A00744,2025-06-30,Analytics,5,20,0
A00745,2025-06-30,Premium Support,6,25,0
A00746,2025-06-30,Automation,7,10,0
A00747,2025-06-30,API,12,26,0
A00748,2025-06-30,Automation,8,8,0
A00749,2025-06-30,Automation,10,20,0
A00750,2025-06-30,Premium Support,7,14,0
A00751,2025-06-30,Automation,5,15,1
A00752,2025-06-30,API,10,25,0
A00753,2025-06-30,Core,8,29,0
A00754,2025-06-30,API,6,23,0
A00755,2025-06-30,Analytics,6,13,0
A00756,2025-06-30,API,7,23,0
A00757,2025-06-30,Premium Support,9,2,0
A00758,2025-06-30,Analytics,10,18,0
A00759,2025-06-30,Premium Support,6,29,1
A00760,2025-06-30,Premium Support,9,13,0
A00761,2025-06-30,API,5,16,0
A00762,2025-06-30,Core,8,9,0
A00763,2025-06-30,Core,11,9,1
A00764,2025-06-30,Automation,6,17,0
A00765,2025-06-30,Premium Support,6,5,0
A00766,2025-06-30,API,6,24,0
A00767,2025-06-30,Core,7,2,0
A00768,2025-06-30,Premium Support,7,17,0
A00769,2025-06-30,Automation,5,13,0
A00770,2025-06-30,Core,6,1,0
A00771,2025-06-30,Automation,5,5,0
A00772,2025-06-30,Automation,10,20,1
A00773,2025-06-30,Core,4,5,0
A00774,2025-06-30,API,9,13,2
A00775,2025-06-30,Premium Support,6,10,0
A00776,2025-06-30,Core,14,19,0
A00777,2025-06-30,API,10,17,0
A00778,2025-06-30,API,3,28,0
A00779,2025-06-30,API,13,25,2
A00780,2025-06-30,API,7,23,0
A00781,2025-06-30,Core,7,11,1
A00782,2025-06-30,Automation,7,5,0
A00783,2025-06-30,Premium Support,8,4,0
A00784,2025-06-30,Automation,6,10,0
A00785,2025-06-30,Premium Support,6,10,0
A00786,2025-06-30,Automation,5,29,0
A00787,2025-06-30,Premium Support,13,24,0
A00788,2025-06-30,Automation,9,1,0
A00789,2025-06-30,Core,4,28,1
A00790,2025-06-30,API,7,0,0
A00791,2025-06-30,Core,9,2,0
A00792,2025-06-30,Automation,3,1,0
A00793,2025-06-30,Analytics,6,6,0
A00794,2025-06-30,API,10,23,0
A00795,2025-06-30,Premium Support,11,14,0
A00796,2025-06-30,API,9,17,0
A00797,2025-06-30,Core,10,11,0
A00798,2025-06-30,Premium Support,6,5,0
A00799,2025-06-30,Premium Support,7,0,1
A00800,2025-06-30,Core,15,21,1
A00801,2025-06-30,API,6,17,0
A00802,2025-06-30,Premium Support,10,23,0
A00803,2025-06-30,API,4,4,0
A00804,2025-06-30,Premium Support,4,21,0
A00805,2025-06-30,Analytics,3,20,0
A00806,2025-06-30,Automation,12,8,1
A00807,2025-06-30,Automation,8,12,0
A00808,2025-06-30,Premium Support,5,7,0
A00809,2025-06-30,Automation,7,13,0
A00810,2025-06-30,Core,9,6,1
A00811,2025-06-30,API,5,2,0
A00812,2025-06-30,API,7,11,0
A00813,2025-06-30,Automation,11,26,0
A00814,2025-06-30,Analytics,7,2,0
A00815,2025-06-30,Automation,9,19,0
A00816,2025-06-30,Automation,10,17,0
A00817,2025-06-30,API,7,7,0
A00818,2025-06-30,Analytics,2,7,0
A00819,2025-06-30,Analytics,10,18,1
A00820,2025-06-30,Automation,8,16,0
A00821,2025-06-30,Core,11,16,0
A00822,2025-06-30,API,14,0,1
A00823,2025-06-30,Premium Support,9,19,0
A00824,2025-06-30,Core,10,8,0
A00825,2025-06-30,Premium Support,10,17,1
A00826,2025-06-30,Automation,3,0,0
A00827,2025-06-30,Automation,7,1,0
A00828,2025-06-30,Analytics,7,9,0
A00829,2025-06-30,Automation,2,20,1
A00830,2025-06-30,Automation,7,10,0
A00831,2025-06-30,Automation,7,26,0
A00832,2025-06-30,Automation,9,13,0
A00833,2025-06-30,Analytics,9,22,0
A00834,2025-06-30,Premium Support,12,5,0
A00835,2025-06-30,Analytics,9,17,0
A00836,2025-06-30,Automation,8,25,0
A00837,2025-06-30,Premium Support,9,8,0
A00838,2025-06-30,Analytics,10,23,1
A00839,2025-06-30,API,7,1,1
A00840,2025-06-30,Analytics,9,24,0
A00841,2025-06-30,Core,8,3,0
A00842,2025-06-30,Premium Support,12,16,0
A00843,2025-06-30,Automation,8,5,0
A00844,2025-06-30,Analytics,2,18,0
A00845,2025-06-30,API,9,15,0
A00846,2025-06-30,API,9,8,0
A00847,2025-06-30,Core,7,11,1
A00848,2025-06-30,Automation,12,10,1
A00849,2025-06-30,API,9,2,0
A00850,2025-06-30,Core,8,23,0
A00851,2025-06-30,API,9,9,0
A00852,2025-06-30,Core,7,16,0
A00853,2025-06-30,Automation,4,0,0
A00854,2025-06-30,Automation,5,22,0
A00855,2025-06-30,Premium Support,6,13,1
A00856,2025-06-30,API,9,12,0
A00857,2025-06-30,API,8,13,0
A00858,2025-06-30,Core,6,29,0
A00859,2025-06-30,API,10,15,0
A00860,2025-06-30,Automation,9,12,0
A00861,2025-06-30,Premium Support,12,10,1
A00862,2025-06-30,Core,10,24,0
A00863,2025-06-30,Analytics,7,22,0
A00864,2025-06-30,Automation,8,5,0
A00865,2025-06-30,Core,6,9,0
A00866,2025-06-30,Core,8,3,2
A00867,2025-06-30,API,14,4,0
A00868,2025-06-30,API,5,23,0
A00869,2025-06-30,Core,7,29,0
A00870,2025-06-30,Automation,10,14,0
A00871,2025-06-30,API,7,15,0
A00872,2025-06-30,Analytics,5,2,0
A00873,2025-06-30,Analytics,6,7,0
A00874,2025-06-30,Analytics,8,2,0
A00875,2025-06-30,API,6,25,0
A00876,2025-06-30,API,7,14,0
A00877,2025-06-30,Core,10,4,0
A00878,2025-06-30,Premium Support,5,22,0
A00879,2025-06-30,Analytics,10,23,0
A00880,2025-06-30,Automation,7,0,0
A00881,2025-06-30,Automation,9,3,0
A00882,2025-06-30,Analytics,3,11,0
A00883,2025-06-30,Core,7,29,2
A00884,2025-06-30,Analytics,8,8,0
A00885,2025-06-30,Automation,6,3,0
A00886,2025-06-30,API,8,14,0
A00887,2025-06-30,Core,6,0,0
A00888,2025-06-30,API,11,29,0
A00889,2025-06-30,API,7,7,0
A00890,2025-06-30,Premium Support,10,10,0
A00891,2025-06-30,Automation,8,14,2
A00892,2025-06-30,API,5,16,2
A00893,2025-06-30,Core,8,10,0
A00894,2025-06-30,Analytics,3,26,1
A00895,2025-06-30,API,10,29,0
A00896,2025-06-30,Premium Support,8,21,1
A00897,2025-06-30,Core,11,19,0
A00898,2025-06-30,Premium Support,10,23,0
A00899,2025-06-30,Automation,6,9,1
A00900,2025-06-30,Analytics,9,5,0
A00901,2025-06-30,API,8,19,0
A00902,2025-06-30,Automation,9,15,0
A00903,2025-06-30,Core,8,5,0
A00904,2025-06-30,Core,7,28,0
A00905,2025-06-30,API,10,3,0
A00906,2025-06-30,Premium Support,12,9,0
A00907,2025-06-30,Analytics,8,20,0
A00908,2025-06-30,Premium Support,6,9,0
A00909,2025-06-30,Core,10,15,1
A00910,2025-06-30,Analytics,13,2,1
A00911,2025-06-30,Automation,8,14,1
A00912,2025-06-30,Core,7,17,1
A00913,2025-06-30,Automation,8,22,0
A00914,2025-06-30,Core,11,15,0
A00915,2025-06-30,Analytics,11,10,1
A00916,2025-06-30,Premium Support,10,26,0
A00917,2025-06-30,Core,8,29,1
A00918,2025-06-30,API,10,14,1
A00919,2025-06-30,Analytics,13,19,1
A00920,2025-06-30,API,10,17,1
A00921,2025-06-30,Premium Support,11,27,1
A00922,2025-06-30,Automation,5,20,1
A00923,2025-06-30,Automation,6,26,0
A00924,2025-06-30,API,7,20,0
A00925,2025-06-30,Analytics,10,0,0
A00926,2025-06-30,Automation,15,29,1
A00927,2025-06-30,API,5,0,0
A00928,2025-06-30,Premium Support,10,5,0
A00929,2025-06-30,Analytics,6,25,0
A00930,2025-06-30,Analytics,4,9,0
A00931,2025-06-30,API,4,10,0
A00932,2025-06-30,API,9,21,0
A00933,2025-06-30,Premium Support,4,24,1
A00934,2025-06-30,API,5,16,0
A00935,2025-06-30,Automation,11,16,0
A00936,2025-06-30,Automation,13,11,0
A00937,2025-06-30,Automation,8,16,0
A00938,2025-06-30,API,8,5,0
A00939,2025-06-30,Core,6,0,0
A00940,2025-06-30,Analytics,9,9,0
A00941,2025-06-30,Core,5,28,1
A00942,2025-06-30,Premium Support,7,28,0
A00943,2025-06-30,Premium Support,9,3,0
A00944,2025-06-30,Premium Support,9,16,1
A00945,2025-06-30,Premium Support,8,29,0
A00946,2025-06-30,Premium Support,8,22,0
A00947,2025-06-30,Automation,10,0,0
A00948,2025-06-30,Core,7,8,0
A00949,2025-06-30,Core,3,20,0
A00950,2025-06-30,API,5,15,0
A00951,2025-06-30,Premium Support,9,20,1
A00952,2025-06-30,Premium Support,11,5,1
A00953,2025-06-30,Premium Support,12,20,0
A00954,2025-06-30,Automation,5,16,0
A00955,2025-06-30,API,8,27,0
A00956,2025-06-30,API,11,4,0
A00957,2025-06-30,Automation,9,17,0
A00958,2025-06-30,API,7,25,0
A00959,2025-06-30,Automation,8,20,0
A00960,2025-06-30,Automation,6,3,0
A00961,2025-06-30,Automation,8,16,0
A00962,2025-06-30,Automation,4,24,1
A00963,2025-06-30,Analytics,7,25,0
A00964,2025-06-30,Automation,7,2,0
A00965,2025-06-30,Automation,10,20,0
A00966,2025-06-30,Core,3,27,0
A00967,2025-06-30,API,7,17,0
A00968,2025-06-30,API,8,25,0
A00969,2025-06-30,Core,12,16,0
A00970,2025-06-30,Automation,3,20,0
A00971,2025-06-30,Analytics,11,19,0
A00972,2025-06-30,Automation,8,20,0
A00973,2025-06-30,Analytics,10,28,0
A00974,2025-06-30,Core,8,11,0
A00975,2025-06-30,Premium Support,8,18,1
A00976,2025-06-30,Automation,9,29,0
A00977,2025-06-30,Premium Support,8,29,0
A00978,2025-06-30,Core,15,0,0
A00979,2025-06-30,Automation,4,8,1
A00980,2025-06-30,Analytics,5,1,1
A00981,2025-06-30,Core,4,20,0
A00982,2025-06-30,Analytics,8,21,0
A00983,2025-06-30,Automation,2,18,0
A00984,2025-06-30,Core,8,17,1
A00985,2025-06-30,Core,9,2,1
A00986,2025-06-30,Core,9,7,1
A00987,2025-06-30,Analytics,10,5,1
A00988,2025-06-30,API,4,11,0
A00989,2025-06-30,API,7,18,0
A00990,2025-06-30,API,10,17,0
A00991,2025-06-30,Core,6,18,1
A00992,2025-06-30,Premium Support,9,12,0
A00993,2025-06-30,Analytics,11,0,0
A00994,2025-06-30,Analytics,8,1,0
A00995,2025-06-30,Automation,9,1,0
A00996,2025-06-30,Core,12,1,1
A00997,2025-06-30,Automation,8,8,0
A00998,2025-06-30,API,6,13,0
A00999,2025-06-30,Core,8,8,0
A01000,2025-06-30,Automation,10,14,0
A01001,2025-06-30,API,13,29,1
A01002,2025-06-30,Core,7,20,1
A01003,2025-06-30,Core,9,19,1
A01004,2025-06-30,Core,4,29,0
A01005,2025-06-30,Analytics,6,15,0
A01006,2025-06-30,Automation,8,2,0
A01007,2025-06-30,Core,6,24,2
A01008,2025-06-30,Core,10,8,0
A01009,2025-06-30,Automation,9,23,0
A01010,2025-06-30,Analytics,11,17,1
A01011,2025-06-30,Core,3,20,1
A01012,2025-06-30,Analytics,13,10,0
A01013,2025-06-30,Premium Support,9,4,0
A01014,2025-06-30,Core,14,8,0
A01015,2025-06-30,Analytics,8,24,0
A01016,2025-06-30,Premium Support,9,9,1
A01017,2025-06-30,Premium Support,3,3,0
A01018,2025-06-30,Automation,11,6,0
A01019,2025-06-30,Premium Support,10,24,0
A01020,2025-06-30,Analytics,6,18,0
A01021,2025-06-30,Core,8,28,1
A01022,2025-06-30,Analytics,14,19,1
A01023,2025-06-30,Analytics,9,10,0
A01024,2025-06-30,Automation,9,21,1
A01025,2025-06-30,API,3,3,0
A01026,2025-06-30,Automation,8,3,0
A01027,2025-06-30,Core,9,22,0
A01028,2025-06-30,API,5,5,0
A01029,2025-06-30,Analytics,5,12,0
A01030,2025-06-30,API,14,29,0
A01031,2025-06-30,API,7,26,0
A01032,2025-06-30,Analytics,9,7,0
A01033,2025-06-30,Premium Support,6,14,0
A01034,2025-06-30,Core,6,18,0
A01035,2025-06-30,Analytics,5,21,0
A01036,2025-06-30,Analytics,7,2,1
A01037,2025-06-30,Analytics,7,9,1
A01038,2025-06-30,API,7,22,0
A01039,2025-06-30,Core,9,3,1
A01040,2025-06-30,Analytics,8,4,0
A01041,2025-06-30,Automation,2,25,1
A01042,2025-06-30,Core,11,11,1
A01043,2025-06-30,Analytics,8,29,0
A01044,2025-06-30,Premium Support,12,6,1
A01045,2025-06-30,API,12,12,0
A01046,2025-06-30,Automation,5,12,1
A01047,2025-06-30,Analytics,2,14,0
A01048,2025-06-30,Premium Support,2,27,0
A01049,2025-06-30,Analytics,6,7,0
A01050,2025-06-30,Analytics,6,7,0
A01051,2025-06-30,Premium Support,12,12,1
A01052,2025-06-30,Automation,5,5,1
A01053,2025-06-30,Analytics,8,18,0
A01054,2025-06-30,Automation,6,2,0
A01055,2025-06-30,Analytics,10,1,1
A01056,2025-06-30,Analytics,11,5,0
A01057,2025-06-30,Analytics,9,9,1
A01058,2025-06-30,Analytics,11,23,0
A01059,2025-06-30,Core,8,8,2
A01060,2025-06-30,API,7,6,0
A01061,2025-06-30,Core,8,16,0
A01062,2025-06-30,Core,9,28,0
A01063,2025-06-30,Premium Support,12,5,1
A01064,2025-06-30,Core,10,8,1
A01065,2025-06-30,Core,6,19,0
A01066,2025-06-30,Automation,6,7,0
A01067,2025-06-30,Premium Support,7,10,0
A01068,2025-06-30,Automation,9,24,0
A01069,2025-06-30,Premium Support,8,8,3
A01070,2025-06-30,Core,6,18,1
A01071,2025-06-30,Premium Support,7,13,0
A01072,2025-06-30,API,5,13,1
A01073,2025-06-30,Analytics,11,26,0
A01074,2025-06-30,Automation,7,5,0
A01075,2025-06-30,Analytics,7,12,0
A01076,2025-06-30,API,12,21,0
A01077,2025-06-30,Automation,10,12,0
A01078,2025-06-30,Core,8,18,0
A01079,2025-06-30,Analytics,8,12,0
A01080,2025-06-30,Automation,12,28,0
A01081,2025-06-30,API,9,9,0
A01082,2025-06-30,Premium Support,3,28,0
A01083,2025-06-30,Analytics,11,16,0
A01084,2025-06-30,Premium Support,12,18,1
A01085,2025-06-30,API,6,8,0
A01086,2025-06-30,Premium Support,9,8,0
A01087,2025-06-30,Automation,8,21,0
A01088,2025-06-30,Premium Support,7,26,0
A01089,2025-06-30,API,10,16,1
A01090,2025-06-30,Premium Support,4,5,1
A01091,2025-06-30,API,7,23,0
A01092,2025-06-30,Analytics,8,18,0
A01093,2025-06-30,Analytics,8,26,0
A01094,2025-06-30,Premium Support,4,5,0
A01095,2025-06-30,API,7,3,0
A01096,2025-06-30,Automation,8,13,1
A01097,2025-06-30,API,10,12,1
A01098,2025-06-30,Automation,7,4,1
A01099,2025-06-30,Premium Support,5,18,0
A01100,2025-06-30,Premium Support,6,29,0
A01101,2025-06-30,Automation,7,20,0
A01102,2025-06-30,Core,9,5,1
A01103,2025-06-30,Premium Support,5,16,0
A01104,2025-06-30,API,8,18,0
A01105,2025-06-30,Premium Support,9,23,0
A01106,2025-06-30,Automation,3,8,0
A01107,2025-06-30,Core,7,16,0
A01108,2025-06-30,Analytics,6,27,0
A01109,2025-06-30,Analytics,10,9,0
A01110,2025-06-30,Core,4,27,1
A01111,2025-06-30,Core,9,3,0
A01112,2025-06-30,Core,2,25,0
A01113,2025-06-30,API,6,12,0
A01114,2025-06-30,API,9,18,1
A01115,2025-06-30,API,4,14,0
A01116,2025-06-30,API,8,11,0
A01117,2025-06-30,Automation,9,15,0
A01118,2025-06-30,Analytics,7,19,0
A01119,2025-06-30,Automation,6,3,0
A01120,2025-06-30,Premium Support,4,2,0
A01121,2025-06-30,API,7,9,0
A01122,2025-06-30,Automation,11,0,0
A01123,2025-06-30,Analytics,6,29,0
A01124,2025-06-30,API,6,14,1
A01125,2025-06-30,API,10,5,1
A01126,2025-06-30,Automation,11,11,0
A01127,2025-06-30,Premium Support,8,25,0
A01128,2025-06-30,Analytics,5,25,0
A01129,2025-06-30,Core,8,14,1
A01130,2025-06-30,API,5,21,0
A01131,2025-06-30,Analytics,5,19,1
A01132,2025-06-30,Premium Support,8,27,0
A01133,2025-06-30,Analytics,5,27,1
A01134,2025-06-30,Premium Support,6,2,0
A01135,2025-06-30,Premium Support,9,25,1
A01136,2025-06-30,Automation,13,21,0
A01137,2025-06-30,Automation,9,2,0
A01138,2025-06-30,API,8,16,1
A01139,2025-06-30,Analytics,5,29,0
A01140,2025-06-30,Automation,4,0,0
A01141,2025-06-30,API,4,8,0
A01142,2025-06-30,Automation,5,1,0
A01143,2025-06-30,API,6,17,0
A01144,2025-06-30,Analytics,4,29,1
A01145,2025-06-30,Automation,7,25,1
A01146,2025-06-30,Analytics,7,7,0
A01147,2025-06-30,Analytics,12,18,0
A01148,2025-06-30,Premium Support,5,3,0
A01149,2025-06-30,Automation,7,21,0
A01150,2025-06-30,Premium Support,10,17,1
A01151,2025-06-30,Premium Support,9,28,0
A01152,2025-06-30,Core,6,3,0
A01153,2025-06-30,Premium Support,6,11,0
A01154,2025-06-30,Premium Support,7,19,0
A01155,2025-06-30,Automation,7,16,1
A01156,2025-06-30,API,8,11,0
A01157,2025-06-30,Premium Support,4,13,0
A01158,2025-06-30,API,10,22,0
A01159,2025-06-30,API,8,12,0
A01160,2025-06-30,Analytics,6,13,1
A01161,2025-06-30,API,6,7,0
A01162,2025-06-30,Analytics,7,23,0
A01163,2025-06-30,Premium Support,8,19,0
A01164,2025-06-30,Automation,11,18,0
A01165,2025-06-30,Core,8,5,1
A01166,2025-06-30,Automation,11,22,0
A01167,2025-06-30,Automation,3,6,0
A01168,2025-06-30,Analytics,8,26,0
A01169,2025-06-30,Core,5,3,1
A01170,2025-06-30,Automation,6,17,0
A01171,2025-06-30,Premium Support,3,4,0
A01172,2025-06-30,API,9,9,0
A01173,2025-06-30,Analytics,3,20,1
A01174,2025-06-30,API,7,19,1
A01175,2025-06-30,Automation,9,12,1
A01176,2025-06-30,Premium Support,8,8,0
A01177,2025-06-30,Premium Support,4,24,1
A01178,2025-06-30,API,7,12,0
A01179,2025-06-30,Core,7,18,1
A01180,2025-06-30,Automation,10,7,1
A01181,2025-06-30,Premium Support,6,26,0
A01182,2025-06-30,Automation,5,17,0
A01183,2025-06-30,Analytics,13,20,0
A01184,2025-06-30,Automation,7,10,0
A01185,2025-06-30,Analytics,6,6,0
A01186,2025-06-30,Automation,10,4,0
A01187,2025-06-30,Automation,9,8,1
A01188,2025-06-30,Analytics,10,18,0
A01189,2025-06-30,Core,6,6,0
A01190,2025-06-30,Premium Support,11,27,0
A01191,2025-06-30,Automation,8,22,0
A01192,2025-06-30,Analytics,6,2,0
A01193,2025-06-30,Automation,13,26,0
A01194,2025-06-30,Automation,8,29,1
A01195,2025-06-30,Core,8,27,0
A01196,2025-06-30,API,6,22,1
A01197,2025-06-30,Core,7,6,0
A01198,2025-06-30,API,5,12,0
A01199,2025-06-30,Automation,11,25,0
A01200,2025-06-30,Analytics,11,22,1
A01201,2025-06-30,Automation,11,2,0
A01202,2025-06-30,Automation,9,29,1
A01203,2025-06-30,Automation,5,11,1
A01204,2025-06-30,Core,9,13,1
A01205,2025-06-30,API,11,6,0
A01206,2025-06-30,Premium Support,5,5,0
A01207,2025-06-30,Premium Support,6,18,1
A01208,2025-06-30,Automation,7,3,0
A01209,2025-06-30,Automation,7,11,0
A01210,2025-06-30,Automation,8,27,1
A01211,2025-06-30,Analytics,9,6,0
A01212,2025-06-30,Core,15,27,2
A01213,2025-06-30,Automation,13,20,0
A01214,2025-06-30,Premium Support,9,20,1
A01215,2025-06-30,Analytics,7,6,0
A01216,2025-06-30,Core,9,26,1
A01217,2025-06-30,API,5,19,0
A01218,2025-06-30,Analytics,16,28,0
A01219,2025-06-30,Analytics,4,23,0
A01220,2025-06-30,API,4,20,0
A01221,2025-06-30,Premium Support,5,12,2
A01222,2025-06-30,Premium Support,7,0,1
A01223,2025-06-30,Analytics,9,11,0
A01224,2025-06-30,Automation,6,9,0
A01225,2025-06-30,Analytics,2,1,0
A01226,2025-06-30,Analytics,6,6,0
A01227,2025-06-30,Premium Support,5,22,1
A01228,2025-06-30,Automation,5,16,0
A01229,2025-06-30,Automation,5,19,1
A01230,2025-06-30,Core,9,18,0
A01231,2025-06-30,Core,13,8,0
A01232,2025-06-30,API,5,28,0
A01233,2025-06-30,Automation,13,3,0
A01234,2025-06-30,Core,4,28,0
A01235,2025-06-30,Premium Support,12,21,0
A01236,2025-06-30,Core,11,1,0
A01237,2025-06-30,Analytics,7,14,0
A01238,2025-06-30,Premium Support,14,22,0
A01239,2025-06-30,Automation,7,11,1
A01240,2025-06-30,Automation,8,13,0
A01241,2025-06-30,Core,11,12,2
A01242,2025-06-30,Core,7,26,1
A01243,2025-06-30,Core,14,21,0
A01244,2025-06-30,Analytics,12,0,0
A01245,2025-06-30,Automation,7,17,0
A01246,2025-06-30,Premium Support,4,14,0
A01247,2025-06-30,Automation,9,15,0
A01248,2025-06-30,Analytics,10,10,0
A01249,2025-06-30,Core,10,7,0
A01250,2025-06-30,Premium Support,10,14,0
A01251,2025-06-30,Premium Support,4,23,0
A01252,2025-06-30,Core,9,22,0
A01253,2025-06-30,Premium Support,4,13,0
A01254,2025-06-30,Analytics,13,21,0
A01255,2025-06-30,API,11,20,1
A01256,2025-06-30,API,11,6,0
A01257,2025-06-30,Automation,9,25,0
A01258,2025-06-30,API,7,4,0
A01259,2025-06-30,Automation,8,25,0
A01260,2025-06-30,Automation,14,16,0
A01261,2025-06-30,API,9,20,0
A01262,2025-06-30,Premium Support,9,23,1
A01263,2025-06-30,API,6,11,0
A01264,2025-06-30,Core,13,29,0
A01265,2025-06-30,Core,9,2,0
A01266,2025-06-30,Analytics,8,0,1
A01267,2025-06-30,Analytics,8,22,1
A01268,2025-06-30,Premium Support,9,8,1
A01269,2025-06-30,Core,4,2,1
A01270,2025-06-30,Automation,6,24,0
A01271,2025-06-30,Automation,7,3,0
A01272,2025-06-30,Analytics,5,15,0
A01273,2025-06-30,Analytics,8,4,0
A01274,2025-06-30,API,5,3,0
A01275,2025-06-30,Analytics,12,16,0
A01276,2025-06-30,Core,13,6,0
A01277,2025-06-30,Analytics,6,7,0
A01278,2025-06-30,Premium Support,6,10,1
A01279,2025-06-30,Premium Support,9,7,1
A01280,2025-06-30,Automation,7,29,0
A01281,2025-06-30,Core,10,11,0
A01282,2025-06-30,Analytics,10,16,0
A01283,2025-06-30,Automation,9,26,0
A01284,2025-06-30,Analytics,7,12,0
A01285,2025-06-30,Analytics,10,28,0
A01286,2025-06-30,Automation,9,20,0
A01287,2025-06-30,Core,7,18,0
A01288,2025-06-30,Automation,10,9,0
A01289,2025-06-30,API,11,4,0
A01290,2025-06-30,API,10,9,0
A01291,2025-06-30,Core,11,15,0
A01292,2025-06-30,Core,3,3,3
A01293,2025-06-30,Analytics,12,22,0
A01294,2025-06-30,API,8,16,0
A01295,2025-06-30,Premium Support,9,22,0
A01296,2025-06-30,Premium Support,11,24,1
A01297,2025-06-30,Analytics,9,28,1
A01298,2025-06-30,Analytics,14,15,0
A01299,2025-06-30,Analytics,9,17,0
A01300,2025-06-30,Automation,9,29,1
A01301,2025-06-30,Analytics,10,7,0
A01302,2025-06-30,Core,8,19,0
A01303,2025-06-30,Core,7,2,0
A01304,2025-06-30,Automation,4,16,0
A01305,2025-06-30,API,9,29,0
A01306,2025-06-30,Automation,5,15,0
A01307,2025-06-30,API,8,28,0
A01308,2025-06-30,Core,7,2,0
A01309,2025-06-30,Premium Support,8,2,0
A01310,2025-06-30,Premium Support,7,29,2
A01311,2025-06-30,Premium Support,6,1,0
A01312,2025-06-30,Premium Support,9,25,0
A01313,2025-06-30,API,12,12,2
A01314,2025-06-30,Automation,5,4,0
A01315,2025-06-30,Automation,7,17,0
A01316,2025-06-30,Automation,11,29,0
A01317,2025-06-30,Automation,3,24,0
A01318,2025-06-30,API,10,5,1
A01319,2025-06-30,Analytics,6,8,0
A01320,2025-06-30,Core,3,2,0
A01321,2025-06-30,Premium Support,5,2,0
A01322,2025-06-30,API,9,14,1
A01323,2025-06-30,Core,7,16,0
A01324,2025-06-30,Premium Support,11,6,1
A01325,2025-06-30,Premium Support,8,8,0
A01326,2025-06-30,Automation,8,2,0
A01327,2025-06-30,API,10,23,0
A01328,2025-06-30,Premium Support,3,7,0
A01329,2025-06-30,Core,5,14,0
A01330,2025-06-30,Premium Support,11,11,0
A01331,2025-06-30,Premium Support,12,5,1
A01332,2025-06-30,Analytics,12,16,0
A01333,2025-06-30,Analytics,8,21,0
A01334,2025-06-30,Automation,8,27,1
A01335,2025-06-30,Automation,9,4,0
A01336,2025-06-30,Automation,8,15,0
A01337,2025-06-30,Core,10,15,1
A01338,2025-06-30,Premium Support,9,29,0
A01339,2025-06-30,Premium Support,9,13,0
A01340,2025-06-30,Analytics,5,17,0
A01341,2025-06-30,Core,9,25,1
A01342,2025-06-30,Core,10,25,0
A01343,2025-06-30,Core,10,25,1
A01344,2025-06-30,Core,11,15,0
A01345,2025-06-30,Core,7,11,0
A01346,2025-06-30,API,10,9,0
A01347,2025-06-30,API,11,26,0
A01348,2025-06-30,Premium Support,9,29,0
A01349,2025-06-30,Automation,6,2,0
A01350,2025-06-30,API,4,20,0
A01351,2025-06-30,Automation,8,15,1
A01352,2025-06-30,Premium Support,10,28,0
A01353,2025-06-30,Analytics,11,12,0
A01354,2025-06-30,Premium Support,12,19,0
A01355,2025-06-30,Core,15,8,0
A01356,2025-06-30,Premium Support,6,0,2
A01357,2025-06-30,API,10,9,0
A01358,2025-06-30,Core,9,21,1
A01359,2025-06-30,Core,11,7,0
A01360,2025-06-30,Core,5,29,1
A01361,2025-06-30,Core,10,10,2
A01362,2025-06-30,Premium Support,7,18,0
A01363,2025-06-30,Analytics,8,4,0
A01364,2025-06-30,Analytics,6,19,0
A01365,2025-06-30,Analytics,10,0,0
A01366,2025-06-30,Core,9,6,0
A01367,2025-06-30,Core,9,10,0
A01368,2025-06-30,Analytics,8,25,0
A01369,2025-06-30,Premium Support,5,20,1
A01370,2025-06-30,Core,11,0,0
A01371,2025-06-30,Premium Support,7,27,1
A01372,2025-06-30,Premium Support,12,22,0
A01373,2025-06-30,Core,11,6,0
A01374,2025-06-30,Premium Support,7,8,0
A01375,2025-06-30,API,12,27,0
A01376,2025-06-30,Automation,7,6,0
A01377,2025-06-30,API,5,19,0
A01378,2025-06-30,Core,10,24,0
A01379,2025-06-30,Automation,10,29,0
A01380,2025-06-30,Automation,5,10,0
A01381,2025-06-30,API,10,11,0
A01382,2025-06-30,Core,12,11,0
A01383,2025-06-30,Analytics,4,27,0
A01384,2025-06-30,Analytics,9,11,1
A01385,2025-06-30,Core,14,17,1
A01386,2025-06-30,Core,4,18,1
A01387,2025-06-30,Analytics,6,10,0
A01388,2025-06-30,Premium Support,5,26,2
A01389,2025-06-30,Analytics,15,20,0
A01390,2025-06-30,Analytics,7,24,0
A01391,2025-06-30,Automation,8,16,0
A01392,2025-06-30,Premium Support,5,20,0
A01393,2025-06-30,Core,7,4,1
A01394,2025-06-30,Core,12,23,2
A01395,2025-06-30,Analytics,14,22,0
A01396,2025-06-30,API,8,2,0
A01397,2025-06-30,API,10,27,0
A01398,2025-06-30,Premium Support,8,28,0
A01399,2025-06-30,Automation,8,3,1
A01400,2025-06-30,Analytics,11,9,0
A01401,2025-06-30,Analytics,11,4,1
A01402,2025-06-30,API,13,3,0
A01403,2025-06-30,API,8,6,0
A01404,2025-06-30,Analytics,7,27,1
A01405,2025-06-30,Premium Support,4,24,0
A01406,2025-06-30,Core,12,7,0
A01407,2025-06-30,Analytics,10,3,0
A01408,2025-06-30,Premium Support,15,4,0
A01409,2025-06-30,API,6,3,0
A01410,2025-06-30,Core,6,29,0
A01411,2025-06-30,API,10,20,0
A01412,2025-06-30,API,6,0,1
A01413,2025-06-30,Analytics,7,1,0
A01414,2025-06-30,API,7,20,0
A01415,2025-06-30,Analytics,2,28,0
A01416,2025-06-30,Core,10,11,0
A01417,2025-06-30,Premium Support,10,2,1
A01418,2025-06-30,Premium Support,10,24,0
A01419,2025-06-30,Premium Support,11,28,0
A01420,2025-06-30,Core,8,1,0
A01421,2025-06-30,Premium Support,9,24,0
A01422,2025-06-30,Analytics,7,9,0
A01423,2025-06-30,Analytics,5,10,0
A01424,2025-06-30,Analytics,4,7,0
A01425,2025-06-30,API,10,12,0
A01426,2025-06-30,Core,13,3,0
A01427,2025-06-30,Analytics,5,3,0
A01428,2025-06-30,API,9,17,0
A01429,2025-06-30,Automation,10,26,0
A01430,2025-06-30,Premium Support,7,9,1
A01431,2025-06-30,Core,5,26,0
A01432,2025-06-30,Premium Support,9,11,0
A01433,2025-06-30,API,10,13,0
A01434,2025-06-30,Core,7,19,0
A01435,2025-06-30,Analytics,7,24,0
A01436,2025-06-30,Premium Support,7,2,0
A01437,2025-06-30,API,7,3,0
A01438,2025-06-30,Automation,4,23,0
A01439,2025-06-30,Analytics,7,12,0
A01440,2025-06-30,API,6,11,0
A01441,2025-06-30,API,3,23,0
A01442,2025-06-30,API,8,7,0
A01443,2025-06-30,Premium Support,4,23,0
A01444,2025-06-30,API,7,24,0
A01445,2025-06-30,Analytics,14,28,1
A01446,2025-06-30,Analytics,8,7,1
A01447,2025-06-30,API,10,17,0
A01448,2025-06-30,Premium Support,7,19,0
A01449,2025-06-30,API,8,13,0
A01450,2025-06-30,Core,7,5,0
A01451,2025-06-30,Premium Support,7,11,1
A01452,2025-06-30,API,10,16,0
A01453,2025-06-30,Core,9,15,0
A01454,2025-06-30,Premium Support,7,12,0
A01455,2025-06-30,Automation,12,17,1
A01456,2025-06-30,API,11,25,0
A01457,2025-06-30,API,2,20,0
A01458,2025-06-30,Analytics,10,11,0
A01459,2025-06-30,Premium Support,10,21,0
A01460,2025-06-30,API,8,20,0
A01461,2025-06-30,API,5,9,0
A01462,2025-06-30,Premium Support,9,29,0
A01463,2025-06-30,Analytics,12,3,2
A01464,2025-06-30,Automation,8,0,0
A01465,2025-06-30,Analytics,12,15,0
A01466,2025-06-30,Core,1,2,0
A01467,2025-06-30,Premium Support,7,19,0
A01468,2025-06-30,Automation,4,17,1
A01469,2025-06-30,Premium Support,5,9,0
A01470,2025-06-30,Core,11,7,0
A01471,2025-06-30,API,10,27,1
A01472,2025-06-30,Core,5,0,0
A01473,2025-06-30,Analytics,5,13,0
A01474,2025-06-30,Automation,6,28,1
A01475,2025-06-30,Analytics,7,22,1
A01476,2025-06-30,Core,6,8,1
A01477,2025-06-30,Premium Support,9,15,1
A01478,2025-06-30,Core,12,29,0
A01479,2025-06-30,API,5,5,0
A01480,2025-06-30,Automation,8,6,0
A01481,2025-06-30,Premium Support,10,3,0
A01482,2025-06-30,Premium Support,6,27,0
A01483,2025-06-30,Core,6,25,0
A01484,2025-06-30,Core,9,0,0
A01485,2025-06-30,Premium Support,4,29,0
A01486,2025-06-30,Premium Support,9,18,0
A01487,2025-06-30,Analytics,8,18,0
A01488,2025-06-30,API,9,22,0
A01489,2025-06-30,API,9,11,0
A01490,2025-06-30,Premium Support,5,20,0
A01491,2025-06-30,Premium Support,9,21,0
A01492,2025-06-30,Automation,10,23,0
A01493,2025-06-30,Automation,5,3,0
A01494,2025-06-30,Analytics,7,25,0
A01495,2025-06-30,API,11,13,0
A01496,2025-06-30,Core,3,10,0
A01497,2025-06-30,Core,10,8,1
A01498,2025-06-30,Automation,8,18,1
A01499,2025-06-30,Core,6,23,0
A01500,2025-06-30,Premium Support,5,21,0
A01501,2025-06-30,Core,15,13,0
A01502,2025-06-30,Analytics,10,25,1
A01503,2025-06-30,API,9,28,0
A01504,2025-06-30,API,11,0,0
A01505,2025-06-30,Automation,8,18,1
A01506,2025-06-30,API,8,0,0
A01507,2025-06-30,API,6,18,0
A01508,2025-06-30,Core,10,29,1
A01509,2025-06-30,Analytics,10,29,0
A01510,2025-06-30,Core,4,3,0
A01511,2025-06-30,Automation,7,9,1
A01512,2025-06-30,Premium Support,9,7,0
A01513,2025-06-30,API,12,6,1
A01514,2025-06-30,Automation,9,8,0
A01515,2025-06-30,Premium Support,6,8,0
A01516,2025-06-30,Premium Support,7,12,0
A01517,2025-06-30,Core,9,21,2
A01518,2025-06-30,Premium Support,10,22,0
A01519,2025-06-30,API,3,13,0
A01520,2025-06-30,Premium Support,7,28,0
A01521,2025-06-30,Automation,8,4,0
A01522,2025-06-30,Core,8,16,0
A01523,2025-06-30,Premium Support,14,27,2
A01524,2025-06-30,API,4,17,0
A01525,2025-06-30,API,9,17,0
A01526,2025-06-30,API,15,11,0
A01527,2025-06-30,Premium Support,12,21,0
A01528,2025-06-30,Automation,8,17,1
A01529,2025-06-30,Automation,8,29,0
A01530,2025-06-30,Premium Support,6,1,0
A01531,2025-06-30,API,9,1,1
A01532,2025-06-30,Premium Support,8,16,1
A01533,2025-06-30,API,6,20,0
A01534,2025-06-30,Core,7,27,0
A01535,2025-06-30,Core,5,25,0
A01536,2025-06-30,Automation,8,23,0
A01537,2025-06-30,Premium Support,7,7,1
A01538,2025-06-30,Automation,7,11,0
A01539,2025-06-30,Analytics,5,0,0
A01540,2025-06-30,Automation,10,23,0
A01541,2025-06-30,Analytics,5,5,0
A01542,2025-06-30,Analytics,10,7,0
A01543,2025-06-30,Automation,12,16,0
A01544,2025-06-30,Core,10,21,0
A01545,2025-06-30,Automation,3,22,1
A01546,2025-06-30,Analytics,9,7,0
A01547,2025-06-30,API,14,18,1
A01548,2025-06-30,API,7,22,0
A01549,2025-06-30,Premium Support,9,19,0
A01550,2025-06-30,Premium Support,10,7,0
A01551,2025-06-30,Analytics,4,26,1
A01552,2025-06-30,Premium Support,5,10,0
A01553,2025-06-30,API,5,11,0
A01554,2025-06-30,Premium Support,7,8,0
A01555,2025-06-30,Analytics,6,29,0
A01556,2025-06-30,Analytics,9,26,1
A01557,2025-06-30,Premium Support,10,20,0
A01558,2025-06-30,API,11,24,1
A01559,2025-06-30,Automation,7,27,0
A01560,2025-06-30,Premium Support,11,21,0
A01561,2025-06-30,API,8,2,0
A01562,2025-06-30,API,6,6,0
A01563,2025-06-30,Premium Support,3,16,0
A01564,2025-06-30,Core,5,15,0
A01565,2025-06-30,Core,10,7,0
A01566,2025-06-30,API,3,24,0
A01567,2025-06-30,Premium Support,7,20,0
A01568,2025-06-30,Automation,4,17,0
A01569,2025-06-30,Core,5,17,0
A01570,2025-06-30,Automation,7,7,0
A01571,2025-06-30,Core,7,2,0
A01572,2025-06-30,Automation,6,7,1
A01573,2025-06-30,Core,14,5,0
A01574,2025-06-30,Analytics,5,21,0
A01575,2025-06-30,API,7,8,0
A01576,2025-06-30,API,9,20,1
A01577,2025-06-30,API,19,25,1
A01578,2025-06-30,Core,9,1,0
A01579,2025-06-30,Premium Support,12,25,0
A01580,2025-06-30,Core,9,4,1
A01581,2025-06-30,Premium Support,6,21,0
A01582,2025-06-30,Premium Support,5,8,0
A01583,2025-06-30,API,6,14,0
A01584,2025-06-30,Analytics,3,13,0
A01585,2025-06-30,API,5,14,1
A01586,2025-06-30,Automation,5,1,0
A01587,2025-06-30,Automation,7,4,0
A01588,2025-06-30,Automation,7,12,0
A01589,2025-06-30,Core,3,9,0
A01590,2025-06-30,Analytics,8,25,0
A01591,2025-06-30,API,8,26,0
A01592,2025-06-30,Core,8,26,1
A01593,2025-06-30,API,10,27,1
A01594,2025-06-30,Analytics,2,8,0
A01595,2025-06-30,API,7,6,0
A01596,2025-06-30,API,6,22,0
A01597,2025-06-30,Analytics,7,29,0
A01598,2025-06-30,Analytics,8,22,0
A01599,2025-06-30,API,3,3,0
A01600,2025-06-30,Analytics,6,21,0
A01601,2025-06-30,API,9,14,0
A01602,2025-06-30,Core,11,24,0
A01603,2025-06-30,Core,8,7,0
A01604,2025-06-30,API,9,25,0
A01605,2025-06-30,Analytics,12,13,0
A01606,2025-06-30,API,11,18,0
A01607,2025-06-30,Analytics,8,11,0
A01608,2025-06-30,Premium Support,10,21,0
A01609,2025-06-30,API,8,25,0
A01610,2025-06-30,Core,5,0,0
A01611,2025-06-30,Analytics,9,3,2
A01612,2025-06-30,API,4,4,0
A01613,2025-06-30,Analytics,9,17,0
A01614,2025-06-30,API,6,2,0
A01615,2025-06-30,Premium Support,7,0,0
A01616,2025-06-30,API,16,8,0
A01617,2025-06-30,Core,8,21,0
A01618,2025-06-30,Core,11,6,0
A01619,2025-06-30,Automation,3,22,0
A01620,2025-06-30,Core,6,27,0
A01621,2025-06-30,Automation,6,14,1
A01622,2025-06-30,Core,4,8,0
A01623,2025-06-30,Analytics,13,18,0
A01624,2025-06-30,Analytics,5,3,1
A01625,2025-06-30,API,10,15,1
A01626,2025-06-30,API,11,11,1
A01627,2025-06-30,API,10,0,1
A01628,2025-06-30,Automation,9,13,0
A01629,2025-06-30,Core,7,17,0
A01630,2025-06-30,Analytics,10,25,0
A01631,2025-06-30,Automation,6,4,2
A01632,2025-06-30,Analytics,6,15,0
A01633,2025-06-30,Core,6,6,0
A01634,2025-06-30,API,6,3,0
A01635,2025-06-30,API,12,26,0
A01636,2025-06-30,Automation,9,10,0
A01637,2025-06-30,Premium Support,9,22,0
A01638,2025-06-30,Automation,7,28,0
A01639,2025-06-30,Automation,7,27,1
A01640,2025-06-30,Analytics,8,29,1
A01641,2025-06-30,Premium Support,10,11,0
A01642,2025-06-30,Analytics,9,16,0
A01643,2025-06-30,Core,10,19,0
A01644,2025-06-30,API,10,15,0
A01645,2025-06-30,API,12,24,0
A01646,2025-06-30,Automation,5,5,1
A01647,2025-06-30,API,9,5,0
A01648,2025-06-30,Analytics,6,9,0
A01649,2025-06-30,Analytics,11,0,0
A01650,2025-06-30,Core,8,11,0
A01651,2025-06-30,API,13,11,1
A01652,2025-06-30,Premium Support,6,10,0
A01653,2025-06-30,Automation,12,24,0
A01654,2025-06-30,Premium Support,11,13,0
A01655,2025-06-30,Analytics,11,29,0
A01656,2025-06-30,Automation,6,5,0
A01657,2025-06-30,API,6,0,0
A01658,2025-06-30,Automation,4,23,0
A01659,2025-06-30,Core,10,20,0
A01660,2025-06-30,Premium Support,13,18,0
A01661,2025-06-30,Automation,2,25,2
A01662,2025-06-30,Core,10,16,0
A01663,2025-06-30,Premium Support,7,21,1
A01664,2025-06-30,Core,9,5,0
A01665,2025-06-30,Premium Support,7,10,0
A01666,2025-06-30,Automation,6,1,0
A01667,2025-06-30,API,6,23,1
A01668,2025-06-30,Premium Support,8,14,0
A01669,2025-06-30,Analytics,5,29,0
A01670,2025-06-30,API,9,15,0
A01671,2025-06-30,Analytics,11,13,1
A01672,2025-06-30,Premium Support,9,16,0
A01673,2025-06-30,Core,6,12,0
A01674,2025-06-30,Premium Support,10,3,2
A01675,2025-06-30,Automation,5,26,0
A01676,2025-06-30,Premium Support,9,0,0
A01677,2025-06-30,API,8,20,1
A01678,2025-06-30,API,11,18,0
A01679,2025-06-30,Automation,4,21,0
A01680,2025-06-30,Automation,8,27,0
A01681,2025-06-30,API,2,25,1
A01682,2025-06-30,Automation,11,7,0
A01683,2025-06-30,API,5,22,0
A01684,2025-06-30,API,9,17,1
A01685,2025-06-30,Analytics,6,17,0
A01686,2025-06-30,Core,5,4,0
A01687,2025-06-30,API,11,12,0
A01688,2025-06-30,Core,7,9,0
A01689,2025-06-30,Analytics,10,11,0
A01690,2025-06-30,Core,9,3,2
A01691,2025-06-30,Automation,11,26,0
A01692,2025-06-30,API,5,7,0
A01693,2025-06-30,Analytics,4,15,0
A01694,2025-06-30,Analytics,14,19,0
A01695,2025-06-30,Premium Support,11,12,2
A01696,2025-06-30,Core,2,5,1
A01697,2025-06-30,Premium Support,3,5,1
A01698,2025-06-30,Automation,6,21,0
A01699,2025-06-30,Core,6,23,1
A01700,2025-06-30,Automation,9,9,1
