account_id,date,csat_score,comment_sentiment_score
A00001,2025-01-28,9.3,0.27
A00001,2025-02-20,7.8,1.46
A00001,2025-03-28,8.0,0.89
A00001,2025-04-30,8.4,0.46
A00001,2025-05-23,6.7,0.49
A00001,2025-06-23,8.5,0.29
A00002,2025-01-30,7.9,0.83
A00002,2025-02-26,9.2,0.53
A00002,2025-03-22,7.6,0.54
A00002,2025-04-26,8.3,0.21
A00002,2025-05-31,6.9,0.87
A00002,2025-06-29,7.5,0.38
A00003,2025-01-31,7.7,0.87
A00003,2025-02-21,7.9,1.09
A00003,2025-03-26,7.6,0.8
A00003,2025-04-24,7.7,1.29
A00003,2025-05-29,7.4,0.01
A00003,2025-06-27,9.0,1.1
A00004,2025-01-31,9.9,0.26
A00004,2025-02-22,9.3,0.87
A00004,2025-03-28,9.1,0.89
A00004,2025-04-28,8.2,0.99
A00004,2025-05-24,8.1,0.62
A00004,2025-06-21,6.6,0.88
A00005,2025-01-28,7.9,0.06
A00005,2025-02-26,6.7,0.6
A00005,2025-03-29,6.3,0.16
A00005,2025-04-26,7.9,0.43
A00005,2025-05-28,7.2,0.35
A00005,2025-06-21,6.6,0.87
A00006,2025-01-23,5.7,0.15
A00006,2025-02-21,8.9,1.05
A00006,2025-03-30,5.3,0.63
A00006,2025-04-26,7.1,0.15
A00006,2025-05-27,8.6,0.24
A00006,2025-06-25,8.2,0.26
A00007,2025-01-29,6.9,0.43
A00007,2025-02-28,6.9,0.53
A00007,2025-03-22,10.0,0.49
A00007,2025-04-23,8.6,0.83
A00007,2025-05-23,8.8,0.45
A00007,2025-06-21,8.5,0.65
A00008,2025-01-28,7.1,0.96
A00008,2025-02-27,9.4,0.76
A00008,2025-03-26,7.0,0.72
A00008,2025-04-26,7.5,0.04
A00008,2025-05-27,7.7,0.86
A00008,2025-06-29,8.1,0.54
A00009,2025-01-22,7.7,0.05
A00009,2025-02-21,6.9,0.69
A00009,2025-03-27,6.6,0.29
A00009,2025-04-26,4.9,0.4
A00009,2025-05-28,6.8,0.18
A00009,2025-06-28,8.7,0.26
A00010,2025-01-29,7.6,0.12
A00010,2025-02-19,8.1,0.81
A00010,2025-03-29,8.0,0.62
A00010,2025-04-25,6.7,0.4
A00010,2025-05-24,7.5,0.44
A00010,2025-06-24,7.9,0.45
A00011,2025-01-29,7.5,0.45
A00011,2025-02-28,9.7,0.9
A00011,2025-03-23,7.3,0.08
A00011,2025-04-29,6.4,0.4
A00011,2025-05-22,7.4,0.48
A00011,2025-06-27,6.7,0.03
A00012,2025-01-28,7.7,0.84
A00012,2025-02-22,9.8,0.4
A00012,2025-03-27,10.0,0.61
A00012,2025-04-24,9.2,0.26
A00012,2025-05-23,7.6,0.42
A00012,2025-06-28,10.0,0.94
A00013,2025-01-31,8.3,0.75
A00013,2025-02-21,6.7,0.25
A00013,2025-03-31,8.6,0.24
A00013,2025-04-25,7.8,0.8
A00013,2025-05-30,7.6,0.35
A00013,2025-06-27,8.4,0.55
A00014,2025-01-23,7.6,0.78
A00014,2025-02-26,5.6,0.35
A00014,2025-03-25,7.7,1.09
A00014,2025-04-29,7.9,0.88
A00014,2025-05-27,8.7,0.45
A00014,2025-06-27,6.4,1.09
A00015,2025-01-27,7.2,0.17
A00015,2025-02-27,8.1,-0.34
A00015,2025-03-27,6.1,-0.03
A00015,2025-04-22,6.2,0.38
A00015,2025-05-24,7.1,0.77
A00015,2025-06-27,9.6,0.55
A00016,2025-01-27,8.6,0.68
A00016,2025-02-21,6.5,0.56
A00016,2025-03-22,8.2,0.67
A00016,2025-04-22,7.3,0.77
A00016,2025-05-27,8.2,0.21
A00016,2025-06-30,6.2,1.01
A00017,2025-01-25,8.9,0.42
A00017,2025-02-25,7.5,0.28
A00017,2025-03-26,8.8,0.54
A00017,2025-04-24,9.9,0.02
A00017,2025-05-25,8.3,0.7
A00017,2025-06-30,5.5,0.46
A00018,2025-01-31,8.2,0.2
A00018,2025-02-22,5.0,0.48
A00018,2025-03-25,7.6,0.37
A00018,2025-04-27,7.7,0.08
A00018,2025-05-23,7.4,0.39
A00018,2025-06-29,6.5,0.1
A00019,2025-01-29,8.5,0.27
A00019,2025-02-28,7.1,0.68
A00019,2025-03-24,6.6,-0.07
A00019,2025-04-21,9.5,0.39
A00019,2025-05-28,9.6,0.08
A00019,2025-06-26,7.3,0.31
A00020,2025-01-24,7.4,0.9
A00020,2025-02-28,8.0,0.97
A00020,2025-03-27,6.8,0.81
A00020,2025-04-24,6.8,0.5
A00020,2025-05-31,8.3,0.45
A00020,2025-06-25,8.1,0.28
A00021,2025-01-26,9.0,0.69
A00021,2025-02-24,7.8,0.95
A00021,2025-03-29,7.0,0.82
A00021,2025-04-27,9.0,0.67
A00021,2025-05-25,9.6,0.17
A00021,2025-06-28,9.3,-0.05
A00022,2025-01-24,5.2,0.82
A00022,2025-02-23,6.7,0.39
A00022,2025-03-30,6.8,0.35
A00022,2025-04-29,7.9,0.47
A00022,2025-05-31,5.3,0.76
A00022,2025-06-27,7.4,0.31
A00023,2025-01-25,9.3,0.43
A00023,2025-02-26,8.4,0.43
A00023,2025-03-24,7.2,0.29
A00023,2025-04-29,8.4,0.46
A00023,2025-05-25,7.9,0.39
A00023,2025-06-29,5.3,0.31
A00024,2025-01-28,7.6,1.01
A00024,2025-02-21,8.0,0.55
A00024,2025-03-31,8.8,0.84
A00024,2025-04-27,8.6,0.74
A00024,2025-05-24,9.0,0.4
A00024,2025-06-27,9.6,0.61
A00025,2025-01-23,7.9,0.77
A00025,2025-02-24,7.3,0.73
A00025,2025-03-27,8.0,0.15
A00025,2025-04-25,7.6,0.39
A00025,2025-05-30,6.3,1.08
A00025,2025-06-30,7.3,0.47
A00026,2025-01-29,10.0,0.76
A00026,2025-02-24,7.9,0.88
A00026,2025-03-24,6.1,1.01
A00026,2025-04-26,7.3,0.15
A00026,2025-05-31,8.6,0.44
A00026,2025-06-24,10.0,0.5
A00027,2025-01-24,9.2,0.2
A00027,2025-02-21,8.4,0.24
A00027,2025-03-24,8.9,0.38
A00027,2025-04-21,9.2,0.02
A00027,2025-05-30,7.8,0.6
A00027,2025-06-23,7.9,0.78
A00028,2025-01-30,6.4,0.19
A00028,2025-02-23,7.2,0.51
A00028,2025-03-25,5.4,-0.02
A00028,2025-04-22,6.3,-0.24
A00028,2025-05-24,5.8,0.56
A00028,2025-06-28,6.1,0.61
A00029,2025-01-22,8.1,0.86
A00029,2025-02-26,7.8,0.16
A00029,2025-03-31,9.3,0.27
A00029,2025-04-22,7.8,1.08
A00029,2025-05-28,7.5,0.72
A00029,2025-06-23,9.6,1.15
A00030,2025-01-26,8.7,0.58
A00030,2025-02-24,8.0,0.76
A00030,2025-03-29,7.1,0.31
A00030,2025-04-23,9.7,0.45
A00030,2025-05-22,9.6,0.56
A00030,2025-06-28,9.5,0.42
A00031,2025-01-23,6.6,0.23
A00031,2025-02-25,7.3,0.23
A00031,2025-03-31,4.8,0.48
A00031,2025-04-28,7.2,0.84
A00031,2025-05-24,5.7,0.34
A00031,2025-06-21,6.4,0.65
A00032,2025-01-27,10.0,0.49
A00032,2025-02-22,8.9,0.98
A00032,2025-03-28,7.2,0.42
A00032,2025-04-26,8.5,0.72
A00032,2025-05-24,6.6,0.69
A00032,2025-06-24,5.4,0.6
A00033,2025-01-26,6.7,0.36
A00033,2025-02-27,7.8,0.51
A00033,2025-03-24,5.8,0.57
A00033,2025-04-21,8.1,0.73
A00033,2025-05-24,7.8,0.69
A00033,2025-06-22,7.0,0.39
A00034,2025-01-30,6.3,0.76
A00034,2025-02-19,6.3,0.15
A00034,2025-03-28,7.6,0.13
A00034,2025-04-26,6.1,0.84
A00034,2025-05-24,5.4,-0.07
A00034,2025-06-29,5.4,0.15
A00035,2025-01-25,7.0,0.72
A00035,2025-02-27,7.8,0.53
A00035,2025-03-24,7.9,0.42
A00035,2025-04-29,9.0,0.26
A00035,2025-05-25,6.5,0.21
A00035,2025-06-29,6.1,0.11
A00036,2025-01-28,6.7,0.22
A00036,2025-02-22,6.1,0.76
A00036,2025-03-27,7.6,0.47
A00036,2025-04-25,8.4,0.47
A00036,2025-05-29,5.9,0.4
A00036,2025-06-30,7.6,0.78
A00037,2025-01-27,9.1,0.93
A00037,2025-02-22,7.8,0.51
A00037,2025-03-29,8.2,0.86
A00037,2025-04-25,10.0,0.51
A00037,2025-05-26,8.8,0.51
A00037,2025-06-23,9.5,1.07
A00038,2025-01-27,7.1,0.79
A00038,2025-02-22,5.3,0.71
A00038,2025-03-28,6.8,0.27
A00038,2025-04-24,3.7,0.54
A00038,2025-05-25,6.3,0.39
A00038,2025-06-30,6.9,0.09
A00039,2025-01-28,7.1,0.64
A00039,2025-02-21,9.2,0.67
A00039,2025-03-31,7.8,0.47
A00039,2025-04-27,7.4,0.49
A00039,2025-05-31,9.4,0.69
A00039,2025-06-22,8.3,0.73
A00040,2025-01-25,7.3,0.2
A00040,2025-02-22,6.4,0.39
A00040,2025-03-23,8.4,0.12
A00040,2025-04-28,6.0,0.26
A00040,2025-05-31,7.3,1.07
A00040,2025-06-24,6.9,0.51
A00041,2025-01-30,6.2,0.69
A00041,2025-02-28,7.3,0.63
A00041,2025-03-25,8.4,0.74
A00041,2025-04-30,7.8,0.41
A00041,2025-05-22,7.1,0.39
A00041,2025-06-27,10.0,0.69
A00042,2025-01-24,7.5,0.61
A00042,2025-02-27,8.8,0.81
A00042,2025-03-25,9.3,0.65
A00042,2025-04-21,7.6,0.58
A00042,2025-05-28,7.6,1.28
A00042,2025-06-24,7.6,0.8
A00043,2025-01-22,9.1,0.04
A00043,2025-02-24,9.2,0.55
A00043,2025-03-29,9.3,0.12
A00043,2025-04-22,10.0,0.72
A00043,2025-05-23,7.0,0.58
A00043,2025-06-28,9.5,0.74
A00044,2025-01-25,8.3,0.21
A00044,2025-02-21,5.7,0.16
A00044,2025-03-23,7.1,0.38
A00044,2025-04-23,7.8,0.33
A00044,2025-05-28,6.3,0.65
A00044,2025-06-28,8.4,0.88
A00045,2025-01-29,6.9,0.48
A00045,2025-02-24,7.0,0.51
A00045,2025-03-27,5.9,0.15
A00045,2025-04-23,7.1,0.04
A00045,2025-05-26,6.9,0.19
A00045,2025-06-21,7.1,0.13
A00046,2025-01-25,8.4,0.61
A00046,2025-02-26,9.4,0.52
A00046,2025-03-31,7.7,0.41
A00046,2025-04-26,7.7,0.33
A00046,2025-05-29,7.3,0.66
A00046,2025-06-24,7.2,0.88
A00047,2025-01-28,7.1,0.67
A00047,2025-02-19,8.4,-0.29
A00047,2025-03-31,7.3,0.56
A00047,2025-04-27,6.6,0.63
A00047,2025-05-24,7.7,0.67
A00047,2025-06-24,9.0,0.84
A00048,2025-01-24,9.0,0.99
A00048,2025-02-23,8.6,0.85
A00048,2025-03-25,8.2,0.58
A00048,2025-04-24,7.3,0.95
A00048,2025-05-31,9.2,0.61
A00048,2025-06-30,9.4,0.78
A00049,2025-01-25,6.8,0.23
A00049,2025-02-27,7.1,-0.24
A00049,2025-03-30,7.5,0.35
A00049,2025-04-23,7.8,0.14
A00049,2025-05-27,7.0,0.19
A00049,2025-06-22,7.4,0.23
A00050,2025-01-28,4.7,0.32
A00050,2025-02-27,6.8,-0.1
A00050,2025-03-24,7.0,0.17
A00050,2025-04-21,8.4,0.12
A00050,2025-05-30,7.0,0.7
A00050,2025-06-29,7.7,-0.17
A00051,2025-01-24,6.8,1.23
A00051,2025-02-20,8.7,0.98
A00051,2025-03-22,7.9,0.31
A00051,2025-04-21,9.3,0.68
A00051,2025-05-22,7.0,0.74
A00051,2025-06-23,8.0,0.44
A00052,2025-01-22,8.2,0.5
A00052,2025-02-26,6.9,0.58
A00052,2025-03-27,7.6,0.71
A00052,2025-04-30,6.7,0.96
A00052,2025-05-30,8.1,0.48
A00052,2025-06-26,6.6,0.4
A00053,2025-01-24,6.8,0.26
A00053,2025-02-26,6.9,0.85
A00053,2025-03-24,7.3,0.46
A00053,2025-04-24,7.3,0.49
A00053,2025-05-23,6.4,0.62
A00053,2025-06-25,7.1,0.67
A00054,2025-01-22,9.1,0.63
A00054,2025-02-22,8.5,0.42
A00054,2025-03-27,7.7,0.43
A00054,2025-04-29,7.0,0.84
A00054,2025-05-28,8.3,0.24
A00054,2025-06-26,8.1,0.87
A00055,2025-01-27,6.1,0.58
A00055,2025-02-22,6.1,0.12
A00055,2025-03-31,7.9,0.72
A00055,2025-04-24,7.3,0.85
A00055,2025-05-30,7.4,0.71
A00055,2025-06-24,7.1,0.82
A00056,2025-01-28,8.1,0.45
A00056,2025-02-27,8.1,0.76
A00056,2025-03-25,9.1,0.57
A00056,2025-04-23,8.9,-0.04
A00056,2025-05-29,8.0,0.07
A00056,2025-06-26,9.3,0.66
A00057,2025-01-22,7.4,0.8
A00057,2025-02-26,7.9,0.75
A00057,2025-03-28,8.3,0.59
A00057,2025-04-22,8.2,0.59
A00057,2025-05-28,6.4,0.41
A00057,2025-06-26,8.9,0.56
A00058,2025-01-22,6.3,0.19
A00058,2025-02-28,6.4,0.54
A00058,2025-03-28,7.6,0.25
A00058,2025-04-21,7.0,0.62
A00058,2025-05-28,4.6,0.22
A00058,2025-06-28,8.4,0.41
A00059,2025-01-22,7.8,0.53
A00059,2025-02-21,8.5,0.92
A00059,2025-03-23,7.3,0.77
A00059,2025-04-23,8.5,0.12
A00059,2025-05-22,9.7,0.66
A00059,2025-06-29,7.5,0.63
A00060,2025-01-23,7.2,0.11
A00060,2025-02-21,7.2,0.23
A00060,2025-03-31,7.6,0.49
A00060,2025-04-30,5.8,0.61
A00060,2025-05-31,6.7,0.99
A00060,2025-06-23,8.7,0.24
A00061,2025-01-24,9.0,0.62
A00061,2025-02-27,8.6,0.54
A00061,2025-03-31,8.1,0.76
A00061,2025-04-22,8.1,0.18
A00061,2025-05-26,8.3,0.66
A00061,2025-06-30,9.2,0.86
A00062,2025-01-23,6.2,0.38
A00062,2025-02-27,6.3,0.19
A00062,2025-03-28,6.2,0.48
A00062,2025-04-28,5.6,0.47
A00062,2025-05-28,6.1,0.25
A00062,2025-06-23,6.2,0.42
A00063,2025-01-24,7.2,0.03
A00063,2025-02-23,7.2,0.13
A00063,2025-03-25,8.6,0.22
A00063,2025-04-24,7.0,0.66
A00063,2025-05-28,8.0,0.99
A00063,2025-06-27,7.9,0.11
A00064,2025-01-22,7.2,-0.06
A00064,2025-02-28,6.3,0.43
A00064,2025-03-25,7.1,0.58
A00064,2025-04-26,7.1,1.06
A00064,2025-05-29,8.9,0.49
A00064,2025-06-30,7.9,-0.26
A00065,2025-01-31,6.2,0.65
A00065,2025-02-24,6.6,0.03
A00065,2025-03-28,6.7,0.41
A00065,2025-04-22,6.9,-0.11
A00065,2025-05-24,5.1,0.16
A00065,2025-06-22,8.8,0.8
A00066,2025-01-30,7.9,0.48
A00066,2025-02-20,8.4,0.25
A00066,2025-03-22,7.0,0.4
A00066,2025-04-27,7.0,0.8
A00066,2025-05-24,6.2,0.01
A00066,2025-06-21,8.0,0.31
A00067,2025-01-24,7.3,0.74
A00067,2025-02-25,5.9,0.03
A00067,2025-03-29,5.7,0.5
A00067,2025-04-27,8.2,0.57
A00067,2025-05-31,6.4,0.94
A00067,2025-06-26,8.5,0.84
A00068,2025-01-24,6.3,0.06
A00068,2025-02-26,8.5,0.31
A00068,2025-03-26,4.8,0.77
A00068,2025-04-26,8.4,1.12
A00068,2025-05-30,7.4,-0.16
A00068,2025-06-27,8.3,0.39
A00069,2025-01-23,6.2,0.37
A00069,2025-02-23,7.3,0.29
A00069,2025-03-24,7.8,0.53
A00069,2025-04-29,6.7,0.82
A00069,2025-05-25,7.2,-0.27
A00069,2025-06-21,6.1,0.52
A00070,2025-01-26,7.9,-0.18
A00070,2025-02-21,8.0,0.42
A00070,2025-03-31,7.2,0.65
A00070,2025-04-25,7.9,0.75
A00070,2025-05-23,7.4,0.41
A00070,2025-06-25,8.4,0.38
A00071,2025-01-22,8.5,0.89
A00071,2025-02-19,9.3,1.05
A00071,2025-03-25,8.4,1.19
A00071,2025-04-23,8.8,1.04
A00071,2025-05-27,7.0,0.48
A00071,2025-06-28,6.2,0.49
A00072,2025-01-25,6.4,0.35
A00072,2025-02-24,6.2,0.06
A00072,2025-03-28,6.5,0.34
A00072,2025-04-25,8.3,0.19
A00072,2025-05-28,5.8,0.46
A00072,2025-06-23,7.7,0.24
A00073,2025-01-29,9.1,0.82
A00073,2025-02-24,8.7,1.0
A00073,2025-03-26,8.3,0.21
A00073,2025-04-24,10.0,0.51
A00073,2025-05-24,10.0,0.85
A00073,2025-06-25,8.4,0.65
A00074,2025-01-27,10.0,0.52
A00074,2025-02-19,7.4,0.57
A00074,2025-03-25,8.0,1.01
A00074,2025-04-28,8.4,0.77
A00074,2025-05-23,7.9,0.29
A00074,2025-06-23,8.0,0.6
A00075,2025-01-31,9.1,0.05
A00075,2025-02-19,6.8,1.01
A00075,2025-03-28,9.4,-0.1
A00075,2025-04-22,10.0,0.69
A00075,2025-05-27,8.5,1.13
A00075,2025-06-30,9.8,0.64
A00076,2025-01-24,5.2,0.1
A00076,2025-02-21,6.0,0.84
A00076,2025-03-28,7.3,-0.06
A00076,2025-04-21,6.6,0.4
A00076,2025-05-23,5.6,0.58
A00076,2025-06-28,7.7,0.3
A00077,2025-01-31,9.0,0.75
A00077,2025-02-24,9.7,0.35
A00077,2025-03-29,7.8,1.34
A00077,2025-04-23,7.6,0.79
A00077,2025-05-23,8.1,0.61
A00077,2025-06-26,8.7,0.56
A00078,2025-01-29,6.6,0.78
A00078,2025-02-26,6.5,0.31
A00078,2025-03-26,7.3,0.39
A00078,2025-04-28,7.2,0.03
A00078,2025-05-27,6.7,0.16
A00078,2025-06-24,7.4,0.09
A00079,2025-01-22,8.4,0.45
A00079,2025-02-24,6.4,0.09
A00079,2025-03-29,6.3,0.15
A00079,2025-04-21,7.5,0.69
A00079,2025-05-28,5.7,0.33
A00079,2025-06-27,7.8,0.54
A00080,2025-01-31,7.7,0.25
A00080,2025-02-25,6.2,0.9
A00080,2025-03-23,6.4,0.61
A00080,2025-04-23,5.9,0.9
A00080,2025-05-30,7.5,0.06
A00080,2025-06-25,8.4,0.56
A00081,2025-01-25,8.8,0.71
A00081,2025-02-23,6.4,0.87
A00081,2025-03-29,7.3,0.42
A00081,2025-04-25,6.3,0.29
A00081,2025-05-30,6.6,0.49
A00081,2025-06-29,8.4,1.09
A00082,2025-01-29,8.3,-0.03
A00082,2025-02-24,8.4,0.24
A00082,2025-03-28,5.7,0.65
A00082,2025-04-27,5.5,-0.01
A00082,2025-05-30,5.8,0.41
A00082,2025-06-28,5.5,0.34
A00083,2025-01-31,8.7,0.52
A00083,2025-02-26,8.0,0.64
A00083,2025-03-26,8.8,0.92
A00083,2025-04-30,7.8,0.86
A00083,2025-05-31,8.6,0.45
A00083,2025-06-26,8.2,0.83
A00084,2025-01-26,6.4,0.43
A00084,2025-02-21,6.8,-0.2
A00084,2025-03-29,8.7,0.61
A00084,2025-04-25,6.2,0.2
A00084,2025-05-23,7.3,0.35
A00084,2025-06-30,5.2,0.53
A00085,2025-01-26,6.7,0.4
A00085,2025-02-27,5.8,0.79
A00085,2025-03-28,6.6,0.34
A00085,2025-04-29,6.3,0.36
A00085,2025-05-26,6.1,0.05
A00085,2025-06-30,6.5,0.76
A00086,2025-01-28,6.4,0.45
A00086,2025-02-20,7.6,0.33
A00086,2025-03-27,8.9,0.02
A00086,2025-04-29,8.1,-0.02
A00086,2025-05-26,6.8,0.72
A00086,2025-06-25,9.6,0.51
A00087,2025-01-23,7.7,0.55
A00087,2025-02-20,6.0,0.74
A00087,2025-03-23,6.0,0.13
A00087,2025-04-28,6.5,0.15
A00087,2025-05-31,7.6,0.34
A00087,2025-06-30,7.3,0.04
A00088,2025-01-22,8.2,1.1
A00088,2025-02-20,6.3,0.12
A00088,2025-03-22,8.6,0.05
A00088,2025-04-24,6.9,-0.0
A00088,2025-05-23,7.6,0.61
A00088,2025-06-28,7.3,0.13
A00089,2025-01-29,7.5,0.51
A00089,2025-02-19,6.6,0.62
A00089,2025-03-23,6.6,0.09
A00089,2025-04-22,8.2,-0.04
A00089,2025-05-22,6.7,0.24
A00089,2025-06-25,8.2,0.84
A00090,2025-01-23,6.4,0.91
A00090,2025-02-25,6.1,0.54
A00090,2025-03-23,8.9,0.62
A00090,2025-04-24,9.0,0.21
A00090,2025-05-26,8.5,0.63
A00090,2025-06-27,6.5,0.39
A00091,2025-01-23,7.3,0.02
A00091,2025-02-22,5.4,0.69
A00091,2025-03-31,7.8,0.86
A00091,2025-04-24,6.7,-0.16
A00091,2025-05-29,6.4,0.83
A00091,2025-06-23,5.7,0.6
A00092,2025-01-23,8.1,-0.14
A00092,2025-02-22,6.7,0.29
A00092,2025-03-26,6.6,0.1
A00092,2025-04-29,6.3,0.37
A00092,2025-05-29,6.5,0.54
A00092,2025-06-21,5.7,0.35
A00093,2025-01-24,9.0,0.59
A00093,2025-02-26,6.0,1.02
A00093,2025-03-26,6.5,1.2
A00093,2025-04-22,7.2,-0.02
A00093,2025-05-26,7.6,0.87
A00093,2025-06-28,7.5,0.25
A00094,2025-01-27,7.0,0.35
A00094,2025-02-26,6.2,0.32
A00094,2025-03-26,7.5,-0.41
A00094,2025-04-22,6.7,0.5
A00094,2025-05-24,8.3,0.38
A00094,2025-06-21,7.7,0.67
A00095,2025-01-24,8.0,0.06
A00095,2025-02-22,9.3,0.88
A00095,2025-03-28,8.2,0.3
A00095,2025-04-27,7.4,0.79
A00095,2025-05-29,8.2,0.71
A00095,2025-06-25,9.3,0.78
A00096,2025-01-22,7.1,0.45
A00096,2025-02-21,7.1,0.52
A00096,2025-03-31,7.5,0.87
A00096,2025-04-23,7.5,0.48
A00096,2025-05-30,6.1,0.11
A00096,2025-06-22,7.1,0.37
A00097,2025-01-30,7.4,0.82
A00097,2025-02-25,8.0,0.96
A00097,2025-03-31,7.6,0.38
A00097,2025-04-26,8.0,0.25
A00097,2025-05-26,6.9,0.6
A00097,2025-06-23,8.6,-0.14
A00098,2025-01-22,9.2,0.8
A00098,2025-02-28,8.1,0.24
A00098,2025-03-22,7.6,0.46
A00098,2025-04-26,6.4,0.36
A00098,2025-05-22,7.9,0.04
A00098,2025-06-21,9.2,0.32
A00099,2025-01-24,9.4,-0.19
A00099,2025-02-26,6.3,0.68
A00099,2025-03-31,9.0,0.99
A00099,2025-04-30,8.3,0.24
A00099,2025-05-27,6.5,0.58
A00099,2025-06-27,9.6,1.14
A00100,2025-01-28,7.8,0.07
A00100,2025-02-23,8.4,0.26
A00100,2025-03-30,8.1,0.36
A00100,2025-04-29,7.9,0.38
A00100,2025-05-22,7.4,0.83
A00100,2025-06-29,6.7,0.71
A00101,2025-01-25,8.6,0.43
A00101,2025-02-21,9.8,0.79
A00101,2025-03-26,9.1,1.23
A00101,2025-04-23,7.2,0.35
A00101,2025-05-24,7.6,0.93
A00101,2025-06-26,8.5,0.51
A00102,2025-01-27,9.5,0.82
A00102,2025-02-25,7.5,0.58
A00102,2025-03-25,10.0,0.91
A00102,2025-04-24,10.0,0.62
A00102,2025-05-23,8.8,1.26
A00102,2025-06-25,8.5,1.03
A00103,2025-01-26,6.4,0.95
A00103,2025-02-21,7.0,0.48
A00103,2025-03-25,8.1,0.04
A00103,2025-04-28,5.9,0.78
A00103,2025-05-25,6.7,0.08
A00103,2025-06-30,7.6,0.69
A00104,2025-01-26,5.5,0.79
A00104,2025-02-19,7.6,0.3
A00104,2025-03-24,6.1,0.63
A00104,2025-04-27,7.0,0.7
A00104,2025-05-26,7.5,0.62
A00104,2025-06-26,8.1,0.08
A00105,2025-01-23,6.2,0.56
A00105,2025-02-27,9.4,0.66
A00105,2025-03-29,7.5,0.26
A00105,2025-04-25,9.8,0.15
A00105,2025-05-24,6.3,1.08
A00105,2025-06-30,7.7,0.8
A00106,2025-01-25,8.5,0.63
A00106,2025-02-21,8.1,0.97
A00106,2025-03-25,7.3,0.96
A00106,2025-04-30,8.4,-0.07
A00106,2025-05-29,7.7,1.02
A00106,2025-06-30,8.0,0.37
A00107,2025-01-28,7.0,0.69
A00107,2025-02-23,8.7,-0.01
A00107,2025-03-25,6.6,0.36
A00107,2025-04-23,6.2,-0.04
A00107,2025-05-30,6.6,0.63
A00107,2025-06-30,7.1,0.89
A00108,2025-01-26,9.8,0.29
A00108,2025-02-20,9.0,0.59
A00108,2025-03-22,7.8,0.61
A00108,2025-04-29,7.4,0.94
A00108,2025-05-23,7.8,0.77
A00108,2025-06-26,7.4,0.86
A00109,2025-01-29,7.3,0.88
A00109,2025-02-19,7.0,0.82
A00109,2025-03-25,9.5,0.34
A00109,2025-04-24,7.2,0.59
A00109,2025-05-26,7.9,0.55
A00109,2025-06-22,6.3,0.27
A00110,2025-01-22,7.9,0.8
A00110,2025-02-20,7.7,0.45
A00110,2025-03-26,8.6,0.4
A00110,2025-04-25,8.6,0.79
A00110,2025-05-31,6.3,1.0
A00110,2025-06-22,8.0,1.26
A00111,2025-01-31,10.0,0.58
A00111,2025-02-28,7.2,0.71
A00111,2025-03-31,8.4,0.31
A00111,2025-04-21,8.1,1.13
A00111,2025-05-27,7.4,0.88
A00111,2025-06-24,7.9,1.06
A00112,2025-01-26,7.5,0.89
A00112,2025-02-20,6.6,0.96
A00112,2025-03-30,7.6,-0.29
A00112,2025-04-25,6.7,0.29
A00112,2025-05-24,5.9,0.73
A00112,2025-06-27,7.5,0.57
A00113,2025-01-29,7.4,0.8
A00113,2025-02-27,7.2,0.2
A00113,2025-03-27,7.6,-0.09
A00113,2025-04-24,7.1,0.53
A00113,2025-05-23,5.5,0.54
A00113,2025-06-29,7.0,0.74
A00114,2025-01-27,5.1,0.45
A00114,2025-02-22,8.0,0.05
A00114,2025-03-24,7.9,0.78
A00114,2025-04-29,7.0,0.56
A00114,2025-05-27,6.7,0.58
A00114,2025-06-26,7.4,0.56
A00115,2025-01-30,10.0,-0.22
A00115,2025-02-25,8.9,0.48
A00115,2025-03-27,8.6,0.72
A00115,2025-04-29,9.0,0.68
A00115,2025-05-28,7.0,0.47
A00115,2025-06-27,8.9,0.94
A00116,2025-01-25,8.2,0.6
A00116,2025-02-21,8.8,0.49
A00116,2025-03-25,8.1,1.06
A00116,2025-04-27,6.4,0.34
A00116,2025-05-26,7.9,0.35
A00116,2025-06-28,7.8,0.79
A00117,2025-01-29,8.7,0.75
A00117,2025-02-28,6.4,0.72
A00117,2025-03-22,7.3,0.93
A00117,2025-04-24,7.2,0.88
A00117,2025-05-29,7.6,0.26
A00117,2025-06-25,7.2,0.36
A00118,2025-01-22,9.3,0.95
A00118,2025-02-26,8.6,0.5
A00118,2025-03-30,7.3,1.1
A00118,2025-04-24,6.7,0.33
A00118,2025-05-29,7.9,1.01
A00118,2025-06-24,9.5,-0.09
A00119,2025-01-25,6.4,0.72
A00119,2025-02-23,5.9,-0.27
A00119,2025-03-27,7.8,1.04
A00119,2025-04-26,5.6,0.19
A00119,2025-05-29,8.3,1.08
A00119,2025-06-23,7.6,0.68
A00120,2025-01-27,8.5,0.24
A00120,2025-02-20,7.1,-0.25
A00120,2025-03-23,8.7,0.61
A00120,2025-04-24,6.3,-0.01
A00120,2025-05-23,6.1,0.31
A00120,2025-06-26,5.6,0.55
A00121,2025-01-29,6.9,0.76
A00121,2025-02-22,5.9,0.33
A00121,2025-03-26,6.0,0.07
A00121,2025-04-23,6.1,0.28
A00121,2025-05-23,8.1,-0.29
A00121,2025-06-25,6.9,-0.12
A00122,2025-01-23,6.0,0.34
A00122,2025-02-22,8.1,-0.14
A00122,2025-03-25,7.3,0.22
A00122,2025-04-29,4.4,0.92
A00122,2025-05-31,7.4,0.41
A00122,2025-06-23,8.9,0.03
A00123,2025-01-28,9.1,0.1
A00123,2025-02-20,7.1,0.56
A00123,2025-03-28,7.9,0.78
A00123,2025-04-24,7.3,0.58
A00123,2025-05-25,6.3,0.43
A00123,2025-06-25,6.9,0.66
A00124,2025-01-30,7.2,0.57
A00124,2025-02-21,4.5,0.84
A00124,2025-03-24,7.8,0.28
A00124,2025-04-24,6.4,0.17
A00124,2025-05-31,6.3,0.45
A00124,2025-06-23,6.7,0.52
A00125,2025-01-24,5.9,0.73
A00125,2025-02-27,5.9,0.32
A00125,2025-03-28,7.0,0.34
A00125,2025-04-29,6.5,0.44
A00125,2025-05-23,6.7,0.4
A00125,2025-06-21,5.1,0.76
A00126,2025-01-28,8.9,0.55
A00126,2025-02-25,8.0,0.35
A00126,2025-03-26,7.0,0.95
A00126,2025-04-27,7.9,1.07
A00126,2025-05-29,9.2,0.72
A00126,2025-06-23,10.0,0.18
A00127,2025-01-31,6.4,0.45
A00127,2025-02-21,7.2,0.43
A00127,2025-03-25,7.4,0.87
A00127,2025-04-22,8.1,0.92
A00127,2025-05-24,8.3,0.51
A00127,2025-06-23,7.0,0.12
A00128,2025-01-29,8.8,0.22
A00128,2025-02-23,6.9,0.08
A00128,2025-03-27,6.6,0.19
A00128,2025-04-22,5.9,0.69
A00128,2025-05-24,8.4,0.64
A00128,2025-06-29,6.0,0.2
A00129,2025-01-30,5.9,0.79
A00129,2025-02-24,6.7,0.07
A00129,2025-03-31,7.5,0.47
A00129,2025-04-30,7.5,0.45
A00129,2025-05-29,7.7,0.14
A00129,2025-06-24,6.0,0.3
A00130,2025-01-22,6.6,0.15
A00130,2025-02-28,7.0,0.25
A00130,2025-03-26,4.9,0.77
A00130,2025-04-22,6.9,0.54
A00130,2025-05-31,7.3,0.4
A00130,2025-06-30,7.2,0.5
A00131,2025-01-27,7.1,-0.46
A00131,2025-02-24,7.0,0.4
A00131,2025-03-28,7.0,-0.35
A00131,2025-04-23,6.3,0.21
A00131,2025-05-27,6.4,0.37
A00131,2025-06-23,5.8,0.83
A00132,2025-01-30,8.7,-0.09
A00132,2025-02-22,6.1,0.53
A00132,2025-03-29,7.8,0.35
A00132,2025-04-23,6.7,0.7
A00132,2025-05-22,6.0,0.19
A00132,2025-06-26,6.2,-0.07
A00133,2025-01-25,7.7,0.74
A00133,2025-02-25,7.8,0.57
A00133,2025-03-29,8.9,0.72
A00133,2025-04-24,8.6,0.58
A00133,2025-05-24,10.0,0.98
A00133,2025-06-25,7.2,0.97
A00134,2025-01-22,8.4,0.92
A00134,2025-02-27,9.1,0.74
A00134,2025-03-31,7.6,0.93
A00134,2025-04-29,8.7,0.6
A00134,2025-05-23,8.0,0.37
A00134,2025-06-28,9.6,0.72
A00135,2025-01-27,8.3,0.59
A00135,2025-02-24,8.1,0.82
A00135,2025-03-26,7.7,0.11
A00135,2025-04-28,7.0,0.78
A00135,2025-05-30,7.1,0.58
A00135,2025-06-25,6.6,0.34
A00136,2025-01-30,6.5,0.49
A00136,2025-02-24,8.3,0.76
A00136,2025-03-29,8.7,0.65
A00136,2025-04-24,9.5,0.84
A00136,2025-05-31,9.3,0.65
A00136,2025-06-23,8.6,0.47
A00137,2025-01-25,5.8,0.3
A00137,2025-02-19,7.3,0.29
A00137,2025-03-23,7.2,0.47
A00137,2025-04-29,8.5,0.9
A00137,2025-05-23,6.2,0.52
A00137,2025-06-27,6.9,0.02
A00138,2025-01-22,7.3,0.88
A00138,2025-02-21,9.4,1.02
A00138,2025-03-29,8.4,1.02
A00138,2025-04-28,6.3,0.35
A00138,2025-05-23,9.9,-0.05
A00138,2025-06-25,7.3,0.58
A00139,2025-01-29,10.0,0.91
A00139,2025-02-20,8.5,0.19
A00139,2025-03-29,8.9,0.28
A00139,2025-04-23,7.7,0.57
A00139,2025-05-26,8.8,0.88
A00139,2025-06-21,7.2,0.3
A00140,2025-01-24,8.5,1.2
A00140,2025-02-27,8.2,0.52
A00140,2025-03-25,8.3,0.56
A00140,2025-04-25,9.0,0.7
A00140,2025-05-28,7.2,0.77
A00140,2025-06-27,8.0,0.84
A00141,2025-01-30,7.2,0.61
A00141,2025-02-25,6.9,0.63
A00141,2025-03-29,6.3,0.03
A00141,2025-04-22,7.9,0.21
A00141,2025-05-22,6.4,0.7
A00141,2025-06-22,4.6,0.65
A00142,2025-01-23,10.0,0.84
A00142,2025-02-23,7.0,1.04
A00142,2025-03-24,8.4,0.7
A00142,2025-04-26,10.0,0.28
A00142,2025-05-28,6.7,0.57
A00142,2025-06-27,6.8,0.15
A00143,2025-01-23,9.4,-0.17
A00143,2025-02-26,8.7,0.75
A00143,2025-03-27,7.4,1.22
A00143,2025-04-26,8.7,0.82
A00143,2025-05-27,9.6,1.44
A00143,2025-06-29,8.2,0.78
A00144,2025-01-27,9.7,0.97
A00144,2025-02-24,8.8,0.84
A00144,2025-03-30,9.3,0.98
A00144,2025-04-30,7.8,1.5
A00144,2025-05-23,8.9,0.96
A00144,2025-06-25,8.9,0.95
A00145,2025-01-30,8.5,0.69
A00145,2025-02-26,9.4,0.71
A00145,2025-03-31,8.7,1.1
A00145,2025-04-28,5.7,0.81
A00145,2025-05-25,6.6,0.36
A00145,2025-06-25,7.3,0.56
A00146,2025-01-27,8.5,0.93
A00146,2025-02-24,8.6,0.49
A00146,2025-03-29,9.1,1.05
A00146,2025-04-29,7.6,1.21
A00146,2025-05-31,8.6,0.48
A00146,2025-06-23,7.1,0.27
A00147,2025-01-24,8.7,0.65
A00147,2025-02-21,6.2,0.43
A00147,2025-03-30,6.7,-0.01
A00147,2025-04-27,6.9,0.36
A00147,2025-05-25,6.4,0.41
A00147,2025-06-29,7.8,0.85
A00148,2025-01-23,7.5,0.55
A00148,2025-02-26,7.2,0.64
A00148,2025-03-29,6.8,0.55
A00148,2025-04-24,8.8,-0.09
A00148,2025-05-27,6.4,0.05
A00148,2025-06-27,7.4,0.28
A00149,2025-01-25,7.3,0.64
A00149,2025-02-27,5.9,0.46
A00149,2025-03-31,7.2,0.37
A00149,2025-04-21,6.8,-0.2
A00149,2025-05-30,8.0,1.0
A00149,2025-06-23,8.6,0.97
A00150,2025-01-29,7.5,0.16
A00150,2025-02-28,6.5,0.75
A00150,2025-03-31,7.0,0.43
A00150,2025-04-28,8.5,0.52
A00150,2025-05-29,7.6,0.79
A00150,2025-06-24,7.0,0.22
A00151,2025-01-31,10.0,0.38
A00151,2025-02-23,8.0,0.04
A00151,2025-03-29,7.4,0.75
A00151,2025-04-25,7.9,0.38
A00151,2025-05-24,7.4,0.89
A00151,2025-06-22,10.0,0.87
A00152,2025-01-23,7.0,-0.06
A00152,2025-02-19,4.9,0.05
A00152,2025-03-29,7.6,0.54
A00152,2025-04-28,7.7,0.49
A00152,2025-05-26,7.4,0.22
A00152,2025-06-24,8.1,0.11
A00153,2025-01-26,9.0,0.08
A00153,2025-02-24,7.8,0.56
A00153,2025-03-23,9.6,0.3
A00153,2025-04-23,6.5,0.28
A00153,2025-05-31,6.2,-0.04
A00153,2025-06-21,7.6,0.01
A00154,2025-01-23,5.9,1.01
A00154,2025-02-20,6.1,0.81
A00154,2025-03-28,6.6,0.37
A00154,2025-04-24,5.9,0.31
A00154,2025-05-26,6.7,0.11
A00154,2025-06-25,7.5,-0.27
A00155,2025-01-31,7.6,0.45
A00155,2025-02-27,8.3,0.55
A00155,2025-03-25,8.0,0.43
A00155,2025-04-28,7.3,0.5
A00155,2025-05-27,6.0,0.25
A00155,2025-06-25,8.0,0.42
A00156,2025-01-28,7.6,0.32
A00156,2025-02-21,8.1,0.46
A00156,2025-03-28,6.6,0.27
A00156,2025-04-28,7.0,0.07
A00156,2025-05-22,7.8,0.46
A00156,2025-06-25,7.1,0.68
A00157,2025-01-22,8.7,0.31
A00157,2025-02-28,9.3,0.42
A00157,2025-03-26,10.0,1.01
A00157,2025-04-30,7.4,0.74
A00157,2025-05-23,8.3,1.18
A00157,2025-06-29,8.3,1.36
A00158,2025-01-30,8.4,0.67
A00158,2025-02-26,8.6,0.91
A00158,2025-03-26,8.2,0.61
A00158,2025-04-21,8.3,0.95
A00158,2025-05-25,7.9,1.21
A00158,2025-06-25,6.2,0.94
A00159,2025-01-30,8.0,0.26
A00159,2025-02-25,8.1,0.6
A00159,2025-03-28,6.0,0.34
A00159,2025-04-25,7.2,1.18
A00159,2025-05-30,7.0,0.53
A00159,2025-06-21,7.1,0.46
A00160,2025-01-24,7.5,0.12
A00160,2025-02-25,7.2,0.42
A00160,2025-03-27,4.8,-0.19
A00160,2025-04-30,6.6,0.71
A00160,2025-05-24,7.2,0.85
A00160,2025-06-30,6.4,0.27
A00161,2025-01-26,7.4,0.2
A00161,2025-02-19,6.5,0.18
A00161,2025-03-25,6.5,-0.2
A00161,2025-04-23,6.9,0.35
A00161,2025-05-22,8.3,0.37
A00161,2025-06-25,6.2,0.33
A00162,2025-01-29,7.7,0.68
A00162,2025-02-25,8.0,0.83
A00162,2025-03-23,6.7,1.23
A00162,2025-04-23,8.2,0.59
A00162,2025-05-22,8.4,0.34
A00162,2025-06-30,6.6,0.51
A00163,2025-01-25,6.6,0.28
A00163,2025-02-22,8.3,0.92
A00163,2025-03-30,6.7,0.42
A00163,2025-04-26,6.3,0.1
A00163,2025-05-30,7.2,0.82
A00163,2025-06-28,8.1,-0.09
A00164,2025-01-24,6.5,0.23
A00164,2025-02-21,6.7,0.36
A00164,2025-03-30,7.5,0.24
A00164,2025-04-26,5.8,0.7
A00164,2025-05-28,7.3,0.25
A00164,2025-06-27,8.2,0.58
A00165,2025-01-24,4.6,0.15
A00165,2025-02-28,6.4,0.42
A00165,2025-03-31,4.9,0.4
A00165,2025-04-30,5.7,0.24
A00165,2025-05-25,9.3,0.54
A00165,2025-06-26,6.4,0.12
A00166,2025-01-31,7.8,0.72
A00166,2025-02-28,8.4,0.47
A00166,2025-03-24,7.4,0.27
A00166,2025-04-25,8.3,0.92
A00166,2025-05-31,10.0,0.29
A00166,2025-06-24,8.4,1.32
A00167,2025-01-30,5.8,0.79
A00167,2025-02-24,8.5,-0.13
A00167,2025-03-25,6.4,0.21
A00167,2025-04-21,7.3,0.42
A00167,2025-05-30,8.3,-0.02
A00167,2025-06-23,7.5,-0.32
A00168,2025-01-24,7.1,1.28
A00168,2025-02-27,7.6,0.76
A00168,2025-03-25,8.8,0.49
A00168,2025-04-26,7.9,0.84
A00168,2025-05-26,9.9,-0.05
A00168,2025-06-29,9.3,0.72
A00169,2025-01-22,10.0,0.66
A00169,2025-02-24,8.8,0.56
A00169,2025-03-27,9.5,0.58
A00169,2025-04-25,9.2,0.66
A00169,2025-05-31,8.7,0.85
A00169,2025-06-21,9.0,0.41
A00170,2025-01-28,6.0,0.57
A00170,2025-02-27,7.7,0.11
A00170,2025-03-29,8.2,0.92
A00170,2025-04-22,6.8,0.49
A00170,2025-05-23,8.5,0.98
A00170,2025-06-21,6.5,0.1
A00171,2025-01-25,7.8,0.13
A00171,2025-02-28,6.4,0.83
A00171,2025-03-31,6.1,0.47
A00171,2025-04-28,9.5,0.36
A00171,2025-05-27,8.1,0.86
A00171,2025-06-23,9.0,0.63
A00172,2025-01-27,7.5,0.44
A00172,2025-02-26,8.7,0.4
A00172,2025-03-24,7.8,0.45
A00172,2025-04-25,8.8,0.98
A00172,2025-05-30,7.7,0.4
A00172,2025-06-28,7.2,0.73
A00173,2025-01-25,6.6,0.3
A00173,2025-02-21,7.2,-0.13
A00173,2025-03-27,7.4,0.74
A00173,2025-04-28,6.8,0.6
A00173,2025-05-27,8.2,0.82
A00173,2025-06-29,6.9,0.82
A00174,2025-01-24,7.1,0.8
A00174,2025-02-19,7.7,0.69
A00174,2025-03-27,6.9,0.3
A00174,2025-04-28,8.7,0.34
A00174,2025-05-31,6.7,0.85
A00174,2025-06-30,8.9,0.82
A00175,2025-01-23,7.8,0.74
A00175,2025-02-23,8.7,0.02
A00175,2025-03-27,8.2,0.54
A00175,2025-04-24,7.3,0.76
A00175,2025-05-26,6.2,0.92
A00175,2025-06-25,8.0,0.72
A00176,2025-01-24,6.2,-0.08
A00176,2025-02-24,7.6,0.38
A00176,2025-03-29,6.6,0.15
A00176,2025-04-25,6.2,0.67
A00176,2025-05-26,6.8,0.62
A00176,2025-06-21,6.7,0.32
A00177,2025-01-30,7.3,0.24
A00177,2025-02-22,6.2,0.78
A00177,2025-03-30,8.3,0.51
A00177,2025-04-29,6.4,0.54
A00177,2025-05-27,6.3,0.99
A00177,2025-06-27,7.2,0.48
A00178,2025-01-27,9.0,0.62
A00178,2025-02-19,9.7,1.13
A00178,2025-03-22,8.2,1.03
A00178,2025-04-21,8.9,0.37
A00178,2025-05-26,10.0,0.22
A00178,2025-06-28,8.6,0.67
A00179,2025-01-26,7.3,0.71
A00179,2025-02-26,8.3,0.61
A00179,2025-03-29,7.5,0.93
A00179,2025-04-29,8.3,0.35
A00179,2025-05-25,8.6,0.58
A00179,2025-06-30,6.6,-0.03
A00180,2025-01-27,6.9,0.34
A00180,2025-02-26,7.2,0.3
A00180,2025-03-23,8.0,0.37
A00180,2025-04-21,7.1,0.48
A00180,2025-05-29,8.2,0.66
A00180,2025-06-27,6.7,0.85
A00181,2025-01-29,8.0,0.52
A00181,2025-02-28,9.5,0.42
A00181,2025-03-30,7.9,0.74
A00181,2025-04-29,9.0,0.64
A00181,2025-05-25,7.5,0.92
A00181,2025-06-26,8.0,0.6
A00182,2025-01-31,8.3,0.48
A00182,2025-02-21,7.7,0.55
A00182,2025-03-24,8.9,0.49
A00182,2025-04-30,7.4,0.62
A00182,2025-05-30,6.9,0.71
A00182,2025-06-21,7.2,0.79
A00183,2025-01-24,7.2,0.86
A00183,2025-02-23,6.9,0.51
A00183,2025-03-26,7.6,0.71
A00183,2025-04-30,7.7,0.5
A00183,2025-05-28,7.8,0.65
A00183,2025-06-28,8.0,0.57
A00184,2025-01-31,6.8,0.25
A00184,2025-02-20,7.3,0.31
A00184,2025-03-27,8.4,0.36
A00184,2025-04-25,5.1,0.88
A00184,2025-05-30,6.6,0.29
A00184,2025-06-28,6.6,0.75
A00185,2025-01-29,6.5,0.35
A00185,2025-02-23,5.5,0.28
A00185,2025-03-22,7.3,0.57
A00185,2025-04-25,6.4,-0.07
A00185,2025-05-24,6.1,-0.05
A00185,2025-06-24,6.3,0.21
A00186,2025-01-29,8.3,1.29
A00186,2025-02-19,8.2,0.47
A00186,2025-03-27,9.2,0.01
A00186,2025-04-25,7.9,0.73
A00186,2025-05-26,7.8,0.26
A00186,2025-06-25,8.5,0.43
A00187,2025-01-22,7.9,0.62
A00187,2025-02-19,7.5,1.05
A00187,2025-03-28,7.9,0.99
A00187,2025-04-25,9.6,0.81
A00187,2025-05-30,8.2,0.79
A00187,2025-06-29,5.4,0.2
A00188,2025-01-30,7.9,0.75
A00188,2025-02-21,8.7,0.33
A00188,2025-03-23,8.1,0.85
A00188,2025-04-22,8.8,0.11
A00188,2025-05-22,7.4,0.94
A00188,2025-06-24,7.4,1.24
A00189,2025-01-31,7.4,0.47
A00189,2025-02-26,7.4,0.42
A00189,2025-03-27,8.4,0.37
A00189,2025-04-22,8.5,0.48
A00189,2025-05-25,8.7,0.83
A00189,2025-06-24,8.4,0.64
A00190,2025-01-28,9.6,0.24
A00190,2025-02-26,7.6,0.58
A00190,2025-03-30,8.2,-0.14
A00190,2025-04-29,6.6,-0.26
A00190,2025-05-25,7.2,0.3
A00190,2025-06-30,7.2,0.61
A00191,2025-01-24,7.4,0.53
A00191,2025-02-21,9.0,0.7
A00191,2025-03-25,7.2,0.96
A00191,2025-04-25,9.8,1.28
A00191,2025-05-29,8.6,0.93
A00191,2025-06-25,8.4,0.45
A00192,2025-01-30,6.3,0.85
A00192,2025-02-19,7.4,-0.01
A00192,2025-03-26,7.6,0.7
A00192,2025-04-24,6.3,0.38
A00192,2025-05-28,7.6,-0.26
A00192,2025-06-26,6.8,0.24
A00193,2025-01-31,8.3,0.11
A00193,2025-02-22,6.7,-0.2
A00193,2025-03-30,5.9,0.49
A00193,2025-04-27,7.6,0.07
A00193,2025-05-31,8.9,0.19
A00193,2025-06-29,6.2,0.67
A00194,2025-01-24,6.8,0.41
A00194,2025-02-28,7.3,1.11
A00194,2025-03-28,7.3,-0.03
A00194,2025-04-30,4.9,0.69
A00194,2025-05-27,7.5,0.52
A00194,2025-06-22,7.6,0.21
A00195,2025-01-22,9.6,0.64
A00195,2025-02-19,9.0,0.47
A00195,2025-03-25,9.3,0.44
A00195,2025-04-21,7.5,0.44
A00195,2025-05-24,8.5,0.55
A00195,2025-06-26,8.3,0.32
A00196,2025-01-27,8.3,0.37
A00196,2025-02-26,8.3,0.5
A00196,2025-03-22,9.9,0.78
A00196,2025-04-28,9.0,0.24
A00196,2025-05-23,9.2,0.71
A00196,2025-06-25,7.5,0.48
A00197,2025-01-28,8.1,0.49
A00197,2025-02-24,7.7,0.86
A00197,2025-03-29,9.0,0.71
A00197,2025-04-26,10.0,0.62
A00197,2025-05-30,7.7,0.58
A00197,2025-06-30,8.3,0.75
A00198,2025-01-22,6.2,0.64
A00198,2025-02-21,7.4,0.69
A00198,2025-03-28,8.3,0.34
A00198,2025-04-22,5.5,0.43
A00198,2025-05-28,7.2,0.47
A00198,2025-06-23,4.9,-0.2
A00199,2025-01-29,7.1,0.04
A00199,2025-02-26,8.4,0.1
A00199,2025-03-24,5.1,0.84
A00199,2025-04-21,8.0,-0.07
A00199,2025-05-25,7.7,0.88
A00199,2025-06-30,5.7,0.94
A00200,2025-01-25,9.1,0.87
A00200,2025-02-28,3.5,0.58
A00200,2025-03-29,7.8,0.55
A00200,2025-04-24,7.2,0.59
A00200,2025-05-31,5.0,0.57
A00200,2025-06-21,7.2,0.74
A00201,2025-01-30,6.7,0.54
A00201,2025-02-27,8.6,0.5
A00201,2025-03-25,8.6,0.12
A00201,2025-04-26,6.6,0.13
A00201,2025-05-29,6.8,0.64
A00201,2025-06-23,8.1,-0.04
A00202,2025-01-29,6.7,0.73
A00202,2025-02-26,7.6,0.68
A00202,2025-03-22,6.0,0.67
A00202,2025-04-27,6.1,0.55
A00202,2025-05-24,7.0,0.23
A00202,2025-06-25,7.9,-0.04
A00203,2025-01-31,6.7,0.57
A00203,2025-02-20,5.8,0.55
A00203,2025-03-28,8.0,-0.18
A00203,2025-04-23,4.9,0.29
A00203,2025-05-24,6.7,0.49
A00203,2025-06-28,5.1,0.83
A00204,2025-01-29,7.8,0.44
A00204,2025-02-23,8.0,1.51
A00204,2025-03-30,7.2,0.36
A00204,2025-04-29,8.4,0.62
A00204,2025-05-25,6.7,0.64
A00204,2025-06-24,6.2,0.25
A00205,2025-01-26,9.1,0.95
A00205,2025-02-21,7.3,0.86
A00205,2025-03-26,8.3,0.88
A00205,2025-04-26,8.6,1.0
A00205,2025-05-23,7.8,0.25
A00205,2025-06-24,7.8,0.63
A00206,2025-01-24,7.6,0.63
A00206,2025-02-23,6.2,0.48
A00206,2025-03-30,8.3,0.36
A00206,2025-04-22,7.3,0.34
A00206,2025-05-23,5.5,0.2
A00206,2025-06-27,6.3,0.23
A00207,2025-01-31,8.0,0.53
A00207,2025-02-23,7.3,0.41
A00207,2025-03-25,9.1,0.76
A00207,2025-04-22,7.6,0.82
A00207,2025-05-22,7.8,0.52
A00207,2025-06-22,9.1,0.68
A00208,2025-01-29,8.1,0.3
A00208,2025-02-28,5.7,0.15
A00208,2025-03-29,6.1,0.22
A00208,2025-04-21,5.7,0.14
A00208,2025-05-30,7.7,-0.13
A00208,2025-06-30,5.5,0.37
A00209,2025-01-30,8.0,0.22
A00209,2025-02-21,8.3,0.39
A00209,2025-03-24,8.6,0.58
A00209,2025-04-30,6.2,0.6
A00209,2025-05-26,7.5,0.43
A00209,2025-06-27,7.0,0.64
A00210,2025-01-30,8.6,0.88
A00210,2025-02-21,6.8,0.61
A00210,2025-03-30,6.4,0.37
A00210,2025-04-26,5.9,0.1
A00210,2025-05-28,6.8,0.52
A00210,2025-06-27,7.6,0.1
A00211,2025-01-26,9.5,0.65
A00211,2025-02-27,7.9,0.71
A00211,2025-03-28,8.9,0.84
A00211,2025-04-25,7.9,0.59
A00211,2025-05-27,6.4,0.62
A00211,2025-06-23,6.8,0.09
A00212,2025-01-28,5.8,0.56
A00212,2025-02-25,5.0,0.75
A00212,2025-03-30,7.2,0.28
A00212,2025-04-28,7.8,0.19
A00212,2025-05-22,6.6,0.26
A00212,2025-06-27,6.6,0.14
A00213,2025-01-28,6.8,0.44
A00213,2025-02-21,7.8,0.34
A00213,2025-03-24,8.0,0.08
A00213,2025-04-27,7.2,0.1
A00213,2025-05-23,6.6,-0.55
A00213,2025-06-29,6.3,0.08
A00214,2025-01-30,8.0,0.24
A00214,2025-02-26,7.8,0.69
A00214,2025-03-31,9.7,0.28
A00214,2025-04-26,6.1,1.1
A00214,2025-05-23,7.1,0.72
A00214,2025-06-29,7.3,0.4
A00215,2025-01-29,5.5,-0.0
A00215,2025-02-19,6.7,-0.22
A00215,2025-03-27,8.4,-0.13
A00215,2025-04-26,6.2,0.59
A00215,2025-05-27,7.2,0.19
A00215,2025-06-21,5.9,0.26
A00216,2025-01-29,5.3,0.5
A00216,2025-02-19,6.7,0.13
A00216,2025-03-30,8.0,0.37
A00216,2025-04-26,6.7,0.21
A00216,2025-05-26,5.8,0.32
A00216,2025-06-23,5.2,0.13
A00217,2025-01-24,7.9,0.75
A00217,2025-02-26,8.5,0.99
A00217,2025-03-31,8.7,0.64
A00217,2025-04-27,8.2,1.01
A00217,2025-05-25,7.7,0.42
A00217,2025-06-30,6.9,0.5
A00218,2025-01-24,7.6,0.02
A00218,2025-02-26,7.4,0.18
A00218,2025-03-29,6.7,1.05
A00218,2025-04-27,7.2,0.38
A00218,2025-05-28,7.0,0.83
A00218,2025-06-27,8.3,0.64
A00219,2025-01-26,8.6,0.55
A00219,2025-02-20,8.8,0.67
A00219,2025-03-23,7.9,0.82
A00219,2025-04-30,8.1,0.34
A00219,2025-05-22,7.5,0.61
A00219,2025-06-21,7.9,1.21
A00220,2025-01-31,7.5,0.59
A00220,2025-02-28,5.5,0.82
A00220,2025-03-26,6.7,0.43
A00220,2025-04-28,8.8,0.34
A00220,2025-05-22,7.5,0.42
A00220,2025-06-29,7.8,0.46
A00221,2025-01-27,7.6,0.45
A00221,2025-02-22,8.1,0.64
A00221,2025-03-29,6.3,0.46
A00221,2025-04-22,8.2,0.09
A00221,2025-05-29,6.9,0.71
A00221,2025-06-22,5.9,0.71
A00222,2025-01-23,7.8,0.8
A00222,2025-02-20,9.2,0.9
A00222,2025-03-25,6.8,1.11
A00222,2025-04-24,6.5,1.06
A00222,2025-05-24,8.6,0.77
A00222,2025-06-28,6.8,0.45
A00223,2025-01-30,6.9,1.1
A00223,2025-02-21,10.0,0.37
A00223,2025-03-30,10.0,1.22
A00223,2025-04-22,6.1,0.96
A00223,2025-05-30,9.5,0.79
A00223,2025-06-26,8.3,1.28
A00224,2025-01-29,9.3,0.7
A00224,2025-02-22,6.3,0.62
A00224,2025-03-25,6.4,0.56
A00224,2025-04-26,4.8,0.2
A00224,2025-05-27,6.1,0.85
A00224,2025-06-23,6.9,0.33
A00225,2025-01-29,8.1,1.0
A00225,2025-02-24,8.1,0.74
A00225,2025-03-24,7.7,-0.02
A00225,2025-04-28,8.6,0.41
A00225,2025-05-22,8.0,1.11
A00225,2025-06-21,8.7,0.04
A00226,2025-01-24,6.5,0.06
A00226,2025-02-27,7.1,0.39
A00226,2025-03-28,6.8,0.36
A00226,2025-04-21,6.2,-0.11
A00226,2025-05-24,5.5,0.53
A00226,2025-06-30,7.2,0.81
A00227,2025-01-27,9.3,0.22
A00227,2025-02-27,7.9,0.49
A00227,2025-03-29,8.2,0.61
A00227,2025-04-30,9.9,0.63
A00227,2025-05-27,7.2,0.39
A00227,2025-06-27,5.8,0.41
A00228,2025-01-25,5.8,0.63
A00228,2025-02-21,6.6,0.55
A00228,2025-03-27,5.9,0.71
A00228,2025-04-30,6.6,0.67
A00228,2025-05-27,3.0,0.85
A00228,2025-06-30,5.7,-0.08
A00229,2025-01-28,6.4,0.94
A00229,2025-02-28,8.3,0.73
A00229,2025-03-23,7.2,0.32
A00229,2025-04-25,9.2,0.46
A00229,2025-05-25,8.4,0.86
A00229,2025-06-30,6.6,0.79
A00230,2025-01-26,8.8,1.08
A00230,2025-02-22,8.0,0.21
A00230,2025-03-27,8.4,1.23
A00230,2025-04-25,8.6,0.93
A00230,2025-05-28,8.4,1.04
A00230,2025-06-22,9.0,1.52
A00231,2025-01-25,7.2,0.5
A00231,2025-02-25,7.8,0.84
A00231,2025-03-24,5.4,0.67
A00231,2025-04-21,8.2,0.3
A00231,2025-05-22,8.0,0.52
A00231,2025-06-25,6.6,0.16
A00232,2025-01-31,8.4,0.52
A00232,2025-02-23,6.4,0.79
A00232,2025-03-25,8.3,0.58
A00232,2025-04-25,7.0,0.82
A00232,2025-05-31,7.2,0.37
A00232,2025-06-23,7.6,0.99
A00233,2025-01-30,7.4,0.49
A00233,2025-02-21,7.5,0.06
A00233,2025-03-27,7.9,1.11
A00233,2025-04-25,10.0,0.42
A00233,2025-05-23,6.4,1.15
A00233,2025-06-25,6.3,0.49
A00234,2025-01-27,7.3,0.91
A00234,2025-02-23,5.9,0.24
A00234,2025-03-27,7.2,0.77
A00234,2025-04-21,5.1,0.4
A00234,2025-05-28,8.2,0.28
A00234,2025-06-24,7.2,0.51
A00235,2025-01-25,8.5,0.36
A00235,2025-02-28,7.5,-0.22
A00235,2025-03-26,7.6,0.71
A00235,2025-04-28,5.1,0.35
A00235,2025-05-29,6.2,0.22
A00235,2025-06-27,8.1,-0.09
A00236,2025-01-29,8.9,0.92
A00236,2025-02-19,8.6,0.86
A00236,2025-03-29,7.8,0.65
A00236,2025-04-26,9.3,0.77
A00236,2025-05-28,6.9,1.13
A00236,2025-06-22,8.0,0.04
A00237,2025-01-24,8.8,0.44
A00237,2025-02-27,9.4,0.28
A00237,2025-03-29,8.8,0.69
A00237,2025-04-25,8.7,1.13
A00237,2025-05-22,6.2,0.59
A00237,2025-06-25,8.5,0.97
A00238,2025-01-22,8.5,0.85
A00238,2025-02-28,8.5,0.37
A00238,2025-03-28,7.5,0.16
A00238,2025-04-24,8.5,0.42
A00238,2025-05-31,6.8,0.68
A00238,2025-06-28,7.8,0.59
A00239,2025-01-22,7.4,0.3
A00239,2025-02-25,6.3,0.65
A00239,2025-03-27,6.0,0.37
A00239,2025-04-27,6.9,0.35
A00239,2025-05-30,6.6,1.04
A00239,2025-06-21,7.6,0.39
A00240,2025-01-24,7.4,0.37
A00240,2025-02-25,7.4,1.63
A00240,2025-03-24,7.5,0.52
A00240,2025-04-23,8.7,0.64
A00240,2025-05-30,8.4,0.74
A00240,2025-06-30,7.3,0.76
A00241,2025-01-27,8.5,0.36
A00241,2025-02-26,7.5,0.48
A00241,2025-03-25,7.1,0.91
A00241,2025-04-29,7.5,0.31
A00241,2025-05-23,7.3,0.82
A00241,2025-06-30,8.5,0.77
A00242,2025-01-31,6.8,0.62
A00242,2025-02-28,5.7,0.57
A00242,2025-03-25,8.6,-0.01
A00242,2025-04-29,6.8,0.51
A00242,2025-05-23,8.1,0.28
A00242,2025-06-25,7.5,0.74
A00243,2025-01-25,9.7,0.36
A00243,2025-02-22,10.0,0.42
A00243,2025-03-23,7.9,0.67
A00243,2025-04-29,8.1,1.21
A00243,2025-05-23,6.7,0.38
A00243,2025-06-29,7.4,0.85
A00244,2025-01-31,8.2,0.66
A00244,2025-02-23,7.0,0.37
A00244,2025-03-26,8.6,0.18
A00244,2025-04-28,5.8,0.34
A00244,2025-05-25,7.0,0.51
A00244,2025-06-24,6.7,0.13
A00245,2025-01-22,8.1,-0.03
A00245,2025-02-24,9.1,0.0
A00245,2025-03-27,6.4,0.34
A00245,2025-04-23,9.2,0.4
A00245,2025-05-31,8.2,0.22
A00245,2025-06-24,7.6,0.94
A00246,2025-01-27,8.6,0.73
A00246,2025-02-24,7.7,0.25
A00246,2025-03-29,8.2,0.85
A00246,2025-04-22,9.8,1.07
A00246,2025-05-23,8.5,0.34
A00246,2025-06-29,7.6,0.51
A00247,2025-01-31,6.6,0.44
A00247,2025-02-28,6.6,0.16
A00247,2025-03-23,7.2,0.18
A00247,2025-04-25,7.3,0.24
A00247,2025-05-29,8.5,0.23
A00247,2025-06-26,7.2,0.54
A00248,2025-01-28,5.7,0.34
A00248,2025-02-21,7.2,-0.14
A00248,2025-03-25,7.6,0.6
A00248,2025-04-21,5.3,-0.15
A00248,2025-05-29,4.7,0.09
A00248,2025-06-29,7.4,0.7
A00249,2025-01-31,7.6,0.8
A00249,2025-02-19,6.9,0.31
A00249,2025-03-25,7.1,-0.24
A00249,2025-04-22,7.4,0.62
A00249,2025-05-31,8.0,0.58
A00249,2025-06-27,6.5,0.93
A00250,2025-01-23,7.6,0.63
A00250,2025-02-20,7.4,0.25
A00250,2025-03-26,6.9,0.45
A00250,2025-04-22,7.6,0.34
A00250,2025-05-27,7.2,0.25
A00250,2025-06-26,7.4,0.07
A00251,2025-01-31,5.2,0.4
A00251,2025-02-24,6.5,0.57
A00251,2025-03-22,6.2,0.11
A00251,2025-04-29,8.1,0.85
A00251,2025-05-31,6.4,0.18
A00251,2025-06-21,5.7,0.3
A00252,2025-01-27,6.1,0.35
A00252,2025-02-20,4.9,0.35
A00252,2025-03-25,6.9,0.56
A00252,2025-04-22,5.8,-0.16
A00252,2025-05-23,6.9,0.27
A00252,2025-06-26,6.5,-0.0
A00253,2025-01-27,8.5,0.73
A00253,2025-02-28,7.8,0.77
A00253,2025-03-30,8.5,0.63
A00253,2025-04-28,8.1,0.56
A00253,2025-05-30,6.8,0.66
A00253,2025-06-27,8.0,1.13
A00254,2025-01-26,6.1,0.28
A00254,2025-02-20,7.6,0.4
A00254,2025-03-26,6.1,0.81
A00254,2025-04-21,9.4,0.64
A00254,2025-05-23,7.6,0.24
A00254,2025-06-29,8.7,0.95
A00255,2025-01-27,7.6,0.28
A00255,2025-02-20,7.7,0.33
A00255,2025-03-28,7.3,0.01
A00255,2025-04-26,7.1,0.35
A00255,2025-05-25,7.3,0.43
A00255,2025-06-26,8.0,0.66
A00256,2025-01-31,7.3,0.86
A00256,2025-02-25,9.9,0.17
A00256,2025-03-27,10.0,0.79
A00256,2025-04-26,7.7,0.29
A00256,2025-05-25,6.2,0.76
A00256,2025-06-28,9.2,1.07
A00257,2025-01-25,7.6,0.43
A00257,2025-02-21,7.8,-0.31
A00257,2025-03-30,6.0,0.09
A00257,2025-04-30,8.9,0.91
A00257,2025-05-23,5.0,0.21
A00257,2025-06-21,8.9,0.35
A00258,2025-01-25,6.7,0.28
A00258,2025-02-20,5.5,0.11
A00258,2025-03-25,9.0,0.06
A00258,2025-04-26,6.0,0.21
A00258,2025-05-24,4.6,0.29
A00258,2025-06-29,6.7,0.44
A00259,2025-01-26,6.8,0.55
A00259,2025-02-23,8.4,0.6
A00259,2025-03-22,9.3,0.82
A00259,2025-04-24,7.2,0.49
A00259,2025-05-24,6.8,0.58
A00259,2025-06-26,8.3,0.26
A00260,2025-01-31,7.7,-0.24
A00260,2025-02-24,7.3,0.82
A00260,2025-03-31,5.5,0.55
A00260,2025-04-28,6.3,0.53
A00260,2025-05-31,5.7,0.44
A00260,2025-06-23,5.8,-0.02
A00261,2025-01-27,8.4,-0.11
A00261,2025-02-22,8.9,0.3
A00261,2025-03-25,7.8,0.94
A00261,2025-04-23,8.8,0.73
A00261,2025-05-22,8.2,0.91
A00261,2025-06-27,8.6,0.94
A00262,2025-01-31,9.1,0.63
A00262,2025-02-22,9.6,0.4
A00262,2025-03-29,8.6,0.53
A00262,2025-04-27,8.9,0.62
A00262,2025-05-29,6.8,0.88
A00262,2025-06-30,7.1,0.62
A00263,2025-01-29,7.2,0.33
A00263,2025-02-23,5.8,-0.11
A00263,2025-03-31,6.5,-0.09
A00263,2025-04-23,6.9,0.44
A00263,2025-05-24,6.6,0.65
A00263,2025-06-30,6.8,-0.11
A00264,2025-01-27,9.2,0.25
A00264,2025-02-27,9.0,0.63
A00264,2025-03-22,9.2,0.41
A00264,2025-04-27,8.3,0.74
A00264,2025-05-26,7.5,1.01
A00264,2025-06-22,7.4,0.54
A00265,2025-01-31,6.8,0.28
A00265,2025-02-19,6.6,-0.18
A00265,2025-03-31,5.7,0.37
A00265,2025-04-22,4.6,0.41
A00265,2025-05-22,5.2,0.08
A00265,2025-06-28,5.2,0.33
A00266,2025-01-26,6.3,0.08
A00266,2025-02-21,7.3,0.2
A00266,2025-03-25,4.2,0.35
A00266,2025-04-27,6.6,0.04
A00266,2025-05-24,6.4,0.31
A00266,2025-06-21,6.8,0.82
A00267,2025-01-28,6.9,0.69
A00267,2025-02-28,6.6,0.66
A00267,2025-03-28,7.1,0.29
A00267,2025-04-26,6.4,0.34
A00267,2025-05-28,6.0,0.3
A00267,2025-06-24,6.8,0.53
A00268,2025-01-31,8.3,0.0
A00268,2025-02-21,6.0,0.47
A00268,2025-03-31,6.1,0.81
A00268,2025-04-21,7.6,0.51
A00268,2025-05-24,7.3,0.22
A00268,2025-06-25,6.4,0.22
A00269,2025-01-27,7.8,0.79
A00269,2025-02-27,6.1,0.15
A00269,2025-03-31,7.1,0.62
A00269,2025-04-27,6.7,0.99
A00269,2025-05-23,8.0,0.7
A00269,2025-06-23,5.5,-0.08
A00270,2025-01-27,7.0,0.38
A00270,2025-02-23,7.9,0.09
A00270,2025-03-22,6.0,0.71
A00270,2025-04-26,7.7,-0.01
A00270,2025-05-25,6.4,-0.04
A00270,2025-06-24,6.9,0.35
A00271,2025-01-27,7.6,0.87
A00271,2025-02-23,8.9,0.36
A00271,2025-03-28,8.7,0.54
A00271,2025-04-28,8.7,0.85
A00271,2025-05-28,8.3,0.66
A00271,2025-06-28,8.2,0.64
A00272,2025-01-24,9.0,0.56
A00272,2025-02-22,6.8,0.32
A00272,2025-03-27,8.5,0.13
A00272,2025-04-21,8.8,0.51
A00272,2025-05-27,8.6,0.69
A00272,2025-06-22,6.9,0.51
A00273,2025-01-25,8.6,0.43
A00273,2025-02-23,8.7,0.42
A00273,2025-03-25,5.8,0.94
A00273,2025-04-26,5.6,0.24
A00273,2025-05-30,7.5,0.69
A00273,2025-06-26,6.2,0.23
A00274,2025-01-26,6.3,0.91
A00274,2025-02-25,7.8,0.23
A00274,2025-03-26,7.9,0.72
A00274,2025-04-22,7.7,0.34
A00274,2025-05-29,10.0,0.67
A00274,2025-06-24,6.9,0.87
A00275,2025-01-24,8.1,0.5
A00275,2025-02-26,6.1,0.49
A00275,2025-03-26,7.9,-0.11
A00275,2025-04-30,8.2,-0.01
A00275,2025-05-26,9.2,0.24
A00275,2025-06-29,6.9,0.63
A00276,2025-01-26,8.2,0.31
A00276,2025-02-27,7.9,0.54
A00276,2025-03-29,7.1,0.5
A00276,2025-04-29,6.6,0.75
A00276,2025-05-29,8.6,0.01
A00276,2025-06-21,8.0,0.98
A00277,2025-01-29,10.0,1.17
A00277,2025-02-22,6.2,0.67
A00277,2025-03-30,9.9,0.24
A00277,2025-04-27,8.2,0.37
A00277,2025-05-22,7.7,0.7
A00277,2025-06-28,7.9,0.22
A00278,2025-01-27,4.6,0.37
A00278,2025-02-21,6.3,0.52
A00278,2025-03-24,4.8,0.13
A00278,2025-04-23,6.4,0.1
A00278,2025-05-30,6.6,0.1
A00278,2025-06-25,5.6,-0.3
A00279,2025-01-23,7.0,1.09
A00279,2025-02-28,8.9,0.44
A00279,2025-03-26,8.5,0.26
A00279,2025-04-23,7.4,0.38
A00279,2025-05-23,8.4,1.11
A00279,2025-06-27,6.9,0.04
A00280,2025-01-27,7.4,0.61
A00280,2025-02-25,8.4,0.02
A00280,2025-03-25,9.2,0.56
A00280,2025-04-21,6.2,-0.01
A00280,2025-05-31,8.8,0.42
A00280,2025-06-25,6.5,0.1
A00281,2025-01-25,6.0,0.49
A00281,2025-02-19,6.9,0.56
A00281,2025-03-25,8.9,0.17
A00281,2025-04-23,8.1,0.1
A00281,2025-05-22,7.8,0.75
A00281,2025-06-26,8.8,0.77
A00282,2025-01-24,8.8,0.57
A00282,2025-02-28,7.6,0.43
A00282,2025-03-24,7.7,1.2
A00282,2025-04-28,7.8,0.11
A00282,2025-05-25,9.2,0.72
A00282,2025-06-29,8.5,0.62
A00283,2025-01-31,7.5,0.54
A00283,2025-02-26,7.4,-0.03
A00283,2025-03-28,7.8,0.2
A00283,2025-04-24,6.8,0.74
A00283,2025-05-23,6.6,0.7
A00283,2025-06-27,6.9,0.49
A00284,2025-01-23,8.3,0.74
A00284,2025-02-27,7.3,0.12
A00284,2025-03-25,9.6,0.96
A00284,2025-04-28,8.2,0.5
A00284,2025-05-25,8.6,0.42
A00284,2025-06-26,4.3,0.46
A00285,2025-01-22,6.8,0.74
A00285,2025-02-25,6.8,0.56
A00285,2025-03-23,6.4,0.4
A00285,2025-04-29,5.4,0.21
A00285,2025-05-28,7.1,0.92
A00285,2025-06-25,7.8,0.11
A00286,2025-01-24,8.1,0.57
A00286,2025-02-24,8.5,0.2
A00286,2025-03-25,6.7,0.71
A00286,2025-04-23,6.3,0.53
A00286,2025-05-29,7.2,0.88
A00286,2025-06-23,6.8,0.13
A00287,2025-01-28,7.8,0.94
A00287,2025-02-20,7.1,0.88
A00287,2025-03-31,8.9,0.35
A00287,2025-04-29,7.6,0.61
A00287,2025-05-23,8.5,0.16
A00287,2025-06-25,7.1,0.56
A00288,2025-01-30,8.2,0.09
A00288,2025-02-24,5.3,0.14
A00288,2025-03-27,6.2,0.77
A00288,2025-04-22,5.1,0.22
A00288,2025-05-25,7.1,0.08
A00288,2025-06-26,4.8,0.02
A00289,2025-01-31,9.3,0.3
A00289,2025-02-27,7.0,0.59
A00289,2025-03-30,9.3,0.09
A00289,2025-04-22,8.0,0.76
A00289,2025-05-29,7.0,0.91
A00289,2025-06-30,8.8,1.05
A00290,2025-01-30,7.0,0.63
A00290,2025-02-27,6.7,0.76
A00290,2025-03-24,6.4,0.25
A00290,2025-04-23,9.1,0.74
A00290,2025-05-30,6.0,0.42
A00290,2025-06-27,7.2,0.33
A00291,2025-01-28,5.7,0.54
A00291,2025-02-22,7.8,0.37
A00291,2025-03-30,6.7,0.65
A00291,2025-04-21,8.9,0.69
A00291,2025-05-24,9.3,0.47
A00291,2025-06-21,8.4,0.57
A00292,2025-01-26,9.1,0.54
A00292,2025-02-20,7.8,0.8
A00292,2025-03-29,9.1,1.07
A00292,2025-04-26,8.6,0.52
A00292,2025-05-31,9.4,0.54
A00292,2025-06-29,7.3,0.32
A00293,2025-01-26,6.8,0.6
A00293,2025-02-22,5.2,0.55
A00293,2025-03-31,8.3,0.19
A00293,2025-04-30,8.2,0.37
A00293,2025-05-28,5.8,0.27
A00293,2025-06-23,5.5,0.22
A00294,2025-01-27,6.5,0.81
A00294,2025-02-22,8.7,0.56
A00294,2025-03-31,8.8,0.27
A00294,2025-04-24,8.7,0.76
A00294,2025-05-23,6.6,1.62
A00294,2025-06-28,7.9,0.51
A00295,2025-01-26,6.2,0.08
A00295,2025-02-21,7.8,-0.13
A00295,2025-03-29,5.9,0.43
A00295,2025-04-24,8.0,-0.02
A00295,2025-05-31,4.9,0.06
A00295,2025-06-30,6.4,0.39
A00296,2025-01-22,6.0,0.62
A00296,2025-02-19,8.0,0.26
A00296,2025-03-23,6.6,0.85
A00296,2025-04-24,8.0,0.93
A00296,2025-05-25,7.2,0.39
A00296,2025-06-22,7.4,0.44
A00297,2025-01-25,8.8,1.0
A00297,2025-02-27,7.5,0.79
A00297,2025-03-27,9.3,0.06
A00297,2025-04-26,9.0,0.36
A00297,2025-05-28,8.5,0.44
A00297,2025-06-29,7.9,0.75
A00298,2025-01-26,8.6,0.95
A00298,2025-02-28,8.1,0.95
A00298,2025-03-22,10.0,0.27
A00298,2025-04-27,7.6,0.99
A00298,2025-05-31,8.7,0.65
A00298,2025-06-23,7.5,0.25
A00299,2025-01-27,7.8,0.57
A00299,2025-02-19,6.9,0.94
A00299,2025-03-31,7.3,0.53
A00299,2025-04-29,9.1,0.19
A00299,2025-05-28,7.3,0.41
A00299,2025-06-24,7.9,0.46
A00300,2025-01-28,7.8,0.29
A00300,2025-02-27,8.3,0.31
A00300,2025-03-24,6.6,0.01
A00300,2025-04-21,6.3,0.83
A00300,2025-05-25,7.9,-0.2
A00300,2025-06-21,6.9,0.69
A00301,2025-01-29,6.9,0.94
A00301,2025-02-28,7.2,0.48
A00301,2025-03-27,6.4,0.62
A00301,2025-04-24,9.1,0.6
A00301,2025-05-22,7.4,0.63
A00301,2025-06-27,8.7,0.6
A00302,2025-01-24,7.2,0.62
A00302,2025-02-19,8.8,0.54
A00302,2025-03-25,9.8,0.94
A00302,2025-04-22,7.5,0.5
A00302,2025-05-28,8.2,0.61
A00302,2025-06-23,7.8,0.34
A00303,2025-01-29,7.9,0.53
A00303,2025-02-19,8.9,0.56
A00303,2025-03-28,7.9,0.56
A00303,2025-04-25,8.6,-0.16
A00303,2025-05-22,8.2,0.37
A00303,2025-06-22,7.2,0.68
A00304,2025-01-29,7.6,0.69
A00304,2025-02-19,5.8,0.7
A00304,2025-03-23,6.5,0.54
A00304,2025-04-22,5.9,0.23
A00304,2025-05-31,7.2,0.57
A00304,2025-06-21,6.5,0.04
A00305,2025-01-27,5.9,-0.03
A00305,2025-02-24,7.1,0.19
A00305,2025-03-31,6.5,-0.12
A00305,2025-04-30,7.8,0.61
A00305,2025-05-28,6.7,0.77
A00305,2025-06-28,7.0,0.45
A00306,2025-01-26,6.9,0.62
A00306,2025-02-27,8.0,0.78
A00306,2025-03-27,9.3,1.09
A00306,2025-04-24,7.8,0.04
A00306,2025-05-31,9.2,0.31
A00306,2025-06-27,7.8,0.93
A00307,2025-01-23,10.0,0.89
A00307,2025-02-20,7.5,0.43
A00307,2025-03-29,7.1,0.9
A00307,2025-04-22,7.8,0.83
A00307,2025-05-27,6.9,0.31
A00307,2025-06-26,6.6,0.2
A00308,2025-01-28,5.4,0.3
A00308,2025-02-20,7.4,0.38
A00308,2025-03-22,7.4,0.81
A00308,2025-04-24,10.0,0.48
A00308,2025-05-29,6.8,0.04
A00308,2025-06-24,7.0,0.57
A00309,2025-01-25,6.1,0.84
A00309,2025-02-25,7.1,0.68
A00309,2025-03-28,5.1,0.56
A00309,2025-04-24,7.5,0.02
A00309,2025-05-29,4.9,0.62
A00309,2025-06-27,6.7,0.29
A00310,2025-01-26,7.4,0.02
A00310,2025-02-28,7.1,1.39
A00310,2025-03-26,8.0,0.32
A00310,2025-04-27,8.1,0.86
A00310,2025-05-30,7.7,0.43
A00310,2025-06-22,8.8,0.54
A00311,2025-01-27,8.0,0.46
A00311,2025-02-26,8.3,0.1
A00311,2025-03-22,7.4,0.85
A00311,2025-04-24,8.5,1.36
A00311,2025-05-24,8.9,0.04
A00311,2025-06-22,8.1,0.44
A00312,2025-01-28,6.8,0.83
A00312,2025-02-20,6.9,-0.12
A00312,2025-03-31,6.7,0.13
A00312,2025-04-30,5.2,0.5
A00312,2025-05-25,5.0,0.6
A00312,2025-06-27,5.8,0.28
A00313,2025-01-30,6.1,0.35
A00313,2025-02-26,5.9,0.48
A00313,2025-03-27,5.5,0.14
A00313,2025-04-21,8.3,0.56
A00313,2025-05-26,7.9,0.14
A00313,2025-06-29,6.6,0.11
A00314,2025-01-28,7.5,0.62
A00314,2025-02-20,8.8,1.0
A00314,2025-03-25,8.8,0.91
A00314,2025-04-23,9.2,0.45
A00314,2025-05-26,8.2,1.26
A00314,2025-06-25,9.1,0.52
A00315,2025-01-30,7.2,0.03
A00315,2025-02-20,6.2,0.53
A00315,2025-03-25,6.8,0.26
A00315,2025-04-27,7.3,0.1
A00315,2025-05-30,9.9,0.16
A00315,2025-06-22,7.8,0.28
A00316,2025-01-27,7.6,-0.15
A00316,2025-02-26,6.5,-0.03
A00316,2025-03-24,8.0,0.08
A00316,2025-04-24,5.9,0.51
A00316,2025-05-25,6.2,0.09
A00316,2025-06-27,6.4,0.54
A00317,2025-01-28,6.7,1.12
A00317,2025-02-25,8.5,0.35
A00317,2025-03-25,8.4,0.59
A00317,2025-04-21,7.8,1.21
A00317,2025-05-27,7.5,0.48
A00317,2025-06-28,9.7,0.7
A00318,2025-01-23,7.8,0.6
A00318,2025-02-23,7.0,1.1
A00318,2025-03-27,9.7,0.26
A00318,2025-04-25,8.3,0.98
A00318,2025-05-25,7.2,0.66
A00318,2025-06-23,8.4,1.02
A00319,2025-01-26,6.4,1.08
A00319,2025-02-28,7.5,0.58
A00319,2025-03-25,7.4,0.83
A00319,2025-04-22,8.0,0.48
A00319,2025-05-25,8.3,1.02
A00319,2025-06-28,8.5,-0.2
A00320,2025-01-26,8.6,0.61
A00320,2025-02-27,6.6,0.36
A00320,2025-03-22,7.5,1.21
A00320,2025-04-21,6.3,0.56
A00320,2025-05-26,6.3,0.25
A00320,2025-06-23,6.2,0.75
A00321,2025-01-28,6.5,0.52
A00321,2025-02-26,7.4,0.45
A00321,2025-03-22,8.0,0.71
A00321,2025-04-24,6.6,1.02
A00321,2025-05-29,8.8,0.56
A00321,2025-06-27,8.5,0.08
A00322,2025-01-23,6.4,0.01
A00322,2025-02-23,7.3,0.39
A00322,2025-03-26,7.5,0.63
A00322,2025-04-27,4.9,0.71
A00322,2025-05-30,5.4,0.19
A00322,2025-06-22,6.3,0.11
A00323,2025-01-22,6.8,-0.23
A00323,2025-02-26,7.0,0.28
A00323,2025-03-31,7.6,0.04
A00323,2025-04-26,9.1,0.43
A00323,2025-05-29,6.9,0.93
A00323,2025-06-27,6.6,0.53
A00324,2025-01-26,7.5,0.71
A00324,2025-02-23,8.6,0.76
A00324,2025-03-29,7.5,0.58
A00324,2025-04-30,7.3,0.23
A00324,2025-05-22,9.2,0.7
A00324,2025-06-30,6.4,0.57
A00325,2025-01-29,8.0,0.69
A00325,2025-02-20,10.0,1.2
A00325,2025-03-26,8.9,0.58
A00325,2025-04-29,7.9,0.94
A00325,2025-05-22,8.9,0.58
A00325,2025-06-27,10.0,0.32
A00326,2025-01-22,5.9,0.44
A00326,2025-02-21,6.7,0.82
A00326,2025-03-30,8.4,0.35
A00326,2025-04-23,6.5,0.54
A00326,2025-05-23,6.7,0.48
A00326,2025-06-27,9.3,0.6
A00327,2025-01-23,6.1,0.03
A00327,2025-02-24,7.3,0.65
A00327,2025-03-31,8.0,0.1
A00327,2025-04-22,5.9,0.0
A00327,2025-05-27,6.8,0.72
A00327,2025-06-28,5.5,-0.01
A00328,2025-01-22,8.0,0.46
A00328,2025-02-22,8.5,0.49
A00328,2025-03-31,8.0,0.73
A00328,2025-04-30,7.2,0.96
A00328,2025-05-29,8.1,0.48
A00328,2025-06-23,7.8,0.43
A00329,2025-01-29,8.6,0.54
A00329,2025-02-28,7.6,0.54
A00329,2025-03-22,8.1,0.62
A00329,2025-04-26,8.5,0.51
A00329,2025-05-28,10.0,0.65
A00329,2025-06-23,10.0,0.74
A00330,2025-01-22,5.9,0.58
A00330,2025-02-21,6.0,0.42
A00330,2025-03-29,5.8,0.15
A00330,2025-04-25,6.3,0.2
A00330,2025-05-30,6.5,0.69
A00330,2025-06-26,5.7,-0.04
A00331,2025-01-27,7.5,0.77
A00331,2025-02-25,8.2,0.34
A00331,2025-03-23,7.6,0.55
A00331,2025-04-28,8.8,0.71
A00331,2025-05-25,9.5,1.08
A00331,2025-06-26,8.6,0.54
A00332,2025-01-23,8.2,0.16
A00332,2025-02-22,7.9,0.61
A00332,2025-03-24,7.4,0.37
A00332,2025-04-22,9.2,0.23
A00332,2025-05-30,9.6,0.57
A00332,2025-06-29,9.4,0.63
A00333,2025-01-22,7.0,1.05
A00333,2025-02-24,8.0,0.65
A00333,2025-03-23,7.6,0.91
A00333,2025-04-22,8.0,0.43
A00333,2025-05-23,7.4,1.12
A00333,2025-06-29,8.5,0.43
A00334,2025-01-26,7.6,0.39
A00334,2025-02-21,5.1,-0.59
A00334,2025-03-25,7.9,0.08
A00334,2025-04-28,7.2,0.84
A00334,2025-05-25,5.6,0.2
A00334,2025-06-21,6.9,0.41
A00335,2025-01-26,10.0,0.92
A00335,2025-02-25,8.0,0.62
A00335,2025-03-23,9.6,0.22
A00335,2025-04-29,8.1,0.11
A00335,2025-05-29,8.9,0.25
A00335,2025-06-24,6.8,0.68
A00336,2025-01-28,5.4,0.29
A00336,2025-02-27,7.5,0.52
A00336,2025-03-26,6.2,-0.37
A00336,2025-04-25,6.1,0.47
A00336,2025-05-24,7.6,0.94
A00336,2025-06-29,6.9,-0.24
A00337,2025-01-22,7.8,0.7
A00337,2025-02-26,5.0,0.07
A00337,2025-03-22,7.6,0.06
A00337,2025-04-29,7.2,-0.49
A00337,2025-05-22,5.5,0.24
A00337,2025-06-25,5.1,0.34
A00338,2025-01-30,8.4,0.98
A00338,2025-02-28,8.3,0.69
A00338,2025-03-22,8.6,0.49
A00338,2025-04-22,7.9,0.97
A00338,2025-05-25,7.9,0.76
A00338,2025-06-25,7.5,0.45
A00339,2025-01-24,8.7,0.48
A00339,2025-02-26,9.8,0.4
A00339,2025-03-23,8.8,1.37
A00339,2025-04-29,7.2,0.48
A00339,2025-05-26,7.8,0.83
A00339,2025-06-27,8.3,0.99
A00340,2025-01-27,8.2,0.47
A00340,2025-02-28,8.0,0.55
A00340,2025-03-25,6.7,0.73
A00340,2025-04-23,6.3,0.67
A00340,2025-05-26,9.6,0.73
A00340,2025-06-26,5.5,0.19
A00341,2025-01-28,7.8,0.75
A00341,2025-02-22,6.9,0.1
A00341,2025-03-31,10.0,0.96
A00341,2025-04-29,7.6,0.69
A00341,2025-05-23,9.0,0.32
A00341,2025-06-25,7.8,0.41
A00342,2025-01-28,8.6,0.65
A00342,2025-02-21,9.3,0.35
A00342,2025-03-24,8.4,1.14
A00342,2025-04-26,7.2,0.83
A00342,2025-05-26,7.5,0.42
A00342,2025-06-22,8.8,1.06
A00343,2025-01-25,7.4,0.35
A00343,2025-02-24,5.9,0.58
A00343,2025-03-26,6.1,0.17
A00343,2025-04-21,6.9,-0.0
A00343,2025-05-22,4.5,0.61
A00343,2025-06-26,6.6,0.34
A00344,2025-01-27,6.1,0.61
A00344,2025-02-23,7.8,0.55
A00344,2025-03-27,9.8,0.81
A00344,2025-04-27,6.0,0.38
A00344,2025-05-22,7.3,0.16
A00344,2025-06-28,8.4,0.53
A00345,2025-01-25,7.8,0.86
A00345,2025-02-19,8.5,0.33
A00345,2025-03-28,5.5,0.12
A00345,2025-04-23,7.6,0.41
A00345,2025-05-27,6.5,0.31
A00345,2025-06-29,6.6,0.19
A00346,2025-01-24,5.5,0.17
A00346,2025-02-25,6.1,0.31
A00346,2025-03-23,7.0,0.12
A00346,2025-04-21,6.9,0.27
A00346,2025-05-25,6.8,0.84
A00346,2025-06-28,5.1,0.83
A00347,2025-01-31,7.4,0.79
A00347,2025-02-21,10.0,0.13
A00347,2025-03-26,6.6,0.67
A00347,2025-04-29,8.8,0.26
A00347,2025-05-26,7.7,0.84
A00347,2025-06-21,8.9,0.71
A00348,2025-01-24,7.2,0.73
A00348,2025-02-28,7.8,0.67
A00348,2025-03-23,6.0,0.1
A00348,2025-04-21,7.7,0.31
A00348,2025-05-30,6.8,0.21
A00348,2025-06-30,7.9,0.05
A00349,2025-01-25,7.2,0.28
A00349,2025-02-19,7.1,0.55
A00349,2025-03-26,8.0,0.84
A00349,2025-04-28,8.2,0.57
A00349,2025-05-22,7.6,0.38
A00349,2025-06-26,7.1,0.45
A00350,2025-01-29,10.0,0.57
A00350,2025-02-21,8.6,0.7
A00350,2025-03-25,6.4,1.1
A00350,2025-04-23,8.9,0.85
A00350,2025-05-22,9.0,0.33
A00350,2025-06-24,8.7,0.37
A00351,2025-01-30,7.9,0.51
A00351,2025-02-24,9.6,0.09
A00351,2025-03-26,9.1,0.4
A00351,2025-04-24,7.7,0.82
A00351,2025-05-22,8.0,0.56
A00351,2025-06-21,8.4,0.65
A00352,2025-01-22,7.2,0.31
A00352,2025-02-23,8.0,0.51
A00352,2025-03-26,8.8,0.69
A00352,2025-04-30,6.7,1.1
A00352,2025-05-24,9.8,-0.58
A00352,2025-06-28,6.7,0.41
A00353,2025-01-30,8.0,0.82
A00353,2025-02-20,7.8,0.69
A00353,2025-03-27,10.0,1.14
A00353,2025-04-27,8.9,1.11
A00353,2025-05-24,6.8,0.6
A00353,2025-06-22,7.2,0.83
A00354,2025-01-28,7.3,0.26
A00354,2025-02-23,8.9,-0.06
A00354,2025-03-29,6.5,0.48
A00354,2025-04-29,7.1,0.43
A00354,2025-05-27,9.4,0.82
A00354,2025-06-28,7.2,0.34
A00355,2025-01-30,5.7,-0.18
A00355,2025-02-23,7.4,0.42
A00355,2025-03-31,7.1,0.69
A00355,2025-04-27,7.7,0.45
A00355,2025-05-23,7.2,0.1
A00355,2025-06-21,6.6,0.06
A00356,2025-01-25,8.3,0.37
A00356,2025-02-24,7.1,0.97
A00356,2025-03-24,7.1,0.85
A00356,2025-04-27,7.8,0.91
A00356,2025-05-23,8.4,0.78
A00356,2025-06-29,9.9,0.46
A00357,2025-01-22,5.3,0.04
A00357,2025-02-22,7.8,0.0
A00357,2025-03-31,6.8,-0.04
A00357,2025-04-21,7.1,0.58
A00357,2025-05-29,6.3,0.19
A00357,2025-06-30,5.3,0.43
A00358,2025-01-29,7.8,-0.14
A00358,2025-02-20,7.9,0.9
A00358,2025-03-31,6.7,0.73
A00358,2025-04-26,6.3,-0.22
A00358,2025-05-24,7.0,0.71
A00358,2025-06-24,7.7,0.71
A00359,2025-01-31,9.2,1.61
A00359,2025-02-28,7.9,0.61
A00359,2025-03-25,8.1,0.67
A00359,2025-04-27,8.0,0.7
A00359,2025-05-26,9.9,0.74
A00359,2025-06-21,7.9,0.19
A00360,2025-01-23,8.0,0.9
A00360,2025-02-24,8.0,0.25
A00360,2025-03-22,6.5,0.38
A00360,2025-04-29,8.0,0.3
A00360,2025-05-31,7.4,0.84
A00360,2025-06-24,6.4,0.75
A00361,2025-01-28,6.1,0.3
A00361,2025-02-24,7.2,-0.36
A00361,2025-03-22,8.4,-0.05
A00361,2025-04-25,8.6,0.63
A00361,2025-05-31,6.9,0.18
A00361,2025-06-26,6.9,0.87
A00362,2025-01-22,7.8,0.74
A00362,2025-02-25,6.7,1.1
A00362,2025-03-24,7.9,0.69
A00362,2025-04-29,7.6,0.37
A00362,2025-05-26,7.8,0.28
A00362,2025-06-24,9.1,-0.11
A00363,2025-01-28,8.0,0.36
A00363,2025-02-22,8.5,0.79
A00363,2025-03-28,8.8,0.37
A00363,2025-04-21,7.1,0.46
A00363,2025-05-23,6.7,0.72
A00363,2025-06-26,7.3,0.75
A00364,2025-01-26,7.9,1.1
A00364,2025-02-19,9.0,0.07
A00364,2025-03-26,7.0,0.6
A00364,2025-04-23,9.2,0.51
A00364,2025-05-23,8.3,1.05
A00364,2025-06-24,8.4,0.53
A00365,2025-01-29,5.2,-0.15
A00365,2025-02-27,7.0,0.4
A00365,2025-03-23,7.4,0.35
A00365,2025-04-26,5.6,0.1
A00365,2025-05-23,6.1,-0.25
A00365,2025-06-23,5.8,0.72
A00366,2025-01-26,6.7,0.07
A00366,2025-02-19,5.1,0.33
A00366,2025-03-23,5.1,0.57
A00366,2025-04-24,6.1,0.41
A00366,2025-05-29,6.5,1.11
A00366,2025-06-25,7.1,0.32
A00367,2025-01-28,6.5,0.63
A00367,2025-02-25,7.2,0.34
A00367,2025-03-22,6.8,0.39
A00367,2025-04-24,8.1,0.51
A00367,2025-05-26,8.6,0.55
A00367,2025-06-21,9.4,0.37
A00368,2025-01-23,8.4,0.59
A00368,2025-02-19,9.0,0.48
A00368,2025-03-25,6.6,0.47
A00368,2025-04-24,6.8,0.55
A00368,2025-05-28,8.1,0.6
A00368,2025-06-30,8.4,1.27
A00369,2025-01-29,10.0,0.26
A00369,2025-02-24,6.1,1.04
A00369,2025-03-28,6.8,0.69
A00369,2025-04-24,8.0,0.8
A00369,2025-05-23,9.7,0.73
A00369,2025-06-22,8.7,0.62
A00370,2025-01-22,8.0,0.93
A00370,2025-02-20,6.7,0.66
A00370,2025-03-30,7.1,0.23
A00370,2025-04-25,7.3,0.73
A00370,2025-05-25,8.9,0.49
A00370,2025-06-27,9.2,0.61
A00371,2025-01-22,7.0,0.15
A00371,2025-02-23,5.4,0.01
A00371,2025-03-27,6.4,0.56
A00371,2025-04-29,7.8,0.69
A00371,2025-05-23,6.4,0.29
A00371,2025-06-27,6.4,-0.14
A00372,2025-01-30,8.7,0.27
A00372,2025-02-27,9.1,-0.32
A00372,2025-03-25,6.6,0.57
A00372,2025-04-25,7.0,0.05
A00372,2025-05-26,7.5,0.21
A00372,2025-06-26,6.5,0.04
A00373,2025-01-29,7.1,0.26
A00373,2025-02-28,9.9,0.68
A00373,2025-03-22,6.3,0.69
A00373,2025-04-23,8.3,0.99
A00373,2025-05-26,7.5,0.82
A00373,2025-06-21,8.1,0.87
A00374,2025-01-30,8.2,0.78
A00374,2025-02-27,6.8,0.7
A00374,2025-03-29,10.0,-0.03
A00374,2025-04-28,7.6,0.76
A00374,2025-05-23,7.8,0.5
A00374,2025-06-24,7.8,1.02
A00375,2025-01-25,6.9,0.35
A00375,2025-02-25,6.9,0.78
A00375,2025-03-31,6.0,0.38
A00375,2025-04-21,8.2,0.61
A00375,2025-05-26,8.5,0.95
A00375,2025-06-23,6.9,0.05
A00376,2025-01-29,5.5,0.53
A00376,2025-02-27,5.6,0.91
A00376,2025-03-25,6.5,0.38
A00376,2025-04-26,5.9,0.27
A00376,2025-05-31,8.5,0.43
A00376,2025-06-23,6.7,0.7
A00377,2025-01-30,8.0,0.11
A00377,2025-02-20,5.4,0.88
A00377,2025-03-29,6.3,0.03
A00377,2025-04-21,6.4,0.93
A00377,2025-05-23,8.7,0.18
A00377,2025-06-27,6.8,0.37
A00378,2025-01-22,6.1,1.28
A00378,2025-02-19,8.4,0.78
A00378,2025-03-30,7.9,0.67
A00378,2025-04-27,8.0,0.26
A00378,2025-05-31,8.6,0.95
A00378,2025-06-30,6.9,0.46
A00379,2025-01-23,9.1,0.6
A00379,2025-02-27,7.9,0.4
A00379,2025-03-31,8.1,0.55
A00379,2025-04-26,8.1,1.12
A00379,2025-05-31,9.7,0.36
A00379,2025-06-30,8.3,0.61
A00380,2025-01-25,7.8,0.31
A00380,2025-02-22,8.2,0.73
A00380,2025-03-29,7.4,0.97
A00380,2025-04-28,8.0,0.72
A00380,2025-05-25,7.8,0.14
A00380,2025-06-21,8.0,0.42
A00381,2025-01-26,7.7,0.23
A00381,2025-02-28,7.7,0.52
A00381,2025-03-28,6.6,0.09
A00381,2025-04-26,7.7,0.88
A00381,2025-05-30,6.2,0.39
A00381,2025-06-22,7.3,0.13
A00382,2025-01-25,9.2,0.39
A00382,2025-02-25,9.9,0.73
A00382,2025-03-26,8.6,1.1
A00382,2025-04-23,7.0,1.06
A00382,2025-05-24,8.2,0.98
A00382,2025-06-23,8.3,0.82
A00383,2025-01-25,8.5,0.08
A00383,2025-02-25,5.5,0.06
A00383,2025-03-23,4.8,0.35
A00383,2025-04-27,5.4,0.11
A00383,2025-05-26,8.2,0.47
A00383,2025-06-28,4.5,0.27
A00384,2025-01-26,6.6,0.47
A00384,2025-02-26,5.3,0.06
A00384,2025-03-22,7.3,0.25
A00384,2025-04-26,7.0,-0.02
A00384,2025-05-27,7.5,0.52
A00384,2025-06-26,7.1,0.59
A00385,2025-01-31,6.4,0.56
A00385,2025-02-20,7.1,0.31
A00385,2025-03-30,8.0,0.62
A00385,2025-04-30,6.5,0.19
A00385,2025-05-25,7.7,0.1
A00385,2025-06-26,6.9,0.59
A00386,2025-01-29,7.0,-0.15
A00386,2025-02-27,6.9,0.08
A00386,2025-03-27,5.0,0.6
A00386,2025-04-26,7.1,0.1
A00386,2025-05-30,7.3,0.68
A00386,2025-06-22,7.1,0.16
A00387,2025-01-25,9.6,0.38
A00387,2025-02-28,7.4,0.61
A00387,2025-03-28,7.2,0.77
A00387,2025-04-28,10.0,0.41
A00387,2025-05-26,6.5,0.38
A00387,2025-06-25,6.7,0.18
A00388,2025-01-31,8.7,0.98
A00388,2025-02-19,8.6,0.44
A00388,2025-03-29,6.0,-0.35
A00388,2025-04-30,7.0,0.53
A00388,2025-05-24,7.5,0.49
A00388,2025-06-27,6.9,0.34
A00389,2025-01-27,8.6,0.25
A00389,2025-02-23,8.1,0.17
A00389,2025-03-31,7.7,0.84
A00389,2025-04-30,5.8,-0.21
A00389,2025-05-23,8.1,0.48
A00389,2025-06-23,5.1,0.18
A00390,2025-01-23,7.8,0.24
A00390,2025-02-28,7.3,0.55
A00390,2025-03-28,6.4,0.54
A00390,2025-04-29,6.2,0.15
A00390,2025-05-23,4.2,-0.08
A00390,2025-06-22,6.6,0.71
A00391,2025-01-25,8.0,0.27
A00391,2025-02-25,7.0,0.18
A00391,2025-03-24,5.4,0.15
A00391,2025-04-23,6.9,-0.11
A00391,2025-05-24,7.1,-0.11
A00391,2025-06-24,7.3,0.27
A00392,2025-01-29,7.4,0.13
A00392,2025-02-20,8.5,-0.07
A00392,2025-03-25,9.0,0.9
A00392,2025-04-27,8.6,0.35
A00392,2025-05-22,7.6,0.1
A00392,2025-06-25,8.2,0.67
A00393,2025-01-22,6.3,0.82
A00393,2025-02-24,8.3,0.34
A00393,2025-03-26,9.5,0.78
A00393,2025-04-25,9.2,1.1
A00393,2025-05-23,7.6,0.6
A00393,2025-06-27,5.8,0.87
A00394,2025-01-29,6.0,0.28
A00394,2025-02-28,5.4,0.68
A00394,2025-03-30,7.3,0.37
A00394,2025-04-22,8.5,0.04
A00394,2025-05-28,5.5,0.61
A00394,2025-06-26,4.8,-0.19
A00395,2025-01-27,8.9,0.83
A00395,2025-02-24,6.9,0.02
A00395,2025-03-30,7.5,0.85
A00395,2025-04-27,8.8,0.28
A00395,2025-05-26,8.8,0.54
A00395,2025-06-21,6.5,0.57
A00396,2025-01-26,7.8,0.59
A00396,2025-02-26,5.8,0.41
A00396,2025-03-31,5.9,0.85
A00396,2025-04-30,6.9,0.79
A00396,2025-05-26,7.5,0.39
A00396,2025-06-22,4.8,0.5
A00397,2025-01-29,8.5,-0.07
A00397,2025-02-21,8.5,0.49
A00397,2025-03-29,7.3,0.54
A00397,2025-04-22,6.8,0.53
A00397,2025-05-25,8.0,0.7
A00397,2025-06-25,9.1,0.54
A00398,2025-01-28,6.7,0.54
A00398,2025-02-28,7.5,0.15
A00398,2025-03-28,6.1,0.47
A00398,2025-04-25,7.1,0.75
A00398,2025-05-30,7.4,0.65
A00398,2025-06-23,7.7,0.72
A00399,2025-01-29,8.7,0.62
A00399,2025-02-25,5.7,0.76
A00399,2025-03-23,8.7,0.27
A00399,2025-04-27,8.4,0.05
A00399,2025-05-30,8.6,0.96
A00399,2025-06-25,8.3,0.47
A00400,2025-01-31,8.4,0.32
A00400,2025-02-28,8.0,0.94
A00400,2025-03-29,7.8,0.55
A00400,2025-04-29,9.8,0.59
A00400,2025-05-22,9.3,0.65
A00400,2025-06-28,8.5,0.58
A00401,2025-01-23,6.5,0.44
A00401,2025-02-19,7.6,0.37
A00401,2025-03-30,9.3,0.73
A00401,2025-04-24,7.4,0.38
A00401,2025-05-24,6.7,0.4
A00401,2025-06-24,8.3,0.29
A00402,2025-01-24,8.8,0.33
A00402,2025-02-28,7.8,0.88
A00402,2025-03-26,7.5,0.38
A00402,2025-04-24,6.9,0.13
A00402,2025-05-28,7.3,0.6
A00402,2025-06-24,8.7,0.11
A00403,2025-01-27,8.8,0.38
A00403,2025-02-20,8.1,0.79
A00403,2025-03-27,7.5,0.72
A00403,2025-04-25,7.6,0.36
A00403,2025-05-29,7.2,0.56
A00403,2025-06-25,6.5,0.82
A00404,2025-01-30,6.0,0.21
A00404,2025-02-21,6.2,0.1
A00404,2025-03-28,8.2,0.08
A00404,2025-04-30,6.1,0.12
A00404,2025-05-29,7.2,0.51
A00404,2025-06-28,6.0,0.05
A00405,2025-01-27,8.0,1.14
A00405,2025-02-23,6.0,0.82
A00405,2025-03-26,6.4,0.59
A00405,2025-04-25,7.4,0.52
A00405,2025-05-27,9.1,0.66
A00405,2025-06-21,7.4,0.28
A00406,2025-01-31,8.0,0.45
A00406,2025-02-28,8.5,1.07
A00406,2025-03-23,7.1,1.06
A00406,2025-04-29,7.8,0.89
A00406,2025-05-24,8.1,0.46
A00406,2025-06-22,7.7,0.44
A00407,2025-01-26,6.0,0.65
A00407,2025-02-26,6.6,0.84
A00407,2025-03-22,5.2,0.35
A00407,2025-04-24,6.4,0.5
A00407,2025-05-30,5.0,0.21
A00407,2025-06-29,6.1,0.31
A00408,2025-01-28,9.2,0.87
A00408,2025-02-24,6.1,0.86
A00408,2025-03-31,8.7,0.52
A00408,2025-04-21,7.6,0.97
A00408,2025-05-27,7.9,0.75
A00408,2025-06-28,8.1,0.57
A00409,2025-01-29,6.9,0.11
A00409,2025-02-23,6.3,0.85
A00409,2025-03-24,6.9,0.51
A00409,2025-04-24,6.1,0.18
A00409,2025-05-22,5.7,0.77
A00409,2025-06-25,6.2,0.33
A00410,2025-01-25,8.8,0.5
A00410,2025-02-22,9.1,0.4
A00410,2025-03-30,7.8,0.77
A00410,2025-04-22,8.7,0.94
A00410,2025-05-24,7.5,0.56
A00410,2025-06-25,9.5,0.62
A00411,2025-01-27,10.0,0.68
A00411,2025-02-25,10.0,0.59
A00411,2025-03-23,8.8,1.11
A00411,2025-04-27,9.5,0.68
A00411,2025-05-22,8.9,0.88
A00411,2025-06-28,9.7,1.18
A00412,2025-01-26,7.9,0.83
A00412,2025-02-24,7.2,1.16
A00412,2025-03-24,8.6,0.29
A00412,2025-04-21,7.7,0.88
A00412,2025-05-29,8.1,1.2
A00412,2025-06-21,8.9,0.58
A00413,2025-01-26,9.6,1.17
A00413,2025-02-27,6.1,0.24
A00413,2025-03-31,7.6,0.95
A00413,2025-04-27,7.8,1.07
A00413,2025-05-29,8.0,0.58
A00413,2025-06-28,9.0,0.67
A00414,2025-01-23,7.4,-0.03
A00414,2025-02-27,7.3,0.31
A00414,2025-03-31,7.1,0.76
A00414,2025-04-21,7.3,0.5
A00414,2025-05-27,7.1,0.58
A00414,2025-06-23,6.2,0.69
A00415,2025-01-27,7.6,0.76
A00415,2025-02-28,9.0,0.33
A00415,2025-03-23,6.6,0.86
A00415,2025-04-21,6.1,1.18
A00415,2025-05-26,7.4,0.88
A00415,2025-06-24,6.7,0.53
A00416,2025-01-26,6.3,-0.04
A00416,2025-02-27,7.5,0.1
A00416,2025-03-30,7.1,0.75
A00416,2025-04-29,8.2,-0.03
A00416,2025-05-30,6.1,0.57
A00416,2025-06-29,6.1,0.76
A00417,2025-01-30,8.1,0.41
A00417,2025-02-24,7.8,0.49
A00417,2025-03-25,7.1,0.5
A00417,2025-04-30,9.9,0.66
A00417,2025-05-27,8.1,0.48
A00417,2025-06-27,7.0,0.79
A00418,2025-01-28,8.0,0.58
A00418,2025-02-21,8.2,0.61
A00418,2025-03-27,7.7,0.65
A00418,2025-04-24,5.9,0.22
A00418,2025-05-25,6.3,0.06
A00418,2025-06-23,7.5,0.33
A00419,2025-01-22,5.3,-0.01
A00419,2025-02-20,8.7,0.07
A00419,2025-03-27,6.4,-0.33
A00419,2025-04-28,7.2,-0.06
A00419,2025-05-31,5.2,0.56
A00419,2025-06-23,6.5,0.29
A00420,2025-01-30,7.7,0.38
A00420,2025-02-24,6.8,0.2
A00420,2025-03-29,8.2,0.51
A00420,2025-04-28,5.6,0.36
A00420,2025-05-24,5.7,0.27
A00420,2025-06-21,7.2,0.55
A00421,2025-01-27,7.6,0.39
A00421,2025-02-24,7.0,0.63
A00421,2025-03-31,8.8,0.39
A00421,2025-04-21,10.0,0.74
A00421,2025-05-24,8.9,0.24
A00421,2025-06-26,9.1,1.11
A00422,2025-01-22,6.5,0.61
A00422,2025-02-27,7.5,0.64
A00422,2025-03-26,8.1,0.02
A00422,2025-04-26,7.1,0.58
A00422,2025-05-26,7.5,0.81
A00422,2025-06-24,6.6,0.37
A00423,2025-01-26,8.5,1.06
A00423,2025-02-24,7.3,0.53
A00423,2025-03-31,9.8,0.65
A00423,2025-04-25,7.4,0.54
A00423,2025-05-24,7.7,0.53
A00423,2025-06-24,7.6,0.95
A00424,2025-01-29,7.1,0.57
A00424,2025-02-27,8.1,0.05
A00424,2025-03-24,9.0,0.31
A00424,2025-04-21,6.9,0.87
A00424,2025-05-30,9.9,0.22
A00424,2025-06-27,7.2,0.25
A00425,2025-01-26,7.7,0.62
A00425,2025-02-20,6.7,0.04
A00425,2025-03-30,7.8,0.47
A00425,2025-04-26,7.6,0.37
A00425,2025-05-28,5.7,0.79
A00425,2025-06-28,7.6,0.15
A00426,2025-01-25,8.8,0.23
A00426,2025-02-22,7.0,0.6
A00426,2025-03-22,9.6,0.36
A00426,2025-04-26,8.2,0.64
A00426,2025-05-28,7.7,-0.06
A00426,2025-06-29,5.7,0.88
A00427,2025-01-28,9.0,0.02
A00427,2025-02-19,6.8,0.49
A00427,2025-03-31,8.0,1.03
A00427,2025-04-29,6.4,0.14
A00427,2025-05-28,7.7,0.14
A00427,2025-06-30,8.9,0.2
A00428,2025-01-31,7.2,0.75
A00428,2025-02-20,6.2,0.62
A00428,2025-03-24,7.0,0.24
A00428,2025-04-23,7.6,0.99
A00428,2025-05-24,7.4,0.29
A00428,2025-06-29,8.6,0.55
A00429,2025-01-30,7.9,0.09
A00429,2025-02-21,7.3,0.35
A00429,2025-03-29,5.1,0.18
A00429,2025-04-28,6.8,-0.05
A00429,2025-05-24,8.2,0.36
A00429,2025-06-25,8.4,0.41
A00430,2025-01-30,5.7,0.56
A00430,2025-02-25,5.4,0.49
A00430,2025-03-24,6.5,0.46
A00430,2025-04-28,6.5,0.48
A00430,2025-05-22,9.2,0.47
A00430,2025-06-25,5.9,0.18
A00431,2025-01-30,6.5,0.74
A00431,2025-02-20,7.8,0.26
A00431,2025-03-25,7.4,0.05
A00431,2025-04-28,8.0,0.18
A00431,2025-05-25,7.2,0.49
A00431,2025-06-30,5.8,-0.23
A00432,2025-01-31,7.9,0.81
A00432,2025-02-24,6.2,0.5
A00432,2025-03-26,5.2,1.18
A00432,2025-04-26,7.1,0.57
A00432,2025-05-22,9.4,0.45
A00432,2025-06-27,6.9,0.34
A00433,2025-01-25,7.9,0.58
A00433,2025-02-26,7.3,0.25
A00433,2025-03-31,7.9,0.31
A00433,2025-04-27,6.0,0.64
A00433,2025-05-24,7.7,0.5
A00433,2025-06-22,7.0,0.81
A00434,2025-01-24,6.6,0.45
A00434,2025-02-23,5.5,0.34
A00434,2025-03-29,7.1,0.53
A00434,2025-04-29,4.1,0.44
A00434,2025-05-30,8.3,0.52
A00434,2025-06-27,6.7,0.19
A00435,2025-01-27,7.6,0.26
A00435,2025-02-21,6.5,0.39
A00435,2025-03-27,8.2,0.51
A00435,2025-04-26,7.5,0.33
A00435,2025-05-22,6.9,0.5
A00435,2025-06-27,6.0,0.15
A00436,2025-01-23,7.1,-0.41
A00436,2025-02-20,7.6,0.43
A00436,2025-03-22,7.1,0.92
A00436,2025-04-28,7.0,-0.28
A00436,2025-05-28,8.1,0.21
A00436,2025-06-29,6.5,0.7
A00437,2025-01-22,8.2,0.32
A00437,2025-02-22,8.3,0.32
A00437,2025-03-30,7.5,0.77
A00437,2025-04-22,8.7,0.13
A00437,2025-05-30,6.0,0.85
A00437,2025-06-26,8.0,0.65
A00438,2025-01-26,8.1,0.66
A00438,2025-02-23,8.2,0.32
A00438,2025-03-24,9.1,0.65
A00438,2025-04-26,7.6,1.15
A00438,2025-05-25,6.3,0.77
A00438,2025-06-22,9.0,0.52
A00439,2025-01-24,9.2,0.68
A00439,2025-02-21,9.2,0.66
A00439,2025-03-22,8.7,0.8
A00439,2025-04-27,7.0,1.35
A00439,2025-05-23,7.2,1.06
A00439,2025-06-25,6.6,0.56
A00440,2025-01-25,7.6,0.22
A00440,2025-02-22,9.6,0.25
A00440,2025-03-22,6.2,0.47
A00440,2025-04-25,8.9,0.57
A00440,2025-05-29,7.4,0.72
A00440,2025-06-26,7.8,0.23
A00441,2025-01-30,6.3,0.57
A00441,2025-02-25,7.0,0.52
A00441,2025-03-23,7.7,1.05
A00441,2025-04-28,7.9,0.32
A00441,2025-05-25,7.1,0.31
A00441,2025-06-28,5.9,1.05
A00442,2025-01-24,7.7,0.74
A00442,2025-02-23,9.6,0.55
A00442,2025-03-27,7.6,0.32
A00442,2025-04-27,8.3,0.29
A00442,2025-05-26,8.6,0.88
A00442,2025-06-23,9.0,0.35
A00443,2025-01-24,7.9,0.21
A00443,2025-02-24,7.8,0.38
A00443,2025-03-27,8.0,0.18
A00443,2025-04-28,6.4,0.82
A00443,2025-05-27,7.5,0.01
A00443,2025-06-27,6.9,0.11
A00444,2025-01-27,6.6,0.16
A00444,2025-02-23,7.4,0.21
A00444,2025-03-24,6.5,0.87
A00444,2025-04-21,7.6,0.62
A00444,2025-05-22,7.3,0.54
A00444,2025-06-30,8.9,0.81
A00445,2025-01-30,6.9,0.77
A00445,2025-02-22,7.3,0.43
A00445,2025-03-30,8.0,0.85
A00445,2025-04-30,6.8,0.73
A00445,2025-05-31,10.0,0.52
A00445,2025-06-28,8.9,1.08
A00446,2025-01-24,7.8,0.71
A00446,2025-02-25,6.9,0.43
A00446,2025-03-31,8.6,1.04
A00446,2025-04-23,7.6,0.27
A00446,2025-05-29,8.3,0.79
A00446,2025-06-25,6.1,0.07
A00447,2025-01-31,8.1,0.52
A00447,2025-02-20,6.9,0.18
A00447,2025-03-27,8.1,0.32
A00447,2025-04-21,7.5,0.26
A00447,2025-05-24,7.8,1.12
A00447,2025-06-21,7.9,0.69
A00448,2025-01-30,6.8,0.58
A00448,2025-02-25,7.2,0.56
A00448,2025-03-29,6.9,0.4
A00448,2025-04-22,7.6,0.51
A00448,2025-05-25,8.1,0.81
A00448,2025-06-24,6.4,0.1
A00449,2025-01-29,7.7,0.67
A00449,2025-02-27,9.4,0.65
A00449,2025-03-30,10.0,0.99
A00449,2025-04-23,9.4,0.95
A00449,2025-05-29,8.6,0.35
A00449,2025-06-24,9.5,0.94
A00450,2025-01-28,7.0,0.44
A00450,2025-02-19,6.8,0.73
A00450,2025-03-24,7.9,0.38
A00450,2025-04-26,6.5,0.82
A00450,2025-05-23,5.8,0.39
A00450,2025-06-26,7.0,0.51
A00451,2025-01-23,8.8,0.78
A00451,2025-02-24,7.4,0.61
A00451,2025-03-30,9.5,0.29
A00451,2025-04-28,7.4,1.15
A00451,2025-05-23,7.9,0.53
A00451,2025-06-28,8.8,0.9
A00452,2025-01-24,9.3,0.42
A00452,2025-02-20,7.5,0.92
A00452,2025-03-26,9.1,0.7
A00452,2025-04-23,6.7,0.91
A00452,2025-05-29,6.2,0.47
A00452,2025-06-23,6.7,0.39
A00453,2025-01-31,6.0,-0.12
A00453,2025-02-23,7.7,0.56
A00453,2025-03-24,7.1,0.11
A00453,2025-04-26,7.3,0.19
A00453,2025-05-29,4.9,0.67
A00453,2025-06-27,6.1,0.56
A00454,2025-01-29,6.2,0.73
A00454,2025-02-24,7.8,0.76
A00454,2025-03-24,5.9,0.51
A00454,2025-04-24,5.3,0.2
A00454,2025-05-31,8.4,0.19
A00454,2025-06-23,7.1,-0.01
A00455,2025-01-29,7.8,0.29
A00455,2025-02-20,8.1,0.84
A00455,2025-03-27,8.2,0.41
A00455,2025-04-30,5.7,0.52
A00455,2025-05-25,5.8,0.48
A00455,2025-06-28,7.4,1.01
A00456,2025-01-31,5.5,0.21
A00456,2025-02-28,7.8,0.92
A00456,2025-03-30,7.2,0.22
A00456,2025-04-28,6.2,0.5
A00456,2025-05-23,5.2,-0.03
A00456,2025-06-29,6.5,0.36
A00457,2025-01-30,8.1,0.64
A00457,2025-02-27,8.2,0.82
A00457,2025-03-29,7.9,0.62
A00457,2025-04-21,8.5,0.56
A00457,2025-05-26,7.7,0.55
A00457,2025-06-28,7.9,0.99
A00458,2025-01-27,8.5,0.1
A00458,2025-02-23,7.4,0.5
A00458,2025-03-27,9.3,0.96
A00458,2025-04-23,6.3,0.59
A00458,2025-05-28,8.5,0.62
A00458,2025-06-26,7.8,-0.23
A00459,2025-01-26,6.0,0.48
A00459,2025-02-26,9.0,0.73
A00459,2025-03-22,7.9,0.94
A00459,2025-04-26,7.5,0.68
A00459,2025-05-27,7.9,0.44
A00459,2025-06-21,10.0,1.01
A00460,2025-01-29,7.7,0.75
A00460,2025-02-23,10.0,0.71
A00460,2025-03-30,7.2,0.76
A00460,2025-04-21,9.6,0.92
A00460,2025-05-22,7.9,0.47
A00460,2025-06-30,9.1,0.41
A00461,2025-01-30,8.4,1.06
A00461,2025-02-22,6.9,0.19
A00461,2025-03-24,7.6,0.19
A00461,2025-04-29,8.2,1.0
A00461,2025-05-26,7.3,0.1
A00461,2025-06-22,6.7,0.19
A00462,2025-01-29,7.3,0.17
A00462,2025-02-22,5.4,0.13
A00462,2025-03-26,7.8,0.1
A00462,2025-04-23,7.6,0.42
A00462,2025-05-23,6.8,0.82
A00462,2025-06-23,6.2,0.47
A00463,2025-01-29,5.6,0.69
A00463,2025-02-22,8.2,0.41
A00463,2025-03-31,6.4,0.61
A00463,2025-04-28,6.9,0.16
A00463,2025-05-30,6.9,0.53
A00463,2025-06-27,4.5,0.26
A00464,2025-01-25,7.7,0.17
A00464,2025-02-28,8.8,0.73
A00464,2025-03-23,6.4,0.76
A00464,2025-04-26,7.4,-0.33
A00464,2025-05-25,7.4,1.09
A00464,2025-06-27,8.5,0.08
A00465,2025-01-23,8.0,-0.04
A00465,2025-02-20,7.3,0.05
A00465,2025-03-24,4.7,0.22
A00465,2025-04-22,6.2,0.19
A00465,2025-05-27,7.4,0.05
A00465,2025-06-24,5.6,0.55
A00466,2025-01-24,6.3,0.66
A00466,2025-02-21,6.3,0.14
A00466,2025-03-23,5.9,0.67
A00466,2025-04-24,6.9,0.26
A00466,2025-05-31,7.4,0.2
A00466,2025-06-25,6.7,0.07
A00467,2025-01-24,8.5,0.22
A00467,2025-02-22,7.5,0.42
A00467,2025-03-24,9.9,0.47
A00467,2025-04-30,7.9,0.39
A00467,2025-05-26,7.4,0.38
A00467,2025-06-30,7.6,0.63
A00468,2025-01-31,8.0,0.87
A00468,2025-02-25,6.8,0.66
A00468,2025-03-25,9.2,0.66
A00468,2025-04-26,8.7,0.98
A00468,2025-05-27,7.7,0.44
A00468,2025-06-21,7.9,0.36
A00469,2025-01-25,8.4,0.45
A00469,2025-02-28,8.0,0.34
A00469,2025-03-28,6.3,0.5
A00469,2025-04-28,8.8,0.48
A00469,2025-05-29,9.0,0.35
A00469,2025-06-28,7.6,0.47
A00470,2025-01-23,8.1,-0.05
A00470,2025-02-26,6.3,0.36
A00470,2025-03-30,5.9,0.59
A00470,2025-04-28,7.4,-0.01
A00470,2025-05-30,6.7,0.74
A00470,2025-06-25,8.3,0.63
A00471,2025-01-25,7.6,0.56
A00471,2025-02-23,6.2,0.42
A00471,2025-03-24,6.3,0.57
A00471,2025-04-21,7.4,0.21
A00471,2025-05-23,6.8,0.84
A00471,2025-06-24,9.7,0.5
A00472,2025-01-27,6.9,-0.29
A00472,2025-02-19,6.5,0.34
A00472,2025-03-22,6.9,-0.3
A00472,2025-04-26,7.2,0.39
A00472,2025-05-27,6.8,0.7
A00472,2025-06-23,6.9,0.41
A00473,2025-01-24,6.5,0.6
A00473,2025-02-24,7.2,0.59
A00473,2025-03-23,7.8,0.53
A00473,2025-04-21,7.8,0.61
A00473,2025-05-27,8.3,0.49
A00473,2025-06-29,8.7,0.52
A00474,2025-01-27,8.3,0.46
A00474,2025-02-19,7.2,0.96
A00474,2025-03-22,7.9,0.83
A00474,2025-04-28,7.0,0.74
A00474,2025-05-23,8.9,0.35
A00474,2025-06-24,6.9,0.6
A00475,2025-01-23,9.5,0.56
A00475,2025-02-19,10.0,0.35
A00475,2025-03-27,8.0,0.47
A00475,2025-04-24,8.7,0.69
A00475,2025-05-27,7.5,0.18
A00475,2025-06-30,8.9,0.45
A00476,2025-01-23,8.6,0.65
A00476,2025-02-26,7.8,0.44
A00476,2025-03-29,8.8,0.95
A00476,2025-04-27,6.9,0.41
A00476,2025-05-27,8.4,1.11
A00476,2025-06-24,8.1,0.48
A00477,2025-01-25,5.7,-0.23
A00477,2025-02-28,5.8,0.28
A00477,2025-03-26,8.1,0.8
A00477,2025-04-28,7.9,0.01
A00477,2025-05-29,8.4,-0.01
A00477,2025-06-25,7.0,0.41
A00478,2025-01-23,3.8,0.51
A00478,2025-02-26,5.4,0.59
A00478,2025-03-29,6.8,-0.26
A00478,2025-04-29,5.6,0.47
A00478,2025-05-30,7.2,0.42
A00478,2025-06-26,6.5,-0.32
A00479,2025-01-23,8.2,0.64
A00479,2025-02-26,6.6,0.56
A00479,2025-03-30,7.6,0.85
A00479,2025-04-24,7.7,0.33
A00479,2025-05-31,7.5,0.79
A00479,2025-06-23,6.3,0.14
A00480,2025-01-26,6.1,0.45
A00480,2025-02-27,8.1,0.9
A00480,2025-03-22,8.7,0.64
A00480,2025-04-22,7.7,0.28
A00480,2025-05-26,7.3,0.48
A00480,2025-06-29,7.3,0.83
A00481,2025-01-29,8.9,0.18
A00481,2025-02-27,8.0,0.11
A00481,2025-03-31,7.0,0.38
A00481,2025-04-21,8.3,0.48
A00481,2025-05-24,8.5,0.42
A00481,2025-06-22,8.2,0.09
A00482,2025-01-28,8.3,0.82
A00482,2025-02-22,9.1,0.44
A00482,2025-03-27,9.7,0.9
A00482,2025-04-30,8.8,0.95
A00482,2025-05-22,6.7,1.16
A00482,2025-06-25,9.1,0.77
A00483,2025-01-29,7.6,0.65
A00483,2025-02-27,7.9,0.42
A00483,2025-03-24,7.9,0.36
A00483,2025-04-27,8.7,0.36
A00483,2025-05-29,7.2,0.12
A00483,2025-06-24,7.5,0.41
A00484,2025-01-26,8.3,0.21
A00484,2025-02-25,7.9,0.27
A00484,2025-03-29,9.4,0.78
A00484,2025-04-23,9.0,0.7
A00484,2025-05-30,7.8,0.57
A00484,2025-06-30,9.1,0.42
A00485,2025-01-30,7.7,0.47
A00485,2025-02-28,9.3,0.8
A00485,2025-03-23,7.4,0.66
A00485,2025-04-28,8.0,0.31
A00485,2025-05-24,8.7,0.1
A00485,2025-06-29,8.1,1.12
A00486,2025-01-30,9.1,0.61
A00486,2025-02-27,8.1,0.45
A00486,2025-03-23,6.7,0.81
A00486,2025-04-29,7.3,0.37
A00486,2025-05-24,9.5,0.57
A00486,2025-06-23,6.0,0.48
A00487,2025-01-28,7.2,1.04
A00487,2025-02-27,7.2,0.47
A00487,2025-03-23,7.3,0.5
A00487,2025-04-24,7.3,0.31
A00487,2025-05-27,8.3,0.28
A00487,2025-06-30,7.1,0.3
A00488,2025-01-26,7.4,0.57
A00488,2025-02-28,7.0,0.85
A00488,2025-03-30,5.8,0.52
A00488,2025-04-24,5.8,0.52
A00488,2025-05-24,7.8,0.25
A00488,2025-06-22,8.6,0.27
A00489,2025-01-31,7.2,0.7
A00489,2025-02-26,7.8,0.11
A00489,2025-03-27,8.8,0.97
A00489,2025-04-28,7.7,0.93
A00489,2025-05-29,10.0,0.41
A00489,2025-06-26,8.2,0.26
A00490,2025-01-23,8.2,1.36
A00490,2025-02-26,6.9,-0.14
A00490,2025-03-29,7.6,0.91
A00490,2025-04-30,6.4,1.12
A00490,2025-05-29,7.4,0.54
A00490,2025-06-29,6.4,0.41
A00491,2025-01-24,8.8,0.49
A00491,2025-02-25,5.5,0.52
A00491,2025-03-31,8.5,1.15
A00491,2025-04-24,8.3,0.56
A00491,2025-05-31,9.8,0.35
A00491,2025-06-23,7.7,0.85
A00492,2025-01-28,6.8,0.65
A00492,2025-02-28,9.7,0.56
A00492,2025-03-23,7.9,0.52
A00492,2025-04-22,10.0,0.84
A00492,2025-05-27,9.2,0.44
A00492,2025-06-23,8.1,0.87
A00493,2025-01-28,7.6,0.45
A00493,2025-02-20,6.8,0.44
A00493,2025-03-22,5.8,0.39
A00493,2025-04-22,7.9,1.09
A00493,2025-05-27,7.5,0.68
A00493,2025-06-24,8.2,0.36
A00494,2025-01-22,6.7,0.05
A00494,2025-02-27,7.8,0.44
A00494,2025-03-24,7.5,0.21
A00494,2025-04-22,8.5,0.65
A00494,2025-05-28,6.1,0.24
A00494,2025-06-28,6.7,0.44
A00495,2025-01-26,6.8,0.65
A00495,2025-02-23,7.1,0.36
A00495,2025-03-28,8.6,-0.11
A00495,2025-04-30,6.6,0.46
A00495,2025-05-26,7.1,0.51
A00495,2025-06-24,7.7,0.78
A00496,2025-01-31,8.4,1.05
A00496,2025-02-20,9.3,0.61
A00496,2025-03-27,8.2,0.26
A00496,2025-04-21,9.0,1.27
A00496,2025-05-30,9.3,0.4
A00496,2025-06-23,8.6,0.64
A00497,2025-01-25,7.1,0.12
A00497,2025-02-28,8.2,0.32
A00497,2025-03-26,7.5,0.67
A00497,2025-04-25,8.3,0.25
A00497,2025-05-31,8.3,0.15
A00497,2025-06-23,7.4,0.48
A00498,2025-01-26,9.3,0.55
A00498,2025-02-22,9.5,0.33
A00498,2025-03-25,7.7,0.77
A00498,2025-04-22,7.7,0.67
A00498,2025-05-22,7.3,1.48
A00498,2025-06-24,8.1,0.45
A00499,2025-01-27,6.7,0.57
A00499,2025-02-24,7.1,0.17
A00499,2025-03-29,7.7,0.16
A00499,2025-04-23,9.7,0.55
A00499,2025-05-27,9.1,0.08
A00499,2025-06-21,8.4,0.86
A00500,2025-01-29,9.4,0.54
A00500,2025-02-28,10.0,0.53
A00500,2025-03-23,8.8,0.8
A00500,2025-04-28,7.1,1.13
A00500,2025-05-24,10.0,0.79
A00500,2025-06-26,8.8,0.53
A00501,2025-01-30,6.8,0.95
A00501,2025-02-21,8.8,1.19
A00501,2025-03-23,10.0,0.39
A00501,2025-04-27,8.8,0.91
A00501,2025-05-30,8.1,0.29
A00501,2025-06-21,8.5,0.54
A00502,2025-01-27,8.7,0.69
A00502,2025-02-25,9.7,0.88
A00502,2025-03-30,9.2,0.79
A00502,2025-04-28,8.6,0.65
A00502,2025-05-22,7.1,0.89
A00502,2025-06-26,7.7,0.44
A00503,2025-01-23,6.3,0.18
A00503,2025-02-20,7.4,0.27
A00503,2025-03-23,7.3,0.41
A00503,2025-04-21,7.6,0.49
A00503,2025-05-30,7.2,0.01
A00503,2025-06-25,5.5,0.18
A00504,2025-01-23,7.6,-0.32
A00504,2025-02-19,7.1,0.05
A00504,2025-03-24,7.1,0.44
A00504,2025-04-26,6.5,0.68
A00504,2025-05-22,7.2,0.34
A00504,2025-06-29,9.2,-0.07
A00505,2025-01-31,8.0,0.6
A00505,2025-02-26,9.6,0.95
A00505,2025-03-29,8.9,0.15
A00505,2025-04-21,7.3,0.84
A00505,2025-05-29,8.4,0.56
A00505,2025-06-21,7.1,1.0
A00506,2025-01-24,7.5,1.03
A00506,2025-02-20,6.2,0.27
A00506,2025-03-28,7.4,0.48
A00506,2025-04-25,8.5,1.21
A00506,2025-05-31,7.7,0.98
A00506,2025-06-24,7.9,0.56
A00507,2025-01-26,7.1,0.63
A00507,2025-02-22,4.6,0.51
A00507,2025-03-28,6.5,0.63
A00507,2025-04-24,7.5,0.18
A00507,2025-05-23,7.3,0.3
A00507,2025-06-24,5.8,0.39
A00508,2025-01-29,7.5,0.71
A00508,2025-02-25,10.0,-0.11
A00508,2025-03-24,6.9,0.36
A00508,2025-04-25,7.4,0.32
A00508,2025-05-30,6.5,0.79
A00508,2025-06-26,8.8,0.07
A00509,2025-01-22,7.8,1.0
A00509,2025-02-21,7.6,0.73
A00509,2025-03-24,7.5,0.36
A00509,2025-04-26,7.6,0.64
A00509,2025-05-27,8.7,0.3
A00509,2025-06-25,9.8,0.59
A00510,2025-01-28,8.2,0.68
A00510,2025-02-21,8.8,0.27
A00510,2025-03-23,4.9,0.58
A00510,2025-04-25,7.9,0.25
A00510,2025-05-24,5.7,0.16
A00510,2025-06-22,7.4,0.11
A00511,2025-01-24,8.8,0.62
A00511,2025-02-27,8.4,0.77
A00511,2025-03-25,8.7,0.76
A00511,2025-04-26,7.6,0.79
A00511,2025-05-31,8.7,1.01
A00511,2025-06-27,8.2,1.21
A00512,2025-01-28,5.5,0.38
A00512,2025-02-23,5.5,0.44
A00512,2025-03-28,7.3,0.24
A00512,2025-04-27,8.3,0.78
A00512,2025-05-24,5.5,0.06
A00512,2025-06-26,6.7,0.49
A00513,2025-01-25,7.6,0.72
A00513,2025-02-21,9.2,1.11
A00513,2025-03-24,6.0,-0.35
A00513,2025-04-23,8.4,0.87
A00513,2025-05-29,8.7,0.87
A00513,2025-06-22,7.8,0.67
A00514,2025-01-22,9.2,0.61
A00514,2025-02-24,7.4,0.23
A00514,2025-03-25,7.2,0.69
A00514,2025-04-30,9.3,0.79
A00514,2025-05-24,8.0,0.86
A00514,2025-06-22,7.5,0.94
A00515,2025-01-25,6.2,0.6
A00515,2025-02-27,3.7,0.36
A00515,2025-03-25,6.0,0.2
A00515,2025-04-30,7.3,0.25
A00515,2025-05-23,5.4,0.4
A00515,2025-06-22,5.7,0.79
A00516,2025-01-25,6.5,0.71
A00516,2025-02-19,8.8,0.46
A00516,2025-03-29,7.9,0.51
A00516,2025-04-27,8.8,0.59
A00516,2025-05-23,8.2,0.61
A00516,2025-06-28,7.6,0.42
A00517,2025-01-26,7.1,0.46
A00517,2025-02-28,5.0,0.51
A00517,2025-03-28,7.4,-0.04
A00517,2025-04-21,6.6,0.46
A00517,2025-05-22,7.4,0.32
A00517,2025-06-30,5.3,-0.46
A00518,2025-01-28,6.4,0.79
A00518,2025-02-25,8.5,0.75
A00518,2025-03-26,5.7,0.32
A00518,2025-04-25,9.0,0.17
A00518,2025-05-27,7.3,0.36
A00518,2025-06-26,7.1,0.74
A00519,2025-01-24,8.2,-0.03
A00519,2025-02-20,7.7,0.78
A00519,2025-03-28,8.4,0.54
A00519,2025-04-24,8.5,1.13
A00519,2025-05-29,5.7,0.7
A00519,2025-06-23,9.1,0.65
A00520,2025-01-28,9.5,0.61
A00520,2025-02-22,7.0,0.64
A00520,2025-03-30,8.3,0.46
A00520,2025-04-22,8.8,0.84
A00520,2025-05-25,7.9,0.4
A00520,2025-06-25,8.4,1.15
A00521,2025-01-22,8.3,0.18
A00521,2025-02-26,8.3,0.58
A00521,2025-03-23,9.2,0.93
A00521,2025-04-22,8.3,0.59
A00521,2025-05-30,8.6,0.86
A00521,2025-06-27,8.8,0.71
A00522,2025-01-24,8.5,0.53
A00522,2025-02-28,7.5,0.29
A00522,2025-03-26,8.9,1.01
A00522,2025-04-26,8.2,0.7
A00522,2025-05-29,7.8,0.52
A00522,2025-06-25,7.1,0.77
A00523,2025-01-24,6.9,0.81
A00523,2025-02-19,7.7,0.73
A00523,2025-03-23,6.5,0.3
A00523,2025-04-21,7.9,0.65
A00523,2025-05-25,7.9,0.92
A00523,2025-06-23,7.1,0.46
A00524,2025-01-31,8.6,0.38
A00524,2025-02-20,6.9,0.41
A00524,2025-03-25,8.7,0.62
A00524,2025-04-29,9.4,0.33
A00524,2025-05-27,8.9,0.11
A00524,2025-06-23,6.0,0.36
A00525,2025-01-22,8.3,0.71
A00525,2025-02-19,7.8,0.76
A00525,2025-03-27,6.7,-0.06
A00525,2025-04-28,9.4,-0.1
A00525,2025-05-25,7.5,0.55
A00525,2025-06-29,8.0,1.03
A00526,2025-01-28,9.4,0.49
A00526,2025-02-28,7.9,0.26
A00526,2025-03-26,8.5,0.01
A00526,2025-04-21,8.4,0.23
A00526,2025-05-25,9.1,0.31
A00526,2025-06-21,7.3,0.84
A00527,2025-01-28,6.0,0.43
A00527,2025-02-28,7.3,0.53
A00527,2025-03-29,7.0,1.44
A00527,2025-04-28,7.3,0.65
A00527,2025-05-29,7.0,0.54
A00527,2025-06-24,6.4,0.41
A00528,2025-01-28,5.2,0.11
A00528,2025-02-21,6.6,0.5
A00528,2025-03-26,6.5,0.26
A00528,2025-04-26,7.9,0.83
A00528,2025-05-27,6.8,0.24
A00528,2025-06-25,6.6,-0.02
A00529,2025-01-29,6.7,0.51
A00529,2025-02-25,7.8,0.84
A00529,2025-03-26,6.7,0.46
A00529,2025-04-23,8.3,0.46
A00529,2025-05-27,8.1,0.25
A00529,2025-06-21,5.7,0.17
A00530,2025-01-24,7.7,0.35
A00530,2025-02-28,9.9,0.15
A00530,2025-03-26,7.2,0.09
A00530,2025-04-24,7.1,0.02
A00530,2025-05-26,7.7,0.56
A00530,2025-06-21,8.8,0.49
A00531,2025-01-31,7.5,0.81
A00531,2025-02-21,7.1,0.62
A00531,2025-03-29,7.0,0.59
A00531,2025-04-22,8.9,0.41
A00531,2025-05-24,7.7,0.43
A00531,2025-06-26,7.0,0.6
A00532,2025-01-29,6.3,0.03
A00532,2025-02-28,4.5,0.23
A00532,2025-03-29,8.1,0.34
A00532,2025-04-23,7.7,0.14
A00532,2025-05-31,3.5,0.23
A00532,2025-06-30,7.7,-0.31
A00533,2025-01-23,7.9,0.08
A00533,2025-02-25,7.7,0.22
A00533,2025-03-22,6.0,0.72
A00533,2025-04-29,5.0,0.71
A00533,2025-05-28,7.6,-0.04
A00533,2025-06-27,6.7,0.66
A00534,2025-01-25,6.4,0.86
A00534,2025-02-25,7.2,0.68
A00534,2025-03-29,6.9,0.18
A00534,2025-04-25,6.6,1.13
A00534,2025-05-22,7.1,0.33
A00534,2025-06-23,5.8,0.09
A00535,2025-01-28,6.6,0.21
A00535,2025-02-24,4.4,0.29
A00535,2025-03-26,7.4,0.21
A00535,2025-04-22,7.0,0.16
A00535,2025-05-28,7.7,0.44
A00535,2025-06-24,6.1,0.57
A00536,2025-01-25,7.9,0.65
A00536,2025-02-19,7.3,-0.01
A00536,2025-03-23,6.9,0.07
A00536,2025-04-30,5.6,0.41
A00536,2025-05-30,5.7,0.75
A00536,2025-06-22,8.5,0.71
A00537,2025-01-27,6.7,0.54
A00537,2025-02-24,8.0,0.7
A00537,2025-03-27,6.3,0.41
A00537,2025-04-22,8.1,0.47
A00537,2025-05-28,8.4,1.12
A00537,2025-06-26,8.5,0.95
A00538,2025-01-23,10.0,1.08
A00538,2025-02-23,8.2,0.57
A00538,2025-03-24,6.9,0.42
A00538,2025-04-25,9.0,1.06
A00538,2025-05-23,7.5,1.06
A00538,2025-06-25,9.5,0.78
A00539,2025-01-25,10.0,0.57
A00539,2025-02-22,7.8,0.46
A00539,2025-03-23,9.0,0.18
A00539,2025-04-21,6.6,0.75
A00539,2025-05-28,9.2,0.21
A00539,2025-06-25,7.7,0.56
A00540,2025-01-30,8.1,0.39
A00540,2025-02-20,8.6,0.64
A00540,2025-03-29,6.9,0.92
A00540,2025-04-26,7.9,0.64
A00540,2025-05-27,7.2,0.83
A00540,2025-06-26,8.9,0.43
A00541,2025-01-22,6.4,0.36
A00541,2025-02-20,7.8,0.06
A00541,2025-03-25,7.5,0.59
A00541,2025-04-25,6.0,0.28
A00541,2025-05-31,6.4,-0.03
A00541,2025-06-27,8.4,0.35
A00542,2025-01-27,8.1,1.0
A00542,2025-02-25,9.0,0.72
A00542,2025-03-26,9.8,0.62
A00542,2025-04-26,6.1,0.89
A00542,2025-05-25,7.4,0.37
A00542,2025-06-24,5.6,0.51
A00543,2025-01-24,7.8,0.4
A00543,2025-02-25,7.2,0.45
A00543,2025-03-24,8.3,0.81
A00543,2025-04-29,8.7,0.77
A00543,2025-05-24,7.5,0.73
A00543,2025-06-24,8.1,0.1
A00544,2025-01-24,7.6,0.52
A00544,2025-02-26,6.5,0.35
A00544,2025-03-25,7.2,0.73
A00544,2025-04-23,8.8,0.55
A00544,2025-05-28,6.2,0.41
A00544,2025-06-29,8.4,0.86
A00545,2025-01-31,6.7,0.38
A00545,2025-02-19,8.3,-0.24
A00545,2025-03-27,8.8,0.57
A00545,2025-04-22,7.2,0.53
A00545,2025-05-28,7.7,0.75
A00545,2025-06-26,8.4,1.28
A00546,2025-01-29,8.5,0.84
A00546,2025-02-28,7.1,1.16
A00546,2025-03-23,7.2,0.7
A00546,2025-04-22,6.8,0.51
A00546,2025-05-30,6.4,0.68
A00546,2025-06-27,6.9,0.66
A00547,2025-01-27,6.9,0.37
A00547,2025-02-21,8.1,-0.21
A00547,2025-03-25,7.5,0.92
A00547,2025-04-22,6.3,0.39
A00547,2025-05-27,6.7,0.71
A00547,2025-06-28,7.8,0.79
A00548,2025-01-23,7.4,0.07
A00548,2025-02-24,7.4,0.68
A00548,2025-03-29,8.2,0.75
A00548,2025-04-30,7.0,-0.01
A00548,2025-05-31,8.7,0.86
A00548,2025-06-22,6.4,0.38
A00549,2025-01-31,7.2,0.71
A00549,2025-02-22,8.4,0.69
A00549,2025-03-25,7.5,0.64
A00549,2025-04-25,6.3,0.38
A00549,2025-05-31,7.8,0.62
A00549,2025-06-28,5.9,0.12
A00550,2025-01-27,7.6,0.09
A00550,2025-02-27,6.2,-0.15
A00550,2025-03-31,6.8,0.93
A00550,2025-04-29,4.0,-0.04
A00550,2025-05-31,8.6,-0.02
A00550,2025-06-27,4.8,0.34
A00551,2025-01-30,7.6,0.98
A00551,2025-02-28,6.8,0.39
A00551,2025-03-28,7.9,0.43
A00551,2025-04-27,6.4,0.78
A00551,2025-05-31,6.9,0.38
A00551,2025-06-26,5.9,0.8
A00552,2025-01-27,6.7,1.0
A00552,2025-02-24,8.0,0.34
A00552,2025-03-30,7.9,0.58
A00552,2025-04-29,8.1,0.58
A00552,2025-05-28,8.2,0.67
A00552,2025-06-23,6.7,0.55
A00553,2025-01-27,8.3,0.58
A00553,2025-02-25,7.7,0.79
A00553,2025-03-26,5.9,0.37
A00553,2025-04-22,7.7,0.17
A00553,2025-05-27,8.2,0.4
A00553,2025-06-26,8.2,0.51
A00554,2025-01-24,6.4,-0.17
A00554,2025-02-21,6.5,0.5
A00554,2025-03-27,6.3,0.22
A00554,2025-04-21,7.4,0.1
A00554,2025-05-24,8.1,0.11
A00554,2025-06-28,5.3,0.43
A00555,2025-01-28,9.2,0.49
A00555,2025-02-27,7.7,0.76
A00555,2025-03-25,8.5,0.71
A00555,2025-04-24,8.1,1.21
A00555,2025-05-27,7.1,0.27
A00555,2025-06-30,8.7,0.74
A00556,2025-01-25,6.5,0.68
A00556,2025-02-27,7.3,0.34
A00556,2025-03-29,7.6,0.38
A00556,2025-04-23,7.9,0.52
A00556,2025-05-24,7.8,0.49
A00556,2025-06-27,9.3,0.73
A00557,2025-01-29,7.9,0.31
A00557,2025-02-28,7.0,0.43
A00557,2025-03-27,5.4,0.37
A00557,2025-04-27,7.3,0.03
A00557,2025-05-24,6.5,0.51
A00557,2025-06-30,7.8,0.78
A00558,2025-01-28,7.2,0.53
A00558,2025-02-27,7.2,0.64
A00558,2025-03-29,7.5,0.71
A00558,2025-04-29,6.9,0.85
A00558,2025-05-26,7.9,0.29
A00558,2025-06-30,8.9,0.48
A00559,2025-01-23,7.6,0.68
A00559,2025-02-26,7.6,0.11
A00559,2025-03-22,8.7,0.59
A00559,2025-04-27,6.0,0.6
A00559,2025-05-22,8.4,0.82
A00559,2025-06-25,7.0,0.49
A00560,2025-01-30,6.8,0.24
A00560,2025-02-25,6.7,0.27
A00560,2025-03-25,8.7,0.29
A00560,2025-04-29,7.6,0.22
A00560,2025-05-29,7.1,0.44
A00560,2025-06-26,8.7,0.56
A00561,2025-01-31,5.9,0.6
A00561,2025-02-23,8.5,1.3
A00561,2025-03-30,8.4,0.54
A00561,2025-04-28,8.3,0.62
A00561,2025-05-26,7.7,0.44
A00561,2025-06-26,7.8,0.78
A00562,2025-01-28,6.3,0.4
A00562,2025-02-20,6.0,-0.02
A00562,2025-03-22,6.5,0.47
A00562,2025-04-26,9.6,0.47
A00562,2025-05-28,6.9,0.29
A00562,2025-06-22,8.0,0.17
A00563,2025-01-22,7.7,0.37
A00563,2025-02-19,8.7,0.48
A00563,2025-03-29,7.6,0.52
A00563,2025-04-26,8.4,0.62
A00563,2025-05-25,7.1,0.38
A00563,2025-06-29,6.4,0.32
A00564,2025-01-30,8.9,0.61
A00564,2025-02-23,9.1,0.4
A00564,2025-03-29,9.5,0.86
A00564,2025-04-22,8.6,0.14
A00564,2025-05-29,7.5,0.6
A00564,2025-06-21,7.7,0.59
A00565,2025-01-27,8.9,0.28
A00565,2025-02-23,6.5,0.51
A00565,2025-03-24,7.4,0.79
A00565,2025-04-29,6.3,0.73
A00565,2025-05-25,6.1,0.09
A00565,2025-06-30,7.3,0.46
A00566,2025-01-23,8.8,0.52
A00566,2025-02-24,10.0,0.48
A00566,2025-03-26,6.5,1.1
A00566,2025-04-29,9.8,0.62
A00566,2025-05-22,7.1,0.54
A00566,2025-06-24,8.4,0.63
A00567,2025-01-31,6.8,0.21
A00567,2025-02-21,5.6,0.01
A00567,2025-03-25,7.4,0.92
A00567,2025-04-26,10.0,0.19
A00567,2025-05-22,6.2,0.02
A00567,2025-06-22,4.3,0.51
A00568,2025-01-27,7.4,0.45
A00568,2025-02-23,6.8,-0.29
A00568,2025-03-30,6.1,0.18
A00568,2025-04-21,6.8,0.57
A00568,2025-05-23,6.7,0.45
A00568,2025-06-28,7.3,0.83
A00569,2025-01-23,5.3,0.59
A00569,2025-02-23,5.4,0.58
A00569,2025-03-30,6.7,0.1
A00569,2025-04-27,7.1,0.17
A00569,2025-05-26,6.8,0.65
A00569,2025-06-25,6.8,0.97
A00570,2025-01-28,7.1,-0.06
A00570,2025-02-24,6.6,0.15
A00570,2025-03-26,7.1,0.36
A00570,2025-04-27,6.0,0.56
A00570,2025-05-24,8.2,-0.69
A00570,2025-06-24,7.4,0.48
A00571,2025-01-27,8.2,0.64
A00571,2025-02-21,6.6,0.06
A00571,2025-03-30,8.0,0.03
A00571,2025-04-30,7.1,0.15
A00571,2025-05-24,7.9,0.36
A00571,2025-06-21,6.8,0.59
A00572,2025-01-22,6.8,-0.15
A00572,2025-02-21,6.3,0.8
A00572,2025-03-26,6.9,0.51
A00572,2025-04-26,7.0,0.28
A00572,2025-05-27,5.6,0.44
A00572,2025-06-23,7.5,0.34
A00573,2025-01-22,7.4,0.44
A00573,2025-02-20,7.1,1.15
A00573,2025-03-30,8.3,0.41
A00573,2025-04-27,9.2,0.9
A00573,2025-05-23,8.4,0.77
A00573,2025-06-23,8.7,0.93
A00574,2025-01-30,8.5,0.25
A00574,2025-02-25,7.6,0.28
A00574,2025-03-25,7.9,0.75
A00574,2025-04-28,8.9,0.59
A00574,2025-05-26,6.9,0.28
A00574,2025-06-22,8.5,-0.11
A00575,2025-01-26,7.0,0.71
A00575,2025-02-21,6.7,0.26
A00575,2025-03-30,7.5,0.83
A00575,2025-04-23,6.8,0.26
A00575,2025-05-26,7.6,0.86
A00575,2025-06-25,5.3,0.56
A00576,2025-01-25,6.7,0.73
A00576,2025-02-25,7.6,0.65
A00576,2025-03-24,6.9,0.53
A00576,2025-04-29,9.2,0.37
A00576,2025-05-25,6.0,-0.18
A00576,2025-06-30,7.9,0.27
A00577,2025-01-27,8.2,1.03
A00577,2025-02-28,7.6,0.18
A00577,2025-03-30,8.2,0.62
A00577,2025-04-26,5.8,0.76
A00577,2025-05-26,8.8,0.49
A00577,2025-06-28,8.5,0.59
A00578,2025-01-29,7.6,0.06
A00578,2025-02-22,8.2,0.76
A00578,2025-03-26,9.2,0.8
A00578,2025-04-28,10.0,0.52
A00578,2025-05-24,8.6,0.87
A00578,2025-06-30,9.4,-0.34
A00579,2025-01-26,7.1,0.1
A00579,2025-02-24,6.1,0.56
A00579,2025-03-28,5.9,0.26
A00579,2025-04-21,5.7,-0.06
A00579,2025-05-29,3.9,0.45
A00579,2025-06-30,5.5,0.92
A00580,2025-01-25,9.3,0.24
A00580,2025-02-26,9.4,0.17
A00580,2025-03-26,6.8,0.61
A00580,2025-04-23,8.8,0.6
A00580,2025-05-23,9.1,0.69
A00580,2025-06-21,8.3,0.78
A00581,2025-01-26,7.5,0.58
A00581,2025-02-24,6.2,0.41
A00581,2025-03-26,7.7,1.08
A00581,2025-04-24,8.0,-0.04
A00581,2025-05-26,9.4,0.02
A00581,2025-06-30,8.0,0.52
A00582,2025-01-31,7.7,0.38
A00582,2025-02-21,5.9,0.79
A00582,2025-03-27,7.2,0.49
A00582,2025-04-27,7.1,0.55
A00582,2025-05-28,8.3,0.55
A00582,2025-06-26,7.7,0.78
A00583,2025-01-25,8.2,0.51
A00583,2025-02-19,8.1,0.77
A00583,2025-03-30,7.1,0.18
A00583,2025-04-30,8.6,0.37
A00583,2025-05-22,8.6,0.53
A00583,2025-06-25,7.6,0.77
A00584,2025-01-27,9.7,0.93
A00584,2025-02-22,7.6,0.56
A00584,2025-03-26,7.8,1.04
A00584,2025-04-23,8.0,0.69
A00584,2025-05-25,7.3,0.7
A00584,2025-06-25,10.0,0.71
A00585,2025-01-28,7.5,0.57
A00585,2025-02-26,4.3,0.29
A00585,2025-03-30,7.5,0.68
A00585,2025-04-24,6.4,0.34
A00585,2025-05-28,7.9,-0.31
A00585,2025-06-30,5.3,0.81
A00586,2025-01-29,7.8,0.94
A00586,2025-02-20,6.5,0.71
A00586,2025-03-25,8.3,-0.37
A00586,2025-04-27,7.8,0.35
A00586,2025-05-27,9.3,0.56
A00586,2025-06-26,6.4,0.64
A00587,2025-01-29,7.7,0.54
A00587,2025-02-23,6.8,0.55
A00587,2025-03-25,5.6,0.1
A00587,2025-04-29,7.5,0.19
A00587,2025-05-27,5.9,0.46
A00587,2025-06-21,7.2,0.64
A00588,2025-01-30,9.3,0.35
A00588,2025-02-27,8.6,0.12
A00588,2025-03-25,6.9,1.27
A00588,2025-04-24,9.7,0.76
A00588,2025-05-30,9.2,0.17
A00588,2025-06-26,6.3,0.61
A00589,2025-01-22,8.9,0.49
A00589,2025-02-23,7.9,1.23
A00589,2025-03-26,7.9,0.81
A00589,2025-04-25,8.0,1.23
A00589,2025-05-22,8.1,0.45
A00589,2025-06-29,6.5,0.76
A00590,2025-01-31,5.6,0.12
A00590,2025-02-21,8.7,0.42
A00590,2025-03-30,7.6,1.05
A00590,2025-04-29,6.7,0.44
A00590,2025-05-24,7.4,0.58
A00590,2025-06-30,7.2,0.24
A00591,2025-01-29,8.1,0.81
A00591,2025-02-25,8.7,-0.43
A00591,2025-03-22,8.4,-0.02
A00591,2025-04-30,7.0,0.6
A00591,2025-05-31,9.3,1.13
A00591,2025-06-23,7.8,0.41
A00592,2025-01-27,8.6,0.5
A00592,2025-02-21,8.6,0.83
A00592,2025-03-28,7.5,0.18
A00592,2025-04-21,7.7,0.32
A00592,2025-05-26,8.6,0.46
A00592,2025-06-24,7.4,0.07
A00593,2025-01-31,9.3,0.56
A00593,2025-02-24,7.1,0.57
A00593,2025-03-31,7.2,0.44
A00593,2025-04-27,9.0,-0.22
A00593,2025-05-22,4.9,0.31
A00593,2025-06-27,7.1,0.63
A00594,2025-01-28,6.4,0.65
A00594,2025-02-23,7.8,0.36
A00594,2025-03-22,7.2,0.51
A00594,2025-04-21,7.4,-0.04
A00594,2025-05-25,8.1,0.92
A00594,2025-06-25,8.1,0.3
A00595,2025-01-26,5.8,0.5
A00595,2025-02-28,8.0,0.6
A00595,2025-03-24,6.1,0.27
A00595,2025-04-29,6.3,0.61
A00595,2025-05-30,7.8,0.48
A00595,2025-06-30,6.0,-0.09
A00596,2025-01-24,7.4,0.59
A00596,2025-02-22,9.5,0.71
A00596,2025-03-27,7.9,1.0
A00596,2025-04-21,8.1,1.57
A00596,2025-05-25,7.4,0.15
A00596,2025-06-28,8.5,0.17
A00597,2025-01-25,6.7,0.52
A00597,2025-02-25,7.1,0.76
A00597,2025-03-28,7.7,0.4
A00597,2025-04-23,5.4,0.8
A00597,2025-05-30,7.5,0.19
A00597,2025-06-26,10.0,0.95
A00598,2025-01-25,7.8,0.59
A00598,2025-02-24,6.1,0.7
A00598,2025-03-22,8.6,0.46
A00598,2025-04-23,6.4,0.28
A00598,2025-05-25,7.7,0.72
A00598,2025-06-27,6.1,0.62
A00599,2025-01-23,8.9,0.28
A00599,2025-02-20,10.0,0.8
A00599,2025-03-22,7.9,0.51
A00599,2025-04-22,8.2,1.13
A00599,2025-05-29,8.3,1.16
A00599,2025-06-27,8.9,1.33
A00600,2025-01-23,9.3,-0.09
A00600,2025-02-22,8.4,0.48
A00600,2025-03-29,8.1,0.73
A00600,2025-04-28,9.3,0.7
A00600,2025-05-31,8.2,0.27
A00600,2025-06-25,9.6,0.34
A00601,2025-01-22,8.5,0.63
A00601,2025-02-24,6.6,0.24
A00601,2025-03-30,7.7,0.32
A00601,2025-04-24,6.5,0.26
A00601,2025-05-25,9.7,0.09
A00601,2025-06-21,4.9,0.46
A00602,2025-01-30,7.2,0.18
A00602,2025-02-20,8.9,0.37
A00602,2025-03-27,9.2,0.45
A00602,2025-04-26,6.8,0.48
A00602,2025-05-24,7.7,0.68
A00602,2025-06-30,7.6,0.55
A00603,2025-01-25,8.1,0.67
A00603,2025-02-24,8.4,0.07
A00603,2025-03-22,6.4,0.86
A00603,2025-04-30,6.7,0.44
A00603,2025-05-23,6.4,0.42
A00603,2025-06-27,10.0,0.59
A00604,2025-01-28,7.4,0.76
A00604,2025-02-24,7.4,0.65
A00604,2025-03-28,7.4,0.73
A00604,2025-04-26,7.5,0.65
A00604,2025-05-28,9.3,0.89
A00604,2025-06-25,7.8,0.96
A00605,2025-01-23,6.6,0.11
A00605,2025-02-24,5.4,0.95
A00605,2025-03-23,6.9,0.54
A00605,2025-04-26,5.9,0.93
A00605,2025-05-26,7.3,0.36
A00605,2025-06-28,6.4,0.54
A00606,2025-01-28,7.1,0.62
A00606,2025-02-26,6.4,0.48
A00606,2025-03-24,7.4,0.28
A00606,2025-04-25,7.7,0.16
A00606,2025-05-23,6.4,0.48
A00606,2025-06-22,5.2,0.05
A00607,2025-01-27,7.9,0.3
A00607,2025-02-23,6.6,0.15
A00607,2025-03-28,7.1,0.19
A00607,2025-04-23,7.9,0.49
A00607,2025-05-26,9.4,0.49
A00607,2025-06-26,8.2,0.73
A00608,2025-01-23,7.4,0.75
A00608,2025-02-28,6.9,0.76
A00608,2025-03-30,8.4,0.67
A00608,2025-04-24,9.6,0.41
A00608,2025-05-30,8.3,1.07
A00608,2025-06-22,6.9,0.61
A00609,2025-01-26,6.7,-0.13
A00609,2025-02-28,6.0,0.08
A00609,2025-03-28,5.7,0.89
A00609,2025-04-27,6.8,0.03
A00609,2025-05-22,6.3,0.72
A00609,2025-06-23,5.9,0.02
A00610,2025-01-31,7.8,0.6
A00610,2025-02-20,8.6,1.05
A00610,2025-03-29,6.6,0.73
A00610,2025-04-27,7.3,0.46
A00610,2025-05-24,6.2,0.21
A00610,2025-06-22,6.0,-0.08
A00611,2025-01-30,8.5,0.53
A00611,2025-02-21,7.7,1.02
A00611,2025-03-22,8.6,0.78
A00611,2025-04-29,7.1,0.08
A00611,2025-05-28,9.5,0.71
A00611,2025-06-27,6.2,0.63
A00612,2025-01-28,8.3,0.24
A00612,2025-02-26,8.3,0.4
A00612,2025-03-29,7.7,0.31
A00612,2025-04-24,6.6,0.1
A00612,2025-05-30,7.3,0.59
A00612,2025-06-25,7.0,0.28
A00613,2025-01-24,8.1,0.58
A00613,2025-02-19,8.1,0.3
A00613,2025-03-22,8.6,0.71
A00613,2025-04-27,6.1,0.65
A00613,2025-05-30,6.8,1.12
A00613,2025-06-27,6.4,0.87
A00614,2025-01-22,6.6,0.57
A00614,2025-02-24,6.7,0.92
A00614,2025-03-30,7.4,0.62
A00614,2025-04-24,8.5,0.2
A00614,2025-05-23,7.1,0.51
A00614,2025-06-27,7.6,0.36
A00615,2025-01-23,7.3,0.53
A00615,2025-02-26,5.7,0.34
A00615,2025-03-23,5.9,0.87
A00615,2025-04-26,6.6,0.0
A00615,2025-05-31,6.4,0.39
A00615,2025-06-23,5.9,0.37
A00616,2025-01-26,8.6,0.91
A00616,2025-02-24,7.4,0.35
A00616,2025-03-28,7.6,0.45
A00616,2025-04-29,6.7,1.13
A00616,2025-05-23,6.0,0.54
A00616,2025-06-26,8.6,1.3
A00617,2025-01-30,8.8,0.73
A00617,2025-02-28,7.4,0.71
A00617,2025-03-25,7.3,0.66
A00617,2025-04-25,8.3,0.82
A00617,2025-05-24,6.2,0.33
A00617,2025-06-24,9.4,0.41
A00618,2025-01-25,5.4,0.8
A00618,2025-02-21,7.0,0.09
A00618,2025-03-23,6.3,1.02
A00618,2025-04-30,7.9,0.58
A00618,2025-05-31,8.6,1.11
A00618,2025-06-30,7.4,0.35
A00619,2025-01-24,7.0,0.84
A00619,2025-02-23,6.5,0.61
A00619,2025-03-27,7.3,0.59
A00619,2025-04-29,7.1,-0.05
A00619,2025-05-28,7.3,0.48
A00619,2025-06-28,9.2,0.45
A00620,2025-01-23,5.9,1.02
A00620,2025-02-26,6.1,0.02
A00620,2025-03-27,7.4,0.49
A00620,2025-04-29,6.5,0.28
A00620,2025-05-31,8.4,0.14
A00620,2025-06-23,6.5,-0.24
A00621,2025-01-27,7.1,0.59
A00621,2025-02-19,7.6,0.51
A00621,2025-03-24,6.5,0.6
A00621,2025-04-22,6.6,0.6
A00621,2025-05-27,7.8,0.09
A00621,2025-06-24,6.7,0.43
A00622,2025-01-28,7.4,0.41
A00622,2025-02-27,8.1,0.64
A00622,2025-03-26,6.7,0.36
A00622,2025-04-30,7.0,1.0
A00622,2025-05-24,6.7,0.55
A00622,2025-06-28,6.8,0.36
A00623,2025-01-23,5.7,0.52
A00623,2025-02-24,6.0,1.14
A00623,2025-03-28,7.1,0.36
A00623,2025-04-21,7.2,0.25
A00623,2025-05-29,7.9,-0.02
A00623,2025-06-24,7.9,0.61
A00624,2025-01-31,8.9,0.31
A00624,2025-02-28,7.9,0.52
A00624,2025-03-31,7.3,1.34
A00624,2025-04-23,6.7,0.95
A00624,2025-05-25,10.0,1.04
A00624,2025-06-24,7.2,0.48
A00625,2025-01-28,7.3,0.16
A00625,2025-02-19,6.5,1.11
A00625,2025-03-29,7.3,0.66
A00625,2025-04-30,6.0,0.92
A00625,2025-05-24,8.7,0.62
A00625,2025-06-23,8.1,0.29
A00626,2025-01-22,9.7,1.45
A00626,2025-02-22,8.3,1.01
A00626,2025-03-31,7.5,1.17
A00626,2025-04-24,7.8,0.82
A00626,2025-05-25,8.6,0.49
A00626,2025-06-29,8.3,0.34
A00627,2025-01-22,8.8,0.68
A00627,2025-02-21,9.1,0.91
A00627,2025-03-27,7.3,0.55
A00627,2025-04-29,9.4,0.62
A00627,2025-05-25,8.6,1.2
A00627,2025-06-21,8.4,0.2
A00628,2025-01-26,6.8,0.47
A00628,2025-02-23,7.9,0.7
A00628,2025-03-30,6.4,-0.04
A00628,2025-04-23,7.5,-0.05
A00628,2025-05-25,8.4,0.9
A00628,2025-06-23,7.1,0.48
A00629,2025-01-25,7.6,-0.13
A00629,2025-02-24,6.5,0.06
A00629,2025-03-28,7.1,0.42
A00629,2025-04-26,6.4,0.56
A00629,2025-05-28,8.3,1.12
A00629,2025-06-26,5.7,0.16
A00630,2025-01-30,8.5,0.78
A00630,2025-02-25,6.9,0.93
A00630,2025-03-25,8.9,0.63
A00630,2025-04-30,7.3,1.2
A00630,2025-05-28,9.6,0.68
A00630,2025-06-22,7.4,0.91
A00631,2025-01-30,5.8,0.49
A00631,2025-02-28,6.6,0.48
A00631,2025-03-31,6.1,0.49
A00631,2025-04-21,8.2,0.56
A00631,2025-05-24,6.8,0.81
A00631,2025-06-30,8.3,0.03
A00632,2025-01-31,7.3,0.13
A00632,2025-02-22,8.4,0.67
A00632,2025-03-31,7.3,0.86
A00632,2025-04-27,7.1,0.32
A00632,2025-05-23,8.1,0.07
A00632,2025-06-24,6.1,0.43
A00633,2025-01-24,5.4,0.03
A00633,2025-02-22,5.1,0.41
A00633,2025-03-29,5.6,0.32
A00633,2025-04-30,6.6,0.39
A00633,2025-05-29,6.2,-0.53
A00633,2025-06-28,7.7,-0.03
A00634,2025-01-27,7.5,0.7
A00634,2025-02-25,8.1,0.55
A00634,2025-03-28,7.9,0.34
A00634,2025-04-28,8.8,1.3
A00634,2025-05-27,8.4,1.2
A00634,2025-06-22,6.7,0.75
A00635,2025-01-24,5.8,-0.31
A00635,2025-02-27,7.0,0.56
A00635,2025-03-25,5.0,0.02
A00635,2025-04-30,6.1,0.65
A00635,2025-05-25,7.2,0.69
A00635,2025-06-26,6.5,0.38
A00636,2025-01-22,5.2,0.32
A00636,2025-02-28,5.6,0.59
A00636,2025-03-28,6.6,0.17
A00636,2025-04-26,7.1,0.09
A00636,2025-05-25,5.6,0.17
A00636,2025-06-27,5.4,0.69
A00637,2025-01-27,7.5,0.43
A00637,2025-02-23,6.0,0.42
A00637,2025-03-28,7.2,0.44
A00637,2025-04-23,5.3,-0.14
A00637,2025-05-23,7.5,0.24
A00637,2025-06-22,6.8,0.28
A00638,2025-01-24,7.7,0.2
A00638,2025-02-24,7.7,0.39
A00638,2025-03-28,9.5,0.21
A00638,2025-04-25,7.1,0.82
A00638,2025-05-22,9.3,0.93
A00638,2025-06-21,8.9,0.99
A00639,2025-01-28,5.9,1.03
A00639,2025-02-26,5.2,0.3
A00639,2025-03-27,8.2,0.5
A00639,2025-04-30,7.3,0.5
A00639,2025-05-23,5.8,0.89
A00639,2025-06-28,8.1,0.27
A00640,2025-01-30,6.8,0.7
A00640,2025-02-23,6.9,0.16
A00640,2025-03-30,6.6,0.79
A00640,2025-04-22,5.6,0.34
A00640,2025-05-24,5.5,0.14
A00640,2025-06-21,7.4,0.4
A00641,2025-01-27,7.9,0.29
A00641,2025-02-25,8.4,0.79
A00641,2025-03-23,7.3,0.41
A00641,2025-04-29,5.1,0.8
A00641,2025-05-26,7.5,0.31
A00641,2025-06-27,5.4,0.65
A00642,2025-01-29,6.9,0.14
A00642,2025-02-22,7.7,0.59
A00642,2025-03-28,5.3,0.91
A00642,2025-04-21,7.4,0.69
A00642,2025-05-23,8.4,0.12
A00642,2025-06-24,6.3,0.68
A00643,2025-01-27,8.1,0.25
A00643,2025-02-22,9.0,0.56
A00643,2025-03-24,8.2,0.54
A00643,2025-04-25,6.7,0.66
A00643,2025-05-26,8.5,0.53
A00643,2025-06-21,7.7,0.79
A00644,2025-01-22,7.1,0.73
A00644,2025-02-24,7.0,-0.66
A00644,2025-03-31,8.0,0.61
A00644,2025-04-28,7.8,0.34
A00644,2025-05-27,7.9,0.47
A00644,2025-06-27,7.0,0.33
A00645,2025-01-28,7.9,0.35
A00645,2025-02-20,7.7,0.08
A00645,2025-03-23,7.9,0.58
A00645,2025-04-29,7.4,0.98
A00645,2025-05-25,6.2,0.4
A00645,2025-06-25,6.4,-0.36
A00646,2025-01-23,6.1,0.67
A00646,2025-02-21,7.1,0.69
A00646,2025-03-25,8.8,0.03
A00646,2025-04-29,6.9,0.21
A00646,2025-05-22,7.2,-0.25
A00646,2025-06-22,6.4,0.74
A00647,2025-01-31,6.4,0.34
A00647,2025-02-27,6.3,0.72
A00647,2025-03-23,6.8,0.59
A00647,2025-04-26,7.1,0.61
A00647,2025-05-30,6.3,0.4
A00647,2025-06-24,6.7,0.37
A00648,2025-01-29,8.3,0.64
A00648,2025-02-27,8.5,0.49
A00648,2025-03-28,7.6,1.26
A00648,2025-04-23,9.2,1.13
A00648,2025-05-22,7.2,0.32
A00648,2025-06-28,5.3,0.28
A00649,2025-01-24,8.9,0.32
A00649,2025-02-20,7.1,0.71
A00649,2025-03-23,8.3,0.85
A00649,2025-04-24,9.2,0.56
A00649,2025-05-28,8.0,0.77
A00649,2025-06-30,8.5,0.52
A00650,2025-01-24,7.5,0.79
A00650,2025-02-21,8.7,0.46
A00650,2025-03-24,10.0,1.09
A00650,2025-04-30,10.0,0.91
A00650,2025-05-25,7.7,1.01
A00650,2025-06-25,8.8,0.99
A00651,2025-01-27,6.6,0.38
A00651,2025-02-27,9.3,0.26
A00651,2025-03-31,7.5,0.87
A00651,2025-04-30,6.2,0.36
A00651,2025-05-28,7.1,0.78
A00651,2025-06-29,5.9,0.25
A00652,2025-01-24,7.4,0.4
A00652,2025-02-21,7.8,0.77
A00652,2025-03-31,8.1,0.47
A00652,2025-04-25,8.0,0.43
A00652,2025-05-24,7.5,0.97
A00652,2025-06-26,9.3,0.47
A00653,2025-01-31,7.2,0.47
A00653,2025-02-28,4.9,-0.49
A00653,2025-03-31,8.0,0.52
A00653,2025-04-29,7.6,0.48
A00653,2025-05-29,8.0,0.26
A00653,2025-06-23,7.9,0.33
A00654,2025-01-22,9.6,0.7
A00654,2025-02-27,8.7,0.93
A00654,2025-03-23,8.6,0.68
A00654,2025-04-22,6.8,0.53
A00654,2025-05-22,7.3,0.73
A00654,2025-06-30,7.5,0.43
A00655,2025-01-26,9.0,1.06
A00655,2025-02-25,8.8,0.49
A00655,2025-03-25,9.0,0.62
A00655,2025-04-21,7.3,1.18
A00655,2025-05-28,8.2,0.47
A00655,2025-06-25,10.0,1.04
A00656,2025-01-29,7.5,0.26
A00656,2025-02-24,7.6,0.3
A00656,2025-03-28,6.6,0.12
A00656,2025-04-26,4.6,0.09
A00656,2025-05-28,5.8,1.05
A00656,2025-06-30,7.4,0.41
A00657,2025-01-23,8.0,0.88
A00657,2025-02-28,7.7,0.36
A00657,2025-03-26,6.5,0.28
A00657,2025-04-30,8.5,0.77
A00657,2025-05-29,6.6,0.85
A00657,2025-06-23,7.3,0.43
A00658,2025-01-26,6.9,0.35
A00658,2025-02-28,7.4,0.51
A00658,2025-03-22,9.1,0.9
A00658,2025-04-28,7.7,0.49
A00658,2025-05-24,6.7,0.03
A00658,2025-06-22,7.0,0.73
A00659,2025-01-27,6.8,0.66
A00659,2025-02-21,8.7,1.39
A00659,2025-03-23,8.4,0.89
A00659,2025-04-21,10.0,0.36
A00659,2025-05-31,9.2,0.56
A00659,2025-06-22,7.0,0.59
A00660,2025-01-29,6.1,0.64
A00660,2025-02-23,6.6,-0.01
A00660,2025-03-25,6.8,0.56
A00660,2025-04-22,7.0,0.27
A00660,2025-05-25,6.0,0.77
A00660,2025-06-29,7.2,0.73
A00661,2025-01-27,7.6,0.57
A00661,2025-02-28,8.7,0.56
A00661,2025-03-22,7.5,0.79
A00661,2025-04-27,8.5,0.35
A00661,2025-05-22,6.1,0.72
A00661,2025-06-25,8.1,0.91
A00662,2025-01-26,7.3,0.37
A00662,2025-02-24,6.6,0.4
A00662,2025-03-27,7.8,0.71
A00662,2025-04-24,7.8,0.42
A00662,2025-05-24,6.7,0.0
A00662,2025-06-22,6.8,0.24
A00663,2025-01-23,9.0,0.64
A00663,2025-02-27,9.3,0.84
A00663,2025-03-25,8.0,0.39
A00663,2025-04-30,8.6,0.91
A00663,2025-05-27,8.7,0.76
A00663,2025-06-25,7.4,0.64
A00664,2025-01-31,7.3,0.57
A00664,2025-02-21,7.8,0.55
A00664,2025-03-30,6.4,0.64
A00664,2025-04-21,6.8,0.18
A00664,2025-05-28,6.0,0.52
A00664,2025-06-30,6.0,0.68
A00665,2025-01-25,8.5,0.54
A00665,2025-02-22,6.0,0.51
A00665,2025-03-29,7.6,0.86
A00665,2025-04-28,7.7,0.78
A00665,2025-05-31,9.0,0.98
A00665,2025-06-30,7.4,0.9
A00666,2025-01-24,7.3,0.71
A00666,2025-02-23,8.8,0.15
A00666,2025-03-30,8.6,0.28
A00666,2025-04-26,6.7,0.97
A00666,2025-05-27,9.0,0.62
A00666,2025-06-23,7.8,0.93
A00667,2025-01-25,9.3,0.7
A00667,2025-02-24,8.6,0.77
A00667,2025-03-23,9.1,0.75
A00667,2025-04-23,6.6,0.25
A00667,2025-05-26,7.8,0.53
A00667,2025-06-30,8.8,1.1
A00668,2025-01-22,5.3,0.61
A00668,2025-02-22,6.6,0.47
A00668,2025-03-25,6.3,0.0
A00668,2025-04-27,7.1,-0.03
A00668,2025-05-30,7.2,-0.1
A00668,2025-06-27,6.4,0.72
A00669,2025-01-26,8.5,0.79
A00669,2025-02-22,7.5,-0.03
A00669,2025-03-23,7.1,-0.25
A00669,2025-04-29,7.6,0.41
A00669,2025-05-24,6.4,0.2
A00669,2025-06-25,7.4,0.37
A00670,2025-01-23,7.3,0.29
A00670,2025-02-21,7.5,0.89
A00670,2025-03-29,6.5,0.65
A00670,2025-04-29,7.7,1.26
A00670,2025-05-26,7.3,0.4
A00670,2025-06-30,9.5,0.12
A00671,2025-01-31,8.4,0.81
A00671,2025-02-26,8.9,-0.03
A00671,2025-03-29,8.8,0.42
A00671,2025-04-30,7.1,0.87
A00671,2025-05-28,7.8,0.57
A00671,2025-06-24,7.4,0.89
A00672,2025-01-26,7.7,0.48
A00672,2025-02-26,7.5,0.56
A00672,2025-03-24,5.9,0.94
A00672,2025-04-22,9.4,0.4
A00672,2025-05-27,8.8,0.81
A00672,2025-06-25,8.6,0.15
A00673,2025-01-27,6.0,0.35
A00673,2025-02-22,7.0,0.61
A00673,2025-03-24,6.3,0.74
A00673,2025-04-26,8.6,1.3
A00673,2025-05-28,7.5,0.43
A00673,2025-06-22,7.6,1.16
A00674,2025-01-26,7.8,0.02
A00674,2025-02-22,8.0,0.21
A00674,2025-03-31,7.3,-0.03
A00674,2025-04-30,6.2,0.32
A00674,2025-05-28,7.3,0.39
A00674,2025-06-30,9.3,0.36
A00675,2025-01-29,7.7,0.41
A00675,2025-02-19,7.8,0.23
A00675,2025-03-25,5.8,0.25
A00675,2025-04-30,7.2,0.38
A00675,2025-05-24,6.7,0.52
A00675,2025-06-22,8.0,0.44
A00676,2025-01-30,7.0,0.45
A00676,2025-02-21,7.1,1.3
A00676,2025-03-24,6.4,0.4
A00676,2025-04-24,6.2,-0.2
A00676,2025-05-27,8.5,0.64
A00676,2025-06-25,7.6,0.76
A00677,2025-01-28,4.5,0.54
A00677,2025-02-23,6.6,0.54
A00677,2025-03-26,7.0,0.44
A00677,2025-04-25,7.5,0.29
A00677,2025-05-25,9.2,0.45
A00677,2025-06-25,7.3,0.79
A00678,2025-01-25,7.8,0.07
A00678,2025-02-22,7.0,0.65
A00678,2025-03-26,7.1,0.69
A00678,2025-04-21,7.3,0.98
A00678,2025-05-27,8.0,0.48
A00678,2025-06-26,7.5,0.67
A00679,2025-01-28,7.9,0.82
A00679,2025-02-27,8.8,0.72
A00679,2025-03-29,8.4,0.98
A00679,2025-04-25,8.2,0.53
A00679,2025-05-24,7.6,0.76
A00679,2025-06-22,8.7,0.44
A00680,2025-01-23,7.2,0.69
A00680,2025-02-27,8.9,0.49
A00680,2025-03-25,5.7,0.82
A00680,2025-04-26,7.0,0.24
A00680,2025-05-26,8.2,0.25
A00680,2025-06-22,7.9,0.56
A00681,2025-01-31,8.4,0.33
A00681,2025-02-22,6.2,0.76
A00681,2025-03-27,6.2,0.58
A00681,2025-04-25,7.8,0.53
A00681,2025-05-26,7.0,0.01
A00681,2025-06-30,6.3,0.23
A00682,2025-01-22,8.5,0.1
A00682,2025-02-21,8.0,0.49
A00682,2025-03-23,9.1,0.38
A00682,2025-04-27,7.3,0.72
A00682,2025-05-26,6.0,1.03
A00682,2025-06-29,7.8,0.8
A00683,2025-01-22,6.4,0.52
A00683,2025-02-23,8.0,0.91
A00683,2025-03-27,8.7,0.15
A00683,2025-04-21,7.4,0.62
A00683,2025-05-31,9.3,0.48
A00683,2025-06-21,7.0,0.24
A00684,2025-01-23,9.0,0.43
A00684,2025-02-20,8.7,0.54
A00684,2025-03-23,8.7,0.87
A00684,2025-04-27,10.0,0.53
A00684,2025-05-26,8.5,0.78
A00684,2025-06-25,7.9,0.87
A00685,2025-01-28,6.9,0.4
A00685,2025-02-28,6.0,-0.09
A00685,2025-03-29,5.7,0.04
A00685,2025-04-29,6.3,0.1
A00685,2025-05-23,6.0,0.09
A00685,2025-06-21,9.3,0.15
A00686,2025-01-27,7.8,0.09
A00686,2025-02-19,5.7,0.13
A00686,2025-03-31,7.5,0.66
A00686,2025-04-23,7.8,0.97
A00686,2025-05-25,7.4,0.2
A00686,2025-06-29,7.4,0.25
A00687,2025-01-27,8.9,0.05
A00687,2025-02-28,9.0,0.77
A00687,2025-03-29,5.8,0.37
A00687,2025-04-23,6.1,0.91
A00687,2025-05-24,8.1,0.34
A00687,2025-06-30,7.1,0.6
A00688,2025-01-24,10.0,0.52
A00688,2025-02-21,9.8,0.42
A00688,2025-03-23,8.2,0.57
A00688,2025-04-21,7.7,0.07
A00688,2025-05-29,7.7,0.56
A00688,2025-06-28,9.1,0.47
A00689,2025-01-30,7.1,1.07
A00689,2025-02-20,8.7,0.55
A00689,2025-03-27,6.1,0.37
A00689,2025-04-22,9.3,0.39
A00689,2025-05-22,6.1,0.71
A00689,2025-06-29,7.7,0.23
A00690,2025-01-26,9.7,0.38
A00690,2025-02-26,7.0,0.75
A00690,2025-03-23,9.2,0.38
A00690,2025-04-26,7.3,0.27
A00690,2025-05-27,6.9,0.47
A00690,2025-06-30,6.6,0.55
A00691,2025-01-25,6.7,0.21
A00691,2025-02-23,8.2,0.26
A00691,2025-03-22,6.5,0.56
A00691,2025-04-24,6.0,0.2
A00691,2025-05-24,4.5,0.41
A00691,2025-06-22,5.8,0.2
A00692,2025-01-31,7.8,0.41
A00692,2025-02-19,8.1,0.38
A00692,2025-03-23,6.9,0.85
A00692,2025-04-23,6.7,0.7
A00692,2025-05-22,7.8,0.68
A00692,2025-06-28,6.9,0.7
A00693,2025-01-28,6.8,0.48
A00693,2025-02-26,8.5,0.52
A00693,2025-03-30,6.3,0.18
A00693,2025-04-27,6.8,0.57
A00693,2025-05-30,7.7,-0.51
A00693,2025-06-26,7.6,0.33
A00694,2025-01-23,8.9,0.09
A00694,2025-02-25,7.6,0.78
A00694,2025-03-25,8.9,0.89
A00694,2025-04-21,7.5,0.31
A00694,2025-05-22,8.7,0.75
A00694,2025-06-30,8.0,0.54
A00695,2025-01-28,6.8,0.21
A00695,2025-02-23,7.9,-0.03
A00695,2025-03-27,5.5,0.42
A00695,2025-04-26,7.8,0.56
A00695,2025-05-28,4.9,0.02
A00695,2025-06-27,7.1,0.24
A00696,2025-01-27,4.9,0.42
A00696,2025-02-26,7.7,0.35
A00696,2025-03-22,7.2,0.72
A00696,2025-04-22,7.4,0.44
A00696,2025-05-27,7.1,0.82
A00696,2025-06-29,7.0,0.72
A00697,2025-01-29,8.5,1.09
A00697,2025-02-21,7.3,0.54
A00697,2025-03-27,6.9,0.13
A00697,2025-04-23,5.9,0.51
A00697,2025-05-24,7.5,0.63
A00697,2025-06-27,8.1,0.11
A00698,2025-01-27,9.0,0.88
A00698,2025-02-25,9.0,0.9
A00698,2025-03-23,8.3,0.6
A00698,2025-04-21,9.1,0.83
A00698,2025-05-31,8.6,0.71
A00698,2025-06-21,8.0,0.73
A00699,2025-01-25,7.7,0.71
A00699,2025-02-28,7.3,0.72
A00699,2025-03-26,5.2,0.6
A00699,2025-04-24,5.7,0.78
A00699,2025-05-22,4.7,0.86
A00699,2025-06-24,8.7,0.71
A00700,2025-01-25,5.7,0.72
A00700,2025-02-24,6.1,0.74
A00700,2025-03-23,6.9,0.71
A00700,2025-04-25,7.0,0.55
A00700,2025-05-31,6.3,0.32
A00700,2025-06-30,5.9,0.6
A00701,2025-01-30,6.0,0.91
A00701,2025-02-19,8.8,0.45
A00701,2025-03-26,8.6,0.2
A00701,2025-04-28,8.9,0.47
A00701,2025-05-31,8.1,1.28
A00701,2025-06-28,8.1,1.05
A00702,2025-01-28,6.5,0.43
A00702,2025-02-19,7.6,0.53
A00702,2025-03-28,7.8,0.73
A00702,2025-04-25,6.2,0.45
A00702,2025-05-22,7.7,0.47
A00702,2025-06-30,8.8,0.64
A00703,2025-01-23,8.0,0.92
A00703,2025-02-20,7.8,0.37
A00703,2025-03-27,8.2,0.65
A00703,2025-04-26,7.5,0.37
A00703,2025-05-23,9.3,0.39
A00703,2025-06-30,7.5,0.72
A00704,2025-01-23,7.4,0.42
A00704,2025-02-27,8.0,0.22
A00704,2025-03-26,9.3,0.32
A00704,2025-04-26,8.1,0.72
A00704,2025-05-31,6.9,0.39
A00704,2025-06-30,8.1,0.93
A00705,2025-01-22,8.5,0.19
A00705,2025-02-21,6.2,0.18
A00705,2025-03-23,6.0,0.51
A00705,2025-04-23,5.2,0.74
A00705,2025-05-23,7.3,-0.03
A00705,2025-06-24,6.1,0.2
A00706,2025-01-22,7.0,0.51
A00706,2025-02-22,7.0,0.71
A00706,2025-03-25,9.3,0.58
A00706,2025-04-30,7.4,0.54
A00706,2025-05-30,6.8,0.76
A00706,2025-06-24,8.3,0.01
A00707,2025-01-22,8.5,0.37
A00707,2025-02-25,7.3,0.72
A00707,2025-03-25,7.3,0.53
A00707,2025-04-22,8.7,0.54
A00707,2025-05-29,9.8,0.79
A00707,2025-06-24,7.4,0.71
A00708,2025-01-31,7.5,0.52
A00708,2025-02-22,7.4,0.65
A00708,2025-03-25,7.8,0.65
A00708,2025-04-25,7.5,0.73
A00708,2025-05-31,7.3,0.35
A00708,2025-06-23,6.2,0.72
A00709,2025-01-26,6.0,0.26
A00709,2025-02-19,7.6,0.66
A00709,2025-03-27,7.1,0.64
A00709,2025-04-28,7.2,0.49
A00709,2025-05-31,8.2,0.63
A00709,2025-06-29,6.7,0.76
A00710,2025-01-27,6.7,0.13
A00710,2025-02-21,7.1,0.27
A00710,2025-03-31,7.6,0.41
A00710,2025-04-30,7.9,0.73
A00710,2025-05-24,7.4,0.49
A00710,2025-06-23,6.4,0.55
A00711,2025-01-27,6.2,0.38
A00711,2025-02-28,6.6,0.47
A00711,2025-03-22,7.0,0.2
A00711,2025-04-27,7.6,0.51
A00711,2025-05-22,6.9,0.34
A00711,2025-06-28,5.4,0.62
A00712,2025-01-26,7.2,0.74
A00712,2025-02-25,8.2,0.38
A00712,2025-03-31,7.5,0.83
A00712,2025-04-25,6.5,0.89
A00712,2025-05-22,7.1,0.34
A00712,2025-06-25,7.9,0.09
A00713,2025-01-30,7.7,0.67
A00713,2025-02-25,6.9,1.24
A00713,2025-03-22,8.7,0.64
A00713,2025-04-29,8.4,0.17
A00713,2025-05-29,8.1,0.65
A00713,2025-06-24,8.2,0.65
A00714,2025-01-27,6.7,0.06
A00714,2025-02-27,8.6,0.09
A00714,2025-03-22,7.4,0.19
A00714,2025-04-28,7.6,0.27
A00714,2025-05-28,6.9,0.64
A00714,2025-06-27,6.5,0.12
A00715,2025-01-31,8.8,-0.01
A00715,2025-02-28,6.6,0.43
A00715,2025-03-24,6.1,0.72
A00715,2025-04-24,6.6,0.22
A00715,2025-05-27,7.0,0.58
A00715,2025-06-25,6.1,0.38
A00716,2025-01-23,5.9,0.27
A00716,2025-02-23,7.9,0.5
A00716,2025-03-28,4.9,0.22
A00716,2025-04-26,7.5,0.3
A00716,2025-05-29,7.1,-0.02
A00716,2025-06-24,6.6,0.15
A00717,2025-01-28,8.0,0.33
A00717,2025-02-19,8.3,1.1
A00717,2025-03-30,9.4,0.48
A00717,2025-04-28,8.4,0.21
A00717,2025-05-28,8.7,1.2
A00717,2025-06-24,8.8,0.15
A00718,2025-01-28,6.8,-0.09
A00718,2025-02-28,4.5,-0.22
A00718,2025-03-31,6.3,0.6
A00718,2025-04-25,7.9,0.53
A00718,2025-05-28,7.7,0.43
A00718,2025-06-28,7.0,-0.27
A00719,2025-01-22,6.9,0.97
A00719,2025-02-22,7.0,0.3
A00719,2025-03-31,9.5,1.11
A00719,2025-04-25,7.9,0.72
A00719,2025-05-26,8.6,0.02
A00719,2025-06-29,9.2,0.6
A00720,2025-01-30,6.3,0.5
A00720,2025-02-24,8.3,0.78
A00720,2025-03-31,7.6,0.14
A00720,2025-04-28,6.2,0.35
A00720,2025-05-25,7.4,0.45
A00720,2025-06-30,5.5,0.56
A00721,2025-01-28,7.8,0.8
A00721,2025-02-23,7.9,0.7
A00721,2025-03-30,6.4,0.81
A00721,2025-04-22,8.1,0.36
A00721,2025-05-28,8.2,0.54
A00721,2025-06-24,8.2,0.35
A00722,2025-01-24,8.2,0.29
A00722,2025-02-19,9.8,1.2
A00722,2025-03-27,7.5,0.79
A00722,2025-04-25,7.8,0.57
A00722,2025-05-26,6.7,0.4
A00722,2025-06-21,7.9,0.62
A00723,2025-01-28,9.2,0.45
A00723,2025-02-25,8.6,0.47
A00723,2025-03-30,7.9,0.35
A00723,2025-04-21,9.3,0.1
A00723,2025-05-26,5.7,0.8
A00723,2025-06-22,7.3,1.04
A00724,2025-01-26,6.0,0.97
A00724,2025-02-22,5.6,-0.02
A00724,2025-03-31,6.7,0.53
A00724,2025-04-26,8.1,0.35
A00724,2025-05-26,6.5,0.53
A00724,2025-06-25,5.6,0.11
A00725,2025-01-30,5.9,-0.02
A00725,2025-02-28,8.4,0.47
A00725,2025-03-25,5.2,0.79
A00725,2025-04-30,3.2,0.34
A00725,2025-05-30,8.1,0.61
A00725,2025-06-26,8.4,0.31
A00726,2025-01-31,6.8,0.06
A00726,2025-02-28,7.0,0.01
A00726,2025-03-22,5.4,0.33
A00726,2025-04-24,6.6,0.34
A00726,2025-05-29,8.8,0.32
A00726,2025-06-21,6.1,0.58
A00727,2025-01-26,7.4,0.4
A00727,2025-02-22,7.1,0.54
A00727,2025-03-27,8.2,1.21
A00727,2025-04-26,6.9,0.46
A00727,2025-05-24,8.3,0.66
A00727,2025-06-26,6.5,-0.0
A00728,2025-01-24,9.2,0.56
A00728,2025-02-21,7.7,0.57
A00728,2025-03-27,10.0,0.48
A00728,2025-04-21,7.4,0.79
A00728,2025-05-28,7.9,0.9
A00728,2025-06-29,8.8,0.39
A00729,2025-01-24,8.7,0.81
A00729,2025-02-27,7.8,1.28
A00729,2025-03-30,7.9,0.43
A00729,2025-04-21,7.4,0.67
A00729,2025-05-29,8.3,0.74
A00729,2025-06-21,6.2,0.07
A00730,2025-01-29,9.4,1.08
A00730,2025-02-22,3.7,0.6
A00730,2025-03-25,6.7,0.48
A00730,2025-04-25,7.0,0.46
A00730,2025-05-28,6.5,0.46
A00730,2025-06-25,7.4,0.73
A00731,2025-01-28,9.0,0.79
A00731,2025-02-27,9.6,0.55
A00731,2025-03-25,8.3,1.1
A00731,2025-04-30,8.6,0.36
A00731,2025-05-25,8.0,0.4
A00731,2025-06-24,7.8,0.02
A00732,2025-01-27,8.3,0.68
A00732,2025-02-28,7.1,0.62
A00732,2025-03-31,6.8,0.08
A00732,2025-04-23,7.6,0.92
A00732,2025-05-27,7.4,0.74
A00732,2025-06-27,7.5,1.11
A00733,2025-01-24,5.5,0.29
A00733,2025-02-20,7.1,0.11
A00733,2025-03-31,6.5,0.6
A00733,2025-04-22,6.0,0.32
A00733,2025-05-26,7.1,0.47
A00733,2025-06-27,6.1,0.31
A00734,2025-01-31,6.8,1.09
A00734,2025-02-27,7.6,0.47
A00734,2025-03-25,6.4,0.42
A00734,2025-04-25,7.5,0.42
A00734,2025-05-28,7.1,0.6
A00734,2025-06-26,8.1,0.71
A00735,2025-01-23,4.8,0.13
A00735,2025-02-27,6.2,0.55
A00735,2025-03-31,6.8,0.38
A00735,2025-04-24,10.0,0.96
A00735,2025-05-31,9.3,0.53
A00735,2025-06-29,6.7,0.63
A00736,2025-01-23,5.1,-0.2
A00736,2025-02-27,8.2,0.38
A00736,2025-03-29,7.5,-0.03
A00736,2025-04-24,6.0,0.55
A00736,2025-05-28,5.8,0.09
A00736,2025-06-30,6.9,0.61
A00737,2025-01-24,6.5,0.35
A00737,2025-02-20,7.2,0.92
A00737,2025-03-24,6.2,-0.06
A00737,2025-04-26,7.6,0.02
A00737,2025-05-29,7.7,0.71
A00737,2025-06-29,5.9,0.64
A00738,2025-01-25,7.1,0.2
A00738,2025-02-22,7.3,0.5
A00738,2025-03-31,7.4,0.56
A00738,2025-04-29,8.0,0.42
A00738,2025-05-29,6.5,0.47
A00738,2025-06-22,7.1,0.43
A00739,2025-01-24,7.1,0.21
A00739,2025-02-27,7.0,0.44
A00739,2025-03-23,6.5,0.19
A00739,2025-04-29,6.9,0.13
A00739,2025-05-23,6.8,0.38
A00739,2025-06-23,7.2,0.34
A00740,2025-01-31,7.8,0.37
A00740,2025-02-21,7.0,0.68
A00740,2025-03-28,8.8,0.19
A00740,2025-04-23,9.3,0.65
A00740,2025-05-29,7.3,0.33
A00740,2025-06-21,8.1,0.33
A00741,2025-01-26,8.8,0.61
A00741,2025-02-28,6.1,1.01
A00741,2025-03-27,8.2,0.96
A00741,2025-04-29,8.9,1.33
A00741,2025-05-31,9.1,0.47
A00741,2025-06-30,8.7,0.99
A00742,2025-01-30,9.8,0.66
A00742,2025-02-23,7.1,-0.36
A00742,2025-03-25,8.9,0.59
A00742,2025-04-29,8.1,0.44
A00742,2025-05-25,6.7,0.47
A00742,2025-06-28,7.0,0.46
A00743,2025-01-31,7.4,0.35
A00743,2025-02-27,7.9,1.02
A00743,2025-03-31,8.6,0.57
A00743,2025-04-23,6.4,0.81
A00743,2025-05-24,7.6,-0.31
A00743,2025-06-26,7.5,0.36
A00744,2025-01-28,8.0,0.6
A00744,2025-02-21,7.9,0.71
A00744,2025-03-26,9.1,0.66
A00744,2025-04-23,6.6,0.58
A00744,2025-05-26,8.2,0.17
A00744,2025-06-29,7.2,0.39
A00745,2025-01-30,7.1,0.7
A00745,2025-02-20,6.5,0.89
A00745,2025-03-25,7.5,0.64
A00745,2025-04-28,8.2,0.43
A00745,2025-05-24,8.9,0.09
A00745,2025-06-28,7.9,0.5
A00746,2025-01-31,8.4,0.42
A00746,2025-02-21,8.1,0.76
A00746,2025-03-24,8.6,-0.02
A00746,2025-04-21,8.2,0.12
A00746,2025-05-29,10.0,0.69
A00746,2025-06-23,6.5,0.6
A00747,2025-01-22,7.3,-0.05
A00747,2025-02-25,7.7,1.22
A00747,2025-03-30,9.3,0.55
A00747,2025-04-26,10.0,0.51
A00747,2025-05-26,8.4,0.37
A00747,2025-06-23,7.4,0.52
A00748,2025-01-31,5.8,0.18
A00748,2025-02-25,9.3,0.55
A00748,2025-03-31,8.2,0.51
A00748,2025-04-28,7.1,0.25
A00748,2025-05-27,5.4,0.36
A00748,2025-06-24,8.7,0.73
A00749,2025-01-22,6.0,0.32
A00749,2025-02-27,5.1,0.6
A00749,2025-03-30,8.2,0.79
A00749,2025-04-30,8.2,0.5
A00749,2025-05-30,6.8,0.45
A00749,2025-06-21,8.1,0.19
A00750,2025-01-25,6.6,0.65
A00750,2025-02-22,6.9,1.08
A00750,2025-03-31,7.8,0.13
A00750,2025-04-23,8.1,0.82
A00750,2025-05-28,7.5,0.23
A00750,2025-06-26,7.4,0.79
A00751,2025-01-28,8.9,0.25
A00751,2025-02-28,8.0,0.85
A00751,2025-03-24,9.1,0.72
A00751,2025-04-29,8.3,1.27
A00751,2025-05-26,9.6,0.55
A00751,2025-06-23,8.8,0.73
A00752,2025-01-23,8.5,0.29
A00752,2025-02-19,5.6,0.69
A00752,2025-03-31,5.6,0.95
A00752,2025-04-22,6.3,0.84
A00752,2025-05-25,8.4,0.55
A00752,2025-06-22,8.2,0.32
A00753,2025-01-30,9.1,0.93
A00753,2025-02-24,7.6,0.72
A00753,2025-03-24,6.6,0.71
A00753,2025-04-26,8.6,0.48
A00753,2025-05-28,7.2,0.96
A00753,2025-06-22,6.9,0.74
A00754,2025-01-24,8.9,0.71
A00754,2025-02-26,8.4,0.58
A00754,2025-03-27,6.7,-0.12
A00754,2025-04-21,9.9,0.09
A00754,2025-05-31,7.2,1.04
A00754,2025-06-22,9.4,0.56
A00755,2025-01-24,7.9,0.39
A00755,2025-02-25,8.0,0.69
A00755,2025-03-31,6.1,0.55
A00755,2025-04-22,8.7,0.2
A00755,2025-05-23,9.2,0.85
A00755,2025-06-26,7.5,0.86
A00756,2025-01-31,7.3,0.78
A00756,2025-02-22,7.2,0.82
A00756,2025-03-30,8.8,0.32
A00756,2025-04-23,8.3,0.45
A00756,2025-05-22,6.4,0.58
A00756,2025-06-21,7.6,0.55
A00757,2025-01-30,6.0,-0.06
A00757,2025-02-21,5.3,0.25
A00757,2025-03-24,7.6,0.16
A00757,2025-04-28,6.6,0.0
A00757,2025-05-28,6.8,0.29
A00757,2025-06-27,6.6,0.22
A00758,2025-01-24,8.9,0.34
A00758,2025-02-28,8.5,0.15
A00758,2025-03-27,9.1,0.48
A00758,2025-04-25,8.0,0.91
A00758,2025-05-26,7.8,0.51
A00758,2025-06-27,7.8,0.89
A00759,2025-01-23,9.0,0.81
A00759,2025-02-22,8.1,0.3
A00759,2025-03-30,8.6,0.75
A00759,2025-04-29,8.5,0.32
A00759,2025-05-30,8.7,0.54
A00759,2025-06-23,8.8,0.66
A00760,2025-01-25,6.4,0.78
A00760,2025-02-19,7.5,0.57
A00760,2025-03-22,9.3,0.25
A00760,2025-04-22,9.2,0.23
A00760,2025-05-29,8.1,0.68
A00760,2025-06-27,8.6,0.6
A00761,2025-01-27,7.9,0.3
A00761,2025-02-24,7.9,0.54
A00761,2025-03-26,7.2,0.94
A00761,2025-04-26,9.7,0.58
A00761,2025-05-23,10.0,0.72
A00761,2025-06-29,7.1,0.57
A00762,2025-01-27,8.5,1.01
A00762,2025-02-23,6.5,1.05
A00762,2025-03-23,8.9,0.78
A00762,2025-04-22,7.6,0.79
A00762,2025-05-29,9.5,0.98
A00762,2025-06-23,7.7,1.04
A00763,2025-01-24,7.9,0.04
A00763,2025-02-22,6.4,0.44
A00763,2025-03-24,7.8,0.65
A00763,2025-04-29,5.5,0.05
A00763,2025-05-24,5.9,0.28
A00763,2025-06-28,6.9,-0.21
A00764,2025-01-26,6.6,-0.1
A00764,2025-02-28,6.2,0.59
A00764,2025-03-22,6.8,0.44
A00764,2025-04-26,4.9,0.78
A00764,2025-05-25,7.2,0.55
A00764,2025-06-25,6.7,0.35
A00765,2025-01-24,5.2,0.52
A00765,2025-02-24,5.6,0.75
A00765,2025-03-29,5.3,0.49
A00765,2025-04-28,7.8,0.44
A00765,2025-05-23,8.1,0.57
A00765,2025-06-23,6.3,0.75
A00766,2025-01-22,6.2,0.47
A00766,2025-02-28,7.1,0.38
A00766,2025-03-28,7.9,0.56
A00766,2025-04-26,6.1,0.49
A00766,2025-05-30,5.1,0.31
A00766,2025-06-26,7.0,0.83
A00767,2025-01-22,9.7,0.52
A00767,2025-02-26,7.8,0.11
A00767,2025-03-27,7.6,0.44
A00767,2025-04-25,7.5,0.32
A00767,2025-05-29,8.0,0.79
A00767,2025-06-21,9.4,0.72
A00768,2025-01-22,7.4,0.82
A00768,2025-02-19,7.4,0.79
A00768,2025-03-22,6.5,0.26
A00768,2025-04-28,7.6,0.15
A00768,2025-05-31,7.5,0.83
A00768,2025-06-30,6.3,0.85
A00769,2025-01-31,6.1,0.29
A00769,2025-02-26,6.6,0.14
A00769,2025-03-24,8.0,0.45
A00769,2025-04-24,7.1,0.91
A00769,2025-05-24,7.3,0.4
A00769,2025-06-27,6.5,0.2
A00770,2025-01-26,9.6,0.74
A00770,2025-02-27,7.0,0.39
A00770,2025-03-25,7.4,0.7
A00770,2025-04-23,8.6,0.5
A00770,2025-05-29,8.0,0.9
A00770,2025-06-29,8.4,1.07
A00771,2025-01-24,6.4,0.21
A00771,2025-02-22,6.6,0.26
A00771,2025-03-31,5.7,0.16
A00771,2025-04-27,6.6,0.38
A00771,2025-05-24,6.4,-0.26
A00771,2025-06-26,7.9,0.3
A00772,2025-01-22,8.4,0.86
A00772,2025-02-27,8.1,0.54
A00772,2025-03-29,6.6,0.61
A00772,2025-04-26,6.5,0.52
A00772,2025-05-31,6.3,0.66
A00772,2025-06-29,7.3,0.31
A00773,2025-01-24,7.9,1.25
A00773,2025-02-23,8.6,0.75
A00773,2025-03-26,6.7,0.34
A00773,2025-04-27,9.0,0.41
A00773,2025-05-28,7.8,0.61
A00773,2025-06-30,7.7,0.71
A00774,2025-01-28,7.8,1.04
A00774,2025-02-27,7.2,0.34
A00774,2025-03-23,7.9,0.07
A00774,2025-04-28,8.4,0.47
A00774,2025-05-24,7.1,0.43
A00774,2025-06-25,6.3,0.16
A00775,2025-01-28,6.1,0.86
A00775,2025-02-24,7.3,0.61
A00775,2025-03-23,7.6,0.71
A00775,2025-04-28,8.8,0.53
A00775,2025-05-28,8.7,0.06
A00775,2025-06-26,8.1,0.54
A00776,2025-01-23,6.4,0.7
A00776,2025-02-24,7.2,0.33
A00776,2025-03-26,8.5,0.63
A00776,2025-04-26,7.8,0.25
A00776,2025-05-25,8.0,0.15
A00776,2025-06-22,8.6,0.87
A00777,2025-01-22,8.4,0.29
A00777,2025-02-19,6.8,0.94
A00777,2025-03-28,8.5,0.93
A00777,2025-04-27,9.8,0.31
A00777,2025-05-31,6.1,0.46
A00777,2025-06-22,6.6,0.71
A00778,2025-01-31,6.9,0.0
A00778,2025-02-21,6.6,0.15
A00778,2025-03-28,8.1,0.62
A00778,2025-04-22,7.0,0.65
A00778,2025-05-26,9.1,0.6
A00778,2025-06-24,6.5,0.74
A00779,2025-01-23,7.6,0.94
A00779,2025-02-23,7.5,0.66
A00779,2025-03-27,8.6,-0.36
A00779,2025-04-21,9.0,1.07
A00779,2025-05-26,6.8,0.41
A00779,2025-06-30,8.4,-0.02
A00780,2025-01-23,8.6,1.14
A00780,2025-02-25,7.3,0.84
A00780,2025-03-31,9.3,0.94
A00780,2025-04-22,7.6,1.58
A00780,2025-05-27,7.2,0.44
A00780,2025-06-21,9.0,0.51
A00781,2025-01-30,9.8,0.96
A00781,2025-02-26,7.7,0.55
A00781,2025-03-30,8.5,-0.02
A00781,2025-04-28,7.1,0.26
A00781,2025-05-31,8.4,0.8
A00781,2025-06-24,6.7,1.01
A00782,2025-01-22,6.5,0.42
A00782,2025-02-26,9.5,0.33
A00782,2025-03-28,7.8,0.34
A00782,2025-04-25,8.3,0.69
A00782,2025-05-25,7.6,0.25
A00782,2025-06-28,6.1,0.8
A00783,2025-01-24,7.1,0.63
A00783,2025-02-24,7.8,0.52
A00783,2025-03-26,6.1,0.41
A00783,2025-04-21,7.4,0.65
A00783,2025-05-27,6.7,0.06
A00783,2025-06-27,7.1,0.13
A00784,2025-01-31,6.1,0.55
A00784,2025-02-21,9.0,0.86
A00784,2025-03-26,7.3,0.75
A00784,2025-04-28,9.1,0.2
A00784,2025-05-28,6.4,0.34
A00784,2025-06-22,7.2,1.01
A00785,2025-01-29,7.0,0.99
A00785,2025-02-22,7.3,0.75
A00785,2025-03-28,8.7,0.42
A00785,2025-04-22,7.1,-0.06
A00785,2025-05-23,6.1,0.54
A00785,2025-06-22,6.4,-0.02
A00786,2025-01-24,7.0,0.32
A00786,2025-02-24,10.0,0.36
A00786,2025-03-27,6.6,0.64
A00786,2025-04-26,8.4,0.01
A00786,2025-05-23,9.0,0.43
A00786,2025-06-29,7.9,0.88
A00787,2025-01-30,7.4,0.61
A00787,2025-02-20,7.5,0.55
A00787,2025-03-31,7.6,1.21
A00787,2025-04-21,7.5,-0.2
A00787,2025-05-25,6.3,0.71
A00787,2025-06-21,7.9,1.25
A00788,2025-01-23,4.9,0.01
A00788,2025-02-27,6.7,0.48
A00788,2025-03-27,7.6,0.56
A00788,2025-04-27,6.5,0.29
A00788,2025-05-31,7.3,0.54
A00788,2025-06-22,6.1,0.38
A00789,2025-01-26,7.2,0.72
A00789,2025-02-23,7.0,0.55
A00789,2025-03-25,8.8,0.76
A00789,2025-04-28,8.7,0.31
A00789,2025-05-26,9.2,0.95
A00789,2025-06-28,5.9,0.72
A00790,2025-01-26,9.1,0.94
A00790,2025-02-21,8.7,0.46
A00790,2025-03-30,8.2,0.21
A00790,2025-04-22,6.0,1.42
A00790,2025-05-23,8.3,0.82
A00790,2025-06-21,8.2,-0.3
A00791,2025-01-24,7.3,0.61
A00791,2025-02-24,6.6,0.2
A00791,2025-03-31,6.6,0.29
A00791,2025-04-30,8.6,0.34
A00791,2025-05-25,6.8,0.59
A00791,2025-06-26,7.3,0.29
A00792,2025-01-22,7.1,0.05
A00792,2025-02-23,7.2,-0.13
A00792,2025-03-31,4.5,0.04
A00792,2025-04-24,6.2,0.74
A00792,2025-05-25,7.7,0.51
A00792,2025-06-22,6.9,0.16
A00793,2025-01-31,7.0,0.85
A00793,2025-02-21,7.3,0.87
A00793,2025-03-25,9.2,0.31
A00793,2025-04-21,7.2,0.61
A00793,2025-05-31,7.7,0.4
A00793,2025-06-22,8.9,0.34
A00794,2025-01-23,6.7,0.07
A00794,2025-02-20,6.8,0.36
A00794,2025-03-29,6.1,0.34
A00794,2025-04-24,7.8,0.72
A00794,2025-05-29,7.5,0.82
A00794,2025-06-23,6.1,0.14
A00795,2025-01-24,9.4,0.88
A00795,2025-02-21,8.3,0.85
A00795,2025-03-27,7.3,0.9
A00795,2025-04-24,6.4,0.46
A00795,2025-05-28,8.7,0.95
A00795,2025-06-26,8.3,1.43
A00796,2025-01-31,7.2,-0.21
A00796,2025-02-24,7.2,1.36
A00796,2025-03-23,6.4,0.63
A00796,2025-04-24,7.3,0.22
A00796,2025-05-28,7.2,0.5
A00796,2025-06-25,8.8,0.54
A00797,2025-01-23,5.8,0.24
A00797,2025-02-25,7.0,0.32
A00797,2025-03-30,6.1,0.6
A00797,2025-04-25,8.3,-0.18
A00797,2025-05-29,8.7,-0.16
A00797,2025-06-28,6.1,0.71
A00798,2025-01-25,7.9,0.18
A00798,2025-02-19,8.4,0.94
A00798,2025-03-31,7.4,0.53
A00798,2025-04-28,7.0,0.47
A00798,2025-05-25,7.5,0.82
A00798,2025-06-23,8.0,0.53
A00799,2025-01-22,7.8,0.63
A00799,2025-02-27,6.9,0.37
A00799,2025-03-22,8.5,1.03
A00799,2025-04-23,7.1,0.72
A00799,2025-05-29,7.5,0.67
A00799,2025-06-23,6.8,0.77
A00800,2025-01-26,7.9,0.7
A00800,2025-02-27,7.9,0.78
A00800,2025-03-31,8.2,0.48
A00800,2025-04-22,7.7,0.5
A00800,2025-05-28,9.1,0.72
A00800,2025-06-24,5.1,0.76
A00801,2025-01-25,6.9,0.62
A00801,2025-02-28,7.6,0.58
A00801,2025-03-31,6.2,0.91
A00801,2025-04-21,7.1,0.32
A00801,2025-05-28,7.1,0.59
A00801,2025-06-21,6.8,0.66
A00802,2025-01-27,8.2,0.3
A00802,2025-02-27,8.5,0.39
A00802,2025-03-28,6.1,0.89
A00802,2025-04-24,8.3,0.67
A00802,2025-05-29,6.4,0.37
A00802,2025-06-28,7.7,-0.07
A00803,2025-01-31,6.9,0.96
A00803,2025-02-26,7.1,0.93
A00803,2025-03-30,9.1,0.52
A00803,2025-04-22,7.3,1.13
A00803,2025-05-27,7.8,0.09
A00803,2025-06-26,7.0,0.63
A00804,2025-01-29,6.4,0.42
A00804,2025-02-21,8.2,1.01
A00804,2025-03-23,6.7,0.78
A00804,2025-04-30,6.3,0.31
A00804,2025-05-29,8.4,-0.0
A00804,2025-06-22,7.1,0.15
A00805,2025-01-31,8.3,0.52
A00805,2025-02-19,7.7,0.73
A00805,2025-03-25,7.7,0.45
A00805,2025-04-29,7.9,0.9
A00805,2025-05-25,8.6,0.65
A00805,2025-06-26,7.7,0.8
A00806,2025-01-25,7.5,0.77
A00806,2025-02-25,6.7,0.29
A00806,2025-03-29,7.1,0.72
A00806,2025-04-26,9.2,0.88
A00806,2025-05-28,7.8,-0.11
A00806,2025-06-26,7.5,0.35
A00807,2025-01-28,7.5,0.36
A00807,2025-02-25,7.7,0.84
A00807,2025-03-30,8.8,0.74
A00807,2025-04-21,8.4,0.45
A00807,2025-05-23,8.2,0.0
A00807,2025-06-28,7.9,0.46
A00808,2025-01-31,5.8,0.44
A00808,2025-02-28,6.2,0.44
A00808,2025-03-27,6.3,0.71
A00808,2025-04-27,6.7,0.54
A00808,2025-05-30,6.7,0.1
A00808,2025-06-24,6.9,0.48
A00809,2025-01-22,8.5,0.64
A00809,2025-02-20,5.4,0.61
A00809,2025-03-27,6.9,0.16
A00809,2025-04-26,7.6,-0.13
A00809,2025-05-22,7.2,0.09
A00809,2025-06-28,8.2,0.97
A00810,2025-01-24,7.4,0.6
A00810,2025-02-25,6.1,0.14
A00810,2025-03-25,8.1,0.64
A00810,2025-04-24,5.2,0.69
A00810,2025-05-22,3.8,0.56
A00810,2025-06-22,6.7,0.73
A00811,2025-01-24,8.3,0.61
A00811,2025-02-19,8.2,0.1
A00811,2025-03-28,8.4,0.59
A00811,2025-04-28,8.4,0.42
A00811,2025-05-28,7.3,0.32
A00811,2025-06-28,8.8,0.77
A00812,2025-01-26,9.6,0.41
A00812,2025-02-25,6.9,0.57
A00812,2025-03-28,7.5,0.32
A00812,2025-04-24,7.4,0.89
A00812,2025-05-22,9.6,1.07
A00812,2025-06-25,8.5,0.07
A00813,2025-01-29,7.7,0.61
A00813,2025-02-26,7.0,0.17
A00813,2025-03-22,6.1,0.82
A00813,2025-04-28,6.2,-0.07
A00813,2025-05-31,7.3,-0.05
A00813,2025-06-28,6.9,0.72
A00814,2025-01-22,6.9,0.45
A00814,2025-02-25,7.1,0.11
A00814,2025-03-27,7.1,0.65
A00814,2025-04-25,7.0,0.56
A00814,2025-05-23,6.0,0.68
A00814,2025-06-28,5.7,1.11
A00815,2025-01-30,8.8,0.57
A00815,2025-02-27,6.7,-0.08
A00815,2025-03-31,7.8,0.62
A00815,2025-04-25,7.1,0.55
A00815,2025-05-22,8.6,0.54
A00815,2025-06-25,5.8,0.5
A00816,2025-01-28,8.4,0.69
A00816,2025-02-19,8.8,0.43
A00816,2025-03-29,9.2,0.32
A00816,2025-04-26,8.1,0.64
A00816,2025-05-26,8.2,0.64
A00816,2025-06-30,8.3,0.36
A00817,2025-01-24,6.4,0.89
A00817,2025-02-25,7.9,0.34
A00817,2025-03-22,6.4,0.55
A00817,2025-04-28,7.6,0.05
A00817,2025-05-29,6.9,0.79
A00817,2025-06-29,6.8,0.51
A00818,2025-01-28,9.2,0.83
A00818,2025-02-23,9.7,0.71
A00818,2025-03-25,9.9,0.79
A00818,2025-04-22,7.5,0.8
A00818,2025-05-22,8.4,-0.01
A00818,2025-06-21,7.4,0.46
A00819,2025-01-28,6.7,0.1
A00819,2025-02-23,6.7,0.69
A00819,2025-03-22,7.4,1.0
A00819,2025-04-26,6.8,-0.15
A00819,2025-05-29,6.5,0.75
A00819,2025-06-29,5.5,0.27
A00820,2025-01-22,6.5,0.14
A00820,2025-02-27,6.6,0.56
A00820,2025-03-30,7.3,0.64
A00820,2025-04-30,6.3,-0.2
A00820,2025-05-24,5.4,0.64
A00820,2025-06-25,6.6,0.5
A00821,2025-01-27,7.8,0.62
A00821,2025-02-27,5.6,0.08
A00821,2025-03-24,8.2,-0.09
A00821,2025-04-29,6.7,0.54
A00821,2025-05-23,8.4,0.12
A00821,2025-06-23,6.3,0.52
A00822,2025-01-31,8.3,0.96
A00822,2025-02-20,7.4,-0.19
A00822,2025-03-25,9.1,-0.0
A00822,2025-04-29,7.7,0.57
A00822,2025-05-29,8.1,0.57
A00822,2025-06-21,7.7,0.64
A00823,2025-01-31,6.3,0.2
A00823,2025-02-25,8.0,0.67
A00823,2025-03-25,6.5,0.3
A00823,2025-04-23,6.6,0.11
A00823,2025-05-28,6.5,0.53
A00823,2025-06-23,7.2,0.46
A00824,2025-01-31,6.0,0.34
A00824,2025-02-25,4.4,-0.06
A00824,2025-03-26,6.3,-0.05
A00824,2025-04-23,6.2,0.58
A00824,2025-05-23,5.1,-0.03
A00824,2025-06-28,8.5,0.27
A00825,2025-01-28,8.3,0.73
A00825,2025-02-22,7.1,0.63
A00825,2025-03-26,8.9,1.09
A00825,2025-04-30,7.5,0.72
A00825,2025-05-27,8.5,0.73
A00825,2025-06-24,9.0,0.45
A00826,2025-01-30,7.5,0.49
A00826,2025-02-24,9.4,0.87
A00826,2025-03-28,8.2,0.91
A00826,2025-04-28,8.2,0.36
A00826,2025-05-26,5.1,0.78
A00826,2025-06-25,9.7,0.84
A00827,2025-01-23,8.3,0.15
A00827,2025-02-24,7.3,0.36
A00827,2025-03-30,6.7,0.98
A00827,2025-04-26,8.6,-0.02
A00827,2025-05-23,7.4,0.48
A00827,2025-06-28,7.8,0.7
A00828,2025-01-25,8.7,0.44
A00828,2025-02-24,9.9,-0.11
A00828,2025-03-26,7.1,0.61
A00828,2025-04-23,7.5,0.41
A00828,2025-05-28,7.3,0.78
A00828,2025-06-22,8.1,0.5
A00829,2025-01-26,7.5,0.36
A00829,2025-02-28,7.8,0.75
A00829,2025-03-30,7.6,0.25
A00829,2025-04-21,9.8,0.51
A00829,2025-05-22,8.4,0.53
A00829,2025-06-30,9.5,0.43
A00830,2025-01-22,8.1,0.59
A00830,2025-02-26,7.5,0.5
A00830,2025-03-31,9.3,0.26
A00830,2025-04-22,7.9,0.83
A00830,2025-05-26,9.4,0.23
A00830,2025-06-27,7.9,0.74
A00831,2025-01-22,8.1,0.1
A00831,2025-02-26,7.0,0.09
A00831,2025-03-31,5.3,0.84
A00831,2025-04-30,8.2,0.56
A00831,2025-05-27,5.9,0.71
A00831,2025-06-23,7.0,0.54
A00832,2025-01-28,5.1,0.4
A00832,2025-02-19,6.8,1.43
A00832,2025-03-27,4.7,0.17
A00832,2025-04-25,5.1,0.78
A00832,2025-05-25,6.6,0.53
A00832,2025-06-25,7.1,0.32
A00833,2025-01-28,7.9,0.5
A00833,2025-02-25,9.7,0.42
A00833,2025-03-25,7.4,0.29
A00833,2025-04-24,7.4,0.39
A00833,2025-05-30,8.3,0.27
A00833,2025-06-30,8.1,0.45
A00834,2025-01-29,6.8,0.75
A00834,2025-02-26,7.9,0.34
A00834,2025-03-30,6.7,0.43
A00834,2025-04-24,8.6,0.27
A00834,2025-05-27,7.1,0.31
A00834,2025-06-21,6.9,0.4
A00835,2025-01-27,7.7,0.52
A00835,2025-02-19,7.7,0.77
A00835,2025-03-27,8.0,0.99
A00835,2025-04-25,7.0,0.14
A00835,2025-05-23,6.7,0.86
A00835,2025-06-29,4.7,0.32
A00836,2025-01-24,7.8,0.19
A00836,2025-02-25,7.7,0.99
A00836,2025-03-24,8.7,0.85
A00836,2025-04-30,8.5,0.01
A00836,2025-05-27,7.4,0.71
A00836,2025-06-29,7.8,0.29
A00837,2025-01-24,10.0,0.31
A00837,2025-02-19,8.2,1.19
A00837,2025-03-27,9.6,0.8
A00837,2025-04-25,9.6,1.16
A00837,2025-05-24,5.9,0.02
A00837,2025-06-24,8.3,0.42
A00838,2025-01-25,7.6,-0.15
A00838,2025-02-26,6.4,-0.2
A00838,2025-03-23,7.6,0.45
A00838,2025-04-26,5.0,0.52
A00838,2025-05-26,6.0,0.73
A00838,2025-06-29,5.4,0.44
A00839,2025-01-30,6.1,0.2
A00839,2025-02-24,5.7,0.61
A00839,2025-03-26,6.0,0.05
A00839,2025-04-26,9.4,0.84
A00839,2025-05-29,7.0,0.78
A00839,2025-06-24,6.0,0.04
A00840,2025-01-26,9.1,0.25
A00840,2025-02-26,7.5,0.62
A00840,2025-03-22,7.7,0.4
A00840,2025-04-25,4.6,0.41
A00840,2025-05-30,7.7,0.31
A00840,2025-06-23,8.2,0.44
A00841,2025-01-29,6.6,0.32
A00841,2025-02-21,7.5,0.45
A00841,2025-03-22,6.7,-0.26
A00841,2025-04-22,6.0,0.4
A00841,2025-05-26,7.6,0.82
A00841,2025-06-23,6.7,0.07
A00842,2025-01-23,8.7,0.49
A00842,2025-02-20,6.5,1.37
A00842,2025-03-26,8.7,0.38
A00842,2025-04-21,7.2,1.03
A00842,2025-05-29,7.7,0.67
A00842,2025-06-30,8.3,0.98
A00843,2025-01-30,8.6,0.4
A00843,2025-02-21,7.1,0.33
A00843,2025-03-26,9.7,0.44
A00843,2025-04-24,7.5,0.83
A00843,2025-05-22,6.9,0.54
A00843,2025-06-26,5.5,0.76
A00844,2025-01-31,7.9,1.06
A00844,2025-02-27,7.7,0.48
A00844,2025-03-27,6.7,1.08
A00844,2025-04-27,9.1,0.29
A00844,2025-05-26,7.3,0.44
A00844,2025-06-29,7.3,0.51
A00845,2025-01-27,6.3,0.36
A00845,2025-02-24,5.6,0.69
A00845,2025-03-22,6.3,0.83
A00845,2025-04-21,4.9,0.29
A00845,2025-05-23,7.0,0.45
A00845,2025-06-24,6.6,0.04
A00846,2025-01-26,6.5,0.12
A00846,2025-02-19,7.6,0.25
A00846,2025-03-25,6.5,0.79
A00846,2025-04-27,8.1,0.39
A00846,2025-05-26,8.1,0.42
A00846,2025-06-29,6.4,0.62
A00847,2025-01-30,6.8,0.56
A00847,2025-02-23,9.6,0.73
A00847,2025-03-28,7.8,0.56
A00847,2025-04-22,7.4,0.27
A00847,2025-05-22,8.3,0.79
A00847,2025-06-26,6.2,1.28
A00848,2025-01-28,7.6,0.6
A00848,2025-02-26,5.9,0.38
A00848,2025-03-29,6.1,0.85
A00848,2025-04-27,4.6,0.45
A00848,2025-05-30,6.8,0.7
A00848,2025-06-22,6.7,0.48
A00849,2025-01-30,5.2,0.44
A00849,2025-02-24,6.0,0.5
A00849,2025-03-25,7.5,-0.72
A00849,2025-04-22,5.5,0.9
A00849,2025-05-28,5.5,-0.03
A00849,2025-06-22,6.0,0.25
A00850,2025-01-28,8.4,1.06
A00850,2025-02-23,7.0,0.52
A00850,2025-03-24,6.2,0.64
A00850,2025-04-29,7.2,0.8
A00850,2025-05-25,7.1,-0.01
A00850,2025-06-25,7.2,0.52
A00851,2025-01-26,7.5,0.57
A00851,2025-02-23,5.6,0.1
A00851,2025-03-25,6.9,0.79
A00851,2025-04-28,7.8,0.53
A00851,2025-05-29,8.1,0.28
A00851,2025-06-29,8.0,1.0
A00852,2025-01-25,8.1,0.11
A00852,2025-02-19,7.1,0.74
A00852,2025-03-26,7.2,0.93
A00852,2025-04-25,9.6,0.37
A00852,2025-05-23,7.9,0.75
A00852,2025-06-25,6.7,0.95
A00853,2025-01-22,6.2,0.59
A00853,2025-02-19,6.1,0.49
A00853,2025-03-30,8.7,0.78
A00853,2025-04-27,6.9,0.74
A00853,2025-05-22,8.5,0.58
A00853,2025-06-27,9.0,0.34
A00854,2025-01-27,8.7,1.13
A00854,2025-02-24,8.4,0.37
A00854,2025-03-29,8.0,0.66
A00854,2025-04-26,6.2,0.67
A00854,2025-05-26,6.9,0.46
A00854,2025-06-30,6.0,0.51
A00855,2025-01-26,7.3,0.25
A00855,2025-02-22,7.0,0.54
A00855,2025-03-26,6.6,0.01
A00855,2025-04-29,5.6,0.41
A00855,2025-05-30,6.8,0.09
A00855,2025-06-30,7.9,0.27
A00856,2025-01-28,8.6,1.02
A00856,2025-02-26,8.9,0.08
A00856,2025-03-30,6.8,0.25
A00856,2025-04-23,7.6,0.37
A00856,2025-05-23,6.8,0.5
A00856,2025-06-30,6.9,0.68
A00857,2025-01-29,7.6,0.33
A00857,2025-02-20,8.9,0.73
A00857,2025-03-23,8.5,0.82
A00857,2025-04-30,7.8,0.64
A00857,2025-05-24,8.7,1.02
A00857,2025-06-24,7.2,0.54
A00858,2025-01-27,6.4,0.5
A00858,2025-02-24,7.1,0.46
A00858,2025-03-27,7.2,0.65
A00858,2025-04-24,8.5,-0.03
A00858,2025-05-22,8.4,0.31
A00858,2025-06-25,9.2,1.0
A00859,2025-01-23,6.4,0.47
A00859,2025-02-19,8.4,0.51
A00859,2025-03-30,7.1,0.5
A00859,2025-04-27,6.9,0.37
A00859,2025-05-30,6.8,0.3
A00859,2025-06-30,8.2,0.58
A00860,2025-01-26,9.4,-0.06
A00860,2025-02-20,7.1,0.51
A00860,2025-03-26,8.0,0.68
A00860,2025-04-30,7.8,0.16
A00860,2025-05-30,6.9,0.49
A00860,2025-06-30,7.9,-0.2
A00861,2025-01-25,4.8,0.33
A00861,2025-02-21,4.9,0.72
A00861,2025-03-25,6.2,1.02
A00861,2025-04-25,6.7,0.62
A00861,2025-05-22,5.8,0.33
A00861,2025-06-26,6.2,0.19
A00862,2025-01-22,6.7,0.01
A00862,2025-02-21,7.9,0.46
A00862,2025-03-31,9.1,0.7
A00862,2025-04-25,7.0,0.4
A00862,2025-05-27,6.5,0.57
A00862,2025-06-29,9.0,0.27
A00863,2025-01-26,7.3,0.53
A00863,2025-02-19,6.2,0.09
A00863,2025-03-31,5.7,0.86
A00863,2025-04-21,7.7,0.44
A00863,2025-05-27,9.1,0.49
A00863,2025-06-27,7.9,0.97
A00864,2025-01-25,6.6,0.15
A00864,2025-02-26,8.5,0.41
A00864,2025-03-26,8.6,1.17
A00864,2025-04-30,7.9,0.59
A00864,2025-05-24,8.2,0.31
A00864,2025-06-25,8.8,0.53
A00865,2025-01-31,8.4,0.51
A00865,2025-02-22,8.4,0.31
A00865,2025-03-30,6.5,0.77
A00865,2025-04-21,6.9,0.17
A00865,2025-05-30,9.2,0.52
A00865,2025-06-30,7.6,0.11
A00866,2025-01-30,6.3,0.58
A00866,2025-02-19,7.8,0.45
A00866,2025-03-28,8.3,-0.07
A00866,2025-04-25,9.2,0.26
A00866,2025-05-22,6.7,0.15
A00866,2025-06-25,8.8,0.41
A00867,2025-01-31,8.0,0.87
A00867,2025-02-23,5.8,0.25
A00867,2025-03-27,8.1,0.14
A00867,2025-04-24,6.0,0.62
A00867,2025-05-25,6.4,-0.02
A00867,2025-06-29,6.1,0.6
A00868,2025-01-26,6.9,0.74
A00868,2025-02-21,6.2,0.76
A00868,2025-03-31,7.5,0.47
A00868,2025-04-21,7.7,-0.04
A00868,2025-05-28,7.0,0.38
A00868,2025-06-24,4.2,0.49
A00869,2025-01-28,9.7,0.76
A00869,2025-02-23,7.8,1.03
A00869,2025-03-26,8.5,0.88
A00869,2025-04-23,9.1,1.3
A00869,2025-05-23,9.2,0.61
A00869,2025-06-29,8.4,0.91
A00870,2025-01-25,7.6,0.4
A00870,2025-02-25,7.8,0.59
A00870,2025-03-28,7.8,0.69
A00870,2025-04-28,7.6,0.82
A00870,2025-05-22,6.3,0.5
A00870,2025-06-27,7.3,0.03
A00871,2025-01-23,10.0,0.64
A00871,2025-02-21,7.7,0.03
A00871,2025-03-29,9.2,0.56
A00871,2025-04-25,8.1,0.13
A00871,2025-05-25,7.1,0.83
A00871,2025-06-24,8.4,0.59
A00872,2025-01-28,6.2,1.01
A00872,2025-02-22,7.8,0.46
A00872,2025-03-29,8.3,0.33
A00872,2025-04-25,8.6,0.88
A00872,2025-05-22,7.8,0.03
A00872,2025-06-22,8.4,0.59
A00873,2025-01-27,6.0,0.76
A00873,2025-02-28,7.9,0.25
A00873,2025-03-26,9.3,1.04
A00873,2025-04-24,7.7,0.23
A00873,2025-05-25,6.5,0.29
A00873,2025-06-26,8.6,0.95
A00874,2025-01-22,8.1,0.87
A00874,2025-02-27,9.5,0.82
A00874,2025-03-30,7.7,0.96
A00874,2025-04-22,7.7,0.95
A00874,2025-05-24,8.7,1.04
A00874,2025-06-29,8.1,0.89
A00875,2025-01-24,8.7,0.94
A00875,2025-02-28,7.4,0.73
A00875,2025-03-24,7.9,0.52
A00875,2025-04-21,7.6,0.93
A00875,2025-05-30,10.0,0.67
A00875,2025-06-25,7.7,0.9
A00876,2025-01-25,8.8,0.42
A00876,2025-02-25,7.4,0.63
A00876,2025-03-29,8.9,0.21
A00876,2025-04-28,8.7,1.16
A00876,2025-05-23,8.7,0.57
A00876,2025-06-30,6.6,-0.08
A00877,2025-01-29,7.5,0.16
A00877,2025-02-22,9.3,0.39
A00877,2025-03-27,7.8,0.75
A00877,2025-04-28,8.1,0.24
A00877,2025-05-31,7.6,0.42
A00877,2025-06-26,8.4,0.31
A00878,2025-01-28,7.5,-0.11
A00878,2025-02-26,6.9,0.35
A00878,2025-03-28,4.9,-0.39
A00878,2025-04-21,6.2,0.37
A00878,2025-05-25,6.0,0.66
A00878,2025-06-22,7.6,0.18
A00879,2025-01-29,8.1,0.69
A00879,2025-02-23,8.7,1.14
A00879,2025-03-22,7.9,0.71
A00879,2025-04-21,7.4,0.5
A00879,2025-05-22,9.4,0.78
A00879,2025-06-29,8.1,0.39
A00880,2025-01-22,7.7,0.14
A00880,2025-02-25,7.4,-0.1
A00880,2025-03-22,5.7,0.64
A00880,2025-04-26,7.7,0.89
A00880,2025-05-27,8.7,0.1
A00880,2025-06-21,5.7,0.41
A00881,2025-01-25,9.8,0.84
A00881,2025-02-22,6.5,0.13
A00881,2025-03-24,7.2,-0.03
A00881,2025-04-23,7.3,0.51
A00881,2025-05-24,7.6,0.76
A00881,2025-06-22,7.8,0.6
A00882,2025-01-30,6.9,0.7
A00882,2025-02-22,7.6,0.31
A00882,2025-03-28,6.9,1.04
A00882,2025-04-27,7.4,-0.21
A00882,2025-05-24,9.6,0.54
A00882,2025-06-28,7.9,0.47
A00883,2025-01-23,7.4,0.14
A00883,2025-02-27,6.9,0.76
A00883,2025-03-22,8.4,0.39
A00883,2025-04-25,7.9,0.11
A00883,2025-05-26,6.7,1.22
A00883,2025-06-21,7.0,0.73
A00884,2025-01-23,7.5,0.13
A00884,2025-02-27,8.7,0.15
A00884,2025-03-26,8.4,0.47
A00884,2025-04-25,6.6,0.34
A00884,2025-05-26,4.7,0.48
A00884,2025-06-22,6.3,0.06
A00885,2025-01-24,5.5,0.35
A00885,2025-02-23,6.1,0.59
A00885,2025-03-27,7.7,0.65
A00885,2025-04-23,6.3,0.05
A00885,2025-05-22,7.7,0.03
A00885,2025-06-27,5.6,0.09
A00886,2025-01-29,7.3,0.95
A00886,2025-02-25,7.8,0.43
A00886,2025-03-30,7.9,0.92
A00886,2025-04-28,7.3,0.67
A00886,2025-05-30,6.4,0.43
A00886,2025-06-26,7.7,0.48
A00887,2025-01-23,7.2,0.41
A00887,2025-02-19,9.1,0.66
A00887,2025-03-29,6.9,0.68
A00887,2025-04-22,7.0,0.27
A00887,2025-05-24,7.6,1.04
A00887,2025-06-30,6.6,0.86
A00888,2025-01-24,7.1,0.68
A00888,2025-02-19,6.1,0.74
A00888,2025-03-26,7.6,0.55
A00888,2025-04-28,8.6,0.29
A00888,2025-05-29,5.3,0.42
A00888,2025-06-22,9.9,0.42
A00889,2025-01-25,6.0,0.56
A00889,2025-02-19,6.1,-0.07
A00889,2025-03-23,6.9,0.41
A00889,2025-04-29,7.8,0.5
A00889,2025-05-25,8.0,0.33
A00889,2025-06-30,4.9,0.2
A00890,2025-01-28,6.9,0.88
A00890,2025-02-23,8.1,0.55
A00890,2025-03-26,6.5,0.59
A00890,2025-04-27,6.8,0.03
A00890,2025-05-31,4.9,0.15
A00890,2025-06-26,6.4,0.08
A00891,2025-01-31,7.3,0.29
A00891,2025-02-24,7.7,0.46
A00891,2025-03-26,5.3,0.45
A00891,2025-04-28,7.8,0.14
A00891,2025-05-24,7.9,0.38
A00891,2025-06-23,7.6,-0.37
A00892,2025-01-23,6.4,0.37
A00892,2025-02-22,7.7,0.13
A00892,2025-03-23,5.7,0.22
A00892,2025-04-21,7.0,0.43
A00892,2025-05-29,7.6,-0.14
A00892,2025-06-27,9.1,0.26
A00893,2025-01-22,7.3,0.25
A00893,2025-02-22,6.8,0.76
A00893,2025-03-28,7.4,0.48
A00893,2025-04-21,6.5,0.86
A00893,2025-05-28,8.7,0.6
A00893,2025-06-22,7.2,0.21
A00894,2025-01-22,7.0,0.29
A00894,2025-02-25,7.6,0.36
A00894,2025-03-28,5.0,-0.09
A00894,2025-04-25,7.4,0.13
A00894,2025-05-26,7.2,0.2
A00894,2025-06-25,6.0,-0.12
A00895,2025-01-22,7.8,0.53
A00895,2025-02-26,7.5,1.03
A00895,2025-03-27,8.2,0.18
A00895,2025-04-24,7.6,0.49
A00895,2025-05-28,9.9,0.5
A00895,2025-06-21,8.1,0.73
A00896,2025-01-30,6.9,0.62
A00896,2025-02-20,5.5,0.85
A00896,2025-03-30,8.4,0.58
A00896,2025-04-22,5.1,0.12
A00896,2025-05-31,5.4,0.32
A00896,2025-06-21,5.7,0.28
A00897,2025-01-31,7.4,0.87
A00897,2025-02-23,6.8,0.57
A00897,2025-03-26,8.1,0.31
A00897,2025-04-21,8.0,-0.07
A00897,2025-05-28,8.1,0.89
A00897,2025-06-22,8.5,0.58
A00898,2025-01-28,5.8,0.36
A00898,2025-02-25,6.0,0.26
A00898,2025-03-22,6.4,0.27
A00898,2025-04-21,6.8,0.54
A00898,2025-05-30,8.3,0.64
A00898,2025-06-24,8.3,0.52
A00899,2025-01-29,7.0,0.51
A00899,2025-02-25,5.2,0.47
A00899,2025-03-30,7.2,0.62
A00899,2025-04-21,7.1,0.33
A00899,2025-05-23,5.7,0.59
A00899,2025-06-22,6.8,0.49
A00900,2025-01-31,8.7,0.33
A00900,2025-02-28,7.7,0.7
A00900,2025-03-27,9.2,0.93
A00900,2025-04-23,7.5,0.83
A00900,2025-05-31,9.7,-0.04
A00900,2025-06-21,8.9,0.88
A00901,2025-01-24,7.8,0.28
A00901,2025-02-22,6.7,0.77
A00901,2025-03-29,6.5,0.78
A00901,2025-04-26,8.3,0.01
A00901,2025-05-27,6.4,0.5
A00901,2025-06-24,6.6,0.47
A00902,2025-01-30,8.3,0.38
A00902,2025-02-22,8.8,0.85
A00902,2025-03-26,8.7,0.22
A00902,2025-04-26,8.7,0.47
A00902,2025-05-29,7.9,0.59
A00902,2025-06-28,6.0,0.72
A00903,2025-01-31,7.5,0.02
A00903,2025-02-20,6.4,0.33
A00903,2025-03-24,8.1,0.25
A00903,2025-04-27,8.1,0.26
A00903,2025-05-29,7.1,0.3
A00903,2025-06-30,7.6,0.24
A00904,2025-01-25,6.7,-0.07
A00904,2025-02-24,7.5,0.43
A00904,2025-03-30,6.0,-0.14
A00904,2025-04-24,6.9,1.12
A00904,2025-05-25,7.5,-0.01
A00904,2025-06-22,7.2,0.01
A00905,2025-01-31,9.5,0.69
A00905,2025-02-19,8.8,0.74
A00905,2025-03-29,8.2,0.83
A00905,2025-04-25,9.7,0.5
A00905,2025-05-30,8.0,0.86
A00905,2025-06-24,9.1,0.64
A00906,2025-01-28,6.1,0.69
A00906,2025-02-28,8.0,0.84
A00906,2025-03-27,7.5,0.16
A00906,2025-04-23,6.5,-0.08
A00906,2025-05-26,7.0,0.56
A00906,2025-06-24,7.8,0.65
A00907,2025-01-26,7.9,0.31
A00907,2025-02-20,6.3,-0.02
A00907,2025-03-24,5.8,0.38
A00907,2025-04-29,8.6,-0.13
A00907,2025-05-30,6.7,-0.01
A00907,2025-06-26,7.8,0.03
A00908,2025-01-24,8.8,0.26
A00908,2025-02-23,8.4,1.07
A00908,2025-03-27,8.0,0.87
A00908,2025-04-25,6.0,0.5
A00908,2025-05-28,8.6,0.69
A00908,2025-06-26,7.4,0.97
A00909,2025-01-24,9.7,0.91
A00909,2025-02-27,8.2,0.45
A00909,2025-03-28,8.4,0.41
A00909,2025-04-28,7.9,0.71
A00909,2025-05-28,9.4,1.05
A00909,2025-06-27,8.0,0.14
A00910,2025-01-25,9.2,0.54
A00910,2025-02-27,9.5,0.21
A00910,2025-03-27,8.3,1.09
A00910,2025-04-30,7.9,0.71
A00910,2025-05-30,6.8,0.4
A00910,2025-06-29,8.2,0.63
A00911,2025-01-27,8.2,0.6
A00911,2025-02-25,8.7,0.39
A00911,2025-03-25,7.4,0.4
A00911,2025-04-24,9.0,0.84
A00911,2025-05-25,7.2,0.94
A00911,2025-06-27,9.6,0.12
A00912,2025-01-31,6.9,0.41
A00912,2025-02-23,7.0,0.44
A00912,2025-03-27,7.1,0.35
A00912,2025-04-30,7.3,0.55
A00912,2025-05-22,7.7,0.47
A00912,2025-06-29,6.8,0.58
A00913,2025-01-26,8.9,0.94
A00913,2025-02-20,7.3,0.95
A00913,2025-03-30,7.5,0.75
A00913,2025-04-26,8.0,0.62
A00913,2025-05-27,7.1,1.09
A00913,2025-06-24,8.3,0.7
A00914,2025-01-25,7.8,0.31
A00914,2025-02-28,6.8,0.38
A00914,2025-03-30,6.9,0.29
A00914,2025-04-24,6.7,0.47
A00914,2025-05-23,10.0,0.12
A00914,2025-06-23,6.2,0.93
A00915,2025-01-27,8.9,0.38
A00915,2025-02-20,7.8,0.55
A00915,2025-03-26,7.6,0.84
A00915,2025-04-27,7.5,0.36
A00915,2025-05-26,7.5,0.2
A00915,2025-06-24,7.7,0.99
A00916,2025-01-26,8.2,0.76
A00916,2025-02-22,7.9,0.67
A00916,2025-03-24,6.9,0.79
A00916,2025-04-26,8.7,0.45
A00916,2025-05-29,9.2,0.99
A00916,2025-06-24,7.8,0.83
A00917,2025-01-29,7.9,0.16
A00917,2025-02-28,7.2,0.1
A00917,2025-03-25,9.7,0.66
A00917,2025-04-27,6.8,0.81
A00917,2025-05-28,9.6,0.3
A00917,2025-06-22,7.9,0.81
A00918,2025-01-24,5.7,0.63
A00918,2025-02-20,6.6,0.56
A00918,2025-03-27,7.7,0.68
A00918,2025-04-25,8.5,0.74
A00918,2025-05-26,8.1,0.41
A00918,2025-06-26,7.6,0.71
A00919,2025-01-24,4.8,0.45
A00919,2025-02-24,8.9,0.69
A00919,2025-03-25,7.8,0.27
A00919,2025-04-28,6.0,-0.03
A00919,2025-05-27,6.0,0.62
A00919,2025-06-27,5.2,0.56
A00920,2025-01-29,8.0,0.37
A00920,2025-02-24,8.8,0.49
A00920,2025-03-31,8.1,0.86
A00920,2025-04-27,7.4,1.0
A00920,2025-05-25,8.0,0.54
A00920,2025-06-29,8.6,1.01
A00921,2025-01-30,8.2,0.11
A00921,2025-02-20,7.5,0.93
A00921,2025-03-23,7.6,0.77
A00921,2025-04-24,6.7,1.07
A00921,2025-05-27,7.6,-0.05
A00921,2025-06-21,8.3,0.53
A00922,2025-01-25,7.5,1.29
A00922,2025-02-24,9.0,1.21
A00922,2025-03-28,8.8,0.78
A00922,2025-04-24,7.9,0.56
A00922,2025-05-23,10.0,0.03
A00922,2025-06-24,9.7,0.41
A00923,2025-01-30,7.9,0.88
A00923,2025-02-23,9.8,0.9
A00923,2025-03-26,8.6,0.94
A00923,2025-04-26,8.7,0.91
A00923,2025-05-22,7.9,0.68
A00923,2025-06-26,8.8,0.92
A00924,2025-01-29,5.5,0.43
A00924,2025-02-26,6.9,0.23
A00924,2025-03-26,6.0,0.28
A00924,2025-04-24,6.4,0.32
A00924,2025-05-24,5.9,-0.26
A00924,2025-06-27,8.3,0.5
A00925,2025-01-22,7.6,1.0
A00925,2025-02-23,9.0,0.04
A00925,2025-03-26,7.9,0.95
A00925,2025-04-30,6.6,0.52
A00925,2025-05-25,7.3,0.55
A00925,2025-06-30,6.8,0.41
A00926,2025-01-27,7.8,0.14
A00926,2025-02-27,7.3,0.35
A00926,2025-03-22,5.3,0.09
A00926,2025-04-25,6.2,-0.01
A00926,2025-05-29,6.9,0.48
A00926,2025-06-27,7.1,0.97
A00927,2025-01-22,8.4,0.51
A00927,2025-02-24,9.5,0.48
A00927,2025-03-26,7.5,0.64
A00927,2025-04-24,8.3,0.84
A00927,2025-05-24,8.0,0.28
A00927,2025-06-29,7.5,0.6
A00928,2025-01-26,8.4,0.4
A00928,2025-02-28,9.2,0.2
A00928,2025-03-24,8.6,0.71
A00928,2025-04-29,9.8,0.75
A00928,2025-05-31,9.9,0.51
A00928,2025-06-28,8.5,0.56
A00929,2025-01-23,7.2,0.0
A00929,2025-02-24,7.5,0.36
A00929,2025-03-27,5.4,0.3
A00929,2025-04-30,7.1,0.16
A00929,2025-05-26,6.1,0.39
A00929,2025-06-22,7.5,0.44
A00930,2025-01-30,8.5,0.67
A00930,2025-02-26,7.4,0.98
A00930,2025-03-27,6.8,0.65
A00930,2025-04-30,5.2,0.87
A00930,2025-05-28,8.6,0.24
A00930,2025-06-29,9.2,0.65
A00931,2025-01-26,6.9,0.71
A00931,2025-02-28,8.1,0.59
A00931,2025-03-26,6.2,0.84
A00931,2025-04-26,6.9,0.54
A00931,2025-05-23,7.7,0.14
A00931,2025-06-30,6.2,0.44
A00932,2025-01-30,5.7,0.5
A00932,2025-02-20,6.3,0.26
A00932,2025-03-30,4.2,0.19
A00932,2025-04-21,6.8,0.46
A00932,2025-05-29,7.0,0.21
A00932,2025-06-28,8.1,0.59
A00933,2025-01-28,7.7,0.63
A00933,2025-02-28,7.9,0.53
A00933,2025-03-25,9.7,0.81
A00933,2025-04-25,8.0,0.73
A00933,2025-05-27,7.5,0.21
A00933,2025-06-24,7.7,0.24
A00934,2025-01-24,7.9,0.44
A00934,2025-02-24,9.0,1.32
A00934,2025-03-27,8.9,0.6
A00934,2025-04-26,7.0,0.4
A00934,2025-05-24,8.2,0.73
A00934,2025-06-29,7.3,0.08
A00935,2025-01-23,8.5,0.14
A00935,2025-02-22,8.2,0.54
A00935,2025-03-23,7.9,1.04
A00935,2025-04-28,8.6,-0.06
A00935,2025-05-23,5.7,0.88
A00935,2025-06-26,7.2,0.6
A00936,2025-01-26,5.1,0.22
A00936,2025-02-20,6.7,0.1
A00936,2025-03-30,6.9,0.48
A00936,2025-04-30,6.5,0.61
A00936,2025-05-28,8.3,0.84
A00936,2025-06-22,6.4,-0.0
A00937,2025-01-29,7.6,0.36
A00937,2025-02-27,7.0,0.47
A00937,2025-03-22,6.5,0.14
A00937,2025-04-28,8.1,0.39
A00937,2025-05-26,7.2,0.23
A00937,2025-06-21,6.8,-0.02
A00938,2025-01-27,8.6,0.44
A00938,2025-02-22,7.7,0.0
A00938,2025-03-24,6.4,1.13
A00938,2025-04-28,5.1,0.7
A00938,2025-05-23,7.4,0.43
A00938,2025-06-21,6.2,0.25
A00939,2025-01-28,9.2,0.2
A00939,2025-02-23,8.3,0.56
A00939,2025-03-26,9.5,0.54
A00939,2025-04-26,8.4,1.02
A00939,2025-05-31,9.6,0.33
A00939,2025-06-27,9.8,0.48
A00940,2025-01-23,8.2,0.4
A00940,2025-02-19,8.4,0.29
A00940,2025-03-25,9.3,0.67
A00940,2025-04-22,7.5,0.62
A00940,2025-05-27,7.4,0.15
A00940,2025-06-26,7.3,0.18
A00941,2025-01-29,6.0,0.57
A00941,2025-02-21,9.3,0.88
A00941,2025-03-30,9.0,0.56
A00941,2025-04-29,8.0,0.31
A00941,2025-05-22,9.0,0.79
A00941,2025-06-23,9.7,0.85
A00942,2025-01-22,5.6,0.68
A00942,2025-02-22,8.3,0.53
A00942,2025-03-23,7.8,0.82
A00942,2025-04-30,7.9,0.58
A00942,2025-05-22,9.7,0.51
A00942,2025-06-27,8.3,0.66
A00943,2025-01-22,7.7,1.02
A00943,2025-02-26,10.0,0.71
A00943,2025-03-25,9.5,0.43
A00943,2025-04-30,8.9,0.82
A00943,2025-05-29,9.5,0.8
A00943,2025-06-23,8.5,0.54
A00944,2025-01-28,8.1,0.62
A00944,2025-02-27,9.2,0.5
A00944,2025-03-29,9.4,1.16
A00944,2025-04-27,9.1,0.8
A00944,2025-05-30,9.1,0.95
A00944,2025-06-27,7.2,0.41
A00945,2025-01-27,9.0,-0.17
A00945,2025-02-24,8.6,0.47
A00945,2025-03-26,7.7,-0.11
A00945,2025-04-27,6.9,0.64
A00945,2025-05-30,8.3,0.52
A00945,2025-06-26,8.8,0.48
A00946,2025-01-31,7.3,0.18
A00946,2025-02-27,7.2,0.28
A00946,2025-03-26,7.1,0.53
A00946,2025-04-26,6.8,0.33
A00946,2025-05-22,6.9,0.1
A00946,2025-06-22,7.7,0.13
A00947,2025-01-28,8.6,0.76
A00947,2025-02-21,9.2,0.71
A00947,2025-03-22,8.0,0.01
A00947,2025-04-29,7.7,1.05
A00947,2025-05-26,10.0,1.06
A00947,2025-06-21,8.1,0.56
A00948,2025-01-27,8.5,0.5
A00948,2025-02-25,8.9,0.23
A00948,2025-03-29,6.6,0.64
A00948,2025-04-24,8.8,0.71
A00948,2025-05-28,9.7,0.19
A00948,2025-06-24,8.2,0.41
A00949,2025-01-22,6.4,0.84
A00949,2025-02-22,7.9,0.81
A00949,2025-03-24,7.7,0.89
A00949,2025-04-25,7.2,0.48
A00949,2025-05-27,7.7,0.64
A00949,2025-06-22,6.2,0.84
A00950,2025-01-28,6.9,0.46
A00950,2025-02-23,8.2,0.62
A00950,2025-03-27,4.9,0.58
A00950,2025-04-25,8.2,0.12
A00950,2025-05-26,7.4,0.73
A00950,2025-06-22,6.4,0.64
A00951,2025-01-28,7.3,0.44
A00951,2025-02-26,8.2,0.81
A00951,2025-03-30,7.9,0.56
A00951,2025-04-24,6.9,0.09
A00951,2025-05-30,6.8,1.12
A00951,2025-06-21,8.6,0.88
A00952,2025-01-27,6.2,0.25
A00952,2025-02-22,4.9,0.16
A00952,2025-03-28,4.9,0.53
A00952,2025-04-26,6.5,0.7
A00952,2025-05-28,8.6,0.69
A00952,2025-06-21,7.0,0.31
A00953,2025-01-27,8.2,0.1
A00953,2025-02-27,7.0,0.43
A00953,2025-03-28,5.3,0.39
A00953,2025-04-22,6.7,0.74
A00953,2025-05-30,6.2,0.72
A00953,2025-06-30,6.3,0.25
A00954,2025-01-23,8.3,0.19
A00954,2025-02-28,8.2,0.46
A00954,2025-03-28,6.6,0.65
A00954,2025-04-22,8.6,0.1
A00954,2025-05-25,6.7,0.67
A00954,2025-06-27,8.2,0.58
A00955,2025-01-25,7.3,-0.04
A00955,2025-02-20,7.6,0.73
A00955,2025-03-29,5.8,0.26
A00955,2025-04-23,6.8,0.48
A00955,2025-05-24,7.5,0.17
A00955,2025-06-29,4.3,0.83
A00956,2025-01-27,9.1,0.67
A00956,2025-02-23,7.9,0.45
A00956,2025-03-22,9.1,0.92
A00956,2025-04-28,8.6,0.62
A00956,2025-05-28,7.4,0.92
A00956,2025-06-25,7.1,0.86
A00957,2025-01-27,8.4,0.71
A00957,2025-02-23,8.4,0.54
A00957,2025-03-29,8.5,0.63
A00957,2025-04-21,8.4,0.81
A00957,2025-05-29,7.9,0.42
A00957,2025-06-25,8.1,0.58
A00958,2025-01-23,6.4,0.14
A00958,2025-02-25,6.4,0.44
A00958,2025-03-23,7.0,0.59
A00958,2025-04-21,7.2,0.12
A00958,2025-05-25,5.7,0.41
A00958,2025-06-21,8.5,0.21
A00959,2025-01-23,7.8,0.7
A00959,2025-02-19,10.0,0.61
A00959,2025-03-30,8.1,-0.03
A00959,2025-04-29,8.8,1.2
A00959,2025-05-27,8.0,0.26
A00959,2025-06-24,7.1,0.51
A00960,2025-01-26,6.1,0.12
A00960,2025-02-23,5.8,-0.08
A00960,2025-03-28,7.9,0.47
A00960,2025-04-24,8.3,0.64
A00960,2025-05-27,5.4,0.05
A00960,2025-06-22,6.2,0.24
A00961,2025-01-29,9.5,1.05
A00961,2025-02-27,7.2,0.53
A00961,2025-03-31,7.2,0.94
A00961,2025-04-22,7.1,0.67
A00961,2025-05-29,9.8,0.63
A00961,2025-06-26,8.9,0.7
A00962,2025-01-30,6.3,0.1
A00962,2025-02-24,5.1,0.97
A00962,2025-03-27,8.4,0.33
A00962,2025-04-23,7.9,0.22
A00962,2025-05-27,7.0,0.3
A00962,2025-06-21,6.2,0.37
A00963,2025-01-23,6.5,0.48
A00963,2025-02-20,8.4,0.52
A00963,2025-03-31,10.0,0.49
A00963,2025-04-27,9.4,0.02
A00963,2025-05-30,9.6,0.7
A00963,2025-06-26,9.0,0.79
A00964,2025-01-30,7.9,0.86
A00964,2025-02-20,5.9,0.41
A00964,2025-03-27,6.6,0.84
A00964,2025-04-28,6.8,-0.11
A00964,2025-05-22,8.7,0.96
A00964,2025-06-22,9.4,0.06
A00965,2025-01-22,8.9,0.75
A00965,2025-02-28,7.4,1.04
A00965,2025-03-28,9.0,0.16
A00965,2025-04-21,7.4,0.34
A00965,2025-05-24,7.4,0.95
A00965,2025-06-25,7.1,0.48
A00966,2025-01-22,7.0,0.6
A00966,2025-02-28,8.4,0.52
A00966,2025-03-28,8.5,0.39
A00966,2025-04-23,8.5,0.51
A00966,2025-05-26,8.9,0.78
A00966,2025-06-26,8.0,1.37
A00967,2025-01-24,5.9,0.6
A00967,2025-02-25,6.5,0.55
A00967,2025-03-30,7.1,0.51
A00967,2025-04-23,5.6,0.16
A00967,2025-05-23,6.4,0.82
A00967,2025-06-25,7.4,0.47
A00968,2025-01-31,9.9,0.33
A00968,2025-02-20,8.4,0.78
A00968,2025-03-22,7.2,0.21
A00968,2025-04-22,8.0,0.55
A00968,2025-05-25,7.2,0.77
A00968,2025-06-24,7.4,0.24
A00969,2025-01-24,8.0,0.19
A00969,2025-02-20,8.4,-0.1
A00969,2025-03-26,6.1,0.73
A00969,2025-04-25,5.9,0.58
A00969,2025-05-26,6.8,0.38
A00969,2025-06-21,5.9,0.47
A00970,2025-01-27,6.8,0.44
A00970,2025-02-26,6.9,0.23
A00970,2025-03-26,7.8,0.55
A00970,2025-04-28,7.7,0.45
A00970,2025-05-29,9.0,1.23
A00970,2025-06-29,7.5,0.64
A00971,2025-01-22,6.8,0.28
A00971,2025-02-27,7.6,0.05
A00971,2025-03-28,6.8,-0.21
A00971,2025-04-23,6.2,0.35
A00971,2025-05-31,8.6,0.69
A00971,2025-06-21,7.7,0.69
A00972,2025-01-24,7.4,0.7
A00972,2025-02-21,5.9,0.13
A00972,2025-03-31,5.3,0.73
A00972,2025-04-27,6.3,-0.14
A00972,2025-05-28,8.3,0.67
A00972,2025-06-21,6.0,0.56
A00973,2025-01-31,7.0,0.2
A00973,2025-02-23,5.9,0.69
A00973,2025-03-23,6.8,0.63
A00973,2025-04-22,7.2,0.19
A00973,2025-05-26,7.9,0.46
A00973,2025-06-28,6.8,0.35
A00974,2025-01-31,9.0,0.63
A00974,2025-02-25,10.0,0.65
A00974,2025-03-29,9.0,0.14
A00974,2025-04-21,8.0,0.62
A00974,2025-05-30,8.6,0.11
A00974,2025-06-29,10.0,0.9
A00975,2025-01-23,9.1,0.7
A00975,2025-02-24,7.4,0.48
A00975,2025-03-22,6.6,0.54
A00975,2025-04-21,8.9,0.6
A00975,2025-05-23,7.0,0.21
A00975,2025-06-21,8.6,0.96
A00976,2025-01-29,6.5,0.66
A00976,2025-02-20,6.0,0.26
A00976,2025-03-24,6.7,0.25
A00976,2025-04-26,7.0,0.54
A00976,2025-05-23,8.7,0.39
A00976,2025-06-26,7.6,0.66
A00977,2025-01-22,5.9,0.88
A00977,2025-02-27,8.9,0.33
A00977,2025-03-29,7.0,0.43
A00977,2025-04-23,7.8,0.22
A00977,2025-05-29,8.3,0.91
A00977,2025-06-29,8.0,0.48
A00978,2025-01-26,7.5,0.26
A00978,2025-02-26,6.6,0.26
A00978,2025-03-23,8.0,0.46
A00978,2025-04-21,8.7,0.82
A00978,2025-05-27,9.1,-0.14
A00978,2025-06-22,8.5,0.58
A00979,2025-01-28,7.2,0.61
A00979,2025-02-19,7.1,0.71
A00979,2025-03-26,7.1,0.63
A00979,2025-04-21,7.5,0.19
A00979,2025-05-28,8.0,0.63
A00979,2025-06-22,7.3,0.69
A00980,2025-01-26,6.2,0.57
A00980,2025-02-27,5.5,0.33
A00980,2025-03-27,7.4,0.39
A00980,2025-04-29,7.8,0.73
A00980,2025-05-24,5.2,0.17
A00980,2025-06-24,5.9,0.89
A00981,2025-01-24,8.3,0.98
A00981,2025-02-24,8.2,0.6
A00981,2025-03-24,5.7,0.16
A00981,2025-04-23,7.7,0.81
A00981,2025-05-22,7.7,-0.03
A00981,2025-06-28,8.7,1.03
A00982,2025-01-24,5.7,0.77
A00982,2025-02-27,8.6,-0.49
A00982,2025-03-28,7.3,0.34
A00982,2025-04-30,6.1,0.6
A00982,2025-05-28,7.3,1.13
A00982,2025-06-25,9.4,0.84
A00983,2025-01-23,6.7,0.41
A00983,2025-02-27,8.3,0.07
A00983,2025-03-26,7.4,0.36
A00983,2025-04-24,6.4,0.51
A00983,2025-05-25,7.0,-0.01
A00983,2025-06-29,8.0,-0.09
A00984,2025-01-22,7.4,0.17
A00984,2025-02-24,7.9,0.48
A00984,2025-03-31,7.8,0.75
A00984,2025-04-21,8.0,1.36
A00984,2025-05-31,6.6,0.64
A00984,2025-06-26,7.0,0.57
A00985,2025-01-31,6.8,0.52
A00985,2025-02-27,5.9,0.09
A00985,2025-03-25,4.9,0.37
A00985,2025-04-24,6.1,0.07
A00985,2025-05-23,6.1,0.44
A00985,2025-06-22,6.7,0.01
A00986,2025-01-26,9.9,0.77
A00986,2025-02-27,9.5,0.69
A00986,2025-03-27,9.1,0.68
A00986,2025-04-24,8.6,0.67
A00986,2025-05-31,8.4,0.71
A00986,2025-06-22,9.3,1.27
A00987,2025-01-25,9.4,0.8
A00987,2025-02-27,7.8,0.7
A00987,2025-03-26,7.1,-0.12
A00987,2025-04-26,5.8,0.19
A00987,2025-05-28,7.2,1.0
A00987,2025-06-21,8.2,0.49
A00988,2025-01-23,6.4,0.25
A00988,2025-02-21,6.8,-0.07
A00988,2025-03-24,6.5,0.39
A00988,2025-04-27,6.5,0.16
A00988,2025-05-29,7.4,0.3
A00988,2025-06-26,6.0,0.08
A00989,2025-01-29,6.5,0.88
A00989,2025-02-25,8.0,0.42
A00989,2025-03-27,7.8,0.39
A00989,2025-04-28,6.9,0.29
A00989,2025-05-23,6.7,0.5
A00989,2025-06-23,8.4,0.29
A00990,2025-01-31,9.3,0.4
A00990,2025-02-24,8.1,0.43
A00990,2025-03-26,8.2,0.84
A00990,2025-04-24,6.2,-0.18
A00990,2025-05-31,8.7,0.47
A00990,2025-06-21,7.0,0.48
A00991,2025-01-31,7.5,0.1
A00991,2025-02-21,5.7,-0.1
A00991,2025-03-29,8.5,-0.32
A00991,2025-04-22,6.0,0.68
A00991,2025-05-23,7.6,0.17
A00991,2025-06-27,5.9,0.55
A00992,2025-01-31,7.7,0.52
A00992,2025-02-28,9.7,0.37
A00992,2025-03-25,8.5,0.67
A00992,2025-04-22,7.1,0.37
A00992,2025-05-30,7.6,0.7
A00992,2025-06-27,7.0,0.38
A00993,2025-01-30,7.7,0.81
A00993,2025-02-27,8.2,0.57
A00993,2025-03-22,7.6,0.63
A00993,2025-04-21,6.7,0.22
A00993,2025-05-25,6.6,0.98
A00993,2025-06-24,7.1,0.51
A00994,2025-01-28,9.8,0.6
A00994,2025-02-25,8.1,0.27
A00994,2025-03-26,9.3,0.63
A00994,2025-04-21,8.9,0.77
A00994,2025-05-25,7.4,0.8
A00994,2025-06-30,8.6,0.97
A00995,2025-01-23,7.2,0.68
A00995,2025-02-25,9.5,1.07
A00995,2025-03-29,8.2,1.02
A00995,2025-04-25,8.9,0.17
A00995,2025-05-22,7.4,0.74
A00995,2025-06-29,8.6,0.86
A00996,2025-01-29,8.6,0.65
A00996,2025-02-26,8.4,1.06
A00996,2025-03-26,7.3,0.72
A00996,2025-04-23,7.9,0.91
A00996,2025-05-22,8.8,0.26
A00996,2025-06-22,8.5,0.31
A00997,2025-01-24,7.4,0.67
A00997,2025-02-25,7.8,0.35
A00997,2025-03-24,9.1,0.32
A00997,2025-04-27,5.7,0.49
A00997,2025-05-25,7.8,0.04
A00997,2025-06-30,5.5,0.29
A00998,2025-01-27,6.3,0.61
A00998,2025-02-22,6.9,-0.14
A00998,2025-03-31,8.1,0.47
A00998,2025-04-23,8.1,0.42
A00998,2025-05-27,7.2,-0.11
A00998,2025-06-30,5.9,0.71
A00999,2025-01-23,7.5,0.6
A00999,2025-02-28,7.3,0.36
A00999,2025-03-31,7.4,0.75
A00999,2025-04-26,6.4,0.34
A00999,2025-05-22,9.1,0.47
A00999,2025-06-21,6.4,0.82
A01000,2025-01-27,5.2,0.6
A01000,2025-02-27,7.1,0.05
A01000,2025-03-31,5.6,0.2
A01000,2025-04-27,6.4,-0.03
A01000,2025-05-26,6.9,-0.04
A01000,2025-06-30,6.1,0.72
A01001,2025-01-31,9.0,0.98
A01001,2025-02-24,9.8,0.17
A01001,2025-03-24,7.4,0.46
A01001,2025-04-25,7.1,1.31
A01001,2025-05-22,8.5,1.19
A01001,2025-06-23,8.3,-0.13
A01002,2025-01-22,9.7,0.23
A01002,2025-02-26,8.8,0.65
A01002,2025-03-23,8.8,0.39
A01002,2025-04-22,7.8,0.76
A01002,2025-05-29,8.3,0.2
A01002,2025-06-21,5.0,0.32
A01003,2025-01-23,7.1,0.62
A01003,2025-02-26,8.6,0.62
A01003,2025-03-31,7.7,0.61
A01003,2025-04-28,8.5,0.7
A01003,2025-05-29,9.7,0.96
A01003,2025-06-28,7.4,0.82
A01004,2025-01-22,7.7,0.82
A01004,2025-02-28,5.2,0.91
A01004,2025-03-31,5.9,-0.35
A01004,2025-04-25,6.9,0.47
A01004,2025-05-25,6.0,0.57
A01004,2025-06-29,6.8,0.15
A01005,2025-01-30,6.9,0.96
A01005,2025-02-23,9.1,0.44
A01005,2025-03-25,6.9,0.15
A01005,2025-04-22,7.2,0.09
A01005,2025-05-26,6.1,0.12
A01005,2025-06-23,6.3,0.22
A01006,2025-01-28,6.9,0.32
A01006,2025-02-24,6.8,0.46
A01006,2025-03-27,6.6,0.23
A01006,2025-04-22,5.8,0.58
A01006,2025-05-22,7.7,0.56
A01006,2025-06-24,6.9,0.38
A01007,2025-01-24,8.0,0.85
A01007,2025-02-24,7.3,0.55
A01007,2025-03-23,6.9,0.36
A01007,2025-04-25,7.0,0.4
A01007,2025-05-28,9.5,0.29
A01007,2025-06-28,6.1,0.34
A01008,2025-01-31,7.6,0.72
A01008,2025-02-25,7.9,0.89
A01008,2025-03-30,5.5,0.27
A01008,2025-04-24,7.7,0.14
A01008,2025-05-31,8.9,0.68
A01008,2025-06-22,7.8,0.55
A01009,2025-01-27,8.2,0.33
A01009,2025-02-20,7.8,0.44
A01009,2025-03-27,10.0,0.57
A01009,2025-04-21,8.7,0.63
A01009,2025-05-22,8.6,0.25
A01009,2025-06-27,8.5,0.74
A01010,2025-01-24,6.2,0.66
A01010,2025-02-28,8.8,-0.18
A01010,2025-03-29,6.3,0.27
A01010,2025-04-25,6.9,0.4
A01010,2025-05-31,7.0,0.61
A01010,2025-06-21,7.6,0.48
A01011,2025-01-30,7.4,0.8
A01011,2025-02-25,9.4,0.25
A01011,2025-03-28,7.9,0.63
A01011,2025-04-29,7.4,0.79
A01011,2025-05-27,7.5,0.16
A01011,2025-06-28,5.7,0.84
A01012,2025-01-23,8.5,0.53
A01012,2025-02-25,7.1,0.15
A01012,2025-03-26,8.0,0.41
A01012,2025-04-23,8.5,0.36
A01012,2025-05-31,7.2,0.89
A01012,2025-06-25,6.1,0.71
A01013,2025-01-28,7.6,0.34
A01013,2025-02-27,6.4,0.51
A01013,2025-03-23,7.2,0.34
A01013,2025-04-21,7.6,0.62
A01013,2025-05-26,6.9,0.68
A01013,2025-06-28,8.2,0.02
A01014,2025-01-25,6.0,0.83
A01014,2025-02-23,9.8,0.57
A01014,2025-03-30,7.5,0.35
A01014,2025-04-27,6.3,-0.17
A01014,2025-05-23,7.1,0.33
A01014,2025-06-26,7.4,0.51
A01015,2025-01-24,8.3,0.68
A01015,2025-02-22,8.1,0.88
A01015,2025-03-24,9.2,0.62
A01015,2025-04-24,7.4,1.44
A01015,2025-05-23,8.3,0.91
A01015,2025-06-23,8.7,0.91
A01016,2025-01-23,6.1,0.34
A01016,2025-02-27,5.7,0.59
A01016,2025-03-25,7.9,0.72
A01016,2025-04-24,4.5,0.32
A01016,2025-05-28,6.5,0.42
A01016,2025-06-24,5.9,0.77
A01017,2025-01-27,5.1,-0.05
A01017,2025-02-20,7.1,0.08
A01017,2025-03-31,5.3,0.27
A01017,2025-04-27,6.8,0.41
A01017,2025-05-27,6.6,-0.33
A01017,2025-06-21,9.1,0.61
A01018,2025-01-30,7.2,0.46
A01018,2025-02-24,8.1,0.42
A01018,2025-03-24,9.0,0.18
A01018,2025-04-27,8.5,0.22
A01018,2025-05-26,7.5,0.64
A01018,2025-06-26,5.8,0.87
A01019,2025-01-22,5.0,0.34
A01019,2025-02-27,6.4,0.51
A01019,2025-03-28,6.2,0.44
A01019,2025-04-30,8.6,1.14
A01019,2025-05-27,7.8,0.24
A01019,2025-06-30,7.3,0.86
A01020,2025-01-28,5.9,0.29
A01020,2025-02-26,5.9,0.12
A01020,2025-03-31,5.8,-0.42
A01020,2025-04-23,6.1,0.14
A01020,2025-05-23,7.2,0.35
A01020,2025-06-28,5.9,0.4
A01021,2025-01-22,8.4,0.23
A01021,2025-02-27,7.0,0.99
A01021,2025-03-23,8.6,0.51
A01021,2025-04-21,6.6,0.65
A01021,2025-05-26,5.9,0.19
A01021,2025-06-21,7.6,0.42
A01022,2025-01-31,6.5,0.36
A01022,2025-02-21,8.2,-0.17
A01022,2025-03-27,8.0,0.45
A01022,2025-04-25,7.4,0.71
A01022,2025-05-27,7.1,0.03
A01022,2025-06-22,7.7,0.86
A01023,2025-01-31,6.7,1.3
A01023,2025-02-28,8.8,0.3
A01023,2025-03-29,7.2,0.55
A01023,2025-04-24,8.5,0.42
A01023,2025-05-25,6.4,0.53
A01023,2025-06-23,8.5,0.04
A01024,2025-01-23,8.2,0.44
A01024,2025-02-20,6.9,0.7
A01024,2025-03-29,8.2,0.65
A01024,2025-04-23,7.9,0.59
A01024,2025-05-25,8.5,0.88
A01024,2025-06-24,7.4,0.38
A01025,2025-01-26,7.2,0.28
A01025,2025-02-21,7.0,0.41
A01025,2025-03-31,9.8,0.93
A01025,2025-04-25,9.0,0.82
A01025,2025-05-30,8.7,0.07
A01025,2025-06-22,9.4,0.73
A01026,2025-01-31,8.4,0.3
A01026,2025-02-21,7.9,0.58
A01026,2025-03-26,9.8,0.79
A01026,2025-04-28,8.6,0.46
A01026,2025-05-28,9.0,0.45
A01026,2025-06-23,7.5,0.65
A01027,2025-01-25,7.7,0.5
A01027,2025-02-23,6.7,0.83
A01027,2025-03-25,8.0,-0.14
A01027,2025-04-27,8.8,0.93
A01027,2025-05-31,8.8,0.53
A01027,2025-06-21,9.9,0.54
A01028,2025-01-23,6.1,0.75
A01028,2025-02-19,6.0,0.85
A01028,2025-03-27,5.6,-0.34
A01028,2025-04-24,6.0,0.59
A01028,2025-05-24,5.0,0.25
A01028,2025-06-22,8.2,0.8
A01029,2025-01-25,8.1,0.64
A01029,2025-02-20,6.1,0.49
A01029,2025-03-26,7.9,0.89
A01029,2025-04-22,6.2,0.77
A01029,2025-05-26,7.2,0.25
A01029,2025-06-29,6.9,0.51
A01030,2025-01-28,8.0,-0.22
A01030,2025-02-28,8.0,-0.1
A01030,2025-03-25,8.0,0.7
A01030,2025-04-28,7.5,0.71
A01030,2025-05-23,6.9,0.31
A01030,2025-06-26,7.0,0.44
A01031,2025-01-29,7.1,0.12
A01031,2025-02-23,7.0,0.89
A01031,2025-03-25,7.4,0.86
A01031,2025-04-29,7.8,0.71
A01031,2025-05-26,7.6,0.25
A01031,2025-06-23,7.9,0.35
A01032,2025-01-30,8.3,0.65
A01032,2025-02-28,7.4,0.54
A01032,2025-03-31,9.3,0.15
A01032,2025-04-30,9.4,0.92
A01032,2025-05-28,8.6,0.78
A01032,2025-06-29,6.7,0.7
A01033,2025-01-31,5.0,0.15
A01033,2025-02-20,8.0,0.32
A01033,2025-03-29,7.2,-0.02
A01033,2025-04-23,7.7,0.63
A01033,2025-05-29,5.4,0.33
A01033,2025-06-26,6.3,0.35
A01034,2025-01-23,9.4,0.92
A01034,2025-02-24,8.9,0.62
A01034,2025-03-30,7.5,0.47
A01034,2025-04-27,8.8,1.32
A01034,2025-05-30,9.5,0.35
A01034,2025-06-24,8.6,0.86
A01035,2025-01-29,8.0,0.48
A01035,2025-02-20,7.2,0.61
A01035,2025-03-23,8.0,1.41
A01035,2025-04-27,8.3,0.91
A01035,2025-05-24,8.4,1.23
A01035,2025-06-30,8.4,0.61
A01036,2025-01-31,6.6,0.36
A01036,2025-02-26,7.1,0.62
A01036,2025-03-27,7.5,1.37
A01036,2025-04-23,6.5,0.26
A01036,2025-05-29,7.7,0.01
A01036,2025-06-27,8.6,0.72
A01037,2025-01-29,8.3,0.66
A01037,2025-02-26,10.0,0.97
A01037,2025-03-26,7.2,0.99
A01037,2025-04-21,8.2,0.76
A01037,2025-05-31,10.0,0.68
A01037,2025-06-23,9.5,0.94
A01038,2025-01-31,6.2,0.7
A01038,2025-02-21,7.4,-0.04
A01038,2025-03-29,6.7,0.18
A01038,2025-04-30,5.4,0.02
A01038,2025-05-23,6.2,0.46
A01038,2025-06-25,6.4,0.27
A01039,2025-01-25,6.5,0.39
A01039,2025-02-28,5.4,0.48
A01039,2025-03-26,5.5,0.38
A01039,2025-04-28,4.3,0.27
A01039,2025-05-30,8.0,1.21
A01039,2025-06-23,7.3,0.5
A01040,2025-01-28,6.5,0.2
A01040,2025-02-26,5.0,0.86
A01040,2025-03-25,7.2,0.84
A01040,2025-04-30,5.3,-0.05
A01040,2025-05-29,5.7,0.54
A01040,2025-06-28,7.0,0.94
A01041,2025-01-30,10.0,0.2
A01041,2025-02-21,9.2,1.02
A01041,2025-03-27,7.9,0.66
A01041,2025-04-30,9.4,0.32
A01041,2025-05-30,6.6,0.5
A01041,2025-06-21,7.3,0.71
A01042,2025-01-31,8.6,0.39
A01042,2025-02-23,7.6,0.42
A01042,2025-03-26,7.5,0.07
A01042,2025-04-22,6.3,0.13
A01042,2025-05-27,7.4,0.53
A01042,2025-06-23,7.3,0.58
A01043,2025-01-23,8.2,0.79
A01043,2025-02-25,7.6,0.82
A01043,2025-03-26,8.6,1.11
A01043,2025-04-24,8.2,1.0
A01043,2025-05-30,8.7,0.84
A01043,2025-06-25,9.3,0.83
A01044,2025-01-26,8.4,0.56
A01044,2025-02-21,7.8,0.35
A01044,2025-03-24,7.5,0.6
A01044,2025-04-27,7.5,0.12
A01044,2025-05-29,5.5,0.28
A01044,2025-06-29,8.9,0.29
A01045,2025-01-23,8.5,0.81
A01045,2025-02-21,7.8,0.57
A01045,2025-03-29,8.3,0.51
A01045,2025-04-27,8.2,0.56
A01045,2025-05-23,8.3,0.86
A01045,2025-06-25,8.2,0.6
A01046,2025-01-31,6.0,-0.19
A01046,2025-02-24,7.9,0.58
A01046,2025-03-26,6.8,0.4
A01046,2025-04-22,6.6,0.14
A01046,2025-05-24,6.2,0.38
A01046,2025-06-29,5.6,0.55
A01047,2025-01-27,6.8,0.56
A01047,2025-02-19,6.5,0.81
A01047,2025-03-23,5.1,-0.09
A01047,2025-04-30,5.8,0.39
A01047,2025-05-29,8.7,0.42
A01047,2025-06-23,6.8,0.39
A01048,2025-01-22,5.1,0.54
A01048,2025-02-22,5.8,0.45
A01048,2025-03-27,6.8,0.5
A01048,2025-04-29,7.6,0.5
A01048,2025-05-22,7.2,0.33
A01048,2025-06-30,7.3,0.7
A01049,2025-01-26,9.2,1.03
A01049,2025-02-22,7.1,0.88
A01049,2025-03-22,7.2,0.41
A01049,2025-04-27,9.1,0.89
A01049,2025-05-22,7.9,0.21
A01049,2025-06-23,7.6,0.39
A01050,2025-01-29,8.1,0.23
A01050,2025-02-23,6.3,0.47
A01050,2025-03-22,6.1,0.64
A01050,2025-04-22,6.5,0.88
A01050,2025-05-31,8.6,0.4
A01050,2025-06-21,8.9,0.63
A01051,2025-01-28,8.1,0.65
A01051,2025-02-23,5.9,0.32
A01051,2025-03-22,6.3,0.55
A01051,2025-04-25,6.3,0.6
A01051,2025-05-30,9.2,0.36
A01051,2025-06-27,7.3,0.33
A01052,2025-01-25,7.9,0.49
A01052,2025-02-19,10.0,0.86
A01052,2025-03-29,7.5,0.67
A01052,2025-04-26,8.3,0.09
A01052,2025-05-23,9.5,0.86
A01052,2025-06-24,8.8,-0.04
A01053,2025-01-28,6.9,0.14
A01053,2025-02-25,6.5,0.23
A01053,2025-03-23,6.5,0.86
A01053,2025-04-30,4.6,0.55
A01053,2025-05-30,7.4,0.52
A01053,2025-06-26,6.2,0.37
A01054,2025-01-27,7.6,0.83
A01054,2025-02-19,9.2,0.22
A01054,2025-03-31,5.8,1.04
A01054,2025-04-25,7.5,1.21
A01054,2025-05-22,10.0,0.59
A01054,2025-06-29,7.0,0.66
A01055,2025-01-26,6.4,0.65
A01055,2025-02-27,7.4,0.41
A01055,2025-03-24,6.3,0.52
A01055,2025-04-24,8.4,0.66
A01055,2025-05-26,7.6,0.18
A01055,2025-06-22,6.5,0.63
A01056,2025-01-28,8.1,0.36
A01056,2025-02-25,5.5,0.25
A01056,2025-03-24,7.6,0.3
A01056,2025-04-27,6.8,0.35
A01056,2025-05-23,7.6,-0.52
A01056,2025-06-28,4.8,0.74
A01057,2025-01-22,6.9,0.42
A01057,2025-02-28,7.2,0.43
A01057,2025-03-24,6.0,0.32
A01057,2025-04-21,7.0,0.47
A01057,2025-05-30,6.9,0.57
A01057,2025-06-29,8.1,0.49
A01058,2025-01-28,7.9,0.17
A01058,2025-02-20,8.9,0.59
A01058,2025-03-25,8.6,0.8
A01058,2025-04-29,7.0,0.38
A01058,2025-05-27,7.8,0.57
A01058,2025-06-24,7.3,0.83
A01059,2025-01-30,8.4,0.05
A01059,2025-02-27,8.9,0.45
A01059,2025-03-22,7.2,0.23
A01059,2025-04-30,7.2,0.8
A01059,2025-05-22,7.5,0.37
A01059,2025-06-24,7.2,0.36
A01060,2025-01-29,9.5,0.65
A01060,2025-02-21,9.5,0.74
A01060,2025-03-26,8.1,0.54
A01060,2025-04-24,7.5,0.45
A01060,2025-05-27,6.6,0.46
A01060,2025-06-29,8.2,0.35
A01061,2025-01-28,9.3,0.83
A01061,2025-02-26,6.3,0.42
A01061,2025-03-28,8.9,0.5
A01061,2025-04-21,8.3,0.48
A01061,2025-05-30,10.0,1.34
A01061,2025-06-26,8.5,0.34
A01062,2025-01-27,9.5,0.67
A01062,2025-02-22,6.3,0.54
A01062,2025-03-24,7.0,0.55
A01062,2025-04-22,7.1,0.74
A01062,2025-05-26,6.7,0.88
A01062,2025-06-22,8.8,0.62
A01063,2025-01-31,7.9,0.77
A01063,2025-02-25,5.6,0.74
A01063,2025-03-26,7.5,0.72
A01063,2025-04-29,5.3,0.72
A01063,2025-05-31,8.3,1.06
A01063,2025-06-28,9.0,0.94
A01064,2025-01-28,8.5,0.41
A01064,2025-02-27,8.8,0.62
A01064,2025-03-31,8.2,0.01
A01064,2025-04-23,9.2,0.72
A01064,2025-05-24,9.1,0.54
A01064,2025-06-30,6.5,0.56
A01065,2025-01-24,8.8,0.09
A01065,2025-02-23,8.6,0.8
A01065,2025-03-28,5.7,0.43
A01065,2025-04-27,8.8,1.13
A01065,2025-05-30,7.5,0.4
A01065,2025-06-28,8.9,0.84
A01066,2025-01-28,7.5,0.41
A01066,2025-02-20,8.5,1.02
A01066,2025-03-24,8.4,0.34
A01066,2025-04-28,6.9,0.77
A01066,2025-05-24,8.0,0.84
A01066,2025-06-24,8.5,0.42
A01067,2025-01-26,7.7,0.77
A01067,2025-02-20,6.4,0.29
A01067,2025-03-22,7.5,0.61
A01067,2025-04-22,6.8,0.82
A01067,2025-05-31,5.9,0.39
A01067,2025-06-27,6.5,0.5
A01068,2025-01-31,9.5,0.95
A01068,2025-02-22,6.7,1.02
A01068,2025-03-31,9.4,0.1
A01068,2025-04-25,7.3,0.81
A01068,2025-05-23,9.5,0.79
A01068,2025-06-26,8.2,0.34
A01069,2025-01-29,5.8,0.31
A01069,2025-02-24,7.8,0.27
A01069,2025-03-30,5.5,-0.17
A01069,2025-04-22,8.0,0.18
A01069,2025-05-31,6.0,0.45
A01069,2025-06-23,8.6,0.14
A01070,2025-01-25,6.9,0.64
A01070,2025-02-26,6.9,0.36
A01070,2025-03-24,8.4,0.85
A01070,2025-04-29,7.2,0.41
A01070,2025-05-30,8.7,0.64
A01070,2025-06-24,8.2,0.51
A01071,2025-01-23,8.1,0.27
A01071,2025-02-19,7.3,0.7
A01071,2025-03-24,6.6,0.51
A01071,2025-04-29,7.2,-0.04
A01071,2025-05-31,7.3,0.28
A01071,2025-06-22,7.6,0.39
A01072,2025-01-24,9.0,0.56
A01072,2025-02-20,8.8,0.58
A01072,2025-03-24,7.9,0.4
A01072,2025-04-30,7.1,0.75
A01072,2025-05-27,7.1,0.64
A01072,2025-06-22,7.9,1.16
A01073,2025-01-28,9.4,-0.0
A01073,2025-02-27,7.1,0.8
A01073,2025-03-27,7.5,0.13
A01073,2025-04-29,6.4,1.06
A01073,2025-05-25,7.9,0.93
A01073,2025-06-27,8.2,0.84
A01074,2025-01-27,6.8,0.22
A01074,2025-02-24,6.9,-0.06
A01074,2025-03-25,8.7,0.17
A01074,2025-04-27,7.0,-0.21
A01074,2025-05-27,10.0,0.48
A01074,2025-06-24,8.1,0.28
A01075,2025-01-27,7.7,0.72
A01075,2025-02-20,6.6,0.99
A01075,2025-03-25,9.0,0.53
A01075,2025-04-27,8.8,1.1
A01075,2025-05-30,9.1,0.66
A01075,2025-06-24,9.9,0.44
A01076,2025-01-28,9.4,0.64
A01076,2025-02-19,8.9,0.92
A01076,2025-03-29,6.7,0.89
A01076,2025-04-29,7.8,0.24
A01076,2025-05-29,9.6,0.33
A01076,2025-06-21,6.1,0.62
A01077,2025-01-28,6.8,0.43
A01077,2025-02-22,6.7,0.66
A01077,2025-03-24,7.0,0.12
A01077,2025-04-29,8.1,0.82
A01077,2025-05-23,8.5,0.55
A01077,2025-06-25,9.8,0.98
A01078,2025-01-30,7.0,0.42
A01078,2025-02-21,6.9,0.36
A01078,2025-03-22,8.7,0.03
A01078,2025-04-23,8.3,0.05
A01078,2025-05-25,7.0,0.42
A01078,2025-06-24,5.4,0.64
A01079,2025-01-27,7.8,1.02
A01079,2025-02-19,7.2,0.5
A01079,2025-03-30,7.2,0.08
A01079,2025-04-22,7.0,0.54
A01079,2025-05-26,6.3,0.63
A01079,2025-06-23,6.9,0.37
A01080,2025-01-29,5.4,-0.1
A01080,2025-02-24,6.8,0.95
A01080,2025-03-31,6.5,0.39
A01080,2025-04-26,6.1,0.67
A01080,2025-05-26,6.2,0.78
A01080,2025-06-27,6.7,0.53
A01081,2025-01-29,6.7,0.49
A01081,2025-02-21,7.6,0.38
A01081,2025-03-31,7.7,0.51
A01081,2025-04-26,8.4,-0.03
A01081,2025-05-25,6.7,-0.18
A01081,2025-06-29,7.9,0.29
A01082,2025-01-30,8.1,0.27
A01082,2025-02-21,7.7,0.89
A01082,2025-03-23,7.3,0.74
A01082,2025-04-28,9.9,0.88
A01082,2025-05-26,9.8,0.36
A01082,2025-06-30,9.2,0.79
A01083,2025-01-26,9.9,0.36
A01083,2025-02-23,7.5,0.53
A01083,2025-03-26,6.4,0.89
A01083,2025-04-30,5.5,0.68
A01083,2025-05-23,7.5,0.42
A01083,2025-06-29,8.0,0.61
A01084,2025-01-30,10.0,0.82
A01084,2025-02-19,5.8,0.43
A01084,2025-03-30,6.7,0.43
A01084,2025-04-25,6.8,0.87
A01084,2025-05-22,7.6,1.08
A01084,2025-06-30,6.9,0.64
A01085,2025-01-27,6.5,0.2
A01085,2025-02-22,6.6,0.53
A01085,2025-03-30,6.9,0.11
A01085,2025-04-30,5.4,0.25
A01085,2025-05-27,7.5,0.39
A01085,2025-06-30,6.2,0.35
A01086,2025-01-26,5.9,0.34
A01086,2025-02-27,6.9,0.65
A01086,2025-03-29,6.7,0.75
A01086,2025-04-23,6.7,0.68
A01086,2025-05-26,7.9,0.34
A01086,2025-06-25,5.6,0.37
A01087,2025-01-27,7.8,0.07
A01087,2025-02-19,6.3,0.21
A01087,2025-03-30,6.5,0.42
A01087,2025-04-26,6.8,-0.34
A01087,2025-05-29,6.5,0.01
A01087,2025-06-25,8.8,0.77
A01088,2025-01-26,8.1,1.05
A01088,2025-02-22,9.1,0.51
A01088,2025-03-28,8.6,0.39
A01088,2025-04-22,10.0,0.85
A01088,2025-05-23,10.0,0.45
A01088,2025-06-29,9.0,0.46
A01089,2025-01-22,8.8,0.72
A01089,2025-02-23,8.4,0.75
A01089,2025-03-27,9.6,1.67
A01089,2025-04-22,9.6,0.6
A01089,2025-05-28,9.3,0.61
A01089,2025-06-25,7.6,0.3
A01090,2025-01-23,5.5,0.59
A01090,2025-02-25,5.8,0.65
A01090,2025-03-25,6.8,-0.2
A01090,2025-04-25,8.8,0.41
A01090,2025-05-26,5.7,0.86
A01090,2025-06-25,4.8,-0.06
A01091,2025-01-26,6.0,0.7
A01091,2025-02-19,7.8,0.66
A01091,2025-03-27,6.1,0.97
A01091,2025-04-29,7.0,0.66
A01091,2025-05-27,7.3,1.2
A01091,2025-06-23,5.1,0.99
A01092,2025-01-30,6.6,1.41
A01092,2025-02-20,6.5,0.26
A01092,2025-03-30,8.7,0.49
A01092,2025-04-22,6.5,0.47
A01092,2025-05-23,6.6,0.39
A01092,2025-06-27,9.0,0.75
A01093,2025-01-25,6.3,0.06
A01093,2025-02-27,8.4,0.14
A01093,2025-03-23,7.1,0.34
A01093,2025-04-26,6.0,0.02
A01093,2025-05-29,7.1,0.08
A01093,2025-06-26,8.1,0.63
A01094,2025-01-26,8.0,1.04
A01094,2025-02-19,9.3,1.01
A01094,2025-03-26,7.6,1.19
A01094,2025-04-22,8.0,0.6
A01094,2025-05-25,7.2,0.63
A01094,2025-06-30,7.2,0.43
A01095,2025-01-25,8.2,0.68
A01095,2025-02-24,6.1,1.24
A01095,2025-03-22,7.4,0.54
A01095,2025-04-23,7.9,0.55
A01095,2025-05-31,6.8,0.36
A01095,2025-06-30,4.9,0.99
A01096,2025-01-27,10.0,0.95
A01096,2025-02-25,9.2,0.8
A01096,2025-03-29,8.2,0.53
A01096,2025-04-25,6.3,0.71
A01096,2025-05-31,8.6,0.86
A01096,2025-06-23,8.7,0.76
A01097,2025-01-30,6.8,0.44
A01097,2025-02-19,6.1,0.26
A01097,2025-03-27,8.8,-0.03
A01097,2025-04-24,7.5,0.54
A01097,2025-05-25,7.7,0.5
A01097,2025-06-23,5.5,0.23
A01098,2025-01-22,7.2,0.53
A01098,2025-02-27,6.1,0.5
A01098,2025-03-29,6.9,0.5
A01098,2025-04-27,7.4,0.19
A01098,2025-05-24,6.5,0.36
A01098,2025-06-23,4.7,0.24
A01099,2025-01-28,6.1,0.08
A01099,2025-02-21,7.3,-0.03
A01099,2025-03-28,7.8,0.75
A01099,2025-04-29,7.0,0.73
A01099,2025-05-28,6.7,0.61
A01099,2025-06-25,6.9,0.14
A01100,2025-01-30,8.3,0.55
A01100,2025-02-28,7.5,0.66
A01100,2025-03-22,7.9,0.48
A01100,2025-04-30,6.4,0.35
A01100,2025-05-25,6.9,0.58
A01100,2025-06-22,8.3,0.35
A01101,2025-01-27,8.6,0.39
A01101,2025-02-19,7.8,-0.91
A01101,2025-03-28,10.0,0.58
A01101,2025-04-28,7.2,0.66
A01101,2025-05-30,8.9,0.48
A01101,2025-06-26,6.9,0.34
A01102,2025-01-29,8.2,0.46
A01102,2025-02-24,8.1,0.61
A01102,2025-03-30,8.1,0.59
A01102,2025-04-22,7.2,0.82
A01102,2025-05-23,8.0,0.07
A01102,2025-06-30,8.7,0.93
A01103,2025-01-31,6.5,0.6
A01103,2025-02-22,9.4,0.87
A01103,2025-03-24,7.8,0.29
A01103,2025-04-30,8.4,0.24
A01103,2025-05-29,8.1,0.11
A01103,2025-06-22,8.0,0.54
A01104,2025-01-26,7.7,0.87
A01104,2025-02-23,8.6,0.64
A01104,2025-03-30,7.0,0.56
A01104,2025-04-30,8.6,0.52
A01104,2025-05-23,7.1,0.66
A01104,2025-06-28,8.4,0.92
A01105,2025-01-27,7.5,0.94
A01105,2025-02-23,7.8,0.46
A01105,2025-03-22,8.3,1.02
A01105,2025-04-27,8.7,0.99
A01105,2025-05-23,9.4,0.6
A01105,2025-06-21,5.6,1.14
A01106,2025-01-23,8.0,-0.37
A01106,2025-02-25,8.2,0.92
A01106,2025-03-30,5.6,-0.24
A01106,2025-04-21,5.9,0.39
A01106,2025-05-24,6.3,0.59
A01106,2025-06-27,6.5,0.32
A01107,2025-01-28,6.0,0.36
A01107,2025-02-27,7.3,0.3
A01107,2025-03-25,7.5,-0.04
A01107,2025-04-23,8.4,0.9
A01107,2025-05-30,7.8,0.68
A01107,2025-06-22,8.4,0.46
A01108,2025-01-23,7.4,0.16
A01108,2025-02-22,5.8,0.02
A01108,2025-03-30,6.2,-0.1
A01108,2025-04-29,6.4,0.39
A01108,2025-05-26,6.1,0.01
A01108,2025-06-27,7.6,0.41
A01109,2025-01-31,6.8,0.34
A01109,2025-02-19,7.2,0.02
A01109,2025-03-22,6.9,0.02
A01109,2025-04-28,6.7,0.31
A01109,2025-05-30,8.5,0.75
A01109,2025-06-22,7.0,0.55
A01110,2025-01-23,7.8,0.79
A01110,2025-02-20,6.8,0.43
A01110,2025-03-27,6.8,0.67
A01110,2025-04-24,9.0,0.79
A01110,2025-05-30,7.1,0.56
A01110,2025-06-22,8.9,0.25
A01111,2025-01-30,7.5,0.44
A01111,2025-02-19,8.7,0.82
A01111,2025-03-28,7.3,0.41
A01111,2025-04-30,6.4,0.32
A01111,2025-05-29,7.3,0.33
A01111,2025-06-24,8.0,0.79
A01112,2025-01-25,7.1,0.59
A01112,2025-02-27,6.7,0.99
A01112,2025-03-24,6.2,0.18
A01112,2025-04-29,5.9,0.34
A01112,2025-05-26,6.4,-0.45
A01112,2025-06-29,7.9,0.3
A01113,2025-01-25,6.8,0.33
A01113,2025-02-24,5.8,0.31
A01113,2025-03-22,7.1,0.7
A01113,2025-04-26,6.9,0.83
A01113,2025-05-30,6.1,0.55
A01113,2025-06-30,8.0,-0.25
A01114,2025-01-27,8.3,0.35
A01114,2025-02-19,6.1,0.82
A01114,2025-03-24,7.6,0.52
A01114,2025-04-21,8.0,0.65
A01114,2025-05-24,7.5,0.59
A01114,2025-06-29,8.4,0.83
A01115,2025-01-26,7.2,0.36
A01115,2025-02-26,6.6,1.24
A01115,2025-03-23,8.5,0.29
A01115,2025-04-24,5.8,-0.04
A01115,2025-05-30,4.9,0.77
A01115,2025-06-25,6.7,0.42
A01116,2025-01-28,6.6,0.28
A01116,2025-02-20,9.2,0.88
A01116,2025-03-31,6.8,0.62
A01116,2025-04-29,9.2,1.17
A01116,2025-05-31,8.3,0.37
A01116,2025-06-29,8.2,0.38
A01117,2025-01-29,9.6,0.57
A01117,2025-02-24,8.9,0.99
A01117,2025-03-31,9.2,0.69
A01117,2025-04-30,7.7,0.23
A01117,2025-05-31,8.8,1.29
A01117,2025-06-23,7.3,0.99
A01118,2025-01-29,6.8,0.73
A01118,2025-02-27,5.8,1.03
A01118,2025-03-30,6.4,0.41
A01118,2025-04-24,7.3,0.17
A01118,2025-05-30,7.5,0.47
A01118,2025-06-23,6.1,0.66
A01119,2025-01-31,8.7,0.62
A01119,2025-02-25,7.8,0.72
A01119,2025-03-29,9.1,0.77
A01119,2025-04-28,6.5,0.77
A01119,2025-05-23,7.1,0.23
A01119,2025-06-28,7.5,0.1
A01120,2025-01-24,8.2,0.4
A01120,2025-02-22,5.6,0.08
A01120,2025-03-29,7.2,0.47
A01120,2025-04-28,7.0,-0.15
A01120,2025-05-22,5.9,0.19
A01120,2025-06-27,6.0,0.36
A01121,2025-01-24,9.5,0.49
A01121,2025-02-19,8.0,0.75
A01121,2025-03-22,8.3,0.84
A01121,2025-04-25,9.0,0.92
A01121,2025-05-27,9.1,-0.21
A01121,2025-06-22,8.4,0.84
A01122,2025-01-30,8.8,-0.12
A01122,2025-02-19,5.8,0.54
A01122,2025-03-22,7.7,0.92
A01122,2025-04-23,7.6,0.31
A01122,2025-05-31,5.4,0.66
A01122,2025-06-30,7.6,0.06
A01123,2025-01-24,6.7,0.42
A01123,2025-02-23,8.5,0.27
A01123,2025-03-31,6.1,0.13
A01123,2025-04-28,8.6,0.66
A01123,2025-05-24,6.9,0.2
A01123,2025-06-22,6.9,-0.41
A01124,2025-01-28,8.1,0.87
A01124,2025-02-24,8.2,0.29
A01124,2025-03-26,10.0,0.8
A01124,2025-04-29,8.0,0.57
A01124,2025-05-28,9.8,0.58
A01124,2025-06-27,9.4,0.57
A01125,2025-01-30,7.7,0.63
A01125,2025-02-26,5.8,0.77
A01125,2025-03-23,8.5,0.53
A01125,2025-04-25,6.6,0.31
A01125,2025-05-29,8.1,0.55
A01125,2025-06-29,8.2,0.74
A01126,2025-01-23,8.1,0.72
A01126,2025-02-25,8.6,0.18
A01126,2025-03-23,8.5,0.41
A01126,2025-04-28,6.2,0.15
A01126,2025-05-26,5.8,0.04
A01126,2025-06-29,6.7,0.38
A01127,2025-01-22,6.4,0.24
A01127,2025-02-28,8.2,0.46
A01127,2025-03-25,7.4,0.39
A01127,2025-04-29,5.7,0.18
A01127,2025-05-28,7.5,-0.01
A01127,2025-06-22,7.3,0.51
A01128,2025-01-30,7.1,0.21
A01128,2025-02-25,7.5,0.36
A01128,2025-03-24,5.3,0.85
A01128,2025-04-26,5.8,0.71
A01128,2025-05-29,7.8,0.75
A01128,2025-06-29,6.9,0.62
A01129,2025-01-30,9.0,0.3
A01129,2025-02-24,7.0,0.59
A01129,2025-03-24,7.1,0.51
A01129,2025-04-29,7.5,0.9
A01129,2025-05-27,6.9,-0.3
A01129,2025-06-21,6.2,0.99
A01130,2025-01-25,6.8,0.35
A01130,2025-02-20,7.2,0.43
A01130,2025-03-31,8.4,0.06
A01130,2025-04-27,6.3,0.47
A01130,2025-05-31,7.6,0.5
A01130,2025-06-29,6.8,0.12
A01131,2025-01-23,7.3,0.95
A01131,2025-02-23,9.3,0.9
A01131,2025-03-22,8.0,1.49
A01131,2025-04-24,8.7,0.51
A01131,2025-05-29,8.8,0.71
A01131,2025-06-26,7.3,0.79
A01132,2025-01-25,10.0,0.6
A01132,2025-02-20,9.3,1.1
A01132,2025-03-26,8.9,1.35
A01132,2025-04-28,10.0,0.07
A01132,2025-05-27,9.9,1.02
A01132,2025-06-26,9.0,1.16
A01133,2025-01-27,9.9,0.16
A01133,2025-02-28,7.4,0.25
A01133,2025-03-31,7.2,-0.12
A01133,2025-04-23,5.2,-0.09
A01133,2025-05-31,7.8,0.26
A01133,2025-06-21,7.2,0.59
A01134,2025-01-27,6.1,0.98
A01134,2025-02-26,7.8,0.49
A01134,2025-03-22,6.5,0.0
A01134,2025-04-26,8.3,-0.22
A01134,2025-05-30,6.6,0.34
A01134,2025-06-27,8.1,-0.31
A01135,2025-01-23,8.3,0.61
A01135,2025-02-28,6.7,0.49
A01135,2025-03-28,10.0,0.81
A01135,2025-04-24,6.9,1.12
A01135,2025-05-29,8.0,0.6
A01135,2025-06-30,7.6,0.67
A01136,2025-01-29,7.4,0.41
A01136,2025-02-19,7.6,0.67
A01136,2025-03-27,8.1,0.21
A01136,2025-04-26,8.0,0.11
A01136,2025-05-28,5.8,0.82
A01136,2025-06-22,8.5,0.58
A01137,2025-01-26,7.5,0.8
A01137,2025-02-23,8.3,0.34
A01137,2025-03-26,10.0,0.14
A01137,2025-04-25,5.4,-0.1
A01137,2025-05-31,6.9,0.47
A01137,2025-06-25,8.5,1.09
A01138,2025-01-29,7.9,1.08
A01138,2025-02-22,8.3,0.7
A01138,2025-03-23,7.5,0.1
A01138,2025-04-22,7.7,0.28
A01138,2025-05-22,7.1,0.54
A01138,2025-06-28,7.9,0.12
A01139,2025-01-25,8.1,0.13
A01139,2025-02-26,7.5,1.17
A01139,2025-03-26,7.3,0.02
A01139,2025-04-23,6.5,0.49
A01139,2025-05-23,6.7,0.48
A01139,2025-06-25,8.8,0.5
A01140,2025-01-23,8.1,0.98
A01140,2025-02-28,8.8,0.41
A01140,2025-03-25,9.6,0.84
A01140,2025-04-24,7.3,0.64
A01140,2025-05-27,6.3,0.72
A01140,2025-06-28,8.9,0.67
A01141,2025-01-26,7.1,1.19
A01141,2025-02-22,5.2,0.16
A01141,2025-03-22,8.3,0.11
A01141,2025-04-24,9.3,0.29
A01141,2025-05-25,5.5,0.16
A01141,2025-06-24,9.1,1.21
A01142,2025-01-24,8.3,0.19
A01142,2025-02-24,7.5,0.34
A01142,2025-03-31,6.7,0.86
A01142,2025-04-25,7.7,1.07
A01142,2025-05-23,8.0,0.67
A01142,2025-06-22,7.7,0.18
A01143,2025-01-26,8.1,0.55
A01143,2025-02-24,8.3,0.22
A01143,2025-03-24,7.1,0.4
A01143,2025-04-28,7.8,1.04
A01143,2025-05-26,8.6,0.5
A01143,2025-06-27,5.5,0.53
A01144,2025-01-22,9.7,0.31
A01144,2025-02-23,7.5,0.27
A01144,2025-03-28,8.1,0.74
A01144,2025-04-22,8.6,-0.05
A01144,2025-05-26,9.2,0.41
A01144,2025-06-22,8.7,0.63
A01145,2025-01-28,7.7,0.82
A01145,2025-02-25,7.9,0.63
A01145,2025-03-25,7.9,0.43
A01145,2025-04-21,6.8,0.43
A01145,2025-05-23,8.3,0.19
A01145,2025-06-27,6.4,0.73
A01146,2025-01-31,8.3,-0.08
A01146,2025-02-25,6.3,0.8
A01146,2025-03-26,7.3,0.36
A01146,2025-04-29,7.5,0.6
A01146,2025-05-23,8.2,0.39
A01146,2025-06-25,7.0,0.49
A01147,2025-01-27,5.9,0.52
A01147,2025-02-23,7.5,0.23
A01147,2025-03-25,7.3,0.03
A01147,2025-04-26,7.6,0.25
A01147,2025-05-23,7.2,0.11
A01147,2025-06-26,8.0,0.1
A01148,2025-01-29,6.6,0.56
A01148,2025-02-23,5.5,-0.05
A01148,2025-03-24,8.3,0.65
A01148,2025-04-26,8.4,0.32
A01148,2025-05-29,6.6,0.33
A01148,2025-06-23,8.5,0.36
A01149,2025-01-23,8.7,0.37
A01149,2025-02-24,8.6,0.45
A01149,2025-03-23,9.1,0.6
A01149,2025-04-25,8.4,0.87
A01149,2025-05-25,7.4,0.4
A01149,2025-06-27,7.2,0.69
A01150,2025-01-25,7.7,0.06
A01150,2025-02-28,6.5,0.74
A01150,2025-03-24,7.1,0.06
A01150,2025-04-23,8.1,0.7
A01150,2025-05-22,6.1,0.72
A01150,2025-06-25,5.3,0.44
A01151,2025-01-26,9.0,0.83
A01151,2025-02-23,9.8,0.17
A01151,2025-03-29,8.0,0.37
A01151,2025-04-28,7.2,0.97
A01151,2025-05-27,6.6,0.87
A01151,2025-06-27,8.4,0.6
A01152,2025-01-27,6.1,1.34
A01152,2025-02-27,8.0,1.27
A01152,2025-03-22,9.0,0.26
A01152,2025-04-27,10.0,0.64
A01152,2025-05-27,9.1,0.33
A01152,2025-06-29,9.9,0.31
A01153,2025-01-27,8.3,1.06
A01153,2025-02-28,6.5,0.31
A01153,2025-03-31,6.1,0.02
A01153,2025-04-27,7.2,0.6
A01153,2025-05-30,8.5,0.86
A01153,2025-06-26,6.5,0.87
A01154,2025-01-25,7.4,0.87
A01154,2025-02-24,8.0,0.48
A01154,2025-03-27,7.8,0.41
A01154,2025-04-27,8.0,0.77
A01154,2025-05-27,6.8,0.16
A01154,2025-06-24,7.5,0.86
A01155,2025-01-23,5.0,0.7
A01155,2025-02-20,6.4,0.49
A01155,2025-03-25,6.7,-0.3
A01155,2025-04-22,6.5,0.06
A01155,2025-05-23,8.7,0.28
A01155,2025-06-27,8.7,0.32
A01156,2025-01-26,8.4,0.43
A01156,2025-02-20,8.6,1.2
A01156,2025-03-22,7.8,0.7
A01156,2025-04-29,8.8,0.53
A01156,2025-05-30,7.8,0.73
A01156,2025-06-23,9.4,0.66
A01157,2025-01-23,7.6,-0.23
A01157,2025-02-19,6.9,-0.2
A01157,2025-03-22,5.4,0.39
A01157,2025-04-22,6.4,0.48
A01157,2025-05-24,6.7,0.23
A01157,2025-06-25,7.2,0.56
A01158,2025-01-24,6.7,0.8
A01158,2025-02-22,8.4,0.83
A01158,2025-03-30,7.2,-0.06
A01158,2025-04-30,7.7,1.03
A01158,2025-05-23,7.1,-0.0
A01158,2025-06-22,6.0,0.42
A01159,2025-01-29,6.2,0.59
A01159,2025-02-25,6.3,0.03
A01159,2025-03-29,7.0,0.32
A01159,2025-04-29,6.0,0.03
A01159,2025-05-26,7.0,0.47
A01159,2025-06-24,5.9,0.2
A01160,2025-01-23,6.8,0.22
A01160,2025-02-27,7.7,0.28
A01160,2025-03-29,7.1,0.42
A01160,2025-04-22,6.7,-0.04
A01160,2025-05-23,7.1,0.39
A01160,2025-06-29,6.4,0.2
A01161,2025-01-25,5.7,0.68
A01161,2025-02-21,6.0,0.57
A01161,2025-03-22,4.3,1.03
A01161,2025-04-28,8.8,-0.04
A01161,2025-05-23,6.5,-0.0
A01161,2025-06-21,6.0,0.43
A01162,2025-01-31,7.4,0.51
A01162,2025-02-21,7.3,0.72
A01162,2025-03-29,6.5,0.41
A01162,2025-04-22,8.7,0.39
A01162,2025-05-30,6.4,0.21
A01162,2025-06-25,7.7,0.11
A01163,2025-01-22,8.4,0.96
A01163,2025-02-28,7.6,0.83
A01163,2025-03-26,6.6,0.57
A01163,2025-04-27,7.9,1.37
A01163,2025-05-24,8.6,0.14
A01163,2025-06-21,7.5,-0.03
A01164,2025-01-23,7.8,0.29
A01164,2025-02-19,7.6,0.78
A01164,2025-03-25,8.2,0.72
A01164,2025-04-24,8.3,0.79
A01164,2025-05-24,8.0,0.35
A01164,2025-06-22,7.2,-0.2
A01165,2025-01-22,9.0,0.2
A01165,2025-02-24,6.6,0.58
A01165,2025-03-29,6.5,0.43
A01165,2025-04-28,8.5,0.3
A01165,2025-05-27,6.1,0.32
A01165,2025-06-26,7.5,0.3
A01166,2025-01-28,6.2,0.3
A01166,2025-02-27,9.3,0.52
A01166,2025-03-22,6.0,0.71
A01166,2025-04-21,6.1,0.15
A01166,2025-05-26,9.2,0.8
A01166,2025-06-29,6.5,0.77
A01167,2025-01-31,6.9,0.71
A01167,2025-02-20,9.1,0.82
A01167,2025-03-24,7.2,0.5
A01167,2025-04-29,7.8,0.5
A01167,2025-05-27,7.2,0.37
A01167,2025-06-23,8.1,0.43
A01168,2025-01-24,6.0,0.81
A01168,2025-02-23,8.0,0.75
A01168,2025-03-23,7.9,0.64
A01168,2025-04-29,7.7,0.59
A01168,2025-05-31,7.9,0.84
A01168,2025-06-26,8.7,0.12
A01169,2025-01-26,6.6,0.58
A01169,2025-02-24,7.0,0.13
A01169,2025-03-28,6.9,1.15
A01169,2025-04-26,6.1,0.26
A01169,2025-05-29,5.8,0.3
A01169,2025-06-23,5.9,0.19
A01170,2025-01-29,8.1,0.55
A01170,2025-02-21,5.9,0.8
A01170,2025-03-26,5.6,0.5
A01170,2025-04-30,6.7,-0.34
A01170,2025-05-23,8.3,0.48
A01170,2025-06-23,5.9,0.6
A01171,2025-01-29,7.6,0.97
A01171,2025-02-24,8.7,0.7
A01171,2025-03-24,7.8,0.48
A01171,2025-04-27,7.0,0.4
A01171,2025-05-24,7.6,0.42
A01171,2025-06-29,5.7,0.23
A01172,2025-01-26,7.6,0.92
A01172,2025-02-20,6.6,0.31
A01172,2025-03-24,7.3,-0.04
A01172,2025-04-26,5.7,-0.33
A01172,2025-05-28,5.5,-0.35
A01172,2025-06-23,5.1,0.83
A01173,2025-01-23,8.4,-0.11
A01173,2025-02-28,7.8,0.69
A01173,2025-03-26,7.5,0.55
A01173,2025-04-28,7.9,0.85
A01173,2025-05-28,7.8,1.13
A01173,2025-06-29,7.8,0.5
A01174,2025-01-22,6.6,0.66
A01174,2025-02-26,8.0,0.19
A01174,2025-03-23,6.5,-0.02
A01174,2025-04-30,5.5,0.52
A01174,2025-05-28,7.2,0.28
A01174,2025-06-27,5.6,0.93
A01175,2025-01-23,8.1,0.31
A01175,2025-02-20,7.2,0.37
A01175,2025-03-22,8.2,0.76
A01175,2025-04-22,6.2,0.09
A01175,2025-05-22,7.6,0.29
A01175,2025-06-23,8.0,0.49
A01176,2025-01-27,6.8,0.43
A01176,2025-02-22,9.3,0.82
A01176,2025-03-30,8.1,0.47
A01176,2025-04-27,9.6,0.7
A01176,2025-05-23,9.2,1.31
A01176,2025-06-26,7.7,0.7
A01177,2025-01-26,7.5,0.35
A01177,2025-02-23,6.3,0.57
A01177,2025-03-30,8.2,0.76
A01177,2025-04-24,6.6,0.63
A01177,2025-05-24,8.0,0.41
A01177,2025-06-27,5.3,0.04
A01178,2025-01-29,6.3,0.6
A01178,2025-02-23,7.3,0.46
A01178,2025-03-29,6.3,0.92
A01178,2025-04-24,7.2,0.43
A01178,2025-05-31,5.6,0.75
A01178,2025-06-30,7.6,1.02
A01179,2025-01-25,9.2,0.53
A01179,2025-02-26,8.8,0.87
A01179,2025-03-23,10.0,0.84
A01179,2025-04-23,9.7,1.03
A01179,2025-05-29,7.7,0.65
A01179,2025-06-30,8.1,0.78
A01180,2025-01-23,5.1,0.26
A01180,2025-02-25,7.7,-0.13
A01180,2025-03-29,7.8,0.05
A01180,2025-04-26,7.0,0.56
A01180,2025-05-27,7.5,0.46
A01180,2025-06-26,7.0,0.43
A01181,2025-01-26,6.7,0.68
A01181,2025-02-25,6.0,0.04
A01181,2025-03-23,6.7,0.18
A01181,2025-04-26,7.1,0.49
A01181,2025-05-23,8.1,0.6
A01181,2025-06-26,6.1,-0.17
A01182,2025-01-25,6.4,0.8
A01182,2025-02-21,8.0,0.33
A01182,2025-03-27,7.6,0.8
A01182,2025-04-29,6.7,1.29
A01182,2025-05-22,7.6,0.65
A01182,2025-06-24,7.0,0.45
A01183,2025-01-23,8.5,0.45
A01183,2025-02-23,7.5,0.43
A01183,2025-03-23,6.8,0.45
A01183,2025-04-30,4.9,0.87
A01183,2025-05-26,6.9,0.82
A01183,2025-06-24,9.3,0.11
A01184,2025-01-22,6.8,0.65
A01184,2025-02-27,9.5,0.32
A01184,2025-03-22,9.4,-0.19
A01184,2025-04-23,9.5,0.22
A01184,2025-05-29,6.7,0.59
A01184,2025-06-23,7.4,0.47
A01185,2025-01-22,6.4,0.15
A01185,2025-02-27,7.4,0.28
A01185,2025-03-28,7.4,0.4
A01185,2025-04-23,7.6,0.44
A01185,2025-05-24,7.5,0.26
A01185,2025-06-27,6.1,0.05
A01186,2025-01-23,7.4,-0.23
A01186,2025-02-25,7.4,-0.04
A01186,2025-03-26,8.7,0.48
A01186,2025-04-22,6.3,-0.15
A01186,2025-05-30,6.0,0.15
A01186,2025-06-29,9.0,0.34
A01187,2025-01-26,6.9,0.17
A01187,2025-02-24,6.9,0.27
A01187,2025-03-28,6.8,0.88
A01187,2025-04-29,8.3,0.19
A01187,2025-05-27,6.3,0.47
A01187,2025-06-28,8.0,0.38
A01188,2025-01-25,7.6,0.59
A01188,2025-02-19,8.3,0.45
A01188,2025-03-23,7.3,0.35
A01188,2025-04-26,6.2,0.67
A01188,2025-05-25,6.8,0.72
A01188,2025-06-28,8.8,0.92
A01189,2025-01-24,7.9,0.83
A01189,2025-02-22,7.1,0.54
A01189,2025-03-30,7.8,0.56
A01189,2025-04-30,7.6,0.98
A01189,2025-05-30,6.9,0.41
A01189,2025-06-26,7.8,0.19
A01190,2025-01-24,7.4,0.18
A01190,2025-02-21,8.2,0.81
A01190,2025-03-30,7.9,0.47
A01190,2025-04-25,7.7,1.1
A01190,2025-05-31,7.9,0.37
A01190,2025-06-26,8.9,0.43
A01191,2025-01-28,7.0,0.55
A01191,2025-02-26,8.3,0.81
A01191,2025-03-30,7.0,0.46
A01191,2025-04-26,7.3,0.01
A01191,2025-05-23,6.7,0.69
A01191,2025-06-25,9.1,0.66
A01192,2025-01-30,8.2,1.16
A01192,2025-02-21,6.7,0.74
A01192,2025-03-23,9.6,0.1
A01192,2025-04-25,7.5,0.54
A01192,2025-05-22,7.8,0.58
A01192,2025-06-23,8.2,0.64
A01193,2025-01-26,7.6,0.77
A01193,2025-02-27,8.7,0.36
A01193,2025-03-31,7.3,0.08
A01193,2025-04-24,6.3,0.71
A01193,2025-05-24,8.3,0.49
A01193,2025-06-29,5.9,0.97
A01194,2025-01-29,7.0,0.14
A01194,2025-02-26,6.7,0.68
A01194,2025-03-28,5.6,0.29
A01194,2025-04-24,6.6,0.28
A01194,2025-05-29,5.7,0.51
A01194,2025-06-21,9.8,0.27
A01195,2025-01-31,6.3,-0.03
A01195,2025-02-20,4.4,0.68
A01195,2025-03-27,4.2,0.37
A01195,2025-04-24,5.2,1.02
A01195,2025-05-22,6.4,0.23
A01195,2025-06-24,7.1,0.24
A01196,2025-01-23,7.3,0.07
A01196,2025-02-22,7.7,0.73
A01196,2025-03-26,5.0,0.26
A01196,2025-04-27,6.7,-0.08
A01196,2025-05-31,4.7,0.7
A01196,2025-06-26,7.6,-0.06
A01197,2025-01-29,6.7,0.41
A01197,2025-02-19,2.7,0.08
A01197,2025-03-29,4.3,0.8
A01197,2025-04-25,7.2,0.23
A01197,2025-05-29,7.3,0.39
A01197,2025-06-22,6.2,0.47
A01198,2025-01-28,7.4,0.5
A01198,2025-02-27,7.4,0.63
A01198,2025-03-24,8.6,0.72
A01198,2025-04-24,9.1,0.12
A01198,2025-05-30,7.5,0.37
A01198,2025-06-23,7.2,0.33
A01199,2025-01-23,8.0,0.97
A01199,2025-02-26,8.1,0.28
A01199,2025-03-22,7.3,0.48
A01199,2025-04-29,6.9,0.47
A01199,2025-05-25,9.1,0.05
A01199,2025-06-30,7.7,0.47
A01200,2025-01-26,8.7,1.04
A01200,2025-02-25,8.2,0.52
A01200,2025-03-22,6.3,0.66
A01200,2025-04-29,8.6,0.68
A01200,2025-05-31,8.6,0.71
A01200,2025-06-30,8.9,0.8
A01201,2025-01-26,6.9,0.22
A01201,2025-02-22,7.3,0.94
A01201,2025-03-27,6.3,0.04
A01201,2025-04-25,7.1,0.63
A01201,2025-05-28,6.6,0.24
A01201,2025-06-22,8.9,0.41
A01202,2025-01-25,6.8,0.49
A01202,2025-02-19,10.0,0.56
A01202,2025-03-23,6.7,0.58
A01202,2025-04-26,5.9,0.43
A01202,2025-05-22,8.9,0.53
A01202,2025-06-30,7.8,0.3
A01203,2025-01-27,8.1,-0.31
A01203,2025-02-26,8.2,0.36
A01203,2025-03-24,6.9,0.28
A01203,2025-04-29,6.1,0.2
A01203,2025-05-25,8.0,0.91
A01203,2025-06-21,6.9,0.3
A01204,2025-01-24,7.2,0.77
A01204,2025-02-27,8.2,0.01
A01204,2025-03-28,7.0,0.59
A01204,2025-04-28,7.9,0.87
A01204,2025-05-24,9.7,0.99
A01204,2025-06-21,8.2,1.27
A01205,2025-01-26,6.0,0.9
A01205,2025-02-28,7.6,0.63
A01205,2025-03-24,7.6,0.43
A01205,2025-04-27,6.0,-0.09
A01205,2025-05-25,7.1,0.69
A01205,2025-06-30,6.4,-0.17
A01206,2025-01-31,9.1,0.46
A01206,2025-02-23,8.2,0.45
A01206,2025-03-30,7.7,0.1
A01206,2025-04-28,8.1,0.68
A01206,2025-05-30,8.8,0.15
A01206,2025-06-25,6.7,0.8
A01207,2025-01-27,7.6,0.67
A01207,2025-02-23,7.7,0.46
A01207,2025-03-30,7.9,0.5
A01207,2025-04-21,7.8,1.36
A01207,2025-05-25,7.6,0.33
A01207,2025-06-30,8.1,0.12
A01208,2025-01-24,6.5,0.41
A01208,2025-02-27,8.2,0.9
A01208,2025-03-25,7.9,1.05
A01208,2025-04-27,5.6,0.22
A01208,2025-05-25,6.3,0.28
A01208,2025-06-26,7.8,0.86
A01209,2025-01-31,6.3,0.36
A01209,2025-02-25,6.0,0.9
A01209,2025-03-27,6.9,0.41
A01209,2025-04-29,6.9,0.25
A01209,2025-05-31,6.5,0.56
A01209,2025-06-28,5.9,0.49
A01210,2025-01-30,9.1,0.37
A01210,2025-02-22,7.9,0.6
A01210,2025-03-27,10.0,0.44
A01210,2025-04-25,8.3,0.31
A01210,2025-05-27,8.3,0.31
A01210,2025-06-29,10.0,0.88
A01211,2025-01-30,7.8,0.58
A01211,2025-02-26,8.9,0.94
A01211,2025-03-24,7.2,0.58
A01211,2025-04-28,7.1,0.3
A01211,2025-05-28,9.4,0.57
A01211,2025-06-26,7.5,0.19
A01212,2025-01-30,8.1,0.62
A01212,2025-02-25,8.0,0.85
A01212,2025-03-26,8.4,0.45
A01212,2025-04-26,7.0,0.28
A01212,2025-05-22,6.1,1.03
A01212,2025-06-30,8.8,0.46
A01213,2025-01-24,7.7,0.71
A01213,2025-02-27,8.6,0.7
A01213,2025-03-29,7.3,0.39
A01213,2025-04-22,4.1,0.56
A01213,2025-05-26,9.2,0.08
A01213,2025-06-21,7.5,0.91
A01214,2025-01-24,6.9,0.01
A01214,2025-02-19,6.4,0.11
A01214,2025-03-31,6.9,0.47
A01214,2025-04-25,6.7,0.12
A01214,2025-05-30,6.9,-0.05
A01214,2025-06-27,7.5,0.54
A01215,2025-01-28,8.6,0.37
A01215,2025-02-24,8.2,0.23
A01215,2025-03-24,9.5,1.26
A01215,2025-04-27,7.8,0.1
A01215,2025-05-26,7.4,0.45
A01215,2025-06-25,9.9,0.7
A01216,2025-01-30,7.9,0.64
A01216,2025-02-19,7.5,0.25
A01216,2025-03-30,9.1,0.43
A01216,2025-04-30,7.4,0.13
A01216,2025-05-23,6.6,0.91
A01216,2025-06-21,6.8,0.47
A01217,2025-01-25,9.1,0.72
A01217,2025-02-19,8.7,0.72
A01217,2025-03-31,8.0,0.61
A01217,2025-04-23,7.9,1.01
A01217,2025-05-24,8.5,0.76
A01217,2025-06-30,10.0,0.87
A01218,2025-01-28,6.9,0.59
A01218,2025-02-21,9.0,0.67
A01218,2025-03-30,8.7,0.36
A01218,2025-04-27,7.5,1.24
A01218,2025-05-30,7.7,0.61
A01218,2025-06-25,6.3,0.82
A01219,2025-01-31,7.7,0.45
A01219,2025-02-28,6.2,0.7
A01219,2025-03-24,6.2,0.49
A01219,2025-04-21,8.4,0.38
A01219,2025-05-28,7.6,0.38
A01219,2025-06-28,7.7,0.28
A01220,2025-01-29,8.1,0.72
A01220,2025-02-23,8.8,0.46
A01220,2025-03-31,8.4,0.31
A01220,2025-04-30,7.8,0.36
A01220,2025-05-31,9.0,0.95
A01220,2025-06-23,9.7,0.72
A01221,2025-01-29,7.1,0.78
A01221,2025-02-20,7.9,0.39
A01221,2025-03-22,9.8,0.79
A01221,2025-04-24,9.2,0.51
A01221,2025-05-22,5.2,0.98
A01221,2025-06-27,9.0,0.66
A01222,2025-01-22,7.3,0.39
A01222,2025-02-28,8.0,0.24
A01222,2025-03-29,6.4,0.03
A01222,2025-04-30,8.7,0.09
A01222,2025-05-22,7.2,0.53
A01222,2025-06-26,7.5,-0.08
A01223,2025-01-27,8.9,1.16
A01223,2025-02-27,10.0,1.04
A01223,2025-03-24,8.0,0.35
A01223,2025-04-30,9.0,0.96
A01223,2025-05-25,9.6,0.91
A01223,2025-06-21,8.9,0.69
A01224,2025-01-31,6.6,-0.07
A01224,2025-02-24,6.6,-0.47
A01224,2025-03-25,7.2,-0.15
A01224,2025-04-30,7.2,0.07
A01224,2025-05-27,6.4,0.27
A01224,2025-06-24,7.8,0.53
A01225,2025-01-24,6.2,0.25
A01225,2025-02-22,8.4,0.28
A01225,2025-03-26,6.7,0.24
A01225,2025-04-27,6.5,0.42
A01225,2025-05-24,7.6,0.87
A01225,2025-06-30,7.5,0.58
A01226,2025-01-29,6.9,0.35
A01226,2025-02-27,6.5,-0.02
A01226,2025-03-22,7.8,0.15
A01226,2025-04-21,7.9,0.6
A01226,2025-05-23,7.2,0.3
A01226,2025-06-28,6.9,0.75
A01227,2025-01-28,5.8,0.34
A01227,2025-02-26,6.3,0.17
A01227,2025-03-30,6.8,-0.38
A01227,2025-04-22,6.9,0.77
A01227,2025-05-26,8.1,0.43
A01227,2025-06-24,8.7,0.94
A01228,2025-01-24,8.3,0.59
A01228,2025-02-24,6.4,0.11
A01228,2025-03-24,6.8,0.98
A01228,2025-04-26,6.9,-0.1
A01228,2025-05-28,6.2,0.96
A01228,2025-06-30,7.3,0.43
A01229,2025-01-31,7.6,0.61
A01229,2025-02-24,7.1,0.03
A01229,2025-03-27,6.7,0.08
A01229,2025-04-25,8.9,0.38
A01229,2025-05-31,8.0,0.3
A01229,2025-06-22,8.6,0.32
A01230,2025-01-28,8.9,0.36
A01230,2025-02-25,6.6,0.36
A01230,2025-03-28,8.7,0.06
A01230,2025-04-30,7.9,0.22
A01230,2025-05-30,6.0,-0.28
A01230,2025-06-25,6.2,0.57
A01231,2025-01-27,5.5,0.52
A01231,2025-02-20,6.6,0.25
A01231,2025-03-22,6.0,0.3
A01231,2025-04-22,6.5,0.59
A01231,2025-05-26,5.8,0.23
A01231,2025-06-23,7.1,0.35
A01232,2025-01-29,9.1,1.74
A01232,2025-02-26,7.9,1.06
A01232,2025-03-28,7.5,0.68
A01232,2025-04-27,6.2,0.53
A01232,2025-05-22,7.8,0.68
A01232,2025-06-26,8.6,0.71
A01233,2025-01-29,7.9,0.63
A01233,2025-02-21,7.8,0.31
A01233,2025-03-24,7.6,0.32
A01233,2025-04-28,9.0,0.01
A01233,2025-05-28,8.3,0.1
A01233,2025-06-28,6.8,0.41
A01234,2025-01-30,7.7,0.77
A01234,2025-02-21,8.0,0.5
A01234,2025-03-26,7.1,0.65
A01234,2025-04-23,8.3,1.01
A01234,2025-05-27,6.7,0.25
A01234,2025-06-26,7.2,0.89
A01235,2025-01-23,9.0,1.2
A01235,2025-02-28,9.2,0.95
A01235,2025-03-31,7.5,1.3
A01235,2025-04-23,7.8,0.96
A01235,2025-05-22,7.1,0.24
A01235,2025-06-22,9.0,0.39
A01236,2025-01-31,6.7,0.8
A01236,2025-02-24,8.4,0.55
A01236,2025-03-28,7.8,0.41
A01236,2025-04-27,7.0,0.08
A01236,2025-05-25,6.9,0.64
A01236,2025-06-28,7.8,0.05
A01237,2025-01-25,7.6,0.39
A01237,2025-02-20,7.3,0.49
A01237,2025-03-28,7.0,0.68
A01237,2025-04-28,5.4,0.3
A01237,2025-05-22,6.7,0.54
A01237,2025-06-21,7.5,0.53
A01238,2025-01-30,7.2,0.14
A01238,2025-02-23,6.3,0.87
A01238,2025-03-29,6.8,0.33
A01238,2025-04-25,7.6,0.7
A01238,2025-05-25,7.9,0.33
A01238,2025-06-21,7.3,0.17
A01239,2025-01-25,5.7,0.28
A01239,2025-02-21,6.8,0.45
A01239,2025-03-25,5.5,0.82
A01239,2025-04-30,7.5,0.66
A01239,2025-05-29,6.5,0.39
A01239,2025-06-24,7.6,0.61
A01240,2025-01-26,8.1,0.82
A01240,2025-02-21,6.7,-0.14
A01240,2025-03-22,7.2,0.05
A01240,2025-04-26,6.0,0.25
A01240,2025-05-29,6.1,0.59
A01240,2025-06-22,7.5,0.41
A01241,2025-01-24,7.0,0.24
A01241,2025-02-21,4.8,0.49
A01241,2025-03-28,6.2,0.25
A01241,2025-04-24,5.0,0.45
A01241,2025-05-31,6.8,0.13
A01241,2025-06-29,6.9,0.43
A01242,2025-01-24,7.2,0.31
A01242,2025-02-25,5.0,0.19
A01242,2025-03-27,7.0,0.18
A01242,2025-04-24,6.4,0.48
A01242,2025-05-30,7.1,0.41
A01242,2025-06-27,7.0,1.01
A01243,2025-01-30,6.4,0.27
A01243,2025-02-28,8.0,0.11
A01243,2025-03-22,7.2,0.58
A01243,2025-04-28,4.9,0.42
A01243,2025-05-22,9.5,0.24
A01243,2025-06-28,6.3,0.96
A01244,2025-01-25,7.3,1.04
A01244,2025-02-25,10.0,0.63
A01244,2025-03-24,6.9,1.07
A01244,2025-04-23,7.8,0.4
A01244,2025-05-26,6.6,0.8
A01244,2025-06-24,6.0,0.84
A01245,2025-01-30,9.1,0.26
A01245,2025-02-26,8.1,0.35
A01245,2025-03-24,8.7,0.93
A01245,2025-04-28,5.8,0.99
A01245,2025-05-30,10.0,0.04
A01245,2025-06-26,9.6,0.71
A01246,2025-01-26,9.6,0.52
A01246,2025-02-26,7.7,0.03
A01246,2025-03-25,7.8,1.14
A01246,2025-04-24,8.8,0.84
A01246,2025-05-24,8.3,0.88
A01246,2025-06-22,8.1,0.01
A01247,2025-01-31,7.7,0.04
A01247,2025-02-26,9.0,0.4
A01247,2025-03-26,6.7,0.2
A01247,2025-04-25,8.2,0.06
A01247,2025-05-28,7.2,0.46
A01247,2025-06-29,7.3,0.61
A01248,2025-01-30,7.5,1.13
A01248,2025-02-21,8.3,0.37
A01248,2025-03-28,6.0,0.73
A01248,2025-04-26,6.6,0.78
A01248,2025-05-23,7.7,0.43
A01248,2025-06-23,6.9,0.29
A01249,2025-01-27,6.4,0.3
A01249,2025-02-22,6.5,0.93
A01249,2025-03-24,7.9,1.1
A01249,2025-04-24,5.2,0.62
A01249,2025-05-23,8.1,0.09
A01249,2025-06-21,8.3,0.29
A01250,2025-01-26,7.2,0.24
A01250,2025-02-23,4.9,0.07
A01250,2025-03-24,7.1,0.65
A01250,2025-04-26,6.3,0.63
A01250,2025-05-23,8.6,0.49
A01250,2025-06-30,7.1,0.38
A01251,2025-01-26,7.1,0.47
A01251,2025-02-24,5.4,0.75
A01251,2025-03-22,6.4,0.29
A01251,2025-04-23,6.5,0.36
A01251,2025-05-25,6.7,0.23
A01251,2025-06-22,8.1,0.25
A01252,2025-01-22,7.7,0.38
A01252,2025-02-19,8.9,1.01
A01252,2025-03-31,7.6,0.71
A01252,2025-04-26,7.5,0.38
A01252,2025-05-22,8.9,0.9
A01252,2025-06-25,7.0,0.41
A01253,2025-01-27,8.4,0.28
A01253,2025-02-28,7.2,0.72
A01253,2025-03-24,6.9,-0.12
A01253,2025-04-29,8.5,-0.14
A01253,2025-05-26,8.6,0.19
A01253,2025-06-30,5.6,-0.07
A01254,2025-01-27,7.6,0.63
A01254,2025-02-20,7.1,1.07
A01254,2025-03-28,7.1,0.11
A01254,2025-04-28,5.8,1.1
A01254,2025-05-30,6.1,0.46
A01254,2025-06-29,8.9,0.14
A01255,2025-01-25,8.8,0.75
A01255,2025-02-28,9.7,0.84
A01255,2025-03-25,9.0,0.8
A01255,2025-04-29,7.1,0.79
A01255,2025-05-29,8.2,0.78
A01255,2025-06-29,9.0,0.73
A01256,2025-01-29,6.8,0.21
A01256,2025-02-25,8.4,0.51
A01256,2025-03-29,6.7,0.38
A01256,2025-04-25,9.1,0.47
A01256,2025-05-30,8.5,0.43
A01256,2025-06-22,9.0,0.65
A01257,2025-01-30,7.1,0.43
A01257,2025-02-28,6.3,0.26
A01257,2025-03-23,7.2,0.27
A01257,2025-04-27,6.5,0.64
A01257,2025-05-26,6.6,0.53
A01257,2025-06-30,8.1,0.54
A01258,2025-01-22,8.4,0.69
A01258,2025-02-21,7.4,0.82
A01258,2025-03-26,7.9,0.51
A01258,2025-04-25,8.6,0.55
A01258,2025-05-29,7.2,0.66
A01258,2025-06-21,10.0,0.56
A01259,2025-01-31,8.7,0.27
A01259,2025-02-22,9.6,0.53
A01259,2025-03-26,7.8,0.47
A01259,2025-04-27,7.8,0.51
A01259,2025-05-25,8.4,0.52
A01259,2025-06-28,10.0,0.64
A01260,2025-01-23,7.5,0.61
A01260,2025-02-21,7.9,1.23
A01260,2025-03-24,7.8,0.18
A01260,2025-04-25,8.9,0.81
A01260,2025-05-24,8.0,0.77
A01260,2025-06-26,9.1,0.38
A01261,2025-01-22,5.4,0.57
A01261,2025-02-20,6.6,0.33
A01261,2025-03-24,8.4,0.5
A01261,2025-04-27,6.8,0.21
A01261,2025-05-23,6.4,0.59
A01261,2025-06-25,7.5,0.36
A01262,2025-01-31,7.8,0.55
A01262,2025-02-22,7.1,-0.03
A01262,2025-03-22,8.2,0.47
A01262,2025-04-29,4.8,0.38
A01262,2025-05-27,6.4,0.45
A01262,2025-06-21,9.1,-0.11
A01263,2025-01-22,7.0,0.12
A01263,2025-02-19,8.1,0.63
A01263,2025-03-24,7.5,0.56
A01263,2025-04-30,7.7,0.3
A01263,2025-05-28,8.9,0.67
A01263,2025-06-24,6.8,0.54
A01264,2025-01-24,5.5,0.51
A01264,2025-02-20,8.5,0.78
A01264,2025-03-29,10.0,0.46
A01264,2025-04-28,7.9,0.49
A01264,2025-05-30,6.8,0.09
A01264,2025-06-29,10.0,0.62
A01265,2025-01-25,7.9,1.11
A01265,2025-02-23,9.0,0.82
A01265,2025-03-31,7.0,0.61
A01265,2025-04-25,8.3,1.1
A01265,2025-05-27,8.1,0.78
A01265,2025-06-29,7.9,0.87
A01266,2025-01-28,7.6,-0.2
A01266,2025-02-21,7.7,0.69
A01266,2025-03-25,7.0,0.08
A01266,2025-04-26,8.4,0.74
A01266,2025-05-31,7.4,0.11
A01266,2025-06-28,5.1,0.59
A01267,2025-01-25,5.6,0.29
A01267,2025-02-19,6.2,-0.32
A01267,2025-03-23,6.2,0.57
A01267,2025-04-30,8.1,0.58
A01267,2025-05-26,7.3,0.57
A01267,2025-06-21,6.4,0.16
A01268,2025-01-25,6.4,0.57
A01268,2025-02-24,8.3,0.61
A01268,2025-03-25,7.1,0.28
A01268,2025-04-28,7.8,0.77
A01268,2025-05-28,6.4,0.9
A01268,2025-06-25,7.2,0.89
A01269,2025-01-24,7.3,0.34
A01269,2025-02-23,7.7,-0.2
A01269,2025-03-27,7.8,0.77
A01269,2025-04-28,6.3,1.03
A01269,2025-05-29,7.4,0.53
A01269,2025-06-25,6.7,0.34
A01270,2025-01-31,8.4,0.59
A01270,2025-02-24,6.5,0.37
A01270,2025-03-26,7.9,0.75
A01270,2025-04-27,6.4,0.56
A01270,2025-05-23,7.7,0.79
A01270,2025-06-21,6.6,0.73
A01271,2025-01-23,5.3,1.23
A01271,2025-02-26,7.7,0.89
A01271,2025-03-26,6.1,0.31
A01271,2025-04-23,7.3,1.36
A01271,2025-05-31,6.0,0.16
A01271,2025-06-24,8.7,0.34
A01272,2025-01-29,8.5,1.43
A01272,2025-02-22,8.6,1.05
A01272,2025-03-22,7.9,0.61
A01272,2025-04-27,9.2,-0.15
A01272,2025-05-27,7.4,0.86
A01272,2025-06-28,7.8,0.53
A01273,2025-01-31,5.0,-0.15
A01273,2025-02-20,7.7,0.21
A01273,2025-03-28,7.3,0.3
A01273,2025-04-26,8.2,0.49
A01273,2025-05-29,6.3,0.53
A01273,2025-06-23,7.6,0.67
A01274,2025-01-24,7.5,1.03
A01274,2025-02-27,7.8,0.54
A01274,2025-03-29,7.7,-0.1
A01274,2025-04-25,6.9,0.06
A01274,2025-05-27,7.5,-0.36
A01274,2025-06-29,5.4,0.15
A01275,2025-01-27,6.9,0.17
A01275,2025-02-24,7.4,0.42
A01275,2025-03-25,5.9,0.71
A01275,2025-04-23,7.3,0.7
A01275,2025-05-27,6.3,0.19
A01275,2025-06-29,8.6,0.91
A01276,2025-01-28,6.2,0.6
A01276,2025-02-20,8.0,0.83
A01276,2025-03-28,8.1,1.56
A01276,2025-04-27,6.4,0.75
A01276,2025-05-28,6.6,0.76
A01276,2025-06-22,7.7,0.73
A01277,2025-01-22,8.5,0.75
A01277,2025-02-22,8.0,0.57
A01277,2025-03-26,7.8,0.54
A01277,2025-04-22,6.8,0.42
A01277,2025-05-26,9.3,0.78
A01277,2025-06-22,8.7,0.49
A01278,2025-01-30,6.8,0.22
A01278,2025-02-22,5.5,0.44
A01278,2025-03-24,7.3,0.15
A01278,2025-04-30,5.9,0.44
A01278,2025-05-29,8.3,0.48
A01278,2025-06-24,6.8,0.4
A01279,2025-01-26,8.1,0.66
A01279,2025-02-19,7.5,1.07
A01279,2025-03-24,9.5,0.04
A01279,2025-04-25,7.1,0.66
A01279,2025-05-25,9.3,0.65
A01279,2025-06-23,7.4,0.39
A01280,2025-01-29,8.6,0.92
A01280,2025-02-26,10.0,-0.31
A01280,2025-03-27,6.8,-0.02
A01280,2025-04-21,8.6,0.27
A01280,2025-05-31,8.1,0.61
A01280,2025-06-28,9.6,0.74
A01281,2025-01-25,6.0,0.08
A01281,2025-02-27,8.6,0.77
A01281,2025-03-31,5.9,0.47
A01281,2025-04-28,7.2,0.3
A01281,2025-05-28,6.2,0.16
A01281,2025-06-27,6.0,-0.18
A01282,2025-01-26,7.3,0.24
A01282,2025-02-25,5.9,0.24
A01282,2025-03-22,8.4,0.81
A01282,2025-04-25,6.4,1.21
A01282,2025-05-30,7.4,0.06
A01282,2025-06-26,6.2,0.41
A01283,2025-01-23,9.1,0.67
A01283,2025-02-26,8.4,0.57
A01283,2025-03-31,8.1,0.35
A01283,2025-04-25,9.9,0.87
A01283,2025-05-25,7.4,0.36
A01283,2025-06-22,6.1,0.45
A01284,2025-01-30,7.1,0.55
A01284,2025-02-26,7.9,0.89
A01284,2025-03-31,7.5,0.55
A01284,2025-04-28,7.8,0.35
A01284,2025-05-29,8.5,0.2
A01284,2025-06-21,8.8,0.37
A01285,2025-01-31,6.7,0.42
A01285,2025-02-21,7.8,0.28
A01285,2025-03-29,7.5,0.82
A01285,2025-04-30,7.1,0.3
A01285,2025-05-30,8.4,0.24
A01285,2025-06-26,8.4,1.08
A01286,2025-01-28,8.2,0.4
A01286,2025-02-26,9.2,0.76
A01286,2025-03-31,7.9,0.59
A01286,2025-04-27,7.8,0.54
A01286,2025-05-26,10.0,0.54
A01286,2025-06-26,9.6,0.47
A01287,2025-01-27,8.4,0.95
A01287,2025-02-22,7.6,1.02
A01287,2025-03-25,7.1,0.76
A01287,2025-04-30,9.7,1.29
A01287,2025-05-31,7.7,0.5
A01287,2025-06-29,7.9,0.72
A01288,2025-01-22,10.0,1.39
A01288,2025-02-23,8.9,0.56
A01288,2025-03-23,5.9,0.88
A01288,2025-04-23,8.0,1.15
A01288,2025-05-30,9.3,0.93
A01288,2025-06-30,5.4,0.67
A01289,2025-01-25,6.4,1.16
A01289,2025-02-21,8.3,1.15
A01289,2025-03-23,8.0,0.65
A01289,2025-04-23,7.9,0.86
A01289,2025-05-29,6.2,1.13
A01289,2025-06-27,6.8,0.44
A01290,2025-01-29,5.0,0.26
A01290,2025-02-26,6.0,0.45
A01290,2025-03-30,5.1,0.13
A01290,2025-04-25,6.3,0.95
A01290,2025-05-25,4.2,0.34
A01290,2025-06-23,7.4,0.05
A01291,2025-01-23,7.2,0.58
A01291,2025-02-20,7.0,0.84
A01291,2025-03-22,8.5,0.27
A01291,2025-04-21,8.7,0.16
A01291,2025-05-30,7.3,0.03
A01291,2025-06-21,8.1,0.7
A01292,2025-01-27,8.0,0.7
A01292,2025-02-27,6.8,0.33
A01292,2025-03-28,6.4,1.15
A01292,2025-04-30,6.6,0.91
A01292,2025-05-23,6.1,0.66
A01292,2025-06-25,6.7,-0.31
A01293,2025-01-22,7.3,-0.18
A01293,2025-02-23,5.5,0.3
A01293,2025-03-29,7.8,0.5
A01293,2025-04-29,6.3,0.01
A01293,2025-05-30,7.6,0.0
A01293,2025-06-26,6.5,0.32
A01294,2025-01-30,7.3,0.67
A01294,2025-02-28,6.9,0.0
A01294,2025-03-22,6.3,0.12
A01294,2025-04-29,9.1,-0.14
A01294,2025-05-29,7.3,0.35
A01294,2025-06-24,7.2,0.45
A01295,2025-01-24,8.9,0.81
A01295,2025-02-21,7.6,0.49
A01295,2025-03-24,7.6,0.95
A01295,2025-04-28,8.8,0.72
A01295,2025-05-22,8.3,0.6
A01295,2025-06-22,7.8,0.62
A01296,2025-01-25,6.9,-0.08
A01296,2025-02-19,5.9,0.61
A01296,2025-03-25,6.8,0.49
A01296,2025-04-29,6.7,0.28
A01296,2025-05-31,7.2,0.0
A01296,2025-06-27,7.0,-0.29
A01297,2025-01-28,6.9,0.34
A01297,2025-02-22,7.6,-0.18
A01297,2025-03-25,5.8,0.69
A01297,2025-04-27,6.0,0.32
A01297,2025-05-24,6.3,0.53
A01297,2025-06-27,6.3,-0.17
A01298,2025-01-28,5.9,0.6
A01298,2025-02-22,7.7,0.47
A01298,2025-03-25,8.4,0.25
A01298,2025-04-22,8.1,0.23
A01298,2025-05-29,9.0,0.52
A01298,2025-06-26,8.3,0.19
A01299,2025-01-22,7.1,0.46
A01299,2025-02-28,9.0,-0.09
A01299,2025-03-22,8.6,0.63
A01299,2025-04-21,8.4,0.24
A01299,2025-05-28,8.2,0.3
A01299,2025-06-27,5.9,1.18
A01300,2025-01-24,8.2,0.5
A01300,2025-02-19,8.1,0.35
A01300,2025-03-30,7.6,0.61
A01300,2025-04-30,7.1,0.41
A01300,2025-05-28,7.8,0.76
A01300,2025-06-24,6.3,0.69
A01301,2025-01-24,8.3,0.39
A01301,2025-02-27,6.8,0.43
A01301,2025-03-28,7.8,0.74
A01301,2025-04-25,5.2,0.31
A01301,2025-05-31,6.2,-0.01
A01301,2025-06-29,6.9,0.0
A01302,2025-01-26,5.8,0.43
A01302,2025-02-28,5.8,0.06
A01302,2025-03-23,5.6,0.64
A01302,2025-04-29,6.9,0.53
A01302,2025-05-26,7.6,0.48
A01302,2025-06-21,5.7,0.35
A01303,2025-01-27,7.0,0.72
A01303,2025-02-22,6.1,0.46
A01303,2025-03-30,9.0,0.23
A01303,2025-04-21,7.6,0.92
A01303,2025-05-23,6.7,0.73
A01303,2025-06-27,9.4,0.53
A01304,2025-01-24,8.0,1.09
A01304,2025-02-20,8.0,1.14
A01304,2025-03-27,7.7,0.2
A01304,2025-04-29,8.3,0.57
A01304,2025-05-27,8.0,0.65
A01304,2025-06-27,8.3,0.79
A01305,2025-01-27,8.6,0.43
A01305,2025-02-28,9.4,0.42
A01305,2025-03-26,8.4,0.28
A01305,2025-04-25,7.1,0.45
A01305,2025-05-23,8.7,0.5
A01305,2025-06-29,9.7,0.56
A01306,2025-01-22,6.3,0.12
A01306,2025-02-25,9.3,-0.29
A01306,2025-03-29,5.8,-0.04
A01306,2025-04-23,6.6,0.8
A01306,2025-05-30,5.0,-0.03
A01306,2025-06-26,6.1,0.04
A01307,2025-01-25,7.4,0.24
A01307,2025-02-21,6.8,0.1
A01307,2025-03-31,5.7,0.41
A01307,2025-04-30,6.5,0.38
A01307,2025-05-25,6.7,-0.35
A01307,2025-06-29,8.6,0.45
A01308,2025-01-30,6.8,0.67
A01308,2025-02-26,6.6,0.37
A01308,2025-03-29,8.6,1.12
A01308,2025-04-22,7.9,0.9
A01308,2025-05-31,6.6,0.14
A01308,2025-06-26,7.6,0.75
A01309,2025-01-24,6.5,0.38
A01309,2025-02-24,6.0,-0.15
A01309,2025-03-30,6.3,0.28
A01309,2025-04-26,7.4,0.03
A01309,2025-05-27,7.2,0.14
A01309,2025-06-26,7.9,0.84
A01310,2025-01-28,4.7,0.52
A01310,2025-02-19,7.9,0.66
A01310,2025-03-23,8.2,0.52
A01310,2025-04-28,8.8,1.03
A01310,2025-05-24,9.2,0.49
A01310,2025-06-23,9.0,0.34
A01311,2025-01-22,7.9,0.77
A01311,2025-02-25,8.6,-0.03
A01311,2025-03-23,8.0,-0.04
A01311,2025-04-26,5.5,0.51
A01311,2025-05-25,7.4,0.29
A01311,2025-06-28,6.6,0.99
A01312,2025-01-27,8.4,0.31
A01312,2025-02-28,9.2,0.64
A01312,2025-03-30,9.7,0.63
A01312,2025-04-27,10.0,1.08
A01312,2025-05-24,7.5,0.33
A01312,2025-06-27,7.6,0.2
A01313,2025-01-27,7.9,0.47
A01313,2025-02-23,8.1,0.42
A01313,2025-03-26,8.0,0.3
A01313,2025-04-25,8.4,0.5
A01313,2025-05-26,7.6,0.17
A01313,2025-06-28,7.4,0.55
A01314,2025-01-22,8.3,0.88
A01314,2025-02-26,7.7,0.78
A01314,2025-03-28,6.8,-0.06
A01314,2025-04-29,9.2,1.0
A01314,2025-05-30,5.8,0.42
A01314,2025-06-23,7.4,0.15
A01315,2025-01-28,9.3,0.62
A01315,2025-02-23,7.2,0.73
A01315,2025-03-29,7.0,0.1
A01315,2025-04-30,8.5,0.18
A01315,2025-05-23,10.0,0.84
A01315,2025-06-24,8.1,1.01
A01316,2025-01-26,10.0,0.48
A01316,2025-02-22,7.4,0.22
A01316,2025-03-22,9.4,-0.08
A01316,2025-04-22,9.4,0.79
A01316,2025-05-28,9.3,0.76
A01316,2025-06-25,8.9,0.37
A01317,2025-01-31,6.6,0.26
A01317,2025-02-19,6.4,0.75
A01317,2025-03-23,6.0,0.36
A01317,2025-04-24,8.6,0.13
A01317,2025-05-25,6.5,0.14
A01317,2025-06-21,6.9,0.31
A01318,2025-01-26,7.6,0.43
A01318,2025-02-20,7.9,0.2
A01318,2025-03-24,10.0,0.51
A01318,2025-04-24,9.4,0.97
A01318,2025-05-22,6.5,0.18
A01318,2025-06-26,6.7,0.14
A01319,2025-01-25,5.2,0.21
A01319,2025-02-26,8.2,-0.06
A01319,2025-03-30,6.2,0.13
A01319,2025-04-23,6.2,0.52
A01319,2025-05-26,5.8,0.41
A01319,2025-06-22,7.1,0.39
A01320,2025-01-26,6.0,0.05
A01320,2025-02-27,6.5,0.65
A01320,2025-03-24,7.7,0.41
A01320,2025-04-23,6.7,0.2
A01320,2025-05-24,7.6,0.54
A01320,2025-06-30,7.0,0.42
A01321,2025-01-31,7.7,0.4
A01321,2025-02-26,7.6,1.05
A01321,2025-03-27,8.4,0.56
A01321,2025-04-27,7.3,0.5
A01321,2025-05-30,6.3,0.49
A01321,2025-06-24,9.5,0.26
A01322,2025-01-22,6.6,0.38
A01322,2025-02-19,7.6,0.46
A01322,2025-03-26,9.3,0.24
A01322,2025-04-25,7.4,0.84
A01322,2025-05-25,8.7,0.56
A01322,2025-06-22,8.6,0.5
A01323,2025-01-31,7.5,0.42
A01323,2025-02-19,8.1,0.38
A01323,2025-03-22,8.9,0.62
A01323,2025-04-21,8.2,0.62
A01323,2025-05-30,8.5,0.01
A01323,2025-06-28,8.8,0.47
A01324,2025-01-22,7.0,0.68
A01324,2025-02-22,8.1,0.73
A01324,2025-03-26,6.0,0.31
A01324,2025-04-23,6.9,0.39
A01324,2025-05-30,7.0,0.59
A01324,2025-06-22,6.5,0.41
A01325,2025-01-25,6.9,0.75
A01325,2025-02-26,6.4,0.27
A01325,2025-03-24,7.4,0.7
A01325,2025-04-29,6.7,0.55
A01325,2025-05-31,8.9,0.8
A01325,2025-06-26,8.0,0.88
A01326,2025-01-28,5.7,0.4
A01326,2025-02-26,6.3,0.15
A01326,2025-03-28,6.4,0.63
A01326,2025-04-28,8.0,-0.29
A01326,2025-05-27,7.3,0.61
A01326,2025-06-30,8.3,0.11
A01327,2025-01-30,8.4,0.58
A01327,2025-02-25,9.4,0.3
A01327,2025-03-27,7.7,1.06
A01327,2025-04-28,8.2,0.56
A01327,2025-05-22,8.6,0.39
A01327,2025-06-28,7.7,0.81
A01328,2025-01-28,8.4,0.88
A01328,2025-02-27,8.1,0.33
A01328,2025-03-22,8.2,0.63
A01328,2025-04-28,9.9,0.27
A01328,2025-05-28,7.3,-0.2
A01328,2025-06-28,8.8,0.43
A01329,2025-01-23,8.4,0.76
A01329,2025-02-20,7.2,0.35
A01329,2025-03-24,8.0,1.15
A01329,2025-04-24,7.6,0.66
A01329,2025-05-26,8.8,-0.15
A01329,2025-06-28,7.2,0.7
A01330,2025-01-24,8.4,0.38
A01330,2025-02-27,7.9,1.32
A01330,2025-03-23,7.3,0.74
A01330,2025-04-29,7.3,0.59
A01330,2025-05-25,6.9,0.34
A01330,2025-06-29,9.4,0.18
A01331,2025-01-26,6.8,0.07
A01331,2025-02-19,7.3,0.43
A01331,2025-03-26,7.9,0.47
A01331,2025-04-27,7.9,-0.19
A01331,2025-05-29,5.8,-0.2
A01331,2025-06-28,7.0,0.75
A01332,2025-01-29,5.5,0.29
A01332,2025-02-23,8.3,0.56
A01332,2025-03-30,7.7,0.05
A01332,2025-04-23,7.6,0.28
A01332,2025-05-28,6.0,0.52
A01332,2025-06-23,7.1,0.81
A01333,2025-01-31,6.5,0.89
A01333,2025-02-20,7.2,0.66
A01333,2025-03-25,6.2,0.36
A01333,2025-04-27,9.5,0.98
A01333,2025-05-31,7.4,1.49
A01333,2025-06-25,8.8,0.95
A01334,2025-01-26,7.0,0.93
A01334,2025-02-20,7.9,0.69
A01334,2025-03-26,9.5,0.56
A01334,2025-04-22,8.6,0.66
A01334,2025-05-25,7.2,0.7
A01334,2025-06-28,7.7,0.54
A01335,2025-01-31,7.6,1.24
A01335,2025-02-21,7.7,0.41
A01335,2025-03-23,8.2,1.0
A01335,2025-04-28,6.7,-0.03
A01335,2025-05-27,6.5,0.17
A01335,2025-06-28,8.4,0.52
A01336,2025-01-23,5.4,0.61
A01336,2025-02-27,7.4,-0.13
A01336,2025-03-30,5.9,0.87
A01336,2025-04-30,7.0,0.34
A01336,2025-05-23,6.9,0.43
A01336,2025-06-28,4.6,0.35
A01337,2025-01-24,6.4,0.75
A01337,2025-02-26,8.0,0.44
A01337,2025-03-25,7.9,0.35
A01337,2025-04-27,7.2,0.6
A01337,2025-05-22,7.0,0.68
A01337,2025-06-21,7.3,-0.08
A01338,2025-01-27,8.6,0.81
A01338,2025-02-24,7.8,0.32
A01338,2025-03-30,7.6,0.82
A01338,2025-04-25,7.3,1.15
A01338,2025-05-27,9.4,0.72
A01338,2025-06-28,7.5,0.25
A01339,2025-01-31,6.5,0.1
A01339,2025-02-28,6.7,0.39
A01339,2025-03-29,6.7,-0.34
A01339,2025-04-24,5.2,0.59
A01339,2025-05-28,7.2,0.48
A01339,2025-06-29,7.6,0.52
A01340,2025-01-28,5.2,0.83
A01340,2025-02-26,7.3,1.09
A01340,2025-03-31,5.9,0.69
A01340,2025-04-30,7.6,-0.17
A01340,2025-05-24,6.1,0.19
A01340,2025-06-25,6.8,0.07
A01341,2025-01-22,6.5,0.21
A01341,2025-02-26,6.0,0.54
A01341,2025-03-31,7.8,0.78
A01341,2025-04-21,6.7,0.89
A01341,2025-05-30,8.4,0.7
A01341,2025-06-29,6.6,0.48
A01342,2025-01-29,7.1,0.26
A01342,2025-02-25,7.4,0.38
A01342,2025-03-28,10.0,0.45
A01342,2025-04-21,9.3,0.77
A01342,2025-05-30,8.8,0.34
A01342,2025-06-21,9.9,0.4
A01343,2025-01-29,8.1,0.36
A01343,2025-02-19,8.5,0.12
A01343,2025-03-26,5.8,0.54
A01343,2025-04-22,6.2,0.37
A01343,2025-05-31,6.1,0.91
A01343,2025-06-24,7.7,-0.18
A01344,2025-01-22,7.4,0.5
A01344,2025-02-23,6.2,0.26
A01344,2025-03-24,8.8,-0.08
A01344,2025-04-28,5.5,0.19
A01344,2025-05-24,6.6,0.37
A01344,2025-06-26,8.4,0.19
A01345,2025-01-26,7.8,0.91
A01345,2025-02-24,8.0,-0.23
A01345,2025-03-26,8.5,-0.18
A01345,2025-04-29,7.2,0.34
A01345,2025-05-30,7.5,0.61
A01345,2025-06-30,8.3,-0.4
A01346,2025-01-27,6.8,0.18
A01346,2025-02-24,7.2,0.45
A01346,2025-03-28,8.4,0.97
A01346,2025-04-29,6.8,0.51
A01346,2025-05-30,6.7,0.64
A01346,2025-06-21,8.4,1.33
A01347,2025-01-26,6.7,0.47
A01347,2025-02-20,7.3,0.19
A01347,2025-03-27,6.2,0.65
A01347,2025-04-21,7.7,0.6
A01347,2025-05-27,9.0,0.53
A01347,2025-06-22,7.6,0.61
A01348,2025-01-31,9.1,0.19
A01348,2025-02-26,8.4,0.51
A01348,2025-03-24,7.2,1.25
A01348,2025-04-29,8.6,0.51
A01348,2025-05-25,8.1,0.74
A01348,2025-06-26,8.0,0.94
A01349,2025-01-29,6.3,0.41
A01349,2025-02-21,5.5,0.52
A01349,2025-03-23,8.9,0.68
A01349,2025-04-24,7.5,0.58
A01349,2025-05-22,6.4,0.41
A01349,2025-06-28,7.6,0.13
A01350,2025-01-24,8.4,0.72
A01350,2025-02-25,7.3,0.68
A01350,2025-03-27,9.0,0.72
A01350,2025-04-26,7.3,0.5
A01350,2025-05-25,7.7,0.88
A01350,2025-06-30,6.3,0.37
A01351,2025-01-31,7.2,0.34
A01351,2025-02-26,9.0,0.51
A01351,2025-03-24,7.7,0.45
A01351,2025-04-28,9.9,0.29
A01351,2025-05-24,9.4,0.6
A01351,2025-06-30,6.9,1.04
A01352,2025-01-29,6.8,0.02
A01352,2025-02-27,6.6,0.05
A01352,2025-03-26,5.2,-0.22
A01352,2025-04-26,6.8,0.12
A01352,2025-05-27,7.2,0.4
A01352,2025-06-30,8.3,-0.12
A01353,2025-01-22,6.4,0.84
A01353,2025-02-22,5.8,0.53
A01353,2025-03-28,7.9,0.48
A01353,2025-04-30,9.2,0.1
A01353,2025-05-29,6.1,0.42
A01353,2025-06-24,6.3,0.42
A01354,2025-01-25,6.2,0.3
A01354,2025-02-24,7.4,0.22
A01354,2025-03-23,6.2,0.3
A01354,2025-04-30,4.5,0.2
A01354,2025-05-27,5.2,0.45
A01354,2025-06-21,8.3,0.42
A01355,2025-01-23,8.5,0.54
A01355,2025-02-25,8.6,0.34
A01355,2025-03-29,7.4,0.7
A01355,2025-04-23,7.6,0.82
A01355,2025-05-28,7.2,0.24
A01355,2025-06-22,5.5,0.51
A01356,2025-01-30,9.5,0.74
A01356,2025-02-22,6.1,0.45
A01356,2025-03-31,8.0,0.78
A01356,2025-04-25,7.5,0.86
A01356,2025-05-24,7.2,1.36
A01356,2025-06-27,8.9,0.49
A01357,2025-01-22,8.4,0.93
A01357,2025-02-23,7.7,0.89
A01357,2025-03-31,8.9,0.93
A01357,2025-04-28,7.4,0.39
A01357,2025-05-28,7.1,0.33
A01357,2025-06-29,6.1,1.12
A01358,2025-01-22,6.6,0.35
A01358,2025-02-27,6.7,0.28
A01358,2025-03-31,7.2,0.49
A01358,2025-04-22,6.3,0.2
A01358,2025-05-31,7.4,0.57
A01358,2025-06-30,6.9,0.26
A01359,2025-01-26,7.5,0.82
A01359,2025-02-20,6.1,0.44
A01359,2025-03-30,7.0,0.69
A01359,2025-04-29,5.3,-0.42
A01359,2025-05-29,6.8,0.67
A01359,2025-06-25,6.7,0.03
A01360,2025-01-29,7.9,0.5
A01360,2025-02-25,9.8,0.79
A01360,2025-03-27,7.7,0.96
A01360,2025-04-26,7.8,0.74
A01360,2025-05-30,10.0,0.45
A01360,2025-06-22,9.0,0.64
A01361,2025-01-28,6.8,0.47
A01361,2025-02-26,8.6,0.38
A01361,2025-03-29,6.2,0.4
A01361,2025-04-22,4.6,-0.41
A01361,2025-05-27,7.7,0.09
A01361,2025-06-21,7.1,0.57
A01362,2025-01-29,6.1,0.33
A01362,2025-02-20,8.1,0.44
A01362,2025-03-24,7.3,0.94
A01362,2025-04-30,8.6,0.47
A01362,2025-05-24,8.6,1.14
A01362,2025-06-29,7.9,0.8
A01363,2025-01-28,5.2,0.88
A01363,2025-02-20,5.8,-0.08
A01363,2025-03-22,5.7,0.43
A01363,2025-04-21,5.4,0.73
A01363,2025-05-30,6.4,0.63
A01363,2025-06-29,7.5,0.43
A01364,2025-01-30,7.4,-0.1
A01364,2025-02-22,7.0,0.37
A01364,2025-03-31,7.6,-0.02
A01364,2025-04-21,6.7,0.11
A01364,2025-05-31,5.3,0.49
A01364,2025-06-30,8.2,0.07
A01365,2025-01-28,5.6,0.18
A01365,2025-02-25,6.3,1.08
A01365,2025-03-22,6.5,0.51
A01365,2025-04-24,6.6,0.77
A01365,2025-05-29,7.1,0.35
A01365,2025-06-28,6.2,0.82
A01366,2025-01-23,9.8,0.89
A01366,2025-02-22,7.5,0.42
A01366,2025-03-31,7.8,0.6
A01366,2025-04-21,7.7,0.58
A01366,2025-05-25,9.3,1.42
A01366,2025-06-30,7.8,0.54
A01367,2025-01-22,8.8,0.56
A01367,2025-02-27,6.6,0.18
A01367,2025-03-28,7.6,0.34
A01367,2025-04-28,10.0,0.82
A01367,2025-05-28,7.0,1.04
A01367,2025-06-21,6.8,0.21
A01368,2025-01-28,5.6,0.01
A01368,2025-02-24,7.2,0.46
A01368,2025-03-28,7.4,-0.17
A01368,2025-04-27,7.0,-0.02
A01368,2025-05-23,6.8,0.18
A01368,2025-06-29,6.0,0.37
A01369,2025-01-31,7.0,0.47
A01369,2025-02-24,8.5,0.13
A01369,2025-03-31,9.0,0.41
A01369,2025-04-29,10.0,0.91
A01369,2025-05-24,6.9,0.76
A01369,2025-06-26,9.9,0.26
A01370,2025-01-31,8.1,0.14
A01370,2025-02-26,8.6,0.42
A01370,2025-03-22,7.1,-0.1
A01370,2025-04-23,6.3,0.58
A01370,2025-05-30,6.6,0.25
A01370,2025-06-27,8.4,1.05
A01371,2025-01-25,8.1,0.86
A01371,2025-02-26,8.8,0.86
A01371,2025-03-24,8.9,1.25
A01371,2025-04-22,8.6,0.45
A01371,2025-05-29,8.4,0.82
A01371,2025-06-29,9.2,0.99
A01372,2025-01-25,8.2,0.35
A01372,2025-02-19,7.6,-0.13
A01372,2025-03-27,8.5,0.85
A01372,2025-04-27,7.9,0.24
A01372,2025-05-28,8.7,0.79
A01372,2025-06-25,7.7,0.51
A01373,2025-01-22,5.8,0.28
A01373,2025-02-25,8.4,-0.06
A01373,2025-03-25,6.0,0.23
A01373,2025-04-21,6.8,0.49
A01373,2025-05-24,7.5,0.6
A01373,2025-06-22,6.1,0.31
A01374,2025-01-31,7.8,0.27
A01374,2025-02-19,5.5,0.23
A01374,2025-03-22,7.2,0.51
A01374,2025-04-25,5.7,0.78
A01374,2025-05-25,7.2,0.26
A01374,2025-06-21,8.3,-0.07
A01375,2025-01-24,7.8,0.59
A01375,2025-02-28,8.4,0.79
A01375,2025-03-25,8.5,0.55
A01375,2025-04-25,8.2,0.92
A01375,2025-05-30,8.3,0.53
A01375,2025-06-26,9.0,0.87
A01376,2025-01-29,8.1,0.64
A01376,2025-02-20,7.2,0.17
A01376,2025-03-26,8.0,0.6
A01376,2025-04-25,9.3,0.27
A01376,2025-05-24,6.5,0.53
A01376,2025-06-28,9.8,1.01
A01377,2025-01-23,6.8,0.11
A01377,2025-02-26,7.8,0.98
A01377,2025-03-31,6.5,0.32
A01377,2025-04-23,6.9,0.99
A01377,2025-05-26,8.5,0.66
A01377,2025-06-28,7.9,0.83
A01378,2025-01-30,6.6,0.04
A01378,2025-02-26,6.6,0.25
A01378,2025-03-31,7.3,-0.12
A01378,2025-04-25,6.1,0.22
A01378,2025-05-25,6.3,0.7
A01378,2025-06-22,5.7,-0.21
A01379,2025-01-25,6.2,0.54
A01379,2025-02-20,8.2,0.93
A01379,2025-03-22,6.9,0.3
A01379,2025-04-26,6.8,0.43
A01379,2025-05-31,10.0,0.69
A01379,2025-06-27,7.9,0.51
A01380,2025-01-30,5.0,0.78
A01380,2025-02-23,7.4,0.3
A01380,2025-03-22,7.3,0.71
A01380,2025-04-24,7.3,0.35
A01380,2025-05-31,6.2,0.1
A01380,2025-06-22,7.8,0.97
A01381,2025-01-27,6.6,0.2
A01381,2025-02-21,7.7,0.43
A01381,2025-03-30,9.4,1.16
A01381,2025-04-29,9.6,0.82
A01381,2025-05-25,8.5,0.44
A01381,2025-06-29,6.0,0.64
A01382,2025-01-29,7.2,0.53
A01382,2025-02-22,10.0,0.99
A01382,2025-03-28,8.6,0.19
A01382,2025-04-22,6.6,0.29
A01382,2025-05-26,8.6,0.77
A01382,2025-06-21,8.4,0.81
A01383,2025-01-22,7.2,-0.06
A01383,2025-02-21,7.9,0.67
A01383,2025-03-28,5.5,0.41
A01383,2025-04-22,8.5,0.12
A01383,2025-05-28,7.5,0.54
A01383,2025-06-21,8.1,0.95
A01384,2025-01-22,6.6,0.39
A01384,2025-02-20,6.6,0.27
A01384,2025-03-27,7.0,0.87
A01384,2025-04-28,6.5,0.51
A01384,2025-05-24,8.0,0.62
A01384,2025-06-26,9.7,0.84
A01385,2025-01-26,7.2,0.28
A01385,2025-02-20,7.2,0.1
A01385,2025-03-23,6.6,0.16
A01385,2025-04-29,5.6,-0.06
A01385,2025-05-29,6.3,0.6
A01385,2025-06-24,7.9,-0.01
A01386,2025-01-22,6.7,0.1
A01386,2025-02-27,7.8,0.85
A01386,2025-03-29,7.8,0.6
A01386,2025-04-27,7.1,0.54
A01386,2025-05-22,9.3,0.99
A01386,2025-06-26,7.0,0.71
A01387,2025-01-27,8.0,0.32
A01387,2025-02-22,6.0,0.85
A01387,2025-03-22,7.3,-0.06
A01387,2025-04-26,6.3,0.67
A01387,2025-05-27,6.8,0.43
A01387,2025-06-30,7.0,0.98
A01388,2025-01-27,8.4,0.46
A01388,2025-02-26,8.2,0.52
A01388,2025-03-28,8.4,0.14
A01388,2025-04-22,7.9,0.3
A01388,2025-05-23,8.7,1.08
A01388,2025-06-28,7.5,0.21
A01389,2025-01-26,6.9,0.07
A01389,2025-02-23,6.7,1.23
A01389,2025-03-28,8.8,0.46
A01389,2025-04-27,6.6,0.42
A01389,2025-05-29,9.6,0.54
A01389,2025-06-30,8.0,0.25
A01390,2025-01-28,5.7,-0.33
A01390,2025-02-24,7.7,1.24
A01390,2025-03-27,7.9,0.74
A01390,2025-04-22,7.5,0.65
A01390,2025-05-26,7.4,-0.11
A01390,2025-06-29,8.4,0.24
A01391,2025-01-22,6.9,0.45
A01391,2025-02-26,8.1,0.84
A01391,2025-03-30,8.1,0.45
A01391,2025-04-21,6.2,0.88
A01391,2025-05-27,6.0,0.42
A01391,2025-06-27,7.0,0.48
A01392,2025-01-23,6.7,0.09
A01392,2025-02-24,7.3,0.91
A01392,2025-03-28,7.0,0.35
A01392,2025-04-29,7.8,-0.0
A01392,2025-05-26,6.0,0.89
A01392,2025-06-21,9.1,0.81
A01393,2025-01-30,5.3,0.42
A01393,2025-02-28,6.2,0.37
A01393,2025-03-24,8.3,0.41
A01393,2025-04-29,7.2,0.79
A01393,2025-05-28,6.3,0.03
A01393,2025-06-21,7.3,0.61
A01394,2025-01-24,8.7,1.2
A01394,2025-02-19,8.4,0.61
A01394,2025-03-26,8.2,0.59
A01394,2025-04-21,9.0,0.39
A01394,2025-05-31,9.1,1.21
A01394,2025-06-23,10.0,0.45
A01395,2025-01-26,4.9,0.3
A01395,2025-02-19,9.8,0.19
A01395,2025-03-25,5.4,0.42
A01395,2025-04-23,6.9,0.66
A01395,2025-05-24,4.9,0.82
A01395,2025-06-21,5.8,0.05
A01396,2025-01-29,5.5,0.04
A01396,2025-02-24,6.6,0.62
A01396,2025-03-22,5.4,-0.11
A01396,2025-04-23,7.7,0.05
A01396,2025-05-25,6.3,0.48
A01396,2025-06-23,7.4,0.45
A01397,2025-01-22,8.0,0.46
A01397,2025-02-22,9.1,0.74
A01397,2025-03-25,8.8,0.7
A01397,2025-04-25,5.7,0.37
A01397,2025-05-26,8.2,0.98
A01397,2025-06-30,8.5,0.69
A01398,2025-01-27,7.5,0.88
A01398,2025-02-27,8.0,0.64
A01398,2025-03-24,8.8,0.71
A01398,2025-04-28,7.2,0.44
A01398,2025-05-31,6.1,0.77
A01398,2025-06-23,7.5,0.67
A01399,2025-01-28,9.7,0.23
A01399,2025-02-23,5.6,0.94
A01399,2025-03-31,7.2,0.03
A01399,2025-04-26,9.2,0.87
A01399,2025-05-26,9.4,0.87
A01399,2025-06-27,7.8,0.68
A01400,2025-01-23,7.0,0.11
A01400,2025-02-23,6.7,0.37
A01400,2025-03-28,6.9,0.4
A01400,2025-04-29,5.9,0.45
A01400,2025-05-25,7.2,0.28
A01400,2025-06-23,5.8,0.26
A01401,2025-01-27,6.8,0.42
A01401,2025-02-20,7.2,-0.01
A01401,2025-03-22,6.7,0.93
A01401,2025-04-22,7.7,0.11
A01401,2025-05-30,7.6,0.15
A01401,2025-06-30,8.3,0.62
A01402,2025-01-26,7.6,0.15
A01402,2025-02-26,7.9,0.46
A01402,2025-03-28,7.6,0.17
A01402,2025-04-27,7.6,0.61
A01402,2025-05-26,5.2,0.46
A01402,2025-06-23,5.7,0.04
A01403,2025-01-29,6.6,0.29
A01403,2025-02-22,8.4,0.63
A01403,2025-03-28,7.7,0.01
A01403,2025-04-27,6.1,-0.42
A01403,2025-05-23,8.3,0.39
A01403,2025-06-30,5.7,0.12
A01404,2025-01-22,6.3,0.65
A01404,2025-02-25,7.6,0.29
A01404,2025-03-22,7.4,0.16
A01404,2025-04-30,7.3,0.55
A01404,2025-05-23,8.4,0.28
A01404,2025-06-23,7.8,0.61
A01405,2025-01-23,7.2,0.68
A01405,2025-02-27,9.2,0.61
A01405,2025-03-23,8.8,0.75
A01405,2025-04-26,7.6,0.24
A01405,2025-05-26,7.6,0.53
A01405,2025-06-22,9.4,1.46
A01406,2025-01-26,6.8,0.8
A01406,2025-02-19,5.4,0.28
A01406,2025-03-26,6.2,0.41
A01406,2025-04-24,7.1,0.24
A01406,2025-05-27,5.8,-0.48
A01406,2025-06-22,6.9,0.48
A01407,2025-01-25,6.3,0.1
A01407,2025-02-23,5.5,0.63
A01407,2025-03-29,6.9,0.7
A01407,2025-04-25,9.0,0.37
A01407,2025-05-31,8.1,0.98
A01407,2025-06-21,8.0,0.32
A01408,2025-01-22,8.1,0.9
A01408,2025-02-21,5.7,-0.23
A01408,2025-03-22,5.4,-0.06
A01408,2025-04-23,5.8,0.14
A01408,2025-05-27,7.4,0.24
A01408,2025-06-24,7.0,0.11
A01409,2025-01-24,8.3,0.83
A01409,2025-02-25,7.2,0.94
A01409,2025-03-26,7.6,0.73
A01409,2025-04-29,9.5,0.9
A01409,2025-05-31,8.4,0.41
A01409,2025-06-29,8.2,0.69
A01410,2025-01-29,5.8,0.66
A01410,2025-02-28,7.6,0.72
A01410,2025-03-25,6.6,0.16
A01410,2025-04-21,8.0,0.49
A01410,2025-05-28,7.9,0.34
A01410,2025-06-30,7.0,0.89
A01411,2025-01-31,4.7,0.4
A01411,2025-02-23,6.2,0.25
A01411,2025-03-23,5.0,0.53
A01411,2025-04-22,8.2,0.48
A01411,2025-05-23,6.6,1.11
A01411,2025-06-24,7.4,0.36
A01412,2025-01-27,6.8,0.21
A01412,2025-02-21,7.4,0.31
A01412,2025-03-26,8.1,-0.18
A01412,2025-04-28,7.1,0.79
A01412,2025-05-26,4.4,0.9
A01412,2025-06-22,5.2,-0.2
A01413,2025-01-25,8.7,0.34
A01413,2025-02-24,7.4,0.46
A01413,2025-03-28,8.8,0.23
A01413,2025-04-24,7.4,0.15
A01413,2025-05-26,8.6,0.54
A01413,2025-06-23,7.0,0.89
A01414,2025-01-28,6.8,1.01
A01414,2025-02-23,8.1,0.54
A01414,2025-03-26,6.3,0.11
A01414,2025-04-30,7.0,0.82
A01414,2025-05-25,7.4,1.16
A01414,2025-06-22,6.2,0.82
A01415,2025-01-25,9.3,0.45
A01415,2025-02-20,8.2,0.41
A01415,2025-03-27,7.3,0.63
A01415,2025-04-27,7.9,0.32
A01415,2025-05-30,6.5,0.72
A01415,2025-06-28,7.9,0.84
A01416,2025-01-28,6.2,0.26
A01416,2025-02-25,7.4,0.38
A01416,2025-03-29,6.0,0.52
A01416,2025-04-26,7.0,0.46
A01416,2025-05-28,6.5,0.06
A01416,2025-06-24,7.4,0.37
A01417,2025-01-24,6.0,0.53
A01417,2025-02-26,5.7,0.57
A01417,2025-03-24,8.8,1.22
A01417,2025-04-25,7.8,0.37
A01417,2025-05-28,6.0,0.31
A01417,2025-06-24,7.6,0.37
A01418,2025-01-30,6.9,0.36
A01418,2025-02-24,7.2,0.55
A01418,2025-03-28,8.2,-0.03
A01418,2025-04-25,8.7,0.52
A01418,2025-05-31,8.6,0.6
A01418,2025-06-23,6.5,0.29
A01419,2025-01-27,8.5,0.77
A01419,2025-02-28,7.6,0.64
A01419,2025-03-29,7.0,0.53
A01419,2025-04-22,8.6,1.0
A01419,2025-05-30,6.2,1.05
A01419,2025-06-30,9.2,0.53
A01420,2025-01-22,9.5,0.59
A01420,2025-02-24,8.2,0.64
A01420,2025-03-26,7.4,0.9
A01420,2025-04-22,7.2,0.85
A01420,2025-05-23,7.5,1.1
A01420,2025-06-27,7.8,0.14
A01421,2025-01-26,5.0,0.71
A01421,2025-02-21,5.3,0.16
A01421,2025-03-26,6.7,0.61
A01421,2025-04-28,6.6,0.53
A01421,2025-05-29,6.7,-0.03
A01421,2025-06-27,7.1,0.62
A01422,2025-01-25,8.4,0.29
A01422,2025-02-26,9.1,0.88
A01422,2025-03-23,6.8,0.92
A01422,2025-04-24,8.6,0.52
A01422,2025-05-22,7.5,0.63
A01422,2025-06-29,8.5,0.67
A01423,2025-01-30,8.0,0.62
A01423,2025-02-26,6.9,0.68
A01423,2025-03-25,7.4,0.91
A01423,2025-04-26,9.2,0.71
A01423,2025-05-31,8.8,1.04
A01423,2025-06-26,9.4,0.63
A01424,2025-01-25,9.1,1.21
A01424,2025-02-28,10.0,0.61
A01424,2025-03-25,7.5,0.78
A01424,2025-04-21,8.8,0.7
A01424,2025-05-30,8.5,0.66
A01424,2025-06-26,7.3,0.48
A01425,2025-01-23,6.4,0.53
A01425,2025-02-19,7.4,0.1
A01425,2025-03-29,7.5,0.42
A01425,2025-04-26,7.0,-0.08
A01425,2025-05-24,8.2,0.21
A01425,2025-06-26,6.4,-0.11
A01426,2025-01-30,7.6,0.57
A01426,2025-02-26,7.9,0.63
A01426,2025-03-22,7.4,0.39
A01426,2025-04-28,5.9,0.09
A01426,2025-05-22,9.1,-0.19
A01426,2025-06-28,8.0,0.14
A01427,2025-01-26,5.9,0.55
A01427,2025-02-19,7.0,0.58
A01427,2025-03-30,6.0,0.85
A01427,2025-04-28,6.3,-0.12
A01427,2025-05-27,6.8,0.75
A01427,2025-06-28,7.6,0.56
A01428,2025-01-27,8.1,0.53
A01428,2025-02-20,7.5,0.79
A01428,2025-03-24,8.7,0.59
A01428,2025-04-30,7.9,0.48
A01428,2025-05-28,9.2,0.38
A01428,2025-06-29,6.3,0.1
A01429,2025-01-28,8.3,0.16
A01429,2025-02-25,7.4,0.5
A01429,2025-03-30,8.3,0.48
A01429,2025-04-29,7.6,0.2
A01429,2025-05-25,6.6,1.32
A01429,2025-06-24,5.0,0.33
A01430,2025-01-31,6.1,0.39
A01430,2025-02-28,5.7,0.41
A01430,2025-03-31,4.6,0.16
A01430,2025-04-29,6.1,0.78
A01430,2025-05-24,5.7,0.35
A01430,2025-06-28,5.1,0.78
A01431,2025-01-25,6.7,0.45
A01431,2025-02-21,6.5,0.05
A01431,2025-03-30,7.9,0.36
A01431,2025-04-22,7.1,0.69
A01431,2025-05-24,6.3,0.6
A01431,2025-06-29,6.9,0.09
A01432,2025-01-27,7.5,0.77
A01432,2025-02-25,5.8,0.18
A01432,2025-03-28,9.4,0.26
A01432,2025-04-26,5.6,0.12
A01432,2025-05-23,6.8,0.23
A01432,2025-06-30,5.7,0.75
A01433,2025-01-25,7.7,0.21
A01433,2025-02-28,6.8,0.31
A01433,2025-03-26,6.6,0.18
A01433,2025-04-22,7.4,0.92
A01433,2025-05-23,7.6,0.83
A01433,2025-06-22,7.6,0.52
A01434,2025-01-31,8.7,0.89
A01434,2025-02-20,9.2,0.75
A01434,2025-03-23,7.8,0.29
A01434,2025-04-30,8.0,0.66
A01434,2025-05-23,9.2,0.59
A01434,2025-06-21,7.1,0.52
A01435,2025-01-29,7.6,0.25
A01435,2025-02-23,6.4,0.55
A01435,2025-03-31,7.3,0.63
A01435,2025-04-23,6.8,0.57
A01435,2025-05-30,6.6,0.1
A01435,2025-06-22,7.4,-0.38
A01436,2025-01-31,7.5,0.4
A01436,2025-02-20,9.4,0.59
A01436,2025-03-24,8.5,0.68
A01436,2025-04-29,8.0,0.95
A01436,2025-05-30,7.1,0.32
A01436,2025-06-21,9.8,1.04
A01437,2025-01-27,7.9,0.48
A01437,2025-02-25,9.0,0.23
A01437,2025-03-30,9.6,0.65
A01437,2025-04-30,8.2,0.63
A01437,2025-05-30,6.3,0.63
A01437,2025-06-25,7.3,0.32
A01438,2025-01-29,7.6,0.5
A01438,2025-02-22,7.2,0.57
A01438,2025-03-24,7.7,0.7
A01438,2025-04-24,7.7,0.16
A01438,2025-05-25,6.4,0.08
A01438,2025-06-23,6.2,0.1
A01439,2025-01-29,7.5,0.77
A01439,2025-02-19,8.3,0.41
A01439,2025-03-25,5.8,0.19
A01439,2025-04-29,5.8,0.17
A01439,2025-05-22,6.7,0.31
A01439,2025-06-22,6.5,0.12
A01440,2025-01-29,8.3,0.85
A01440,2025-02-25,7.7,0.38
A01440,2025-03-30,9.6,0.77
A01440,2025-04-26,8.4,1.17
A01440,2025-05-27,8.2,0.4
A01440,2025-06-28,9.9,-0.05
A01441,2025-01-22,7.8,0.45
A01441,2025-02-21,7.5,0.62
A01441,2025-03-23,7.5,1.12
A01441,2025-04-27,8.0,0.26
A01441,2025-05-31,7.7,0.5
A01441,2025-06-24,7.2,0.84
A01442,2025-01-28,6.6,0.01
A01442,2025-02-19,6.1,0.36
A01442,2025-03-31,5.5,0.26
A01442,2025-04-22,5.2,0.56
A01442,2025-05-27,8.1,-0.02
A01442,2025-06-30,6.1,0.59
A01443,2025-01-28,6.5,1.08
A01443,2025-02-20,7.3,1.04
A01443,2025-03-28,9.0,-0.01
A01443,2025-04-27,10.0,0.62
A01443,2025-05-31,8.2,0.74
A01443,2025-06-21,9.1,1.15
A01444,2025-01-27,8.4,0.37
A01444,2025-02-21,7.4,0.43
A01444,2025-03-24,6.6,0.27
A01444,2025-04-25,6.6,0.65
A01444,2025-05-28,4.8,0.24
A01444,2025-06-24,5.1,0.42
A01445,2025-01-23,6.3,0.4
A01445,2025-02-25,6.0,0.67
A01445,2025-03-28,6.8,0.64
A01445,2025-04-22,7.1,0.52
A01445,2025-05-23,7.2,0.53
A01445,2025-06-22,8.2,1.36
A01446,2025-01-31,7.6,0.77
A01446,2025-02-24,7.6,0.68
A01446,2025-03-27,7.8,0.47
A01446,2025-04-23,9.8,0.47
A01446,2025-05-30,6.1,0.8
A01446,2025-06-30,8.3,0.16
A01447,2025-01-25,9.2,0.48
A01447,2025-02-20,7.7,0.99
A01447,2025-03-29,8.9,1.02
A01447,2025-04-23,7.4,0.4
A01447,2025-05-25,7.4,0.64
A01447,2025-06-26,8.6,0.87
A01448,2025-01-30,8.6,1.16
A01448,2025-02-19,6.1,1.18
A01448,2025-03-30,5.4,0.4
A01448,2025-04-25,7.4,0.21
A01448,2025-05-28,7.6,-0.14
A01448,2025-06-29,6.8,0.01
A01449,2025-01-30,8.5,0.46
A01449,2025-02-27,9.2,0.21
A01449,2025-03-26,7.8,-0.14
A01449,2025-04-21,6.3,0.8
A01449,2025-05-26,6.1,-0.12
A01449,2025-06-27,5.0,0.64
A01450,2025-01-31,9.6,0.88
A01450,2025-02-26,5.3,0.72
A01450,2025-03-22,7.8,0.61
A01450,2025-04-24,7.7,0.68
A01450,2025-05-22,8.8,0.1
A01450,2025-06-29,7.6,0.49
A01451,2025-01-31,7.1,0.73
A01451,2025-02-20,8.9,0.86
A01451,2025-03-25,8.7,1.06
A01451,2025-04-29,7.4,0.53
A01451,2025-05-24,7.3,1.11
A01451,2025-06-29,7.9,0.57
A01452,2025-01-22,8.5,0.83
A01452,2025-02-24,6.8,0.8
A01452,2025-03-28,8.3,0.33
A01452,2025-04-23,7.7,0.13
A01452,2025-05-30,8.9,1.04
A01452,2025-06-29,7.7,0.78
A01453,2025-01-31,8.4,0.81
A01453,2025-02-24,9.0,0.56
A01453,2025-03-26,7.3,1.13
A01453,2025-04-25,7.6,0.86
A01453,2025-05-29,7.3,0.18
A01453,2025-06-21,7.1,1.04
A01454,2025-01-24,7.2,0.48
A01454,2025-02-24,7.2,0.67
A01454,2025-03-23,6.2,-0.13
A01454,2025-04-27,6.7,0.3
A01454,2025-05-23,5.9,0.07
A01454,2025-06-27,5.3,0.77
A01455,2025-01-29,8.1,0.59
A01455,2025-02-19,7.7,-0.2
A01455,2025-03-26,7.8,0.58
A01455,2025-04-29,7.5,0.04
A01455,2025-05-24,5.3,0.28
A01455,2025-06-24,7.1,0.02
A01456,2025-01-25,8.2,0.62
A01456,2025-02-23,8.1,0.39
A01456,2025-03-23,8.8,0.31
A01456,2025-04-27,7.9,0.78
A01456,2025-05-26,7.7,0.84
A01456,2025-06-27,9.0,0.93
A01457,2025-01-27,8.6,0.34
A01457,2025-02-23,6.0,0.13
A01457,2025-03-29,6.2,0.75
A01457,2025-04-27,8.3,0.92
A01457,2025-05-30,5.7,0.44
A01457,2025-06-26,7.2,0.6
A01458,2025-01-31,9.0,0.51
A01458,2025-02-22,8.1,0.65
A01458,2025-03-26,8.0,0.49
A01458,2025-04-23,8.0,0.41
A01458,2025-05-26,7.2,0.56
A01458,2025-06-21,7.3,0.1
A01459,2025-01-29,6.4,0.17
A01459,2025-02-27,6.1,0.15
A01459,2025-03-29,6.2,0.6
A01459,2025-04-22,6.5,0.68
A01459,2025-05-31,4.8,0.51
A01459,2025-06-28,5.8,0.7
A01460,2025-01-26,6.8,0.44
A01460,2025-02-20,7.8,0.05
A01460,2025-03-27,8.5,0.51
A01460,2025-04-23,7.3,0.17
A01460,2025-05-22,7.9,0.5
A01460,2025-06-29,7.4,0.65
A01461,2025-01-28,7.8,0.8
A01461,2025-02-25,7.7,0.76
A01461,2025-03-27,10.0,1.12
A01461,2025-04-21,9.4,0.81
A01461,2025-05-22,6.9,0.82
A01461,2025-06-22,7.5,0.55
A01462,2025-01-26,5.9,0.35
A01462,2025-02-26,8.1,-0.18
A01462,2025-03-29,9.9,0.47
A01462,2025-04-28,8.9,0.37
A01462,2025-05-30,8.4,0.58
A01462,2025-06-24,7.1,0.54
A01463,2025-01-29,7.8,0.19
A01463,2025-02-25,7.3,0.88
A01463,2025-03-30,9.9,1.14
A01463,2025-04-30,7.0,0.3
A01463,2025-05-28,10.0,0.59
A01463,2025-06-29,7.9,0.61
A01464,2025-01-25,5.7,0.66
A01464,2025-02-27,8.7,0.56
A01464,2025-03-23,6.4,0.9
A01464,2025-04-30,7.9,0.23
A01464,2025-05-27,8.6,0.06
A01464,2025-06-27,8.7,0.49
A01465,2025-01-31,5.9,-0.27
A01465,2025-02-27,7.2,0.03
A01465,2025-03-29,5.8,0.63
A01465,2025-04-28,8.0,0.79
A01465,2025-05-23,6.0,0.04
A01465,2025-06-30,7.5,0.51
A01466,2025-01-22,9.2,0.7
A01466,2025-02-20,9.5,0.72
A01466,2025-03-22,7.6,0.2
A01466,2025-04-26,8.2,0.64
A01466,2025-05-26,7.2,0.62
A01466,2025-06-30,7.4,0.41
A01467,2025-01-24,4.6,0.23
A01467,2025-02-27,7.0,-0.03
A01467,2025-03-29,5.7,0.29
A01467,2025-04-28,5.8,-0.11
A01467,2025-05-29,5.8,0.26
A01467,2025-06-30,6.8,0.89
A01468,2025-01-27,8.4,0.59
A01468,2025-02-21,6.9,0.76
A01468,2025-03-24,8.3,0.54
A01468,2025-04-28,5.5,0.57
A01468,2025-05-22,8.9,0.92
A01468,2025-06-29,8.8,0.52
A01469,2025-01-29,6.5,0.42
A01469,2025-02-25,8.1,0.47
A01469,2025-03-31,7.9,0.12
A01469,2025-04-22,6.6,0.27
A01469,2025-05-29,7.2,0.06
A01469,2025-06-24,6.6,0.24
A01470,2025-01-25,10.0,0.53
A01470,2025-02-20,7.4,1.05
A01470,2025-03-23,10.0,0.46
A01470,2025-04-29,8.5,0.75
A01470,2025-05-22,9.6,0.5
A01470,2025-06-23,8.2,0.31
A01471,2025-01-26,10.0,0.19
A01471,2025-02-25,6.3,0.71
A01471,2025-03-30,6.0,0.44
A01471,2025-04-24,8.4,0.94
A01471,2025-05-22,5.8,0.33
A01471,2025-06-24,6.4,0.83
A01472,2025-01-29,5.5,-0.04
A01472,2025-02-25,5.1,0.3
A01472,2025-03-31,4.9,0.06
A01472,2025-04-23,6.7,0.44
A01472,2025-05-30,5.2,0.66
A01472,2025-06-24,5.9,0.87
A01473,2025-01-27,4.6,0.08
A01473,2025-02-23,6.5,0.52
A01473,2025-03-25,6.4,0.05
A01473,2025-04-28,7.3,-0.08
A01473,2025-05-22,6.1,0.36
A01473,2025-06-22,6.2,-0.05
A01474,2025-01-30,5.7,0.08
A01474,2025-02-20,6.9,-0.17
A01474,2025-03-24,7.3,0.97
A01474,2025-04-28,9.1,0.06
A01474,2025-05-29,7.2,0.72
A01474,2025-06-30,6.7,0.3
A01475,2025-01-28,8.3,0.58
A01475,2025-02-28,8.6,0.44
A01475,2025-03-28,7.6,0.46
A01475,2025-04-24,10.0,0.61
A01475,2025-05-22,8.0,0.26
A01475,2025-06-26,7.1,0.72
A01476,2025-01-24,8.2,0.58
A01476,2025-02-27,8.1,0.64
A01476,2025-03-22,8.0,0.58
A01476,2025-04-22,7.0,0.51
A01476,2025-05-26,8.0,0.85
A01476,2025-06-21,7.1,0.46
A01477,2025-01-27,6.4,0.61
A01477,2025-02-25,5.9,0.95
A01477,2025-03-27,8.8,0.78
A01477,2025-04-28,7.3,0.14
A01477,2025-05-27,7.1,0.38
A01477,2025-06-21,7.3,0.99
A01478,2025-01-29,6.0,0.54
A01478,2025-02-27,7.3,0.1
A01478,2025-03-22,5.2,0.7
A01478,2025-04-25,8.1,1.02
A01478,2025-05-24,7.1,0.44
A01478,2025-06-30,6.4,0.45
A01479,2025-01-23,7.0,0.59
A01479,2025-02-25,7.3,0.3
A01479,2025-03-30,8.2,-0.03
A01479,2025-04-28,6.9,-0.11
A01479,2025-05-26,6.8,0.4
A01479,2025-06-26,5.5,0.79
A01480,2025-01-23,9.4,0.54
A01480,2025-02-26,8.0,1.31
A01480,2025-03-27,6.5,0.7
A01480,2025-04-25,8.3,0.53
A01480,2025-05-26,7.7,1.18
A01480,2025-06-27,7.7,0.75
A01481,2025-01-25,6.4,0.35
A01481,2025-02-24,8.4,0.83
A01481,2025-03-26,7.1,1.19
A01481,2025-04-30,8.1,0.83
A01481,2025-05-30,9.1,0.5
A01481,2025-06-23,7.8,0.42
A01482,2025-01-28,7.7,0.0
A01482,2025-02-25,7.3,0.75
A01482,2025-03-23,7.0,0.86
A01482,2025-04-24,7.9,0.58
A01482,2025-05-29,8.7,0.24
A01482,2025-06-26,7.9,0.5
A01483,2025-01-22,7.9,0.57
A01483,2025-02-20,6.8,0.09
A01483,2025-03-26,6.8,0.46
A01483,2025-04-28,6.6,0.76
A01483,2025-05-27,8.6,0.02
A01483,2025-06-22,7.7,0.73
A01484,2025-01-31,8.7,0.69
A01484,2025-02-19,8.2,0.36
A01484,2025-03-23,7.7,0.96
A01484,2025-04-24,9.9,0.4
A01484,2025-05-31,8.5,0.78
A01484,2025-06-25,8.0,0.46
A01485,2025-01-28,6.5,0.65
A01485,2025-02-28,7.7,0.35
A01485,2025-03-25,6.6,0.53
A01485,2025-04-26,5.2,0.23
A01485,2025-05-24,5.4,0.05
A01485,2025-06-27,5.4,0.57
A01486,2025-01-29,5.8,0.22
A01486,2025-02-20,7.6,-0.48
A01486,2025-03-31,7.9,0.1
A01486,2025-04-27,7.1,0.52
A01486,2025-05-23,6.5,0.18
A01486,2025-06-27,7.0,0.52
A01487,2025-01-23,8.2,0.27
A01487,2025-02-23,7.4,0.74
A01487,2025-03-26,6.0,0.61
A01487,2025-04-24,6.3,0.16
A01487,2025-05-26,8.4,0.32
A01487,2025-06-26,7.8,0.66
A01488,2025-01-28,4.4,0.43
A01488,2025-02-25,8.2,0.14
A01488,2025-03-26,7.7,0.76
A01488,2025-04-23,7.1,0.19
A01488,2025-05-29,6.4,0.23
A01488,2025-06-29,7.3,0.46
A01489,2025-01-26,7.7,1.02
A01489,2025-02-22,7.1,0.06
A01489,2025-03-29,8.3,0.53
A01489,2025-04-30,6.9,0.98
A01489,2025-05-23,7.8,0.56
A01489,2025-06-26,10.0,0.86
A01490,2025-01-30,10.0,0.88
A01490,2025-02-27,9.3,0.53
A01490,2025-03-23,7.4,0.49
A01490,2025-04-26,10.0,0.66
A01490,2025-05-22,10.0,0.47
A01490,2025-06-24,8.4,0.24
A01491,2025-01-31,8.5,0.64
A01491,2025-02-28,6.9,0.68
A01491,2025-03-30,6.3,0.84
A01491,2025-04-29,7.9,0.43
A01491,2025-05-27,6.4,0.82
A01491,2025-06-25,8.3,0.09
A01492,2025-01-22,10.0,1.02
A01492,2025-02-27,9.3,0.56
A01492,2025-03-24,7.8,0.54
A01492,2025-04-29,7.7,0.45
A01492,2025-05-22,7.3,0.34
A01492,2025-06-24,7.7,0.56
A01493,2025-01-24,8.7,0.61
A01493,2025-02-21,8.1,0.75
A01493,2025-03-26,9.1,0.69
A01493,2025-04-29,7.8,0.11
A01493,2025-05-22,7.9,0.15
A01493,2025-06-30,6.8,0.51
A01494,2025-01-22,8.3,0.78
A01494,2025-02-21,6.4,0.37
A01494,2025-03-31,7.3,0.6
A01494,2025-04-25,4.9,0.49
A01494,2025-05-24,8.0,0.36
A01494,2025-06-27,7.6,0.42
A01495,2025-01-24,6.1,0.29
A01495,2025-02-21,7.5,1.0
A01495,2025-03-25,8.0,0.0
A01495,2025-04-26,6.1,0.86
A01495,2025-05-30,6.9,0.26
A01495,2025-06-30,6.3,0.22
A01496,2025-01-25,6.3,0.11
A01496,2025-02-21,6.4,0.35
A01496,2025-03-31,6.2,0.55
A01496,2025-04-28,7.6,0.84
A01496,2025-05-24,7.9,0.83
A01496,2025-06-22,6.9,0.77
A01497,2025-01-27,7.4,0.77
A01497,2025-02-20,6.2,0.5
A01497,2025-03-31,8.6,0.54
A01497,2025-04-22,8.1,0.81
A01497,2025-05-22,5.9,0.56
A01497,2025-06-29,6.5,0.57
A01498,2025-01-31,8.5,0.44
A01498,2025-02-26,7.0,0.25
A01498,2025-03-22,8.3,0.1
A01498,2025-04-24,7.7,0.31
A01498,2025-05-27,6.4,0.13
A01498,2025-06-22,7.4,0.48
A01499,2025-01-25,8.2,0.16
A01499,2025-02-26,8.0,0.72
A01499,2025-03-30,7.9,0.81
A01499,2025-04-28,7.0,0.74
A01499,2025-05-27,8.3,0.56
A01499,2025-06-23,6.6,0.44
A01500,2025-01-23,5.9,1.14
A01500,2025-02-20,7.1,0.49
A01500,2025-03-24,6.5,0.56
A01500,2025-04-24,7.5,-0.22
A01500,2025-05-31,7.6,0.22
A01500,2025-06-23,5.9,0.79
A01501,2025-01-28,5.8,0.65
A01501,2025-02-22,6.5,0.99
A01501,2025-03-31,5.6,0.9
A01501,2025-04-25,7.6,0.33
A01501,2025-05-31,8.1,1.09
A01501,2025-06-25,7.0,0.25
A01502,2025-01-23,5.3,0.26
A01502,2025-02-22,5.9,0.03
A01502,2025-03-31,5.7,0.42
A01502,2025-04-25,6.5,0.21
A01502,2025-05-24,4.7,0.3
A01502,2025-06-28,6.2,0.28
A01503,2025-01-24,8.5,0.98
A01503,2025-02-25,8.0,0.63
A01503,2025-03-25,6.6,1.05
A01503,2025-04-23,8.8,0.49
A01503,2025-05-25,9.2,0.45
A01503,2025-06-29,9.2,0.98
A01504,2025-01-28,5.9,0.68
A01504,2025-02-21,7.5,0.38
A01504,2025-03-26,6.5,0.4
A01504,2025-04-30,7.7,0.67
A01504,2025-05-26,6.6,0.01
A01504,2025-06-29,9.0,0.01
A01505,2025-01-26,8.1,1.17
A01505,2025-02-21,9.5,-0.05
A01505,2025-03-26,9.4,0.86
A01505,2025-04-24,7.3,0.7
A01505,2025-05-26,7.8,0.76
A01505,2025-06-28,8.6,0.53
A01506,2025-01-31,7.5,0.43
A01506,2025-02-23,6.8,0.9
A01506,2025-03-27,7.9,0.57
A01506,2025-04-27,10.0,0.13
A01506,2025-05-28,8.3,0.54
A01506,2025-06-28,7.3,1.21
A01507,2025-01-22,7.9,0.79
A01507,2025-02-26,7.8,0.75
A01507,2025-03-29,5.6,0.48
A01507,2025-04-26,7.4,0.2
A01507,2025-05-23,7.2,0.46
A01507,2025-06-26,9.0,0.78
A01508,2025-01-28,7.8,0.23
A01508,2025-02-21,4.5,0.26
A01508,2025-03-22,8.4,0.38
A01508,2025-04-26,6.4,0.31
A01508,2025-05-27,6.5,0.04
A01508,2025-06-27,5.4,0.26
A01509,2025-01-24,6.5,0.54
A01509,2025-02-28,7.9,0.73
A01509,2025-03-26,7.9,0.82
A01509,2025-04-28,8.3,0.69
A01509,2025-05-22,6.9,0.55
A01509,2025-06-25,8.1,0.68
A01510,2025-01-29,6.3,0.36
A01510,2025-02-21,6.9,0.04
A01510,2025-03-24,6.6,0.31
A01510,2025-04-26,6.2,0.7
A01510,2025-05-31,7.5,0.25
A01510,2025-06-25,5.8,0.52
A01511,2025-01-26,8.4,-0.06
A01511,2025-02-19,9.0,0.07
A01511,2025-03-23,8.9,0.23
A01511,2025-04-22,8.2,1.08
A01511,2025-05-25,8.5,1.05
A01511,2025-06-28,8.5,0.39
A01512,2025-01-27,7.6,0.53
A01512,2025-02-19,9.1,0.57
A01512,2025-03-24,8.1,0.54
A01512,2025-04-28,6.2,0.17
A01512,2025-05-29,7.8,0.04
A01512,2025-06-23,6.9,0.04
A01513,2025-01-29,7.4,0.7
A01513,2025-02-19,6.1,0.36
A01513,2025-03-25,6.9,0.93
A01513,2025-04-30,8.0,0.63
A01513,2025-05-31,6.2,0.36
A01513,2025-06-22,6.9,0.61
A01514,2025-01-23,7.7,0.13
A01514,2025-02-19,7.6,0.64
A01514,2025-03-26,8.5,0.65
A01514,2025-04-23,7.2,0.67
A01514,2025-05-26,8.6,0.16
A01514,2025-06-25,7.9,0.5
A01515,2025-01-28,7.7,0.13
A01515,2025-02-19,8.5,0.91
A01515,2025-03-22,8.2,1.0
A01515,2025-04-27,8.7,0.85
A01515,2025-05-26,8.4,0.81
A01515,2025-06-23,6.8,0.32
A01516,2025-01-24,7.0,0.31
A01516,2025-02-24,7.3,0.47
A01516,2025-03-30,8.9,0.79
A01516,2025-04-26,7.2,0.85
A01516,2025-05-29,7.7,0.22
A01516,2025-06-23,7.1,0.72
A01517,2025-01-30,7.5,0.61
A01517,2025-02-24,9.2,0.82
A01517,2025-03-30,7.0,0.52
A01517,2025-04-28,7.4,0.4
A01517,2025-05-27,8.7,0.49
A01517,2025-06-25,8.9,0.26
A01518,2025-01-25,5.9,0.65
A01518,2025-02-20,7.7,-0.03
A01518,2025-03-29,6.2,0.16
A01518,2025-04-29,7.1,0.36
A01518,2025-05-30,6.0,0.63
A01518,2025-06-30,5.0,0.19
A01519,2025-01-22,6.8,0.52
A01519,2025-02-27,7.6,0.46
A01519,2025-03-28,6.0,0.35
A01519,2025-04-29,7.2,1.05
A01519,2025-05-22,4.8,0.99
A01519,2025-06-25,8.0,0.51
A01520,2025-01-25,5.5,0.81
A01520,2025-02-25,6.6,0.14
A01520,2025-03-30,6.8,0.59
A01520,2025-04-26,8.9,0.41
A01520,2025-05-25,6.3,0.34
A01520,2025-06-25,7.9,0.25
A01521,2025-01-25,7.8,0.81
A01521,2025-02-25,9.3,0.55
A01521,2025-03-31,9.4,0.59
A01521,2025-04-22,7.6,-0.07
A01521,2025-05-26,8.8,0.58
A01521,2025-06-23,5.9,0.14
A01522,2025-01-26,7.6,0.35
A01522,2025-02-26,7.8,0.09
A01522,2025-03-23,7.5,0.88
A01522,2025-04-23,7.0,0.52
A01522,2025-05-30,6.2,0.49
A01522,2025-06-21,8.4,0.23
A01523,2025-01-25,5.7,-0.09
A01523,2025-02-22,5.0,0.74
A01523,2025-03-26,7.7,0.35
A01523,2025-04-22,8.1,0.68
A01523,2025-05-28,6.2,0.91
A01523,2025-06-26,6.2,0.28
A01524,2025-01-28,7.1,0.85
A01524,2025-02-23,8.1,0.79
A01524,2025-03-25,9.2,0.66
A01524,2025-04-22,8.9,0.83
A01524,2025-05-28,9.4,0.49
A01524,2025-06-24,8.2,0.93
A01525,2025-01-22,8.8,0.83
A01525,2025-02-21,9.2,0.5
A01525,2025-03-24,10.0,0.57
A01525,2025-04-21,8.7,0.29
A01525,2025-05-22,9.0,1.0
A01525,2025-06-23,6.7,0.85
A01526,2025-01-28,7.4,0.37
A01526,2025-02-25,4.8,0.08
A01526,2025-03-23,8.0,-0.14
A01526,2025-04-26,9.1,0.2
A01526,2025-05-25,7.2,0.11
A01526,2025-06-30,6.5,-0.19
A01527,2025-01-27,7.6,0.18
A01527,2025-02-23,7.8,0.38
A01527,2025-03-23,8.0,0.44
A01527,2025-04-29,7.8,0.42
A01527,2025-05-25,6.7,0.02
A01527,2025-06-23,7.4,0.45
A01528,2025-01-26,7.1,0.17
A01528,2025-02-21,8.6,0.04
A01528,2025-03-23,5.7,0.39
A01528,2025-04-29,8.4,0.83
A01528,2025-05-29,8.5,0.19
A01528,2025-06-23,7.0,0.69
A01529,2025-01-26,7.7,0.59
A01529,2025-02-24,8.0,0.59
A01529,2025-03-27,9.5,0.94
A01529,2025-04-26,8.4,0.76
A01529,2025-05-30,10.0,0.44
A01529,2025-06-26,9.8,0.62
A01530,2025-01-24,6.6,0.62
A01530,2025-02-26,8.5,0.83
A01530,2025-03-25,7.1,0.58
A01530,2025-04-28,8.2,0.66
A01530,2025-05-24,8.3,0.03
A01530,2025-06-29,7.7,0.21
A01531,2025-01-25,8.2,0.03
A01531,2025-02-20,6.0,0.05
A01531,2025-03-23,8.1,-0.11
A01531,2025-04-26,6.7,0.33
A01531,2025-05-25,7.0,0.53
A01531,2025-06-25,6.2,0.04
A01532,2025-01-24,6.8,0.4
A01532,2025-02-23,5.1,0.11
A01532,2025-03-30,8.2,0.08
A01532,2025-04-24,7.7,0.01
A01532,2025-05-27,5.3,-0.2
A01532,2025-06-26,6.7,-0.07
A01533,2025-01-23,7.4,0.87
A01533,2025-02-20,8.1,0.4
A01533,2025-03-28,7.4,0.63
A01533,2025-04-22,7.7,0.88
A01533,2025-05-23,6.7,0.84
A01533,2025-06-21,6.9,0.7
A01534,2025-01-31,8.9,0.57
A01534,2025-02-19,9.2,0.63
A01534,2025-03-23,7.8,0.3
A01534,2025-04-24,10.0,0.43
A01534,2025-05-30,8.2,0.23
A01534,2025-06-28,9.1,0.53
A01535,2025-01-28,6.6,0.29
A01535,2025-02-24,8.1,0.86
A01535,2025-03-26,5.9,0.8
A01535,2025-04-29,7.2,0.14
A01535,2025-05-28,7.1,0.83
A01535,2025-06-30,7.9,0.57
A01536,2025-01-31,5.8,0.69
A01536,2025-02-27,5.2,0.41
A01536,2025-03-27,7.7,0.36
A01536,2025-04-23,8.3,0.14
A01536,2025-05-30,6.6,0.38
A01536,2025-06-30,7.6,0.41
A01537,2025-01-26,5.2,0.91
A01537,2025-02-27,8.5,0.71
A01537,2025-03-22,7.6,0.19
A01537,2025-04-30,8.0,0.54
A01537,2025-05-26,7.6,0.79
A01537,2025-06-29,7.5,0.64
A01538,2025-01-26,6.0,0.44
A01538,2025-02-26,8.4,0.57
A01538,2025-03-27,6.9,0.02
A01538,2025-04-25,8.1,0.34
A01538,2025-05-24,7.5,0.74
A01538,2025-06-23,10.0,0.92
A01539,2025-01-27,7.1,0.59
A01539,2025-02-22,7.0,0.21
A01539,2025-03-25,5.1,0.51
A01539,2025-04-24,7.5,0.83
A01539,2025-05-31,8.3,0.54
A01539,2025-06-22,8.5,0.91
A01540,2025-01-24,7.3,0.44
A01540,2025-02-19,7.6,0.86
A01540,2025-03-26,6.2,0.26
A01540,2025-04-22,5.2,1.03
A01540,2025-05-27,6.6,0.44
A01540,2025-06-26,5.8,0.17
A01541,2025-01-24,8.8,0.8
A01541,2025-02-26,8.3,0.91
A01541,2025-03-22,8.8,1.25
A01541,2025-04-22,9.3,0.24
A01541,2025-05-31,8.0,1.14
A01541,2025-06-23,8.5,1.34
A01542,2025-01-28,8.1,0.58
A01542,2025-02-21,9.0,0.32
A01542,2025-03-29,7.4,0.37
A01542,2025-04-30,8.5,0.55
A01542,2025-05-24,7.0,0.22
A01542,2025-06-27,7.6,0.69
A01543,2025-01-27,8.1,0.24
A01543,2025-02-26,8.3,0.2
A01543,2025-03-23,5.7,0.93
A01543,2025-04-27,8.1,0.67
A01543,2025-05-27,8.3,0.26
A01543,2025-06-28,6.6,0.54
A01544,2025-01-30,6.1,0.69
A01544,2025-02-23,5.8,0.39
A01544,2025-03-28,5.0,0.32
A01544,2025-04-24,7.5,0.47
A01544,2025-05-31,5.9,0.24
A01544,2025-06-29,7.8,0.87
A01545,2025-01-24,7.8,0.1
A01545,2025-02-28,8.2,0.69
A01545,2025-03-23,8.8,0.01
A01545,2025-04-29,7.9,0.8
A01545,2025-05-23,8.2,0.76
A01545,2025-06-23,6.4,0.25
A01546,2025-01-26,8.7,0.69
A01546,2025-02-22,8.1,0.77
A01546,2025-03-26,9.6,0.74
A01546,2025-04-22,6.7,0.76
A01546,2025-05-27,9.8,0.47
A01546,2025-06-26,8.3,0.69
A01547,2025-01-24,9.9,0.69
A01547,2025-02-24,8.9,0.42
A01547,2025-03-31,8.6,0.61
A01547,2025-04-22,9.1,0.45
A01547,2025-05-27,7.3,0.9
A01547,2025-06-25,8.6,0.99
A01548,2025-01-27,10.0,0.75
A01548,2025-02-21,8.9,0.94
A01548,2025-03-26,8.3,0.63
A01548,2025-04-30,9.1,0.55
A01548,2025-05-31,9.1,0.85
A01548,2025-06-29,5.9,0.68
A01549,2025-01-25,6.9,0.72
A01549,2025-02-23,9.5,0.15
A01549,2025-03-28,7.3,0.49
A01549,2025-04-25,6.1,0.64
A01549,2025-05-25,5.6,0.09
A01549,2025-06-27,7.9,0.36
A01550,2025-01-27,7.4,0.42
A01550,2025-02-27,8.1,0.42
A01550,2025-03-24,6.6,0.23
A01550,2025-04-27,5.9,0.03
A01550,2025-05-29,5.9,0.31
A01550,2025-06-30,8.5,0.62
A01551,2025-01-30,8.6,0.45
A01551,2025-02-23,7.4,0.89
A01551,2025-03-24,6.4,0.63
A01551,2025-04-21,7.4,0.48
A01551,2025-05-25,9.1,0.25
A01551,2025-06-23,6.4,0.47
A01552,2025-01-30,7.9,0.82
A01552,2025-02-21,8.0,0.3
A01552,2025-03-25,6.6,-0.02
A01552,2025-04-26,5.8,0.58
A01552,2025-05-29,6.9,0.05
A01552,2025-06-24,6.5,0.53
A01553,2025-01-25,6.7,0.53
A01553,2025-02-24,6.7,0.07
A01553,2025-03-28,5.4,0.3
A01553,2025-04-22,5.8,0.14
A01553,2025-05-24,7.9,0.49
A01553,2025-06-22,7.2,0.49
A01554,2025-01-28,7.1,0.29
A01554,2025-02-20,7.4,0.1
A01554,2025-03-25,8.5,0.65
A01554,2025-04-23,7.5,-0.01
A01554,2025-05-26,9.7,0.52
A01554,2025-06-26,6.4,0.49
A01555,2025-01-23,8.4,0.75
A01555,2025-02-26,7.6,1.2
A01555,2025-03-29,8.3,0.57
A01555,2025-04-24,9.9,0.58
A01555,2025-05-22,9.1,0.39
A01555,2025-06-23,7.0,0.59
A01556,2025-01-28,9.6,0.29
A01556,2025-02-19,8.1,0.5
A01556,2025-03-31,7.4,0.81
A01556,2025-04-24,10.0,0.86
A01556,2025-05-30,5.4,0.58
A01556,2025-06-26,8.2,0.97
A01557,2025-01-25,7.6,0.36
A01557,2025-02-24,6.5,0.37
A01557,2025-03-22,5.7,0.52
A01557,2025-04-25,6.9,0.27
A01557,2025-05-23,7.4,0.81
A01557,2025-06-24,10.0,0.28
A01558,2025-01-25,8.8,0.18
A01558,2025-02-19,6.6,0.69
A01558,2025-03-26,7.5,0.49
A01558,2025-04-22,9.4,0.45
A01558,2025-05-26,7.9,1.0
A01558,2025-06-26,6.7,0.47
A01559,2025-01-27,6.0,0.87
A01559,2025-02-23,7.1,0.13
A01559,2025-03-27,5.3,0.38
A01559,2025-04-26,7.8,0.89
A01559,2025-05-22,6.5,0.58
A01559,2025-06-22,7.5,0.23
A01560,2025-01-24,7.3,0.56
A01560,2025-02-20,9.1,0.81
A01560,2025-03-25,6.8,0.75
A01560,2025-04-27,6.3,0.65
A01560,2025-05-31,7.2,0.52
A01560,2025-06-29,8.7,1.31
A01561,2025-01-28,7.4,0.06
A01561,2025-02-28,5.1,0.33
A01561,2025-03-29,7.6,0.68
A01561,2025-04-24,7.5,0.61
A01561,2025-05-24,8.1,0.78
A01561,2025-06-26,7.6,0.48
A01562,2025-01-28,7.3,0.45
A01562,2025-02-27,7.6,0.92
A01562,2025-03-28,10.0,0.49
A01562,2025-04-22,8.3,0.48
A01562,2025-05-30,7.5,0.25
A01562,2025-06-21,8.5,0.43
A01563,2025-01-28,9.4,0.91
A01563,2025-02-21,9.9,0.94
A01563,2025-03-31,8.6,0.8
A01563,2025-04-23,6.6,0.35
A01563,2025-05-22,8.1,0.33
A01563,2025-06-23,5.5,0.66
A01564,2025-01-24,7.1,0.35
A01564,2025-02-22,7.7,0.14
A01564,2025-03-26,8.3,0.39
A01564,2025-04-29,10.0,0.69
A01564,2025-05-24,6.7,1.03
A01564,2025-06-26,7.8,0.26
A01565,2025-01-23,6.2,0.73
A01565,2025-02-20,7.1,0.37
A01565,2025-03-29,6.4,0.44
A01565,2025-04-26,8.5,0.35
A01565,2025-05-30,5.8,0.36
A01565,2025-06-25,8.7,0.04
A01566,2025-01-23,5.2,0.66
A01566,2025-02-22,6.5,0.7
A01566,2025-03-31,6.6,0.27
A01566,2025-04-30,7.6,0.26
A01566,2025-05-29,9.6,0.11
A01566,2025-06-27,9.5,0.81
A01567,2025-01-23,6.5,0.25
A01567,2025-02-21,9.4,0.17
A01567,2025-03-31,6.6,0.12
A01567,2025-04-23,7.1,0.35
A01567,2025-05-29,6.6,0.44
A01567,2025-06-24,8.3,0.1
A01568,2025-01-28,9.0,0.73
A01568,2025-02-20,9.3,0.88
A01568,2025-03-28,5.9,0.21
A01568,2025-04-25,8.2,0.53
A01568,2025-05-25,8.5,0.18
A01568,2025-06-29,6.8,-0.03
A01569,2025-01-28,8.6,0.91
A01569,2025-02-20,8.0,0.94
A01569,2025-03-29,8.8,0.61
A01569,2025-04-27,8.6,0.64
A01569,2025-05-31,6.4,0.44
A01569,2025-06-29,9.0,1.21
A01570,2025-01-24,7.2,0.49
A01570,2025-02-26,6.9,0.77
A01570,2025-03-26,7.5,0.26
A01570,2025-04-22,8.1,0.13
A01570,2025-05-30,5.2,0.1
A01570,2025-06-23,8.2,0.18
A01571,2025-01-23,8.2,0.21
A01571,2025-02-26,7.2,0.34
A01571,2025-03-25,7.8,0.48
A01571,2025-04-23,5.2,0.41
A01571,2025-05-24,5.9,-0.45
A01571,2025-06-21,6.4,0.88
A01572,2025-01-25,9.3,0.72
A01572,2025-02-28,9.9,0.75
A01572,2025-03-24,8.3,0.69
A01572,2025-04-25,8.2,0.94
A01572,2025-05-23,8.7,0.9
A01572,2025-06-30,8.4,0.83
A01573,2025-01-29,5.8,-0.24
A01573,2025-02-21,7.9,0.37
A01573,2025-03-30,6.5,0.3
A01573,2025-04-24,7.7,0.21
A01573,2025-05-31,6.3,0.79
A01573,2025-06-25,7.7,1.06
A01574,2025-01-24,7.7,0.77
A01574,2025-02-22,6.9,0.85
A01574,2025-03-25,8.7,0.37
A01574,2025-04-24,7.6,0.66
A01574,2025-05-23,7.4,0.86
A01574,2025-06-23,8.1,0.73
A01575,2025-01-31,5.1,0.13
A01575,2025-02-27,7.4,0.46
A01575,2025-03-22,6.3,0.41
A01575,2025-04-28,5.8,0.7
A01575,2025-05-30,7.6,0.39
A01575,2025-06-21,6.2,0.04
A01576,2025-01-22,6.6,-0.23
A01576,2025-02-21,9.1,0.54
A01576,2025-03-24,6.4,0.04
A01576,2025-04-28,6.6,0.78
A01576,2025-05-24,7.1,0.17
A01576,2025-06-28,6.6,0.78
A01577,2025-01-23,8.8,0.83
A01577,2025-02-22,7.5,1.14
A01577,2025-03-30,9.2,1.22
A01577,2025-04-30,7.6,0.29
A01577,2025-05-26,8.4,0.79
A01577,2025-06-30,7.7,0.53
A01578,2025-01-29,8.9,0.83
A01578,2025-02-23,8.1,1.44
A01578,2025-03-29,7.2,0.55
A01578,2025-04-26,9.9,0.46
A01578,2025-05-31,8.3,0.85
A01578,2025-06-23,8.1,0.16
A01579,2025-01-28,7.9,0.8
A01579,2025-02-28,9.7,0.8
A01579,2025-03-28,8.1,0.12
A01579,2025-04-28,7.9,0.74
A01579,2025-05-25,8.6,0.64
A01579,2025-06-28,8.6,0.44
A01580,2025-01-24,6.3,1.36
A01580,2025-02-19,7.8,1.03
A01580,2025-03-30,6.1,0.04
A01580,2025-04-25,6.2,0.19
A01580,2025-05-23,6.6,0.52
A01580,2025-06-25,7.7,0.61
A01581,2025-01-29,7.1,1.04
A01581,2025-02-21,8.3,0.78
A01581,2025-03-24,7.4,1.03
A01581,2025-04-29,9.5,0.52
A01581,2025-05-29,7.0,0.56
A01581,2025-06-28,6.1,-0.07
A01582,2025-01-31,6.7,0.25
A01582,2025-02-20,7.4,0.72
A01582,2025-03-22,8.0,0.39
A01582,2025-04-21,7.4,0.81
A01582,2025-05-31,7.4,0.5
A01582,2025-06-22,6.8,0.49
A01583,2025-01-24,6.2,0.69
A01583,2025-02-20,7.8,-0.14
A01583,2025-03-26,7.9,0.91
A01583,2025-04-22,7.3,0.43
A01583,2025-05-26,7.9,0.17
A01583,2025-06-27,7.6,0.31
A01584,2025-01-29,7.6,0.54
A01584,2025-02-21,7.4,1.22
A01584,2025-03-23,7.2,1.01
A01584,2025-04-27,7.2,0.21
A01584,2025-05-29,7.7,0.92
A01584,2025-06-26,10.0,0.18
A01585,2025-01-29,6.7,0.71
A01585,2025-02-22,7.3,0.42
A01585,2025-03-22,6.0,0.54
A01585,2025-04-21,6.6,0.53
A01585,2025-05-22,6.8,0.1
A01585,2025-06-26,6.9,0.26
A01586,2025-01-31,8.5,0.15
A01586,2025-02-23,9.5,0.36
A01586,2025-03-27,7.7,0.13
A01586,2025-04-25,9.3,0.71
A01586,2025-05-30,9.2,1.26
A01586,2025-06-29,7.8,0.16
A01587,2025-01-30,7.3,-0.35
A01587,2025-02-19,5.1,0.51
A01587,2025-03-29,5.3,0.29
A01587,2025-04-29,7.5,0.36
A01587,2025-05-23,7.1,0.36
A01587,2025-06-23,6.4,0.12
A01588,2025-01-27,10.0,0.88
A01588,2025-02-23,7.3,0.3
A01588,2025-03-28,7.9,0.64
A01588,2025-04-27,7.6,0.91
A01588,2025-05-26,8.0,0.34
A01588,2025-06-30,8.8,0.49
A01589,2025-01-23,7.6,-0.07
A01589,2025-02-26,5.3,-0.11
A01589,2025-03-27,5.5,0.38
A01589,2025-04-23,6.4,0.4
A01589,2025-05-27,7.9,0.3
A01589,2025-06-22,8.8,0.22
A01590,2025-01-28,5.8,0.58
A01590,2025-02-20,5.9,0.54
A01590,2025-03-29,7.3,0.44
A01590,2025-04-26,7.2,0.3
A01590,2025-05-31,7.7,0.14
A01590,2025-06-21,4.8,0.91
A01591,2025-01-27,8.4,0.1
A01591,2025-02-19,6.4,0.68
A01591,2025-03-30,7.3,0.88
A01591,2025-04-28,7.5,0.55
A01591,2025-05-26,6.5,0.57
A01591,2025-06-28,9.4,0.84
A01592,2025-01-26,6.9,0.11
A01592,2025-02-26,6.5,0.17
A01592,2025-03-23,7.5,0.09
A01592,2025-04-28,7.8,0.86
A01592,2025-05-26,6.8,0.38
A01592,2025-06-26,7.3,0.37
A01593,2025-01-24,8.4,0.76
A01593,2025-02-23,6.4,0.4
A01593,2025-03-27,5.5,0.6
A01593,2025-04-26,5.2,0.62
A01593,2025-05-25,5.7,0.44
A01593,2025-06-25,6.9,-0.21
A01594,2025-01-30,7.6,-0.01
A01594,2025-02-19,7.2,0.8
A01594,2025-03-27,7.2,0.43
A01594,2025-04-23,8.2,0.36
A01594,2025-05-26,7.1,0.68
A01594,2025-06-22,6.4,0.84
A01595,2025-01-24,8.7,0.21
A01595,2025-02-21,8.0,0.35
A01595,2025-03-24,6.9,-0.07
A01595,2025-04-29,5.2,0.58
A01595,2025-05-30,6.0,0.3
A01595,2025-06-25,6.4,0.15
A01596,2025-01-22,8.2,0.59
A01596,2025-02-20,8.1,0.73
A01596,2025-03-22,9.7,0.89
A01596,2025-04-23,8.9,0.53
A01596,2025-05-27,8.2,0.75
A01596,2025-06-30,7.8,0.21
A01597,2025-01-24,6.7,0.7
A01597,2025-02-20,6.7,0.66
A01597,2025-03-26,7.9,0.57
A01597,2025-04-21,6.7,0.36
A01597,2025-05-29,6.5,0.5
A01597,2025-06-27,7.3,0.57
A01598,2025-01-28,9.0,0.61
A01598,2025-02-22,6.2,0.61
A01598,2025-03-30,7.6,0.6
A01598,2025-04-24,8.1,0.92
A01598,2025-05-24,9.6,0.31
A01598,2025-06-24,7.3,0.78
A01599,2025-01-26,9.1,0.53
A01599,2025-02-26,7.3,0.53
A01599,2025-03-24,9.0,0.45
A01599,2025-04-26,7.3,0.66
A01599,2025-05-23,8.7,0.54
A01599,2025-06-28,8.7,0.76
A01600,2025-01-26,8.3,0.35
A01600,2025-02-19,7.3,0.51
A01600,2025-03-29,4.2,0.49
A01600,2025-04-23,8.0,1.28
A01600,2025-05-26,7.0,0.81
A01600,2025-06-22,6.2,1.01
A01601,2025-01-22,8.8,0.71
A01601,2025-02-19,7.0,0.55
A01601,2025-03-28,7.9,1.01
A01601,2025-04-22,6.5,0.07
A01601,2025-05-31,7.1,0.9
A01601,2025-06-22,8.3,0.95
A01602,2025-01-24,7.5,1.26
A01602,2025-02-24,8.0,0.66
A01602,2025-03-22,6.8,0.33
A01602,2025-04-27,6.1,0.53
A01602,2025-05-24,8.0,-0.0
A01602,2025-06-28,6.7,0.68
A01603,2025-01-26,6.9,0.2
A01603,2025-02-26,6.0,-0.0
A01603,2025-03-28,7.4,0.74
A01603,2025-04-27,7.3,0.49
A01603,2025-05-31,6.7,0.05
A01603,2025-06-29,6.4,-0.07
A01604,2025-01-30,8.0,0.45
A01604,2025-02-24,7.8,0.95
A01604,2025-03-28,8.2,0.2
A01604,2025-04-26,6.8,0.39
A01604,2025-05-27,5.9,1.04
A01604,2025-06-30,8.2,0.77
A01605,2025-01-29,7.5,0.41
A01605,2025-02-25,8.2,0.66
A01605,2025-03-26,5.8,0.08
A01605,2025-04-25,6.7,0.47
A01605,2025-05-29,6.9,0.73
A01605,2025-06-25,8.1,0.33
A01606,2025-01-27,9.2,1.01
A01606,2025-02-27,8.3,0.85
A01606,2025-03-27,7.7,0.42
A01606,2025-04-25,8.8,1.0
A01606,2025-05-29,7.3,0.44
A01606,2025-06-22,6.2,0.09
A01607,2025-01-30,6.7,0.23
A01607,2025-02-20,6.3,0.32
A01607,2025-03-25,7.2,0.36
A01607,2025-04-23,7.5,0.16
A01607,2025-05-24,6.1,-0.17
A01607,2025-06-22,6.7,0.37
A01608,2025-01-27,8.1,0.41
A01608,2025-02-19,7.5,-0.0
A01608,2025-03-25,7.4,0.88
A01608,2025-04-22,8.1,-0.18
A01608,2025-05-27,5.9,0.44
A01608,2025-06-29,7.9,0.32
A01609,2025-01-27,6.3,0.24
A01609,2025-02-27,7.6,0.72
A01609,2025-03-26,6.5,0.22
A01609,2025-04-21,6.6,0.49
A01609,2025-05-25,7.0,0.47
A01609,2025-06-29,8.2,0.61
A01610,2025-01-25,7.9,0.69
A01610,2025-02-24,8.0,0.12
A01610,2025-03-28,7.4,0.36
A01610,2025-04-29,7.1,1.18
A01610,2025-05-29,9.0,-0.11
A01610,2025-06-21,9.6,0.24
A01611,2025-01-31,7.8,0.33
A01611,2025-02-27,8.9,0.26
A01611,2025-03-25,6.8,1.4
A01611,2025-04-28,7.4,0.87
A01611,2025-05-30,8.9,0.54
A01611,2025-06-29,8.7,1.29
A01612,2025-01-23,7.5,0.34
A01612,2025-02-28,8.3,0.49
A01612,2025-03-24,8.1,0.37
A01612,2025-04-25,8.0,0.34
A01612,2025-05-29,6.7,0.42
A01612,2025-06-21,9.8,0.42
A01613,2025-01-30,7.0,0.68
A01613,2025-02-24,5.6,0.56
A01613,2025-03-29,8.8,0.29
A01613,2025-04-25,4.3,0.92
A01613,2025-05-30,6.5,0.11
A01613,2025-06-30,6.1,0.14
A01614,2025-01-27,8.1,-0.22
A01614,2025-02-26,7.1,0.54
A01614,2025-03-31,8.2,-0.17
A01614,2025-04-22,6.7,0.71
A01614,2025-05-30,6.3,0.57
A01614,2025-06-25,6.1,0.73
A01615,2025-01-24,8.7,0.8
A01615,2025-02-19,9.6,0.34
A01615,2025-03-29,6.2,0.93
A01615,2025-04-27,7.3,0.93
A01615,2025-05-30,7.3,0.5
A01615,2025-06-24,7.4,0.5
A01616,2025-01-26,5.6,0.38
A01616,2025-02-28,7.0,-0.13
A01616,2025-03-25,4.5,0.44
A01616,2025-04-28,6.0,0.01
A01616,2025-05-27,5.9,0.65
A01616,2025-06-21,4.6,0.03
A01617,2025-01-22,6.3,0.44
A01617,2025-02-25,8.0,0.15
A01617,2025-03-29,6.0,0.12
A01617,2025-04-21,8.2,0.42
A01617,2025-05-25,5.9,0.29
A01617,2025-06-27,7.0,-0.11
A01618,2025-01-25,6.4,0.21
A01618,2025-02-22,7.2,0.62
A01618,2025-03-31,6.5,0.24
A01618,2025-04-27,5.8,0.73
A01618,2025-05-28,6.9,0.36
A01618,2025-06-21,8.8,0.16
A01619,2025-01-25,8.1,0.2
A01619,2025-02-20,7.8,0.27
A01619,2025-03-27,7.5,0.02
A01619,2025-04-21,9.1,0.61
A01619,2025-05-31,6.4,-0.08
A01619,2025-06-27,8.5,0.51
A01620,2025-01-24,8.5,0.67
A01620,2025-02-25,10.0,1.36
A01620,2025-03-27,9.8,0.78
A01620,2025-04-24,8.3,0.35
A01620,2025-05-27,8.3,0.59
A01620,2025-06-30,8.7,0.53
A01621,2025-01-31,7.3,0.58
A01621,2025-02-19,8.2,0.79
A01621,2025-03-28,9.0,0.82
A01621,2025-04-25,9.2,-0.0
A01621,2025-05-23,9.8,0.76
A01621,2025-06-28,7.8,0.92
A01622,2025-01-23,9.1,-0.03
A01622,2025-02-24,9.0,0.74
A01622,2025-03-22,9.7,0.24
A01622,2025-04-22,8.8,0.83
A01622,2025-05-26,8.7,1.24
A01622,2025-06-30,8.3,0.62
A01623,2025-01-25,6.5,0.55
A01623,2025-02-24,6.4,0.43
A01623,2025-03-28,7.6,0.09
A01623,2025-04-30,7.4,0.72
A01623,2025-05-29,8.1,0.3
A01623,2025-06-25,9.0,0.5
A01624,2025-01-22,9.0,1.2
A01624,2025-02-27,9.5,0.77
A01624,2025-03-28,7.3,0.3
A01624,2025-04-22,7.6,0.27
A01624,2025-05-24,7.7,0.91
A01624,2025-06-26,9.2,0.3
A01625,2025-01-31,7.8,0.78
A01625,2025-02-22,6.4,1.33
A01625,2025-03-31,8.2,0.33
A01625,2025-04-25,9.3,0.52
A01625,2025-05-27,8.0,0.82
A01625,2025-06-29,8.8,1.05
A01626,2025-01-27,6.1,0.28
A01626,2025-02-23,6.1,0.45
A01626,2025-03-22,5.8,0.35
A01626,2025-04-30,7.0,0.03
A01626,2025-05-31,7.8,1.05
A01626,2025-06-23,7.8,0.28
A01627,2025-01-28,7.5,0.47
A01627,2025-02-27,6.7,-0.14
A01627,2025-03-25,7.0,0.22
A01627,2025-04-22,7.5,0.59
A01627,2025-05-22,7.3,0.73
A01627,2025-06-22,7.2,0.56
A01628,2025-01-26,7.3,0.63
A01628,2025-02-28,8.0,0.21
A01628,2025-03-22,7.9,0.23
A01628,2025-04-24,8.3,0.31
A01628,2025-05-29,6.9,0.45
A01628,2025-06-29,7.4,0.55
A01629,2025-01-28,8.6,0.91
A01629,2025-02-27,6.6,1.01
A01629,2025-03-23,5.6,0.16
A01629,2025-04-26,9.7,0.44
A01629,2025-05-29,8.7,0.32
A01629,2025-06-22,8.3,1.1
A01630,2025-01-26,7.9,0.19
A01630,2025-02-21,8.8,0.57
A01630,2025-03-22,7.4,0.92
A01630,2025-04-29,6.5,0.81
A01630,2025-05-25,9.0,0.96
A01630,2025-06-29,7.2,0.66
A01631,2025-01-30,8.8,0.8
A01631,2025-02-25,7.9,0.05
A01631,2025-03-22,8.5,0.37
A01631,2025-04-29,8.4,0.41
A01631,2025-05-30,6.4,0.07
A01631,2025-06-25,9.9,0.42
A01632,2025-01-27,9.2,0.97
A01632,2025-02-25,7.3,0.5
A01632,2025-03-30,7.5,0.62
A01632,2025-04-25,8.0,0.85
A01632,2025-05-22,7.0,0.35
A01632,2025-06-25,8.8,0.57
A01633,2025-01-27,7.4,0.73
A01633,2025-02-22,8.2,0.38
A01633,2025-03-24,6.5,0.23
A01633,2025-04-24,7.0,0.56
A01633,2025-05-25,7.1,0.15
A01633,2025-06-28,7.9,0.15
A01634,2025-01-24,7.2,0.75
A01634,2025-02-27,7.8,0.47
A01634,2025-03-28,8.5,0.3
A01634,2025-04-21,7.5,1.24
A01634,2025-05-29,8.5,0.54
A01634,2025-06-28,8.8,0.38
A01635,2025-01-30,10.0,0.98
A01635,2025-02-21,8.4,0.4
A01635,2025-03-24,9.2,0.78
A01635,2025-04-30,9.4,0.83
A01635,2025-05-28,9.0,0.42
A01635,2025-06-29,7.8,1.14
A01636,2025-01-28,8.7,0.29
A01636,2025-02-23,7.8,1.29
A01636,2025-03-24,9.2,0.47
A01636,2025-04-21,7.4,0.61
A01636,2025-05-27,7.7,0.63
A01636,2025-06-28,8.6,0.16
A01637,2025-01-26,7.1,0.95
A01637,2025-02-26,7.5,0.22
A01637,2025-03-26,6.6,0.27
A01637,2025-04-23,7.6,0.91
A01637,2025-05-30,7.1,1.27
A01637,2025-06-26,7.6,0.78
A01638,2025-01-23,7.0,0.39
A01638,2025-02-26,8.7,0.99
A01638,2025-03-23,8.9,-0.02
A01638,2025-04-22,8.7,0.87
A01638,2025-05-30,7.6,1.0
A01638,2025-06-23,7.2,0.63
A01639,2025-01-26,8.7,0.46
A01639,2025-02-19,7.9,-0.23
A01639,2025-03-26,6.4,0.18
A01639,2025-04-21,8.0,0.15
A01639,2025-05-24,9.4,0.42
A01639,2025-06-30,5.9,0.79
A01640,2025-01-30,7.3,0.09
A01640,2025-02-28,8.9,0.86
A01640,2025-03-26,9.0,0.65
A01640,2025-04-26,6.6,0.2
A01640,2025-05-26,7.6,0.48
A01640,2025-06-28,5.5,0.59
A01641,2025-01-29,7.9,0.03
A01641,2025-02-22,8.0,0.47
A01641,2025-03-22,7.5,0.83
A01641,2025-04-26,7.4,0.09
A01641,2025-05-26,6.6,0.17
A01641,2025-06-28,5.3,0.98
A01642,2025-01-22,5.9,0.14
A01642,2025-02-25,6.8,-0.45
A01642,2025-03-28,8.2,0.59
A01642,2025-04-21,6.4,0.76
A01642,2025-05-29,9.0,-0.12
A01642,2025-06-21,6.7,0.2
A01643,2025-01-24,8.9,1.03
A01643,2025-02-23,9.1,0.67
A01643,2025-03-27,8.9,0.4
A01643,2025-04-24,8.5,0.62
A01643,2025-05-25,10.0,0.78
A01643,2025-06-27,7.3,0.53
A01644,2025-01-30,7.9,0.48
A01644,2025-02-24,9.2,0.44
A01644,2025-03-27,8.7,0.81
A01644,2025-04-30,7.4,0.14
A01644,2025-05-24,7.7,0.61
A01644,2025-06-26,6.9,0.57
A01645,2025-01-24,6.4,0.28
A01645,2025-02-26,5.9,0.36
A01645,2025-03-24,7.0,0.46
A01645,2025-04-24,6.3,0.91
A01645,2025-05-27,6.5,0.54
A01645,2025-06-21,8.0,1.1
A01646,2025-01-27,8.7,0.48
A01646,2025-02-28,7.5,0.59
A01646,2025-03-22,8.6,0.42
A01646,2025-04-27,7.9,0.11
A01646,2025-05-25,6.9,0.62
A01646,2025-06-23,8.7,0.13
A01647,2025-01-23,6.9,0.41
A01647,2025-02-23,8.1,0.49
A01647,2025-03-29,6.7,0.55
A01647,2025-04-29,9.6,0.56
A01647,2025-05-23,7.6,0.34
A01647,2025-06-26,4.7,0.2
A01648,2025-01-30,8.3,0.78
A01648,2025-02-24,8.5,-0.19
A01648,2025-03-30,7.5,0.22
A01648,2025-04-24,8.0,0.69
A01648,2025-05-22,8.6,0.07
A01648,2025-06-28,6.9,0.81
A01649,2025-01-31,8.4,0.64
A01649,2025-02-24,7.5,0.29
A01649,2025-03-25,9.3,1.08
A01649,2025-04-27,7.2,1.04
A01649,2025-05-28,6.2,0.49
A01649,2025-06-29,6.6,1.05
A01650,2025-01-23,7.7,0.69
A01650,2025-02-24,7.9,0.27
A01650,2025-03-26,7.3,0.24
A01650,2025-04-29,8.6,0.76
A01650,2025-05-24,7.7,0.45
A01650,2025-06-30,6.6,0.59
A01651,2025-01-30,5.6,0.16
A01651,2025-02-26,8.5,0.61
A01651,2025-03-22,7.1,0.35
A01651,2025-04-28,8.0,0.21
A01651,2025-05-28,6.7,0.5
A01651,2025-06-30,8.5,-0.14
A01652,2025-01-26,6.3,0.75
A01652,2025-02-23,6.3,0.92
A01652,2025-03-23,8.9,0.46
A01652,2025-04-23,6.8,0.61
A01652,2025-05-27,7.3,0.88
A01652,2025-06-24,6.4,0.63
A01653,2025-01-27,7.7,1.17
A01653,2025-02-28,6.5,0.51
A01653,2025-03-22,6.2,0.87
A01653,2025-04-29,9.5,0.8
A01653,2025-05-27,8.2,0.18
A01653,2025-06-28,7.5,0.61
A01654,2025-01-24,8.2,-0.18
A01654,2025-02-25,10.0,0.28
A01654,2025-03-25,7.4,0.21
A01654,2025-04-30,7.2,0.55
A01654,2025-05-23,6.7,0.52
A01654,2025-06-27,6.6,0.67
A01655,2025-01-26,8.8,0.4
A01655,2025-02-27,8.5,0.41
A01655,2025-03-24,7.3,1.32
A01655,2025-04-28,8.4,0.05
A01655,2025-05-23,7.7,1.14
A01655,2025-06-24,7.7,0.22
A01656,2025-01-26,7.7,0.05
A01656,2025-02-27,7.6,0.52
A01656,2025-03-28,6.0,0.51
A01656,2025-04-25,8.8,0.41
A01656,2025-05-27,7.4,0.57
A01656,2025-06-29,8.9,0.51
A01657,2025-01-22,6.1,0.26
A01657,2025-02-26,6.4,0.67
A01657,2025-03-24,8.5,0.28
A01657,2025-04-27,7.1,0.81
A01657,2025-05-31,7.4,0.61
A01657,2025-06-29,8.5,0.24
A01658,2025-01-22,7.4,-0.02
A01658,2025-02-19,8.0,0.32
A01658,2025-03-28,7.5,0.37
A01658,2025-04-24,5.2,0.28
A01658,2025-05-31,7.5,-0.02
A01658,2025-06-29,5.8,-0.07
A01659,2025-01-25,7.1,0.2
A01659,2025-02-21,7.5,-0.16
A01659,2025-03-27,8.1,0.66
A01659,2025-04-21,8.7,0.76
A01659,2025-05-28,6.1,0.32
A01659,2025-06-30,6.9,0.85
A01660,2025-01-29,6.1,1.11
A01660,2025-02-24,6.9,0.23
A01660,2025-03-25,5.6,0.18
A01660,2025-04-25,8.9,0.73
A01660,2025-05-24,8.3,0.31
A01660,2025-06-22,7.6,0.61
A01661,2025-01-27,7.5,-0.08
A01661,2025-02-23,8.1,0.28
A01661,2025-03-24,4.1,-0.16
A01661,2025-04-26,7.1,0.16
A01661,2025-05-29,7.0,0.34
A01661,2025-06-27,6.4,-0.27
A01662,2025-01-23,6.8,0.72
A01662,2025-02-19,7.4,0.37
A01662,2025-03-22,7.3,0.76
A01662,2025-04-26,6.2,0.66
A01662,2025-05-29,7.2,0.58
A01662,2025-06-21,8.0,0.76
A01663,2025-01-22,8.7,0.68
A01663,2025-02-19,7.5,0.22
A01663,2025-03-22,8.6,0.31
A01663,2025-04-22,9.9,0.25
A01663,2025-05-26,6.9,0.63
A01663,2025-06-27,7.9,0.87
A01664,2025-01-25,7.8,0.89
A01664,2025-02-28,7.2,0.41
A01664,2025-03-27,8.0,-0.02
A01664,2025-04-26,8.4,0.49
A01664,2025-05-23,6.5,0.43
A01664,2025-06-23,6.5,0.7
A01665,2025-01-30,8.4,0.74
A01665,2025-02-24,6.5,0.46
A01665,2025-03-30,8.5,0.38
A01665,2025-04-23,8.6,0.39
A01665,2025-05-22,6.6,0.5
A01665,2025-06-21,7.9,0.34
A01666,2025-01-25,6.5,0.19
A01666,2025-02-27,7.1,0.9
A01666,2025-03-26,5.3,0.34
A01666,2025-04-21,7.2,-0.08
A01666,2025-05-25,7.6,0.77
A01666,2025-06-29,7.0,0.71
A01667,2025-01-25,9.2,0.37
A01667,2025-02-20,8.4,0.39
A01667,2025-03-29,4.7,0.43
A01667,2025-04-24,7.9,0.55
A01667,2025-05-29,8.4,0.31
A01667,2025-06-22,9.2,0.02
A01668,2025-01-31,5.6,1.1
A01668,2025-02-28,7.6,1.17
A01668,2025-03-31,10.0,0.62
A01668,2025-04-22,7.9,0.57
A01668,2025-05-26,6.7,0.87
A01668,2025-06-29,9.3,0.65
A01669,2025-01-25,7.4,0.37
A01669,2025-02-22,6.4,0.67
A01669,2025-03-24,7.3,0.41
A01669,2025-04-25,7.9,0.53
A01669,2025-05-29,5.4,0.44
A01669,2025-06-22,7.0,0.13
A01670,2025-01-26,6.5,0.34
A01670,2025-02-25,8.8,0.85
A01670,2025-03-25,7.8,0.37
A01670,2025-04-27,9.8,1.13
A01670,2025-05-27,7.3,0.6
A01670,2025-06-24,9.0,0.77
A01671,2025-01-26,9.1,0.49
A01671,2025-02-28,6.7,1.07
A01671,2025-03-28,6.8,0.8
A01671,2025-04-27,9.3,0.9
A01671,2025-05-26,6.9,0.45
A01671,2025-06-24,7.4,-0.23
A01672,2025-01-26,6.2,0.38
A01672,2025-02-25,8.3,0.76
A01672,2025-03-26,8.4,0.76
A01672,2025-04-25,8.5,0.42
A01672,2025-05-24,6.7,0.42
A01672,2025-06-22,5.8,0.42
A01673,2025-01-27,6.9,1.03
A01673,2025-02-22,6.8,0.67
A01673,2025-03-31,9.3,1.0
A01673,2025-04-30,6.2,0.9
A01673,2025-05-31,6.7,0.44
A01673,2025-06-23,7.7,0.98
A01674,2025-01-23,8.7,0.69
A01674,2025-02-24,7.5,0.31
A01674,2025-03-22,10.0,0.53
A01674,2025-04-28,7.2,0.59
A01674,2025-05-28,7.7,0.34
A01674,2025-06-26,7.8,0.59
A01675,2025-01-29,7.8,0.58
A01675,2025-02-22,6.9,-0.19
A01675,2025-03-25,6.6,0.33
A01675,2025-04-27,7.5,0.88
A01675,2025-05-29,6.1,-0.07
A01675,2025-06-26,7.9,0.2
A01676,2025-01-31,7.8,0.04
A01676,2025-02-26,6.1,0.25
A01676,2025-03-23,5.6,0.47
A01676,2025-04-27,7.5,0.58
A01676,2025-05-23,8.2,0.36
A01676,2025-06-29,7.3,0.65
A01677,2025-01-25,8.7,0.28
A01677,2025-02-23,7.8,1.1
A01677,2025-03-22,6.8,0.47
A01677,2025-04-26,8.3,-0.12
A01677,2025-05-27,9.5,1.02
A01677,2025-06-28,8.4,0.8
A01678,2025-01-26,7.5,0.45
A01678,2025-02-23,6.7,0.17
A01678,2025-03-25,6.5,0.36
A01678,2025-04-24,7.7,0.12
A01678,2025-05-26,6.9,0.54
A01678,2025-06-21,8.1,0.9
A01679,2025-01-25,8.4,0.2
A01679,2025-02-28,6.7,0.12
A01679,2025-03-24,6.7,0.05
A01679,2025-04-26,5.7,0.86
A01679,2025-05-23,9.6,0.77
A01679,2025-06-24,6.5,0.38
A01680,2025-01-24,7.2,0.34
A01680,2025-02-22,7.0,0.84
A01680,2025-03-29,8.3,0.73
A01680,2025-04-21,6.4,0.2
A01680,2025-05-29,7.1,0.25
A01680,2025-06-28,7.8,0.65
A01681,2025-01-23,9.0,0.63
A01681,2025-02-28,8.6,0.96
A01681,2025-03-25,8.7,0.91
A01681,2025-04-26,7.6,0.9
A01681,2025-05-22,7.6,0.06
A01681,2025-06-30,9.4,0.55
A01682,2025-01-23,8.1,0.61
A01682,2025-02-24,5.9,0.67
A01682,2025-03-25,8.2,0.45
A01682,2025-04-28,7.7,0.62
A01682,2025-05-25,8.2,0.18
A01682,2025-06-24,7.9,0.85
A01683,2025-01-22,5.4,0.3
A01683,2025-02-27,6.2,0.38
A01683,2025-03-29,6.7,0.25
A01683,2025-04-26,8.3,0.23
A01683,2025-05-26,5.2,0.69
A01683,2025-06-24,6.6,0.15
A01684,2025-01-22,8.5,0.24
A01684,2025-02-22,8.1,1.07
A01684,2025-03-30,8.1,0.47
A01684,2025-04-25,9.7,0.4
A01684,2025-05-30,8.1,1.12
A01684,2025-06-30,8.1,1.37
A01685,2025-01-22,7.2,1.0
A01685,2025-02-26,9.9,0.75
A01685,2025-03-29,10.0,0.89
A01685,2025-04-28,6.9,0.4
A01685,2025-05-22,8.2,0.45
A01685,2025-06-27,9.7,0.59
A01686,2025-01-31,7.2,0.71
A01686,2025-02-19,9.2,0.74
A01686,2025-03-24,8.5,0.84
A01686,2025-04-27,8.0,0.66
A01686,2025-05-28,7.4,0.26
A01686,2025-06-26,9.5,0.51
A01687,2025-01-25,8.5,0.1
A01687,2025-02-27,8.6,0.53
A01687,2025-03-27,8.1,0.32
A01687,2025-04-28,8.2,0.51
A01687,2025-05-30,8.5,0.16
A01687,2025-06-22,7.1,0.62
A01688,2025-01-26,7.4,0.32
A01688,2025-02-21,7.0,0.76
A01688,2025-03-23,8.9,0.15
A01688,2025-04-28,8.5,0.57
A01688,2025-05-29,8.0,0.65
A01688,2025-06-22,7.9,0.22
A01689,2025-01-28,7.0,0.36
A01689,2025-02-24,5.9,0.6
A01689,2025-03-24,7.1,0.77
A01689,2025-04-25,7.0,0.21
A01689,2025-05-29,5.5,-0.07
A01689,2025-06-30,5.1,0.31
A01690,2025-01-24,7.9,0.61
A01690,2025-02-22,8.3,0.78
A01690,2025-03-23,8.7,0.36
A01690,2025-04-27,7.5,1.5
A01690,2025-05-26,9.1,0.15
A01690,2025-06-26,9.3,0.05
A01691,2025-01-31,7.8,0.86
A01691,2025-02-23,5.7,0.04
A01691,2025-03-29,4.5,0.45
A01691,2025-04-21,7.5,0.17
A01691,2025-05-23,6.2,0.79
A01691,2025-06-27,7.8,0.38
A01692,2025-01-26,6.5,0.62
A01692,2025-02-27,7.6,-0.04
A01692,2025-03-29,6.4,0.71
A01692,2025-04-30,7.9,0.13
A01692,2025-05-29,7.5,0.34
A01692,2025-06-25,6.9,0.78
A01693,2025-01-23,7.7,0.63
A01693,2025-02-24,6.8,0.06
A01693,2025-03-27,6.8,-0.2
A01693,2025-04-28,7.1,0.11
A01693,2025-05-31,7.9,-0.25
A01693,2025-06-24,5.5,-0.06
A01694,2025-01-31,7.2,0.28
A01694,2025-02-21,5.5,-0.09
A01694,2025-03-31,7.6,0.19
A01694,2025-04-22,5.7,0.18
A01694,2025-05-28,6.4,0.66
A01694,2025-06-24,7.3,0.31
A01695,2025-01-25,8.2,0.64
A01695,2025-02-19,5.1,0.69
A01695,2025-03-26,7.6,0.64
A01695,2025-04-28,7.4,0.88
A01695,2025-05-22,4.2,0.58
A01695,2025-06-24,8.2,0.44
A01696,2025-01-31,8.3,0.53
A01696,2025-02-23,5.3,0.35
A01696,2025-03-29,7.3,0.17
A01696,2025-04-25,8.9,-0.14
A01696,2025-05-31,9.6,0.24
A01696,2025-06-22,6.6,0.66
A01697,2025-01-26,6.6,0.35
A01697,2025-02-26,9.1,0.7
A01697,2025-03-22,7.3,1.03
A01697,2025-04-23,7.2,0.25
A01697,2025-05-22,8.2,0.2
A01697,2025-06-21,7.7,0.49
A01698,2025-01-23,8.7,0.58
A01698,2025-02-19,8.3,0.28
A01698,2025-03-28,6.5,0.15
A01698,2025-04-28,8.3,0.47
A01698,2025-05-31,7.2,0.22
A01698,2025-06-30,9.8,0.22
A01699,2025-01-28,9.4,0.39
A01699,2025-02-23,7.0,0.36
A01699,2025-03-22,6.4,0.68
A01699,2025-04-21,6.6,-0.19
A01699,2025-05-22,7.8,0.41
A01699,2025-06-29,9.4,0.03
A01700,2025-01-27,7.2,0.47
A01700,2025-02-23,6.2,0.28
A01700,2025-03-29,7.5,0.89
A01700,2025-04-26,7.4,0.68
A01700,2025-05-30,7.5,0.25
A01700,2025-06-25,7.8,1.07
