account_id,account_name,industry,customer_type,contract_length_months,client_tenure_months,deal_value_usd,deal_status
A00001,"Rodriguez, Figueroa and Sanchez",FinTech,New,26,58,11854.59,Closed‑Won
A00002,Doyle Ltd,Logistics,New,12,32,13220.46,Closed‑Won
A00003,"Mcclain, Miller and Henderson",CyberSecurity,Expansion,8,25,16935.52,Closed‑Won
A00004,Davis and Sons,MarTech,New,30,4,14289.07,Closed‑Won
A00005,"Guzman, Hoffman and Baldwin",MarTech,New,31,18,6898.07,Closed‑Won
A00006,"Gardner, Robinson and Lawrence",Logistics,New,9,53,10597.51,Closed‑Won
A00007,Blake and Sons,FinTech,Expansion,8,27,14335.56,Closed‑Won
A00008,"Henderson, Ramirez and Lewis",CyberSecurity,New,24,54,13860.4,Closed‑Won
A00009,Garcia-James,HealthTech,Expansion,6,32,15197.37,Closed‑Won
A00010,Abbott-Munoz,FinTech,Expansion,28,33,22475.59,Closed‑Won
A00011,Blair PLC,E‑Commerce,Expansion,33,26,18009.5,Closed‑Won
A00012,Dudley Group,SMB SaaS,Expansion,28,33,12121.16,On‑Hold
A00013,Arnold Ltd,CyberSecurity,Expansion,12,4,17103.43,Closed‑Won
A00014,"Mcclure, Ward and Lee",Logistics,Expansion,11,4,13501.73,Closed‑Won
A00015,Williams and Sons,CyberSecurity,New,26,29,10934.3,Negotiation
A00016,Galloway-Wyatt,Logistics,Expansion,7,36,10531.78,Closed‑Won
A00017,James Group,E‑Commerce,New,22,33,19356.6,Closed‑Won
A00018,"Flowers, Martin and Kelly",HealthTech,New,19,26,20675.01,Closed‑Won
A00019,"Adams, Zuniga and Wong",Logistics,Expansion,28,18,13226.22,Closed‑Won
A00020,"Reid, Ferguson and Sanchez",MarTech,Expansion,12,42,10420.92,Closed‑Won
A00021,Gray-Mayo,E‑Commerce,Expansion,28,36,17425.69,Closed‑Won
A00022,"Watts, Robinson and Nguyen",EdTech,New,26,3,7931.24,Closed‑Won
A00023,Perez Inc,HealthTech,New,13,27,11378.42,Closed‑Won
A00024,Morales-Jones,SMB SaaS,New,16,42,9778.69,Closed‑Won
A00025,"Walter, Edwards and Rios",Logistics,New,7,47,19732.26,Closed‑Won
A00026,Wilkerson-Day,CyberSecurity,New,19,17,20874.52,Closed‑Won
A00027,Baker and Sons,MarTech,New,13,55,6371.7,Closed‑Won
A00028,"Hoffman, Baker and Richards",Logistics,New,9,39,10685.79,Closed‑Lost
A00029,"Ross, Robinson and Bright",E‑Commerce,Expansion,22,26,20614.14,Closed‑Won
A00030,"Snyder, Campos and Callahan",MarTech,New,23,38,14023.14,On‑Hold
A00031,Burton Ltd,MarTech,Expansion,8,52,18509.6,Negotiation
A00032,Carlson-Cruz,HealthTech,New,11,14,14842.55,Negotiation
A00033,"Ferrell, Rice and Maddox",FinTech,New,8,9,15814.28,Closed‑Lost
A00034,Frazier Inc,E‑Commerce,New,26,26,9122.79,Closed‑Won
A00035,"Dyer, Potter and Mack",SMB SaaS,New,16,5,9116.89,Closed‑Won
A00036,Rodriguez-Graham,FinTech,Expansion,8,50,13411.47,Closed‑Won
A00037,Smith-Bowen,Logistics,New,11,58,12891.28,Closed‑Won
A00038,"Baker, Mason and White",Logistics,New,35,36,9202.8,Closed‑Won
A00039,Harrell LLC,EdTech,Expansion,13,58,13696.65,Closed‑Won
A00040,"Romero, Gonzalez and Brooks",CyberSecurity,Expansion,26,5,22476.05,Closed‑Won
A00041,Ryan PLC,HealthTech,New,20,38,15084.35,Closed‑Won
A00042,George Group,Logistics,New,11,27,15345.41,Closed‑Won
A00043,Rodriguez LLC,CyberSecurity,New,15,17,11850.79,On‑Hold
A00044,Allen-Allen,EdTech,New,6,19,10444.84,Closed‑Won
A00045,"Arroyo, Miller and Tucker",FinTech,New,28,33,10734.66,On‑Hold
A00046,Spence PLC,SMB SaaS,New,16,38,21228.24,Closed‑Lost
A00047,Anderson Group,MarTech,Expansion,20,10,17402.27,Closed‑Won
A00048,"Martin, Rose and Obrien",SMB SaaS,New,10,37,18893.33,Closed‑Won
A00049,Hickman Ltd,CyberSecurity,New,30,55,14510.53,Negotiation
A00050,"Harris, Collins and Carney",Logistics,New,12,1,16141.15,Negotiation
A00051,"Brooks, Lam and Hayes",Logistics,Expansion,22,52,17991.36,Negotiation
A00052,Walker LLC,HealthTech,New,32,36,14978.11,Closed‑Lost
A00053,Chapman and Sons,EdTech,Expansion,27,21,14856.24,Closed‑Won
A00054,"Robinson, Jones and Welch",MarTech,Expansion,24,44,18335.24,Closed‑Won
A00055,Jones Inc,MarTech,New,32,37,12554.16,Negotiation
A00056,Jones-Young,FinTech,New,11,46,12368.7,Closed‑Won
A00057,"Washington, Ryan and Cummings",E‑Commerce,New,34,5,11486.12,Closed‑Won
A00058,"Johnston, Sanchez and Kennedy",HealthTech,New,22,4,9501.83,Negotiation
A00059,Lee-Davis,CyberSecurity,Expansion,18,38,16405.57,Closed‑Won
A00060,Gomez-Jenkins,CyberSecurity,New,13,18,16082.01,Closed‑Won
A00061,"Brown, Valdez and Lucas",SMB SaaS,Expansion,28,15,6931.51,Closed‑Won
A00062,Powell LLC,CyberSecurity,New,35,25,18815.79,Closed‑Won
A00063,Wright and Sons,EdTech,New,26,43,18871.71,Closed‑Won
A00064,"West, Henderson and Ramirez",SMB SaaS,New,6,11,16096.76,Negotiation
A00065,Baxter Inc,MarTech,New,20,58,15783.37,Closed‑Won
A00066,Morton-Chase,EdTech,New,27,25,12693.3,Closed‑Won
A00067,Williams PLC,SMB SaaS,New,17,9,15101.28,Closed‑Won
A00068,Novak and Sons,EdTech,New,29,5,23132.71,Closed‑Won
A00069,Russell Group,FinTech,Expansion,27,51,20600.13,Closed‑Won
A00070,Hancock Inc,MarTech,New,8,7,16852.11,Closed‑Won
A00071,Gray Group,Logistics,Expansion,22,25,11989.2,Closed‑Won
A00072,House-Glover,HealthTech,New,11,40,15058.35,Closed‑Won
A00073,Henderson-Bernard,MarTech,New,20,31,14039.6,Closed‑Won
A00074,"Stanley, Tucker and Lee",HealthTech,New,17,16,15760.62,Negotiation
A00075,Novak PLC,CyberSecurity,New,30,7,15063.85,Closed‑Won
A00076,"Daniels, Adkins and Brown",MarTech,New,32,42,17678.5,Closed‑Lost
A00077,"Woods, Calhoun and Schmidt",EdTech,New,19,29,15994.44,Negotiation
A00078,Yu Inc,HealthTech,Expansion,22,3,13068.39,Closed‑Won
A00079,Jones Inc,E‑Commerce,New,24,11,17870.42,Closed‑Won
A00080,"Hensley, Powell and David",CyberSecurity,New,25,34,18495.01,Closed‑Won
A00081,"Sanchez, Wheeler and Harvey",SMB SaaS,New,25,10,21711.42,Closed‑Won
A00082,Sandoval-Cunningham,MarTech,New,29,24,17979.1,Closed‑Won
A00083,Donovan-Harris,HealthTech,New,35,8,14014.81,Closed‑Won
A00084,"Edwards, Baker and Anderson",Logistics,New,30,48,17141.85,Negotiation
A00085,"Evans, Stewart and Walton",CyberSecurity,New,10,38,11870.9,Closed‑Won
A00086,Smith PLC,CyberSecurity,New,20,47,14330.48,Closed‑Won
A00087,"Ferrell, Jones and Lewis",FinTech,Expansion,19,4,13555.52,Closed‑Won
A00088,Anderson-Bailey,EdTech,New,21,23,7170.56,Negotiation
A00089,Suarez LLC,Logistics,Expansion,21,16,18288.96,Closed‑Won
A00090,Moore-Bass,Logistics,New,27,37,18918.85,Closed‑Won
A00091,"Turner, Riggs and Roman",MarTech,New,18,49,19150.26,On‑Hold
A00092,"Smith, Montoya and Evans",Logistics,Expansion,13,14,15192.24,Closed‑Won
A00093,"Garcia, Humphrey and Baker",Logistics,New,19,46,18676.77,Closed‑Won
A00094,Newton and Sons,MarTech,Expansion,31,35,6807.55,Negotiation
A00095,Campbell-Clark,SMB SaaS,New,15,49,11746.11,Closed‑Won
A00096,Harris-Walters,EdTech,New,6,5,12363.85,Closed‑Won
A00097,Wagner-King,HealthTech,Expansion,35,59,11285.05,Closed‑Won
A00098,Davis Group,CyberSecurity,New,11,26,19542.85,Closed‑Lost
A00099,Williams-Cook,CyberSecurity,New,24,17,16157.73,Closed‑Won
A00100,Walsh LLC,HealthTech,New,30,11,15307.16,Closed‑Won
A00101,Figueroa PLC,Logistics,New,14,59,22681.32,On‑Hold
A00102,"Patterson, Smith and Jones",HealthTech,Expansion,16,53,6142.25,Closed‑Won
A00103,"Mckee, Gardner and Davenport",Logistics,New,14,8,14060.62,Closed‑Won
A00104,"Tran, Jordan and Williams",FinTech,New,10,27,11647.7,Closed‑Won
A00105,Nolan-Flynn,Logistics,Expansion,10,44,5106.96,Closed‑Won
A00106,Nolan and Sons,Logistics,New,11,35,17783.91,Closed‑Won
A00107,"Wright, Garcia and Deleon",Logistics,Expansion,19,12,17356.71,Negotiation
A00108,Dickson-Brady,CyberSecurity,New,21,22,14869.69,Closed‑Lost
A00109,Hancock and Sons,MarTech,New,6,22,15984.69,Negotiation
A00110,Johnson-Doyle,CyberSecurity,Expansion,31,18,15380.54,Closed‑Won
A00111,Patton-Jenkins,EdTech,New,26,57,12217.14,Closed‑Won
A00112,"Shields, Cochran and Adams",Logistics,New,8,12,15900.28,Closed‑Won
A00113,"Rodriguez, Brennan and Garrison",E‑Commerce,New,31,42,19012.7,Negotiation
A00114,Gonzalez Group,MarTech,Expansion,6,54,13341.39,Closed‑Won
A00115,Torres-Pope,E‑Commerce,Expansion,22,47,10421.3,Closed‑Won
A00116,Walker Ltd,E‑Commerce,New,19,48,12976.0,Negotiation
A00117,Ross LLC,FinTech,New,21,10,14556.49,Closed‑Lost
A00118,Rasmussen LLC,HealthTech,Expansion,34,8,19662.73,Closed‑Won
A00119,May-Ross,HealthTech,New,33,47,21345.71,Closed‑Won
A00120,"Rivera, Johnson and Wiley",FinTech,New,14,45,13292.88,Closed‑Won
A00121,White-Estes,MarTech,New,23,44,16095.01,Closed‑Won
A00122,Johnson-Carlson,CyberSecurity,New,34,25,17544.95,Closed‑Won
A00123,Chandler-Edwards,CyberSecurity,Expansion,27,31,12533.7,Closed‑Won
A00124,"Joyce, Wilson and Lam",MarTech,Expansion,32,1,17950.28,Closed‑Won
A00125,Scott Ltd,Logistics,Expansion,19,18,6634.02,Closed‑Won
A00126,Smith-Frost,E‑Commerce,New,14,32,14625.5,Closed‑Won
A00127,"Mcdaniel, Bentley and Mclaughlin",FinTech,New,21,8,10505.38,Closed‑Won
A00128,Diaz Inc,Logistics,New,30,8,16241.42,Closed‑Won
A00129,"Mccall, Hanson and Alvarado",E‑Commerce,New,33,3,12334.47,Closed‑Won
A00130,Cortez LLC,CyberSecurity,New,26,13,17484.65,Closed‑Won
A00131,"Parker, Ortiz and Powell",E‑Commerce,New,27,59,11979.63,Closed‑Won
A00132,Spencer-Lee,E‑Commerce,New,21,42,8902.23,Closed‑Won
A00133,"Bentley, Byrd and Orr",FinTech,New,15,56,10234.7,Closed‑Won
A00134,"Carroll, Sullivan and Bass",E‑Commerce,Expansion,18,16,11029.14,Closed‑Won
A00135,Mitchell-Jordan,Logistics,New,20,36,19987.67,Closed‑Won
A00136,"Lawson, Morris and Ramos",EdTech,New,30,53,16583.04,Closed‑Won
A00137,"Lewis, Kennedy and Santana",E‑Commerce,Expansion,22,21,21883.41,On‑Hold
A00138,"Jackson, Miller and Robertson",FinTech,Expansion,29,39,17986.24,Closed‑Won
A00139,"Harvey, Davis and Crane",EdTech,Expansion,6,41,16184.21,Closed‑Won
A00140,Chambers and Sons,MarTech,New,28,50,23650.09,Closed‑Won
A00141,Hernandez Inc,SMB SaaS,Expansion,21,58,15332.51,Closed‑Won
A00142,Riggs PLC,HealthTech,New,35,37,15660.55,Closed‑Won
A00143,Gibson Ltd,EdTech,New,20,35,12370.1,Negotiation
A00144,"Lee, Horton and Snyder",MarTech,New,20,52,16277.54,Closed‑Won
A00145,Hernandez Ltd,SMB SaaS,New,9,41,18846.62,Closed‑Won
A00146,Stafford Inc,Logistics,New,30,22,17954.4,Closed‑Won
A00147,Robinson-Brock,FinTech,New,27,38,14345.07,Closed‑Won
A00148,"Holmes, Williams and Wright",HealthTech,Expansion,31,33,9271.23,Closed‑Won
A00149,Bryant Group,Logistics,New,8,14,13112.46,Closed‑Won
A00150,"Schmidt, Hansen and Stewart",FinTech,New,12,31,9338.21,Closed‑Won
A00151,Salazar-Ball,Logistics,New,32,37,15387.81,Closed‑Won
A00152,"Simmons, Meadows and Griffin",EdTech,New,7,54,17727.4,Closed‑Won
A00153,Manning Group,SMB SaaS,New,21,35,8278.62,Closed‑Won
A00154,Green-Wright,EdTech,New,18,10,8758.66,Closed‑Won
A00155,"Ramirez, Strickland and Washington",MarTech,New,34,59,20076.21,Negotiation
A00156,Hill Inc,CyberSecurity,Expansion,31,35,15564.44,Closed‑Won
A00157,"Mitchell, Nelson and Flores",HealthTech,Expansion,32,17,14388.56,Closed‑Won
A00158,"Miller, Hernandez and Reyes",E‑Commerce,New,14,45,8142.08,Closed‑Lost
A00159,Mccarthy Inc,E‑Commerce,New,23,23,12277.01,Closed‑Won
A00160,Russell-Daniels,Logistics,Expansion,27,22,15930.35,Closed‑Won
A00161,Brown-Wall,SMB SaaS,Expansion,35,50,17204.74,Negotiation
A00162,Stein-Silva,CyberSecurity,New,6,52,13783.2,Closed‑Won
A00163,"Smith, Gilmore and Johnston",MarTech,Expansion,35,31,13845.41,Negotiation
A00164,Smith-Bell,MarTech,Expansion,16,23,14382.01,Closed‑Won
A00165,Castaneda-Ashley,MarTech,Expansion,9,51,11496.04,Closed‑Won
A00166,Medina-Navarro,Logistics,New,24,11,11104.7,Closed‑Won
A00167,"Hurst, Freeman and Nelson",EdTech,New,29,45,16766.28,Closed‑Won
A00168,Johnson-Rogers,HealthTech,New,9,35,20195.96,Closed‑Won
A00169,"Yates, Ramsey and Pittman",EdTech,New,7,51,20796.09,Closed‑Won
A00170,Hooper PLC,FinTech,New,32,25,14703.67,Closed‑Won
A00171,Meadows PLC,FinTech,New,34,50,13652.18,Closed‑Won
A00172,"Alvarado, Miller and Patterson",FinTech,New,10,1,12506.65,Closed‑Won
A00173,White-Green,Logistics,New,33,45,9202.08,Closed‑Won
A00174,Lewis-Murphy,CyberSecurity,Expansion,33,5,5403.57,On‑Hold
A00175,Ramirez-Bean,CyberSecurity,New,35,38,15946.03,Closed‑Won
A00176,King-Miller,MarTech,New,12,12,12033.98,Closed‑Won
A00177,Curry Inc,CyberSecurity,Expansion,23,57,6378.2,Closed‑Won
A00178,Walker-Jones,HealthTech,Expansion,35,46,20945.8,Closed‑Lost
A00179,"Williams, Johnson and Wright",SMB SaaS,Expansion,33,7,12529.34,Closed‑Won
A00180,Howell and Sons,E‑Commerce,Expansion,24,53,23078.97,Closed‑Won
A00181,Wells Inc,SMB SaaS,Expansion,11,15,14188.44,Closed‑Won
A00182,"Gould, Marshall and Scott",HealthTech,New,8,33,11837.77,Negotiation
A00183,Jackson-Lawson,MarTech,New,13,6,13486.51,Closed‑Won
A00184,"Higgins, Strickland and Martin",CyberSecurity,New,7,7,10961.18,Negotiation
A00185,Rodriguez-Johnson,MarTech,New,11,15,14969.96,Closed‑Won
A00186,Johnston-Odonnell,MarTech,Expansion,8,32,10331.75,Negotiation
A00187,Sanders-Espinoza,HealthTech,New,28,33,14663.9,Negotiation
A00188,Vargas Ltd,MarTech,New,23,51,13818.63,Closed‑Won
A00189,Garcia LLC,HealthTech,New,21,10,9404.85,Closed‑Won
A00190,"Burke, Martinez and Riggs",EdTech,New,30,45,15159.72,Closed‑Won
A00191,Reed Group,CyberSecurity,New,18,1,19409.95,Closed‑Won
A00192,"Wood, Hunter and Peterson",CyberSecurity,New,18,18,14829.28,Closed‑Won
A00193,Short-Garcia,E‑Commerce,Expansion,12,11,10752.42,Closed‑Won
A00194,Reid-Poole,EdTech,New,19,8,16026.86,Closed‑Won
A00195,"Hernandez, Thompson and Boyd",SMB SaaS,Expansion,11,35,9192.68,On‑Hold
A00196,"Nelson, Morton and Medina",FinTech,New,23,54,14367.41,Closed‑Won
A00197,Marshall-Petersen,EdTech,New,35,40,15763.85,Closed‑Lost
A00198,"Adams, Christian and Rivas",FinTech,New,21,51,5564.22,Negotiation
A00199,Ramirez Group,EdTech,Expansion,14,35,9640.69,Closed‑Lost
A00200,Christensen PLC,SMB SaaS,New,26,4,17379.68,Closed‑Won
A00201,"Barnett, Rogers and Snyder",EdTech,Expansion,30,21,12190.92,Negotiation
A00202,White-Lewis,SMB SaaS,New,20,49,13337.35,Closed‑Won
A00203,Peterson-Beard,MarTech,New,13,3,13956.28,Closed‑Won
A00204,"Beard, Peters and Black",CyberSecurity,Expansion,27,6,19803.83,Negotiation
A00205,Miller Ltd,MarTech,New,11,50,11973.57,Closed‑Lost
A00206,Freeman-Chang,EdTech,New,35,4,23785.94,Closed‑Won
A00207,"Alvarez, Joseph and West",Logistics,Expansion,15,57,15065.48,Closed‑Won
A00208,Davis and Sons,SMB SaaS,New,16,45,17482.52,Closed‑Won
A00209,Holt-Torres,EdTech,New,27,40,19321.5,Closed‑Won
A00210,"Wood, Tran and Cooper",Logistics,New,6,32,18725.02,Closed‑Lost
A00211,"Pierce, Bell and Chavez",EdTech,New,12,6,12925.55,Closed‑Won
A00212,King-Martinez,CyberSecurity,Expansion,9,25,16507.7,Closed‑Won
A00213,Stewart Ltd,Logistics,Expansion,17,48,9153.12,Closed‑Won
A00214,"Tapia, Vaughn and Lee",MarTech,New,22,54,16711.68,Closed‑Won
A00215,"Washington, Hardy and Bray",CyberSecurity,Expansion,11,27,11409.89,Closed‑Won
A00216,"Carlson, Hooper and Wall",EdTech,New,16,50,18957.84,Closed‑Won
A00217,Perez-White,FinTech,New,29,46,20473.75,Closed‑Lost
A00218,Erickson and Sons,FinTech,New,34,4,15588.28,Negotiation
A00219,Williams-Brown,MarTech,Expansion,6,37,16935.78,Closed‑Won
A00220,Terry-Martinez,SMB SaaS,New,24,37,15164.31,Closed‑Won
A00221,Garcia-Smith,HealthTech,New,6,33,14862.08,Closed‑Won
A00222,Harrison-Alexander,MarTech,New,21,46,20246.16,Closed‑Won
A00223,Sheppard LLC,CyberSecurity,Expansion,32,53,13452.33,Closed‑Won
A00224,Wilson-Jones,HealthTech,New,29,33,9714.35,Closed‑Won
A00225,Jones-Soto,CyberSecurity,New,12,19,22721.35,Closed‑Won
A00226,Hernandez PLC,EdTech,Expansion,13,58,9317.54,Closed‑Won
A00227,Miller-Wright,Logistics,New,29,57,9348.42,Closed‑Won
A00228,"Duran, Obrien and Gibbs",E‑Commerce,New,30,41,14545.1,On‑Hold
A00229,Rowe Group,E‑Commerce,New,14,38,22709.36,Closed‑Won
A00230,Kerr-Evans,HealthTech,New,6,7,9761.97,Closed‑Won
A00231,"Branch, Torres and Oliver",MarTech,New,19,24,12849.0,Closed‑Won
A00232,"Choi, Garcia and Farmer",Logistics,Expansion,24,12,17989.43,Closed‑Won
A00233,"Clark, Guerrero and Moore",FinTech,New,19,31,13649.49,Negotiation
A00234,Arnold and Sons,Logistics,New,34,49,17432.36,Closed‑Won
A00235,Ortiz Ltd,MarTech,Expansion,30,14,18205.48,Closed‑Won
A00236,"Harrison, Johnson and Roberts",CyberSecurity,New,29,59,14544.14,Closed‑Won
A00237,Warner-Gibson,CyberSecurity,New,6,8,13079.17,On‑Hold
A00238,"Hall, Baker and Moody",MarTech,Expansion,31,6,12637.01,Closed‑Won
A00239,"Guerrero, Peck and Coleman",EdTech,New,28,58,12966.57,Closed‑Won
A00240,"Walker, Hernandez and Baker",CyberSecurity,Expansion,17,6,14319.45,Closed‑Won
A00241,Jones and Sons,HealthTech,Expansion,23,44,11250.52,Closed‑Won
A00242,Larson-Holloway,E‑Commerce,New,30,46,15034.36,Closed‑Won
A00243,Gonzales-Harrison,FinTech,New,33,20,14578.44,Closed‑Won
A00244,Lyons-Bender,CyberSecurity,New,22,4,10482.65,Closed‑Won
A00245,"Fernandez, Kim and George",CyberSecurity,New,7,19,12801.77,Closed‑Won
A00246,Navarro-Munoz,FinTech,New,24,5,17985.0,Closed‑Won
A00247,Davis Ltd,Logistics,New,26,40,17975.88,Closed‑Won
A00248,"Matthews, Smith and Hubbard",MarTech,Expansion,7,53,11656.85,Negotiation
A00249,Johnston-Hines,Logistics,Expansion,30,59,12939.16,Closed‑Won
A00250,Ruiz Ltd,FinTech,Expansion,12,48,12009.83,Closed‑Won
A00251,Moon-White,HealthTech,New,32,46,9864.24,Closed‑Won
A00252,"Graham, Olsen and Costa",MarTech,New,22,53,13211.21,Closed‑Won
A00253,Bailey-Cook,HealthTech,New,15,46,11103.3,Closed‑Won
A00254,"Garcia, Martin and Jenkins",EdTech,New,7,39,23608.29,Closed‑Won
A00255,Roberts-Landry,CyberSecurity,Expansion,6,59,11075.42,Closed‑Won
A00256,"Johnson, Miller and King",HealthTech,New,28,20,12813.63,Closed‑Won
A00257,Cordova Group,CyberSecurity,New,17,25,18514.31,Closed‑Won
A00258,"Bryan, Smith and Booth",FinTech,Expansion,31,54,14630.91,Closed‑Won
A00259,Gutierrez-Lopez,HealthTech,New,12,19,20840.73,Closed‑Won
A00260,Dean-Jimenez,E‑Commerce,New,33,18,5652.96,Closed‑Won
A00261,Wolf-Harris,Logistics,New,34,9,15599.26,Closed‑Won
A00262,"Anderson, Roberts and Gilmore",HealthTech,New,9,17,16515.19,Closed‑Won
A00263,Martinez-Dudley,EdTech,Expansion,25,36,9934.83,Closed‑Won
A00264,"Lloyd, Mckinney and Collins",SMB SaaS,New,34,53,15125.54,Negotiation
A00265,Tran Inc,SMB SaaS,Expansion,15,9,10176.88,Negotiation
A00266,Gay Inc,E‑Commerce,Expansion,8,41,15278.43,Closed‑Won
A00267,Valentine-Holland,MarTech,Expansion,32,46,22341.29,Closed‑Lost
A00268,Jimenez Ltd,EdTech,New,20,53,14220.83,Closed‑Won
A00269,Hicks-Hill,E‑Commerce,New,6,45,14813.85,Closed‑Won
A00270,Baird-Sanchez,E‑Commerce,Expansion,31,10,18190.75,Closed‑Won
A00271,"Thomas, Lee and Greene",EdTech,New,26,29,21048.11,Closed‑Won
A00272,"Suarez, Shields and Hill",FinTech,New,8,57,17326.72,Closed‑Lost
A00273,Morgan-French,HealthTech,Expansion,13,54,10492.04,Closed‑Won
A00274,Hoover-Campbell,SMB SaaS,New,6,37,13547.88,Negotiation
A00275,Monroe-Carpenter,MarTech,Expansion,34,57,14375.01,Closed‑Won
A00276,"Burns, Hernandez and Ryan",MarTech,Expansion,6,40,15295.02,Closed‑Won
A00277,Cook-Hines,MarTech,Expansion,29,4,10166.19,Closed‑Won
A00278,Gibson-Morris,Logistics,New,21,54,15476.09,Closed‑Lost
A00279,Pollard and Sons,FinTech,Expansion,23,10,19887.27,Closed‑Won
A00280,"Reyes, Chase and Jenkins",FinTech,New,30,23,7661.5,Closed‑Won
A00281,Garner-Thornton,EdTech,Expansion,32,15,14041.71,Closed‑Won
A00282,Hughes-Alvarado,MarTech,Expansion,9,43,16691.53,Closed‑Won
A00283,"Pollard, Simpson and Johnson",CyberSecurity,Expansion,6,2,20974.73,Closed‑Won
A00284,"Sanford, Rivera and Garcia",MarTech,New,9,38,13561.75,Closed‑Won
A00285,Garcia-Lozano,MarTech,New,26,51,6393.45,Closed‑Won
A00286,Bowen Group,SMB SaaS,New,23,47,14690.07,Closed‑Won
A00287,"Booker, Jones and Harrington",HealthTech,New,8,19,12694.86,Closed‑Won
A00288,Morgan-Schwartz,E‑Commerce,New,13,53,17717.33,Closed‑Won
A00289,"Miller, Murphy and Craig",E‑Commerce,New,22,22,16098.49,Closed‑Won
A00290,"James, Stewart and Higgins",MarTech,New,27,41,17928.16,Closed‑Won
A00291,Brennan-Johnson,Logistics,Expansion,16,30,13597.67,Closed‑Won
A00292,Young Ltd,EdTech,Expansion,34,4,20984.72,Closed‑Won
A00293,Bright-Francis,SMB SaaS,New,35,1,15597.87,Closed‑Won
A00294,Good-Hodges,EdTech,Expansion,28,11,13295.68,Closed‑Won
A00295,"Brennan, Wallace and Benson",E‑Commerce,New,19,56,14647.47,Closed‑Won
A00296,Williams Inc,E‑Commerce,New,32,57,17037.77,Negotiation
A00297,Howard-Jordan,Logistics,New,27,25,15298.18,Negotiation
A00298,Schmidt PLC,MarTech,Expansion,21,58,19217.85,Closed‑Won
A00299,"Sparks, Jackson and Miller",EdTech,Expansion,19,3,16154.37,Closed‑Won
A00300,Harvey-Allen,FinTech,Expansion,30,58,13506.71,Closed‑Won
A00301,"Thomas, Murray and King",EdTech,Expansion,22,14,16920.07,Negotiation
A00302,Estrada-Nolan,Logistics,Expansion,11,3,24210.34,Closed‑Won
A00303,Santana-Byrd,FinTech,New,35,45,16477.51,Closed‑Won
A00304,Jones LLC,SMB SaaS,New,8,23,13790.71,Closed‑Won
A00305,"Evans, Hayden and Vaughn",E‑Commerce,New,26,18,12701.03,Closed‑Won
A00306,Bruce-Gonzalez,HealthTech,Expansion,25,45,16595.61,Closed‑Won
A00307,Castaneda-Rodriguez,EdTech,New,23,20,23250.49,Closed‑Won
A00308,Armstrong-Andrews,E‑Commerce,New,7,45,11042.1,Closed‑Won
A00309,"Phillips, Spence and Barrett",EdTech,Expansion,20,12,16156.88,Closed‑Won
A00310,Smith-Grimes,FinTech,New,32,6,20131.68,Closed‑Won
A00311,"Beltran, Lozano and Mcgee",CyberSecurity,Expansion,13,20,15680.2,Closed‑Won
A00312,Parsons-Hall,CyberSecurity,New,26,36,18484.27,Closed‑Won
A00313,Robinson-Lee,FinTech,Expansion,31,14,11476.68,Closed‑Won
A00314,Byrd-Le,EdTech,Expansion,34,9,15964.19,Closed‑Won
A00315,"Becker, Taylor and Davis",HealthTech,New,21,45,10415.47,Negotiation
A00316,"Lucas, Parker and Alexander",CyberSecurity,Expansion,15,30,14051.88,Closed‑Won
A00317,"Diaz, Anderson and Browning",CyberSecurity,New,26,26,13374.98,Closed‑Won
A00318,Burgess-Thompson,CyberSecurity,New,20,15,11397.64,Closed‑Won
A00319,Buchanan LLC,SMB SaaS,New,24,2,5724.43,Negotiation
A00320,"Shaw, Nelson and Martin",Logistics,Expansion,28,4,11131.43,Closed‑Won
A00321,Coffey-Phillips,EdTech,New,27,41,11138.28,Closed‑Won
A00322,Brock-Mcdonald,FinTech,New,13,5,23143.8,On‑Hold
A00323,Taylor and Sons,E‑Commerce,Expansion,28,15,11692.2,Negotiation
A00324,"Ramsey, Whitney and Coffey",SMB SaaS,New,22,54,21352.78,Negotiation
A00325,"Diaz, Gibbs and Smith",SMB SaaS,New,33,21,21582.99,Closed‑Won
A00326,"Martinez, Richardson and Curry",HealthTech,New,25,44,17076.07,Negotiation
A00327,Richards-Carson,HealthTech,New,32,21,15861.7,Closed‑Won
A00328,Rodriguez-Hall,FinTech,Expansion,35,55,5324.14,Closed‑Won
A00329,Harvey PLC,HealthTech,New,35,49,16522.39,Closed‑Won
A00330,Herman-Walker,E‑Commerce,New,28,28,11476.79,Closed‑Won
A00331,Reid Group,E‑Commerce,Expansion,23,41,14078.39,Closed‑Won
A00332,"Turner, Ortiz and Taylor",EdTech,New,9,25,11813.81,Closed‑Won
A00333,Torres Group,EdTech,Expansion,17,56,18543.7,Closed‑Won
A00334,Davis PLC,Logistics,New,20,22,20034.61,Closed‑Won
A00335,Price LLC,MarTech,Expansion,29,50,25060.77,Closed‑Won
A00336,"Avery, Horton and Fernandez",Logistics,Expansion,23,37,12414.26,Closed‑Won
A00337,"Newton, Moore and Perry",SMB SaaS,Expansion,19,38,15661.15,Closed‑Won
A00338,Bass PLC,EdTech,New,10,21,17704.11,Closed‑Won
A00339,Crosby-Ramirez,HealthTech,New,27,50,18289.43,Closed‑Won
A00340,"Wood, Ramos and Sampson",SMB SaaS,Expansion,18,45,17812.89,Closed‑Won
A00341,Garcia-Jennings,CyberSecurity,New,7,49,16395.24,Closed‑Won
A00342,"Winters, Newman and Brown",EdTech,New,14,48,10821.22,Negotiation
A00343,Lopez-Martinez,E‑Commerce,New,32,10,22322.82,On‑Hold
A00344,Davis-Lewis,E‑Commerce,Expansion,9,52,20514.19,Closed‑Won
A00345,"Harper, Smith and Buchanan",SMB SaaS,Expansion,18,50,16552.06,Closed‑Won
A00346,Zhang PLC,EdTech,New,21,15,12393.11,On‑Hold
A00347,Jones PLC,SMB SaaS,Expansion,8,58,10443.49,Closed‑Won
A00348,Willis and Sons,SMB SaaS,New,10,32,2765.33,Closed‑Won
A00349,Schroeder-Kramer,HealthTech,New,34,19,13055.66,Closed‑Won
A00350,"Smith, Garrison and Thomas",HealthTech,New,23,14,17586.67,Closed‑Won
A00351,Fernandez and Sons,E‑Commerce,New,12,22,20931.68,Closed‑Won
A00352,Guerrero Inc,FinTech,New,11,3,13913.09,Closed‑Lost
A00353,Smith and Sons,EdTech,Expansion,18,41,17961.22,Closed‑Won
A00354,"Morris, Thompson and Williams",MarTech,Expansion,27,42,18366.7,Closed‑Won
A00355,"Fisher, Wilson and Brown",SMB SaaS,New,27,40,20115.38,Closed‑Won
A00356,Strickland-Palmer,SMB SaaS,New,11,33,5377.33,Closed‑Won
A00357,Hayes and Sons,HealthTech,New,27,22,15924.11,Closed‑Won
A00358,"Williams, Logan and Camacho",SMB SaaS,Expansion,32,43,10250.23,Closed‑Won
A00359,"Turner, Schneider and Johnson",FinTech,Expansion,12,52,8698.16,Closed‑Won
A00360,Boone-Simmons,CyberSecurity,Expansion,6,6,15901.16,Closed‑Won
A00361,Henry Group,Logistics,New,34,23,13898.66,Closed‑Won
A00362,Lam LLC,SMB SaaS,New,21,59,7483.83,Closed‑Won
A00363,"Hernandez, Martinez and Weber",HealthTech,New,29,51,20317.07,Closed‑Won
A00364,"Kelley, Nguyen and Vang",SMB SaaS,New,15,59,18086.9,Closed‑Won
A00365,"Phillips, Wagner and Jordan",FinTech,New,14,11,21710.82,Closed‑Won
A00366,"Wilson, Pena and Rich",E‑Commerce,New,12,28,10195.11,Closed‑Won
A00367,"Le, Lewis and Hayes",MarTech,Expansion,12,8,15003.66,Closed‑Won
A00368,Gutierrez Group,EdTech,New,20,52,4609.31,Closed‑Won
A00369,Perry-Davis,FinTech,New,9,31,14202.81,Negotiation
A00370,Edwards-Scott,Logistics,Expansion,31,15,12197.84,Negotiation
A00371,Mcdaniel Group,EdTech,New,21,6,19008.02,On‑Hold
A00372,Davis Inc,CyberSecurity,Expansion,33,44,12688.18,Closed‑Won
A00373,Reynolds Ltd,MarTech,New,21,48,17535.47,Closed‑Won
A00374,"Watson, Anderson and Brown",EdTech,Expansion,15,52,12042.93,Closed‑Won
A00375,"Hoffman, Santiago and Jenkins",SMB SaaS,New,21,58,21319.3,Negotiation
A00376,"Pugh, Henderson and Moon",FinTech,New,10,49,7961.75,Closed‑Won
A00377,Schmitt PLC,CyberSecurity,Expansion,30,47,13648.24,Closed‑Won
A00378,Bell-Lane,CyberSecurity,New,27,48,15708.27,Negotiation
A00379,Moore Group,MarTech,New,10,59,15334.1,Closed‑Won
A00380,Boone LLC,EdTech,New,23,28,17389.07,Closed‑Won
A00381,"Richardson, Farmer and Andrews",FinTech,New,22,45,10422.67,Closed‑Won
A00382,Bruce-Villegas,SMB SaaS,Expansion,12,49,15421.23,Closed‑Lost
A00383,"Austin, Day and Johnson",SMB SaaS,New,9,7,17273.91,Closed‑Won
A00384,"Gallegos, Adams and White",HealthTech,New,28,41,11683.23,Closed‑Won
A00385,"Farmer, Dorsey and Bell",FinTech,New,13,20,7531.14,Closed‑Won
A00386,Kane PLC,FinTech,Expansion,21,8,10928.82,Closed‑Won
A00387,"Morales, Thomas and Schultz",FinTech,New,13,11,23848.88,Closed‑Won
A00388,Davis PLC,Logistics,New,25,7,23006.69,Closed‑Won
A00389,Bennett Group,SMB SaaS,Expansion,7,53,18133.63,Closed‑Won
A00390,Moore-Collins,HealthTech,New,16,46,13139.72,Closed‑Won
A00391,Frank-Bradley,CyberSecurity,Expansion,22,7,17646.66,Closed‑Won
A00392,Ware and Sons,HealthTech,New,19,37,18125.26,Closed‑Won
A00393,Webster Inc,EdTech,New,24,39,11297.42,Negotiation
A00394,"Miller, Ramos and Coleman",E‑Commerce,New,11,31,13586.33,Negotiation
A00395,"Ramos, Nelson and Fischer",CyberSecurity,Expansion,19,36,15213.99,Closed‑Won
A00396,Reed Inc,Logistics,New,28,54,14816.45,On‑Hold
A00397,Gregory-Watkins,FinTech,New,16,31,15262.34,Closed‑Won
A00398,"Estrada, Williams and Foster",HealthTech,New,10,39,23183.1,Closed‑Won
A00399,"Brown, Harris and Dougherty",EdTech,New,31,34,15986.21,Closed‑Won
A00400,Duran LLC,EdTech,New,29,24,11403.03,Closed‑Won
A00401,Wilson-Jimenez,SMB SaaS,New,26,53,10300.76,Closed‑Won
A00402,Thompson-James,Logistics,New,29,25,14456.68,Closed‑Won
A00403,"Hall, Hansen and Barnett",EdTech,New,29,48,12978.53,Closed‑Won
A00404,Jones-Hensley,SMB SaaS,New,28,36,15211.17,Closed‑Won
A00405,Graham Group,MarTech,New,21,41,15895.01,Closed‑Won
A00406,Atkins PLC,E‑Commerce,New,6,45,16455.21,On‑Hold
A00407,Berry-Mckinney,MarTech,New,23,44,11989.71,Closed‑Won
A00408,Roberts-Sullivan,HealthTech,New,14,34,17832.88,Closed‑Won
A00409,Jackson-Meza,SMB SaaS,New,29,37,11217.06,On‑Hold
A00410,Collier-Gillespie,FinTech,New,20,31,7790.42,Closed‑Won
A00411,Kim Inc,HealthTech,New,33,21,14440.54,Closed‑Won
A00412,Graham Group,HealthTech,New,23,43,18577.56,Closed‑Won
A00413,"Miller, Harrell and Reese",EdTech,Expansion,22,52,11547.61,Closed‑Won
A00414,Cook and Sons,HealthTech,New,33,42,12848.23,Negotiation
A00415,Dixon Inc,FinTech,Expansion,20,46,13731.98,Closed‑Won
A00416,"Hicks, Bullock and Bailey",CyberSecurity,New,17,49,12621.22,Closed‑Won
A00417,"Mullen, Brewer and Hernandez",SMB SaaS,Expansion,17,22,20874.0,Closed‑Won
A00418,Thomas and Sons,FinTech,New,32,4,16754.39,Closed‑Won
A00419,Morrison Ltd,EdTech,New,28,20,13847.82,Closed‑Won
A00420,Thompson Ltd,E‑Commerce,New,10,45,13604.03,Closed‑Won
A00421,Marshall-Elliott,SMB SaaS,Expansion,20,49,19301.41,Closed‑Won
A00422,"Cole, Glass and Cunningham",CyberSecurity,New,17,31,18594.15,Closed‑Won
A00423,"Downs, Morris and Maddox",Logistics,New,25,46,9959.04,Closed‑Won
A00424,Hernandez-Jones,E‑Commerce,New,7,5,12335.86,Closed‑Won
A00425,Welch-Hogan,MarTech,Expansion,27,39,17639.23,Closed‑Won
A00426,"Brown, Romero and Collins",HealthTech,New,28,41,15340.57,Closed‑Won
A00427,Johnson-Wood,Logistics,New,12,30,21480.72,Closed‑Won
A00428,Jones-Lin,Logistics,New,10,43,9900.28,Closed‑Won
A00429,Gilbert PLC,FinTech,Expansion,24,29,10253.54,Closed‑Won
A00430,Ford-Spencer,CyberSecurity,New,13,31,10431.98,Closed‑Won
A00431,"Huang, Cole and Pacheco",FinTech,New,34,36,13461.67,Closed‑Won
A00432,"Lopez, Jacobs and Mason",CyberSecurity,Expansion,29,47,12882.42,Closed‑Won
A00433,Hayes LLC,Logistics,New,34,15,2575.19,Closed‑Won
A00434,"Miller, Lucas and Williams",HealthTech,New,22,18,24130.61,Closed‑Won
A00435,"Kim, Gonzales and Mills",MarTech,New,34,25,13831.61,Closed‑Won
A00436,Cox LLC,FinTech,New,6,12,13070.35,Negotiation
A00437,Ortiz-Morgan,E‑Commerce,New,14,20,17085.07,Closed‑Won
A00438,"Williams, Mccoy and Cook",SMB SaaS,New,6,21,13803.06,Closed‑Won
A00439,Davis-Gregory,FinTech,Expansion,26,19,13931.13,On‑Hold
A00440,King-York,MarTech,Expansion,21,25,11827.27,Closed‑Won
A00441,"Marks, Cook and Aguilar",SMB SaaS,New,14,30,17207.2,Closed‑Won
A00442,Rangel LLC,EdTech,New,15,42,14314.44,Negotiation
A00443,"Hale, Myers and Larson",HealthTech,New,25,18,19653.7,Closed‑Lost
A00444,Collins Group,MarTech,Expansion,11,50,14467.18,Negotiation
A00445,"Conner, Li and Santiago",E‑Commerce,New,21,29,9396.27,Closed‑Won
A00446,"Osborn, Gaines and Davis",CyberSecurity,New,24,43,13863.0,Closed‑Won
A00447,"Henderson, Cox and Cox",EdTech,New,13,7,21586.6,Closed‑Won
A00448,Bean LLC,SMB SaaS,New,12,11,19237.7,Closed‑Won
A00449,Lee-Cooke,E‑Commerce,New,16,27,16705.97,Closed‑Won
A00450,Jones Inc,EdTech,Expansion,23,22,14296.68,Closed‑Won
A00451,"Wise, Conley and Stephenson",SMB SaaS,New,13,30,14484.78,Closed‑Won
A00452,Stanley PLC,SMB SaaS,Expansion,17,10,9332.75,Closed‑Won
A00453,Harper and Sons,MarTech,New,22,28,15261.13,Closed‑Won
A00454,White Ltd,FinTech,Expansion,11,41,20113.02,Closed‑Won
A00455,"Lamb, Martin and Kim",E‑Commerce,Expansion,23,43,13732.77,Closed‑Won
A00456,Diaz-Ball,E‑Commerce,Expansion,10,15,13747.08,Closed‑Won
A00457,Bishop-Goodwin,HealthTech,New,10,21,16403.61,Closed‑Won
A00458,Young-Allen,CyberSecurity,New,13,31,15383.13,Closed‑Won
A00459,Mckee-Lee,Logistics,New,14,31,23963.66,Negotiation
A00460,"Valentine, Joyce and Murray",FinTech,New,6,47,11039.15,Closed‑Won
A00461,Strickland-Shaw,CyberSecurity,New,34,24,20952.34,Closed‑Won
A00462,Burch-Montoya,HealthTech,Expansion,15,40,16032.49,Closed‑Won
A00463,"Taylor, Wright and Davidson",CyberSecurity,Expansion,30,53,20048.3,Closed‑Won
A00464,Spencer-Garcia,MarTech,New,33,18,17842.51,Closed‑Won
A00465,"Rosales, Mitchell and Hines",FinTech,New,30,49,12685.77,Closed‑Won
A00466,Cole-Palmer,SMB SaaS,Expansion,30,20,15650.14,Closed‑Won
A00467,Davis-Lozano,HealthTech,Expansion,9,20,15345.26,Closed‑Won
A00468,Wilkerson-Arias,E‑Commerce,New,17,39,11353.05,Negotiation
A00469,Brown-Shaw,HealthTech,New,28,37,13602.36,Closed‑Won
A00470,Hughes Inc,SMB SaaS,Expansion,23,33,20445.74,Closed‑Won
A00471,Walker-Flores,CyberSecurity,New,6,14,14082.68,Closed‑Won
A00472,Combs Ltd,Logistics,New,23,6,11734.45,Closed‑Won
A00473,Moody-Taylor,MarTech,Expansion,30,54,18376.08,Closed‑Won
A00474,Lowery-Kennedy,MarTech,Expansion,30,52,10480.67,Closed‑Won
A00475,Blake Group,CyberSecurity,Expansion,17,53,20662.27,Closed‑Won
A00476,Gilbert-Bullock,Logistics,Expansion,13,31,19427.36,Closed‑Won
A00477,Scott and Sons,Logistics,New,15,53,13155.63,Closed‑Won
A00478,"Bentley, Lynch and Henderson",FinTech,New,14,28,15921.36,Closed‑Won
A00479,Young-Martinez,CyberSecurity,New,16,5,11954.98,Closed‑Won
A00480,Barnes PLC,FinTech,New,15,12,12092.19,Closed‑Won
A00481,Brown-Copeland,EdTech,New,19,17,14099.11,Closed‑Won
A00482,Carlson-Smith,Logistics,New,7,23,16750.2,Closed‑Won
A00483,"Andrews, Higgins and Carter",EdTech,New,14,56,13808.33,Closed‑Won
A00484,Mendez and Sons,Logistics,Expansion,15,20,11064.88,Negotiation
A00485,"Butler, Beck and Miller",MarTech,New,10,37,11436.52,Closed‑Won
A00486,Jones-Fox,HealthTech,New,32,16,9251.71,Closed‑Won
A00487,"Hartman, Romero and Smith",EdTech,New,26,38,16512.07,Closed‑Won
A00488,Williams-Hughes,E‑Commerce,New,33,34,16506.29,On‑Hold
A00489,King-Smith,Logistics,Expansion,22,9,19575.04,Closed‑Won
A00490,Cooper Ltd,E‑Commerce,New,9,28,13133.16,Closed‑Won
A00491,"Fuller, Ingram and Moss",SMB SaaS,New,33,7,17769.12,Closed‑Won
A00492,Anderson-Bell,Logistics,Expansion,19,53,10274.61,Closed‑Won
A00493,Li-Thompson,Logistics,New,26,42,10794.33,Closed‑Won
A00494,"Marshall, Dominguez and Welch",E‑Commerce,New,17,56,7849.8,Negotiation
A00495,Brown Group,EdTech,New,20,52,14883.47,Closed‑Won
A00496,Carter Inc,MarTech,New,20,13,15378.48,Closed‑Won
A00497,Blackwell LLC,FinTech,New,14,42,10730.1,Closed‑Won
A00498,Robertson-Hays,EdTech,New,22,6,11992.08,Closed‑Won
A00499,"Kennedy, Johnson and Lucas",SMB SaaS,New,28,57,10651.5,Closed‑Won
A00500,Kelly-Norman,MarTech,New,6,47,15114.41,On‑Hold
A00501,"Rivera, Martinez and Richardson",FinTech,New,9,41,19138.27,Closed‑Won
A00502,Paul-Kline,CyberSecurity,New,31,59,17865.69,Closed‑Won
A00503,Morgan-Lopez,SMB SaaS,Expansion,23,50,15501.24,Closed‑Won
A00504,"Jimenez, Glass and Stone",Logistics,New,35,51,18297.86,Closed‑Won
A00505,Acosta Inc,EdTech,New,24,6,18474.47,Closed‑Won
A00506,Morrison-Short,MarTech,New,25,2,16088.72,Negotiation
A00507,"Carter, Garcia and Murphy",E‑Commerce,New,32,57,16483.56,Closed‑Won
A00508,Parker-Morrison,HealthTech,New,25,15,18564.04,Negotiation
A00509,Jackson-Wallace,EdTech,Expansion,15,26,12061.45,Negotiation
A00510,Williams-Berg,HealthTech,Expansion,21,3,11759.42,Closed‑Won
A00511,Mendez-Graham,SMB SaaS,New,13,37,14465.81,Closed‑Won
A00512,"Whitney, Gould and Jones",CyberSecurity,New,16,49,8345.62,Closed‑Won
A00513,"Sullivan, Palmer and Brady",Logistics,Expansion,26,50,12012.77,Closed‑Won
A00514,Cisneros and Sons,Logistics,New,10,35,16001.4,Closed‑Won
A00515,"Gregory, Kim and Martinez",SMB SaaS,New,26,40,17010.93,Closed‑Won
A00516,Osborne LLC,FinTech,New,23,31,14505.46,Closed‑Won
A00517,Reyes-Bradley,SMB SaaS,New,15,27,11734.62,Closed‑Won
A00518,"Hernandez, Cole and Watson",FinTech,Expansion,7,33,15699.25,Closed‑Won
A00519,Hines-Berry,MarTech,New,27,56,14339.06,Closed‑Won
A00520,"Richardson, Edwards and Ramirez",E‑Commerce,Expansion,30,15,4793.54,Closed‑Won
A00521,Johnson and Sons,EdTech,New,27,28,21744.18,Closed‑Lost
A00522,Holmes-Mcintyre,HealthTech,New,18,36,10623.1,On‑Hold
A00523,Green LLC,HealthTech,New,25,34,16701.8,Closed‑Won
A00524,"Griffin, Davies and Mitchell",Logistics,New,18,2,14666.13,Closed‑Won
A00525,Gonzalez-Taylor,EdTech,New,16,17,14257.62,Closed‑Won
A00526,Hayes Ltd,EdTech,New,15,39,16454.75,Closed‑Won
A00527,Osborn-Cochran,SMB SaaS,New,12,41,2000.0,Closed‑Won
A00528,Contreras-Mckinney,HealthTech,Expansion,35,44,13899.51,Closed‑Lost
A00529,"Daniels, Vance and York",SMB SaaS,New,25,59,13636.54,Negotiation
A00530,"Mckinney, Graves and Thompson",SMB SaaS,New,11,40,15035.48,Closed‑Won
A00531,Hicks-Martinez,E‑Commerce,New,31,35,6961.68,Closed‑Won
A00532,Conner and Sons,HealthTech,New,10,20,14689.07,Closed‑Won
A00533,Johnson-Spencer,HealthTech,Expansion,23,22,15996.48,Closed‑Won
A00534,Mcdonald-Bird,EdTech,Expansion,10,49,10944.49,Closed‑Won
A00535,Salazar Inc,E‑Commerce,Expansion,16,28,16838.58,Negotiation
A00536,Parker Ltd,HealthTech,New,25,43,8996.7,Negotiation
A00537,"Mendoza, Jenkins and Ortiz",MarTech,New,35,8,13256.54,Negotiation
A00538,"Jones, Compton and Day",FinTech,New,35,8,16203.36,Negotiation
A00539,Owens-Holmes,E‑Commerce,New,32,13,21484.13,Closed‑Won
A00540,Humphrey PLC,FinTech,New,13,12,9803.91,Closed‑Won
A00541,"Matthews, Saunders and Anderson",CyberSecurity,New,8,36,7593.17,Closed‑Won
A00542,"Bartlett, Brown and Martinez",FinTech,New,33,38,12543.34,Closed‑Won
A00543,Torres and Sons,HealthTech,New,33,33,17674.04,Closed‑Won
A00544,Donovan-Perez,HealthTech,New,14,18,18379.13,Closed‑Won
A00545,"Jacobson, Singleton and King",Logistics,Expansion,6,35,14636.09,Closed‑Won
A00546,"Huber, Hill and Weber",FinTech,Expansion,25,8,18293.47,Closed‑Won
A00547,"Ferguson, Shaw and Jackson",MarTech,New,8,28,12026.71,Negotiation
A00548,"Moore, Hopkins and Le",E‑Commerce,Expansion,7,10,9668.52,Closed‑Won
A00549,"Morgan, Bradshaw and Williams",E‑Commerce,New,34,5,13270.46,Closed‑Won
A00550,Miller Ltd,CyberSecurity,Expansion,20,10,14083.37,Closed‑Won
A00551,"Baker, Clark and Armstrong",Logistics,Expansion,9,7,13131.03,Closed‑Lost
A00552,"Fowler, Jimenez and Burton",MarTech,New,25,29,12139.18,Closed‑Lost
A00553,May-Turner,Logistics,Expansion,17,33,17018.71,Closed‑Won
A00554,Ballard Ltd,EdTech,Expansion,22,36,11480.93,Closed‑Won
A00555,Evans-Jones,SMB SaaS,Expansion,32,26,15861.18,Closed‑Won
A00556,Moore Group,E‑Commerce,Expansion,13,11,6624.69,Closed‑Won
A00557,Marshall-Peterson,CyberSecurity,New,25,2,13309.41,Closed‑Won
A00558,Edwards Ltd,SMB SaaS,New,30,43,23486.91,Closed‑Won
A00559,Gross-Valencia,Logistics,Expansion,18,58,16084.81,Closed‑Won
A00560,Anderson-Wood,Logistics,New,35,17,13392.26,Closed‑Won
A00561,"Rodriguez, Allen and Martinez",E‑Commerce,New,19,13,8826.0,Closed‑Won
A00562,Wright-Davis,FinTech,New,19,19,13036.71,Closed‑Won
A00563,Dougherty-Lin,MarTech,New,32,13,14736.63,Closed‑Won
A00564,Wright-Grimes,HealthTech,New,25,14,12679.49,Closed‑Won
A00565,Li PLC,SMB SaaS,Expansion,32,30,18504.18,Closed‑Won
A00566,"Edwards, Hines and Jimenez",HealthTech,New,29,47,4383.31,Closed‑Won
A00567,"Owens, Koch and Jimenez",HealthTech,Expansion,27,43,14681.31,Closed‑Won
A00568,Landry PLC,HealthTech,Expansion,13,57,15872.51,Closed‑Won
A00569,Levy-Lewis,CyberSecurity,New,17,22,10967.29,Closed‑Won
A00570,Williams-Campbell,E‑Commerce,New,31,30,22300.91,Closed‑Won
A00571,"Khan, Pena and Ruiz",SMB SaaS,New,24,23,14399.89,Negotiation
A00572,"Smith, Rodriguez and Anderson",MarTech,Expansion,14,3,19548.64,Closed‑Won
A00573,Luna-Gallagher,EdTech,Expansion,15,23,11605.3,Closed‑Won
A00574,Williams-Williams,FinTech,New,29,16,10027.23,Closed‑Won
A00575,"Lee, Tran and Jones",FinTech,New,11,29,20907.51,Negotiation
A00576,"Cole, Pierce and Bryan",EdTech,New,9,10,11269.11,Closed‑Won
A00577,"Becker, Wilson and Hester",SMB SaaS,New,28,44,17163.51,Closed‑Won
A00578,Brooks-Hatfield,E‑Commerce,Expansion,14,50,16558.13,Negotiation
A00579,"Mcmillan, Fischer and Gonzalez",SMB SaaS,Expansion,28,57,13219.37,Closed‑Won
A00580,"Morales, Williams and Williams",FinTech,New,22,6,13482.4,Closed‑Won
A00581,"Cook, Wells and Bryant",FinTech,Expansion,35,7,13828.24,Closed‑Won
A00582,"Barry, Taylor and Velazquez",Logistics,New,21,58,13392.77,Closed‑Won
A00583,Martin-Ewing,FinTech,Expansion,32,51,9359.43,Closed‑Won
A00584,"Kirby, Wheeler and Romero",FinTech,New,31,35,9790.42,Negotiation
A00585,"Patel, Erickson and Evans",MarTech,New,12,19,13935.66,Negotiation
A00586,Richardson Ltd,SMB SaaS,Expansion,35,31,12247.57,Closed‑Won
A00587,Whitney PLC,CyberSecurity,New,28,32,25704.05,Closed‑Won
A00588,Robles-Swanson,FinTech,New,9,50,12322.95,On‑Hold
A00589,"Soto, Carlson and Baker",Logistics,Expansion,6,32,18458.84,Closed‑Won
A00590,"Patton, Parsons and Lane",Logistics,New,14,2,16305.27,Closed‑Won
A00591,"Williams, Castillo and Warren",Logistics,New,6,42,18386.24,Closed‑Won
A00592,"Harvey, Randall and Hernandez",SMB SaaS,New,16,46,14640.27,Closed‑Won
A00593,"Allen, Armstrong and Graves",HealthTech,New,35,18,19245.68,Closed‑Won
A00594,Smith LLC,SMB SaaS,New,20,7,15314.87,Closed‑Won
A00595,Hernandez-Vaughn,EdTech,New,6,9,15374.67,Closed‑Won
A00596,Shaw-Carr,Logistics,Expansion,20,50,19139.99,Closed‑Won
A00597,Salas-Fitzgerald,E‑Commerce,New,12,27,20289.77,Closed‑Won
A00598,Thornton PLC,Logistics,New,31,32,15459.56,Closed‑Won
A00599,Hoffman Ltd,CyberSecurity,Expansion,8,57,12818.78,Closed‑Won
A00600,Fox-Edwards,CyberSecurity,New,29,4,10536.42,Closed‑Lost
A00601,Stevens PLC,E‑Commerce,Expansion,19,13,7858.73,Closed‑Won
A00602,Payne-Lowe,Logistics,New,6,50,9628.85,Closed‑Won
A00603,"Becker, Lara and Baker",CyberSecurity,Expansion,26,32,19184.22,Closed‑Won
A00604,Lee-Wright,HealthTech,New,19,2,14265.26,Closed‑Won
A00605,"Evans, David and Hendrix",Logistics,New,29,42,11763.44,Closed‑Won
A00606,Bush-Vaughn,E‑Commerce,Expansion,24,9,17734.7,Closed‑Won
A00607,Stewart-Bailey,EdTech,New,29,47,17169.47,Closed‑Won
A00608,"Hill, Martinez and Rhodes",E‑Commerce,New,19,48,15237.58,Closed‑Won
A00609,Huang-Foster,SMB SaaS,New,6,49,14297.51,Closed‑Won
A00610,Blevins-Ballard,Logistics,New,9,28,20953.18,Closed‑Won
A00611,Williams-Moses,Logistics,New,19,16,9405.8,Closed‑Won
A00612,Reed Group,MarTech,New,17,53,10194.7,Closed‑Won
A00613,"Scott, Mendoza and Harris",Logistics,New,29,33,17801.96,Closed‑Won
A00614,"Nelson, Hoffman and Nelson",MarTech,New,18,38,17838.34,Closed‑Won
A00615,Gilbert PLC,CyberSecurity,New,31,9,15825.96,Closed‑Won
A00616,Sanchez Ltd,CyberSecurity,New,11,37,15811.55,Closed‑Won
A00617,"Perez, Hall and Garcia",HealthTech,New,17,35,17425.25,Negotiation
A00618,Love-Garcia,EdTech,New,28,18,22234.05,Closed‑Won
A00619,Smith PLC,FinTech,New,9,46,8759.22,Closed‑Won
A00620,Russell Group,HealthTech,New,15,8,22856.44,Closed‑Won
A00621,Santos-Avila,MarTech,New,28,43,20463.99,Closed‑Won
A00622,Morris-Brewer,MarTech,New,23,57,8535.27,Closed‑Won
A00623,Pearson and Sons,HealthTech,New,29,34,19855.17,Closed‑Won
A00624,"Rodgers, Jefferson and Johnson",MarTech,New,21,7,14694.01,Closed‑Won
A00625,Butler and Sons,E‑Commerce,New,31,33,15304.04,Closed‑Won
A00626,Osborn Group,HealthTech,New,32,32,16951.64,Closed‑Won
A00627,Lopez-Curry,EdTech,Expansion,35,33,11122.25,Closed‑Won
A00628,Mcdowell-Smith,EdTech,New,9,17,12152.11,Negotiation
A00629,"Morrison, Hebert and Rogers",E‑Commerce,New,23,37,18853.4,Closed‑Won
A00630,Hays-Daniels,EdTech,New,9,16,18232.55,Closed‑Won
A00631,Small-Anderson,CyberSecurity,New,12,33,7802.62,Closed‑Won
A00632,"Mcdonald, Lee and Rodriguez",EdTech,New,15,36,21217.81,Closed‑Won
A00633,Simon Ltd,MarTech,New,25,39,14242.1,Closed‑Won
A00634,Higgins-Smith,MarTech,New,18,48,17166.85,Closed‑Won
A00635,Gibbs-Bradley,HealthTech,New,31,53,14373.6,Negotiation
A00636,Thompson Ltd,CyberSecurity,Expansion,14,46,14727.17,Closed‑Won
A00637,Wilcox-Robertson,HealthTech,Expansion,24,47,13597.54,Closed‑Won
A00638,Morales Inc,EdTech,New,28,52,15759.1,Closed‑Won
A00639,Holden Group,Logistics,New,35,15,17176.6,Negotiation
A00640,Boyle-Smith,SMB SaaS,Expansion,13,18,16854.7,Closed‑Won
A00641,Young-Molina,CyberSecurity,New,28,32,11468.19,Closed‑Won
A00642,Turner-Sharp,SMB SaaS,Expansion,8,28,15266.35,On‑Hold
A00643,Green LLC,Logistics,New,22,42,12701.05,Closed‑Won
A00644,"Young, Contreras and Marshall",MarTech,Expansion,18,1,12202.0,Closed‑Won
A00645,Sullivan PLC,Logistics,Expansion,34,9,16727.47,Closed‑Lost
A00646,"Carrillo, Vaughn and Fowler",EdTech,New,29,45,20575.62,Closed‑Won
A00647,Richardson-Walker,MarTech,New,33,49,17481.27,Closed‑Won
A00648,Mendoza Group,E‑Commerce,New,31,18,18672.0,Closed‑Won
A00649,"Zhang, Brooks and Miles",SMB SaaS,New,18,19,8709.24,Closed‑Won
A00650,Todd-Pham,Logistics,New,28,34,19768.8,Closed‑Won
A00651,Gill Ltd,MarTech,Expansion,6,29,23085.98,Closed‑Won
A00652,"Marks, Miller and Griffin",CyberSecurity,New,22,10,11572.47,Closed‑Won
A00653,"Cox, Stark and Rodriguez",HealthTech,New,7,30,19756.67,Closed‑Won
A00654,"Leach, Harris and Herrera",Logistics,Expansion,27,49,20608.36,Closed‑Won
A00655,Murphy PLC,E‑Commerce,New,35,44,15691.1,Closed‑Won
A00656,Wilson-Harris,E‑Commerce,New,26,49,13451.75,Negotiation
A00657,"Burns, Nolan and Griffin",Logistics,Expansion,31,38,15374.62,On‑Hold
A00658,Chavez PLC,CyberSecurity,New,13,52,8157.2,Closed‑Won
A00659,Bryant-Brown,FinTech,New,35,15,11688.35,Closed‑Won
A00660,Chambers-Parker,EdTech,New,22,3,18325.98,Closed‑Won
A00661,Foster Inc,HealthTech,Expansion,26,7,10986.89,Closed‑Won
A00662,"Robinson, Jones and Henderson",CyberSecurity,New,29,59,12522.96,Closed‑Won
A00663,"Brown, Mcknight and Michael",FinTech,New,25,38,14416.71,Negotiation
A00664,Andersen Group,HealthTech,New,15,15,10073.67,Closed‑Won
A00665,Mitchell and Sons,E‑Commerce,New,24,51,9117.05,Closed‑Won
A00666,Cannon Ltd,CyberSecurity,Expansion,25,19,18428.08,Closed‑Won
A00667,"Stuart, Brooks and Vance",E‑Commerce,New,31,36,15472.72,Closed‑Won
A00668,Kane-Knox,Logistics,Expansion,20,15,12037.71,Closed‑Won
A00669,Miller-Brandt,SMB SaaS,New,21,6,16283.7,Closed‑Won
A00670,"Anderson, Dalton and Wilson",HealthTech,New,21,16,19871.99,Negotiation
A00671,"Long, Anderson and Irwin",SMB SaaS,Expansion,9,14,11956.69,Closed‑Won
A00672,Avila LLC,E‑Commerce,New,8,33,12343.11,Closed‑Won
A00673,Nunez-Stephens,CyberSecurity,New,6,2,15625.6,Negotiation
A00674,"Gray, Hall and Murray",FinTech,Expansion,25,15,9611.34,Closed‑Won
A00675,Hill Ltd,E‑Commerce,New,18,34,18824.27,Closed‑Won
A00676,Johnson Ltd,CyberSecurity,New,31,24,13575.08,Closed‑Won
A00677,Mendez-Mayer,E‑Commerce,Expansion,27,38,22866.95,Closed‑Won
A00678,Allen Inc,FinTech,New,10,39,15749.06,Closed‑Won
A00679,Wheeler Group,E‑Commerce,New,9,57,12777.29,On‑Hold
A00680,"Powers, Brennan and Sanchez",SMB SaaS,New,16,50,14531.83,Closed‑Won
A00681,Morales and Sons,CyberSecurity,New,33,14,5356.64,Negotiation
A00682,"Robinson, Shields and Brown",HealthTech,New,7,41,19149.82,On‑Hold
A00683,"Holder, Young and Hendricks",SMB SaaS,New,11,38,22839.75,Negotiation
A00684,"Flores, Harper and Chambers",SMB SaaS,New,6,36,9506.61,Closed‑Won
A00685,Young-Walter,HealthTech,New,18,48,18216.14,Closed‑Won
A00686,"Boyd, Gutierrez and Hill",Logistics,New,35,9,22292.25,Closed‑Won
A00687,"Fry, Hobbs and Buck",MarTech,New,26,23,15704.93,Closed‑Won
A00688,"Shelton, Peters and Williams",E‑Commerce,New,20,49,14152.3,Closed‑Won
A00689,David-Powers,MarTech,Expansion,10,53,18402.81,Closed‑Won
A00690,"Flores, Butler and Hernandez",Logistics,New,16,3,14323.31,Closed‑Won
A00691,White-Medina,SMB SaaS,New,21,28,14988.84,Closed‑Won
A00692,Atkinson LLC,Logistics,Expansion,14,16,4833.17,Closed‑Won
A00693,"Thomas, Ford and Brown",SMB SaaS,New,27,10,10080.17,Closed‑Won
A00694,Faulkner-Grant,SMB SaaS,New,35,4,23482.02,Closed‑Won
A00695,Price LLC,FinTech,Expansion,12,32,9322.05,Closed‑Won
A00696,Rivera Inc,EdTech,New,13,40,23378.43,Closed‑Won
A00697,Boone-Davis,CyberSecurity,New,9,32,10498.22,Closed‑Won
A00698,"Calderon, Williams and Bennett",E‑Commerce,New,27,22,8583.46,Closed‑Won
A00699,"Morrison, Russo and Lopez",FinTech,New,19,46,16459.58,Closed‑Won
A00700,"Ramsey, Hansen and Mendoza",FinTech,New,14,39,14034.74,Negotiation
A00701,Turner-Stout,E‑Commerce,Expansion,12,54,19252.43,Closed‑Won
A00702,Giles Ltd,E‑Commerce,New,8,21,12200.22,Closed‑Lost
A00703,Burgess Group,HealthTech,Expansion,20,15,15669.5,Closed‑Lost
A00704,Dominguez Ltd,HealthTech,Expansion,26,27,16320.94,Closed‑Won
A00705,Sanders and Sons,HealthTech,New,13,30,16188.5,Closed‑Won
A00706,"Morris, Campbell and Owens",E‑Commerce,Expansion,6,28,21753.48,Closed‑Won
A00707,"Howard, Green and Hunt",FinTech,Expansion,20,50,12753.82,Closed‑Won
A00708,Owens-Lang,E‑Commerce,Expansion,26,3,16309.88,Closed‑Lost
A00709,"Harrison, Franco and Rocha",MarTech,New,16,32,17872.62,Closed‑Won
A00710,Edwards-Williams,MarTech,New,13,26,15576.22,Closed‑Won
A00711,Figueroa Inc,CyberSecurity,New,10,13,15872.59,Closed‑Won
A00712,Tran-Silva,E‑Commerce,New,28,38,13956.65,Closed‑Won
A00713,"Butler, Hernandez and Rivera",CyberSecurity,New,31,48,18239.92,Closed‑Won
A00714,Hudson-Sanchez,Logistics,New,29,33,14970.67,Negotiation
A00715,"Pena, Cohen and Scott",SMB SaaS,New,21,6,13766.27,Closed‑Won
A00716,Levy-May,Logistics,Expansion,27,5,12226.53,Closed‑Won
A00717,Murray-Oconnor,E‑Commerce,New,17,25,21338.29,Closed‑Won
A00718,Jackson-Cortez,MarTech,New,6,40,15072.41,Closed‑Won
A00719,White-Preston,HealthTech,New,17,19,18309.72,Closed‑Won
A00720,"Bernard, Warren and Combs",E‑Commerce,New,27,19,15323.43,Closed‑Won
A00721,Landry Ltd,HealthTech,New,25,51,11542.43,Closed‑Won
A00722,Duran Group,SMB SaaS,New,35,1,13548.69,Closed‑Won
A00723,Kirby and Sons,Logistics,New,35,5,18828.99,Closed‑Won
A00724,Mann Inc,FinTech,New,13,10,15695.68,Closed‑Won
A00725,Wagner LLC,Logistics,New,6,59,20340.2,Closed‑Won
A00726,Williamson Ltd,FinTech,New,14,30,5642.41,Closed‑Won
A00727,"Durham, Hopkins and Smith",CyberSecurity,New,32,10,13645.89,Closed‑Won
A00728,"Arnold, Smith and Moreno",FinTech,New,30,19,15597.83,Closed‑Won
A00729,Nichols-Mitchell,MarTech,New,8,58,13968.3,Closed‑Won
A00730,"Li, Craig and Drake",CyberSecurity,New,10,41,17475.8,Closed‑Won
A00731,Rodriguez Inc,CyberSecurity,New,22,14,12804.16,Closed‑Won
A00732,"Hernandez, Lee and Fox",MarTech,Expansion,25,15,12770.89,Closed‑Won
A00733,Adams-Sanders,SMB SaaS,Expansion,35,5,22587.34,Closed‑Lost
A00734,Chung-Stevens,Logistics,Expansion,28,46,9415.72,Closed‑Won
A00735,Branch and Sons,HealthTech,New,12,9,11617.02,Closed‑Won
A00736,Sutton-Abbott,CyberSecurity,New,7,17,12892.31,Closed‑Won
A00737,"Frey, Santos and Johnson",CyberSecurity,New,25,21,11510.09,Closed‑Won
A00738,Gray-Tran,EdTech,Expansion,22,37,13194.55,Negotiation
A00739,Walsh Ltd,CyberSecurity,Expansion,33,36,11796.84,Closed‑Won
A00740,Miller Group,SMB SaaS,Expansion,23,48,16922.23,Closed‑Won
A00741,"Mueller, Knight and Hodge",Logistics,Expansion,21,18,19402.91,Closed‑Won
A00742,Jacobson Inc,Logistics,New,15,23,9434.16,On‑Hold
A00743,Lewis Ltd,CyberSecurity,Expansion,8,23,17448.2,Closed‑Won
A00744,"Alvarez, Williams and Jones",EdTech,Expansion,32,3,13643.94,Closed‑Won
A00745,Lam-Elliott,Logistics,New,30,44,11322.54,Closed‑Won
A00746,White LLC,EdTech,Expansion,10,32,16201.87,Closed‑Won
A00747,Ali PLC,E‑Commerce,New,27,29,10460.96,Closed‑Won
A00748,Goodwin Ltd,EdTech,Expansion,16,59,15369.24,Closed‑Won
A00749,Hickman-Evans,EdTech,Expansion,19,11,15354.75,Closed‑Won
A00750,"Allen, Davenport and Price",HealthTech,New,31,58,13293.42,Closed‑Won
A00751,"Rivera, Campos and Taylor",SMB SaaS,New,31,41,16745.08,Negotiation
A00752,"Ramsey, Mason and Mccann",HealthTech,New,11,14,17879.64,Closed‑Won
A00753,Davis and Sons,FinTech,Expansion,15,41,14852.49,Closed‑Won
A00754,Peterson PLC,SMB SaaS,Expansion,30,45,14087.04,Closed‑Won
A00755,"Sanders, Ayala and Johnson",E‑Commerce,New,33,22,12601.85,Closed‑Won
A00756,Bowers-Hayes,MarTech,Expansion,8,21,14344.75,Negotiation
A00757,Kelly Group,CyberSecurity,New,31,50,12535.72,Closed‑Won
A00758,Lopez-Willis,MarTech,New,20,10,16925.16,Closed‑Won
A00759,Miller-Montgomery,HealthTech,New,23,1,16431.18,Negotiation
A00760,Marquez Inc,CyberSecurity,New,8,40,18107.73,Closed‑Won
A00761,Moore-Dawson,HealthTech,New,26,54,20515.61,Closed‑Won
A00762,"Moore, Price and Ward",E‑Commerce,New,26,30,12096.76,Closed‑Won
A00763,Smith LLC,SMB SaaS,New,25,8,15483.11,Closed‑Won
A00764,Ward-Nelson,SMB SaaS,New,29,32,14602.4,Closed‑Won
A00765,Miller Group,EdTech,Expansion,34,15,11456.08,Negotiation
A00766,Hawkins-Hunt,Logistics,New,31,49,7529.33,Closed‑Won
A00767,Johnson LLC,E‑Commerce,Expansion,28,37,18727.52,Closed‑Won
A00768,"Davis, George and Nguyen",MarTech,New,35,20,14281.93,Closed‑Won
A00769,Smith-Gutierrez,HealthTech,New,26,37,14651.2,Closed‑Won
A00770,Hardy PLC,MarTech,New,26,40,16752.61,Closed‑Won
A00771,Armstrong and Sons,CyberSecurity,New,22,41,14803.1,Closed‑Won
A00772,"James, Taylor and Turner",SMB SaaS,New,29,22,16844.34,Closed‑Won
A00773,Thomas-Jackson,FinTech,New,8,34,19142.57,Closed‑Won
A00774,Fisher-Washington,CyberSecurity,New,21,3,9420.87,Closed‑Won
A00775,Ward and Sons,Logistics,New,18,24,13787.84,Closed‑Won
A00776,"Weber, Wheeler and Gonzalez",SMB SaaS,New,33,23,17509.53,Closed‑Lost
A00777,Taylor Inc,MarTech,New,8,32,9466.38,Closed‑Won
A00778,Cook-Oliver,FinTech,Expansion,25,57,15517.77,Closed‑Lost
A00779,Alexander-Jordan,EdTech,New,11,57,18759.0,Closed‑Won
A00780,"Mccann, Taylor and Flores",Logistics,Expansion,32,29,16050.35,Closed‑Won
A00781,"Harris, Edwards and Oconnell",SMB SaaS,Expansion,31,39,20106.27,Closed‑Won
A00782,Carter-Neal,CyberSecurity,Expansion,13,7,19926.75,On‑Hold
A00783,Faulkner-Casey,FinTech,Expansion,32,29,23578.86,Closed‑Won
A00784,Bennett-Velasquez,FinTech,New,20,41,16725.13,Closed‑Won
A00785,Diaz-Frederick,MarTech,New,35,41,14145.53,Closed‑Lost
A00786,Vargas PLC,E‑Commerce,New,27,57,9300.24,Closed‑Won
A00787,Maldonado PLC,FinTech,Expansion,7,28,16913.8,Closed‑Won
A00788,Benton Group,CyberSecurity,New,12,54,14862.59,Closed‑Won
A00789,"Clark, Salinas and Guerra",E‑Commerce,New,18,58,11577.66,Closed‑Won
A00790,Fuentes Group,FinTech,Expansion,12,34,20612.39,Closed‑Won
A00791,"Porter, Schultz and Allen",FinTech,New,9,6,11792.91,Closed‑Won
A00792,"Moore, Henderson and Bennett",MarTech,New,35,23,15441.07,Negotiation
A00793,Ewing-Mendoza,CyberSecurity,Expansion,32,46,22285.26,Closed‑Won
A00794,Ferguson-Mclean,Logistics,New,19,35,16371.72,Closed‑Won
A00795,"Barnes, Johnson and Schmitt",MarTech,New,12,56,13459.95,Closed‑Won
A00796,"Woodard, Herrera and Little",EdTech,Expansion,11,49,14186.48,Closed‑Won
A00797,Rodriguez and Sons,SMB SaaS,New,33,4,15035.26,Closed‑Won
A00798,"Ortega, Jackson and Salazar",MarTech,New,15,51,17233.08,Closed‑Won
A00799,"Terrell, Byrd and Ross",EdTech,New,6,22,10524.17,Closed‑Won
A00800,Sheppard-Jordan,MarTech,New,17,49,7750.76,Closed‑Won
A00801,Garcia and Sons,FinTech,New,19,30,12618.09,Closed‑Won
A00802,"Burgess, Grant and Watts",EdTech,Expansion,24,27,10269.39,Closed‑Won
A00803,Griffin Group,E‑Commerce,Expansion,16,5,18886.09,Closed‑Won
A00804,Barton-Chapman,SMB SaaS,New,33,8,15505.14,Closed‑Won
A00805,"Hernandez, Cuevas and Webb",CyberSecurity,New,25,36,15023.79,Closed‑Won
A00806,Perry-Nixon,Logistics,New,35,34,9644.48,Closed‑Won
A00807,Guerra Ltd,E‑Commerce,Expansion,17,33,12249.3,Closed‑Won
A00808,Bailey LLC,FinTech,New,25,10,17434.62,Closed‑Won
A00809,Mueller-Boyd,MarTech,New,16,31,16474.71,Closed‑Won
A00810,Alvarez-Kim,SMB SaaS,New,26,4,18551.41,Closed‑Won
A00811,"Chavez, Jones and Williams",FinTech,Expansion,28,9,11633.53,Closed‑Won
A00812,"Wilson, Sweeney and Wong",SMB SaaS,New,15,30,8889.77,Closed‑Won
A00813,"Marsh, Spears and Yang",CyberSecurity,Expansion,34,37,13102.24,Closed‑Won
A00814,"Thompson, Moore and Castro",EdTech,New,31,39,6269.95,Closed‑Won
A00815,Hall-Sullivan,Logistics,Expansion,32,58,11087.72,Closed‑Won
A00816,Lopez Ltd,Logistics,New,12,51,20541.03,Closed‑Won
A00817,Foster-Mclaughlin,FinTech,New,27,23,15085.68,Closed‑Won
A00818,Cole Group,FinTech,Expansion,9,47,15964.71,Closed‑Won
A00819,Smith-Lewis,CyberSecurity,Expansion,9,6,13788.67,Closed‑Won
A00820,Goodwin-Stokes,SMB SaaS,New,35,51,14797.69,Closed‑Won
A00821,Ray PLC,FinTech,New,10,23,20800.43,Closed‑Won
A00822,Diaz and Sons,CyberSecurity,New,31,45,10189.36,Closed‑Won
A00823,Wilson-Lambert,HealthTech,New,18,58,18021.42,Closed‑Won
A00824,Rose-Fowler,CyberSecurity,New,15,42,18634.69,Closed‑Won
A00825,"Price, Long and Wilson",E‑Commerce,Expansion,8,55,14577.91,Closed‑Won
A00826,Bruce-Williamson,FinTech,New,26,1,18115.0,Closed‑Won
A00827,"Mccarthy, Evans and Mendez",CyberSecurity,Expansion,27,11,17703.73,Closed‑Won
A00828,Powers LLC,SMB SaaS,New,20,37,10046.56,Closed‑Won
A00829,Allen Inc,Logistics,New,30,32,11311.05,Negotiation
A00830,Brooks and Sons,FinTech,New,15,8,8528.71,Negotiation
A00831,"Price, Carlson and Andrews",HealthTech,New,22,43,13516.67,Negotiation
A00832,Lopez-Reid,HealthTech,New,14,4,7984.76,Closed‑Won
A00833,"Ellison, Arias and Thompson",MarTech,New,23,59,10365.07,Closed‑Won
A00834,Burns and Sons,HealthTech,Expansion,10,10,11867.8,Closed‑Won
A00835,Edwards Group,Logistics,Expansion,20,27,13736.7,Closed‑Lost
A00836,"Brown, Howard and Smith",Logistics,Expansion,22,49,18208.46,Negotiation
A00837,Lee Group,Logistics,New,22,31,10447.52,Negotiation
A00838,"Wagner, Simpson and Cohen",HealthTech,New,19,44,13929.2,Closed‑Won
A00839,Mckinney-Wallace,FinTech,New,25,42,11080.9,Closed‑Won
A00840,Miller Inc,SMB SaaS,New,21,56,9074.76,Closed‑Won
A00841,Carter LLC,EdTech,New,14,28,12995.55,Closed‑Won
A00842,Medina and Sons,CyberSecurity,New,12,58,14644.4,Closed‑Won
A00843,Cunningham-Barton,SMB SaaS,New,25,31,11472.73,Closed‑Won
A00844,Dunn-Wilson,FinTech,New,34,53,21920.32,Closed‑Won
A00845,Adams PLC,FinTech,New,28,44,15432.88,Negotiation
A00846,Weaver-Sherman,FinTech,New,25,8,14941.17,Closed‑Won
A00847,"Alexander, Robinson and Coleman",HealthTech,New,33,38,17415.15,Closed‑Won
A00848,"Greer, Potter and Evans",FinTech,New,32,52,11413.2,Closed‑Won
A00849,Cole LLC,Logistics,New,21,8,17118.42,Closed‑Won
A00850,Gonzales Inc,E‑Commerce,New,9,50,11743.51,Closed‑Won
A00851,Clark Ltd,SMB SaaS,New,25,7,12037.47,Closed‑Won
A00852,"Norris, Callahan and Bishop",Logistics,Expansion,24,52,13675.25,Closed‑Won
A00853,Martin-Taylor,SMB SaaS,New,14,47,16992.35,Closed‑Won
A00854,Li Inc,HealthTech,New,31,9,15540.04,Closed‑Won
A00855,"Bell, Campbell and Ryan",EdTech,Expansion,32,43,12454.08,Closed‑Won
A00856,Werner-Carter,Logistics,New,15,7,13244.86,Closed‑Won
A00857,"Adams, Hodge and Duke",HealthTech,Expansion,20,34,11227.96,Closed‑Won
A00858,"Ochoa, Taylor and Brady",FinTech,Expansion,11,55,12003.85,Closed‑Won
A00859,Sellers-Riddle,CyberSecurity,New,11,13,15021.47,Closed‑Won
A00860,"Martinez, Cline and Wright",Logistics,New,13,11,14485.09,Closed‑Won
A00861,"Morris, Wright and Bridges",SMB SaaS,New,16,25,11030.19,Closed‑Won
A00862,Burns-Ray,SMB SaaS,Expansion,14,22,14571.44,Closed‑Won
A00863,Burton-Brooks,FinTech,New,10,3,14587.93,Closed‑Won
A00864,Schultz Inc,Logistics,New,19,27,19402.81,Closed‑Won
A00865,Robertson-Ramirez,Logistics,New,24,16,25571.76,Closed‑Won
A00866,Gibson-Freeman,CyberSecurity,New,15,8,15324.27,Closed‑Won
A00867,"Smith, Schroeder and Oconnor",Logistics,Expansion,22,17,16833.69,Closed‑Won
A00868,"Stanton, Reid and Terry",Logistics,New,14,2,20297.6,Closed‑Won
A00869,Flynn Group,MarTech,Expansion,27,54,9795.96,Closed‑Won
A00870,Donaldson and Sons,FinTech,Expansion,25,59,13299.36,Closed‑Won
A00871,Adams-Clayton,MarTech,New,34,22,10521.19,Closed‑Lost
A00872,Kelley-Anderson,HealthTech,New,7,52,22564.01,Closed‑Won
A00873,Kramer-Shannon,FinTech,Expansion,31,28,14387.07,Closed‑Won
A00874,Williams Ltd,FinTech,Expansion,16,54,18249.71,Closed‑Won
A00875,Smith-Noble,CyberSecurity,Expansion,7,11,13990.85,Closed‑Won
A00876,Alexander Inc,E‑Commerce,New,26,17,21782.58,Closed‑Lost
A00877,Harris-Barker,E‑Commerce,New,11,44,14210.43,Closed‑Won
A00878,Khan LLC,CyberSecurity,New,11,13,9357.76,Closed‑Won
A00879,Baxter LLC,E‑Commerce,Expansion,35,49,16650.17,Closed‑Lost
A00880,Pena LLC,CyberSecurity,New,12,26,18626.53,Closed‑Won
A00881,Watson Ltd,FinTech,New,22,24,20424.3,Closed‑Won
A00882,Williams Ltd,Logistics,New,12,27,13488.56,Closed‑Won
A00883,Barber-Fischer,MarTech,New,9,48,5752.93,Negotiation
A00884,Rios-Padilla,HealthTech,Expansion,6,1,15628.6,Closed‑Won
A00885,Lewis Inc,Logistics,New,6,45,25132.19,Negotiation
A00886,Wheeler PLC,CyberSecurity,New,20,46,22812.28,Closed‑Won
A00887,"Wallace, Smith and Cooper",FinTech,Expansion,19,49,12262.52,Closed‑Won
A00888,Mcneil Group,HealthTech,Expansion,7,59,7647.18,Closed‑Won
A00889,"Anderson, Jones and Reyes",FinTech,New,16,47,15122.07,Closed‑Won
A00890,"Shaffer, Garcia and Richardson",EdTech,New,14,32,18875.99,Closed‑Won
A00891,Taylor-Ayala,FinTech,Expansion,23,28,11352.23,Closed‑Won
A00892,May Ltd,CyberSecurity,Expansion,35,23,16483.05,Closed‑Won
A00893,Jones PLC,E‑Commerce,New,26,49,15007.02,Closed‑Won
A00894,Bishop and Sons,SMB SaaS,New,33,24,20714.5,Closed‑Won
A00895,Bell-Lewis,CyberSecurity,New,11,34,23391.75,Closed‑Won
A00896,"Hernandez, Jenkins and Parks",E‑Commerce,New,12,6,17268.06,Closed‑Won
A00897,Miller Inc,E‑Commerce,Expansion,28,19,7673.56,On‑Hold
A00898,Goodwin PLC,FinTech,New,15,16,8848.73,Negotiation
A00899,"Cruz, Richmond and Edwards",FinTech,New,31,26,15564.68,Closed‑Lost
A00900,Wright Ltd,E‑Commerce,Expansion,19,30,8938.71,Closed‑Won
A00901,Wright PLC,FinTech,Expansion,12,43,11660.7,On‑Hold
A00902,"Griffith, Mitchell and Pugh",FinTech,Expansion,31,26,13612.89,Closed‑Won
A00903,Abbott Ltd,HealthTech,New,22,9,22456.77,Closed‑Won
A00904,Harris-Lawson,SMB SaaS,New,30,33,11448.56,Closed‑Won
A00905,Adkins LLC,MarTech,New,19,4,15558.76,Closed‑Won
A00906,"Brown, Hurst and Blevins",CyberSecurity,New,9,51,15927.35,Closed‑Won
A00907,Cruz-Allen,MarTech,New,26,46,23436.9,Closed‑Won
A00908,"Wheeler, Rice and Levine",HealthTech,New,9,14,13381.04,Closed‑Won
A00909,Peck-Anderson,EdTech,New,25,16,17549.57,Closed‑Won
A00910,"Fisher, Payne and Thompson",FinTech,Expansion,18,2,11295.48,Closed‑Won
A00911,Best-Townsend,Logistics,Expansion,29,22,12194.44,Negotiation
A00912,Matthews Inc,HealthTech,New,32,3,19416.67,Closed‑Won
A00913,Lewis-Livingston,MarTech,New,18,56,20980.09,On‑Hold
A00914,Hunter-Fuller,SMB SaaS,New,32,8,18083.73,Closed‑Won
A00915,"Wang, Henderson and Morales",E‑Commerce,New,9,39,2232.11,Closed‑Won
A00916,"Herrera, Jensen and Ramirez",MarTech,New,9,34,14516.74,Closed‑Won
A00917,Miller-Mccall,E‑Commerce,New,35,14,18753.29,Negotiation
A00918,Herrera Group,Logistics,Expansion,23,48,12757.83,Negotiation
A00919,"Walters, Davenport and Becker",EdTech,New,19,7,15636.79,Closed‑Won
A00920,Collins Group,CyberSecurity,Expansion,10,53,13262.48,Closed‑Won
A00921,"Ashley, Allen and Sanchez",Logistics,New,14,44,13881.81,On‑Hold
A00922,Wilson-Salazar,E‑Commerce,New,26,38,16106.83,Closed‑Won
A00923,Parker Ltd,MarTech,New,30,52,5838.22,Closed‑Won
A00924,"Yang, Wilson and Zimmerman",HealthTech,New,33,24,11722.65,Closed‑Won
A00925,"Smith, Crawford and Reed",HealthTech,New,18,17,10341.76,Closed‑Lost
A00926,"Logan, Le and Jackson",SMB SaaS,Expansion,19,10,15174.95,Negotiation
A00927,Brady LLC,E‑Commerce,New,10,55,14487.39,Closed‑Won
A00928,"Tanner, Wise and Johnson",EdTech,New,8,24,8306.76,Closed‑Won
A00929,Nelson-Brown,MarTech,New,19,49,14394.28,Closed‑Won
A00930,"Proctor, Burton and Crawford",E‑Commerce,New,23,20,17461.49,Closed‑Won
A00931,"Ward, Porter and Bradley",E‑Commerce,New,9,57,14798.19,Closed‑Won
A00932,Moore-Ayala,CyberSecurity,New,18,52,12313.87,Closed‑Won
A00933,"Craig, Wilson and Yang",EdTech,Expansion,25,19,12271.61,Closed‑Won
A00934,Williams Inc,CyberSecurity,New,30,29,16393.12,Closed‑Won
A00935,Williams LLC,MarTech,New,34,47,11211.76,Negotiation
A00936,Mora-White,SMB SaaS,New,16,14,10916.11,Closed‑Won
A00937,Tran Ltd,HealthTech,Expansion,17,2,19979.21,Closed‑Won
A00938,"Rios, Walker and Wright",HealthTech,New,32,18,11384.81,Closed‑Won
A00939,"Flores, Mckenzie and Duncan",MarTech,New,26,35,14604.63,Negotiation
A00940,Shaw Inc,E‑Commerce,New,14,9,15255.5,Closed‑Won
A00941,Walker PLC,CyberSecurity,New,26,20,10014.29,Negotiation
A00942,Finley Inc,MarTech,New,10,55,13836.16,Closed‑Won
A00943,Cline-Ayala,SMB SaaS,Expansion,19,5,9907.53,Closed‑Won
A00944,Murphy-Tran,MarTech,New,15,3,17217.21,Closed‑Lost
A00945,Wood LLC,HealthTech,Expansion,35,26,16594.82,Closed‑Won
A00946,"Mueller, Stevenson and Sanchez",FinTech,New,7,1,17654.88,Closed‑Won
A00947,Vargas-Snyder,SMB SaaS,Expansion,31,2,11244.86,Closed‑Won
A00948,Oconnor PLC,HealthTech,Expansion,14,11,10610.33,Closed‑Won
A00949,Hernandez Group,SMB SaaS,New,7,7,20116.27,Closed‑Won
A00950,Hall LLC,EdTech,New,25,48,6313.79,Closed‑Won
A00951,"Franco, Wiley and Tapia",FinTech,New,26,8,16472.03,Closed‑Won
A00952,Blake Group,EdTech,Expansion,10,31,17853.17,On‑Hold
A00953,"Acosta, Garcia and Moreno",E‑Commerce,New,7,42,11052.7,Closed‑Won
A00954,Barnes Inc,MarTech,New,9,37,14917.45,Negotiation
A00955,Dawson Inc,Logistics,New,18,39,12635.14,Closed‑Won
A00956,Morse PLC,E‑Commerce,Expansion,9,22,11541.19,Closed‑Won
A00957,Haynes-Watson,MarTech,New,27,53,15385.63,Closed‑Won
A00958,"Miller, Davis and Anderson",CyberSecurity,New,8,5,15392.0,Closed‑Won
A00959,Jones-Bradley,SMB SaaS,Expansion,29,7,16496.18,Negotiation
A00960,Bates-Anderson,MarTech,New,32,51,11447.03,Closed‑Won
A00961,Green-Edwards,HealthTech,Expansion,27,5,16728.31,Closed‑Won
A00962,Haynes-Moss,MarTech,New,34,12,15334.37,Closed‑Won
A00963,Chavez-Hall,Logistics,New,34,11,19442.08,Closed‑Won
A00964,Taylor PLC,HealthTech,Expansion,7,2,15483.87,Closed‑Won
A00965,Moore and Sons,SMB SaaS,New,16,7,18478.43,Closed‑Won
A00966,Owens-Russell,E‑Commerce,New,28,34,15371.36,On‑Hold
A00967,"Howard, Townsend and Hayes",E‑Commerce,New,16,40,11702.75,Negotiation
A00968,Baker-Wilson,EdTech,New,28,5,16051.45,Closed‑Won
A00969,Aguirre LLC,SMB SaaS,New,29,56,15724.14,On‑Hold
A00970,"Terry, Williams and Huff",FinTech,New,35,6,8268.93,Closed‑Won
A00971,Hernandez-Dawson,EdTech,New,15,41,7897.61,Negotiation
A00972,Foster-Williams,MarTech,New,16,48,16277.45,Closed‑Won
A00973,Green-Ewing,MarTech,New,6,31,10655.4,Closed‑Won
A00974,Crane Group,MarTech,New,14,30,13883.81,Closed‑Won
A00975,"Adkins, Wright and Murray",HealthTech,New,14,7,21290.43,Closed‑Won
A00976,Martinez Inc,HealthTech,New,19,15,17047.65,Closed‑Won
A00977,Anderson Group,FinTech,Expansion,18,51,17218.93,Closed‑Won
A00978,Parks-Pace,E‑Commerce,New,31,21,24251.99,Closed‑Won
A00979,Aguilar LLC,EdTech,New,29,3,23718.27,Closed‑Won
A00980,Johnson Inc,E‑Commerce,New,27,44,9719.9,Closed‑Won
A00981,Orr Group,E‑Commerce,Expansion,6,41,17837.31,Negotiation
A00982,Davis LLC,CyberSecurity,New,20,4,11443.66,Closed‑Won
A00983,Williams Group,E‑Commerce,New,27,4,13241.0,Negotiation
A00984,Jackson PLC,CyberSecurity,New,13,7,15182.29,Closed‑Won
A00985,Underwood-Foster,E‑Commerce,New,18,4,18964.42,Closed‑Won
A00986,Reyes Group,CyberSecurity,Expansion,27,37,12025.47,Closed‑Won
A00987,Gomez and Sons,E‑Commerce,Expansion,29,8,20305.02,Closed‑Won
A00988,Ramirez-Stephenson,EdTech,New,31,36,16065.26,Negotiation
A00989,Mendez PLC,HealthTech,Expansion,18,11,8867.23,Closed‑Won
A00990,Holland Group,Logistics,New,17,58,13195.55,On‑Hold
A00991,Andrade-Mendoza,EdTech,New,17,43,14440.73,Closed‑Won
A00992,Ramirez and Sons,E‑Commerce,Expansion,26,23,12689.08,Closed‑Won
A00993,Gonzalez-Wilkerson,HealthTech,New,18,26,14709.04,Closed‑Won
A00994,"Wright, Mcknight and Stephens",MarTech,New,18,4,12662.68,Closed‑Won
A00995,Mayo Ltd,E‑Commerce,New,11,4,14846.89,Closed‑Won
A00996,Castillo-Harrington,CyberSecurity,Expansion,20,32,17036.38,Closed‑Won
A00997,Durham-Shaw,E‑Commerce,New,13,2,14005.55,Closed‑Won
A00998,Nelson-Johnson,EdTech,New,21,38,11182.66,Closed‑Won
A00999,"Robinson, Huang and Osborne",SMB SaaS,New,32,23,13777.42,Closed‑Won
A01000,Stokes Group,E‑Commerce,New,29,9,14783.33,Closed‑Won
A01001,"Howard, Silva and Hall",Logistics,New,20,32,17051.62,Closed‑Won
A01002,Garcia Ltd,CyberSecurity,Expansion,35,33,16171.46,Negotiation
A01003,Adams Ltd,E‑Commerce,Expansion,35,45,13453.26,Closed‑Won
A01004,Gallagher and Sons,SMB SaaS,Expansion,19,12,11717.54,Closed‑Won
A01005,"Bradford, Salinas and Kelly",HealthTech,Expansion,28,33,17506.02,Closed‑Won
A01006,Thompson PLC,SMB SaaS,New,16,50,13511.78,Closed‑Won
A01007,Drake-Wolfe,Logistics,New,32,16,16152.6,Closed‑Won
A01008,"Johnson, Haynes and Meza",E‑Commerce,New,17,50,21102.52,Closed‑Won
A01009,"Thomas, Vaughan and Copeland",CyberSecurity,New,13,43,15674.82,Closed‑Won
A01010,Weaver-Thompson,E‑Commerce,Expansion,10,26,16696.84,Closed‑Won
A01011,Davis and Sons,EdTech,New,31,53,14755.8,Closed‑Won
A01012,"Robinson, Fox and Smith",Logistics,Expansion,14,58,17091.26,Negotiation
A01013,"Harris, Anderson and Love",HealthTech,New,30,14,15548.6,Closed‑Won
A01014,Brown-Hernandez,EdTech,New,8,58,13801.11,Closed‑Won
A01015,"Stark, Schroeder and Mathis",E‑Commerce,New,21,1,7962.64,Closed‑Won
A01016,Yu-Brooks,Logistics,New,18,8,14027.81,Closed‑Won
A01017,"Foster, Garcia and Turner",MarTech,New,19,3,13033.06,Closed‑Won
A01018,Daugherty Ltd,MarTech,New,11,22,17373.81,Closed‑Won
A01019,Conner-Yu,FinTech,New,8,56,17126.76,Closed‑Won
A01020,"Stewart, Mann and Hoffman",FinTech,Expansion,16,36,16415.04,Closed‑Won
A01021,"Buchanan, Walker and Chapman",FinTech,New,20,37,9147.87,Closed‑Won
A01022,Gray Ltd,FinTech,New,29,6,18789.43,Closed‑Won
A01023,"Phillips, Thompson and Smith",Logistics,Expansion,19,31,17083.66,Closed‑Won
A01024,"Fry, Myers and Gamble",Logistics,New,13,23,18228.67,Closed‑Won
A01025,"Johnson, Guzman and Mccall",Logistics,Expansion,13,29,21582.86,Negotiation
A01026,"Walker, Cunningham and Zuniga",FinTech,Expansion,24,16,7615.19,Closed‑Won
A01027,Rivera Inc,FinTech,New,19,12,10864.19,On‑Hold
A01028,Reed LLC,EdTech,New,33,57,16055.19,Closed‑Won
A01029,Fields Inc,E‑Commerce,New,19,33,11163.69,Closed‑Won
A01030,"Santiago, Daniel and Rogers",EdTech,Expansion,23,25,15336.42,Closed‑Won
A01031,Baker and Sons,MarTech,Expansion,7,5,13484.48,Closed‑Won
A01032,"Jones, Scott and Rodriguez",HealthTech,Expansion,11,45,18662.88,Closed‑Won
A01033,Williams Group,CyberSecurity,New,31,28,12045.96,Closed‑Won
A01034,"Barnes, Jackson and Gutierrez",EdTech,New,16,23,18630.35,Closed‑Won
A01035,Bell-Bennett,FinTech,New,18,40,12399.22,Negotiation
A01036,Kramer-Lane,CyberSecurity,Expansion,23,8,15591.29,Negotiation
A01037,"Perez, Hayes and Lloyd",SMB SaaS,New,7,32,17517.74,Closed‑Won
A01038,Phillips LLC,FinTech,New,21,51,21499.79,Negotiation
A01039,Lynn-Jones,MarTech,New,16,28,15283.42,Closed‑Won
A01040,Barron and Sons,Logistics,Expansion,10,1,7436.47,Negotiation
A01041,"Jones, Mcmahon and Spence",CyberSecurity,Expansion,18,14,16131.28,Closed‑Won
A01042,Wheeler-Austin,Logistics,New,19,4,21290.75,On‑Hold
A01043,Bush-Reynolds,MarTech,New,11,30,21839.68,Closed‑Won
A01044,"Martin, Preston and Moore",EdTech,New,22,22,15637.31,Closed‑Won
A01045,Rivera and Sons,CyberSecurity,New,28,8,23046.35,On‑Hold
A01046,Terry-Bowen,HealthTech,New,14,41,21047.75,Negotiation
A01047,"Fernandez, Guerrero and Evans",HealthTech,New,34,11,14188.09,Closed‑Won
A01048,Williams PLC,E‑Commerce,New,24,21,15563.83,Closed‑Won
A01049,"Larsen, Hernandez and Ward",CyberSecurity,New,29,59,14494.97,Closed‑Won
A01050,Miller-Colon,FinTech,New,8,4,17751.51,Closed‑Won
A01051,"Greene, Gonzalez and Johnson",E‑Commerce,New,29,15,11105.63,Closed‑Won
A01052,Little Inc,EdTech,Expansion,16,19,12694.17,Negotiation
A01053,Anthony-Parker,E‑Commerce,New,27,31,19730.92,Negotiation
A01054,Ruiz-Jacobson,SMB SaaS,Expansion,30,15,17894.29,Closed‑Won
A01055,Davis-Stephens,FinTech,New,13,58,17524.17,Closed‑Won
A01056,Watson Group,SMB SaaS,New,13,1,14077.93,Negotiation
A01057,Lopez-Williams,MarTech,New,7,56,13896.5,Closed‑Won
A01058,Marshall-Perez,Logistics,New,24,32,16188.9,Closed‑Won
A01059,Elliott-Hernandez,MarTech,New,29,3,19473.93,Closed‑Won
A01060,"Contreras, Miller and Cooper",EdTech,New,18,7,12363.19,On‑Hold
A01061,"Gutierrez, Avila and Perez",Logistics,Expansion,10,7,19482.68,Closed‑Won
A01062,Randall PLC,CyberSecurity,New,15,17,15758.78,Closed‑Won
A01063,Sheppard-Mcdaniel,HealthTech,New,18,20,11960.03,Closed‑Won
A01064,Armstrong-Young,CyberSecurity,New,33,38,23898.37,Negotiation
A01065,Miller-Orr,Logistics,New,9,19,13469.34,Closed‑Won
A01066,"Johnson, Duncan and Black",MarTech,Expansion,16,43,10575.49,Closed‑Won
A01067,"Byrd, Oliver and Martinez",SMB SaaS,Expansion,25,18,19052.88,Closed‑Won
A01068,Thompson-Joyce,CyberSecurity,New,13,16,18006.99,Negotiation
A01069,Stokes and Sons,EdTech,New,32,17,15154.07,Closed‑Won
A01070,Henderson Ltd,FinTech,New,33,20,24065.53,Closed‑Won
A01071,Harris-Carson,CyberSecurity,New,17,50,22144.3,Negotiation
A01072,Flowers LLC,HealthTech,Expansion,28,15,11663.74,Closed‑Won
A01073,Bartlett-Sloan,Logistics,Expansion,28,17,12307.89,Closed‑Won
A01074,Miller PLC,E‑Commerce,New,26,57,8990.32,Closed‑Won
A01075,Arnold-Gates,MarTech,New,11,39,22083.25,Closed‑Won
A01076,"Ellis, Marks and Buchanan",HealthTech,New,7,12,17894.81,Closed‑Won
A01077,"Matthews, Harrington and Rodriguez",CyberSecurity,New,16,52,10405.82,Closed‑Won
A01078,Hernandez PLC,HealthTech,New,9,11,13698.88,Closed‑Won
A01079,"Chang, Ayers and Buckley",MarTech,New,14,10,18365.39,Closed‑Won
A01080,"Chan, Floyd and Dillon",Logistics,Expansion,25,27,16539.93,Closed‑Lost
A01081,Humphrey-Baker,SMB SaaS,New,23,41,15901.78,Closed‑Won
A01082,"Washington, Lynch and Johnson",SMB SaaS,New,12,12,17701.06,Closed‑Won
A01083,Powell-Montgomery,SMB SaaS,New,6,45,8396.85,Closed‑Won
A01084,"Steele, Williams and Preston",E‑Commerce,New,12,10,17568.65,Negotiation
A01085,Vaughn-Williams,HealthTech,Expansion,19,47,15130.79,Negotiation
A01086,Mccall-Prince,Logistics,New,29,6,20287.14,On‑Hold
A01087,Morgan LLC,Logistics,Expansion,16,28,13503.94,Closed‑Won
A01088,Ramirez-Vasquez,SMB SaaS,Expansion,14,38,10321.8,Closed‑Won
A01089,"Cohen, Compton and Perez",CyberSecurity,New,22,16,14395.37,Closed‑Won
A01090,Mccann-Ramos,HealthTech,New,8,37,18236.07,Closed‑Won
A01091,Adams-Butler,E‑Commerce,Expansion,12,41,4450.74,Negotiation
A01092,"Davis, Alexander and Mcintyre",MarTech,New,7,39,20091.01,Closed‑Lost
A01093,Figueroa-Malone,Logistics,New,21,24,24886.21,Closed‑Won
A01094,Nicholson-Robertson,MarTech,Expansion,19,46,13245.09,Closed‑Won
A01095,Jones Ltd,EdTech,Expansion,23,44,5948.32,Closed‑Lost
A01096,"Powell, Deleon and Warren",FinTech,New,24,20,13857.58,Closed‑Won
A01097,"Johnson, Lee and Whitaker",Logistics,New,17,44,13590.05,Closed‑Won
A01098,Wright Group,Logistics,New,32,55,13593.05,Closed‑Won
A01099,Hull Ltd,FinTech,Expansion,33,49,16474.25,Closed‑Won
A01100,Hill Group,MarTech,New,9,44,18831.68,Closed‑Won
A01101,"Sanders, Leblanc and Maldonado",MarTech,New,33,46,18238.55,Negotiation
A01102,Watson PLC,MarTech,New,11,48,20095.73,Closed‑Won
A01103,Thompson-Harrell,SMB SaaS,Expansion,13,18,10948.64,Negotiation
A01104,"Arnold, Cooper and Monroe",HealthTech,Expansion,21,43,17096.72,Closed‑Won
A01105,Curry-Barker,EdTech,New,6,12,18657.53,Closed‑Won
A01106,Johnson-Williams,HealthTech,New,16,22,10472.31,Closed‑Won
A01107,"Chan, Lewis and Walker",HealthTech,Expansion,11,56,16554.85,Closed‑Won
A01108,Byrd LLC,SMB SaaS,Expansion,20,17,11631.43,Closed‑Won
A01109,"Ortiz, Smith and Deleon",SMB SaaS,New,30,50,14247.83,Closed‑Won
A01110,"Smith, Buck and Holland",FinTech,New,33,25,12976.84,On‑Hold
A01111,"Owen, Walker and Franklin",CyberSecurity,New,12,13,14777.75,Closed‑Won
A01112,Marquez-Fletcher,HealthTech,New,22,6,18766.68,On‑Hold
A01113,Coleman-Bennett,HealthTech,New,20,33,13102.34,Closed‑Won
A01114,Stevens-Robinson,EdTech,New,18,27,16498.79,Closed‑Won
A01115,Byrd-Holloway,HealthTech,New,24,31,19602.07,Closed‑Won
A01116,Silva-Smith,MarTech,Expansion,35,3,20073.67,Closed‑Won
A01117,"Levy, Franco and Hoffman",SMB SaaS,New,18,16,6930.03,Closed‑Won
A01118,"Lynch, Evans and Rodriguez",E‑Commerce,New,7,1,9455.35,Closed‑Won
A01119,Rogers LLC,CyberSecurity,New,33,18,17022.46,Negotiation
A01120,"Nguyen, Hill and Douglas",MarTech,New,33,55,11541.1,Closed‑Won
A01121,"Evans, Hernandez and Cannon",FinTech,New,15,9,11737.27,Closed‑Won
A01122,Trujillo PLC,FinTech,New,21,41,15719.95,Closed‑Won
A01123,Guerrero-Becker,EdTech,New,31,1,13803.17,Closed‑Won
A01124,"Johnson, Jimenez and Phillips",HealthTech,New,21,34,15017.74,On‑Hold
A01125,Sullivan-Doyle,Logistics,Expansion,20,55,12926.01,Closed‑Won
A01126,"Erickson, Armstrong and Lee",Logistics,New,33,21,21147.22,Closed‑Won
A01127,"Reeves, Parks and Little",Logistics,Expansion,30,12,10441.55,Closed‑Won
A01128,Knox-Powers,CyberSecurity,Expansion,21,34,10318.76,On‑Hold
A01129,"Evans, Jackson and Sandoval",E‑Commerce,Expansion,10,17,12661.19,Closed‑Won
A01130,"White, Davis and Anderson",CyberSecurity,New,19,53,15389.26,Closed‑Won
A01131,Hardy-Hansen,MarTech,New,26,51,13068.63,Negotiation
A01132,Arroyo LLC,CyberSecurity,New,14,39,18660.17,Closed‑Won
A01133,"Davis, Kelly and Garner",Logistics,New,22,38,19102.29,Closed‑Lost
A01134,Fisher-Eaton,Logistics,New,25,36,16673.53,Closed‑Won
A01135,Green-Carter,E‑Commerce,Expansion,8,44,11367.93,Negotiation
A01136,Ruiz Ltd,FinTech,New,23,28,11690.83,Closed‑Won
A01137,"Carpenter, Oliver and Kennedy",CyberSecurity,Expansion,28,58,10371.21,Closed‑Won
A01138,Mason Ltd,EdTech,New,12,21,17042.37,On‑Hold
A01139,Moreno-Gutierrez,CyberSecurity,New,22,1,14423.1,Closed‑Won
A01140,Taylor and Sons,E‑Commerce,New,27,42,10918.08,Negotiation
A01141,Ortiz-Hudson,SMB SaaS,New,7,40,18867.49,Closed‑Won
A01142,Thomas-Huffman,EdTech,New,25,58,22398.37,Closed‑Won
A01143,Maxwell Group,SMB SaaS,New,13,24,14772.8,Closed‑Won
A01144,Welch-Thompson,Logistics,New,17,26,17569.26,Negotiation
A01145,"Brown, Hayes and Clark",EdTech,New,25,34,9228.67,Closed‑Won
A01146,Johnston and Sons,MarTech,New,6,24,19175.52,Closed‑Won
A01147,Glover-Chan,E‑Commerce,Expansion,6,47,18489.38,Closed‑Won
A01148,Mendez Ltd,Logistics,New,19,26,13697.38,Closed‑Won
A01149,Powell-Sanford,CyberSecurity,New,34,47,16679.36,Negotiation
A01150,Smith-Ferguson,Logistics,New,6,26,21785.48,Negotiation
A01151,"Watson, Smith and Morris",EdTech,New,29,14,11852.47,Closed‑Won
A01152,"Lee, Rhodes and Sims",E‑Commerce,New,8,59,16686.8,Closed‑Won
A01153,Perez LLC,MarTech,New,20,32,17151.67,Closed‑Won
A01154,Anderson-Reyes,SMB SaaS,Expansion,18,42,12649.6,Closed‑Lost
A01155,"Torres, Brown and Williams",EdTech,New,20,35,8741.31,Negotiation
A01156,Bryant-Meyer,E‑Commerce,New,8,22,15716.33,Closed‑Won
A01157,"Morgan, Barron and Cowan",FinTech,New,28,58,14273.85,Closed‑Won
A01158,Ferrell-Henry,Logistics,New,14,22,15359.49,Closed‑Won
A01159,Martin Group,MarTech,New,29,59,9647.05,Closed‑Lost
A01160,Perez Ltd,EdTech,New,25,26,12314.47,Negotiation
A01161,Clark Inc,E‑Commerce,New,22,2,15973.22,Closed‑Won
A01162,"Wagner, Martinez and Dawson",MarTech,New,15,3,19130.52,Closed‑Won
A01163,Brooks Ltd,Logistics,Expansion,25,58,4477.03,Closed‑Won
A01164,Wise-Dean,E‑Commerce,New,35,32,14697.08,Closed‑Won
A01165,"Vang, Stanley and Valdez",E‑Commerce,New,33,23,10800.38,Negotiation
A01166,Williams Inc,FinTech,New,33,48,16844.4,Closed‑Won
A01167,Wallace-Martinez,FinTech,New,12,37,11091.61,Closed‑Won
A01168,Wells-Hernandez,MarTech,New,23,39,12567.86,Closed‑Won
A01169,"Jennings, Smith and Fisher",SMB SaaS,New,17,41,17491.92,Closed‑Won
A01170,Bates LLC,SMB SaaS,Expansion,35,12,10830.63,On‑Hold
A01171,"Obrien, Taylor and Rivas",CyberSecurity,New,34,6,17270.7,Closed‑Won
A01172,Hunt PLC,CyberSecurity,New,32,43,17152.05,Negotiation
A01173,Campbell Inc,MarTech,Expansion,10,2,15325.44,Closed‑Won
A01174,Gonzalez-Gonzalez,HealthTech,Expansion,15,43,12648.96,Closed‑Won
A01175,Decker-Dudley,FinTech,New,27,8,18129.94,Closed‑Won
A01176,Warner-Phillips,EdTech,New,28,16,22490.22,Closed‑Won
A01177,Kelley and Sons,EdTech,New,16,42,11584.07,Closed‑Won
A01178,"Fitzpatrick, Rivera and Smith",HealthTech,Expansion,10,37,15134.99,Closed‑Won
A01179,"Davis, Rodriguez and Andrews",EdTech,New,10,47,18727.96,Closed‑Won
A01180,Hernandez-Davis,FinTech,Expansion,26,37,11334.14,Closed‑Won
A01181,"Jones, Cummings and Conway",E‑Commerce,New,19,3,10828.75,Closed‑Won
A01182,"Hall, Hinton and Phillips",SMB SaaS,Expansion,20,50,11071.16,Closed‑Won
A01183,Williams-Li,CyberSecurity,New,30,13,10303.83,Closed‑Won
A01184,Phelps LLC,MarTech,New,6,9,12394.03,Closed‑Won
A01185,"Edwards, Rodgers and Davis",MarTech,New,28,52,8398.38,Closed‑Won
A01186,Smith and Sons,EdTech,New,14,12,18150.99,Closed‑Lost
A01187,"Holland, Murphy and Kline",HealthTech,New,33,32,8686.56,Closed‑Won
A01188,"Adams, Quinn and Watson",E‑Commerce,New,34,29,15619.65,Closed‑Lost
A01189,White-Morales,E‑Commerce,New,21,46,16578.67,Closed‑Won
A01190,Nelson-Cruz,FinTech,New,15,3,15457.7,Negotiation
A01191,Marsh-Banks,MarTech,Expansion,12,7,25346.17,Negotiation
A01192,Wilson Ltd,EdTech,Expansion,11,25,15657.91,Closed‑Won
A01193,"Brown, Dunlap and Moore",HealthTech,New,35,28,11571.29,Closed‑Won
A01194,Pruitt-Webb,CyberSecurity,New,11,47,16367.62,Closed‑Won
A01195,"Gregory, White and James",E‑Commerce,New,19,36,14032.88,Closed‑Won
A01196,Carr-Huffman,CyberSecurity,Expansion,20,9,20597.89,Closed‑Won
A01197,"Mcpherson, Anderson and Knapp",CyberSecurity,New,26,58,16490.16,Closed‑Won
A01198,Clay Group,SMB SaaS,New,31,28,16431.49,Closed‑Won
A01199,Brown Ltd,Logistics,Expansion,22,57,22488.15,Closed‑Won
A01200,Smith-Oneill,E‑Commerce,Expansion,28,59,19294.4,Negotiation
A01201,"Saunders, Ray and Cunningham",SMB SaaS,New,23,4,12382.37,Closed‑Won
A01202,"Marks, Stone and Watts",MarTech,New,19,30,15431.09,Closed‑Won
A01203,"Davis, Stanley and Wright",SMB SaaS,New,10,25,14603.04,Closed‑Won
A01204,Alvarado-Davidson,Logistics,Expansion,12,30,5145.16,Closed‑Won
A01205,Combs PLC,CyberSecurity,New,18,19,22526.29,Closed‑Won
A01206,"Brown, Schneider and Moore",SMB SaaS,New,7,33,17055.17,Closed‑Won
A01207,Christian-Booth,E‑Commerce,New,15,30,17360.9,Closed‑Won
A01208,Walton LLC,CyberSecurity,New,19,11,15656.72,Closed‑Won
A01209,Rivera LLC,EdTech,New,20,18,17825.24,Closed‑Won
A01210,Hunter PLC,SMB SaaS,New,30,9,15841.31,Closed‑Won
A01211,"Gray, Montoya and Miller",E‑Commerce,Expansion,35,50,17721.13,Closed‑Won
A01212,Solis-West,Logistics,Expansion,27,40,13520.56,Closed‑Won
A01213,West-Wilson,MarTech,New,8,23,17398.76,Closed‑Won
A01214,Mcgee-Smith,Logistics,Expansion,18,24,12564.76,Closed‑Won
A01215,Gutierrez-Hawkins,FinTech,New,27,5,14103.53,Closed‑Won
A01216,Petersen PLC,FinTech,New,23,18,14291.89,On‑Hold
A01217,"Walsh, Wu and Hart",E‑Commerce,New,19,55,17709.06,Closed‑Won
A01218,"Powers, Clements and Cox",CyberSecurity,Expansion,19,2,23904.9,Closed‑Won
A01219,Velasquez Group,Logistics,Expansion,18,9,5454.94,Closed‑Won
A01220,Castro-Harvey,MarTech,Expansion,23,50,13368.71,Closed‑Won
A01221,Moran-Cox,CyberSecurity,Expansion,11,31,27646.16,Closed‑Won
A01222,Wilson-Malone,E‑Commerce,Expansion,21,2,16456.72,Closed‑Won
A01223,Smith LLC,SMB SaaS,New,12,29,16015.96,On‑Hold
A01224,"Brandt, Carter and Boyd",CyberSecurity,Expansion,26,45,13682.75,Closed‑Won
A01225,"Rodriguez, Prince and Vasquez",MarTech,New,31,21,11261.66,Closed‑Won
A01226,"Newton, Ortiz and King",SMB SaaS,New,21,23,11881.64,Closed‑Lost
A01227,Lopez Group,FinTech,New,17,38,12058.01,Closed‑Won
A01228,Bryant and Sons,SMB SaaS,New,34,36,13969.77,Negotiation
A01229,"Morgan, Sherman and Williams",HealthTech,New,25,54,16069.0,Closed‑Won
A01230,"Monroe, Chapman and Barton",EdTech,New,18,15,12767.36,Closed‑Won
A01231,Ellis-Lawrence,Logistics,New,6,17,11352.52,Closed‑Won
A01232,"Taylor, Porter and Moreno",CyberSecurity,New,6,10,18633.02,Closed‑Won
A01233,Tran Group,SMB SaaS,Expansion,12,40,13724.42,Closed‑Won
A01234,"Webb, Romero and Morse",CyberSecurity,New,13,32,24855.47,Closed‑Won
A01235,Holt and Sons,CyberSecurity,New,27,21,15702.26,Closed‑Won
A01236,"Ochoa, Garcia and Sandoval",EdTech,New,21,42,17590.46,Negotiation
A01237,"Andrade, Gordon and Cruz",FinTech,New,35,23,9715.75,Closed‑Won
A01238,"Moon, Farmer and Hill",FinTech,New,22,12,18714.61,Closed‑Won
A01239,Waller-Chavez,EdTech,Expansion,33,32,12499.54,Closed‑Won
A01240,Taylor PLC,FinTech,New,22,26,10110.72,Closed‑Won
A01241,"Tanner, Hunt and Cameron",E‑Commerce,Expansion,16,24,11540.12,Closed‑Won
A01242,"Valencia, Joseph and Walls",Logistics,Expansion,27,27,7426.53,Closed‑Won
A01243,"Robinson, Clark and Klein",SMB SaaS,New,19,54,16366.47,Negotiation
A01244,"Reed, Chambers and Zavala",MarTech,Expansion,14,13,17409.19,Closed‑Won
A01245,"Hester, Thompson and Daniels",SMB SaaS,New,20,17,19363.77,Closed‑Won
A01246,"Morris, Wilson and Bell",SMB SaaS,Expansion,25,34,9561.4,Closed‑Won
A01247,Aguilar-Bender,Logistics,Expansion,17,3,20674.02,Closed‑Won
A01248,"Butler, Adkins and Skinner",MarTech,Expansion,27,9,13892.76,Negotiation
A01249,Rich-Henderson,EdTech,New,35,34,18995.89,Closed‑Won
A01250,Mills Inc,SMB SaaS,Expansion,18,31,16871.64,Closed‑Won
A01251,Thomas-Santiago,HealthTech,Expansion,14,39,20731.22,Closed‑Won
A01252,Adams and Sons,MarTech,New,18,7,13646.06,Closed‑Won
A01253,Vega-Thomas,FinTech,Expansion,31,51,21331.23,Closed‑Won
A01254,Vaughn LLC,Logistics,Expansion,11,29,9562.49,Closed‑Won
A01255,Molina Inc,CyberSecurity,New,35,10,10754.57,Closed‑Won
A01256,Cervantes-Garcia,FinTech,Expansion,18,19,9096.51,On‑Hold
A01257,"Stevenson, Hancock and Newton",HealthTech,New,31,14,5874.2,Closed‑Won
A01258,"Price, Dixon and Robles",E‑Commerce,New,29,27,14727.86,Closed‑Won
A01259,"Roberts, Beck and House",E‑Commerce,New,29,28,16892.02,Closed‑Won
A01260,Butler-French,Logistics,New,33,26,13265.49,Closed‑Won
A01261,"Edwards, Arnold and Smith",EdTech,Expansion,11,28,17052.65,Closed‑Won
A01262,Harris-Melton,SMB SaaS,New,23,54,10498.45,Closed‑Won
A01263,Greer-Pruitt,MarTech,New,8,57,15237.4,Closed‑Won
A01264,"Mckinney, Richardson and Chapman",Logistics,New,14,29,14949.65,Closed‑Won
A01265,"Morrison, Parsons and Brandt",HealthTech,New,7,57,14148.11,Closed‑Won
A01266,Cole-Lucero,FinTech,Expansion,26,49,16330.83,Closed‑Won
A01267,Lopez and Sons,FinTech,Expansion,24,49,11305.89,Closed‑Won
A01268,"Palmer, Bennett and Patterson",EdTech,New,28,14,16437.31,Negotiation
A01269,"Baker, Martin and Singleton",SMB SaaS,New,11,26,7088.59,Closed‑Lost
A01270,Rivera Ltd,FinTech,New,15,21,13175.74,Closed‑Won
A01271,Williams LLC,EdTech,New,26,6,21079.89,Closed‑Won
A01272,"Williams, Randolph and Gilbert",FinTech,New,30,5,13540.06,Closed‑Won
A01273,"Turner, Tyler and Pierce",SMB SaaS,New,32,37,20431.11,Negotiation
A01274,Bowers LLC,CyberSecurity,New,8,25,21890.85,Closed‑Won
A01275,"Robinson, White and Jones",Logistics,New,18,49,15697.88,Closed‑Won
A01276,"Moore, Daniels and Powell",CyberSecurity,New,6,40,20514.07,Closed‑Won
A01277,Walker-Lewis,CyberSecurity,New,30,6,12101.87,Closed‑Won
A01278,Rivera-Carter,Logistics,Expansion,9,50,16077.04,On‑Hold
A01279,"Moreno, Barajas and Colon",FinTech,Expansion,30,30,26680.21,Negotiation
A01280,"Smith, Caldwell and Griffin",Logistics,New,10,34,17150.69,Closed‑Won
A01281,"Austin, Oliver and Haley",CyberSecurity,Expansion,6,57,15323.1,On‑Hold
A01282,"Blackwell, James and Hogan",CyberSecurity,Expansion,32,38,14015.62,Closed‑Won
A01283,Cruz PLC,MarTech,New,19,2,16137.77,Closed‑Won
A01284,"Campbell, Pruitt and Short",Logistics,New,18,11,14248.36,Closed‑Won
A01285,Robertson-Hicks,MarTech,New,25,26,13291.57,Closed‑Won
A01286,Williams-Villanueva,FinTech,Expansion,14,3,16223.11,Closed‑Won
A01287,Flores Inc,SMB SaaS,New,26,10,20339.64,Closed‑Won
A01288,Jackson PLC,HealthTech,New,18,47,18005.87,Closed‑Won
A01289,"Smith, Jones and Santiago",FinTech,New,14,9,11283.71,Closed‑Won
A01290,Hancock Group,E‑Commerce,New,17,10,11543.63,Closed‑Won
A01291,Harris Ltd,HealthTech,Expansion,6,30,22578.99,Negotiation
A01292,"Rowe, Lucas and Case",Logistics,New,15,6,8227.62,Closed‑Won
A01293,"Parks, Johnson and Love",MarTech,Expansion,23,16,15157.56,Closed‑Won
A01294,Miller Inc,FinTech,Expansion,10,56,18790.5,Closed‑Won
A01295,Bauer PLC,SMB SaaS,Expansion,9,38,14803.29,Closed‑Won
A01296,Andrews and Sons,E‑Commerce,New,25,57,16163.22,Closed‑Won
A01297,Russell-Hayes,EdTech,Expansion,18,21,11781.54,Negotiation
A01298,Hamilton-Smith,CyberSecurity,New,10,37,17926.46,Closed‑Won
A01299,"Wilson, Smith and Cortez",E‑Commerce,New,28,15,18130.11,Closed‑Won
A01300,Avila PLC,FinTech,Expansion,29,23,18454.7,Closed‑Won
A01301,Haynes Inc,Logistics,New,7,11,13032.58,Closed‑Won
A01302,Reilly-Rodriguez,MarTech,New,12,50,11881.11,Closed‑Won
A01303,"Turner, Miller and Hubbard",CyberSecurity,New,17,11,9982.21,Closed‑Won
A01304,James-Short,SMB SaaS,Expansion,27,13,5457.92,Closed‑Won
A01305,Wells PLC,E‑Commerce,Expansion,8,28,17986.6,Closed‑Won
A01306,Taylor Group,CyberSecurity,New,30,26,15909.31,Closed‑Lost
A01307,"Phillips, Walters and Evans",EdTech,Expansion,15,19,14790.89,Closed‑Won
A01308,"Wong, Bernard and Smith",HealthTech,New,9,22,14108.07,Closed‑Won
A01309,"Thomas, Williams and Armstrong",MarTech,New,31,18,14548.33,Closed‑Won
A01310,Medina-Arroyo,Logistics,New,8,54,5941.31,Closed‑Won
A01311,Clark-Figueroa,E‑Commerce,Expansion,9,35,21666.94,Closed‑Won
A01312,"Cooper, Gutierrez and Brewer",EdTech,New,34,55,7399.84,Closed‑Won
A01313,"Thomas, White and Jensen",Logistics,New,21,59,15616.42,Negotiation
A01314,Lee-White,Logistics,New,19,39,22632.03,Closed‑Won
A01315,"Phelps, York and Randolph",SMB SaaS,Expansion,26,49,17786.2,Closed‑Won
A01316,"Murray, Dunn and Roberts",EdTech,New,24,7,18214.74,Closed‑Won
A01317,King and Sons,CyberSecurity,New,24,57,19434.75,Closed‑Won
A01318,"Carpenter, Lynn and Howard",E‑Commerce,Expansion,6,29,9476.83,Negotiation
A01319,"Rios, Garcia and Harvey",MarTech,New,22,43,8583.07,Closed‑Won
A01320,Stewart Group,MarTech,New,14,15,15268.15,Closed‑Won
A01321,Jensen-Torres,FinTech,New,30,6,15219.31,Closed‑Won
A01322,"Hernandez, Knight and Aguirre",EdTech,Expansion,21,53,18670.66,Closed‑Won
A01323,Jackson-Edwards,E‑Commerce,New,9,27,14330.98,Closed‑Won
A01324,Joseph Ltd,SMB SaaS,New,32,9,18768.67,Negotiation
A01325,Hill-Ward,Logistics,New,14,39,14873.82,Closed‑Won
A01326,"Quinn, Humphrey and Ford",HealthTech,Expansion,14,4,13888.09,Closed‑Won
A01327,Hampton-Tucker,CyberSecurity,Expansion,34,27,13947.36,Closed‑Won
A01328,Thompson PLC,FinTech,New,29,42,9167.95,Closed‑Won
A01329,Wilkinson and Sons,CyberSecurity,New,31,43,16224.41,Closed‑Won
A01330,"Gonzalez, Gross and Sims",EdTech,Expansion,25,27,15919.27,Closed‑Won
A01331,"Jones, Smith and Hunter",MarTech,New,33,22,10389.11,Closed‑Won
A01332,Hess PLC,CyberSecurity,New,9,50,12534.35,Closed‑Won
A01333,Hammond-Lewis,MarTech,New,23,11,17545.62,Closed‑Won
A01334,Arnold PLC,Logistics,New,14,5,11629.89,Closed‑Won
A01335,"Kennedy, Rowe and Diaz",E‑Commerce,New,17,10,14069.68,Closed‑Won
A01336,Vance PLC,SMB SaaS,New,13,48,16621.41,Negotiation
A01337,"Vincent, Anderson and Mason",CyberSecurity,New,12,28,14651.63,Closed‑Won
A01338,Sanders PLC,EdTech,New,19,3,12909.72,Closed‑Won
A01339,Bates PLC,Logistics,Expansion,33,10,13547.26,Closed‑Won
A01340,"Martin, Palmer and Griffin",MarTech,New,25,2,13177.3,Closed‑Lost
A01341,Knight PLC,E‑Commerce,New,16,49,6449.26,Closed‑Won
A01342,"Brennan, Thomas and Dennis",HealthTech,Expansion,19,28,17746.24,Closed‑Won
A01343,Williams-Juarez,FinTech,New,21,5,16402.33,Closed‑Won
A01344,Brown LLC,E‑Commerce,Expansion,13,14,12381.68,Closed‑Won
A01345,Williams and Sons,HealthTech,New,21,37,13763.7,Closed‑Won
A01346,"Velez, Ward and Harrison",SMB SaaS,Expansion,26,36,14764.81,Closed‑Won
A01347,Keith-Williams,Logistics,New,13,49,14915.98,Closed‑Won
A01348,"Nguyen, Padilla and Boyd",CyberSecurity,New,23,2,14981.76,Closed‑Won
A01349,Davenport-Baker,CyberSecurity,New,27,5,10971.47,Closed‑Won
A01350,"Hudson, Bennett and Gray",E‑Commerce,New,21,3,14449.02,Negotiation
A01351,"Valdez, Houston and Black",FinTech,New,14,24,14975.18,Closed‑Won
A01352,Kaufman-Walker,MarTech,Expansion,22,43,17297.3,Closed‑Won
A01353,Gomez-Parrish,MarTech,Expansion,29,40,13208.93,Closed‑Won
A01354,Sparks-Eaton,SMB SaaS,New,12,13,21880.53,Closed‑Won
A01355,Shaw and Sons,HealthTech,Expansion,23,39,10367.85,Closed‑Won
A01356,Martin-Jones,MarTech,Expansion,26,39,15707.57,Closed‑Won
A01357,"Campbell, Hernandez and Moore",EdTech,Expansion,15,12,17669.94,Negotiation
A01358,"Love, Wilson and Hall",HealthTech,New,17,45,12287.41,Closed‑Won
A01359,Cortez-Olson,FinTech,New,32,25,10881.27,Closed‑Won
A01360,Mendoza-Garza,EdTech,New,16,4,13099.06,Closed‑Won
A01361,"Whitaker, Johnson and Williams",FinTech,New,23,24,18703.24,Closed‑Won
A01362,"Vargas, Taylor and Hunt",FinTech,Expansion,10,46,13921.82,Closed‑Won
A01363,"Thomas, Jackson and Nielsen",EdTech,New,33,42,21541.12,Closed‑Won
A01364,"Mullen, Greene and Elliott",HealthTech,New,23,16,15443.07,Closed‑Won
A01365,Johns Ltd,E‑Commerce,New,28,45,15513.16,Closed‑Won
A01366,"Nicholson, Valentine and Robinson",FinTech,Expansion,24,23,10548.87,Closed‑Won
A01367,"Haney, Dillon and Jackson",EdTech,New,16,28,16573.11,Closed‑Won
A01368,Burke-Norton,MarTech,New,16,6,11386.26,On‑Hold
A01369,Hanson PLC,SMB SaaS,Expansion,27,59,14840.72,Negotiation
A01370,Jackson-Jennings,CyberSecurity,Expansion,31,50,14098.41,On‑Hold
A01371,Carlson-Jones,SMB SaaS,New,9,12,14121.34,On‑Hold
A01372,Cruz-Rodriguez,EdTech,Expansion,31,34,12888.77,Closed‑Won
A01373,Mills PLC,MarTech,Expansion,30,47,10289.43,Negotiation
A01374,"Barnes, Hernandez and Davis",MarTech,New,9,30,13928.83,Closed‑Won
A01375,Valenzuela-Greene,SMB SaaS,Expansion,9,13,13145.75,Closed‑Won
A01376,"Gordon, Wilson and Olson",SMB SaaS,New,26,58,20517.78,Closed‑Won
A01377,Winters PLC,SMB SaaS,New,31,16,13684.37,Closed‑Won
A01378,Prince Ltd,Logistics,New,17,20,11841.25,Closed‑Won
A01379,"Reynolds, Fisher and Golden",E‑Commerce,New,25,22,19152.67,Closed‑Won
A01380,"Moreno, Perez and Lang",E‑Commerce,New,35,53,12824.15,Closed‑Won
A01381,Bell-Ballard,SMB SaaS,New,15,30,18512.6,Closed‑Won
A01382,"Johnston, Coleman and Scott",EdTech,New,12,43,14088.54,Closed‑Won
A01383,Kent Inc,EdTech,New,35,54,13926.79,Negotiation
A01384,George-Stephens,SMB SaaS,New,14,55,17861.96,Closed‑Won
A01385,Lopez-Fletcher,MarTech,New,20,51,11362.72,Negotiation
A01386,Lane Inc,HealthTech,New,19,54,22683.02,On‑Hold
A01387,"Smith, Pena and Watts",E‑Commerce,New,21,56,23141.02,Closed‑Won
A01388,Ortiz-Rodriguez,EdTech,New,14,59,14544.66,Closed‑Won
A01389,Pearson-King,SMB SaaS,Expansion,26,38,23282.59,Closed‑Won
A01390,"Henderson, Diaz and Hill",SMB SaaS,New,26,8,15913.95,Closed‑Won
A01391,"Sanders, Harris and Arnold",EdTech,Expansion,12,7,15781.2,Closed‑Won
A01392,"Olson, Wood and Peters",E‑Commerce,New,20,47,7474.97,Closed‑Won
A01393,Hinton-Lane,SMB SaaS,Expansion,7,19,15488.93,Closed‑Won
A01394,"Sanders, Taylor and Shields",CyberSecurity,Expansion,12,48,14759.23,Closed‑Won
A01395,Adkins Group,HealthTech,Expansion,35,56,10425.23,Closed‑Won
A01396,"Avery, Garcia and Romero",E‑Commerce,New,21,39,6594.07,Closed‑Won
A01397,Owen-Mendez,E‑Commerce,New,24,46,19624.16,Closed‑Won
A01398,"Mann, Martin and Oconnell",CyberSecurity,New,32,17,12871.05,Closed‑Won
A01399,Brock and Sons,FinTech,New,27,26,15918.13,Closed‑Won
A01400,Frost-Graham,EdTech,Expansion,29,57,11176.42,Closed‑Won
A01401,Baker LLC,Logistics,Expansion,27,49,11971.46,Closed‑Won
A01402,Lynch Ltd,HealthTech,New,20,13,12119.16,Negotiation
A01403,Arias-Morales,EdTech,New,24,56,19843.48,Closed‑Won
A01404,"Meyer, Dawson and Harper",EdTech,New,14,30,17025.53,Closed‑Won
A01405,Bowman Group,HealthTech,New,32,50,9053.39,Closed‑Won
A01406,Harris Ltd,HealthTech,New,11,31,18615.07,Negotiation
A01407,"Mitchell, Johnson and Greene",EdTech,New,32,36,13955.03,Negotiation
A01408,"Hale, Gilbert and Craig",Logistics,Expansion,32,10,16083.74,Closed‑Won
A01409,Allen-Smith,FinTech,New,10,20,20144.75,Closed‑Won
A01410,Miller LLC,EdTech,New,27,43,19648.13,Closed‑Won
A01411,Gomez-Foster,FinTech,New,35,50,11657.01,Closed‑Won
A01412,"Gonzalez, Smith and Padilla",E‑Commerce,Expansion,23,6,13493.16,Closed‑Won
A01413,Dunn Ltd,EdTech,New,16,5,13184.02,Closed‑Won
A01414,"Herman, Bailey and Richmond",Logistics,New,32,41,10113.74,Negotiation
A01415,Perez-Mccarty,E‑Commerce,New,21,27,9714.97,Closed‑Won
A01416,Spears-Andrews,Logistics,New,9,51,22261.78,Closed‑Won
A01417,Thompson-Hunter,CyberSecurity,New,13,5,12540.5,Closed‑Won
A01418,"Jones, Phillips and Arroyo",MarTech,New,26,21,12953.34,Closed‑Won
A01419,"Frye, Walter and Li",Logistics,New,19,3,16143.0,Closed‑Won
A01420,"Wright, Ramos and Bennett",MarTech,Expansion,12,42,13809.36,Closed‑Won
A01421,Carrillo-Todd,SMB SaaS,New,29,51,12578.34,Negotiation
A01422,Maldonado-Mosley,SMB SaaS,New,9,10,12225.55,Closed‑Won
A01423,Olson LLC,E‑Commerce,New,12,20,15720.46,Closed‑Won
A01424,Reyes and Sons,CyberSecurity,Expansion,19,50,15496.03,Closed‑Won
A01425,"Haynes, Mcbride and Gutierrez",EdTech,Expansion,7,3,17864.25,On‑Hold
A01426,Black-Smith,Logistics,Expansion,17,57,16002.71,Closed‑Won
A01427,Wright-Davis,CyberSecurity,New,33,53,14135.05,Closed‑Won
A01428,"Goodman, Peterson and Spencer",SMB SaaS,New,34,10,19984.97,Closed‑Won
A01429,Woods LLC,EdTech,Expansion,32,9,7367.49,Closed‑Won
A01430,Shannon LLC,Logistics,Expansion,15,41,19442.99,Closed‑Won
A01431,Valentine Ltd,MarTech,New,7,1,21003.1,Closed‑Won
A01432,Porter and Sons,HealthTech,New,30,30,15773.04,Negotiation
A01433,Moss LLC,HealthTech,New,17,4,17131.67,Closed‑Won
A01434,Perez and Sons,E‑Commerce,Expansion,28,32,10317.93,Negotiation
A01435,"Kelly, Maxwell and Wilson",EdTech,New,9,21,20495.67,Negotiation
A01436,Lowe Ltd,FinTech,New,26,42,15857.33,Closed‑Won
A01437,Austin-Duran,MarTech,New,23,52,17851.29,Closed‑Won
A01438,"Rubio, Charles and Watson",CyberSecurity,New,33,29,9509.75,Closed‑Won
A01439,Vasquez-Galloway,EdTech,New,9,38,12462.31,Negotiation
A01440,"Melton, Henry and Joyce",SMB SaaS,New,18,36,18151.14,Closed‑Won
A01441,"Ramirez, Walker and Ray",Logistics,Expansion,35,59,14135.32,Closed‑Won
A01442,Fox Group,E‑Commerce,New,17,14,18105.05,Closed‑Won
A01443,Ayers-Johnson,SMB SaaS,New,25,15,9581.71,Closed‑Won
A01444,Long-Parks,MarTech,New,10,23,13692.38,Closed‑Won
A01445,Bryant Inc,HealthTech,New,27,44,14663.98,Closed‑Won
A01446,"Holmes, Stewart and Smith",FinTech,New,14,52,15910.24,Closed‑Won
A01447,"Clark, Carpenter and Nguyen",SMB SaaS,New,23,17,15978.62,Closed‑Won
A01448,"Hensley, Lopez and Baker",SMB SaaS,New,32,7,14655.89,Closed‑Won
A01449,Ruiz-Austin,CyberSecurity,Expansion,25,36,15352.68,Closed‑Won
A01450,White-Coleman,FinTech,New,20,36,12966.19,Negotiation
A01451,Haynes-Watson,EdTech,New,11,23,12985.99,Closed‑Won
A01452,Ramirez-White,FinTech,New,16,11,12468.82,Closed‑Won
A01453,Krause Ltd,FinTech,Expansion,31,51,9069.11,Closed‑Won
A01454,Olsen Ltd,HealthTech,New,12,50,10990.46,Closed‑Won
A01455,Brock-Peters,E‑Commerce,Expansion,25,45,9065.7,Closed‑Won
A01456,Gonzalez-Marsh,FinTech,Expansion,20,35,13226.89,Closed‑Won
A01457,"Hernandez, Shaffer and Thompson",SMB SaaS,New,15,16,15578.65,Closed‑Won
A01458,Taylor-Barry,MarTech,New,27,24,18122.42,Negotiation
A01459,"Holmes, Le and Floyd",EdTech,Expansion,16,5,9780.56,Negotiation
A01460,King-Garrison,E‑Commerce,New,14,15,13443.31,Closed‑Won
A01461,Ross Ltd,Logistics,New,21,27,14596.73,Closed‑Won
A01462,Brown LLC,EdTech,New,28,26,9204.04,Closed‑Won
A01463,Combs-Davis,FinTech,New,31,5,22339.97,Closed‑Won
A01464,"Cook, Ward and Castro",FinTech,New,24,57,20836.91,Closed‑Won
A01465,Cooper-Jenkins,Logistics,New,25,16,8128.3,Closed‑Won
A01466,Dillon-Mccarty,FinTech,New,29,31,11570.28,Closed‑Won
A01467,Ray Ltd,CyberSecurity,New,14,28,14185.82,Closed‑Won
A01468,"Ryan, Krause and Mitchell",MarTech,New,13,28,15026.3,Closed‑Won
A01469,Nunez-Freeman,Logistics,Expansion,20,50,15172.7,Closed‑Won
A01470,"Griffin, Miller and Austin",FinTech,New,24,45,16627.38,Closed‑Won
A01471,Welch-Thomas,SMB SaaS,New,25,52,9305.01,Closed‑Won
A01472,Davidson LLC,CyberSecurity,New,10,23,16950.81,Closed‑Won
A01473,Welch-Duncan,MarTech,New,29,16,13339.5,Closed‑Won
A01474,Miller LLC,HealthTech,New,16,26,8315.75,Closed‑Won
A01475,Edwards Ltd,SMB SaaS,New,32,34,14177.52,Closed‑Won
A01476,Page-Jacobs,EdTech,New,27,20,16489.34,Closed‑Won
A01477,Nelson-Wallace,MarTech,New,35,28,14170.2,Closed‑Won
A01478,Adkins-Meyer,MarTech,New,24,9,19074.99,Closed‑Won
A01479,Gutierrez-White,HealthTech,New,21,35,14374.77,Closed‑Won
A01480,Martinez and Sons,MarTech,New,11,43,17832.56,Closed‑Won
A01481,"King, Manning and Brady",HealthTech,New,17,32,23604.25,Closed‑Won
A01482,Jackson Inc,FinTech,New,31,52,5401.55,Closed‑Won
A01483,Brown Group,EdTech,New,17,59,16912.0,Closed‑Won
A01484,"Brown, Wise and Warren",FinTech,New,7,54,8914.61,Closed‑Won
A01485,Garcia PLC,MarTech,New,13,6,13486.62,Closed‑Won
A01486,Miller Group,Logistics,New,23,52,18575.22,Closed‑Won
A01487,Perez-Rojas,HealthTech,New,24,20,11416.99,Negotiation
A01488,Sims-Anderson,FinTech,Expansion,35,27,17051.82,Closed‑Won
A01489,Johnson Ltd,FinTech,New,34,25,24691.7,Closed‑Won
A01490,Dalton-Nguyen,E‑Commerce,New,21,17,14471.17,Closed‑Won
A01491,Mcdonald-Pitts,EdTech,New,22,52,9675.4,Closed‑Won
A01492,Dunn-Taylor,MarTech,Expansion,30,38,14032.98,Closed‑Won
A01493,"Ryan, Garza and Bryant",FinTech,New,7,58,14229.73,Negotiation
A01494,"Fields, Elliott and Mills",EdTech,New,23,57,13448.52,Closed‑Won
A01495,"Ferguson, Stout and Olson",MarTech,Expansion,20,25,18484.52,Closed‑Won
A01496,Ballard Group,MarTech,New,29,43,14986.95,Closed‑Won
A01497,Diaz-Green,E‑Commerce,Expansion,30,30,11468.29,Closed‑Won
A01498,Smith-Mills,Logistics,New,25,30,21159.79,Closed‑Won
A01499,Cooper Group,MarTech,New,25,44,11538.74,Closed‑Won
A01500,"Smith, Weeks and Arroyo",Logistics,New,26,41,23909.01,Closed‑Won
A01501,Evans-Cannon,E‑Commerce,New,23,54,23714.45,Closed‑Won
A01502,Harper-Robles,EdTech,Expansion,12,46,7917.71,Closed‑Won
A01503,"Brooks, Jenkins and Castro",HealthTech,New,14,37,11007.4,Closed‑Won
A01504,Wright-Espinoza,EdTech,Expansion,28,55,13285.49,Closed‑Won
A01505,"Price, Gray and Baker",E‑Commerce,New,24,7,12569.57,Closed‑Won
A01506,Garrett-Black,HealthTech,New,13,46,11739.37,Closed‑Won
A01507,"Aguirre, Cohen and Mitchell",SMB SaaS,Expansion,32,24,15520.36,Closed‑Won
A01508,"Patel, Adams and Lopez",MarTech,New,35,26,22010.64,Closed‑Won
A01509,White LLC,Logistics,Expansion,24,47,13882.45,Closed‑Won
A01510,Walsh PLC,CyberSecurity,New,12,17,10671.2,Closed‑Won
A01511,Nelson-Dean,EdTech,Expansion,34,53,11932.41,Closed‑Won
A01512,Flores and Sons,HealthTech,New,13,30,19662.89,Closed‑Won
A01513,Booker Inc,CyberSecurity,New,18,21,14433.52,Negotiation
A01514,Compton LLC,EdTech,New,31,20,9160.5,Closed‑Won
A01515,Martinez-Gonzales,HealthTech,New,21,25,18478.38,Negotiation
A01516,Hall and Sons,SMB SaaS,New,13,56,7097.75,Closed‑Won
A01517,Snyder LLC,MarTech,New,8,7,17329.04,Closed‑Won
A01518,Collins-Lloyd,FinTech,Expansion,16,30,12113.35,Closed‑Won
A01519,Ford-Moody,MarTech,New,26,50,11379.0,Closed‑Won
A01520,Miller-Christensen,MarTech,Expansion,27,28,11461.95,Closed‑Won
A01521,Brown Group,Logistics,Expansion,12,34,19240.16,Closed‑Won
A01522,Daniels and Sons,CyberSecurity,New,10,21,18336.78,Closed‑Won
A01523,Huang LLC,HealthTech,New,27,9,10191.67,Closed‑Won
A01524,Clayton-Martinez,HealthTech,New,10,38,18240.75,Closed‑Won
A01525,"Wright, Wise and Ramos",E‑Commerce,New,7,55,21488.2,Negotiation
A01526,"Vang, Gonzalez and Moss",FinTech,New,20,31,14399.65,Negotiation
A01527,Boyd and Sons,EdTech,New,23,26,8037.55,Negotiation
A01528,Price-Ali,HealthTech,New,13,8,16546.32,Negotiation
A01529,Moore-Chandler,FinTech,New,12,56,16889.3,Closed‑Won
A01530,"Pineda, Meyer and King",SMB SaaS,New,13,52,18540.51,Closed‑Won
A01531,"Evans, Ward and Williams",FinTech,New,16,54,16634.03,Closed‑Won
A01532,"Robinson, Rodriguez and Chen",FinTech,New,6,22,17629.0,Closed‑Won
A01533,Smith-Bauer,SMB SaaS,New,6,37,12075.01,Closed‑Won
A01534,"Wilson, Mccormick and Smith",HealthTech,Expansion,17,26,13233.71,Closed‑Won
A01535,Perkins Ltd,Logistics,New,6,14,6041.57,Closed‑Won
A01536,Barker-Moore,FinTech,New,15,13,19352.98,Closed‑Won
A01537,Wright Group,HealthTech,New,23,23,15039.15,Closed‑Won
A01538,Parks LLC,FinTech,New,6,33,9840.12,On‑Hold
A01539,"Brown, Kelly and Moore",CyberSecurity,New,24,8,14641.57,Negotiation
A01540,"Moody, Martinez and Hall",E‑Commerce,New,24,42,16342.47,Closed‑Won
A01541,"Kramer, Sherman and Trujillo",MarTech,Expansion,23,28,25709.09,Negotiation
A01542,Quinn-Smith,HealthTech,New,24,52,9707.13,Closed‑Won
A01543,Howard-Taylor,FinTech,Expansion,30,17,16458.88,Closed‑Won
A01544,Washington Group,E‑Commerce,New,8,4,21046.64,Closed‑Won
A01545,"Phillips, Terry and Lopez",HealthTech,New,11,19,8442.87,Closed‑Won
A01546,Stephens LLC,E‑Commerce,New,15,58,20559.63,Closed‑Won
A01547,"Mcdonald, Dillon and George",CyberSecurity,New,26,19,10775.84,Closed‑Won
A01548,"Martin, Schmidt and Cole",Logistics,Expansion,32,42,15836.29,Closed‑Won
A01549,Weaver-Gibson,MarTech,Expansion,33,50,12833.07,Closed‑Won
A01550,"Hunter, Gross and Andrade",FinTech,Expansion,23,17,21739.54,Closed‑Won
A01551,"Vincent, Parsons and Allen",EdTech,New,18,38,20696.82,Closed‑Won
A01552,"Brown, Coffey and Fuentes",Logistics,Expansion,18,13,9526.01,Closed‑Won
A01553,Warren Group,E‑Commerce,New,7,22,17967.65,Closed‑Won
A01554,"Moore, Campbell and Ortiz",E‑Commerce,Expansion,19,18,15405.02,Closed‑Won
A01555,Rodriguez-Mills,MarTech,New,21,40,7662.22,Closed‑Won
A01556,Williams and Sons,HealthTech,New,12,52,8018.66,Closed‑Won
A01557,Russo and Sons,SMB SaaS,New,29,15,19438.71,Closed‑Won
A01558,Washington Inc,Logistics,New,30,18,13379.97,Closed‑Won
A01559,Duncan Group,SMB SaaS,New,15,49,10759.88,Closed‑Won
A01560,"Burns, Hanson and Garza",Logistics,Expansion,33,28,14645.18,Closed‑Won
A01561,Diaz PLC,EdTech,Expansion,9,31,12090.42,Closed‑Won
A01562,"Jones, Conrad and Clark",EdTech,Expansion,33,42,14749.85,Closed‑Won
A01563,Hebert-Collier,HealthTech,New,29,9,11341.64,Closed‑Won
A01564,Owen-Brown,SMB SaaS,New,12,52,15578.66,Closed‑Won
A01565,"Paul, Zamora and Short",E‑Commerce,New,25,22,27585.31,Closed‑Won
A01566,"Brown, Jensen and Rice",MarTech,New,15,39,16101.89,Closed‑Won
A01567,"Jones, Torres and Blackburn",SMB SaaS,New,29,26,14760.88,Closed‑Won
A01568,"Davis, Hardy and Schmidt",E‑Commerce,New,10,45,14301.0,Closed‑Won
A01569,Lee Ltd,SMB SaaS,New,13,37,13292.71,Closed‑Won
A01570,Hudson and Sons,SMB SaaS,New,15,11,12842.22,Closed‑Won
A01571,"Curry, Perry and Garcia",FinTech,New,11,12,18386.69,Negotiation
A01572,"Ray, Craig and Park",EdTech,New,15,52,12531.76,Closed‑Won
A01573,Andrade-Jackson,CyberSecurity,New,24,31,12360.66,Closed‑Won
A01574,Pierce PLC,Logistics,Expansion,24,17,18747.39,Closed‑Won
A01575,Sandoval-Ferguson,HealthTech,New,22,9,13930.29,Closed‑Won
A01576,"Ramos, Gomez and Edwards",EdTech,Expansion,11,8,20579.16,Closed‑Won
A01577,Kirk-Gutierrez,E‑Commerce,New,12,55,13039.28,Closed‑Won
A01578,"Jordan, Swanson and Franklin",Logistics,Expansion,33,58,23617.4,Negotiation
A01579,"Gardner, Brooks and Pierce",FinTech,Expansion,13,24,19061.71,On‑Hold
A01580,"King, Nixon and West",E‑Commerce,Expansion,9,12,3895.88,Closed‑Won
A01581,Smith-Johnson,EdTech,New,19,25,12950.71,Closed‑Won
A01582,Larson-Holmes,HealthTech,New,6,9,19673.12,Closed‑Won
A01583,Smith-Joyce,E‑Commerce,New,16,33,19463.43,Closed‑Won
A01584,Foley Inc,MarTech,New,31,37,9992.8,Closed‑Won
A01585,"Short, Ellison and Dixon",CyberSecurity,New,14,59,15832.98,Closed‑Lost
A01586,"Howe, Moore and Johnson",EdTech,New,27,19,14486.58,Negotiation
A01587,Moore-Baker,Logistics,New,20,12,15256.23,Closed‑Won
A01588,"Wright, Scott and Evans",FinTech,New,16,8,10788.04,Closed‑Won
A01589,"Ross, Hardin and Navarro",Logistics,New,25,23,22044.6,Closed‑Won
A01590,"Nguyen, Olson and Freeman",FinTech,New,23,36,11411.12,Closed‑Won
A01591,"Warner, Weiss and Davis",CyberSecurity,Expansion,15,4,19410.84,Closed‑Won
A01592,"Evans, Cross and Johnston",EdTech,Expansion,12,45,9352.53,Closed‑Won
A01593,Deleon LLC,MarTech,New,33,28,19748.3,Closed‑Won
A01594,Hobbs-Hamilton,FinTech,New,11,47,9445.31,Closed‑Won
A01595,Kane and Sons,CyberSecurity,New,34,28,10062.99,Closed‑Won
A01596,"Delgado, Guzman and Smith",HealthTech,New,20,10,9390.49,Closed‑Won
A01597,"Reyes, Torres and Williams",CyberSecurity,New,35,2,11955.03,Closed‑Won
A01598,"Cunningham, Murphy and Wolfe",CyberSecurity,New,16,33,14371.34,Closed‑Won
A01599,Williams Ltd,Logistics,Expansion,22,32,17940.11,Closed‑Won
A01600,Maddox-Mullins,CyberSecurity,New,24,49,18322.19,Closed‑Won
A01601,"Wagner, Walker and Roberts",EdTech,Expansion,16,52,18892.16,Negotiation
A01602,Hernandez-Rogers,CyberSecurity,New,12,10,9800.87,Closed‑Won
A01603,Duncan-Williams,Logistics,New,21,19,9361.66,Closed‑Won
A01604,Baker-Ross,EdTech,Expansion,25,13,14019.7,Closed‑Won
A01605,Ayala-Anderson,FinTech,New,13,7,13354.47,Closed‑Won
A01606,Castillo and Sons,SMB SaaS,Expansion,29,1,14109.62,Closed‑Won
A01607,Foster-Duncan,HealthTech,New,25,5,14943.25,Closed‑Won
A01608,"Gilbert, Fitzgerald and Sanchez",E‑Commerce,New,10,31,11488.83,Closed‑Won
A01609,Adams Group,HealthTech,New,34,9,9796.44,Closed‑Won
A01610,Cohen-Johnston,HealthTech,Expansion,7,12,20332.51,Closed‑Won
A01611,Powers Group,Logistics,New,25,7,23291.32,Closed‑Won
A01612,Bailey-Flores,HealthTech,Expansion,19,43,16066.95,Closed‑Won
A01613,"Rios, Carrillo and Jackson",CyberSecurity,Expansion,25,38,20957.03,Closed‑Won
A01614,Jensen-Branch,CyberSecurity,New,29,57,19926.14,Closed‑Won
A01615,Hanson-Alexander,FinTech,New,26,7,7251.3,Closed‑Won
A01616,Gonzalez LLC,HealthTech,Expansion,25,13,16565.83,On‑Hold
A01617,Todd Inc,Logistics,Expansion,31,27,13190.34,Closed‑Won
A01618,Singh and Sons,E‑Commerce,New,27,39,16172.98,Closed‑Won
A01619,"Mcintosh, Melton and Wilkins",FinTech,New,30,8,16861.49,Closed‑Won
A01620,Cooper Inc,SMB SaaS,New,18,13,12554.69,Closed‑Won
A01621,Cole-Johnson,EdTech,New,12,25,11395.41,Closed‑Won
A01622,Singh and Sons,FinTech,Expansion,13,2,12094.37,Closed‑Won
A01623,Payne LLC,SMB SaaS,New,24,24,15834.27,Closed‑Won
A01624,"Webb, Blair and Thomas",FinTech,New,21,45,25079.97,Closed‑Won
A01625,"Barnett, Bennett and Escobar",E‑Commerce,New,8,32,12535.27,Closed‑Won
A01626,"Williams, Jackson and Campbell",SMB SaaS,New,12,26,13086.87,Closed‑Won
A01627,"Williamson, Brown and Pena",E‑Commerce,New,35,29,16403.63,Closed‑Won
A01628,Jones Ltd,E‑Commerce,Expansion,27,56,15497.21,Closed‑Won
A01629,Alvarado-Durham,MarTech,New,28,31,16391.24,Closed‑Won
A01630,Lin-Smith,HealthTech,New,11,32,14752.25,Closed‑Won
A01631,"Hughes, Whitney and Romero",E‑Commerce,Expansion,7,55,18053.92,Negotiation
A01632,"Garcia, Stewart and Delacruz",SMB SaaS,New,14,10,17661.02,Closed‑Won
A01633,"Miller, Gonzalez and Rasmussen",FinTech,New,31,6,19555.21,Closed‑Won
A01634,"House, Smith and Wright",SMB SaaS,New,21,27,13024.08,Closed‑Won
A01635,"Torres, Burns and Garner",MarTech,Expansion,29,19,12654.98,Closed‑Won
A01636,Reed LLC,E‑Commerce,Expansion,20,12,14867.07,Closed‑Won
A01637,Garrett-Young,HealthTech,New,20,8,14608.39,Closed‑Won
A01638,"Hill, Brown and Scott",E‑Commerce,New,24,52,18740.95,Closed‑Won
A01639,Zamora-Briggs,HealthTech,New,34,37,12651.72,Closed‑Won
A01640,Raymond LLC,EdTech,New,19,41,10669.08,Closed‑Won
A01641,Hernandez Group,CyberSecurity,New,23,7,14298.29,Closed‑Won
A01642,"Taylor, Blair and Meyer",FinTech,Expansion,33,21,27774.76,Closed‑Lost
A01643,"Salazar, Garrett and Perez",MarTech,Expansion,17,37,17095.21,Closed‑Won
A01644,Berry Group,E‑Commerce,New,31,32,13885.6,Closed‑Won
A01645,Browning-Murphy,HealthTech,Expansion,22,41,16586.06,Negotiation
A01646,"Anderson, Delgado and Carpenter",EdTech,Expansion,32,40,15696.29,Closed‑Won
A01647,"Mcbride, Huffman and Parker",EdTech,New,20,25,12884.96,Closed‑Won
A01648,"Roach, Browning and Jordan",CyberSecurity,New,24,47,14274.03,Closed‑Won
A01649,Douglas PLC,SMB SaaS,Expansion,15,16,11941.07,Closed‑Won
A01650,Stewart PLC,Logistics,New,25,5,13973.17,Closed‑Won
A01651,"Fry, Wilson and Stewart",HealthTech,Expansion,15,54,11659.43,Closed‑Won
A01652,Acosta LLC,FinTech,New,24,2,20037.56,Closed‑Won
A01653,Ali-Turner,FinTech,New,29,17,10887.18,Negotiation
A01654,"Peck, Shannon and Mahoney",E‑Commerce,Expansion,19,7,19059.63,Closed‑Won
A01655,Hernandez-Lopez,HealthTech,New,18,14,11879.36,Closed‑Won
A01656,Lopez PLC,HealthTech,New,15,24,20517.2,Negotiation
A01657,"Adams, Bradley and Hall",Logistics,New,27,8,16264.19,Closed‑Won
A01658,Hall Inc,Logistics,New,23,28,10023.84,Negotiation
A01659,Miller-Chan,Logistics,New,21,55,14819.62,Closed‑Won
A01660,Shaw PLC,EdTech,New,6,9,17056.32,Negotiation
A01661,Joseph-Brooks,E‑Commerce,New,9,55,9548.84,Closed‑Lost
A01662,Henry-Taylor,E‑Commerce,New,6,25,17118.61,Closed‑Won
A01663,Perez Group,HealthTech,New,31,35,17796.44,Closed‑Won
A01664,Schaefer Group,E‑Commerce,Expansion,31,27,17677.33,Closed‑Won
A01665,Newton and Sons,E‑Commerce,New,8,19,20542.22,Closed‑Won
A01666,Jones Group,MarTech,New,7,7,8940.45,Closed‑Won
A01667,"Burns, Nguyen and Ellis",Logistics,New,29,36,14217.9,Closed‑Won
A01668,Patterson Inc,CyberSecurity,New,21,55,9679.56,Closed‑Won
A01669,"Moss, James and Edwards",E‑Commerce,Expansion,15,31,8371.43,Closed‑Won
A01670,"Crosby, Armstrong and Herrera",CyberSecurity,New,24,36,21119.86,On‑Hold
A01671,"Liu, Buchanan and Meyer",Logistics,New,13,38,14713.8,On‑Hold
A01672,Bryant-Rich,E‑Commerce,Expansion,11,23,8875.36,Closed‑Won
A01673,Stone Group,EdTech,Expansion,17,8,15424.9,Closed‑Won
A01674,"Williams, Hughes and Hubbard",Logistics,Expansion,32,30,10151.33,Closed‑Won
A01675,Lee Group,CyberSecurity,Expansion,29,52,12490.59,Closed‑Won
A01676,Wilkerson-Ayala,SMB SaaS,Expansion,11,19,10331.53,Closed‑Won
A01677,Murray-Henderson,HealthTech,New,22,52,24715.92,Closed‑Won
A01678,"Ellison, Vaughn and Mckee",MarTech,New,32,51,11626.7,Negotiation
A01679,Gallegos-Hayes,SMB SaaS,New,34,15,16340.45,Closed‑Won
A01680,"Mason, White and Richards",E‑Commerce,New,28,34,12989.13,Closed‑Won
A01681,"Payne, Long and Morris",SMB SaaS,New,9,45,10822.78,Closed‑Won
A01682,White PLC,FinTech,New,13,30,19130.13,Closed‑Won
A01683,"Huang, Khan and Davis",FinTech,New,12,42,11059.0,Closed‑Won
A01684,Holt-Meadows,Logistics,Expansion,10,54,15784.13,Closed‑Won
A01685,Higgins Inc,EdTech,Expansion,11,38,20157.04,Closed‑Lost
A01686,Wilson Group,E‑Commerce,New,15,50,13131.56,Closed‑Won
A01687,"Cox, Mills and Cruz",MarTech,New,22,48,20262.49,Closed‑Won
A01688,"Salazar, Moore and Pierce",MarTech,New,17,48,17305.27,Negotiation
A01689,Tate LLC,SMB SaaS,New,18,51,18696.69,Closed‑Won
A01690,"Savage, Huffman and Martin",FinTech,Expansion,13,14,13352.73,Closed‑Won
A01691,White Ltd,Logistics,Expansion,10,2,21836.25,Closed‑Won
A01692,Barnes LLC,SMB SaaS,Expansion,35,10,14625.17,Closed‑Won
A01693,"Mack, Griffin and Sims",CyberSecurity,Expansion,23,15,16795.74,Negotiation
A01694,Roach and Sons,MarTech,Expansion,12,41,17166.46,Closed‑Won
A01695,Dean LLC,HealthTech,New,30,31,11195.54,Closed‑Won
A01696,Ellis Group,CyberSecurity,New,30,28,15560.89,Closed‑Won
A01697,"Aguirre, Franklin and Snyder",MarTech,New,35,1,15899.47,Closed‑Won
A01698,Chapman Group,HealthTech,New,10,41,11216.21,Closed‑Won
A01699,Ortiz-Miller,EdTech,New,25,22,18462.38,Closed‑Won
A01700,"Smith, Khan and Ramirez",SMB SaaS,New,35,45,15410.37,Closed‑Won
A01701,"Grant, Bryan and Williams",EdTech,Expansion,30,7,14540.23,Closed‑Lost
A01702,Brown LLC,HealthTech,New,12,18,16253.11,Negotiation
A01703,Thomas Inc,CyberSecurity,Expansion,32,4,12434.91,Closed‑Won
A01704,"Lane, Morrison and Rivera",HealthTech,Expansion,18,17,11199.09,On‑Hold
A01705,Williams Group,SMB SaaS,New,20,55,8229.31,Closed‑Won
A01706,Martin LLC,Logistics,New,22,29,7216.0,Closed‑Won
A01707,"Guerrero, Graves and Armstrong",SMB SaaS,New,29,26,16445.02,Closed‑Won
A01708,"Thompson, Gibson and Riley",SMB SaaS,New,9,17,23909.61,Closed‑Won
A01709,Davis LLC,HealthTech,New,22,16,22338.15,Closed‑Won
A01710,Richardson-Gray,HealthTech,Expansion,30,40,13369.73,Closed‑Won
A01711,Chang PLC,EdTech,New,22,59,16391.42,On‑Hold
A01712,Carter and Sons,MarTech,New,14,45,11623.29,Closed‑Won
A01713,Neal LLC,SMB SaaS,Expansion,7,44,14525.79,Closed‑Won
A01714,Rose-Warren,CyberSecurity,New,22,28,18764.32,Negotiation
A01715,"Clark, Brown and Duncan",CyberSecurity,New,27,6,12357.7,Closed‑Lost
A01716,"Rice, Miller and Ramsey",SMB SaaS,New,22,43,15631.32,Closed‑Won
A01717,"Peck, Andersen and Mitchell",CyberSecurity,New,35,48,18091.03,Negotiation
A01718,"Abbott, Green and Andrews",MarTech,New,24,31,14811.58,Negotiation
A01719,"Gomez, Anderson and Hart",MarTech,New,21,6,14196.19,Closed‑Won
A01720,"Daniel, Jimenez and Morton",E‑Commerce,New,7,43,16421.57,Closed‑Won
A01721,"Hall, Roberts and Lee",FinTech,New,22,55,6951.69,Closed‑Won
A01722,Johnson Ltd,CyberSecurity,New,11,14,9784.92,Closed‑Won
A01723,Mclaughlin and Sons,CyberSecurity,New,27,10,25652.74,Closed‑Won
A01724,"Duarte, Gutierrez and Cook",CyberSecurity,New,10,44,13074.26,Negotiation
A01725,"Shaffer, Lewis and Davidson",E‑Commerce,New,33,20,17254.23,Closed‑Won
A01726,"Campbell, Tyler and Parker",Logistics,New,15,43,15073.38,Closed‑Won
A01727,"Pierce, Wang and Wilson",SMB SaaS,New,19,42,11040.85,Closed‑Won
A01728,Peterson-Ramsey,E‑Commerce,New,10,16,7631.14,Negotiation
A01729,"Choi, Collier and Lee",MarTech,New,12,3,18202.91,Negotiation
A01730,Nielsen-Mendoza,FinTech,Expansion,33,33,19491.68,Closed‑Won
A01731,Robles-Brewer,Logistics,New,14,25,16033.49,Closed‑Won
A01732,Moore-Murray,SMB SaaS,Expansion,21,51,13735.73,Closed‑Won
A01733,"Huang, Ford and Olsen",CyberSecurity,New,35,22,10110.36,Closed‑Won
A01734,"Brown, Meyer and Cunningham",Logistics,New,24,15,19065.22,Closed‑Won
A01735,"Stewart, Herrera and Clark",Logistics,Expansion,7,51,11514.1,Negotiation
A01736,"Rivera, Hendricks and Flynn",Logistics,Expansion,16,44,9924.19,Closed‑Won
A01737,Montes LLC,E‑Commerce,Expansion,17,37,16358.55,Closed‑Won
A01738,Morgan Group,FinTech,New,14,57,14684.64,On‑Hold
A01739,"Ferguson, Martin and Obrien",FinTech,Expansion,13,47,15771.46,Closed‑Won
A01740,Larson LLC,HealthTech,New,21,52,18329.68,Negotiation
A01741,"Hodge, Mckinney and Nelson",MarTech,New,17,48,19339.96,Closed‑Won
A01742,Crawford and Sons,CyberSecurity,New,14,24,13935.99,Closed‑Won
A01743,Hayes-Sampson,MarTech,Expansion,18,4,17013.74,Closed‑Won
A01744,Warren and Sons,FinTech,New,16,36,7759.4,Closed‑Won
A01745,Brooks Inc,HealthTech,Expansion,12,46,14783.69,Negotiation
A01746,Gentry Group,SMB SaaS,New,19,59,14818.99,Closed‑Won
A01747,"Johnson, Webb and Porter",SMB SaaS,Expansion,34,41,22695.66,Closed‑Won
A01748,Peterson Group,MarTech,Expansion,21,34,11911.32,Closed‑Won
A01749,"Russo, Collins and Murphy",Logistics,Expansion,23,34,8099.36,Closed‑Won
A01750,Short PLC,CyberSecurity,New,35,7,9611.16,Closed‑Won
A01751,"Haney, Harris and Johnson",SMB SaaS,New,24,1,11133.24,Closed‑Won
A01752,Reeves-Boyd,SMB SaaS,New,12,3,11632.69,Closed‑Won
A01753,Collins Inc,CyberSecurity,New,17,54,11004.18,Closed‑Won
A01754,"Charles, Wiggins and Cook",MarTech,New,20,47,9596.7,Closed‑Won
A01755,Garcia Ltd,CyberSecurity,New,20,16,21388.71,Closed‑Won
A01756,"Edwards, Lane and Collins",EdTech,New,10,25,7534.53,Closed‑Won
A01757,Flores and Sons,EdTech,New,9,29,18988.37,Negotiation
A01758,Hill-Flores,E‑Commerce,New,16,15,17639.72,Closed‑Won
A01759,Lambert-Nelson,E‑Commerce,Expansion,33,25,10899.77,Negotiation
A01760,Hill Inc,E‑Commerce,New,27,21,9659.9,On‑Hold
A01761,"Castro, Garcia and Daniels",MarTech,Expansion,31,41,13611.52,On‑Hold
A01762,"Flores, Thomas and Bush",MarTech,Expansion,11,45,19261.2,Closed‑Won
A01763,Andrews-Jackson,FinTech,New,18,6,19061.78,Closed‑Won
A01764,Austin-Morgan,E‑Commerce,Expansion,23,28,19216.58,Negotiation
A01765,Williams-Johnson,E‑Commerce,New,19,59,11131.35,Closed‑Won
A01766,"Williams, Reyes and Miller",SMB SaaS,New,18,52,11234.9,Closed‑Won
A01767,White-Carlson,E‑Commerce,New,16,47,13823.96,Closed‑Won
A01768,"Soto, Vaughn and Griffin",MarTech,New,7,44,6330.5,Closed‑Won
A01769,Edwards-Roth,FinTech,New,31,1,16678.3,Closed‑Won
A01770,"Chang, Lamb and Miller",HealthTech,New,33,58,10016.87,Closed‑Won
A01771,Bradley-Davis,EdTech,Expansion,8,44,21199.53,Negotiation
A01772,"Mcdonald, Bryant and Cohen",MarTech,New,18,53,15003.7,Closed‑Won
A01773,"Miranda, Ruiz and Meza",EdTech,Expansion,21,54,10945.74,On‑Hold
A01774,Callahan PLC,MarTech,Expansion,29,16,22245.7,Closed‑Won
A01775,Durham-Myers,Logistics,New,35,1,20714.61,Closed‑Won
A01776,"Stark, Rivera and Valencia",HealthTech,New,18,39,18346.37,Closed‑Won
A01777,Chavez-Johnson,EdTech,Expansion,28,28,8911.24,Closed‑Won
A01778,Rodriguez-Mendoza,HealthTech,New,34,2,6987.42,Closed‑Won
A01779,Campbell LLC,EdTech,New,30,16,20678.91,Negotiation
A01780,"Andrews, Romero and Sullivan",CyberSecurity,New,14,59,14200.0,Closed‑Won
A01781,"Robles, Nguyen and Banks",FinTech,Expansion,30,22,18942.3,Closed‑Won
A01782,Patel-Morales,EdTech,New,18,16,19313.02,Closed‑Won
A01783,Allen-Sanchez,FinTech,New,6,39,16409.18,Closed‑Won
A01784,Dickson Group,SMB SaaS,New,28,40,15569.29,Closed‑Won
A01785,Peterson Ltd,CyberSecurity,New,31,20,15978.52,Negotiation
A01786,"Reynolds, Baird and Bradley",HealthTech,New,16,51,20538.55,Closed‑Won
A01787,Stephens-Young,HealthTech,Expansion,19,35,12967.52,Closed‑Won
A01788,"Caldwell, Stevenson and Joseph",FinTech,Expansion,16,10,21985.94,Closed‑Won
A01789,Wilson-Carlson,MarTech,New,9,20,6471.37,Closed‑Won
A01790,Peters-Short,Logistics,New,35,51,16837.23,Negotiation
A01791,Parker Group,E‑Commerce,New,6,6,9514.59,Closed‑Won
A01792,George Ltd,SMB SaaS,New,22,1,16613.02,Closed‑Won
A01793,"Wise, Gray and Snyder",EdTech,New,6,39,10960.54,Closed‑Won
A01794,"Brown, Robinson and Taylor",EdTech,New,26,27,20685.02,Closed‑Won
A01795,"Berger, Fields and Smith",MarTech,New,33,15,13674.42,Closed‑Won
A01796,Guerrero Group,HealthTech,New,25,28,13797.46,Closed‑Lost
A01797,"Carter, Gilbert and West",SMB SaaS,New,24,11,6509.46,Closed‑Won
A01798,Maldonado LLC,HealthTech,New,30,23,19632.78,Closed‑Won
A01799,Hudson-Gentry,MarTech,New,35,14,15008.41,Closed‑Won
A01800,Sellers-Zuniga,E‑Commerce,Expansion,31,35,19071.66,Closed‑Won
A01801,"Haas, Cooper and Davis",FinTech,Expansion,12,40,18381.01,Closed‑Won
A01802,Carr PLC,MarTech,Expansion,22,54,14588.54,Closed‑Won
A01803,Abbott-Phelps,MarTech,Expansion,30,4,16056.05,Closed‑Won
A01804,Wood PLC,EdTech,New,14,20,18209.67,Closed‑Won
A01805,Smith PLC,HealthTech,Expansion,26,16,11731.89,Closed‑Won
A01806,Rodriguez-Campbell,FinTech,New,6,35,14177.22,Closed‑Won
A01807,Young Ltd,FinTech,New,32,32,21057.68,Closed‑Won
A01808,"Long, Flores and Reyes",MarTech,New,24,52,15275.95,Closed‑Won
A01809,Graham-Clark,FinTech,New,28,55,18029.22,Closed‑Won
A01810,Wells and Sons,SMB SaaS,New,30,46,5791.64,Closed‑Won
A01811,"Cruz, Middleton and Larsen",HealthTech,New,12,12,10081.53,Closed‑Won
A01812,Roberts Ltd,CyberSecurity,Expansion,19,3,17396.51,Closed‑Won
A01813,Taylor Inc,CyberSecurity,Expansion,31,54,17132.59,Negotiation
A01814,"Smith, Griffith and Tucker",MarTech,New,10,56,8649.75,Closed‑Won
A01815,Proctor-Taylor,SMB SaaS,New,30,15,8681.16,Closed‑Won
A01816,May Group,FinTech,Expansion,14,3,12176.82,Negotiation
A01817,English-Dominguez,HealthTech,New,23,41,16051.24,Closed‑Won
A01818,Hanson-Gibson,EdTech,New,21,35,7815.66,Closed‑Won
A01819,Arnold-Cole,HealthTech,New,26,53,14510.82,Closed‑Won
A01820,Perez-Coleman,EdTech,New,31,34,11272.5,Closed‑Won
A01821,Lane Ltd,EdTech,New,16,45,17611.57,Closed‑Won
A01822,Joseph LLC,Logistics,Expansion,11,47,11010.88,Closed‑Won
A01823,House-Johnston,EdTech,Expansion,18,1,18648.94,Closed‑Lost
A01824,Good PLC,SMB SaaS,New,24,9,16367.0,Closed‑Won
A01825,Bush-Wilson,Logistics,New,28,47,15725.17,Closed‑Won
A01826,Nixon-Miller,SMB SaaS,Expansion,28,11,14517.58,Closed‑Won
A01827,"Simon, Terrell and Terrell",FinTech,New,16,13,19981.3,Closed‑Won
A01828,Marshall-Miller,SMB SaaS,New,34,45,11826.73,Closed‑Won
A01829,"Davis, Kennedy and Harmon",E‑Commerce,New,8,13,14665.79,Closed‑Won
A01830,"Miller, Schultz and Yates",SMB SaaS,New,9,9,13998.02,Closed‑Won
A01831,Austin-Berger,EdTech,New,6,1,13670.84,Closed‑Won
A01832,"Osborne, Harrison and Hunt",SMB SaaS,New,33,28,21881.05,Closed‑Won
A01833,Berry-Rivera,E‑Commerce,New,11,38,18822.09,Closed‑Won
A01834,Yu-Yates,FinTech,New,24,44,16087.78,Closed‑Won
A01835,Jackson-Neal,MarTech,New,30,54,16940.07,Closed‑Lost
A01836,"Curry, Acosta and Elliott",HealthTech,New,29,39,11773.64,Closed‑Won
A01837,Soto PLC,SMB SaaS,Expansion,34,45,13723.15,Closed‑Won
A01838,Berry Ltd,EdTech,New,7,13,19869.28,Closed‑Won
A01839,Lamb-Weber,HealthTech,New,18,21,11504.87,Closed‑Won
A01840,Washington-Martinez,E‑Commerce,New,21,18,17025.11,Closed‑Won
A01841,York LLC,MarTech,Expansion,26,4,25191.46,Closed‑Won
A01842,Anderson-Campbell,FinTech,New,24,58,10403.04,Closed‑Won
A01843,Smith-Rodriguez,Logistics,Expansion,22,15,15810.87,Closed‑Won
A01844,Kent Ltd,Logistics,New,15,27,17489.32,Closed‑Won
A01845,Hopkins LLC,CyberSecurity,New,9,22,17214.97,Closed‑Won
A01846,Green Ltd,E‑Commerce,New,18,3,11058.41,Closed‑Won
A01847,Washington PLC,MarTech,New,13,54,12886.86,Negotiation
A01848,Cooper Inc,E‑Commerce,Expansion,22,13,17817.2,Closed‑Won
A01849,Larson and Sons,E‑Commerce,Expansion,29,6,11798.6,Closed‑Won
A01850,Mullins-Gutierrez,HealthTech,New,22,21,11486.86,Closed‑Won
A01851,Young-Alexander,FinTech,Expansion,23,9,19259.66,Closed‑Won
A01852,"Jackson, Lane and Wilkinson",EdTech,New,7,59,6322.72,Closed‑Won
A01853,May Inc,MarTech,New,25,12,17446.32,Closed‑Won
A01854,Jackson Group,HealthTech,New,19,18,14758.68,Closed‑Won
A01855,Turner-Reese,FinTech,New,9,17,14195.43,Closed‑Won
A01856,"Hall, Vega and Price",Logistics,Expansion,12,2,10054.03,Negotiation
A01857,Thomas-Berg,EdTech,New,29,1,20170.27,Closed‑Won
A01858,Roberts Group,E‑Commerce,New,33,31,18416.4,Closed‑Won
A01859,Gregory-Nixon,E‑Commerce,New,21,14,8158.1,Closed‑Won
A01860,"Blanchard, Davis and Schmidt",CyberSecurity,New,35,5,19492.62,Closed‑Won
A01861,Blanchard-Reynolds,CyberSecurity,New,11,18,2890.4,Negotiation
A01862,"Garrison, Rogers and Adams",EdTech,New,14,17,11081.99,Closed‑Lost
A01863,Scott PLC,Logistics,New,33,26,11531.85,Closed‑Won
A01864,Murray-Leonard,EdTech,New,11,59,13288.61,Negotiation
A01865,Navarro PLC,Logistics,New,25,19,16365.49,Closed‑Lost
A01866,Meyer Ltd,MarTech,New,12,42,14827.41,Closed‑Won
A01867,"Kaiser, Edwards and Smith",FinTech,New,15,46,16173.28,Closed‑Won
A01868,Decker Inc,Logistics,Expansion,20,3,13260.59,Closed‑Won
A01869,Davis-Garcia,FinTech,Expansion,16,30,12181.71,Closed‑Won
A01870,Bell-Hardy,Logistics,New,32,27,12086.45,Negotiation
A01871,Lee-Johnson,FinTech,Expansion,35,30,21273.98,Closed‑Won
A01872,Brown PLC,HealthTech,New,21,11,17911.96,Closed‑Won
A01873,"Shannon, Robinson and Greene",E‑Commerce,New,21,28,6961.64,Closed‑Won
A01874,Erickson Inc,SMB SaaS,Expansion,7,8,12752.98,Closed‑Won
A01875,Gates and Sons,MarTech,Expansion,13,56,14392.39,Closed‑Won
A01876,Douglas-Yoder,FinTech,Expansion,7,35,16215.74,Closed‑Won
A01877,"Pratt, Lopez and Rodriguez",HealthTech,New,31,3,13585.64,Closed‑Won
A01878,King Group,SMB SaaS,New,12,30,15935.04,Closed‑Won
A01879,"Mayer, Fowler and Livingston",CyberSecurity,New,16,55,15794.44,Closed‑Won
A01880,Hammond-Schwartz,FinTech,New,31,44,15535.64,Closed‑Won
A01881,"Carrillo, Morris and Martin",MarTech,New,27,17,13712.75,Closed‑Won
A01882,Ramirez Inc,EdTech,New,24,53,15995.42,Closed‑Won
A01883,Price-Ferrell,HealthTech,New,7,11,14486.44,Closed‑Won
A01884,Sosa-Baker,Logistics,New,22,15,13895.66,Negotiation
A01885,Jones-Krause,E‑Commerce,New,22,10,20661.9,Closed‑Won
A01886,Bishop and Sons,HealthTech,New,15,55,20007.28,Closed‑Won
A01887,"Vasquez, Thomas and Mack",CyberSecurity,New,28,43,18130.79,Closed‑Won
A01888,Mendez Inc,MarTech,New,33,31,8545.15,On‑Hold
A01889,Baldwin-Garcia,FinTech,New,13,40,14672.07,Closed‑Won
A01890,Jones Ltd,MarTech,New,15,16,15071.02,Closed‑Won
A01891,Waters-Smith,HealthTech,New,15,5,17798.8,Closed‑Won
A01892,Hernandez-Bowman,HealthTech,Expansion,31,50,16852.67,Closed‑Won
A01893,Ortega LLC,SMB SaaS,New,8,57,12515.97,Closed‑Won
A01894,Graves Group,CyberSecurity,New,32,3,8141.52,Negotiation
A01895,"Smith, Zimmerman and Wise",HealthTech,New,29,4,20480.1,On‑Hold
A01896,Graham-Anthony,Logistics,Expansion,20,34,11427.27,Closed‑Won
A01897,Fernandez Inc,E‑Commerce,Expansion,23,3,19700.12,Closed‑Won
A01898,Finley-Meyers,Logistics,New,32,43,15278.04,Closed‑Won
A01899,Martinez-Nichols,CyberSecurity,New,29,56,8700.98,Closed‑Won
A01900,Cook-Turner,EdTech,New,14,17,12666.78,Closed‑Won
A01901,Chen Ltd,E‑Commerce,Expansion,7,18,16731.47,Closed‑Lost
A01902,Diaz LLC,E‑Commerce,New,25,51,17133.3,Closed‑Won
A01903,Randall LLC,CyberSecurity,New,10,22,12896.26,Closed‑Won
A01904,"Harris, Spencer and Ponce",HealthTech,Expansion,8,15,18532.46,Negotiation
A01905,"Lee, Dominguez and Mosley",EdTech,Expansion,35,5,11569.73,Closed‑Won
A01906,"Barker, Tucker and Mcclure",HealthTech,New,20,50,18438.62,Closed‑Won
A01907,Moss-Taylor,EdTech,New,25,55,16068.42,Closed‑Lost
A01908,Johnson PLC,HealthTech,New,12,5,16139.98,Closed‑Won
A01909,Burns Inc,FinTech,New,9,48,20126.77,Closed‑Won
A01910,"Schneider, Porter and Hanna",SMB SaaS,New,7,10,9425.78,Closed‑Won
A01911,Levy-Smith,FinTech,Expansion,16,9,14107.53,Closed‑Won
A01912,Brown-French,SMB SaaS,Expansion,6,23,16979.57,Closed‑Won
A01913,Sullivan and Sons,FinTech,New,18,26,13576.18,Closed‑Won
A01914,"Contreras, Ellis and Gregory",Logistics,New,15,51,14552.77,Negotiation
A01915,"Hernandez, Riley and Buckley",EdTech,New,21,42,8074.3,Negotiation
A01916,Moss Group,E‑Commerce,New,23,9,13774.41,Closed‑Won
A01917,"Smith, Meadows and Montgomery",EdTech,Expansion,15,35,16143.61,Closed‑Won
A01918,Haynes and Sons,MarTech,New,19,52,8942.05,On‑Hold
A01919,Jackson Inc,MarTech,New,8,40,23075.46,Closed‑Won
A01920,Hoover-Davis,E‑Commerce,New,15,14,15251.56,Closed‑Won
A01921,"Jackson, Garza and Meyers",MarTech,New,35,8,5517.39,Closed‑Won
A01922,Wilson PLC,E‑Commerce,New,35,27,15378.9,Closed‑Won
A01923,"Walker, Brock and Simmons",Logistics,Expansion,20,28,13573.98,Closed‑Won
A01924,"Gregory, Nguyen and Daugherty",MarTech,Expansion,34,21,22063.7,Closed‑Won
A01925,"Gardner, Morris and Oconnell",EdTech,New,21,7,11263.42,Closed‑Won
A01926,Duran PLC,HealthTech,Expansion,9,7,12640.07,Closed‑Won
A01927,Rogers Inc,EdTech,New,32,32,21129.23,Closed‑Lost
A01928,Thomas-Perry,HealthTech,Expansion,18,56,15630.01,Closed‑Won
A01929,"Wood, Martin and Sanchez",HealthTech,New,24,36,10792.22,Closed‑Won
A01930,"Williams, Garcia and Boone",SMB SaaS,New,25,26,20000.47,Closed‑Won
A01931,"Bennett, Moore and Hobbs",FinTech,Expansion,15,55,16203.17,On‑Hold
A01932,Smith and Sons,MarTech,New,28,41,27289.44,Closed‑Lost
A01933,Mann PLC,Logistics,New,21,43,22556.89,Closed‑Won
A01934,Butler-Aguirre,SMB SaaS,New,16,34,11315.56,Closed‑Won
A01935,Schwartz-Harris,HealthTech,New,14,46,17212.12,Closed‑Won
A01936,"Nelson, Cole and Allen",HealthTech,New,28,30,27377.47,Closed‑Won
A01937,Bishop Inc,EdTech,New,13,37,11952.24,Closed‑Won
A01938,"White, Porter and Clements",E‑Commerce,Expansion,9,37,13174.36,Closed‑Won
A01939,"Serrano, Turner and Barnes",SMB SaaS,New,32,45,20469.78,Closed‑Won
A01940,"Young, Wilson and Moreno",HealthTech,New,15,54,17189.82,Negotiation
A01941,Montgomery PLC,HealthTech,New,25,18,10614.91,Closed‑Won
A01942,"Robinson, Townsend and Hopkins",EdTech,Expansion,27,42,12291.09,Closed‑Won
A01943,Brown-Rodriguez,Logistics,New,31,2,9090.8,Closed‑Won
A01944,Jennings Group,FinTech,New,24,32,15664.14,Closed‑Won
A01945,Thompson-Santiago,MarTech,New,27,54,17082.65,Closed‑Won
A01946,Brown LLC,FinTech,New,31,39,18032.64,Closed‑Won
A01947,Clark-King,HealthTech,Expansion,34,16,11620.75,Negotiation
A01948,"Trujillo, Chang and Williams",SMB SaaS,New,7,36,12430.44,Closed‑Won
A01949,"Williams, Medina and Moore",FinTech,Expansion,28,22,15106.12,Closed‑Won
A01950,Washington Inc,EdTech,New,11,26,13184.63,Closed‑Won
A01951,Jacobson Ltd,SMB SaaS,New,32,14,14866.43,Closed‑Won
A01952,Watkins-Nguyen,E‑Commerce,New,7,37,11062.82,Closed‑Won
A01953,Burgess LLC,FinTech,New,13,12,10736.28,Closed‑Won
A01954,Maxwell LLC,MarTech,New,11,27,12289.39,Closed‑Won
A01955,Garcia Ltd,SMB SaaS,New,24,56,13522.09,Closed‑Won
A01956,Kane-Bennett,MarTech,New,6,45,13097.86,Negotiation
A01957,Jones PLC,E‑Commerce,New,6,25,20428.21,Closed‑Won
A01958,Brown-Graham,E‑Commerce,New,21,58,17564.36,Closed‑Won
A01959,Reilly Group,CyberSecurity,New,35,1,18592.58,Closed‑Won
A01960,Hughes and Sons,HealthTech,New,21,57,20497.4,Closed‑Won
A01961,Cortez-Chen,Logistics,New,19,21,11130.24,Closed‑Won
A01962,Harris-Martinez,SMB SaaS,New,25,49,18642.02,Closed‑Won
A01963,"Carroll, Ramirez and Rodriguez",HealthTech,New,22,56,12665.77,Closed‑Won
A01964,Ellis-Jackson,Logistics,New,17,36,13148.76,Closed‑Won
A01965,Robinson-Phillips,Logistics,New,23,37,14264.55,Closed‑Won
A01966,Clarke Ltd,CyberSecurity,New,6,45,17709.63,Closed‑Won
A01967,"Whitehead, Lane and Tran",EdTech,New,13,15,23593.81,Closed‑Lost
A01968,Miller PLC,MarTech,New,26,11,18111.4,Closed‑Won
A01969,Atkins-Robinson,Logistics,New,16,21,22682.34,Closed‑Won
A01970,Hood-Ramirez,HealthTech,New,7,29,16301.4,Negotiation
A01971,"Patterson, Salas and Wright",Logistics,Expansion,9,44,10542.63,Closed‑Won
A01972,Riley-Snow,SMB SaaS,New,31,16,10110.27,Closed‑Lost
A01973,"Shah, Mcintyre and Villanueva",CyberSecurity,Expansion,15,34,8696.28,Closed‑Won
A01974,Baird-Williams,EdTech,New,6,1,11510.59,Closed‑Won
A01975,Quinn-Gordon,E‑Commerce,New,27,2,15662.72,Closed‑Won
A01976,Schmidt-Mendoza,FinTech,New,21,58,19696.61,Closed‑Won
A01977,"Nicholson, Chavez and Allen",SMB SaaS,New,19,51,13477.9,Closed‑Won
A01978,"Mullins, Steele and Russell",EdTech,Expansion,32,51,12172.07,Closed‑Won
A01979,Anderson LLC,FinTech,New,15,20,18084.26,Closed‑Won
A01980,Holland Inc,Logistics,Expansion,23,31,10451.21,Closed‑Won
A01981,Castillo LLC,CyberSecurity,New,28,40,18017.28,Negotiation
A01982,Warner PLC,E‑Commerce,Expansion,24,15,14742.24,Closed‑Won
A01983,"Silva, Bray and Ford",FinTech,Expansion,12,44,16668.71,Closed‑Won
A01984,Sawyer Group,Logistics,New,26,41,12395.91,Closed‑Won
A01985,Clarke LLC,CyberSecurity,New,28,25,24540.3,Closed‑Won
A01986,"Marshall, Schultz and Dalton",Logistics,New,9,26,15727.42,On‑Hold
A01987,Cruz Ltd,Logistics,New,10,19,15445.61,Closed‑Won
A01988,Schmidt-Phillips,HealthTech,Expansion,26,48,15852.67,Negotiation
A01989,Wolfe-Salazar,HealthTech,New,9,59,18597.04,Closed‑Won
A01990,"Norton, French and Miller",SMB SaaS,New,32,59,4360.03,Closed‑Won
A01991,Fitzgerald-Brown,E‑Commerce,New,9,46,14765.25,Closed‑Won
A01992,"Cox, Williams and Reyes",MarTech,New,35,21,16652.24,Closed‑Won
A01993,Harvey-Diaz,EdTech,Expansion,26,47,18994.58,Closed‑Won
A01994,Wong Ltd,CyberSecurity,New,19,15,19701.84,Closed‑Won
A01995,Castro and Sons,Logistics,Expansion,14,53,14327.01,Closed‑Won
A01996,Zavala and Sons,FinTech,Expansion,16,16,15245.64,Negotiation
A01997,"Wilson, Mendoza and Crosby",E‑Commerce,New,28,24,16174.74,Negotiation
A01998,"Pitts, Warner and Mullins",SMB SaaS,New,28,6,15607.86,Closed‑Won
A01999,Flores LLC,EdTech,New,12,5,13804.88,Closed‑Won
A02000,"Frazier, Ramirez and Brown",EdTech,New,22,24,14281.11,Closed‑Won
A02001,Chavez-Mason,SMB SaaS,New,35,33,15794.35,Closed‑Won
A02002,Harrison PLC,FinTech,Expansion,13,2,18035.5,Closed‑Won
A02003,"Bryan, Lam and Hayes",MarTech,New,26,50,19877.32,Closed‑Won
A02004,Marsh-Dougherty,MarTech,Expansion,11,7,4331.3,Closed‑Won
A02005,Lopez Group,Logistics,Expansion,31,59,13257.64,Closed‑Won
A02006,Miller and Sons,HealthTech,Expansion,11,17,7429.15,Closed‑Won
A02007,Mullen-Jones,MarTech,New,14,23,18472.24,On‑Hold
A02008,Hill Ltd,HealthTech,New,19,10,5852.69,Closed‑Won
A02009,Crawford and Sons,Logistics,New,17,49,21934.06,Negotiation
A02010,"Crane, Johnson and Butler",CyberSecurity,New,11,44,14067.16,Closed‑Won
A02011,"Weaver, Anderson and Reed",MarTech,New,25,5,20412.03,Closed‑Won
A02012,Rojas-Smith,MarTech,New,6,7,15307.28,On‑Hold
A02013,Brown and Sons,HealthTech,New,35,36,12363.33,Closed‑Won
A02014,"Newman, Jenkins and Cooper",SMB SaaS,New,7,52,13048.34,Negotiation
A02015,"Buchanan, Tucker and Wade",CyberSecurity,New,16,7,16494.52,Negotiation
A02016,"Wilkinson, Wallace and Torres",EdTech,New,33,14,19417.72,Closed‑Won
A02017,Villanueva LLC,MarTech,New,10,33,19684.5,Closed‑Won
A02018,Mccormick and Sons,CyberSecurity,Expansion,8,7,20036.92,Closed‑Won
A02019,Watson-Roberts,CyberSecurity,New,28,18,13259.1,Closed‑Won
A02020,Hernandez LLC,MarTech,Expansion,8,1,15429.86,Closed‑Won
A02021,Huber-Montgomery,EdTech,Expansion,32,30,19307.72,Closed‑Won
A02022,Joseph LLC,CyberSecurity,New,19,43,12597.6,Closed‑Won
A02023,Mcpherson Ltd,CyberSecurity,New,32,25,16043.02,Closed‑Won
A02024,"Conway, Bauer and Martin",E‑Commerce,New,13,16,12063.62,Closed‑Won
A02025,Williams LLC,FinTech,New,10,26,14722.6,Closed‑Won
A02026,"Martinez, Green and Lopez",MarTech,New,34,31,6505.7,Closed‑Won
A02027,"Mann, Wade and Spence",E‑Commerce,New,28,10,3895.33,Closed‑Won
A02028,Watson PLC,SMB SaaS,Expansion,33,7,5972.86,Closed‑Won
A02029,Ferguson Inc,E‑Commerce,Expansion,15,11,18423.14,Closed‑Won
A02030,Sullivan Group,EdTech,Expansion,18,59,20319.09,Negotiation
A02031,Gould LLC,E‑Commerce,New,23,43,14449.03,Negotiation
A02032,Smith Ltd,HealthTech,New,19,8,13229.66,Closed‑Won
A02033,"Cantrell, Rivera and Thornton",FinTech,Expansion,13,18,15207.0,Closed‑Won
A02034,Kemp-Montes,CyberSecurity,New,17,25,18564.6,Closed‑Won
A02035,"Estrada, Marsh and Chandler",SMB SaaS,New,24,11,15207.56,Closed‑Won
A02036,Morgan-Rodriguez,Logistics,New,7,51,21748.6,Closed‑Won
A02037,Mccullough-Taylor,E‑Commerce,New,16,56,24098.74,Closed‑Won
A02038,"Wilson, Johnson and Williamson",FinTech,New,14,15,12274.15,Closed‑Won
A02039,Griffin Inc,SMB SaaS,New,8,1,18493.13,Negotiation
A02040,Brown-Davidson,MarTech,New,9,16,13345.96,Closed‑Won
A02041,"Fox, Harrington and Wang",EdTech,New,20,35,17654.69,Closed‑Won
A02042,Johnson PLC,SMB SaaS,New,9,48,16979.12,Closed‑Won
A02043,Rhodes-Rosario,CyberSecurity,New,16,21,13549.58,Closed‑Won
A02044,"Foster, Henry and Morrison",CyberSecurity,New,22,17,19048.38,Closed‑Lost
A02045,"Harding, Kerr and Ward",EdTech,Expansion,32,15,24652.99,Closed‑Won
A02046,Baldwin Group,SMB SaaS,New,8,1,18093.93,Closed‑Won
A02047,Hughes-Smith,MarTech,New,19,1,15014.14,Closed‑Won
A02048,Bell-Madden,E‑Commerce,Expansion,9,26,17311.17,Closed‑Won
A02049,"Miller, Luna and Wallace",Logistics,New,18,37,15350.76,Closed‑Won
A02050,Lara-Roberts,CyberSecurity,Expansion,20,1,13718.61,Negotiation
A02051,"Waller, Coleman and Mosley",HealthTech,New,29,12,8557.19,Closed‑Won
A02052,Houston PLC,EdTech,New,19,54,13195.3,Closed‑Won
A02053,Thomas LLC,EdTech,New,34,59,9220.29,Closed‑Won
A02054,Mcneil-Fox,SMB SaaS,New,10,38,21979.06,Closed‑Won
A02055,Jones-Choi,CyberSecurity,Expansion,7,31,21389.39,Negotiation
A02056,Davis-Ortiz,EdTech,Expansion,6,35,21142.24,Closed‑Won
A02057,Perry-Peters,CyberSecurity,Expansion,16,22,14337.89,Closed‑Won
A02058,"Bradley, Melendez and Gonzalez",CyberSecurity,Expansion,11,12,12884.56,Closed‑Won
A02059,Roberts-Henry,MarTech,New,8,23,19779.2,Closed‑Won
A02060,Davenport-Torres,MarTech,Expansion,13,42,21820.31,Negotiation
A02061,"Singh, Walker and Moody",SMB SaaS,New,35,40,12874.83,On‑Hold
A02062,Baker Ltd,E‑Commerce,Expansion,30,40,12435.36,Closed‑Won
A02063,"Kennedy, Valdez and Stafford",HealthTech,New,6,36,16894.33,Closed‑Won
A02064,White-Knox,CyberSecurity,New,33,4,13732.29,Closed‑Lost
A02065,"Sanchez, Wilson and Ramirez",E‑Commerce,Expansion,12,37,18097.94,Closed‑Won
A02066,George LLC,E‑Commerce,Expansion,18,52,22980.77,Negotiation
A02067,"Castillo, Graham and Scott",CyberSecurity,New,15,39,14397.24,Negotiation
A02068,"Alvarez, Benson and Wilson",SMB SaaS,New,18,35,19911.2,Closed‑Won
A02069,"Quinn, Smith and Green",EdTech,New,28,14,11669.13,Closed‑Won
A02070,"Brown, Flores and Johns",MarTech,Expansion,27,47,13077.89,Negotiation
A02071,Howard Inc,HealthTech,New,23,27,17615.81,Negotiation
A02072,Ward-Fields,CyberSecurity,New,24,16,18876.04,Closed‑Won
A02073,Williams-Carter,MarTech,New,27,29,19645.69,Closed‑Lost
A02074,"Mayer, Palmer and Miranda",EdTech,New,11,8,10528.94,On‑Hold
A02075,Duran PLC,CyberSecurity,New,17,55,14657.35,Closed‑Lost
A02076,Stephens LLC,MarTech,New,9,42,13474.58,Closed‑Won
A02077,"Marsh, Nelson and Wolfe",MarTech,Expansion,27,20,18412.01,Closed‑Won
A02078,Davis-Carpenter,MarTech,Expansion,19,47,14699.21,Closed‑Won
A02079,Smith PLC,EdTech,Expansion,25,4,15180.14,Closed‑Won
A02080,Watson-Washington,HealthTech,New,22,23,21077.31,Closed‑Won
A02081,Mccall-Martin,Logistics,New,14,39,15205.98,Closed‑Won
A02082,Moore and Sons,FinTech,Expansion,10,2,16118.45,Closed‑Won
A02083,Pope PLC,EdTech,Expansion,35,42,12164.1,Closed‑Won
A02084,"Norris, Cisneros and Mathis",CyberSecurity,New,14,49,10189.62,Closed‑Won
A02085,"Arnold, Avila and Wilson",HealthTech,New,9,36,13200.9,Closed‑Won
A02086,Moon-Wilson,CyberSecurity,Expansion,15,13,16159.28,Closed‑Won
A02087,Mclean Group,CyberSecurity,New,33,45,19448.55,Closed‑Won
A02088,Collins-Cox,CyberSecurity,Expansion,13,21,14515.6,Closed‑Won
A02089,Preston-Harper,EdTech,New,35,44,15362.34,Negotiation
A02090,Jackson-Torres,FinTech,New,19,38,17231.2,Closed‑Won
A02091,"Olsen, Walker and Vincent",SMB SaaS,New,31,6,17205.68,Negotiation
A02092,Watts LLC,EdTech,New,25,6,15919.15,Negotiation
A02093,Clark Inc,Logistics,Expansion,7,1,18151.79,Closed‑Won
A02094,Vazquez-Bowers,HealthTech,New,21,5,16789.14,Closed‑Won
A02095,Smith Group,HealthTech,New,18,18,13854.24,Closed‑Won
A02096,Williams-Rodriguez,Logistics,Expansion,12,2,11699.57,Closed‑Won
A02097,"Palmer, Brown and Wilson",SMB SaaS,Expansion,22,56,17774.84,Closed‑Won
A02098,Williams-Turner,Logistics,Expansion,9,55,16894.8,Closed‑Won
A02099,Webster Inc,Logistics,New,26,11,17200.06,Negotiation
A02100,"Harris, Santana and Lopez",HealthTech,Expansion,30,19,9733.41,Closed‑Won
A02101,Johnson-Thomas,SMB SaaS,New,8,44,23348.5,Closed‑Won
A02102,"Mcmahon, Rush and Bailey",CyberSecurity,New,20,39,13732.53,Closed‑Won
A02103,Wyatt Ltd,HealthTech,New,25,35,14274.97,Closed‑Won
A02104,"Allen, Hudson and Garcia",HealthTech,New,7,59,19503.01,Negotiation
A02105,"Hines, Rice and Baldwin",Logistics,Expansion,17,38,15918.48,Closed‑Won
A02106,Jackson-Webster,EdTech,New,13,40,21633.39,Closed‑Won
A02107,Beltran Inc,Logistics,New,7,30,18258.83,Closed‑Won
A02108,Knapp Ltd,HealthTech,Expansion,30,31,12290.35,Closed‑Won
A02109,Richardson-Lawrence,EdTech,New,19,18,10746.94,Closed‑Won
A02110,Nunez-Rodriguez,EdTech,New,28,31,16699.39,Closed‑Won
A02111,Zavala-Coleman,EdTech,Expansion,23,55,6809.14,On‑Hold
A02112,"Perez, Rodriguez and Rollins",CyberSecurity,Expansion,32,23,6948.35,Closed‑Won
A02113,Owens PLC,SMB SaaS,Expansion,35,8,17654.09,Closed‑Won
A02114,Simpson LLC,SMB SaaS,Expansion,24,36,20955.13,Negotiation
A02115,"Roberts, Bowen and Miller",CyberSecurity,Expansion,16,47,17553.36,Closed‑Won
A02116,Wilson-Campbell,HealthTech,Expansion,18,57,10714.14,Closed‑Won
A02117,"Fitzgerald, Mcdaniel and Randall",SMB SaaS,New,30,32,14045.36,Closed‑Won
A02118,Spencer LLC,E‑Commerce,New,18,47,14194.51,Closed‑Won
A02119,Lopez-Jones,E‑Commerce,New,21,15,13422.24,Closed‑Won
A02120,Crosby-Richardson,CyberSecurity,Expansion,11,26,14491.42,Closed‑Won
A02121,Lutz Group,Logistics,New,35,25,15862.12,Closed‑Won
A02122,"Garcia, Kim and Barrett",SMB SaaS,Expansion,25,20,20398.6,Closed‑Won
A02123,Wilson Group,E‑Commerce,New,15,43,12630.18,Closed‑Won
A02124,Neal-Madden,E‑Commerce,New,23,53,19241.29,Closed‑Won
A02125,"Schaefer, Levine and Brown",CyberSecurity,New,18,20,15371.41,Closed‑Won
A02126,Morgan PLC,EdTech,New,10,9,11167.27,Closed‑Won
A02127,Martinez-Massey,EdTech,New,32,49,13715.19,Closed‑Won
A02128,"Porter, Hubbard and Miranda",CyberSecurity,New,32,51,18719.7,Closed‑Won
A02129,"Nelson, Clarke and Schneider",FinTech,Expansion,31,56,20553.81,Closed‑Won
A02130,Kelly-Estrada,EdTech,New,17,16,8567.04,Closed‑Won
A02131,Archer-Dixon,CyberSecurity,New,13,43,13143.3,Closed‑Won
A02132,Tate Inc,SMB SaaS,New,7,43,16379.98,Closed‑Won
A02133,King Group,E‑Commerce,New,27,47,11107.04,Closed‑Won
A02134,Fuller and Sons,MarTech,New,15,48,11754.16,Closed‑Won
A02135,Garcia Inc,MarTech,Expansion,32,57,19510.88,Closed‑Lost
A02136,Jimenez Inc,CyberSecurity,Expansion,32,29,15067.46,Closed‑Won
A02137,Reyes Ltd,E‑Commerce,New,9,5,10956.29,Closed‑Won
A02138,Hernandez-Howell,FinTech,New,33,12,11949.28,Closed‑Won
A02139,Wolf Ltd,E‑Commerce,New,10,53,15964.04,Closed‑Won
A02140,"Saunders, Sparks and Harris",MarTech,New,20,50,14435.83,Negotiation
A02141,"Jimenez, Wagner and Daniels",CyberSecurity,Expansion,20,1,13588.77,Closed‑Won
A02142,"Payne, Cisneros and Johnson",SMB SaaS,New,34,22,17772.54,Closed‑Won
A02143,Beard-Wilson,SMB SaaS,Expansion,25,15,11418.62,Closed‑Won
A02144,Edwards-Bennett,E‑Commerce,New,32,19,10430.33,Closed‑Won
A02145,Johnson-Thompson,EdTech,New,23,38,12592.04,Closed‑Won
A02146,"Dalton, Turner and Mccarthy",MarTech,New,30,31,16232.27,Closed‑Won
A02147,Jordan-Edwards,HealthTech,New,31,29,17312.45,Closed‑Won
A02148,Freeman-Rodriguez,SMB SaaS,Expansion,31,26,14963.8,Closed‑Won
A02149,"Henry, Spencer and Ryan",Logistics,New,18,38,17351.41,Closed‑Lost
A02150,Alvarez-Dickerson,Logistics,Expansion,17,41,14561.23,Closed‑Won
A02151,"Brown, Baker and Garza",EdTech,Expansion,35,3,20662.85,Closed‑Won
A02152,Jensen-Gomez,EdTech,New,28,9,15785.99,Closed‑Won
A02153,Flores-Johnson,Logistics,New,33,21,15219.28,On‑Hold
A02154,Anderson LLC,E‑Commerce,New,23,26,18800.94,Closed‑Won
A02155,Pacheco-Silva,CyberSecurity,New,33,59,15636.31,Closed‑Won
A02156,"Peterson, Davis and Reed",MarTech,Expansion,27,53,13297.5,Closed‑Won
A02157,Jenkins-Brown,MarTech,New,28,39,18713.61,Closed‑Won
A02158,Wright Ltd,CyberSecurity,Expansion,11,3,19713.18,Closed‑Won
A02159,Watkins-Lozano,Logistics,New,23,6,15291.71,Closed‑Won
A02160,Melton Inc,EdTech,New,27,27,15635.76,Closed‑Won
A02161,Jackson-Ryan,Logistics,Expansion,28,35,18407.65,Negotiation
A02162,Murray Group,HealthTech,New,34,39,14345.67,Negotiation
A02163,"Robertson, Fisher and Smith",MarTech,Expansion,15,9,12470.58,Closed‑Won
A02164,Chapman-Odom,SMB SaaS,New,15,53,7855.42,Negotiation
A02165,Hudson-Morris,SMB SaaS,Expansion,35,30,11127.81,Closed‑Won
A02166,Stokes Inc,SMB SaaS,Expansion,35,36,13536.08,Closed‑Won
A02167,"Leonard, Rogers and Shaw",EdTech,Expansion,11,3,14169.95,Closed‑Won
A02168,"Morgan, Mendez and Cox",Logistics,New,17,49,17847.73,Closed‑Won
A02169,Harris-Reid,SMB SaaS,Expansion,34,33,13466.85,Negotiation
A02170,Pittman PLC,SMB SaaS,New,11,14,12654.14,Closed‑Won
A02171,Mitchell Inc,FinTech,Expansion,29,19,20099.85,Closed‑Won
A02172,Davies-Morales,CyberSecurity,New,9,21,15400.03,Closed‑Won
A02173,Weber Inc,SMB SaaS,New,11,2,14896.93,Closed‑Won
A02174,"Richard, Davis and Rogers",Logistics,New,29,56,13197.07,Closed‑Won
A02175,Knight PLC,HealthTech,New,24,48,24260.29,Closed‑Won
A02176,Simmons-Reed,Logistics,New,22,53,15245.47,Closed‑Won
A02177,Pearson LLC,FinTech,Expansion,31,21,17928.52,Closed‑Won
A02178,"Brock, Reynolds and Fernandez",MarTech,New,15,33,13953.38,Negotiation
A02179,Perry LLC,CyberSecurity,Expansion,21,28,16006.56,Closed‑Won
A02180,"Robertson, Powers and Kelley",MarTech,New,24,29,9053.62,Negotiation
A02181,Burton PLC,CyberSecurity,Expansion,28,35,15030.91,On‑Hold
A02182,Ray and Sons,HealthTech,Expansion,15,27,11476.41,Negotiation
A02183,"Hayden, Harmon and Mcdonald",E‑Commerce,New,25,46,17446.51,Closed‑Won
A02184,"Patel, Mendez and Hammond",CyberSecurity,Expansion,19,4,18945.09,Closed‑Won
A02185,Michael-Barber,CyberSecurity,Expansion,22,12,20080.12,Closed‑Won
A02186,Boyd LLC,EdTech,Expansion,31,53,15904.99,Closed‑Won
A02187,Hernandez-Hernandez,EdTech,New,17,53,14492.57,Closed‑Won
A02188,"Cannon, Richard and Jenkins",EdTech,New,26,49,12247.35,Closed‑Won
A02189,Walters Group,MarTech,Expansion,34,22,12124.77,Closed‑Won
A02190,Colon-Lucas,E‑Commerce,New,28,27,10105.21,Closed‑Won
A02191,Mcdaniel-Young,EdTech,Expansion,35,2,14839.36,On‑Hold
A02192,Wilson and Sons,MarTech,New,23,17,11736.1,Closed‑Won
A02193,Sanchez LLC,EdTech,Expansion,14,43,11404.2,Closed‑Won
A02194,Washington-Esparza,HealthTech,New,35,21,6858.6,Closed‑Won
A02195,Lucas-Johnson,CyberSecurity,New,25,29,13985.05,Closed‑Won
A02196,Nelson Inc,Logistics,Expansion,13,8,23601.21,Closed‑Won
A02197,Clarke-Ramirez,EdTech,Expansion,15,30,18722.46,Closed‑Won
A02198,"Thompson, Phelps and Stuart",Logistics,Expansion,13,43,12928.3,Closed‑Won
A02199,Casey-Brown,E‑Commerce,Expansion,31,34,19852.19,Closed‑Won
A02200,Edwards LLC,HealthTech,New,8,33,22075.17,Closed‑Lost
A02201,Lester Group,EdTech,New,28,54,13716.96,Closed‑Won
A02202,Powers-Blackwell,FinTech,New,22,14,12143.99,Closed‑Won
A02203,Hahn-Ramsey,FinTech,New,8,18,11908.16,On‑Hold
A02204,Young PLC,EdTech,New,24,37,11689.65,Closed‑Won
A02205,"Mason, Martinez and Beck",MarTech,Expansion,28,29,13480.87,Closed‑Won
A02206,"Herring, Huynh and King",Logistics,New,27,58,12669.41,Closed‑Won
A02207,Young Inc,HealthTech,New,21,4,15411.52,Closed‑Won
A02208,Murphy-Silva,Logistics,New,16,8,22274.31,Negotiation
A02209,Shaffer-Manning,HealthTech,New,10,21,10618.96,Closed‑Won
A02210,Robinson-Rodriguez,HealthTech,New,6,28,8851.4,Closed‑Won
A02211,Booker Group,CyberSecurity,New,16,53,12702.99,Negotiation
A02212,King-Lawrence,Logistics,New,24,30,18079.85,Closed‑Lost
A02213,Ferguson-Lyons,E‑Commerce,New,7,26,3406.33,Closed‑Won
A02214,Stewart Group,FinTech,Expansion,35,10,12727.08,Closed‑Won
A02215,Vega-Richmond,FinTech,New,23,26,17628.15,Negotiation
A02216,Cox Ltd,MarTech,New,14,32,14983.87,Closed‑Won
A02217,Underwood-Smith,MarTech,New,34,35,16944.65,Closed‑Won
A02218,"Johnson, Stevenson and Lindsey",SMB SaaS,New,11,36,16344.08,Closed‑Won
A02219,Vazquez Ltd,EdTech,New,34,26,13776.31,Closed‑Won
A02220,King Group,HealthTech,Expansion,14,10,13651.02,Closed‑Won
A02221,Fowler-Haynes,SMB SaaS,New,17,10,18154.35,Negotiation
A02222,"Martinez, Camacho and Mathews",HealthTech,New,18,10,10455.13,Closed‑Won
A02223,Smith-Yu,FinTech,New,35,37,18505.16,Closed‑Won
A02224,Turner-Mayer,MarTech,Expansion,13,51,15728.01,Closed‑Won
A02225,Evans and Sons,MarTech,New,35,53,12748.75,Closed‑Lost
A02226,Welch-Suarez,E‑Commerce,New,16,19,18498.8,Closed‑Won
A02227,"Sullivan, Johnson and Delacruz",SMB SaaS,Expansion,14,5,17334.79,Closed‑Won
A02228,Ruiz-Gutierrez,SMB SaaS,New,25,38,9593.4,Closed‑Won
A02229,Love-Mcdowell,EdTech,New,26,3,14682.9,Closed‑Won
A02230,Holloway Ltd,SMB SaaS,New,16,37,15325.46,Closed‑Won
A02231,Hunter-Bell,CyberSecurity,New,10,23,14691.77,Closed‑Won
A02232,"Daniel, Kelley and Murphy",FinTech,Expansion,17,50,19460.63,Closed‑Won
A02233,"Johnson, Williams and May",SMB SaaS,New,22,37,20452.47,Closed‑Won
A02234,"Ramos, Davidson and Smith",HealthTech,New,7,44,16636.06,Closed‑Won
A02235,Fuller LLC,E‑Commerce,New,8,24,11546.43,Closed‑Won
A02236,"Miller, Moore and Black",Logistics,New,33,50,6030.52,Closed‑Won
A02237,"Hines, Bradford and Jennings",HealthTech,Expansion,7,31,17483.08,Closed‑Won
A02238,Hayes-Russo,EdTech,New,18,37,16371.47,Closed‑Won
A02239,Green Ltd,MarTech,Expansion,28,22,23015.67,Closed‑Won
A02240,"Serrano, Marsh and Gonzalez",SMB SaaS,New,15,27,17924.09,Negotiation
A02241,Richardson-Long,HealthTech,New,20,50,21319.05,On‑Hold
A02242,Duffy-Wilkerson,CyberSecurity,New,8,24,17502.82,Closed‑Won
A02243,Smith Inc,MarTech,Expansion,29,2,15414.69,Closed‑Won
A02244,"Holland, Sims and Meadows",FinTech,New,25,23,15906.79,Negotiation
A02245,Gonzalez-Haynes,CyberSecurity,New,31,24,8874.22,Negotiation
A02246,Williams PLC,Logistics,Expansion,31,25,17416.02,Closed‑Won
A02247,Burke-Hernandez,E‑Commerce,New,16,5,11092.02,Closed‑Won
A02248,Jackson-Bradley,HealthTech,New,7,8,13058.18,Closed‑Won
A02249,Higgins Group,HealthTech,New,16,20,19132.74,Closed‑Won
A02250,Wilcox-Snyder,MarTech,Expansion,10,26,18309.76,Closed‑Won
A02251,Reeves and Sons,E‑Commerce,New,21,2,10635.11,Closed‑Won
A02252,Roberts-Snyder,E‑Commerce,New,10,23,12188.16,Closed‑Won
A02253,Reynolds and Sons,HealthTech,New,33,19,14524.47,Closed‑Won
A02254,"Lewis, Holloway and Acosta",E‑Commerce,New,24,3,15224.55,Closed‑Won
A02255,Barnes Group,EdTech,New,13,15,18376.21,Negotiation
A02256,Johnson LLC,CyberSecurity,New,33,17,11295.61,Closed‑Won
A02257,Williamson and Sons,Logistics,New,29,9,18322.45,Closed‑Won
A02258,Aguilar-Holland,CyberSecurity,New,19,45,15428.19,On‑Hold
A02259,Smith and Sons,FinTech,Expansion,10,5,18043.34,Closed‑Won
A02260,Mccann-Sanders,SMB SaaS,New,16,35,23067.76,Closed‑Won
A02261,Reeves Ltd,FinTech,New,23,40,15265.64,Closed‑Won
A02262,Fitzgerald-Scott,SMB SaaS,Expansion,28,48,15426.94,Closed‑Won
A02263,Hawkins Inc,FinTech,Expansion,13,33,16286.85,Closed‑Won
A02264,Galvan-Ruiz,E‑Commerce,New,28,33,13530.29,Closed‑Won
A02265,Barajas-Crosby,FinTech,New,14,45,18676.35,Closed‑Won
A02266,"Mckinney, Pacheco and Smith",FinTech,New,13,51,15189.23,Closed‑Won
A02267,"Harvey, Turner and Foster",CyberSecurity,New,19,13,14911.38,Closed‑Won
A02268,Anderson-Mcclain,CyberSecurity,New,10,47,10244.57,On‑Hold
A02269,Carpenter LLC,FinTech,New,18,28,16316.66,Closed‑Won
A02270,Gordon LLC,SMB SaaS,New,16,6,12629.21,Closed‑Won
A02271,Anderson-Stewart,EdTech,New,14,37,12962.7,Negotiation
A02272,"Hamilton, Green and Edwards",EdTech,New,29,58,15413.84,Closed‑Won
A02273,Porter LLC,EdTech,New,15,9,19118.46,Closed‑Won
A02274,"Ward, Jordan and Orr",MarTech,New,26,1,16424.86,Negotiation
A02275,Austin-Juarez,HealthTech,Expansion,27,55,16310.68,Closed‑Won
A02276,Black-Graham,MarTech,Expansion,25,36,9724.24,Closed‑Won
A02277,Stewart Group,HealthTech,New,14,13,12341.46,Closed‑Won
A02278,Peters Ltd,FinTech,New,30,47,13443.44,Closed‑Won
A02279,"Yates, Brown and Hernandez",EdTech,New,13,24,21257.27,Negotiation
A02280,White Group,CyberSecurity,New,14,20,11161.66,Closed‑Won
A02281,Martin-Mcdonald,Logistics,Expansion,32,18,12509.13,Closed‑Won
A02282,Carney Group,EdTech,New,16,36,15095.67,Closed‑Won
A02283,Alexander Ltd,EdTech,New,26,8,15066.81,Negotiation
A02284,"Washington, Vasquez and Singleton",Logistics,New,7,22,11271.26,Closed‑Won
A02285,Martinez Inc,CyberSecurity,New,24,18,14834.47,Closed‑Won
A02286,Oneill and Sons,Logistics,New,32,4,13116.98,Closed‑Won
A02287,Brady LLC,SMB SaaS,New,27,46,23758.61,Closed‑Won
A02288,"Macdonald, Willis and Silva",Logistics,Expansion,23,1,19739.27,Closed‑Won
A02289,Fox PLC,SMB SaaS,New,31,57,14151.01,Closed‑Won
A02290,Butler Inc,MarTech,New,14,6,12801.47,Negotiation
A02291,Tate Ltd,MarTech,New,17,22,18670.2,Negotiation
A02292,Clay Inc,EdTech,New,8,6,16672.15,Closed‑Won
A02293,Maldonado-Becker,HealthTech,New,26,22,17571.66,Closed‑Won
A02294,Brooks-Hickman,CyberSecurity,New,27,37,17655.36,Closed‑Won
A02295,Hood and Sons,CyberSecurity,Expansion,28,6,11074.8,Negotiation
A02296,Miller Ltd,Logistics,New,28,32,16948.65,Closed‑Won
A02297,"Castillo, Fuller and Adams",HealthTech,New,9,46,13494.4,Closed‑Won
A02298,"Smith, Booker and Douglas",MarTech,New,25,27,16138.67,Closed‑Won
A02299,Nguyen-Dennis,HealthTech,New,28,7,14409.48,Negotiation
A02300,"Meadows, Robles and Anderson",SMB SaaS,New,12,41,17918.65,Negotiation
A02301,Solis LLC,EdTech,Expansion,20,12,17973.77,Negotiation
A02302,Yates-Manning,HealthTech,New,33,1,15066.07,Closed‑Won
A02303,"Crane, James and Ross",E‑Commerce,New,18,26,14993.49,On‑Hold
A02304,Allen Group,SMB SaaS,New,28,16,15306.32,Negotiation
A02305,Smith and Sons,SMB SaaS,New,21,2,17545.29,On‑Hold
A02306,Price Group,FinTech,New,25,46,21570.58,Closed‑Won
A02307,Holland-Best,EdTech,New,24,36,9130.24,Closed‑Won
A02308,Martinez Group,HealthTech,New,25,54,17767.88,Closed‑Won
A02309,Fitzgerald-Dorsey,EdTech,New,29,29,17877.55,Closed‑Won
A02310,"Munoz, Howard and Davis",E‑Commerce,Expansion,33,26,19171.31,Closed‑Won
A02311,Hunt-Burns,EdTech,Expansion,14,50,13933.31,Closed‑Won
A02312,Alvarez-Hart,FinTech,Expansion,33,5,13764.09,Closed‑Won
A02313,Davis-Henderson,E‑Commerce,Expansion,24,22,15877.04,Closed‑Won
A02314,Austin-Hamilton,FinTech,Expansion,23,48,10551.21,Closed‑Won
A02315,Davis-Palmer,HealthTech,Expansion,15,18,8894.31,Closed‑Won
A02316,Rhodes-Holland,FinTech,Expansion,18,53,12036.72,Closed‑Won
A02317,"Moore, Simpson and Soto",FinTech,Expansion,25,17,14892.63,Closed‑Won
A02318,"Miller, Mcdonald and Miller",MarTech,Expansion,16,25,11626.48,Closed‑Lost
A02319,Evans-Joyce,Logistics,Expansion,14,53,15719.74,Closed‑Won
A02320,"Leach, Skinner and Mills",Logistics,New,30,15,18674.05,Closed‑Won
A02321,Carroll-Arnold,FinTech,New,18,58,17044.83,Closed‑Won
A02322,Palmer PLC,FinTech,New,25,3,13307.03,Closed‑Won
A02323,Gutierrez-Marshall,EdTech,Expansion,6,16,13990.37,Closed‑Lost
A02324,"Carroll, King and Scott",CyberSecurity,New,8,35,18197.35,Closed‑Won
A02325,Mack Inc,CyberSecurity,Expansion,31,36,21553.85,Closed‑Won
A02326,Yang Group,Logistics,Expansion,10,54,20009.07,Closed‑Won
A02327,Hartman Group,EdTech,Expansion,29,57,15107.41,Negotiation
A02328,Miller Ltd,HealthTech,New,33,40,10787.61,Negotiation
A02329,Edwards-Ramsey,FinTech,Expansion,20,39,15118.87,Negotiation
A02330,"Cole, Morton and Peterson",HealthTech,Expansion,32,19,7496.2,Closed‑Won
A02331,Clark Inc,FinTech,Expansion,18,48,17252.05,Closed‑Won
A02332,"Hendrix, Green and Nunez",Logistics,Expansion,34,38,23190.79,Closed‑Won
A02333,Ferguson-Smith,EdTech,New,13,2,14939.1,Closed‑Won
A02334,Smith Ltd,Logistics,New,18,50,12978.82,Negotiation
A02335,Stevens-Sullivan,E‑Commerce,New,17,22,9864.13,Closed‑Won
A02336,"Church, Guzman and Tucker",E‑Commerce,Expansion,29,29,8448.93,Negotiation
A02337,"Li, Jensen and Vazquez",MarTech,New,7,29,8878.64,Closed‑Won
A02338,"Leonard, Ballard and Miller",Logistics,Expansion,30,49,7934.46,Closed‑Won
A02339,Smith Inc,FinTech,Expansion,6,16,10674.56,Closed‑Lost
A02340,Horton and Sons,FinTech,New,15,24,15950.95,Closed‑Won
A02341,Clark Ltd,MarTech,New,23,3,17069.25,Closed‑Lost
A02342,Santos Group,MarTech,New,10,21,14032.4,Closed‑Lost
A02343,"Garrison, Ryan and Miller",E‑Commerce,Expansion,20,6,9351.33,Closed‑Won
A02344,Hernandez-Henderson,CyberSecurity,New,35,35,5268.91,Closed‑Won
A02345,Martin and Sons,E‑Commerce,New,30,53,21698.82,Closed‑Won
A02346,"Park, Maynard and Ruiz",EdTech,Expansion,6,28,11901.7,Negotiation
A02347,Richards-Harris,EdTech,New,23,54,16855.86,Closed‑Won
A02348,"Gallegos, Myers and Cook",Logistics,Expansion,23,58,17356.3,Closed‑Won
A02349,Mccoy Ltd,HealthTech,New,8,4,13371.26,Closed‑Won
A02350,Petty-Allison,E‑Commerce,New,25,31,13399.16,Closed‑Won
A02351,"Lane, Simon and Duarte",E‑Commerce,New,21,32,14917.13,Closed‑Won
A02352,Freeman Group,Logistics,New,26,23,11274.79,Negotiation
A02353,"Garza, Carr and Gregory",CyberSecurity,New,14,49,11686.01,Closed‑Won
A02354,Hall-Brown,MarTech,Expansion,13,24,8585.98,Closed‑Won
A02355,Henderson LLC,EdTech,New,28,4,9200.25,Closed‑Won
A02356,"Brown, Orozco and Butler",EdTech,New,27,33,12070.71,Closed‑Won
A02357,Wilson-Dean,MarTech,New,10,12,18360.32,Closed‑Won
A02358,"Reed, Terry and Smith",HealthTech,New,12,21,13331.84,Closed‑Won
A02359,Barber-Harrison,CyberSecurity,Expansion,23,30,17657.59,Negotiation
A02360,Hall-Robinson,HealthTech,New,30,43,13974.24,Closed‑Won
A02361,"Morgan, Guzman and Kirby",CyberSecurity,Expansion,12,17,14416.68,Closed‑Won
A02362,"Mcdonald, Ware and Sharp",Logistics,New,12,23,10128.51,Closed‑Lost
A02363,Moyer-Whitaker,SMB SaaS,New,30,5,15554.55,Closed‑Won
A02364,"Delgado, Ward and Kennedy",FinTech,New,26,23,18835.69,Closed‑Won
A02365,Howell LLC,Logistics,New,33,35,25160.88,Closed‑Won
A02366,"Curry, Estrada and Anderson",FinTech,Expansion,29,37,8925.22,Closed‑Won
A02367,Moore Group,EdTech,New,34,18,9547.02,Closed‑Won
A02368,Leon Group,HealthTech,New,11,4,15679.82,Closed‑Won
A02369,Young-Hawkins,HealthTech,New,14,35,15510.77,Closed‑Won
A02370,Howard LLC,HealthTech,New,13,39,14947.68,Negotiation
A02371,Rhodes-Thompson,FinTech,Expansion,7,6,12608.49,Closed‑Won
A02372,"Johnson, Brown and Jordan",Logistics,Expansion,29,30,19551.85,Closed‑Won
A02373,"Perez, Hoffman and Tucker",FinTech,New,25,6,18025.87,Closed‑Won
A02374,Glover-Hammond,MarTech,Expansion,8,27,18380.41,Negotiation
A02375,"Adams, Hernandez and Vaughn",CyberSecurity,Expansion,11,38,15140.74,On‑Hold
A02376,"Munoz, Garcia and Williams",SMB SaaS,New,11,43,10839.76,Closed‑Won
A02377,Lloyd-Estes,Logistics,Expansion,18,43,18976.11,Closed‑Lost
A02378,Villegas PLC,HealthTech,New,19,45,17563.23,Closed‑Won
A02379,"Casey, Meza and Colon",SMB SaaS,Expansion,14,15,18733.76,Closed‑Won
A02380,Romero and Sons,CyberSecurity,Expansion,33,50,18416.88,Closed‑Won
A02381,"Wilson, Harris and Ward",HealthTech,New,12,21,12885.0,Closed‑Won
A02382,"Carter, Alexander and Hunter",MarTech,Expansion,22,23,15552.29,Closed‑Won
A02383,"Harrell, Moore and Cox",SMB SaaS,Expansion,19,47,8405.28,Closed‑Won
A02384,Martinez and Sons,MarTech,New,17,20,9804.2,Closed‑Won
A02385,Montes-Hammond,HealthTech,New,30,5,13663.53,Closed‑Won
A02386,Sanchez Group,SMB SaaS,Expansion,35,43,9068.5,Closed‑Won
A02387,Mitchell-Jackson,SMB SaaS,Expansion,6,40,12740.85,Closed‑Won
A02388,Watson-Fischer,SMB SaaS,New,19,35,15835.68,Closed‑Won
A02389,Soto-Sanchez,SMB SaaS,New,9,9,16774.15,Closed‑Won
A02390,"Fisher, Perez and Pham",Logistics,New,19,38,19928.14,Closed‑Won
A02391,Hardin-Villanueva,MarTech,New,24,12,15080.49,Closed‑Won
A02392,"Norton, Cox and Johnson",HealthTech,New,18,33,9693.2,Negotiation
A02393,Carrillo Ltd,E‑Commerce,New,15,30,8547.39,Closed‑Won
A02394,"Acevedo, Miller and Edwards",HealthTech,New,15,46,16374.67,Closed‑Won
A02395,Hamilton Group,MarTech,New,14,58,15592.62,Closed‑Won
A02396,Keller Ltd,CyberSecurity,New,15,12,20794.72,On‑Hold
A02397,Orr Inc,SMB SaaS,New,17,7,16962.13,Closed‑Won
A02398,"Whitney, Lloyd and Liu",EdTech,Expansion,26,33,21481.9,Closed‑Won
A02399,Barnes-Blackwell,EdTech,New,8,57,22996.61,Closed‑Won
A02400,"Spencer, Torres and Newton",CyberSecurity,New,7,10,18997.68,Closed‑Won
A02401,Smith-Ramirez,FinTech,New,21,29,15280.3,Closed‑Won
A02402,"Bishop, Thomas and Powell",E‑Commerce,New,26,25,12824.08,Closed‑Won
A02403,"Harris, Stephens and Kramer",CyberSecurity,New,13,19,16860.28,Closed‑Won
A02404,"Ramos, Reed and Cain",E‑Commerce,New,12,40,11235.25,Closed‑Won
A02405,"Sullivan, Gonzalez and Turner",MarTech,New,24,18,15601.08,Closed‑Won
A02406,Medina Group,Logistics,New,17,30,14803.63,On‑Hold
A02407,"Higgins, Hobbs and Meyer",EdTech,New,28,50,17191.01,Closed‑Won
A02408,"Campbell, Davis and Arnold",CyberSecurity,New,10,23,3050.76,Closed‑Won
A02409,"Peterson, Reid and Johnson",MarTech,Expansion,9,2,12906.35,Closed‑Won
A02410,"Vargas, Allen and Schroeder",FinTech,Expansion,22,53,12037.27,Closed‑Won
A02411,"Henderson, Wagner and Dennis",E‑Commerce,New,17,17,11024.96,Closed‑Won
A02412,Green-Romero,FinTech,New,27,46,17117.39,Negotiation
A02413,Williams Ltd,SMB SaaS,New,21,46,22638.08,Closed‑Won
A02414,West PLC,E‑Commerce,New,16,32,22177.47,Closed‑Won
A02415,"Smith, Morgan and Young",EdTech,New,10,6,7409.26,Closed‑Lost
A02416,"Zhang, Cunningham and Kline",MarTech,New,10,57,12645.45,Closed‑Won
A02417,"Wade, Richard and Hall",E‑Commerce,New,28,41,8646.87,Negotiation
A02418,Mitchell-Glover,EdTech,New,12,26,20541.54,Closed‑Won
A02419,"Armstrong, Taylor and Gray",EdTech,New,21,51,17240.61,Closed‑Won
A02420,"Wright, Murphy and Aguilar",MarTech,Expansion,30,47,11683.12,Closed‑Won
A02421,Gibson-Thomas,EdTech,Expansion,32,45,18218.69,Closed‑Won
A02422,Poole-Miller,Logistics,New,14,10,23297.84,Closed‑Lost
A02423,Coleman and Sons,FinTech,New,9,38,18666.61,Closed‑Won
A02424,Lewis-Miller,Logistics,New,29,17,20754.35,Negotiation
A02425,"Fox, Chapman and Stone",EdTech,Expansion,26,5,11849.25,Closed‑Won
A02426,Wiggins-Silva,E‑Commerce,New,15,20,16680.86,Negotiation
A02427,"Henderson, Alexander and Galvan",HealthTech,New,23,7,19557.71,On‑Hold
A02428,Dennis-Butler,MarTech,New,11,7,9574.97,Closed‑Won
A02429,Thomas and Sons,Logistics,Expansion,27,43,16235.18,Closed‑Won
A02430,Dawson-Anderson,EdTech,New,27,30,12701.51,Closed‑Lost
A02431,"Palmer, Rice and Benson",HealthTech,New,14,24,13691.22,Closed‑Won
A02432,Kennedy-Francis,E‑Commerce,New,20,12,16877.33,On‑Hold
A02433,"Wood, Crane and Guzman",HealthTech,New,16,46,9433.6,Closed‑Won
A02434,Rodriguez-Wood,EdTech,New,6,38,18567.8,Closed‑Won
A02435,Williams-Hernandez,MarTech,New,9,35,12247.78,Closed‑Won
A02436,Torres-Brooks,E‑Commerce,New,34,12,7971.82,Closed‑Won
A02437,Tucker-Moody,CyberSecurity,New,19,8,23677.98,Negotiation
A02438,Bowers Group,CyberSecurity,New,10,8,13011.97,Closed‑Won
A02439,Zuniga LLC,Logistics,Expansion,7,2,7748.74,Closed‑Won
A02440,Lewis-Fuentes,FinTech,New,16,58,14827.47,Closed‑Won
A02441,Smith-Kelley,EdTech,New,35,22,15813.78,Closed‑Lost
A02442,Harrell Group,FinTech,New,17,39,16961.88,Closed‑Won
A02443,Berry-Knight,FinTech,New,35,58,12473.02,Negotiation
A02444,Harrington-Alvarez,HealthTech,New,20,56,19812.01,Closed‑Won
A02445,"Bass, Anderson and Taylor",E‑Commerce,Expansion,28,19,13537.6,Closed‑Won
A02446,"Murray, Cole and Cole",SMB SaaS,New,29,29,18598.11,Closed‑Won
A02447,"Nguyen, Marsh and Beck",Logistics,Expansion,6,28,13569.16,Closed‑Won
A02448,Hughes-Mccullough,CyberSecurity,Expansion,6,2,16345.68,Closed‑Won
A02449,Weaver-Rubio,Logistics,New,33,46,14219.08,Closed‑Won
A02450,Fitzgerald-Brewer,HealthTech,New,33,34,21492.72,Closed‑Lost
A02451,Mann PLC,Logistics,New,9,22,18280.55,Closed‑Won
A02452,"Hogan, Zimmerman and Hoffman",SMB SaaS,New,25,33,8700.56,Closed‑Won
A02453,Schneider Inc,FinTech,New,33,44,15896.23,Closed‑Won
A02454,Friedman PLC,MarTech,New,34,1,12086.33,On‑Hold
A02455,"Todd, Bernard and Boyd",Logistics,New,14,39,13766.91,Closed‑Won
A02456,Shaw-Smith,MarTech,New,30,51,12175.17,Closed‑Won
A02457,"Mayer, White and Smith",Logistics,Expansion,25,43,15911.77,Negotiation
A02458,Sanchez Ltd,SMB SaaS,New,33,37,14815.45,Closed‑Won
A02459,"Wallace, Roman and Lawson",MarTech,Expansion,10,6,15227.87,Closed‑Won
A02460,Chapman-Henry,FinTech,New,24,44,25465.14,Closed‑Won
A02461,Morgan and Sons,EdTech,New,6,45,15963.44,Closed‑Won
A02462,Johnson-Rice,HealthTech,New,16,30,19641.54,Closed‑Won
A02463,Scott-Wilson,MarTech,New,6,35,13665.48,Closed‑Won
A02464,Weaver LLC,E‑Commerce,New,19,37,11419.07,Closed‑Won
A02465,White Inc,MarTech,Expansion,30,8,22166.01,Closed‑Won
A02466,Parker Group,HealthTech,New,25,16,19009.87,Closed‑Won
A02467,"Jackson, Mendez and Nguyen",EdTech,New,15,47,14190.13,Closed‑Won
A02468,Reeves LLC,CyberSecurity,New,18,58,13269.33,Closed‑Won
A02469,Garcia-Thomas,FinTech,New,17,16,16828.17,Closed‑Won
A02470,Scott-David,HealthTech,New,27,24,8569.84,Closed‑Won
A02471,Williams and Sons,SMB SaaS,New,13,55,17456.48,Closed‑Won
A02472,"Willis, Vasquez and Goodwin",FinTech,New,8,10,23625.41,Closed‑Won
A02473,Avery-Adams,MarTech,New,21,16,12000.39,Closed‑Won
A02474,Marshall-Russell,HealthTech,New,30,4,15855.86,Closed‑Won
A02475,Johnson-Schultz,FinTech,Expansion,20,14,10254.88,Closed‑Won
A02476,Adams PLC,MarTech,New,12,38,18053.61,Negotiation
A02477,"Garcia, Hines and Pearson",E‑Commerce,New,7,21,17990.34,Closed‑Won
A02478,Torres Group,HealthTech,Expansion,34,59,16473.55,Closed‑Won
A02479,Miller-Fields,FinTech,New,28,53,11115.33,Closed‑Won
A02480,Patton and Sons,HealthTech,New,10,53,15366.61,Negotiation
A02481,Fernandez-Jackson,CyberSecurity,Expansion,8,43,20100.06,Closed‑Won
A02482,Medina Group,Logistics,Expansion,9,42,17222.85,Closed‑Won
A02483,"Hayes, Smith and Marshall",HealthTech,Expansion,17,31,12966.06,Closed‑Won
A02484,"Roberts, Stanton and Smith",EdTech,New,30,59,20454.78,Closed‑Won
A02485,Nelson-King,EdTech,Expansion,10,6,18165.02,Closed‑Won
A02486,"James, Bell and Chen",EdTech,New,30,43,11504.8,Closed‑Won
A02487,"Pittman, Campbell and Martin",HealthTech,Expansion,6,9,11400.65,Closed‑Won
A02488,"Hart, Turner and Foster",FinTech,Expansion,28,21,7894.27,Closed‑Won
A02489,Rivas Ltd,E‑Commerce,Expansion,14,16,7538.7,On‑Hold
A02490,"Lutz, Johns and Clark",EdTech,New,34,36,12375.06,On‑Hold
A02491,"Bernard, Flores and Fleming",EdTech,New,20,47,11420.19,Closed‑Won
A02492,Reid-Petty,EdTech,New,14,5,23189.58,Closed‑Won
A02493,"Chavez, Sanchez and Bird",SMB SaaS,New,13,36,17356.09,Closed‑Won
A02494,Clark-Haley,E‑Commerce,New,30,14,9160.04,Closed‑Won
A02495,Smith-Holt,MarTech,Expansion,18,5,11458.02,Closed‑Won
A02496,"Nielsen, Lynch and Smith",HealthTech,New,16,25,12901.59,Negotiation
A02497,Chambers Group,Logistics,New,28,35,9390.74,Closed‑Won
A02498,"Woodard, Warner and Farmer",SMB SaaS,New,22,12,19166.45,Closed‑Won
A02499,"Miller, Mcdowell and Curtis",FinTech,New,25,23,16071.18,Negotiation
A02500,"Johnson, Collier and Powers",SMB SaaS,New,19,57,15612.11,Closed‑Won
A02501,"Martinez, Stanton and Bennett",CyberSecurity,New,7,21,19906.72,Closed‑Won
A02502,"Howard, Thompson and Tate",FinTech,Expansion,6,59,17612.01,Negotiation
A02503,"Terrell, Martinez and Wood",Logistics,Expansion,7,50,15876.89,Negotiation
A02504,Wallace and Sons,FinTech,New,23,22,15023.3,Negotiation
A02505,"Smith, Campbell and Morse",FinTech,New,21,35,9238.95,On‑Hold
A02506,Lee-Velasquez,FinTech,New,28,42,11544.26,Closed‑Won
A02507,"Turner, Robbins and Young",MarTech,Expansion,32,28,9873.69,Closed‑Won
A02508,Coffey-Johnson,E‑Commerce,Expansion,11,25,11534.93,Closed‑Won
A02509,Conway-Mann,MarTech,New,34,20,11036.67,Negotiation
A02510,Smith Ltd,FinTech,Expansion,33,9,21322.11,Closed‑Won
A02511,Rodriguez-Ramirez,HealthTech,New,24,2,14587.61,Negotiation
A02512,"Snyder, Arnold and Keller",Logistics,New,21,20,10662.23,Closed‑Lost
A02513,"Chambers, Morrison and Thompson",SMB SaaS,Expansion,11,47,12125.2,Closed‑Won
A02514,"Anderson, Brown and Green",Logistics,New,11,14,8756.69,Closed‑Won
A02515,"Foley, Ibarra and Daniel",FinTech,New,6,11,15997.61,Closed‑Lost
A02516,Lee-Gregory,Logistics,New,25,20,12411.3,Closed‑Won
A02517,"Byrd, Mendez and Becker",CyberSecurity,New,18,36,9026.06,Closed‑Won
A02518,Smith-Simmons,E‑Commerce,New,11,13,15737.33,Closed‑Won
A02519,"Hahn, Williams and Mcmillan",HealthTech,New,10,14,13492.91,Closed‑Won
A02520,Richard-Russell,SMB SaaS,New,7,7,12134.61,Closed‑Won
A02521,Frazier Group,MarTech,New,25,20,11133.23,Closed‑Won
A02522,Ward-Blake,FinTech,Expansion,26,13,14250.82,Closed‑Won
A02523,"Walker, Ramirez and Fisher",HealthTech,New,24,50,20296.58,Closed‑Won
A02524,Stewart-Myers,MarTech,Expansion,9,54,19063.76,Closed‑Won
A02525,Miller-Armstrong,FinTech,New,7,22,12096.74,Closed‑Won
A02526,Mooney and Sons,EdTech,New,9,6,7925.01,Negotiation
A02527,"Coleman, Jones and Wright",MarTech,New,28,6,13371.31,Closed‑Won
A02528,Murphy Inc,SMB SaaS,Expansion,28,20,7125.52,Closed‑Won
A02529,"Garrett, Johnson and Reynolds",FinTech,New,14,28,16679.59,Closed‑Won
A02530,Watkins Ltd,E‑Commerce,Expansion,7,32,13750.22,Closed‑Won
A02531,Pittman-Wright,SMB SaaS,New,15,18,23203.01,Closed‑Won
A02532,Allen-Peterson,Logistics,New,30,21,12217.75,Closed‑Won
A02533,Underwood PLC,SMB SaaS,New,10,17,15865.06,Closed‑Lost
A02534,Harding PLC,HealthTech,New,29,31,16551.07,Closed‑Won
A02535,"Gonzales, Davis and Griffin",Logistics,New,19,42,13430.96,Closed‑Won
A02536,Miller Inc,SMB SaaS,New,10,3,15844.82,Closed‑Won
A02537,Bennett Ltd,EdTech,New,34,29,23065.42,Closed‑Won
A02538,Patton Inc,MarTech,New,21,39,16185.9,Negotiation
A02539,Brown-Bishop,E‑Commerce,New,26,40,17574.45,Closed‑Won
A02540,Jones-Byrd,MarTech,New,8,34,22575.77,Negotiation
A02541,"Williams, Horn and Morales",EdTech,New,17,31,17806.62,Closed‑Won
A02542,"Walton, Hall and Greene",SMB SaaS,New,24,41,15905.17,Closed‑Won
A02543,"Hanson, Chavez and Marshall",SMB SaaS,New,25,23,16657.64,Negotiation
A02544,Hobbs-Harvey,MarTech,New,7,34,10744.27,Closed‑Won
A02545,Curtis-Lowe,Logistics,New,24,19,11790.64,Closed‑Won
A02546,Gibson LLC,MarTech,Expansion,34,26,11167.52,Closed‑Won
A02547,"Lee, Garcia and Larson",Logistics,New,29,8,14794.92,Closed‑Won
A02548,Watkins and Sons,E‑Commerce,New,12,21,11138.85,Negotiation
A02549,"Martinez, Hicks and Kelly",MarTech,Expansion,33,9,16537.04,Closed‑Won
A02550,Hardy-Wallace,HealthTech,New,26,14,12192.6,Closed‑Won
A02551,Taylor Inc,CyberSecurity,New,7,25,16062.5,Closed‑Won
A02552,Anderson PLC,EdTech,Expansion,9,30,15116.51,Negotiation
A02553,Palmer-Pearson,HealthTech,Expansion,33,56,12841.29,Closed‑Won
A02554,Collins-Mcclure,HealthTech,Expansion,12,2,27567.09,Negotiation
A02555,Hernandez LLC,SMB SaaS,New,8,54,8452.39,Closed‑Lost
A02556,"Cooper, Wood and Smith",FinTech,New,19,20,3429.92,On‑Hold
A02557,"Sandoval, Thomas and Young",Logistics,Expansion,21,43,19547.17,Negotiation
A02558,"Trevino, Henderson and Gonzalez",Logistics,Expansion,23,40,9979.64,Closed‑Won
A02559,Davidson and Sons,FinTech,New,25,58,16184.59,Closed‑Won
A02560,Peterson Ltd,E‑Commerce,New,35,7,15257.5,Closed‑Won
A02561,Neal-Holden,E‑Commerce,New,28,58,9209.56,Negotiation
A02562,"Schwartz, Christian and Knight",EdTech,New,6,4,12749.82,Closed‑Won
A02563,Jensen-Barnes,CyberSecurity,New,8,52,19276.99,Closed‑Won
A02564,Garcia Inc,MarTech,New,6,39,9260.76,On‑Hold
A02565,Robinson-Smith,MarTech,New,17,29,11561.53,Closed‑Won
A02566,Steele Group,MarTech,New,16,24,17323.96,Closed‑Won
A02567,"Lewis, Castillo and Tate",Logistics,New,34,6,18955.76,Negotiation
A02568,Aguirre-Bennett,CyberSecurity,New,16,48,8429.15,Closed‑Won
A02569,Lopez-Fritz,MarTech,New,6,43,21989.17,Negotiation
A02570,Smith-Howard,SMB SaaS,New,32,56,13883.79,Closed‑Won
A02571,"Wilson, Roberts and Lee",Logistics,Expansion,13,44,16249.25,Negotiation
A02572,"Durham, Ward and Hester",SMB SaaS,New,33,57,15446.67,Closed‑Won
A02573,Gonzalez and Sons,CyberSecurity,New,29,53,18488.53,Closed‑Won
A02574,Mcclure Ltd,MarTech,New,32,26,16561.99,Closed‑Won
A02575,Morgan PLC,Logistics,New,30,42,18419.41,Negotiation
A02576,White Inc,EdTech,New,10,16,18257.85,On‑Hold
A02577,Cameron Inc,EdTech,New,24,47,15815.24,Negotiation
A02578,Decker and Sons,MarTech,New,18,36,21269.16,Closed‑Lost
A02579,Pena-Dyer,SMB SaaS,New,24,26,11281.78,Closed‑Won
A02580,Boyle-Torres,E‑Commerce,New,28,38,12459.39,Closed‑Won
A02581,Wood LLC,MarTech,New,21,17,8694.31,Closed‑Won
A02582,"Jackson, Rose and Lloyd",MarTech,New,15,37,15699.76,Closed‑Won
A02583,"Keith, Johns and Jones",EdTech,New,33,29,12701.14,Negotiation
A02584,Andrade and Sons,CyberSecurity,New,25,19,14069.33,Closed‑Lost
A02585,Lee Group,EdTech,New,32,58,12784.58,Closed‑Lost
A02586,"Brooks, Greene and Rowland",E‑Commerce,New,13,4,18173.21,Closed‑Won
A02587,Mccall PLC,EdTech,New,31,45,11829.74,Negotiation
A02588,"Lopez, Nichols and Clarke",EdTech,New,15,13,11407.39,Closed‑Won
A02589,Wright-Soto,SMB SaaS,Expansion,19,14,12894.91,Closed‑Won
A02590,Salas-York,EdTech,Expansion,31,10,2714.14,Closed‑Won
A02591,"Blackwell, Clark and Miller",FinTech,Expansion,16,7,19393.81,Closed‑Won
A02592,Gibbs-Mendez,MarTech,New,13,8,19115.82,Closed‑Won
A02593,Romero Ltd,E‑Commerce,New,33,50,12947.06,Closed‑Lost
A02594,"Brooks, Stone and White",FinTech,New,34,55,14280.15,On‑Hold
A02595,"Brooks, Neal and Baldwin",EdTech,New,15,35,20372.05,Closed‑Won
A02596,Wells-Perkins,HealthTech,New,15,1,12674.71,Negotiation
A02597,"Morse, Silva and Johnson",E‑Commerce,New,12,52,16041.41,Closed‑Won
A02598,Jacobson Group,CyberSecurity,New,6,36,11777.36,Closed‑Won
A02599,Foster LLC,SMB SaaS,New,22,31,17237.92,On‑Hold
A02600,Oneal-Duncan,MarTech,New,13,56,12616.68,Closed‑Won
A02601,Scott-Miller,Logistics,Expansion,31,25,10932.79,Closed‑Won
A02602,Phillips PLC,HealthTech,New,11,22,11979.7,Closed‑Won
A02603,Hall-Williams,Logistics,Expansion,25,47,16686.27,Closed‑Won
A02604,"Oliver, Simmons and Mcdonald",E‑Commerce,New,21,32,16442.21,Closed‑Won
A02605,Richardson-Jimenez,Logistics,New,24,43,10249.77,Closed‑Won
A02606,Reyes-White,Logistics,New,9,42,16686.56,Closed‑Won
A02607,Baker Inc,E‑Commerce,New,19,50,16984.82,Closed‑Won
A02608,Valenzuela-Phillips,EdTech,New,24,19,14110.1,Closed‑Won
A02609,"Hunt, Schneider and Hartman",E‑Commerce,New,16,5,19783.51,Negotiation
A02610,Garcia Inc,Logistics,New,32,29,16823.35,Closed‑Won
A02611,Johnson-Gonzalez,SMB SaaS,New,21,39,15137.61,Closed‑Won
A02612,Leonard LLC,SMB SaaS,New,16,49,19794.65,Closed‑Won
A02613,Mcgee-Mack,HealthTech,Expansion,6,16,20594.33,Closed‑Won
A02614,Lee-Munoz,E‑Commerce,New,11,44,16332.54,Closed‑Won
A02615,Murillo Ltd,FinTech,New,20,50,17806.82,Closed‑Lost
A02616,"Daniels, Green and Carrillo",CyberSecurity,New,18,48,16481.4,Closed‑Won
A02617,Short-Logan,SMB SaaS,New,32,48,10994.67,Closed‑Won
A02618,Bautista-Underwood,FinTech,New,29,59,15094.15,Closed‑Won
A02619,"Smith, Valdez and Hays",CyberSecurity,New,10,40,14489.02,Closed‑Lost
A02620,Grimes and Sons,SMB SaaS,Expansion,23,22,5310.71,Negotiation
A02621,Cummings and Sons,Logistics,New,19,26,10485.24,Closed‑Won
A02622,Hall-Matthews,MarTech,New,9,45,12999.16,Closed‑Won
A02623,"Todd, Sharp and Murray",FinTech,New,25,14,17022.98,Closed‑Won
A02624,Edwards and Sons,SMB SaaS,Expansion,22,36,19789.52,Negotiation
A02625,Carrillo-Wolfe,SMB SaaS,Expansion,8,34,8185.89,Closed‑Won
A02626,Gonzales PLC,E‑Commerce,Expansion,20,40,22932.42,On‑Hold
A02627,Brooks PLC,SMB SaaS,New,27,25,12294.72,On‑Hold
A02628,Torres Ltd,FinTech,New,15,44,4331.0,Closed‑Won
A02629,Porter Ltd,E‑Commerce,New,16,5,21247.55,Negotiation
A02630,Morgan-Barnes,FinTech,Expansion,9,45,15808.9,Closed‑Won
A02631,"Goodwin, Farmer and Vaughn",SMB SaaS,New,12,48,15033.91,Closed‑Won
A02632,Nguyen-Johnson,CyberSecurity,New,35,53,14393.06,Closed‑Won
A02633,Weeks and Sons,SMB SaaS,New,24,55,13680.94,Closed‑Won
A02634,Carroll-Lloyd,E‑Commerce,New,11,21,11484.59,Closed‑Won
A02635,"Berry, Myers and James",FinTech,New,20,3,16441.66,Closed‑Won
A02636,Brown-Hughes,FinTech,New,11,39,16653.29,Closed‑Won
A02637,Rodriguez-Hudson,EdTech,New,19,6,11752.07,Closed‑Won
A02638,Fowler-Torres,CyberSecurity,Expansion,10,17,22180.32,Closed‑Won
A02639,Garcia PLC,HealthTech,New,24,42,19968.8,Closed‑Won
A02640,Johnson Ltd,Logistics,Expansion,23,36,19033.51,Closed‑Won
A02641,"Burns, Lopez and Jones",HealthTech,New,25,36,6216.17,Negotiation
A02642,Campbell-Hall,MarTech,Expansion,19,45,8231.3,Closed‑Won
A02643,"Warren, Gibson and Wood",HealthTech,New,14,10,11699.31,Negotiation
A02644,Jackson Group,MarTech,Expansion,13,47,13403.17,Closed‑Won
A02645,Moore-Rodriguez,MarTech,New,12,35,16148.99,Closed‑Won
A02646,"Barnes, Paul and Price",FinTech,New,18,25,17887.14,Closed‑Won
A02647,Anderson and Sons,E‑Commerce,New,19,28,13362.89,Closed‑Won
A02648,Reynolds-Mckinney,Logistics,New,26,31,15448.2,On‑Hold
A02649,Moore-Andrews,SMB SaaS,New,7,33,15258.07,Closed‑Won
A02650,Matthews-Shaw,EdTech,Expansion,14,20,11362.05,Closed‑Won
A02651,"Stevens, Harris and Ritter",SMB SaaS,Expansion,31,14,13729.67,Closed‑Won
A02652,Brown-Ross,SMB SaaS,New,33,10,17923.74,Negotiation
A02653,Fox PLC,SMB SaaS,New,33,21,23660.12,Closed‑Won
A02654,Stevens-Johnston,EdTech,New,15,16,14837.57,Closed‑Won
A02655,"Davis, Lucas and Ellison",Logistics,Expansion,10,31,12338.68,Negotiation
A02656,Graves-Dawson,E‑Commerce,Expansion,11,54,15703.84,Closed‑Won
A02657,Myers-Colon,FinTech,New,9,7,10257.26,Closed‑Won
A02658,Perry and Sons,EdTech,Expansion,34,19,17802.72,Closed‑Won
A02659,"Quinn, Ellis and Bartlett",CyberSecurity,New,32,3,10859.49,Closed‑Won
A02660,Hale Inc,HealthTech,Expansion,30,58,16689.77,Closed‑Won
A02661,Hale-Williams,MarTech,Expansion,27,42,21071.3,Closed‑Won
A02662,Hill Ltd,Logistics,Expansion,16,15,14387.34,Negotiation
A02663,"Carter, Hendricks and Wolfe",HealthTech,New,20,25,14269.99,Closed‑Won
A02664,"Barrera, Kerr and Jenkins",MarTech,New,31,43,13525.01,Closed‑Won
A02665,"Martinez, Wood and Campos",HealthTech,New,30,57,18854.98,Closed‑Won
A02666,"Miranda, Nguyen and Hayes",E‑Commerce,Expansion,21,34,16799.78,On‑Hold
A02667,Clark-Williams,HealthTech,New,31,16,14149.4,Closed‑Won
A02668,Jones Ltd,SMB SaaS,New,16,42,17204.87,Closed‑Won
A02669,"Brady, James and Reese",FinTech,Expansion,18,41,11101.54,Closed‑Won
A02670,Sanders Inc,SMB SaaS,New,31,38,12515.13,Negotiation
A02671,Wilson-Stark,Logistics,New,17,3,11496.7,Closed‑Won
A02672,Santiago-Marshall,Logistics,New,28,42,21955.45,Closed‑Won
A02673,Jones-Kelley,Logistics,New,19,2,13728.64,Closed‑Won
A02674,Reeves Group,HealthTech,New,14,54,13844.3,Closed‑Won
A02675,Ruiz LLC,SMB SaaS,New,12,53,24466.51,Closed‑Won
A02676,Jackson Inc,E‑Commerce,New,24,34,10867.53,Closed‑Won
A02677,"Garcia, Phillips and Nichols",SMB SaaS,New,20,39,13099.92,Closed‑Won
A02678,Jackson-Powers,SMB SaaS,New,17,5,20410.01,Closed‑Won
A02679,Byrd and Sons,E‑Commerce,New,28,52,24986.64,Closed‑Won
A02680,Howard-Robinson,EdTech,New,6,16,21577.87,Negotiation
A02681,Stafford PLC,FinTech,New,8,16,19719.46,Closed‑Won
A02682,Ramos Inc,FinTech,New,34,42,16308.66,Closed‑Won
A02683,"Cain, Davidson and Moran",MarTech,Expansion,25,56,14679.99,Closed‑Won
A02684,Myers LLC,Logistics,New,22,30,18590.01,Closed‑Lost
A02685,Williams-Smith,E‑Commerce,New,6,30,18866.5,Closed‑Won
A02686,Wang-Mcfarland,MarTech,Expansion,23,33,13210.98,Closed‑Won
A02687,Kerr-Gonzalez,HealthTech,New,19,18,16330.19,Closed‑Won
A02688,Fisher Inc,E‑Commerce,New,23,36,10216.6,Negotiation
A02689,Hoover-Frazier,CyberSecurity,New,7,57,15523.62,Closed‑Won
A02690,Walker Inc,SMB SaaS,New,22,23,17584.09,Closed‑Won
A02691,"Jackson, Jackson and Perry",CyberSecurity,New,23,46,11409.51,Closed‑Won
A02692,Ochoa LLC,E‑Commerce,Expansion,14,46,7634.24,Negotiation
A02693,"Sims, Weber and Villa",SMB SaaS,Expansion,7,51,18691.76,Negotiation
A02694,Mcmillan-Martinez,MarTech,New,35,43,21582.07,Closed‑Won
A02695,Rodriguez LLC,SMB SaaS,New,27,55,14623.39,Closed‑Won
A02696,Smith Ltd,EdTech,New,24,43,11392.17,Closed‑Won
A02697,Smith-Lewis,HealthTech,New,29,58,17085.07,Closed‑Won
A02698,Jones LLC,MarTech,New,26,43,6350.71,Closed‑Won
A02699,"Hanson, Williams and Mcclure",HealthTech,New,10,50,12251.49,Closed‑Won
A02700,Turner-George,FinTech,Expansion,19,53,17548.19,Closed‑Won
A02701,Marquez PLC,SMB SaaS,New,32,59,20360.34,Closed‑Won
A02702,King Inc,Logistics,New,14,36,13129.81,Closed‑Won
A02703,"Nguyen, Mccoy and Price",HealthTech,New,35,42,10123.27,Negotiation
A02704,"Anderson, Thompson and Gill",Logistics,New,7,58,8188.3,Closed‑Won
A02705,"Stewart, York and Olson",FinTech,Expansion,15,23,16539.75,Closed‑Won
A02706,Smith-Barr,EdTech,New,16,8,13846.87,Closed‑Won
A02707,Reyes-Davidson,CyberSecurity,Expansion,24,53,19255.91,Closed‑Lost
A02708,Gordon Ltd,EdTech,Expansion,11,38,12389.17,Closed‑Won
A02709,Hall PLC,CyberSecurity,Expansion,12,26,16380.02,Closed‑Won
A02710,Parker Ltd,Logistics,New,25,43,14240.09,Closed‑Won
A02711,Todd-Harvey,FinTech,New,14,2,12859.38,Closed‑Won
A02712,Taylor Group,FinTech,Expansion,32,29,16416.55,Closed‑Won
A02713,Harris-Bennett,SMB SaaS,Expansion,32,16,16412.3,Closed‑Won
A02714,"Johnson, Mclean and George",E‑Commerce,New,15,18,12951.31,Closed‑Won
A02715,Stevenson-Murphy,E‑Commerce,Expansion,22,58,16713.67,Closed‑Won
A02716,Stewart-Buchanan,MarTech,New,15,33,14956.23,Closed‑Won
A02717,Meyer Group,MarTech,New,16,9,14906.17,Closed‑Won
A02718,"Hess, Christensen and Perez",CyberSecurity,Expansion,26,22,11393.82,Closed‑Won
A02719,"Rivera, Allen and Ryan",E‑Commerce,New,14,15,13468.41,Closed‑Won
A02720,"Mcneil, Solis and Horton",HealthTech,New,10,54,6516.99,Closed‑Won
A02721,Franklin Group,CyberSecurity,Expansion,13,18,16785.31,Closed‑Won
A02722,"Morris, Ramos and Smith",CyberSecurity,Expansion,33,22,13804.41,Closed‑Lost
A02723,Jones-Lee,FinTech,Expansion,13,20,22144.93,Closed‑Won
A02724,"Braun, Mays and Martinez",MarTech,New,16,11,12090.71,Negotiation
A02725,Watkins and Sons,Logistics,Expansion,24,47,16530.75,Closed‑Won
A02726,Romero Group,E‑Commerce,New,9,35,12088.33,Closed‑Won
A02727,"Mcdonald, Martin and Gonzalez",HealthTech,New,14,26,24417.59,Closed‑Won
A02728,Thompson-Wright,FinTech,New,11,24,19443.88,Closed‑Won
A02729,Ray-Faulkner,E‑Commerce,Expansion,33,40,16695.34,Negotiation
A02730,Nelson Group,MarTech,Expansion,33,6,6785.56,Closed‑Won
A02731,Tapia LLC,SMB SaaS,Expansion,28,55,14348.04,Closed‑Won
A02732,Gray-Ruiz,E‑Commerce,New,13,34,15341.3,Closed‑Won
A02733,Wagner-Moss,SMB SaaS,New,24,14,6203.02,Closed‑Won
A02734,Weiss Group,HealthTech,New,25,32,11928.6,Closed‑Won
A02735,Gill Group,MarTech,New,32,51,18357.36,Closed‑Won
A02736,Blake LLC,HealthTech,New,10,11,9850.62,Closed‑Won
A02737,"Medina, Tran and Thompson",E‑Commerce,New,28,31,9104.91,Closed‑Won
A02738,Ford-Chavez,HealthTech,Expansion,11,36,11983.59,Closed‑Won
A02739,Hart-Castillo,MarTech,Expansion,23,48,11393.99,Closed‑Won
A02740,Taylor-Harrison,EdTech,Expansion,32,34,15487.31,Negotiation
A02741,Hendricks Inc,HealthTech,New,7,44,11495.76,Closed‑Lost
A02742,Hensley Ltd,FinTech,New,10,46,16011.12,Closed‑Won
A02743,"Brooks, Sullivan and Perry",E‑Commerce,New,30,53,17801.89,Closed‑Won
A02744,Waller-Brooks,SMB SaaS,New,6,22,18122.02,Closed‑Won
A02745,Parker-Archer,HealthTech,New,26,42,20167.98,Closed‑Won
A02746,Ortiz Inc,MarTech,New,21,15,14245.06,Closed‑Won
A02747,Cruz PLC,HealthTech,New,16,50,12633.39,Negotiation
A02748,Lee Group,Logistics,New,31,57,11501.46,Closed‑Won
A02749,Wise-Walton,MarTech,New,31,18,9572.44,Closed‑Won
A02750,Hicks-Burns,SMB SaaS,New,15,34,14762.67,Closed‑Won
A02751,"Richardson, Brown and Cruz",HealthTech,New,6,49,12738.95,Closed‑Won
A02752,Fitzgerald-Allen,FinTech,New,9,2,16975.91,Closed‑Won
A02753,Dorsey LLC,E‑Commerce,New,9,42,12182.63,Closed‑Won
A02754,"Mann, Johnson and Wade",CyberSecurity,New,35,49,11855.34,Closed‑Lost
A02755,Green Group,SMB SaaS,New,23,52,18532.28,Closed‑Won
A02756,"Hernandez, Wright and Lane",Logistics,New,26,12,17858.5,Closed‑Won
A02757,"Skinner, Smith and Wise",SMB SaaS,Expansion,12,45,16221.29,On‑Hold
A02758,"Dawson, Cruz and Mccarthy",CyberSecurity,New,31,47,20015.13,Closed‑Won
A02759,Stone and Sons,EdTech,New,27,1,15797.5,Closed‑Won
A02760,Martin-Simmons,MarTech,New,28,42,16450.42,Closed‑Won
A02761,"Turner, Ponce and Barrett",HealthTech,New,20,37,14183.38,Closed‑Won
A02762,Willis-Gross,MarTech,New,26,58,18117.75,Closed‑Won
A02763,"Booth, Rodriguez and Armstrong",EdTech,Expansion,22,3,17966.67,Closed‑Won
A02764,Olsen-Adams,FinTech,New,17,57,12251.69,Closed‑Won
A02765,Conrad Group,HealthTech,New,23,34,13641.44,Closed‑Won
A02766,"Parker, Benitez and Velasquez",E‑Commerce,New,15,17,16160.01,Closed‑Won
A02767,Davis Ltd,EdTech,New,34,23,15615.54,Negotiation
A02768,Warren-Pena,SMB SaaS,New,27,46,10699.65,Negotiation
A02769,"Jordan, Thompson and Lopez",MarTech,New,28,59,7754.89,Negotiation
A02770,Gonzalez and Sons,SMB SaaS,New,27,19,20386.76,Closed‑Won
A02771,"Fry, Hayes and Olsen",CyberSecurity,Expansion,19,59,21296.17,On‑Hold
A02772,Harris Ltd,FinTech,Expansion,34,38,14342.86,Closed‑Won
A02773,Lamb and Sons,HealthTech,Expansion,12,12,4627.46,Closed‑Won
A02774,Bird-Savage,CyberSecurity,New,23,36,11276.45,Closed‑Won
A02775,Sims-Weber,E‑Commerce,Expansion,8,48,18553.54,Closed‑Won
A02776,"Martin, Carter and Gray",EdTech,New,14,4,18292.98,Closed‑Won
A02777,Brown-Johnson,E‑Commerce,New,23,5,19658.0,Closed‑Won
A02778,Woods Ltd,SMB SaaS,Expansion,20,1,7910.67,Closed‑Won
A02779,Smith LLC,MarTech,New,34,34,18931.21,Closed‑Won
A02780,Ortega Inc,FinTech,Expansion,24,4,13230.0,Closed‑Won
A02781,Clark Inc,EdTech,Expansion,18,55,14219.91,Closed‑Won
A02782,Morrison-Hatfield,SMB SaaS,New,18,8,12958.16,Closed‑Won
A02783,Frederick-Kennedy,Logistics,New,24,5,18974.83,Closed‑Won
A02784,Munoz-Rogers,Logistics,New,29,16,10843.6,Closed‑Won
A02785,"Wu, Key and Montoya",SMB SaaS,Expansion,14,46,11015.05,Closed‑Won
A02786,Ortega-Gray,FinTech,Expansion,23,54,18957.75,Closed‑Won
A02787,Hester LLC,EdTech,New,23,15,12319.36,Closed‑Won
A02788,Smith Ltd,FinTech,New,6,31,13282.6,Closed‑Won
A02789,Hardy-Barron,FinTech,New,33,46,12811.8,Closed‑Won
A02790,Johnson Inc,Logistics,New,23,48,15156.05,Negotiation
A02791,"Ramirez, Lyons and Briggs",SMB SaaS,New,13,10,12393.04,Closed‑Won
A02792,Hayes-Parks,HealthTech,Expansion,25,50,15435.97,Closed‑Won
A02793,Robertson-Keller,CyberSecurity,New,26,52,16844.73,Closed‑Won
A02794,Andersen LLC,E‑Commerce,Expansion,33,44,14954.07,Closed‑Lost
A02795,Schultz Inc,FinTech,New,7,32,13426.27,Closed‑Won
A02796,"Nguyen, Wallace and Lawson",SMB SaaS,New,18,24,11118.0,Closed‑Won
A02797,Stevenson-Bauer,Logistics,New,11,53,4121.58,Closed‑Won
A02798,Patterson-Huynh,E‑Commerce,Expansion,23,51,17375.94,Closed‑Won
A02799,Hatfield-Vincent,CyberSecurity,New,21,31,17518.31,Closed‑Won
A02800,Navarro LLC,MarTech,New,20,44,22623.23,Closed‑Won
