account_id,month,closed_won_usd,churned_usd,actual_usd,churn,active_customer
A00001,2023-01-31,9298.25,9298.25,0.0,1,0
A00002,2023-01-31,9127.64,9127.64,0.0,1,0
A00003,2023-01-31,7649.86,7649.86,0.0,1,0
A00004,2023-01-31,12539.16,12539.16,0.0,1,0
A00005,2023-01-31,31530.41,31530.41,0.0,1,0
A00006,2023-01-31,7550.16,7550.16,0.0,1,0
A00007,2023-01-31,8684.31,8684.31,0.0,1,0
A00008,2023-01-31,40271.82,40271.82,0.0,1,0
A00009,2023-01-31,8526.41,8526.41,0.0,1,0
A00010,2023-01-31,14846.98,14846.98,0.0,1,0
A00011,2023-01-31,45505.64,45505.64,0.0,1,0
A00012,2023-01-31,12787.76,12787.76,0.0,1,0
A00013,2023-01-31,54862.36,54862.36,0.0,1,0
A00014,2023-01-31,7183.51,7183.51,0.0,1,0
A00015,2023-01-31,52934.32,52934.32,0.0,1,0
A00016,2023-01-31,12394.25,12394.25,0.0,1,0
A00017,2023-01-31,1851.71,1851.71,0.0,1,0
A00018,2023-01-31,2626.5,2626.5,0.0,1,0
A00019,2023-01-31,10305.49,10305.49,0.0,1,0
A00020,2023-01-31,17500.27,17500.27,0.0,1,0
A00021,2023-01-31,13313.75,13313.75,0.0,1,0
A00022,2023-01-31,34497.09,34497.09,0.0,1,0
A00023,2023-01-31,20354.14,20354.14,0.0,1,0
A00024,2023-01-31,11859.74,11859.74,0.0,1,0
A00025,2023-01-31,16427.68,16427.68,0.0,1,0
A00026,2023-01-31,10807.29,10807.29,0.0,1,0
A00027,2023-01-31,21036.92,21036.92,0.0,1,0
A00028,2023-01-31,7857.99,7857.99,0.0,1,0
A00029,2023-01-31,21281.81,21281.81,0.0,1,0
A00030,2023-01-31,12956.45,12956.45,0.0,1,0
A00031,2023-01-31,10533.2,10533.2,0.0,1,0
A00032,2023-01-31,33860.55,33860.55,0.0,1,0
A00033,2023-01-31,45190.46,45190.46,0.0,1,0
A00034,2023-01-31,16952.16,16952.16,0.0,1,0
A00035,2023-01-31,11354.3,11354.3,0.0,1,0
A00036,2023-01-31,11571.43,11571.43,0.0,1,0
A00037,2023-01-31,11488.77,11488.77,0.0,1,0
A00038,2023-01-31,792.24,792.24,0.0,1,0
A00039,2023-01-31,22806.31,22806.31,0.0,1,0
A00040,2023-01-31,18864.68,18864.68,0.0,1,0
A00041,2023-01-31,15770.73,15770.73,0.0,1,0
A00042,2023-01-31,27103.46,27103.46,0.0,1,0
A00043,2023-01-31,5963.27,5963.27,0.0,1,0
A00044,2023-01-31,1946.73,1946.73,0.0,1,0
A00045,2023-01-31,11130.92,11130.92,0.0,1,0
A00046,2023-01-31,24019.83,24019.83,0.0,1,0
A00047,2023-01-31,16689.27,16689.27,0.0,1,0
A00048,2023-01-31,13447.12,13447.12,0.0,1,0
A00049,2023-01-31,46426.58,46426.58,0.0,1,0
A00050,2023-01-31,36323.51,36323.51,0.0,1,0
A00051,2023-01-31,25792.24,25792.24,0.0,1,0
A00052,2023-01-31,12846.3,12846.3,0.0,1,0
A00053,2023-01-31,75439.12,75439.12,0.0,1,0
A00054,2023-01-31,6420.2,6420.2,0.0,1,0
A00055,2023-01-31,31175.85,31175.85,0.0,1,0
A00056,2023-01-31,32719.66,32719.66,0.0,1,0
A00057,2023-01-31,10545.09,10545.09,0.0,1,0
A00058,2023-01-31,37520.61,37520.61,0.0,1,0
A00059,2023-01-31,5977.97,5977.97,0.0,1,0
A00060,2023-01-31,20462.29,20462.29,0.0,1,0
A00061,2023-01-31,30005.83,30005.83,0.0,1,0
A00062,2023-01-31,19774.55,19774.55,0.0,1,0
A00063,2023-01-31,4159.45,4159.45,0.0,1,0
A00064,2023-01-31,29596.11,29596.11,0.0,1,0
A00065,2023-01-31,36353.4,36353.4,0.0,1,0
A00066,2023-01-31,17769.41,17769.41,0.0,1,0
A00067,2023-01-31,3057.46,3057.46,0.0,1,0
A00068,2023-01-31,17007.47,17007.47,0.0,1,0
A00069,2023-01-31,9808.64,9808.64,0.0,1,0
A00070,2023-01-31,16314.24,16314.24,0.0,1,0
A00071,2023-01-31,25427.24,25427.24,0.0,1,0
A00072,2023-01-31,5547.15,5547.15,0.0,1,0
A00073,2023-01-31,41386.38,41386.38,0.0,1,0
A00074,2023-01-31,12398.03,12398.03,0.0,1,0
A00075,2023-01-31,18028.73,18028.73,0.0,1,0
A00076,2023-01-31,10701.13,10701.13,0.0,1,0
A00077,2023-01-31,25422.5,25422.5,0.0,1,0
A00078,2023-01-31,41372.92,41372.92,0.0,1,0
A00079,2023-01-31,8253.76,8253.76,0.0,1,0
A00080,2023-01-31,23107.96,23107.96,0.0,1,0
A00081,2023-01-31,9248.43,9248.43,0.0,1,0
A00082,2023-01-31,25001.03,25001.03,0.0,1,0
A00083,2023-01-31,16021.46,16021.46,0.0,1,0
A00084,2023-01-31,28841.17,28841.17,0.0,1,0
A00085,2023-01-31,19133.27,19133.27,0.0,1,0
A00086,2023-01-31,57037.97,57037.97,0.0,1,0
A00087,2023-01-31,10773.83,10773.83,0.0,1,0
A00088,2023-01-31,5078.74,5078.74,0.0,1,0
A00089,2023-01-31,10076.47,10076.47,0.0,1,0
A00090,2023-01-31,10213.62,10213.62,0.0,1,0
A00091,2023-01-31,14526.44,14526.44,0.0,1,0
A00092,2023-01-31,11710.85,11710.85,0.0,1,0
A00093,2023-01-31,18038.08,18038.08,0.0,1,0
A00094,2023-01-31,3288.67,3288.67,0.0,1,0
A00095,2023-01-31,11662.4,11662.4,0.0,1,0
A00096,2023-01-31,11562.91,11562.91,0.0,1,0
A00097,2023-01-31,26416.14,26416.14,0.0,1,0
A00098,2023-01-31,7335.78,7335.78,0.0,1,0
A00099,2023-01-31,7032.69,7032.69,0.0,1,0
A00100,2023-01-31,15769.36,15769.36,0.0,1,0
A00101,2023-01-31,27549.05,27549.05,0.0,1,0
A00102,2023-01-31,677.91,677.91,0.0,1,0
A00103,2023-01-31,25567.07,25567.07,0.0,1,0
A00104,2023-01-31,22915.63,0.0,22915.63,0,1
A00105,2023-01-31,14667.91,14667.91,0.0,1,0
A00106,2023-01-31,17559.64,17559.64,0.0,1,0
A00107,2023-01-31,31270.4,31270.4,0.0,1,0
A00108,2023-01-31,10150.82,10150.82,0.0,1,0
A00109,2023-01-31,4666.4,4666.4,0.0,1,0
A00110,2023-01-31,23008.67,23008.67,0.0,1,0
A00111,2023-01-31,21670.51,21670.51,0.0,1,0
A00112,2023-01-31,2095.63,2095.63,0.0,1,0
A00113,2023-01-31,42551.66,42551.66,0.0,1,0
A00114,2023-01-31,20686.42,20686.42,0.0,1,0
A00115,2023-01-31,7734.72,7734.72,0.0,1,0
A00116,2023-01-31,21912.65,21912.65,0.0,1,0
A00117,2023-01-31,19865.05,19865.05,0.0,1,0
A00118,2023-01-31,11304.28,11304.28,0.0,1,0
A00119,2023-01-31,17418.71,17418.71,0.0,1,0
A00120,2023-01-31,17522.81,17522.81,0.0,1,0
A00121,2023-01-31,16088.52,16088.52,0.0,1,0
A00122,2023-01-31,15080.32,15080.32,0.0,1,0
A00123,2023-01-31,20023.91,20023.91,0.0,1,0
A00124,2023-01-31,17920.58,17920.58,0.0,1,0
A00125,2023-01-31,10201.67,10201.67,0.0,1,0
A00126,2023-01-31,6463.28,6463.28,0.0,1,0
A00127,2023-01-31,17352.06,17352.06,0.0,1,0
A00128,2023-01-31,25434.73,25434.73,0.0,1,0
A00129,2023-01-31,16866.27,16866.27,0.0,1,0
A00130,2023-01-31,10056.89,10056.89,0.0,1,0
A00131,2023-01-31,3103.15,3103.15,0.0,1,0
A00132,2023-01-31,43449.1,43449.1,0.0,1,0
A00133,2023-01-31,21056.02,21056.02,0.0,1,0
A00134,2023-01-31,19990.99,19990.99,0.0,1,0
A00135,2023-01-31,11372.03,11372.03,0.0,1,0
A00136,2023-01-31,3238.99,3238.99,0.0,1,0
A00137,2023-01-31,9529.81,9529.81,0.0,1,0
A00138,2023-01-31,39073.83,39073.83,0.0,1,0
A00139,2023-01-31,5289.82,5289.82,0.0,1,0
A00140,2023-01-31,2584.03,2584.03,0.0,1,0
A00141,2023-01-31,43064.73,43064.73,0.0,1,0
A00142,2023-01-31,7848.57,7848.57,0.0,1,0
A00143,2023-01-31,13510.81,13510.81,0.0,1,0
A00144,2023-01-31,20205.44,20205.44,0.0,1,0
A00145,2023-01-31,52138.84,52138.84,0.0,1,0
A00146,2023-01-31,38469.44,38469.44,0.0,1,0
A00147,2023-01-31,14779.71,0.0,14779.71,0,1
A00148,2023-01-31,10012.57,10012.57,0.0,1,0
A00149,2023-01-31,5939.01,5939.01,0.0,1,0
A00150,2023-01-31,21278.03,0.0,21278.03,0,1
A00151,2023-01-31,16942.13,16942.13,0.0,1,0
A00152,2023-01-31,2995.27,2995.27,0.0,1,0
A00153,2023-01-31,13450.62,13450.62,0.0,1,0
A00154,2023-01-31,17259.51,17259.51,0.0,1,0
A00155,2023-01-31,22606.43,22606.43,0.0,1,0
A00156,2023-01-31,6931.82,6931.82,0.0,1,0
A00157,2023-01-31,17623.81,17623.81,0.0,1,0
A00158,2023-01-31,5778.09,5778.09,0.0,1,0
A00159,2023-01-31,20242.55,20242.55,0.0,1,0
A00160,2023-01-31,13125.41,13125.41,0.0,1,0
A00161,2023-01-31,54726.93,54726.93,0.0,1,0
A00162,2023-01-31,8066.73,8066.73,0.0,1,0
A00163,2023-01-31,10794.78,10794.78,0.0,1,0
A00164,2023-01-31,3187.66,3187.66,0.0,1,0
A00165,2023-01-31,15268.25,15268.25,0.0,1,0
A00166,2023-01-31,11908.8,11908.8,0.0,1,0
A00167,2023-01-31,16405.08,16405.08,0.0,1,0
A00168,2023-01-31,14665.17,14665.17,0.0,1,0
A00169,2023-01-31,55378.18,55378.18,0.0,1,0
A00170,2023-01-31,21577.27,0.0,21577.27,0,1
A00171,2023-01-31,26623.99,26623.99,0.0,1,0
A00172,2023-01-31,16771.86,16771.86,0.0,1,0
A00173,2023-01-31,18696.47,18696.47,0.0,1,0
A00174,2023-01-31,16318.16,16318.16,0.0,1,0
A00175,2023-01-31,16536.59,16536.59,0.0,1,0
A00176,2023-01-31,10013.95,10013.95,0.0,1,0
A00177,2023-01-31,26168.85,26168.85,0.0,1,0
A00178,2023-01-31,57627.45,57627.45,0.0,1,0
A00179,2023-01-31,16743.96,16743.96,0.0,1,0
A00180,2023-01-31,7261.09,7261.09,0.0,1,0
A00181,2023-01-31,30309.68,30309.68,0.0,1,0
A00182,2023-01-31,42850.01,42850.01,0.0,1,0
A00183,2023-01-31,10484.55,10484.55,0.0,1,0
A00184,2023-01-31,5934.34,5934.34,0.0,1,0
A00185,2023-01-31,24318.79,24318.79,0.0,1,0
A00186,2023-01-31,17136.31,17136.31,0.0,1,0
A00187,2023-01-31,22822.73,22822.73,0.0,1,0
A00188,2023-01-31,15835.53,15835.53,0.0,1,0
A00189,2023-01-31,13459.42,13459.42,0.0,1,0
A00190,2023-01-31,7686.96,7686.96,0.0,1,0
A00191,2023-01-31,20829.69,20829.69,0.0,1,0
A00192,2023-01-31,5160.92,5160.92,0.0,1,0
A00193,2023-01-31,26096.08,26096.08,0.0,1,0
A00194,2023-01-31,24948.53,24948.53,0.0,1,0
A00195,2023-01-31,20275.67,20275.67,0.0,1,0
A00196,2023-01-31,35467.44,35467.44,0.0,1,0
A00197,2023-01-31,12570.98,12570.98,0.0,1,0
A00198,2023-01-31,12238.83,12238.83,0.0,1,0
A00199,2023-01-31,11553.36,11553.36,0.0,1,0
A00200,2023-01-31,17718.57,17718.57,0.0,1,0
A00201,2023-01-31,14314.39,14314.39,0.0,1,0
A00202,2023-01-31,11250.27,11250.27,0.0,1,0
A00203,2023-01-31,11989.2,11989.2,0.0,1,0
A00204,2023-01-31,19648.95,19648.95,0.0,1,0
A00205,2023-01-31,33215.14,33215.14,0.0,1,0
A00206,2023-01-31,9828.15,9828.15,0.0,1,0
A00207,2023-01-31,1826.28,1826.28,0.0,1,0
A00208,2023-01-31,23954.69,23954.69,0.0,1,0
A00209,2023-01-31,7281.91,7281.91,0.0,1,0
A00210,2023-01-31,33153.44,33153.44,0.0,1,0
A00211,2023-01-31,26745.34,26745.34,0.0,1,0
A00212,2023-01-31,28329.27,28329.27,0.0,1,0
A00213,2023-01-31,16393.4,16393.4,0.0,1,0
A00214,2023-01-31,32039.01,32039.01,0.0,1,0
A00215,2023-01-31,20676.12,20676.12,0.0,1,0
A00216,2023-01-31,19538.25,19538.25,0.0,1,0
A00217,2023-01-31,17301.35,17301.35,0.0,1,0
A00218,2023-01-31,22203.71,22203.71,0.0,1,0
A00219,2023-01-31,4398.91,4398.91,0.0,1,0
A00220,2023-01-31,11145.63,11145.63,0.0,1,0
A00221,2023-01-31,11163.42,11163.42,0.0,1,0
A00222,2023-01-31,14635.07,14635.07,0.0,1,0
A00223,2023-01-31,6963.77,6963.77,0.0,1,0
A00224,2023-01-31,9453.19,9453.19,0.0,1,0
A00225,2023-01-31,5529.63,5529.63,0.0,1,0
A00226,2023-01-31,9364.69,9364.69,0.0,1,0
A00227,2023-01-31,7952.81,7952.81,0.0,1,0
A00228,2023-01-31,9190.16,9190.16,0.0,1,0
A00229,2023-01-31,27121.94,27121.94,0.0,1,0
A00230,2023-01-31,14947.02,14947.02,0.0,1,0
A00231,2023-01-31,13169.87,13169.87,0.0,1,0
A00232,2023-01-31,35289.82,35289.82,0.0,1,0
A00233,2023-01-31,19835.43,0.0,19835.43,0,1
A00234,2023-01-31,20939.01,20939.01,0.0,1,0
A00235,2023-01-31,17345.81,17345.81,0.0,1,0
A00236,2023-01-31,27552.42,27552.42,0.0,1,0
A00237,2023-01-31,30404.91,30404.91,0.0,1,0
A00238,2023-01-31,19289.31,19289.31,0.0,1,0
A00239,2023-01-31,27332.96,27332.96,0.0,1,0
A00240,2023-01-31,22175.27,22175.27,0.0,1,0
A00241,2023-01-31,19799.56,19799.56,0.0,1,0
A00242,2023-01-31,12348.63,12348.63,0.0,1,0
A00243,2023-01-31,9005.47,9005.47,0.0,1,0
A00244,2023-01-31,4495.59,4495.59,0.0,1,0
A00245,2023-01-31,41623.03,41623.03,0.0,1,0
A00246,2023-01-31,27516.35,27516.35,0.0,1,0
A00247,2023-01-31,11427.82,11427.82,0.0,1,0
A00248,2023-01-31,3772.4,3772.4,0.0,1,0
A00249,2023-01-31,22272.63,22272.63,0.0,1,0
A00250,2023-01-31,12665.25,12665.25,0.0,1,0
A00251,2023-01-31,28472.67,28472.67,0.0,1,0
A00252,2023-01-31,7501.3,7501.3,0.0,1,0
A00253,2023-01-31,11102.68,11102.68,0.0,1,0
A00254,2023-01-31,13629.0,13629.0,0.0,1,0
A00255,2023-01-31,24362.76,24362.76,0.0,1,0
A00256,2023-01-31,9593.02,9593.02,0.0,1,0
A00257,2023-01-31,22463.99,22463.99,0.0,1,0
A00258,2023-01-31,4740.06,4740.06,0.0,1,0
A00259,2023-01-31,15048.92,15048.92,0.0,1,0
A00260,2023-01-31,38132.07,38132.07,0.0,1,0
A00261,2023-01-31,48562.13,48562.13,0.0,1,0
A00262,2023-01-31,31570.26,31570.26,0.0,1,0
A00263,2023-01-31,3674.42,3674.42,0.0,1,0
A00264,2023-01-31,14024.23,14024.23,0.0,1,0
A00265,2023-01-31,15386.5,15386.5,0.0,1,0
A00266,2023-01-31,29016.66,29016.66,0.0,1,0
A00267,2023-01-31,17065.67,17065.67,0.0,1,0
A00268,2023-01-31,7100.92,7100.92,0.0,1,0
A00269,2023-01-31,31894.65,31894.65,0.0,1,0
A00270,2023-01-31,44759.36,44759.36,0.0,1,0
A00271,2023-01-31,26183.34,26183.34,0.0,1,0
A00272,2023-01-31,9266.02,0.0,9266.02,0,1
A00273,2023-01-31,51482.92,51482.92,0.0,1,0
A00274,2023-01-31,27743.92,27743.92,0.0,1,0
A00275,2023-01-31,24823.41,24823.41,0.0,1,0
A00276,2023-01-31,43539.46,43539.46,0.0,1,0
A00277,2023-01-31,28244.48,28244.48,0.0,1,0
A00278,2023-01-31,14423.44,14423.44,0.0,1,0
A00279,2023-01-31,40103.06,40103.06,0.0,1,0
A00280,2023-01-31,7730.18,7730.18,0.0,1,0
A00281,2023-01-31,8936.07,8936.07,0.0,1,0
A00282,2023-01-31,10648.22,10648.22,0.0,1,0
A00283,2023-01-31,17451.56,17451.56,0.0,1,0
A00284,2023-01-31,19284.85,19284.85,0.0,1,0
A00285,2023-01-31,13729.04,13729.04,0.0,1,0
A00286,2023-01-31,14246.78,14246.78,0.0,1,0
A00287,2023-01-31,19947.16,19947.16,0.0,1,0
A00288,2023-01-31,7743.51,7743.51,0.0,1,0
A00289,2023-01-31,23422.17,23422.17,0.0,1,0
A00290,2023-01-31,1634.51,1634.51,0.0,1,0
A00291,2023-01-31,15853.46,15853.46,0.0,1,0
A00292,2023-01-31,10586.79,10586.79,0.0,1,0
A00293,2023-01-31,50154.04,50154.04,0.0,1,0
A00294,2023-01-31,12961.53,12961.53,0.0,1,0
A00295,2023-01-31,17509.82,17509.82,0.0,1,0
A00296,2023-01-31,13442.51,13442.51,0.0,1,0
A00297,2023-01-31,6622.48,6622.48,0.0,1,0
A00298,2023-01-31,6398.28,6398.28,0.0,1,0
A00299,2023-01-31,5456.59,5456.59,0.0,1,0
A00300,2023-01-31,15685.33,15685.33,0.0,1,0
A00301,2023-01-31,12581.9,12581.9,0.0,1,0
A00302,2023-01-31,3617.39,3617.39,0.0,1,0
A00303,2023-01-31,45986.14,45986.14,0.0,1,0
A00304,2023-01-31,24830.9,24830.9,0.0,1,0
A00305,2023-01-31,17757.53,17757.53,0.0,1,0
A00306,2023-01-31,2370.41,2370.41,0.0,1,0
A00307,2023-01-31,20924.58,20924.58,0.0,1,0
A00308,2023-01-31,17059.56,17059.56,0.0,1,0
A00309,2023-01-31,28260.08,28260.08,0.0,1,0
A00310,2023-01-31,9083.52,9083.52,0.0,1,0
A00311,2023-01-31,11100.62,11100.62,0.0,1,0
A00312,2023-01-31,18937.78,18937.78,0.0,1,0
A00313,2023-01-31,10765.93,10765.93,0.0,1,0
A00314,2023-01-31,20727.99,20727.99,0.0,1,0
A00315,2023-01-31,6462.87,6462.87,0.0,1,0
A00316,2023-01-31,14809.05,14809.05,0.0,1,0
A00317,2023-01-31,9199.65,9199.65,0.0,1,0
A00318,2023-01-31,27336.8,27336.8,0.0,1,0
A00319,2023-01-31,53183.67,53183.67,0.0,1,0
A00320,2023-01-31,45015.18,45015.18,0.0,1,0
A00321,2023-01-31,3190.96,3190.96,0.0,1,0
A00322,2023-01-31,21971.67,21971.67,0.0,1,0
A00323,2023-01-31,9082.42,9082.42,0.0,1,0
A00324,2023-01-31,6314.66,6314.66,0.0,1,0
A00325,2023-01-31,21560.64,21560.64,0.0,1,0
A00326,2023-01-31,6317.89,6317.89,0.0,1,0
A00327,2023-01-31,33085.76,33085.76,0.0,1,0
A00328,2023-01-31,21869.5,0.0,21869.5,0,1
A00329,2023-01-31,28728.01,28728.01,0.0,1,0
A00330,2023-01-31,18965.34,18965.34,0.0,1,0
A00331,2023-01-31,5671.31,5671.31,0.0,1,0
A00332,2023-01-31,12225.01,12225.01,0.0,1,0
A00333,2023-01-31,36928.93,36928.93,0.0,1,0
A00334,2023-01-31,14424.26,14424.26,0.0,1,0
A00335,2023-01-31,13688.91,13688.91,0.0,1,0
A00336,2023-01-31,39563.12,39563.12,0.0,1,0
A00337,2023-01-31,18534.86,18534.86,0.0,1,0
A00338,2023-01-31,34412.51,34412.51,0.0,1,0
A00339,2023-01-31,14595.7,14595.7,0.0,1,0
A00340,2023-01-31,7551.74,7551.74,0.0,1,0
A00341,2023-01-31,1924.82,1924.82,0.0,1,0
A00342,2023-01-31,14354.52,14354.52,0.0,1,0
A00343,2023-01-31,17088.96,17088.96,0.0,1,0
A00344,2023-01-31,32279.29,32279.29,0.0,1,0
A00345,2023-01-31,270.38,270.38,0.0,1,0
A00346,2023-01-31,23257.33,23257.33,0.0,1,0
A00347,2023-01-31,16046.61,16046.61,0.0,1,0
A00348,2023-01-31,13980.59,13980.59,0.0,1,0
A00349,2023-01-31,51590.52,51590.52,0.0,1,0
A00350,2023-01-31,21984.11,21984.11,0.0,1,0
A00351,2023-01-31,40571.67,40571.67,0.0,1,0
A00352,2023-01-31,8878.15,8878.15,0.0,1,0
A00353,2023-01-31,11773.79,11773.79,0.0,1,0
A00354,2023-01-31,32477.32,32477.32,0.0,1,0
A00355,2023-01-31,7845.34,7845.34,0.0,1,0
A00356,2023-01-31,8206.15,8206.15,0.0,1,0
A00357,2023-01-31,7010.29,7010.29,0.0,1,0
A00358,2023-01-31,10566.73,10566.73,0.0,1,0
A00359,2023-01-31,19080.29,19080.29,0.0,1,0
A00360,2023-01-31,23094.08,23094.08,0.0,1,0
A00361,2023-01-31,17886.43,17886.43,0.0,1,0
A00362,2023-01-31,12549.88,12549.88,0.0,1,0
A00363,2023-01-31,16494.88,16494.88,0.0,1,0
A00364,2023-01-31,40831.95,40831.95,0.0,1,0
A00365,2023-01-31,16155.18,16155.18,0.0,1,0
A00366,2023-01-31,11853.28,11853.28,0.0,1,0
A00367,2023-01-31,1551.44,1551.44,0.0,1,0
A00368,2023-01-31,15104.99,15104.99,0.0,1,0
A00369,2023-01-31,31517.56,31517.56,0.0,1,0
A00370,2023-01-31,3520.78,3520.78,0.0,1,0
A00371,2023-01-31,5497.88,5497.88,0.0,1,0
A00372,2023-01-31,10842.88,10842.88,0.0,1,0
A00373,2023-01-31,9652.8,9652.8,0.0,1,0
A00374,2023-01-31,17244.46,17244.46,0.0,1,0
A00375,2023-01-31,48220.36,48220.36,0.0,1,0
A00376,2023-01-31,6669.21,6669.21,0.0,1,0
A00377,2023-01-31,9486.04,9486.04,0.0,1,0
A00378,2023-01-31,14191.54,14191.54,0.0,1,0
A00379,2023-01-31,8893.54,8893.54,0.0,1,0
A00380,2023-01-31,17176.78,17176.78,0.0,1,0
A00381,2023-01-31,22573.45,22573.45,0.0,1,0
A00382,2023-01-31,9696.71,9696.71,0.0,1,0
A00383,2023-01-31,28423.75,28423.75,0.0,1,0
A00384,2023-01-31,12088.35,12088.35,0.0,1,0
A00385,2023-01-31,8826.06,0.0,8826.06,0,1
A00386,2023-01-31,4386.41,4386.41,0.0,1,0
A00387,2023-01-31,24168.17,24168.17,0.0,1,0
A00388,2023-01-31,19452.5,19452.5,0.0,1,0
A00389,2023-01-31,6344.2,6344.2,0.0,1,0
A00390,2023-01-31,7984.55,7984.55,0.0,1,0
A00391,2023-01-31,18326.73,18326.73,0.0,1,0
A00392,2023-01-31,23126.99,23126.99,0.0,1,0
A00393,2023-01-31,19933.69,19933.69,0.0,1,0
A00394,2023-01-31,24082.15,24082.15,0.0,1,0
A00395,2023-01-31,57972.38,57972.38,0.0,1,0
A00396,2023-01-31,28762.16,28762.16,0.0,1,0
A00397,2023-01-31,24599.2,24599.2,0.0,1,0
A00398,2023-01-31,10436.73,10436.73,0.0,1,0
A00399,2023-01-31,5790.66,5790.66,0.0,1,0
A00400,2023-01-31,36979.43,36979.43,0.0,1,0
A00401,2023-01-31,10853.4,10853.4,0.0,1,0
A00402,2023-01-31,21273.63,21273.63,0.0,1,0
A00403,2023-01-31,4185.01,4185.01,0.0,1,0
A00404,2023-01-31,2792.85,2792.85,0.0,1,0
A00405,2023-01-31,28586.8,28586.8,0.0,1,0
A00406,2023-01-31,8665.41,8665.41,0.0,1,0
A00407,2023-01-31,21147.34,21147.34,0.0,1,0
A00408,2023-01-31,8745.53,8745.53,0.0,1,0
A00409,2023-01-31,22774.15,22774.15,0.0,1,0
A00410,2023-01-31,14836.88,14836.88,0.0,1,0
A00411,2023-01-31,12960.36,12960.36,0.0,1,0
A00412,2023-01-31,19784.52,19784.52,0.0,1,0
A00413,2023-01-31,22016.75,22016.75,0.0,1,0
A00414,2023-01-31,9357.2,9357.2,0.0,1,0
A00415,2023-01-31,21265.66,21265.66,0.0,1,0
A00416,2023-01-31,22436.92,22436.92,0.0,1,0
A00417,2023-01-31,28224.08,28224.08,0.0,1,0
A00418,2023-01-31,34459.03,34459.03,0.0,1,0
A00419,2023-01-31,15277.87,15277.87,0.0,1,0
A00420,2023-01-31,8806.41,8806.41,0.0,1,0
A00421,2023-01-31,7161.73,7161.73,0.0,1,0
A00422,2023-01-31,9910.33,9910.33,0.0,1,0
A00423,2023-01-31,10561.23,10561.23,0.0,1,0
A00424,2023-01-31,11878.5,11878.5,0.0,1,0
A00425,2023-01-31,14949.43,14949.43,0.0,1,0
A00426,2023-01-31,17519.58,17519.58,0.0,1,0
A00427,2023-01-31,18263.86,18263.86,0.0,1,0
A00428,2023-01-31,25690.89,25690.89,0.0,1,0
A00429,2023-01-31,36825.52,0.0,36825.52,0,1
A00430,2023-01-31,18375.79,18375.79,0.0,1,0
A00431,2023-01-31,10580.2,10580.2,0.0,1,0
A00432,2023-01-31,25337.64,25337.64,0.0,1,0
A00433,2023-01-31,24282.99,24282.99,0.0,1,0
A00434,2023-01-31,9757.52,9757.52,0.0,1,0
A00435,2023-01-31,24557.56,24557.56,0.0,1,0
A00436,2023-01-31,1045.31,1045.31,0.0,1,0
A00437,2023-01-31,7116.86,7116.86,0.0,1,0
A00438,2023-01-31,5853.81,5853.81,0.0,1,0
A00439,2023-01-31,7487.56,7487.56,0.0,1,0
A00440,2023-01-31,25704.91,25704.91,0.0,1,0
A00441,2023-01-31,12801.92,12801.92,0.0,1,0
A00442,2023-01-31,27828.5,27828.5,0.0,1,0
A00443,2023-01-31,38970.63,38970.63,0.0,1,0
A00444,2023-01-31,37678.51,37678.51,0.0,1,0
A00445,2023-01-31,9521.97,9521.97,0.0,1,0
A00446,2023-01-31,13215.22,13215.22,0.0,1,0
A00447,2023-01-31,15272.3,15272.3,0.0,1,0
A00448,2023-01-31,42644.08,42644.08,0.0,1,0
A00449,2023-01-31,9374.1,9374.1,0.0,1,0
A00450,2023-01-31,30887.95,30887.95,0.0,1,0
A00451,2023-01-31,21155.24,21155.24,0.0,1,0
A00452,2023-01-31,1547.38,1547.38,0.0,1,0
A00453,2023-01-31,12459.73,12459.73,0.0,1,0
A00454,2023-01-31,6752.55,0.0,6752.55,0,1
A00455,2023-01-31,12134.45,12134.45,0.0,1,0
A00456,2023-01-31,1646.95,1646.95,0.0,1,0
A00457,2023-01-31,44385.5,44385.5,0.0,1,0
A00458,2023-01-31,11261.95,11261.95,0.0,1,0
A00459,2023-01-31,12228.31,12228.31,0.0,1,0
A00460,2023-01-31,41600.21,41600.21,0.0,1,0
A00461,2023-01-31,4989.42,4989.42,0.0,1,0
A00462,2023-01-31,21734.55,21734.55,0.0,1,0
A00463,2023-01-31,8598.01,8598.01,0.0,1,0
A00464,2023-01-31,2872.48,2872.48,0.0,1,0
A00465,2023-01-31,23646.93,0.0,23646.93,0,1
A00466,2023-01-31,35135.29,35135.29,0.0,1,0
A00467,2023-01-31,14611.64,14611.64,0.0,1,0
A00468,2023-01-31,26152.97,26152.97,0.0,1,0
A00469,2023-01-31,9343.67,9343.67,0.0,1,0
A00470,2023-01-31,22254.56,22254.56,0.0,1,0
A00471,2023-01-31,15653.86,15653.86,0.0,1,0
A00472,2023-01-31,10215.75,10215.75,0.0,1,0
A00473,2023-01-31,6489.46,6489.46,0.0,1,0
A00474,2023-01-31,34701.51,34701.51,0.0,1,0
A00475,2023-01-31,16087.01,16087.01,0.0,1,0
A00476,2023-01-31,11576.45,11576.45,0.0,1,0
A00477,2023-01-31,12749.56,12749.56,0.0,1,0
A00478,2023-01-31,22730.11,22730.11,0.0,1,0
A00479,2023-01-31,25579.3,25579.3,0.0,1,0
A00480,2023-01-31,15725.8,15725.8,0.0,1,0
A00481,2023-01-31,21421.64,21421.64,0.0,1,0
A00482,2023-01-31,12105.8,12105.8,0.0,1,0
A00483,2023-01-31,13304.54,13304.54,0.0,1,0
A00484,2023-01-31,23905.35,23905.35,0.0,1,0
A00485,2023-01-31,11780.18,11780.18,0.0,1,0
A00486,2023-01-31,6049.43,6049.43,0.0,1,0
A00487,2023-01-31,23049.69,23049.69,0.0,1,0
A00488,2023-01-31,20302.88,20302.88,0.0,1,0
A00489,2023-01-31,28518.64,28518.64,0.0,1,0
A00490,2023-01-31,22817.58,22817.58,0.0,1,0
A00491,2023-01-31,19912.32,19912.32,0.0,1,0
A00492,2023-01-31,5297.18,5297.18,0.0,1,0
A00493,2023-01-31,15412.47,15412.47,0.0,1,0
A00494,2023-01-31,10622.39,10622.39,0.0,1,0
A00495,2023-01-31,22695.14,22695.14,0.0,1,0
A00496,2023-01-31,44313.7,44313.7,0.0,1,0
A00497,2023-01-31,25243.03,25243.03,0.0,1,0
A00498,2023-01-31,4969.01,4969.01,0.0,1,0
A00499,2023-01-31,19129.15,19129.15,0.0,1,0
A00500,2023-01-31,10673.71,10673.71,0.0,1,0
A00501,2023-01-31,24327.45,24327.45,0.0,1,0
A00502,2023-01-31,27060.86,27060.86,0.0,1,0
A00503,2023-01-31,15083.34,15083.34,0.0,1,0
A00504,2023-01-31,11877.54,11877.54,0.0,1,0
A00505,2023-01-31,19877.41,19877.41,0.0,1,0
A00506,2023-01-31,9729.14,9729.14,0.0,1,0
A00507,2023-01-31,27588.63,27588.63,0.0,1,0
A00508,2023-01-31,22936.04,22936.04,0.0,1,0
A00509,2023-01-31,11510.83,11510.83,0.0,1,0
A00510,2023-01-31,6812.33,6812.33,0.0,1,0
A00511,2023-01-31,18470.75,18470.75,0.0,1,0
A00512,2023-01-31,30995.42,30995.42,0.0,1,0
A00513,2023-01-31,26329.08,26329.08,0.0,1,0
A00514,2023-01-31,5961.96,5961.96,0.0,1,0
A00515,2023-01-31,21378.21,21378.21,0.0,1,0
A00516,2023-01-31,22935.42,22935.42,0.0,1,0
A00517,2023-01-31,13432.76,13432.76,0.0,1,0
A00518,2023-01-31,16136.55,16136.55,0.0,1,0
A00519,2023-01-31,25424.29,25424.29,0.0,1,0
A00520,2023-01-31,17375.77,17375.77,0.0,1,0
A00521,2023-01-31,2356.05,2356.05,0.0,1,0
A00522,2023-01-31,8338.76,8338.76,0.0,1,0
A00523,2023-01-31,11357.81,11357.81,0.0,1,0
A00524,2023-01-31,8529.78,8529.78,0.0,1,0
A00525,2023-01-31,27459.73,27459.73,0.0,1,0
A00526,2023-01-31,20830.03,20830.03,0.0,1,0
A00527,2023-01-31,5266.87,5266.87,0.0,1,0
A00528,2023-01-31,20525.09,20525.09,0.0,1,0
A00529,2023-01-31,28860.21,28860.21,0.0,1,0
A00530,2023-01-31,13501.4,13501.4,0.0,1,0
A00531,2023-01-31,19618.03,19618.03,0.0,1,0
A00532,2023-01-31,16853.83,16853.83,0.0,1,0
A00533,2023-01-31,6474.89,6474.89,0.0,1,0
A00534,2023-01-31,20577.59,20577.59,0.0,1,0
A00535,2023-01-31,10474.11,10474.11,0.0,1,0
A00536,2023-01-31,38348.03,38348.03,0.0,1,0
A00537,2023-01-31,6124.67,6124.67,0.0,1,0
A00538,2023-01-31,15565.84,15565.84,0.0,1,0
A00539,2023-01-31,29939.25,29939.25,0.0,1,0
A00540,2023-01-31,11499.35,11499.35,0.0,1,0
A00541,2023-01-31,20311.74,20311.74,0.0,1,0
A00542,2023-01-31,88508.32,88508.32,0.0,1,0
A00543,2023-01-31,28540.84,28540.84,0.0,1,0
A00544,2023-01-31,21038.3,21038.3,0.0,1,0
A00545,2023-01-31,26203.2,26203.2,0.0,1,0
A00546,2023-01-31,21788.76,21788.76,0.0,1,0
A00547,2023-01-31,8048.25,8048.25,0.0,1,0
A00548,2023-01-31,19890.95,19890.95,0.0,1,0
A00549,2023-01-31,55737.95,55737.95,0.0,1,0
A00550,2023-01-31,34135.12,34135.12,0.0,1,0
A00551,2023-01-31,12783.02,12783.02,0.0,1,0
A00552,2023-01-31,13923.36,13923.36,0.0,1,0
A00553,2023-01-31,58162.99,58162.99,0.0,1,0
A00554,2023-01-31,15552.78,15552.78,0.0,1,0
A00555,2023-01-31,11665.5,11665.5,0.0,1,0
A00556,2023-01-31,8247.79,8247.79,0.0,1,0
A00557,2023-01-31,17781.23,17781.23,0.0,1,0
A00558,2023-01-31,11118.42,11118.42,0.0,1,0
A00559,2023-01-31,17269.26,17269.26,0.0,1,0
A00560,2023-01-31,20648.43,20648.43,0.0,1,0
A00561,2023-01-31,36900.35,36900.35,0.0,1,0
A00562,2023-01-31,13726.43,0.0,13726.43,0,1
A00563,2023-01-31,2268.44,2268.44,0.0,1,0
A00564,2023-01-31,13213.43,13213.43,0.0,1,0
A00565,2023-01-31,13345.63,13345.63,0.0,1,0
A00566,2023-01-31,12556.2,12556.2,0.0,1,0
A00567,2023-01-31,15075.58,15075.58,0.0,1,0
A00568,2023-01-31,3223.39,3223.39,0.0,1,0
A00569,2023-01-31,6352.72,6352.72,0.0,1,0
A00570,2023-01-31,12139.74,12139.74,0.0,1,0
A00571,2023-01-31,28510.33,28510.33,0.0,1,0
A00572,2023-01-31,15808.39,15808.39,0.0,1,0
A00573,2023-01-31,22962.42,22962.42,0.0,1,0
A00574,2023-01-31,5617.17,5617.17,0.0,1,0
A00575,2023-01-31,9068.54,0.0,9068.54,0,1
A00576,2023-01-31,583.5,583.5,0.0,1,0
A00577,2023-01-31,2778.07,2778.07,0.0,1,0
A00578,2023-01-31,52472.09,52472.09,0.0,1,0
A00579,2023-01-31,5298.07,5298.07,0.0,1,0
A00580,2023-01-31,7386.21,7386.21,0.0,1,0
A00581,2023-01-31,8802.43,8802.43,0.0,1,0
A00582,2023-01-31,42655.42,42655.42,0.0,1,0
A00583,2023-01-31,5476.79,5476.79,0.0,1,0
A00584,2023-01-31,14296.53,14296.53,0.0,1,0
A00585,2023-01-31,9366.82,9366.82,0.0,1,0
A00586,2023-01-31,11045.31,11045.31,0.0,1,0
A00587,2023-01-31,4386.61,4386.61,0.0,1,0
A00588,2023-01-31,9597.62,9597.62,0.0,1,0
A00589,2023-01-31,24082.9,24082.9,0.0,1,0
A00590,2023-01-31,14186.18,14186.18,0.0,1,0
A00591,2023-01-31,20130.34,20130.34,0.0,1,0
A00592,2023-01-31,6044.83,6044.83,0.0,1,0
A00593,2023-01-31,26079.87,26079.87,0.0,1,0
A00594,2023-01-31,14908.61,14908.61,0.0,1,0
A00595,2023-01-31,11239.9,11239.9,0.0,1,0
A00596,2023-01-31,12485.77,12485.77,0.0,1,0
A00597,2023-01-31,16353.55,16353.55,0.0,1,0
A00598,2023-01-31,15884.8,15884.8,0.0,1,0
A00599,2023-01-31,36897.26,36897.26,0.0,1,0
A00600,2023-01-31,16825.04,16825.04,0.0,1,0
A00601,2023-01-31,16369.28,16369.28,0.0,1,0
A00602,2023-01-31,13731.45,13731.45,0.0,1,0
A00603,2023-01-31,18836.44,18836.44,0.0,1,0
A00604,2023-01-31,27832.49,27832.49,0.0,1,0
A00605,2023-01-31,2734.03,2734.03,0.0,1,0
A00606,2023-01-31,2398.1,2398.1,0.0,1,0
A00607,2023-01-31,13332.16,13332.16,0.0,1,0
A00608,2023-01-31,8342.75,8342.75,0.0,1,0
A00609,2023-01-31,15738.58,15738.58,0.0,1,0
A00610,2023-01-31,16010.67,16010.67,0.0,1,0
A00611,2023-01-31,13188.42,13188.42,0.0,1,0
A00612,2023-01-31,32903.67,32903.67,0.0,1,0
A00613,2023-01-31,7673.91,7673.91,0.0,1,0
A00614,2023-01-31,9040.99,9040.99,0.0,1,0
A00615,2023-01-31,39228.29,39228.29,0.0,1,0
A00616,2023-01-31,5271.75,5271.75,0.0,1,0
A00617,2023-01-31,12539.99,12539.99,0.0,1,0
A00618,2023-01-31,11561.74,11561.74,0.0,1,0
A00619,2023-01-31,21143.01,21143.01,0.0,1,0
A00620,2023-01-31,14389.5,14389.5,0.0,1,0
A00621,2023-01-31,4606.21,4606.21,0.0,1,0
A00622,2023-01-31,10232.11,10232.11,0.0,1,0
A00623,2023-01-31,9296.6,9296.6,0.0,1,0
A00624,2023-01-31,23934.21,23934.21,0.0,1,0
A00625,2023-01-31,39108.87,39108.87,0.0,1,0
A00626,2023-01-31,32933.29,32933.29,0.0,1,0
A00627,2023-01-31,14049.99,14049.99,0.0,1,0
A00628,2023-01-31,28922.6,28922.6,0.0,1,0
A00629,2023-01-31,29267.05,29267.05,0.0,1,0
A00630,2023-01-31,44623.25,44623.25,0.0,1,0
A00631,2023-01-31,288.86,288.86,0.0,1,0
A00632,2023-01-31,11113.74,11113.74,0.0,1,0
A00633,2023-01-31,23133.38,23133.38,0.0,1,0
A00634,2023-01-31,8649.75,8649.75,0.0,1,0
A00635,2023-01-31,4769.61,4769.61,0.0,1,0
A00636,2023-01-31,5871.81,5871.81,0.0,1,0
A00637,2023-01-31,19382.0,19382.0,0.0,1,0
A00638,2023-01-31,9287.39,9287.39,0.0,1,0
A00639,2023-01-31,5976.53,5976.53,0.0,1,0
A00640,2023-01-31,39782.73,39782.73,0.0,1,0
A00641,2023-01-31,19112.11,19112.11,0.0,1,0
A00642,2023-01-31,35714.94,35714.94,0.0,1,0
A00643,2023-01-31,11334.38,11334.38,0.0,1,0
A00644,2023-01-31,26575.28,26575.28,0.0,1,0
A00645,2023-01-31,6968.58,6968.58,0.0,1,0
A00646,2023-01-31,9273.44,9273.44,0.0,1,0
A00647,2023-01-31,11004.49,11004.49,0.0,1,0
A00648,2023-01-31,9411.07,9411.07,0.0,1,0
A00649,2023-01-31,5626.17,5626.17,0.0,1,0
A00650,2023-01-31,9941.73,9941.73,0.0,1,0
A00651,2023-01-31,3868.87,3868.87,0.0,1,0
A00652,2023-01-31,15677.84,15677.84,0.0,1,0
A00653,2023-01-31,31104.74,31104.74,0.0,1,0
A00654,2023-01-31,8452.75,8452.75,0.0,1,0
A00655,2023-01-31,13131.87,13131.87,0.0,1,0
A00656,2023-01-31,29247.26,29247.26,0.0,1,0
A00657,2023-01-31,40425.73,40425.73,0.0,1,0
A00658,2023-01-31,27738.22,27738.22,0.0,1,0
A00659,2023-01-31,15990.2,15990.2,0.0,1,0
A00660,2023-01-31,21573.42,21573.42,0.0,1,0
A00661,2023-01-31,22951.91,22951.91,0.0,1,0
A00662,2023-01-31,21814.87,21814.87,0.0,1,0
A00663,2023-01-31,9227.41,9227.41,0.0,1,0
A00664,2023-01-31,25564.87,25564.87,0.0,1,0
A00665,2023-01-31,30760.77,30760.77,0.0,1,0
A00666,2023-01-31,1503.96,1503.96,0.0,1,0
A00667,2023-01-31,11082.62,11082.62,0.0,1,0
A00668,2023-01-31,20310.5,20310.5,0.0,1,0
A00669,2023-01-31,17417.54,17417.54,0.0,1,0
A00670,2023-01-31,20602.25,20602.25,0.0,1,0
A00671,2023-01-31,6347.23,6347.23,0.0,1,0
A00672,2023-01-31,1404.53,1404.53,0.0,1,0
A00673,2023-01-31,16505.33,16505.33,0.0,1,0
A00674,2023-01-31,13993.37,13993.37,0.0,1,0
A00675,2023-01-31,30343.41,30343.41,0.0,1,0
A00676,2023-01-31,20480.84,20480.84,0.0,1,0
A00677,2023-01-31,1533.85,1533.85,0.0,1,0
A00678,2023-01-31,20837.11,20837.11,0.0,1,0
A00679,2023-01-31,36339.52,36339.52,0.0,1,0
A00680,2023-01-31,29618.51,29618.51,0.0,1,0
A00681,2023-01-31,20524.88,20524.88,0.0,1,0
A00682,2023-01-31,10098.74,10098.74,0.0,1,0
A00683,2023-01-31,12883.61,12883.61,0.0,1,0
A00684,2023-01-31,12631.58,12631.58,0.0,1,0
A00685,2023-01-31,23052.78,23052.78,0.0,1,0
A00686,2023-01-31,22068.08,22068.08,0.0,1,0
A00687,2023-01-31,15621.01,15621.01,0.0,1,0
A00688,2023-01-31,28148.43,28148.43,0.0,1,0
A00689,2023-01-31,8340.13,8340.13,0.0,1,0
A00690,2023-01-31,26614.3,26614.3,0.0,1,0
A00691,2023-01-31,40919.42,40919.42,0.0,1,0
A00692,2023-01-31,33834.23,33834.23,0.0,1,0
A00693,2023-01-31,26780.72,26780.72,0.0,1,0
A00694,2023-01-31,9886.14,9886.14,0.0,1,0
A00695,2023-01-31,18628.45,18628.45,0.0,1,0
A00696,2023-01-31,22804.53,22804.53,0.0,1,0
A00697,2023-01-31,17961.74,17961.74,0.0,1,0
A00698,2023-01-31,22677.61,22677.61,0.0,1,0
A00699,2023-01-31,48594.5,48594.5,0.0,1,0
A00700,2023-01-31,33089.74,33089.74,0.0,1,0
A00701,2023-01-31,43516.78,43516.78,0.0,1,0
A00702,2023-01-31,31988.85,31988.85,0.0,1,0
A00703,2023-01-31,13021.11,13021.11,0.0,1,0
A00704,2023-01-31,6828.14,6828.14,0.0,1,0
A00705,2023-01-31,12759.52,12759.52,0.0,1,0
A00706,2023-01-31,17385.04,17385.04,0.0,1,0
A00707,2023-01-31,30709.85,30709.85,0.0,1,0
A00708,2023-01-31,27290.84,27290.84,0.0,1,0
A00709,2023-01-31,8289.91,8289.91,0.0,1,0
A00710,2023-01-31,18293.2,18293.2,0.0,1,0
A00711,2023-01-31,36445.0,36445.0,0.0,1,0
A00712,2023-01-31,8538.37,8538.37,0.0,1,0
A00713,2023-01-31,14455.46,14455.46,0.0,1,0
A00714,2023-01-31,12403.11,12403.11,0.0,1,0
A00715,2023-01-31,28763.74,28763.74,0.0,1,0
A00716,2023-01-31,44650.18,44650.18,0.0,1,0
A00717,2023-01-31,11784.09,11784.09,0.0,1,0
A00718,2023-01-31,9844.92,9844.92,0.0,1,0
A00719,2023-01-31,5478.51,5478.51,0.0,1,0
A00720,2023-01-31,16726.51,16726.51,0.0,1,0
A00721,2023-01-31,29910.05,29910.05,0.0,1,0
A00722,2023-01-31,3657.31,3657.31,0.0,1,0
A00723,2023-01-31,15131.85,15131.85,0.0,1,0
A00724,2023-01-31,20524.54,20524.54,0.0,1,0
A00725,2023-01-31,27263.42,27263.42,0.0,1,0
A00726,2023-01-31,19770.91,19770.91,0.0,1,0
A00727,2023-01-31,6469.6,6469.6,0.0,1,0
A00728,2023-01-31,10202.63,10202.63,0.0,1,0
A00729,2023-01-31,38931.18,38931.18,0.0,1,0
A00730,2023-01-31,24701.79,24701.79,0.0,1,0
A00731,2023-01-31,11638.08,11638.08,0.0,1,0
A00732,2023-01-31,14951.76,14951.76,0.0,1,0
A00733,2023-01-31,7518.07,7518.07,0.0,1,0
A00734,2023-01-31,3201.75,3201.75,0.0,1,0
A00735,2023-01-31,15821.24,15821.24,0.0,1,0
A00736,2023-01-31,9555.98,9555.98,0.0,1,0
A00737,2023-01-31,21021.67,21021.67,0.0,1,0
A00738,2023-01-31,51234.94,51234.94,0.0,1,0
A00739,2023-01-31,20121.48,20121.48,0.0,1,0
A00740,2023-01-31,20116.26,20116.26,0.0,1,0
A00741,2023-01-31,29619.61,29619.61,0.0,1,0
A00742,2023-01-31,5405.05,5405.05,0.0,1,0
A00743,2023-01-31,22797.59,22797.59,0.0,1,0
A00744,2023-01-31,7360.51,7360.51,0.0,1,0
A00745,2023-01-31,29198.75,29198.75,0.0,1,0
A00746,2023-01-31,20064.31,20064.31,0.0,1,0
A00747,2023-01-31,5927.12,5927.12,0.0,1,0
A00748,2023-01-31,20308.92,20308.92,0.0,1,0
A00749,2023-01-31,4713.54,4713.54,0.0,1,0
A00750,2023-01-31,5752.73,5752.73,0.0,1,0
A00751,2023-01-31,4311.58,4311.58,0.0,1,0
A00752,2023-01-31,30491.08,30491.08,0.0,1,0
A00753,2023-01-31,21546.07,21546.07,0.0,1,0
A00754,2023-01-31,17474.16,17474.16,0.0,1,0
A00755,2023-01-31,8118.81,8118.81,0.0,1,0
A00756,2023-01-31,23001.66,23001.66,0.0,1,0
A00757,2023-01-31,17819.57,17819.57,0.0,1,0
A00758,2023-01-31,10736.72,10736.72,0.0,1,0
A00759,2023-01-31,18994.61,18994.61,0.0,1,0
A00760,2023-01-31,21671.47,21671.47,0.0,1,0
A00761,2023-01-31,6327.37,6327.37,0.0,1,0
A00762,2023-01-31,35850.44,35850.44,0.0,1,0
A00763,2023-01-31,14289.38,14289.38,0.0,1,0
A00764,2023-01-31,22352.2,22352.2,0.0,1,0
A00765,2023-01-31,13467.87,13467.87,0.0,1,0
A00766,2023-01-31,20262.54,20262.54,0.0,1,0
A00767,2023-01-31,11979.78,11979.78,0.0,1,0
A00768,2023-01-31,12758.9,12758.9,0.0,1,0
A00769,2023-01-31,11800.24,11800.24,0.0,1,0
A00770,2023-01-31,17320.25,17320.25,0.0,1,0
A00771,2023-01-31,25395.84,25395.84,0.0,1,0
A00772,2023-01-31,25755.82,25755.82,0.0,1,0
A00773,2023-01-31,24788.5,0.0,24788.5,0,1
A00774,2023-01-31,18570.73,18570.73,0.0,1,0
A00775,2023-01-31,10870.5,10870.5,0.0,1,0
A00776,2023-01-31,1578.37,1578.37,0.0,1,0
A00777,2023-01-31,25063.42,25063.42,0.0,1,0
A00778,2023-01-31,17192.24,17192.24,0.0,1,0
A00779,2023-01-31,9777.37,9777.37,0.0,1,0
A00780,2023-01-31,14142.0,14142.0,0.0,1,0
A00781,2023-01-31,27030.63,27030.63,0.0,1,0
A00782,2023-01-31,6669.41,6669.41,0.0,1,0
A00783,2023-01-31,37137.06,37137.06,0.0,1,0
A00784,2023-01-31,54845.32,54845.32,0.0,1,0
A00785,2023-01-31,10914.14,10914.14,0.0,1,0
A00786,2023-01-31,12022.32,12022.32,0.0,1,0
A00787,2023-01-31,13567.57,13567.57,0.0,1,0
A00788,2023-01-31,10572.85,10572.85,0.0,1,0
A00789,2023-01-31,45215.81,45215.81,0.0,1,0
A00790,2023-01-31,13555.82,0.0,13555.82,0,1
A00791,2023-01-31,6103.44,6103.44,0.0,1,0
A00792,2023-01-31,17970.05,17970.05,0.0,1,0
A00793,2023-01-31,8282.76,8282.76,0.0,1,0
A00794,2023-01-31,4839.35,4839.35,0.0,1,0
A00795,2023-01-31,9122.96,9122.96,0.0,1,0
A00796,2023-01-31,9894.32,9894.32,0.0,1,0
A00797,2023-01-31,13617.87,13617.87,0.0,1,0
A00798,2023-01-31,3514.87,3514.87,0.0,1,0
A00799,2023-01-31,42859.22,42859.22,0.0,1,0
A00800,2023-01-31,19579.83,19579.83,0.0,1,0
A00801,2023-01-31,23678.81,0.0,23678.81,0,1
A00802,2023-01-31,16767.39,16767.39,0.0,1,0
A00803,2023-01-31,32575.99,32575.99,0.0,1,0
A00804,2023-01-31,11866.2,11866.2,0.0,1,0
A00805,2023-01-31,16687.9,16687.9,0.0,1,0
A00806,2023-01-31,7676.59,7676.59,0.0,1,0
A00807,2023-01-31,14357.75,14357.75,0.0,1,0
A00808,2023-01-31,15691.99,15691.99,0.0,1,0
A00809,2023-01-31,8276.44,8276.44,0.0,1,0
A00810,2023-01-31,19396.78,19396.78,0.0,1,0
A00811,2023-01-31,20552.23,20552.23,0.0,1,0
A00812,2023-01-31,23983.2,23983.2,0.0,1,0
A00813,2023-01-31,20272.92,20272.92,0.0,1,0
A00814,2023-01-31,14765.55,14765.55,0.0,1,0
A00815,2023-01-31,26960.68,26960.68,0.0,1,0
A00816,2023-01-31,16596.1,16596.1,0.0,1,0
A00817,2023-01-31,2649.58,2649.58,0.0,1,0
A00818,2023-01-31,5079.29,5079.29,0.0,1,0
A00819,2023-01-31,7551.53,7551.53,0.0,1,0
A00820,2023-01-31,9127.5,9127.5,0.0,1,0
A00821,2023-01-31,19452.43,19452.43,0.0,1,0
A00822,2023-01-31,33432.07,33432.07,0.0,1,0
A00823,2023-01-31,21844.9,21844.9,0.0,1,0
A00824,2023-01-31,18770.4,18770.4,0.0,1,0
A00825,2023-01-31,3386.45,3386.45,0.0,1,0
A00826,2023-01-31,1747.61,1747.61,0.0,1,0
A00827,2023-01-31,36495.43,36495.43,0.0,1,0
A00828,2023-01-31,11396.63,11396.63,0.0,1,0
A00829,2023-01-31,19721.92,19721.92,0.0,1,0
A00830,2023-01-31,21300.91,21300.91,0.0,1,0
A00831,2023-01-31,53260.21,53260.21,0.0,1,0
A00832,2023-01-31,43443.33,43443.33,0.0,1,0
A00833,2023-01-31,59290.13,59290.13,0.0,1,0
A00834,2023-01-31,23825.58,23825.58,0.0,1,0
A00835,2023-01-31,39013.36,39013.36,0.0,1,0
A00836,2023-01-31,6381.38,6381.38,0.0,1,0
A00837,2023-01-31,53920.6,53920.6,0.0,1,0
A00838,2023-01-31,26501.96,26501.96,0.0,1,0
A00839,2023-01-31,12784.12,0.0,12784.12,0,1
A00840,2023-01-31,28357.17,28357.17,0.0,1,0
A00841,2023-01-31,33700.25,33700.25,0.0,1,0
A00842,2023-01-31,22436.64,22436.64,0.0,1,0
A00843,2023-01-31,1011.57,1011.57,0.0,1,0
A00844,2023-01-31,35016.35,0.0,35016.35,0,1
A00845,2023-01-31,14996.56,0.0,14996.56,0,1
A00846,2023-01-31,22388.96,0.0,22388.96,0,1
A00847,2023-01-31,7338.8,7338.8,0.0,1,0
A00848,2023-01-31,12885.33,12885.33,0.0,1,0
A00849,2023-01-31,11148.79,11148.79,0.0,1,0
A00850,2023-01-31,6232.55,6232.55,0.0,1,0
A00851,2023-01-31,2645.26,2645.26,0.0,1,0
A00852,2023-01-31,13209.92,13209.92,0.0,1,0
A00853,2023-01-31,7707.16,7707.16,0.0,1,0
A00854,2023-01-31,18260.91,18260.91,0.0,1,0
A00855,2023-01-31,20141.82,20141.82,0.0,1,0
A00856,2023-01-31,43958.46,43958.46,0.0,1,0
A00857,2023-01-31,10663.68,10663.68,0.0,1,0
A00858,2023-01-31,33860.41,33860.41,0.0,1,0
A00859,2023-01-31,19571.44,19571.44,0.0,1,0
A00860,2023-01-31,21808.0,21808.0,0.0,1,0
A00861,2023-01-31,17653.29,17653.29,0.0,1,0
A00862,2023-01-31,30332.63,30332.63,0.0,1,0
A00863,2023-01-31,17577.85,17577.85,0.0,1,0
A00864,2023-01-31,17229.27,17229.27,0.0,1,0
A00865,2023-01-31,7523.64,7523.64,0.0,1,0
A00866,2023-01-31,8577.74,8577.74,0.0,1,0
A00867,2023-01-31,19702.27,19702.27,0.0,1,0
A00868,2023-01-31,12041.35,12041.35,0.0,1,0
A00869,2023-01-31,4616.93,4616.93,0.0,1,0
A00870,2023-01-31,11161.36,11161.36,0.0,1,0
A00871,2023-01-31,27105.45,27105.45,0.0,1,0
A00872,2023-01-31,18403.69,18403.69,0.0,1,0
A00873,2023-01-31,9975.95,9975.95,0.0,1,0
A00874,2023-01-31,15474.04,15474.04,0.0,1,0
A00875,2023-01-31,29016.46,29016.46,0.0,1,0
A00876,2023-01-31,7383.88,7383.88,0.0,1,0
A00877,2023-01-31,6844.97,6844.97,0.0,1,0
A00878,2023-01-31,17972.11,17972.11,0.0,1,0
A00879,2023-01-31,11286.0,11286.0,0.0,1,0
A00880,2023-01-31,17962.91,17962.91,0.0,1,0
A00881,2023-01-31,16153.25,16153.25,0.0,1,0
A00882,2023-01-31,17929.44,17929.44,0.0,1,0
A00883,2023-01-31,45016.0,45016.0,0.0,1,0
A00884,2023-01-31,5719.41,5719.41,0.0,1,0
A00885,2023-01-31,24528.15,24528.15,0.0,1,0
A00886,2023-01-31,21065.44,21065.44,0.0,1,0
A00887,2023-01-31,23753.5,23753.5,0.0,1,0
A00888,2023-01-31,3157.23,3157.23,0.0,1,0
A00889,2023-01-31,26189.8,0.0,26189.8,0,1
A00890,2023-01-31,13291.0,13291.0,0.0,1,0
A00891,2023-01-31,17434.24,17434.24,0.0,1,0
A00892,2023-01-31,14512.76,14512.76,0.0,1,0
A00893,2023-01-31,8191.17,8191.17,0.0,1,0
A00894,2023-01-31,13609.55,13609.55,0.0,1,0
A00895,2023-01-31,16117.59,16117.59,0.0,1,0
A00896,2023-01-31,22353.3,22353.3,0.0,1,0
A00897,2023-01-31,19964.33,19964.33,0.0,1,0
A00898,2023-01-31,14899.54,14899.54,0.0,1,0
A00899,2023-01-31,16602.42,16602.42,0.0,1,0
A00900,2023-01-31,16463.14,16463.14,0.0,1,0
A00901,2023-01-31,21949.41,21949.41,0.0,1,0
A00902,2023-01-31,26045.44,26045.44,0.0,1,0
A00903,2023-01-31,27732.86,27732.86,0.0,1,0
A00904,2023-01-31,12441.52,12441.52,0.0,1,0
A00905,2023-01-31,13264.0,13264.0,0.0,1,0
A00906,2023-01-31,11622.48,11622.48,0.0,1,0
A00907,2023-01-31,16215.02,16215.02,0.0,1,0
A00908,2023-01-31,52884.36,52884.36,0.0,1,0
A00909,2023-01-31,12367.8,12367.8,0.0,1,0
A00910,2023-01-31,23770.75,23770.75,0.0,1,0
A00911,2023-01-31,24086.68,24086.68,0.0,1,0
A00912,2023-01-31,20470.81,20470.81,0.0,1,0
A00913,2023-01-31,2973.7,2973.7,0.0,1,0
A00914,2023-01-31,15187.37,15187.37,0.0,1,0
A00915,2023-01-31,21801.41,21801.41,0.0,1,0
A00916,2023-01-31,9185.9,9185.9,0.0,1,0
A00917,2023-01-31,3539.12,3539.12,0.0,1,0
A00918,2023-01-31,22120.16,22120.16,0.0,1,0
A00919,2023-01-31,26774.88,26774.88,0.0,1,0
A00920,2023-01-31,14446.73,14446.73,0.0,1,0
A00921,2023-01-31,10917.5,10917.5,0.0,1,0
A00922,2023-01-31,37113.49,37113.49,0.0,1,0
A00923,2023-01-31,27372.33,27372.33,0.0,1,0
A00924,2023-01-31,7062.37,7062.37,0.0,1,0
A00925,2023-01-31,17636.66,17636.66,0.0,1,0
A00926,2023-01-31,7770.17,7770.17,0.0,1,0
A00927,2023-01-31,12660.92,12660.92,0.0,1,0
A00928,2023-01-31,33658.13,33658.13,0.0,1,0
A00929,2023-01-31,33825.23,33825.23,0.0,1,0
A00930,2023-01-31,10654.68,10654.68,0.0,1,0
A00931,2023-01-31,23259.81,23259.81,0.0,1,0
A00932,2023-01-31,7203.51,7203.51,0.0,1,0
A00933,2023-01-31,51587.3,51587.3,0.0,1,0
A00934,2023-01-31,3511.85,3511.85,0.0,1,0
A00935,2023-01-31,12347.39,12347.39,0.0,1,0
A00936,2023-01-31,23212.53,23212.53,0.0,1,0
A00937,2023-01-31,8245.93,8245.93,0.0,1,0
A00938,2023-01-31,7119.41,7119.41,0.0,1,0
A00939,2023-01-31,15537.05,15537.05,0.0,1,0
A00940,2023-01-31,9881.47,9881.47,0.0,1,0
A00941,2023-01-31,3030.8,3030.8,0.0,1,0
A00942,2023-01-31,15514.17,15514.17,0.0,1,0
A00943,2023-01-31,22616.46,22616.46,0.0,1,0
A00944,2023-01-31,13722.72,13722.72,0.0,1,0
A00945,2023-01-31,15216.3,15216.3,0.0,1,0
A00946,2023-01-31,20482.97,20482.97,0.0,1,0
A00947,2023-01-31,42758.9,42758.9,0.0,1,0
A00948,2023-01-31,11871.84,11871.84,0.0,1,0
A00949,2023-01-31,19526.64,19526.64,0.0,1,0
A00950,2023-01-31,15300.2,15300.2,0.0,1,0
A00951,2023-01-31,6757.02,6757.02,0.0,1,0
A00952,2023-01-31,25158.86,25158.86,0.0,1,0
A00953,2023-01-31,36089.83,36089.83,0.0,1,0
A00954,2023-01-31,22636.59,22636.59,0.0,1,0
A00955,2023-01-31,2169.22,2169.22,0.0,1,0
A00956,2023-01-31,12389.85,12389.85,0.0,1,0
A00957,2023-01-31,22582.93,22582.93,0.0,1,0
A00958,2023-01-31,29924.69,29924.69,0.0,1,0
A00959,2023-01-31,4354.04,4354.04,0.0,1,0
A00960,2023-01-31,6603.38,6603.38,0.0,1,0
A00961,2023-01-31,19961.17,19961.17,0.0,1,0
A00962,2023-01-31,16785.95,16785.95,0.0,1,0
A00963,2023-01-31,15549.83,15549.83,0.0,1,0
A00964,2023-01-31,41291.43,41291.43,0.0,1,0
A00965,2023-01-31,43802.42,43802.42,0.0,1,0
A00966,2023-01-31,7835.24,7835.24,0.0,1,0
A00967,2023-01-31,3349.89,3349.89,0.0,1,0
A00968,2023-01-31,14822.03,14822.03,0.0,1,0
A00969,2023-01-31,24821.55,24821.55,0.0,1,0
A00970,2023-01-31,31741.35,31741.35,0.0,1,0
A00971,2023-01-31,12013.45,12013.45,0.0,1,0
A00972,2023-01-31,9283.2,9283.2,0.0,1,0
A00973,2023-01-31,20732.74,20732.74,0.0,1,0
A00974,2023-01-31,13374.83,13374.83,0.0,1,0
A00975,2023-01-31,16204.92,16204.92,0.0,1,0
A00976,2023-01-31,22720.7,22720.7,0.0,1,0
A00977,2023-01-31,13998.39,13998.39,0.0,1,0
A00978,2023-01-31,5034.15,5034.15,0.0,1,0
A00979,2023-01-31,9479.65,9479.65,0.0,1,0
A00980,2023-01-31,9854.19,9854.19,0.0,1,0
A00981,2023-01-31,9931.08,9931.08,0.0,1,0
A00982,2023-01-31,2823.84,2823.84,0.0,1,0
A00983,2023-01-31,47975.54,47975.54,0.0,1,0
A00984,2023-01-31,6556.8,6556.8,0.0,1,0
A00985,2023-01-31,25751.22,25751.22,0.0,1,0
A00986,2023-01-31,8407.61,8407.61,0.0,1,0
A00987,2023-01-31,11929.55,11929.55,0.0,1,0
A00988,2023-01-31,15909.39,15909.39,0.0,1,0
A00989,2023-01-31,10335.45,10335.45,0.0,1,0
A00990,2023-01-31,38851.62,38851.62,0.0,1,0
A00991,2023-01-31,90850.36,90850.36,0.0,1,0
A00992,2023-01-31,3150.7,3150.7,0.0,1,0
A00993,2023-01-31,30459.12,30459.12,0.0,1,0
A00994,2023-01-31,17715.13,17715.13,0.0,1,0
A00995,2023-01-31,12398.37,12398.37,0.0,1,0
A00996,2023-01-31,27238.89,27238.89,0.0,1,0
A00997,2023-01-31,32254.42,32254.42,0.0,1,0
A00998,2023-01-31,14796.68,14796.68,0.0,1,0
A00999,2023-01-31,35878.68,35878.68,0.0,1,0
A01000,2023-01-31,2470.87,2470.87,0.0,1,0
A01001,2023-01-31,24717.93,24717.93,0.0,1,0
A01002,2023-01-31,16237.29,16237.29,0.0,1,0
A01003,2023-01-31,18461.41,18461.41,0.0,1,0
A01004,2023-01-31,30028.92,30028.92,0.0,1,0
A01005,2023-01-31,23038.56,23038.56,0.0,1,0
A01006,2023-01-31,48755.56,48755.56,0.0,1,0
A01007,2023-01-31,54057.75,54057.75,0.0,1,0
A01008,2023-01-31,13927.55,13927.55,0.0,1,0
A01009,2023-01-31,5816.57,5816.57,0.0,1,0
A01010,2023-01-31,15667.25,15667.25,0.0,1,0
A01011,2023-01-31,7813.32,7813.32,0.0,1,0
A01012,2023-01-31,11477.78,11477.78,0.0,1,0
A01013,2023-01-31,17312.41,17312.41,0.0,1,0
A01014,2023-01-31,4266.92,4266.92,0.0,1,0
A01015,2023-01-31,22204.81,22204.81,0.0,1,0
A01016,2023-01-31,14841.14,14841.14,0.0,1,0
A01017,2023-01-31,9018.66,9018.66,0.0,1,0
A01018,2023-01-31,1509.39,1509.39,0.0,1,0
A01019,2023-01-31,29398.08,29398.08,0.0,1,0
A01020,2023-01-31,32399.81,32399.81,0.0,1,0
A01021,2023-01-31,30224.89,30224.89,0.0,1,0
A01022,2023-01-31,7768.87,7768.87,0.0,1,0
A01023,2023-01-31,20849.75,20849.75,0.0,1,0
A01024,2023-01-31,33200.65,33200.65,0.0,1,0
A01025,2023-01-31,19556.94,19556.94,0.0,1,0
A01026,2023-01-31,18399.57,18399.57,0.0,1,0
A01027,2023-01-31,44828.28,44828.28,0.0,1,0
A01028,2023-01-31,42830.08,42830.08,0.0,1,0
A01029,2023-01-31,11482.04,11482.04,0.0,1,0
A01030,2023-01-31,10044.52,10044.52,0.0,1,0
A01031,2023-01-31,8507.38,8507.38,0.0,1,0
A01032,2023-01-31,2976.99,2976.99,0.0,1,0
A01033,2023-01-31,38778.92,38778.92,0.0,1,0
A01034,2023-01-31,19357.54,19357.54,0.0,1,0
A01035,2023-01-31,11658.83,11658.83,0.0,1,0
A01036,2023-01-31,16897.81,16897.81,0.0,1,0
A01037,2023-01-31,41019.05,41019.05,0.0,1,0
A01038,2023-01-31,4529.39,0.0,4529.39,0,1
A01039,2023-01-31,37924.22,37924.22,0.0,1,0
A01040,2023-01-31,15822.27,15822.27,0.0,1,0
A01041,2023-01-31,21810.96,21810.96,0.0,1,0
A01042,2023-01-31,22669.37,22669.37,0.0,1,0
A01043,2023-01-31,42537.65,42537.65,0.0,1,0
A01044,2023-01-31,8164.37,8164.37,0.0,1,0
A01045,2023-01-31,60445.24,60445.24,0.0,1,0
A01046,2023-01-31,5501.46,5501.46,0.0,1,0
A01047,2023-01-31,9449.62,9449.62,0.0,1,0
A01048,2023-01-31,25188.75,25188.75,0.0,1,0
A01049,2023-01-31,39306.49,39306.49,0.0,1,0
A01050,2023-01-31,8490.34,8490.34,0.0,1,0
A01051,2023-01-31,4871.85,4871.85,0.0,1,0
A01052,2023-01-31,40679.89,40679.89,0.0,1,0
A01053,2023-01-31,11892.04,11892.04,0.0,1,0
A01054,2023-01-31,12545.21,12545.21,0.0,1,0
A01055,2023-01-31,17608.29,17608.29,0.0,1,0
A01056,2023-01-31,15243.79,15243.79,0.0,1,0
A01057,2023-01-31,25737.54,25737.54,0.0,1,0
A01058,2023-01-31,5753.97,5753.97,0.0,1,0
A01059,2023-01-31,4329.65,4329.65,0.0,1,0
A01060,2023-01-31,21606.81,21606.81,0.0,1,0
A01061,2023-01-31,22453.41,22453.41,0.0,1,0
A01062,2023-01-31,25672.13,25672.13,0.0,1,0
A01063,2023-01-31,24728.38,24728.38,0.0,1,0
A01064,2023-01-31,4407.02,4407.02,0.0,1,0
A01065,2023-01-31,24461.37,24461.37,0.0,1,0
A01066,2023-01-31,23757.14,23757.14,0.0,1,0
A01067,2023-01-31,5120.52,5120.52,0.0,1,0
A01068,2023-01-31,32313.3,32313.3,0.0,1,0
A01069,2023-01-31,8260.91,8260.91,0.0,1,0
A01070,2023-01-31,7450.87,0.0,7450.87,0,1
A01071,2023-01-31,26105.29,26105.29,0.0,1,0
A01072,2023-01-31,6219.97,6219.97,0.0,1,0
A01073,2023-01-31,13706.85,13706.85,0.0,1,0
A01074,2023-01-31,12175.95,12175.95,0.0,1,0
A01075,2023-01-31,10585.35,10585.35,0.0,1,0
A01076,2023-01-31,8800.43,8800.43,0.0,1,0
A01077,2023-01-31,55193.76,55193.76,0.0,1,0
A01078,2023-01-31,25086.98,25086.98,0.0,1,0
A01079,2023-01-31,9654.31,9654.31,0.0,1,0
A01080,2023-01-31,9867.04,9867.04,0.0,1,0
A01081,2023-01-31,20191.5,20191.5,0.0,1,0
A01082,2023-01-31,12127.58,12127.58,0.0,1,0
A01083,2023-01-31,21088.87,21088.87,0.0,1,0
A01084,2023-01-31,6672.3,6672.3,0.0,1,0
A01085,2023-01-31,17560.67,17560.67,0.0,1,0
A01086,2023-01-31,27214.5,27214.5,0.0,1,0
A01087,2023-01-31,16881.8,16881.8,0.0,1,0
A01088,2023-01-31,12804.8,12804.8,0.0,1,0
A01089,2023-01-31,22588.77,22588.77,0.0,1,0
A01090,2023-01-31,2288.64,2288.64,0.0,1,0
A01091,2023-01-31,27158.7,27158.7,0.0,1,0
A01092,2023-01-31,2715.89,2715.89,0.0,1,0
A01093,2023-01-31,30217.53,30217.53,0.0,1,0
A01094,2023-01-31,12433.48,12433.48,0.0,1,0
A01095,2023-01-31,28666.65,28666.65,0.0,1,0
A01096,2023-01-31,33021.38,33021.38,0.0,1,0
A01097,2023-01-31,13062.4,13062.4,0.0,1,0
A01098,2023-01-31,31392.09,31392.09,0.0,1,0
A01099,2023-01-31,19255.03,19255.03,0.0,1,0
A01100,2023-01-31,22469.35,22469.35,0.0,1,0
A01101,2023-01-31,36391.95,36391.95,0.0,1,0
A01102,2023-01-31,20755.27,20755.27,0.0,1,0
A01103,2023-01-31,28711.38,28711.38,0.0,1,0
A01104,2023-01-31,52382.42,52382.42,0.0,1,0
A01105,2023-01-31,28550.18,28550.18,0.0,1,0
A01106,2023-01-31,12183.17,12183.17,0.0,1,0
A01107,2023-01-31,19698.83,19698.83,0.0,1,0
A01108,2023-01-31,9815.03,9815.03,0.0,1,0
A01109,2023-01-31,20333.87,20333.87,0.0,1,0
A01110,2023-01-31,13457.36,13457.36,0.0,1,0
A01111,2023-01-31,21744.65,21744.65,0.0,1,0
A01112,2023-01-31,28957.37,28957.37,0.0,1,0
A01113,2023-01-31,9546.02,9546.02,0.0,1,0
A01114,2023-01-31,17195.74,17195.74,0.0,1,0
A01115,2023-01-31,7698.51,7698.51,0.0,1,0
A01116,2023-01-31,9942.35,9942.35,0.0,1,0
A01117,2023-01-31,19143.37,19143.37,0.0,1,0
A01118,2023-01-31,12728.46,12728.46,0.0,1,0
A01119,2023-01-31,40645.81,40645.81,0.0,1,0
A01120,2023-01-31,3706.71,3706.71,0.0,1,0
A01121,2023-01-31,46064.26,46064.26,0.0,1,0
A01122,2023-01-31,28588.18,28588.18,0.0,1,0
A01123,2023-01-31,24901.19,24901.19,0.0,1,0
A01124,2023-01-31,27375.01,27375.01,0.0,1,0
A01125,2023-01-31,26999.16,26999.16,0.0,1,0
A01126,2023-01-31,12015.51,12015.51,0.0,1,0
A01127,2023-01-31,29575.36,29575.36,0.0,1,0
A01128,2023-01-31,20245.09,20245.09,0.0,1,0
A01129,2023-01-31,4335.08,4335.08,0.0,1,0
A01130,2023-01-31,10066.92,10066.92,0.0,1,0
A01131,2023-01-31,7765.84,7765.84,0.0,1,0
A01132,2023-01-31,14650.81,14650.81,0.0,1,0
A01133,2023-01-31,2754.03,2754.03,0.0,1,0
A01134,2023-01-31,26502.37,26502.37,0.0,1,0
A01135,2023-01-31,29639.67,29639.67,0.0,1,0
A01136,2023-01-31,11740.87,11740.87,0.0,1,0
A01137,2023-01-31,22013.52,22013.52,0.0,1,0
A01138,2023-01-31,41642.47,41642.47,0.0,1,0
A01139,2023-01-31,12586.99,12586.99,0.0,1,0
A01140,2023-01-31,12592.41,12592.41,0.0,1,0
A01141,2023-01-31,14018.8,14018.8,0.0,1,0
A01142,2023-01-31,25097.5,25097.5,0.0,1,0
A01143,2023-01-31,12409.09,12409.09,0.0,1,0
A01144,2023-01-31,14207.2,14207.2,0.0,1,0
A01145,2023-01-31,24490.22,24490.22,0.0,1,0
A01146,2023-01-31,23544.62,23544.62,0.0,1,0
A01147,2023-01-31,11277.0,11277.0,0.0,1,0
A01148,2023-01-31,7504.26,7504.26,0.0,1,0
A01149,2023-01-31,13016.16,13016.16,0.0,1,0
A01150,2023-01-31,15267.77,15267.77,0.0,1,0
A01151,2023-01-31,19368.81,19368.81,0.0,1,0
A01152,2023-01-31,17005.07,17005.07,0.0,1,0
A01153,2023-01-31,6108.45,6108.45,0.0,1,0
A01154,2023-01-31,12194.3,12194.3,0.0,1,0
A01155,2023-01-31,2936.8,2936.8,0.0,1,0
A01156,2023-01-31,19299.28,19299.28,0.0,1,0
A01157,2023-01-31,7204.75,7204.75,0.0,1,0
A01158,2023-01-31,4776.89,4776.89,0.0,1,0
A01159,2023-01-31,13456.6,13456.6,0.0,1,0
A01160,2023-01-31,21376.63,21376.63,0.0,1,0
A01161,2023-01-31,16690.51,16690.51,0.0,1,0
A01162,2023-01-31,44507.74,44507.74,0.0,1,0
A01163,2023-01-31,3720.11,3720.11,0.0,1,0
A01164,2023-01-31,3530.05,3530.05,0.0,1,0
A01165,2023-01-31,10633.86,10633.86,0.0,1,0
A01166,2023-01-31,28826.06,28826.06,0.0,1,0
A01167,2023-01-31,11346.13,11346.13,0.0,1,0
A01168,2023-01-31,8268.61,8268.61,0.0,1,0
A01169,2023-01-31,22332.82,22332.82,0.0,1,0
A01170,2023-01-31,12246.86,12246.86,0.0,1,0
A01171,2023-01-31,35776.3,35776.3,0.0,1,0
A01172,2023-01-31,13771.09,13771.09,0.0,1,0
A01173,2023-01-31,29132.03,29132.03,0.0,1,0
A01174,2023-01-31,14601.88,14601.88,0.0,1,0
A01175,2023-01-31,21458.54,0.0,21458.54,0,1
A01176,2023-01-31,31979.99,31979.99,0.0,1,0
A01177,2023-01-31,3508.13,3508.13,0.0,1,0
A01178,2023-01-31,2533.39,2533.39,0.0,1,0
A01179,2023-01-31,3941.64,3941.64,0.0,1,0
A01180,2023-01-31,7515.46,0.0,7515.46,0,1
A01181,2023-01-31,32892.75,32892.75,0.0,1,0
A01182,2023-01-31,48420.86,48420.86,0.0,1,0
A01183,2023-01-31,15355.72,15355.72,0.0,1,0
A01184,2023-01-31,11868.2,11868.2,0.0,1,0
A01185,2023-01-31,20736.65,20736.65,0.0,1,0
A01186,2023-01-31,9479.65,9479.65,0.0,1,0
A01187,2023-01-31,19943.17,19943.17,0.0,1,0
A01188,2023-01-31,32065.32,32065.32,0.0,1,0
A01189,2023-01-31,20861.16,20861.16,0.0,1,0
A01190,2023-01-31,6765.61,0.0,6765.61,0,1
A01191,2023-01-31,14975.33,14975.33,0.0,1,0
A01192,2023-01-31,52027.46,52027.46,0.0,1,0
A01193,2023-01-31,22458.84,22458.84,0.0,1,0
A01194,2023-01-31,11103.02,11103.02,0.0,1,0
A01195,2023-01-31,9275.64,9275.64,0.0,1,0
A01196,2023-01-31,10849.55,10849.55,0.0,1,0
A01197,2023-01-31,26968.58,26968.58,0.0,1,0
A01198,2023-01-31,18872.58,18872.58,0.0,1,0
A01199,2023-01-31,7320.11,7320.11,0.0,1,0
A01200,2023-01-31,30883.07,30883.07,0.0,1,0
A01201,2023-01-31,51020.29,51020.29,0.0,1,0
A01202,2023-01-31,19543.48,19543.48,0.0,1,0
A01203,2023-01-31,34700.07,34700.07,0.0,1,0
A01204,2023-01-31,6499.9,6499.9,0.0,1,0
A01205,2023-01-31,14263.2,14263.2,0.0,1,0
A01206,2023-01-31,5881.36,5881.36,0.0,1,0
A01207,2023-01-31,27722.28,27722.28,0.0,1,0
A01208,2023-01-31,16271.64,16271.64,0.0,1,0
A01209,2023-01-31,2537.86,2537.86,0.0,1,0
A01210,2023-01-31,6594.24,6594.24,0.0,1,0
A01211,2023-01-31,14910.67,14910.67,0.0,1,0
A01212,2023-01-31,3997.22,3997.22,0.0,1,0
A01213,2023-01-31,6948.11,6948.11,0.0,1,0
A01214,2023-01-31,32924.22,32924.22,0.0,1,0
A01215,2023-01-31,8987.26,8987.26,0.0,1,0
A01216,2023-01-31,19371.35,19371.35,0.0,1,0
A01217,2023-01-31,29823.06,29823.06,0.0,1,0
A01218,2023-01-31,26360.48,26360.48,0.0,1,0
A01219,2023-01-31,42676.65,42676.65,0.0,1,0
A01220,2023-01-31,31340.83,31340.83,0.0,1,0
A01221,2023-01-31,18900.47,18900.47,0.0,1,0
A01222,2023-01-31,4519.57,4519.57,0.0,1,0
A01223,2023-01-31,15431.64,15431.64,0.0,1,0
A01224,2023-01-31,26511.37,26511.37,0.0,1,0
A01225,2023-01-31,7951.78,7951.78,0.0,1,0
A01226,2023-01-31,33238.3,33238.3,0.0,1,0
A01227,2023-01-31,16297.48,16297.48,0.0,1,0
A01228,2023-01-31,26415.52,26415.52,0.0,1,0
A01229,2023-01-31,26297.13,26297.13,0.0,1,0
A01230,2023-01-31,27141.11,27141.11,0.0,1,0
A01231,2023-01-31,11292.39,11292.39,0.0,1,0
A01232,2023-01-31,43053.39,43053.39,0.0,1,0
A01233,2023-01-31,37382.98,37382.98,0.0,1,0
A01234,2023-01-31,17747.15,17747.15,0.0,1,0
A01235,2023-01-31,6239.62,6239.62,0.0,1,0
A01236,2023-01-31,11665.77,11665.77,0.0,1,0
A01237,2023-01-31,11264.29,0.0,11264.29,0,1
A01238,2023-01-31,4241.97,4241.97,0.0,1,0
A01239,2023-01-31,9544.85,9544.85,0.0,1,0
A01240,2023-01-31,274.57,274.57,0.0,1,0
A01241,2023-01-31,23248.47,23248.47,0.0,1,0
A01242,2023-01-31,14313.43,14313.43,0.0,1,0
A01243,2023-01-31,27429.15,27429.15,0.0,1,0
A01244,2023-01-31,12875.64,12875.64,0.0,1,0
A01245,2023-01-31,4001.9,4001.9,0.0,1,0
A01246,2023-01-31,6007.79,6007.79,0.0,1,0
A01247,2023-01-31,15766.54,15766.54,0.0,1,0
A01248,2023-01-31,15666.16,15666.16,0.0,1,0
A01249,2023-01-31,9497.44,9497.44,0.0,1,0
A01250,2023-01-31,9184.46,9184.46,0.0,1,0
A01251,2023-01-31,28372.84,28372.84,0.0,1,0
A01252,2023-01-31,2895.5,2895.5,0.0,1,0
A01253,2023-01-31,20371.73,20371.73,0.0,1,0
A01254,2023-01-31,13152.69,13152.69,0.0,1,0
A01255,2023-01-31,28312.03,28312.03,0.0,1,0
A01256,2023-01-31,53832.1,53832.1,0.0,1,0
A01257,2023-01-31,5305.15,5305.15,0.0,1,0
A01258,2023-01-31,25164.15,25164.15,0.0,1,0
A01259,2023-01-31,24327.79,24327.79,0.0,1,0
A01260,2023-01-31,8331.68,8331.68,0.0,1,0
A01261,2023-01-31,11013.15,11013.15,0.0,1,0
A01262,2023-01-31,13905.22,13905.22,0.0,1,0
A01263,2023-01-31,23638.55,23638.55,0.0,1,0
A01264,2023-01-31,17198.83,17198.83,0.0,1,0
A01265,2023-01-31,38585.29,38585.29,0.0,1,0
A01266,2023-01-31,7677.69,0.0,7677.69,0,1
A01267,2023-01-31,15427.25,15427.25,0.0,1,0
A01268,2023-01-31,19844.3,19844.3,0.0,1,0
A01269,2023-01-31,12567.75,12567.75,0.0,1,0
A01270,2023-01-31,6728.51,6728.51,0.0,1,0
A01271,2023-01-31,33736.8,33736.8,0.0,1,0
A01272,2023-01-31,19273.23,19273.23,0.0,1,0
A01273,2023-01-31,2896.95,2896.95,0.0,1,0
A01274,2023-01-31,9893.98,9893.98,0.0,1,0
A01275,2023-01-31,8051.06,8051.06,0.0,1,0
A01276,2023-01-31,44645.58,44645.58,0.0,1,0
A01277,2023-01-31,13345.49,13345.49,0.0,1,0
A01278,2023-01-31,39642.14,39642.14,0.0,1,0
A01279,2023-01-31,22206.67,0.0,22206.67,0,1
A01280,2023-01-31,21345.99,21345.99,0.0,1,0
A01281,2023-01-31,9599.68,9599.68,0.0,1,0
A01282,2023-01-31,13208.76,13208.76,0.0,1,0
A01283,2023-01-31,5103.89,5103.89,0.0,1,0
A01284,2023-01-31,30774.03,30774.03,0.0,1,0
A01285,2023-01-31,30971.58,30971.58,0.0,1,0
A01286,2023-01-31,21351.83,21351.83,0.0,1,0
A01287,2023-01-31,17126.41,17126.41,0.0,1,0
A01288,2023-01-31,14629.71,14629.71,0.0,1,0
A01289,2023-01-31,44442.33,44442.33,0.0,1,0
A01290,2023-01-31,34113.48,34113.48,0.0,1,0
A01291,2023-01-31,19346.07,19346.07,0.0,1,0
A01292,2023-01-31,11173.87,11173.87,0.0,1,0
A01293,2023-01-31,10334.83,10334.83,0.0,1,0
A01294,2023-01-31,42192.1,0.0,42192.1,0,1
A01295,2023-01-31,8653.73,8653.73,0.0,1,0
A01296,2023-01-31,15405.05,15405.05,0.0,1,0
A01297,2023-01-31,24215.31,24215.31,0.0,1,0
A01298,2023-01-31,29175.11,29175.11,0.0,1,0
A01299,2023-01-31,20498.91,20498.91,0.0,1,0
A01300,2023-01-31,17556.27,0.0,17556.27,0,1
A01301,2023-01-31,16772.75,16772.75,0.0,1,0
A01302,2023-01-31,14040.37,14040.37,0.0,1,0
A01303,2023-01-31,6784.3,6784.3,0.0,1,0
A01304,2023-01-31,26830.13,26830.13,0.0,1,0
A01305,2023-01-31,11377.25,11377.25,0.0,1,0
A01306,2023-01-31,5735.9,5735.9,0.0,1,0
A01307,2023-01-31,7370.0,7370.0,0.0,1,0
A01308,2023-01-31,19196.48,19196.48,0.0,1,0
A01309,2023-01-31,25907.74,25907.74,0.0,1,0
A01310,2023-01-31,18724.78,18724.78,0.0,1,0
A01311,2023-01-31,15030.64,15030.64,0.0,1,0
A01312,2023-01-31,16000.02,16000.02,0.0,1,0
A01313,2023-01-31,8879.66,8879.66,0.0,1,0
A01314,2023-01-31,31339.46,31339.46,0.0,1,0
A01315,2023-01-31,7486.12,7486.12,0.0,1,0
A01316,2023-01-31,20891.12,20891.12,0.0,1,0
A01317,2023-01-31,29946.95,29946.95,0.0,1,0
A01318,2023-01-31,19660.84,19660.84,0.0,1,0
A01319,2023-01-31,24643.93,24643.93,0.0,1,0
A01320,2023-01-31,9546.57,9546.57,0.0,1,0
A01321,2023-01-31,20419.27,20419.27,0.0,1,0
A01322,2023-01-31,28766.55,28766.55,0.0,1,0
A01323,2023-01-31,26960.33,26960.33,0.0,1,0
A01324,2023-01-31,28983.34,28983.34,0.0,1,0
A01325,2023-01-31,13383.49,13383.49,0.0,1,0
A01326,2023-01-31,32459.66,32459.66,0.0,1,0
A01327,2023-01-31,18153.65,18153.65,0.0,1,0
A01328,2023-01-31,12857.3,12857.3,0.0,1,0
A01329,2023-01-31,42643.74,42643.74,0.0,1,0
A01330,2023-01-31,2996.3,2996.3,0.0,1,0
A01331,2023-01-31,17207.01,17207.01,0.0,1,0
A01332,2023-01-31,9997.39,9997.39,0.0,1,0
A01333,2023-01-31,26854.24,26854.24,0.0,1,0
A01334,2023-01-31,9379.6,9379.6,0.0,1,0
A01335,2023-01-31,4339.61,4339.61,0.0,1,0
A01336,2023-01-31,12216.49,12216.49,0.0,1,0
A01337,2023-01-31,13196.11,13196.11,0.0,1,0
A01338,2023-01-31,10810.86,10810.86,0.0,1,0
A01339,2023-01-31,5849.96,5849.96,0.0,1,0
A01340,2023-01-31,14926.54,14926.54,0.0,1,0
A01341,2023-01-31,3549.02,3549.02,0.0,1,0
A01342,2023-01-31,14909.44,14909.44,0.0,1,0
A01343,2023-01-31,15361.01,15361.01,0.0,1,0
A01344,2023-01-31,39874.18,39874.18,0.0,1,0
A01345,2023-01-31,19120.15,19120.15,0.0,1,0
A01346,2023-01-31,3733.1,3733.1,0.0,1,0
A01347,2023-01-31,22532.08,22532.08,0.0,1,0
A01348,2023-01-31,43857.94,43857.94,0.0,1,0
A01349,2023-01-31,9458.83,9458.83,0.0,1,0
A01350,2023-01-31,15404.78,15404.78,0.0,1,0
A01351,2023-01-31,13312.03,13312.03,0.0,1,0
A01352,2023-01-31,16030.74,16030.74,0.0,1,0
A01353,2023-01-31,15655.44,15655.44,0.0,1,0
A01354,2023-01-31,15219.46,15219.46,0.0,1,0
A01355,2023-01-31,10248.12,10248.12,0.0,1,0
A01356,2023-01-31,14048.0,14048.0,0.0,1,0
A01357,2023-01-31,17230.72,17230.72,0.0,1,0
A01358,2023-01-31,18500.5,18500.5,0.0,1,0
A01359,2023-01-31,20636.75,20636.75,0.0,1,0
A01360,2023-01-31,34991.06,34991.06,0.0,1,0
A01361,2023-01-31,24536.81,24536.81,0.0,1,0
A01362,2023-01-31,18547.5,0.0,18547.5,0,1
A01363,2023-01-31,13003.72,13003.72,0.0,1,0
A01364,2023-01-31,56106.73,56106.73,0.0,1,0
A01365,2023-01-31,3606.67,3606.67,0.0,1,0
A01366,2023-01-31,20470.88,20470.88,0.0,1,0
A01367,2023-01-31,27556.54,27556.54,0.0,1,0
A01368,2023-01-31,17337.49,17337.49,0.0,1,0
A01369,2023-01-31,9794.96,9794.96,0.0,1,0
A01370,2023-01-31,22339.14,22339.14,0.0,1,0
A01371,2023-01-31,7330.97,7330.97,0.0,1,0
A01372,2023-01-31,27668.61,27668.61,0.0,1,0
A01373,2023-01-31,6746.99,6746.99,0.0,1,0
A01374,2023-01-31,37313.3,37313.3,0.0,1,0
A01375,2023-01-31,22390.61,22390.61,0.0,1,0
A01376,2023-01-31,17911.99,17911.99,0.0,1,0
A01377,2023-01-31,14613.08,14613.08,0.0,1,0
A01378,2023-01-31,15823.16,15823.16,0.0,1,0
A01379,2023-01-31,8016.64,8016.64,0.0,1,0
A01380,2023-01-31,17080.03,17080.03,0.0,1,0
A01381,2023-01-31,12218.56,12218.56,0.0,1,0
A01382,2023-01-31,11433.8,11433.8,0.0,1,0
A01383,2023-01-31,53862.47,53862.47,0.0,1,0
A01384,2023-01-31,12399.34,12399.34,0.0,1,0
A01385,2023-01-31,13726.15,13726.15,0.0,1,0
A01386,2023-01-31,31394.43,31394.43,0.0,1,0
A01387,2023-01-31,7977.75,7977.75,0.0,1,0
A01388,2023-01-31,36707.47,36707.47,0.0,1,0
A01389,2023-01-31,13382.8,13382.8,0.0,1,0
A01390,2023-01-31,8997.7,8997.7,0.0,1,0
A01391,2023-01-31,3527.31,3527.31,0.0,1,0
A01392,2023-01-31,33830.52,33830.52,0.0,1,0
A01393,2023-01-31,10913.93,10913.93,0.0,1,0
A01394,2023-01-31,13120.87,13120.87,0.0,1,0
A01395,2023-01-31,13279.39,13279.39,0.0,1,0
A01396,2023-01-31,10888.51,10888.51,0.0,1,0
A01397,2023-01-31,22264.86,22264.86,0.0,1,0
A01398,2023-01-31,28896.56,28896.56,0.0,1,0
A01399,2023-01-31,55850.64,0.0,55850.64,0,1
A01400,2023-01-31,38663.69,38663.69,0.0,1,0
A01401,2023-01-31,17637.97,17637.97,0.0,1,0
A01402,2023-01-31,27839.91,27839.91,0.0,1,0
A01403,2023-01-31,45583.15,45583.15,0.0,1,0
A01404,2023-01-31,30612.49,30612.49,0.0,1,0
A01405,2023-01-31,18314.43,18314.43,0.0,1,0
A01406,2023-01-31,22521.23,22521.23,0.0,1,0
A01407,2023-01-31,36999.7,36999.7,0.0,1,0
A01408,2023-01-31,2666.83,2666.83,0.0,1,0
A01409,2023-01-31,14531.04,0.0,14531.04,0,1
A01410,2023-01-31,1980.68,1980.68,0.0,1,0
A01411,2023-01-31,6412.43,6412.43,0.0,1,0
A01412,2023-01-31,1226.57,1226.57,0.0,1,0
A01413,2023-01-31,13663.28,13663.28,0.0,1,0
A01414,2023-01-31,43076.62,43076.62,0.0,1,0
A01415,2023-01-31,34203.97,34203.97,0.0,1,0
A01416,2023-01-31,8997.91,8997.91,0.0,1,0
A01417,2023-01-31,22398.71,22398.71,0.0,1,0
A01418,2023-01-31,7609.18,7609.18,0.0,1,0
A01419,2023-01-31,17699.47,17699.47,0.0,1,0
A01420,2023-01-31,39714.02,39714.02,0.0,1,0
A01421,2023-01-31,5717.76,5717.76,0.0,1,0
A01422,2023-01-31,20175.35,20175.35,0.0,1,0
A01423,2023-01-31,27223.16,27223.16,0.0,1,0
A01424,2023-01-31,10501.25,10501.25,0.0,1,0
A01425,2023-01-31,20049.4,20049.4,0.0,1,0
A01426,2023-01-31,8739.69,8739.69,0.0,1,0
A01427,2023-01-31,18370.85,18370.85,0.0,1,0
A01428,2023-01-31,18371.67,18371.67,0.0,1,0
A01429,2023-01-31,4959.53,4959.53,0.0,1,0
A01430,2023-01-31,4146.33,4146.33,0.0,1,0
A01431,2023-01-31,3515.97,3515.97,0.0,1,0
A01432,2023-01-31,23381.36,23381.36,0.0,1,0
A01433,2023-01-31,20819.38,20819.38,0.0,1,0
A01434,2023-01-31,17105.94,17105.94,0.0,1,0
A01435,2023-01-31,13962.11,13962.11,0.0,1,0
A01436,2023-01-31,28677.09,28677.09,0.0,1,0
A01437,2023-01-31,12759.31,12759.31,0.0,1,0
A01438,2023-01-31,9397.74,9397.74,0.0,1,0
A01439,2023-01-31,6266.21,6266.21,0.0,1,0
A01440,2023-01-31,16340.76,16340.76,0.0,1,0
A01441,2023-01-31,18968.91,18968.91,0.0,1,0
A01442,2023-01-31,15732.53,15732.53,0.0,1,0
A01443,2023-01-31,26269.17,26269.17,0.0,1,0
A01444,2023-01-31,13082.4,13082.4,0.0,1,0
A01445,2023-01-31,64472.15,64472.15,0.0,1,0
A01446,2023-01-31,16398.07,16398.07,0.0,1,0
A01447,2023-01-31,11372.44,11372.44,0.0,1,0
A01448,2023-01-31,12189.77,12189.77,0.0,1,0
A01449,2023-01-31,21111.61,21111.61,0.0,1,0
A01450,2023-01-31,55337.16,55337.16,0.0,1,0
A01451,2023-01-31,9500.67,9500.67,0.0,1,0
A01452,2023-01-31,24663.17,0.0,24663.17,0,1
A01453,2023-01-31,20176.45,20176.45,0.0,1,0
A01454,2023-01-31,40472.8,40472.8,0.0,1,0
A01455,2023-01-31,9105.92,9105.92,0.0,1,0
A01456,2023-01-31,22536.76,22536.76,0.0,1,0
A01457,2023-01-31,31188.57,31188.57,0.0,1,0
A01458,2023-01-31,24390.94,24390.94,0.0,1,0
A01459,2023-01-31,29009.79,29009.79,0.0,1,0
A01460,2023-01-31,12660.58,12660.58,0.0,1,0
A01461,2023-01-31,19336.31,19336.31,0.0,1,0
A01462,2023-01-31,35451.29,35451.29,0.0,1,0
A01463,2023-01-31,4280.25,4280.25,0.0,1,0
A01464,2023-01-31,12851.66,12851.66,0.0,1,0
A01465,2023-01-31,8581.59,8581.59,0.0,1,0
A01466,2023-01-31,8266.61,8266.61,0.0,1,0
A01467,2023-01-31,20549.41,20549.41,0.0,1,0
A01468,2023-01-31,20292.36,20292.36,0.0,1,0
A01469,2023-01-31,13271.49,13271.49,0.0,1,0
A01470,2023-01-31,18425.88,18425.88,0.0,1,0
A01471,2023-01-31,15663.89,15663.89,0.0,1,0
A01472,2023-01-31,3625.49,3625.49,0.0,1,0
A01473,2023-01-31,6179.84,6179.84,0.0,1,0
A01474,2023-01-31,24718.69,24718.69,0.0,1,0
A01475,2023-01-31,7428.54,7428.54,0.0,1,0
A01476,2023-01-31,13107.82,13107.82,0.0,1,0
A01477,2023-01-31,21664.46,21664.46,0.0,1,0
A01478,2023-01-31,20118.87,20118.87,0.0,1,0
A01479,2023-01-31,9979.11,9979.11,0.0,1,0
A01480,2023-01-31,16468.57,16468.57,0.0,1,0
A01481,2023-01-31,12736.43,12736.43,0.0,1,0
A01482,2023-01-31,14974.64,0.0,14974.64,0,1
A01483,2023-01-31,39575.15,39575.15,0.0,1,0
A01484,2023-01-31,22420.57,22420.57,0.0,1,0
A01485,2023-01-31,14963.92,14963.92,0.0,1,0
A01486,2023-01-31,16771.04,16771.04,0.0,1,0
A01487,2023-01-31,1943.85,1943.85,0.0,1,0
A01488,2023-01-31,73276.36,73276.36,0.0,1,0
A01489,2023-01-31,35162.84,35162.84,0.0,1,0
A01490,2023-01-31,12113.29,12113.29,0.0,1,0
A01491,2023-01-31,3480.58,3480.58,0.0,1,0
A01492,2023-01-31,12571.39,12571.39,0.0,1,0
A01493,2023-01-31,31408.37,31408.37,0.0,1,0
A01494,2023-01-31,29096.44,29096.44,0.0,1,0
A01495,2023-01-31,16281.67,16281.67,0.0,1,0
A01496,2023-01-31,48654.69,48654.69,0.0,1,0
A01497,2023-01-31,14131.35,14131.35,0.0,1,0
A01498,2023-01-31,13148.57,13148.57,0.0,1,0
A01499,2023-01-31,21584.21,21584.21,0.0,1,0
A01500,2023-01-31,9226.65,9226.65,0.0,1,0
A01501,2023-01-31,11012.32,11012.32,0.0,1,0
A01502,2023-01-31,25034.14,25034.14,0.0,1,0
A01503,2023-01-31,8448.49,8448.49,0.0,1,0
A01504,2023-01-31,21578.02,21578.02,0.0,1,0
A01505,2023-01-31,29992.37,29992.37,0.0,1,0
A01506,2023-01-31,12209.9,12209.9,0.0,1,0
A01507,2023-01-31,13947.47,13947.47,0.0,1,0
A01508,2023-01-31,17702.49,17702.49,0.0,1,0
A01509,2023-01-31,8430.7,8430.7,0.0,1,0
A01510,2023-01-31,11884.48,11884.48,0.0,1,0
A01511,2023-01-31,4687.71,4687.71,0.0,1,0
A01512,2023-01-31,7096.18,7096.18,0.0,1,0
A01513,2023-01-31,15291.88,15291.88,0.0,1,0
A01514,2023-01-31,20571.61,20571.61,0.0,1,0
A01515,2023-01-31,20681.13,20681.13,0.0,1,0
A01516,2023-01-31,9990.72,9990.72,0.0,1,0
A01517,2023-01-31,10131.58,10131.58,0.0,1,0
A01518,2023-01-31,11170.77,11170.77,0.0,1,0
A01519,2023-01-31,16268.55,16268.55,0.0,1,0
A01520,2023-01-31,7054.54,7054.54,0.0,1,0
A01521,2023-01-31,4050.47,4050.47,0.0,1,0
A01522,2023-01-31,18065.15,18065.15,0.0,1,0
A01523,2023-01-31,10445.32,10445.32,0.0,1,0
A01524,2023-01-31,20770.6,20770.6,0.0,1,0
A01525,2023-01-31,50135.08,50135.08,0.0,1,0
A01526,2023-01-31,10734.8,10734.8,0.0,1,0
A01527,2023-01-31,21884.27,21884.27,0.0,1,0
A01528,2023-01-31,2525.08,2525.08,0.0,1,0
A01529,2023-01-31,12271.39,12271.39,0.0,1,0
A01530,2023-01-31,17336.88,17336.88,0.0,1,0
A01531,2023-01-31,2069.59,2069.59,0.0,1,0
A01532,2023-01-31,36887.84,0.0,36887.84,0,1
A01533,2023-01-31,8685.2,8685.2,0.0,1,0
A01534,2023-01-31,27268.44,27268.44,0.0,1,0
A01535,2023-01-31,23093.46,23093.46,0.0,1,0
A01536,2023-01-31,42288.84,42288.84,0.0,1,0
A01537,2023-01-31,2562.11,2562.11,0.0,1,0
A01538,2023-01-31,19249.6,19249.6,0.0,1,0
A01539,2023-01-31,14906.07,14906.07,0.0,1,0
A01540,2023-01-31,1870.53,1870.53,0.0,1,0
A01541,2023-01-31,14028.55,14028.55,0.0,1,0
A01542,2023-01-31,12898.04,12898.04,0.0,1,0
A01543,2023-01-31,5703.67,5703.67,0.0,1,0
A01544,2023-01-31,13361.5,13361.5,0.0,1,0
A01545,2023-01-31,12454.51,12454.51,0.0,1,0
A01546,2023-01-31,10788.46,10788.46,0.0,1,0
A01547,2023-01-31,19679.73,19679.73,0.0,1,0
A01548,2023-01-31,25485.24,25485.24,0.0,1,0
A01549,2023-01-31,8777.07,8777.07,0.0,1,0
A01550,2023-01-31,14385.24,0.0,14385.24,0,1
A01551,2023-01-31,41577.13,41577.13,0.0,1,0
A01552,2023-01-31,14267.4,14267.4,0.0,1,0
A01553,2023-01-31,8554.45,8554.45,0.0,1,0
A01554,2023-01-31,6469.05,6469.05,0.0,1,0
A01555,2023-01-31,22367.04,22367.04,0.0,1,0
A01556,2023-01-31,9116.51,9116.51,0.0,1,0
A01557,2023-01-31,7766.19,7766.19,0.0,1,0
A01558,2023-01-31,21389.27,21389.27,0.0,1,0
A01559,2023-01-31,4987.56,4987.56,0.0,1,0
A01560,2023-01-31,20556.01,20556.01,0.0,1,0
A01561,2023-01-31,6751.52,6751.52,0.0,1,0
A01562,2023-01-31,7824.45,7824.45,0.0,1,0
A01563,2023-01-31,4859.14,4859.14,0.0,1,0
A01564,2023-01-31,8144.17,8144.17,0.0,1,0
A01565,2023-01-31,31631.55,31631.55,0.0,1,0
A01566,2023-01-31,69204.51,69204.51,0.0,1,0
A01567,2023-01-31,13489.58,13489.58,0.0,1,0
A01568,2023-01-31,11789.52,11789.52,0.0,1,0
A01569,2023-01-31,25634.55,25634.55,0.0,1,0
A01570,2023-01-31,20794.16,20794.16,0.0,1,0
A01571,2023-01-31,29190.98,29190.98,0.0,1,0
A01572,2023-01-31,19463.57,19463.57,0.0,1,0
A01573,2023-01-31,31835.42,31835.42,0.0,1,0
A01574,2023-01-31,18737.63,18737.63,0.0,1,0
A01575,2023-01-31,41622.2,41622.2,0.0,1,0
A01576,2023-01-31,25150.27,25150.27,0.0,1,0
A01577,2023-01-31,39246.85,39246.85,0.0,1,0
A01578,2023-01-31,11819.55,11819.55,0.0,1,0
A01579,2023-01-31,13059.86,13059.86,0.0,1,0
A01580,2023-01-31,17877.43,17877.43,0.0,1,0
A01581,2023-01-31,18590.45,18590.45,0.0,1,0
A01582,2023-01-31,14856.66,14856.66,0.0,1,0
A01583,2023-01-31,15940.93,15940.93,0.0,1,0
A01584,2023-01-31,12773.13,12773.13,0.0,1,0
A01585,2023-01-31,17785.77,17785.77,0.0,1,0
A01586,2023-01-31,10988.55,10988.55,0.0,1,0
A01587,2023-01-31,31056.78,31056.78,0.0,1,0
A01588,2023-01-31,24235.58,24235.58,0.0,1,0
A01589,2023-01-31,17950.54,17950.54,0.0,1,0
A01590,2023-01-31,4004.99,0.0,4004.99,0,1
A01591,2023-01-31,3508.13,3508.13,0.0,1,0
A01592,2023-01-31,15985.66,15985.66,0.0,1,0
A01593,2023-01-31,7345.33,7345.33,0.0,1,0
A01594,2023-01-31,22233.33,22233.33,0.0,1,0
A01595,2023-01-31,2016.27,2016.27,0.0,1,0
A01596,2023-01-31,46058.56,46058.56,0.0,1,0
A01597,2023-01-31,5526.12,5526.12,0.0,1,0
A01598,2023-01-31,29329.78,29329.78,0.0,1,0
A01599,2023-01-31,12374.94,12374.94,0.0,1,0
A01600,2023-01-31,3814.38,3814.38,0.0,1,0
A01601,2023-01-31,13092.43,13092.43,0.0,1,0
A01602,2023-01-31,36675.66,36675.66,0.0,1,0
A01603,2023-01-31,12229.27,12229.27,0.0,1,0
A01604,2023-01-31,34646.4,34646.4,0.0,1,0
A01605,2023-01-31,15202.83,15202.83,0.0,1,0
A01606,2023-01-31,23899.1,23899.1,0.0,1,0
A01607,2023-01-31,9622.77,9622.77,0.0,1,0
A01608,2023-01-31,8079.65,8079.65,0.0,1,0
A01609,2023-01-31,5871.33,5871.33,0.0,1,0
A01610,2023-01-31,18036.84,18036.84,0.0,1,0
A01611,2023-01-31,21305.17,21305.17,0.0,1,0
A01612,2023-01-31,12863.83,12863.83,0.0,1,0
A01613,2023-01-31,8942.05,8942.05,0.0,1,0
A01614,2023-01-31,40945.19,40945.19,0.0,1,0
A01615,2023-01-31,15259.66,15259.66,0.0,1,0
A01616,2023-01-31,19967.5,19967.5,0.0,1,0
A01617,2023-01-31,10877.93,10877.93,0.0,1,0
A01618,2023-01-31,3980.73,3980.73,0.0,1,0
A01619,2023-01-31,7871.93,7871.93,0.0,1,0
A01620,2023-01-31,14494.76,14494.76,0.0,1,0
A01621,2023-01-31,4727.21,4727.21,0.0,1,0
A01622,2023-01-31,22341.34,22341.34,0.0,1,0
A01623,2023-01-31,14799.22,14799.22,0.0,1,0
A01624,2023-01-31,13601.24,13601.24,0.0,1,0
A01625,2023-01-31,2298.26,2298.26,0.0,1,0
A01626,2023-01-31,14405.85,14405.85,0.0,1,0
A01627,2023-01-31,16820.85,16820.85,0.0,1,0
A01628,2023-01-31,7059.21,7059.21,0.0,1,0
A01629,2023-01-31,10247.5,10247.5,0.0,1,0
A01630,2023-01-31,16587.03,16587.03,0.0,1,0
A01631,2023-01-31,7560.4,7560.4,0.0,1,0
A01632,2023-01-31,10085.61,10085.61,0.0,1,0
A01633,2023-01-31,8461.82,8461.82,0.0,1,0
A01634,2023-01-31,21606.61,21606.61,0.0,1,0
A01635,2023-01-31,30000.27,30000.27,0.0,1,0
A01636,2023-01-31,16891.14,16891.14,0.0,1,0
A01637,2023-01-31,11874.38,11874.38,0.0,1,0
A01638,2023-01-31,23932.7,23932.7,0.0,1,0
A01639,2023-01-31,3858.63,3858.63,0.0,1,0
A01640,2023-01-31,14171.34,14171.34,0.0,1,0
A01641,2023-01-31,31073.82,31073.82,0.0,1,0
A01642,2023-01-31,9107.64,0.0,9107.64,0,1
A01643,2023-01-31,19890.61,19890.61,0.0,1,0
A01644,2023-01-31,25050.22,25050.22,0.0,1,0
A01645,2023-01-31,16444.86,16444.86,0.0,1,0
A01646,2023-01-31,7685.73,7685.73,0.0,1,0
A01647,2023-01-31,10124.85,10124.85,0.0,1,0
A01648,2023-01-31,21822.91,21822.91,0.0,1,0
A01649,2023-01-31,21506.98,21506.98,0.0,1,0
A01650,2023-01-31,15654.54,15654.54,0.0,1,0
A01651,2023-01-31,2839.02,2839.02,0.0,1,0
A01652,2023-01-31,5174.59,5174.59,0.0,1,0
A01653,2023-01-31,13851.42,0.0,13851.42,0,1
A01654,2023-01-31,8800.78,8800.78,0.0,1,0
A01655,2023-01-31,6172.29,6172.29,0.0,1,0
A01656,2023-01-31,6240.52,6240.52,0.0,1,0
A01657,2023-01-31,53442.23,53442.23,0.0,1,0
A01658,2023-01-31,17632.06,17632.06,0.0,1,0
A01659,2023-01-31,21652.16,21652.16,0.0,1,0
A01660,2023-01-31,12392.4,12392.4,0.0,1,0
A01661,2023-01-31,27630.0,27630.0,0.0,1,0
A01662,2023-01-31,20367.67,20367.67,0.0,1,0
A01663,2023-01-31,16549.65,16549.65,0.0,1,0
A01664,2023-01-31,16794.67,16794.67,0.0,1,0
A01665,2023-01-31,8156.88,8156.88,0.0,1,0
A01666,2023-01-31,7763.58,7763.58,0.0,1,0
A01667,2023-01-31,17388.34,17388.34,0.0,1,0
A01668,2023-01-31,25619.09,25619.09,0.0,1,0
A01669,2023-01-31,32143.31,32143.31,0.0,1,0
A01670,2023-01-31,22984.07,22984.07,0.0,1,0
A01671,2023-01-31,34544.64,34544.64,0.0,1,0
A01672,2023-01-31,31070.79,31070.79,0.0,1,0
A01673,2023-01-31,13236.79,13236.79,0.0,1,0
A01674,2023-01-31,39857.21,39857.21,0.0,1,0
A01675,2023-01-31,15085.68,15085.68,0.0,1,0
A01676,2023-01-31,14375.96,14375.96,0.0,1,0
A01677,2023-01-31,21749.46,21749.46,0.0,1,0
A01678,2023-01-31,32096.18,32096.18,0.0,1,0
A01679,2023-01-31,9260.73,9260.73,0.0,1,0
A01680,2023-01-31,15031.47,15031.47,0.0,1,0
A01681,2023-01-31,13148.02,13148.02,0.0,1,0
A01682,2023-01-31,7110.27,7110.27,0.0,1,0
A01683,2023-01-31,9239.29,9239.29,0.0,1,0
A01684,2023-01-31,7385.66,7385.66,0.0,1,0
A01685,2023-01-31,21042.01,21042.01,0.0,1,0
A01686,2023-01-31,12704.28,12704.28,0.0,1,0
A01687,2023-01-31,11248.49,11248.49,0.0,1,0
A01688,2023-01-31,19456.14,19456.14,0.0,1,0
A01689,2023-01-31,19804.1,19804.1,0.0,1,0
A01690,2023-01-31,31085.91,31085.91,0.0,1,0
A01691,2023-01-31,2699.88,2699.88,0.0,1,0
A01692,2023-01-31,27171.55,27171.55,0.0,1,0
A01693,2023-01-31,6779.21,6779.21,0.0,1,0
A01694,2023-01-31,18523.04,18523.04,0.0,1,0
A01695,2023-01-31,6359.25,6359.25,0.0,1,0
A01696,2023-01-31,22794.97,22794.97,0.0,1,0
A01697,2023-01-31,9792.15,9792.15,0.0,1,0
A01698,2023-01-31,20576.35,20576.35,0.0,1,0
A01699,2023-01-31,8638.2,8638.2,0.0,1,0
A01700,2023-01-31,3591.07,3591.07,0.0,1,0
A01701,2023-01-31,8853.41,8853.41,0.0,1,0
A01702,2023-01-31,19817.77,19817.77,0.0,1,0
A01703,2023-01-31,12484.06,12484.06,0.0,1,0
A01704,2023-01-31,24563.26,24563.26,0.0,1,0
A01705,2023-01-31,13777.28,13777.28,0.0,1,0
A01706,2023-01-31,17901.55,17901.55,0.0,1,0
A01707,2023-01-31,4270.08,4270.08,0.0,1,0
A01708,2023-01-31,19872.19,19872.19,0.0,1,0
A01709,2023-01-31,26378.42,26378.42,0.0,1,0
A01710,2023-01-31,2671.71,2671.71,0.0,1,0
A01711,2023-01-31,5352.56,5352.56,0.0,1,0
A01712,2023-01-31,43790.46,43790.46,0.0,1,0
A01713,2023-01-31,17407.79,17407.79,0.0,1,0
A01714,2023-01-31,12663.53,12663.53,0.0,1,0
A01715,2023-01-31,11490.42,11490.42,0.0,1,0
A01716,2023-01-31,1167.55,1167.55,0.0,1,0
A01717,2023-01-31,22555.24,22555.24,0.0,1,0
A01718,2023-01-31,12108.14,12108.14,0.0,1,0
A01719,2023-01-31,15629.12,15629.12,0.0,1,0
A01720,2023-01-31,26574.31,26574.31,0.0,1,0
A01721,2023-01-31,13689.6,13689.6,0.0,1,0
A01722,2023-01-31,29861.68,29861.68,0.0,1,0
A01723,2023-01-31,3682.32,3682.32,0.0,1,0
A01724,2023-01-31,19053.43,19053.43,0.0,1,0
A01725,2023-01-31,10034.29,10034.29,0.0,1,0
A01726,2023-01-31,19590.13,19590.13,0.0,1,0
A01727,2023-01-31,12515.6,12515.6,0.0,1,0
A01728,2023-01-31,31207.94,31207.94,0.0,1,0
A01729,2023-01-31,23542.35,23542.35,0.0,1,0
A01730,2023-01-31,10308.86,10308.86,0.0,1,0
A01731,2023-01-31,9676.3,9676.3,0.0,1,0
A01732,2023-01-31,18878.21,18878.21,0.0,1,0
A01733,2023-01-31,13150.7,13150.7,0.0,1,0
A01734,2023-01-31,17086.7,17086.7,0.0,1,0
A01735,2023-01-31,21353.34,21353.34,0.0,1,0
A01736,2023-01-31,27018.4,27018.4,0.0,1,0
A01737,2023-01-31,11802.64,11802.64,0.0,1,0
A01738,2023-01-31,7669.37,7669.37,0.0,1,0
A01739,2023-01-31,31451.39,0.0,31451.39,0,1
A01740,2023-01-31,26544.42,26544.42,0.0,1,0
A01741,2023-01-31,19818.12,19818.12,0.0,1,0
A01742,2023-01-31,22294.34,22294.34,0.0,1,0
A01743,2023-01-31,14304.71,14304.71,0.0,1,0
A01744,2023-01-31,21832.67,0.0,21832.67,0,1
A01745,2023-01-31,34878.51,34878.51,0.0,1,0
A01746,2023-01-31,6910.87,6910.87,0.0,1,0
A01747,2023-01-31,8329.14,8329.14,0.0,1,0
A01748,2023-01-31,23622.95,23622.95,0.0,1,0
A01749,2023-01-31,2113.5,2113.5,0.0,1,0
A01750,2023-01-31,36212.27,36212.27,0.0,1,0
A01751,2023-01-31,40872.42,40872.42,0.0,1,0
A01752,2023-01-31,7720.84,7720.84,0.0,1,0
A01753,2023-01-31,7812.77,7812.77,0.0,1,0
A01754,2023-01-31,1047.71,1047.71,0.0,1,0
A01755,2023-01-31,7665.32,7665.32,0.0,1,0
A01756,2023-01-31,14921.46,14921.46,0.0,1,0
A01757,2023-01-31,3393.18,3393.18,0.0,1,0
A01758,2023-01-31,28356.21,28356.21,0.0,1,0
A01759,2023-01-31,27039.63,27039.63,0.0,1,0
A01760,2023-01-31,17597.7,17597.7,0.0,1,0
A01761,2023-01-31,9935.0,9935.0,0.0,1,0
A01762,2023-01-31,8931.74,8931.74,0.0,1,0
A01763,2023-01-31,22808.37,0.0,22808.37,0,1
A01764,2023-01-31,32415.2,32415.2,0.0,1,0
A01765,2023-01-31,9877.55,9877.55,0.0,1,0
A01766,2023-01-31,33036.56,33036.56,0.0,1,0
A01767,2023-01-31,20091.45,20091.45,0.0,1,0
A01768,2023-01-31,33615.11,33615.11,0.0,1,0
A01769,2023-01-31,11797.29,11797.29,0.0,1,0
A01770,2023-01-31,5437.35,5437.35,0.0,1,0
A01771,2023-01-31,33637.93,33637.93,0.0,1,0
A01772,2023-01-31,9248.09,9248.09,0.0,1,0
A01773,2023-01-31,28795.89,28795.89,0.0,1,0
A01774,2023-01-31,2137.96,2137.96,0.0,1,0
A01775,2023-01-31,15523.03,15523.03,0.0,1,0
A01776,2023-01-31,20237.46,20237.46,0.0,1,0
A01777,2023-01-31,17438.36,17438.36,0.0,1,0
A01778,2023-01-31,17682.43,17682.43,0.0,1,0
A01779,2023-01-31,14015.91,14015.91,0.0,1,0
A01780,2023-01-31,13201.47,13201.47,0.0,1,0
A01781,2023-01-31,18966.3,18966.3,0.0,1,0
A01782,2023-01-31,31786.22,31786.22,0.0,1,0
A01783,2023-01-31,9210.23,0.0,9210.23,0,1
A01784,2023-01-31,23498.44,23498.44,0.0,1,0
A01785,2023-01-31,5587.35,5587.35,0.0,1,0
A01786,2023-01-31,21268.41,21268.41,0.0,1,0
A01787,2023-01-31,10651.38,10651.38,0.0,1,0
A01788,2023-01-31,8102.53,8102.53,0.0,1,0
A01789,2023-01-31,18695.03,18695.03,0.0,1,0
A01790,2023-01-31,35111.1,35111.1,0.0,1,0
A01791,2023-01-31,7186.19,7186.19,0.0,1,0
A01792,2023-01-31,6057.88,6057.88,0.0,1,0
A01793,2023-01-31,15393.71,15393.71,0.0,1,0
A01794,2023-01-31,8372.57,8372.57,0.0,1,0
A01795,2023-01-31,15760.22,15760.22,0.0,1,0
A01796,2023-01-31,11690.44,11690.44,0.0,1,0
A01797,2023-01-31,6126.94,6126.94,0.0,1,0
A01798,2023-01-31,9312.2,9312.2,0.0,1,0
A01799,2023-01-31,29033.29,29033.29,0.0,1,0
A01800,2023-01-31,12718.57,12718.57,0.0,1,0
A01801,2023-01-31,14950.11,14950.11,0.0,1,0
A01802,2023-01-31,8110.36,8110.36,0.0,1,0
A01803,2023-01-31,18608.24,18608.24,0.0,1,0
A01804,2023-01-31,24185.9,24185.9,0.0,1,0
A01805,2023-01-31,16636.09,16636.09,0.0,1,0
A01806,2023-01-31,12294.41,12294.41,0.0,1,0
A01807,2023-01-31,27008.64,0.0,27008.64,0,1
A01808,2023-01-31,15322.46,15322.46,0.0,1,0
A01809,2023-01-31,31297.82,31297.82,0.0,1,0
A01810,2023-01-31,22119.47,22119.47,0.0,1,0
A01811,2023-01-31,12077.08,12077.08,0.0,1,0
A01812,2023-01-31,4413.07,4413.07,0.0,1,0
A01813,2023-01-31,22515.18,22515.18,0.0,1,0
A01814,2023-01-31,31419.3,31419.3,0.0,1,0
A01815,2023-01-31,6987.62,6987.62,0.0,1,0
A01816,2023-01-31,14300.45,14300.45,0.0,1,0
A01817,2023-01-31,22347.25,22347.25,0.0,1,0
A01818,2023-01-31,12149.78,12149.78,0.0,1,0
A01819,2023-01-31,15479.05,15479.05,0.0,1,0
A01820,2023-01-31,39267.39,39267.39,0.0,1,0
A01821,2023-01-31,18424.1,18424.1,0.0,1,0
A01822,2023-01-31,8374.28,8374.28,0.0,1,0
A01823,2023-01-31,15305.14,15305.14,0.0,1,0
A01824,2023-01-31,15486.41,15486.41,0.0,1,0
A01825,2023-01-31,7082.03,7082.03,0.0,1,0
A01826,2023-01-31,48909.81,48909.81,0.0,1,0
A01827,2023-01-31,1653.27,1653.27,0.0,1,0
A01828,2023-01-31,4467.55,4467.55,0.0,1,0
A01829,2023-01-31,6939.04,6939.04,0.0,1,0
A01830,2023-01-31,4505.89,4505.89,0.0,1,0
A01831,2023-01-31,3165.88,3165.88,0.0,1,0
A01832,2023-01-31,39319.13,39319.13,0.0,1,0
A01833,2023-01-31,23283.03,23283.03,0.0,1,0
A01834,2023-01-31,27798.68,27798.68,0.0,1,0
A01835,2023-01-31,11567.1,11567.1,0.0,1,0
A01836,2023-01-31,32362.36,32362.36,0.0,1,0
A01837,2023-01-31,22522.6,22522.6,0.0,1,0
A01838,2023-01-31,11197.3,11197.3,0.0,1,0
A01839,2023-01-31,20936.53,20936.53,0.0,1,0
A01840,2023-01-31,4980.07,4980.07,0.0,1,0
A01841,2023-01-31,18834.17,18834.17,0.0,1,0
A01842,2023-01-31,13405.55,13405.55,0.0,1,0
A01843,2023-01-31,39023.26,39023.26,0.0,1,0
A01844,2023-01-31,29173.19,29173.19,0.0,1,0
A01845,2023-01-31,4898.37,4898.37,0.0,1,0
A01846,2023-01-31,7561.77,7561.77,0.0,1,0
A01847,2023-01-31,50262.54,50262.54,0.0,1,0
A01848,2023-01-31,11528.14,11528.14,0.0,1,0
A01849,2023-01-31,4792.35,4792.35,0.0,1,0
A01850,2023-01-31,24038.03,24038.03,0.0,1,0
A01851,2023-01-31,35443.66,35443.66,0.0,1,0
A01852,2023-01-31,13009.77,13009.77,0.0,1,0
A01853,2023-01-31,20453.77,20453.77,0.0,1,0
A01854,2023-01-31,14391.69,14391.69,0.0,1,0
A01855,2023-01-31,24250.35,24250.35,0.0,1,0
A01856,2023-01-31,8346.87,8346.87,0.0,1,0
A01857,2023-01-31,17862.18,17862.18,0.0,1,0
A01858,2023-01-31,28678.4,28678.4,0.0,1,0
A01859,2023-01-31,11221.07,11221.07,0.0,1,0
A01860,2023-01-31,27307.53,27307.53,0.0,1,0
A01861,2023-01-31,23461.06,23461.06,0.0,1,0
A01862,2023-01-31,6007.58,6007.58,0.0,1,0
A01863,2023-01-31,8582.2,8582.2,0.0,1,0
A01864,2023-01-31,25415.91,25415.91,0.0,1,0
A01865,2023-01-31,8504.77,8504.77,0.0,1,0
A01866,2023-01-31,1715.31,1715.31,0.0,1,0
A01867,2023-01-31,16904.47,16904.47,0.0,1,0
A01868,2023-01-31,16043.24,16043.24,0.0,1,0
A01869,2023-01-31,24532.07,24532.07,0.0,1,0
A01870,2023-01-31,33748.28,33748.28,0.0,1,0
A01871,2023-01-31,16115.12,0.0,16115.12,0,1
A01872,2023-01-31,19170.99,19170.99,0.0,1,0
A01873,2023-01-31,4572.75,4572.75,0.0,1,0
A01874,2023-01-31,11746.71,11746.71,0.0,1,0
A01875,2023-01-31,58740.58,58740.58,0.0,1,0
A01876,2023-01-31,21984.73,21984.73,0.0,1,0
A01877,2023-01-31,34608.96,34608.96,0.0,1,0
A01878,2023-01-31,11672.09,11672.09,0.0,1,0
A01879,2023-01-31,10381.14,10381.14,0.0,1,0
A01880,2023-01-31,10163.6,10163.6,0.0,1,0
A01881,2023-01-31,28111.8,28111.8,0.0,1,0
A01882,2023-01-31,13351.2,13351.2,0.0,1,0
A01883,2023-01-31,4439.24,4439.24,0.0,1,0
A01884,2023-01-31,14216.34,14216.34,0.0,1,0
A01885,2023-01-31,10572.02,10572.02,0.0,1,0
A01886,2023-01-31,29244.58,29244.58,0.0,1,0
A01887,2023-01-31,48397.98,48397.98,0.0,1,0
A01888,2023-01-31,4565.95,4565.95,0.0,1,0
A01889,2023-01-31,22475.4,22475.4,0.0,1,0
A01890,2023-01-31,31974.49,31974.49,0.0,1,0
A01891,2023-01-31,25430.27,25430.27,0.0,1,0
A01892,2023-01-31,10471.91,10471.91,0.0,1,0
A01893,2023-01-31,12386.69,12386.69,0.0,1,0
A01894,2023-01-31,15715.35,15715.35,0.0,1,0
A01895,2023-01-31,9167.9,9167.9,0.0,1,0
A01896,2023-01-31,17998.7,17998.7,0.0,1,0
A01897,2023-01-31,36117.24,36117.24,0.0,1,0
A01898,2023-01-31,22271.39,22271.39,0.0,1,0
A01899,2023-01-31,3534.73,3534.73,0.0,1,0
A01900,2023-01-31,14433.33,14433.33,0.0,1,0
A01901,2023-01-31,45281.23,45281.23,0.0,1,0
A01902,2023-01-31,8299.46,8299.46,0.0,1,0
A01903,2023-01-31,25384.3,25384.3,0.0,1,0
A01904,2023-01-31,6039.05,6039.05,0.0,1,0
A01905,2023-01-31,22136.86,22136.86,0.0,1,0
A01906,2023-01-31,12395.21,12395.21,0.0,1,0
A01907,2023-01-31,39089.63,39089.63,0.0,1,0
A01908,2023-01-31,38931.6,38931.6,0.0,1,0
A01909,2023-01-31,4719.52,4719.52,0.0,1,0
A01910,2023-01-31,14133.75,14133.75,0.0,1,0
A01911,2023-01-31,11487.53,11487.53,0.0,1,0
A01912,2023-01-31,24924.21,24924.21,0.0,1,0
A01913,2023-01-31,60840.74,0.0,60840.74,0,1
A01914,2023-01-31,13537.95,13537.95,0.0,1,0
A01915,2023-01-31,36381.78,36381.78,0.0,1,0
A01916,2023-01-31,12837.03,12837.03,0.0,1,0
A01917,2023-01-31,17284.79,17284.79,0.0,1,0
A01918,2023-01-31,13714.34,13714.34,0.0,1,0
A01919,2023-01-31,25037.03,25037.03,0.0,1,0
A01920,2023-01-31,40697.14,40697.14,0.0,1,0
A01921,2023-01-31,28549.56,28549.56,0.0,1,0
A01922,2023-01-31,12156.99,12156.99,0.0,1,0
A01923,2023-01-31,5959.9,5959.9,0.0,1,0
A01924,2023-01-31,9134.78,9134.78,0.0,1,0
A01925,2023-01-31,34399.32,34399.32,0.0,1,0
A01926,2023-01-31,17712.93,17712.93,0.0,1,0
A01927,2023-01-31,18963.07,18963.07,0.0,1,0
A01928,2023-01-31,27472.72,27472.72,0.0,1,0
A01929,2023-01-31,15971.92,15971.92,0.0,1,0
A01930,2023-01-31,29877.07,29877.07,0.0,1,0
A01931,2023-01-31,13816.17,13816.17,0.0,1,0
A01932,2023-01-31,11727.96,11727.96,0.0,1,0
A01933,2023-01-31,6608.19,6608.19,0.0,1,0
A01934,2023-01-31,2182.07,2182.07,0.0,1,0
A01935,2023-01-31,17992.66,17992.66,0.0,1,0
A01936,2023-01-31,26308.61,26308.61,0.0,1,0
A01937,2023-01-31,26184.31,26184.31,0.0,1,0
A01938,2023-01-31,35271.4,35271.4,0.0,1,0
A01939,2023-01-31,15165.66,15165.66,0.0,1,0
A01940,2023-01-31,34933.41,34933.41,0.0,1,0
A01941,2023-01-31,16548.89,16548.89,0.0,1,0
A01942,2023-01-31,6517.49,6517.49,0.0,1,0
A01943,2023-01-31,21782.65,21782.65,0.0,1,0
A01944,2023-01-31,6877.75,6877.75,0.0,1,0
A01945,2023-01-31,15153.91,15153.91,0.0,1,0
A01946,2023-01-31,31282.91,31282.91,0.0,1,0
A01947,2023-01-31,1331.35,1331.35,0.0,1,0
A01948,2023-01-31,17152.87,17152.87,0.0,1,0
A01949,2023-01-31,9352.53,0.0,9352.53,0,1
A01950,2023-01-31,31394.98,31394.98,0.0,1,0
A01951,2023-01-31,43083.42,43083.42,0.0,1,0
A01952,2023-01-31,13063.36,13063.36,0.0,1,0
A01953,2023-01-31,24174.43,24174.43,0.0,1,0
A01954,2023-01-31,4779.85,4779.85,0.0,1,0
A01955,2023-01-31,19569.45,19569.45,0.0,1,0
A01956,2023-01-31,7412.12,7412.12,0.0,1,0
A01957,2023-01-31,8199.41,8199.41,0.0,1,0
A01958,2023-01-31,14403.86,14403.86,0.0,1,0
A01959,2023-01-31,8285.58,8285.58,0.0,1,0
A01960,2023-01-31,20136.87,20136.87,0.0,1,0
A01961,2023-01-31,16017.68,16017.68,0.0,1,0
A01962,2023-01-31,9868.83,9868.83,0.0,1,0
A01963,2023-01-31,9276.81,9276.81,0.0,1,0
A01964,2023-01-31,22435.61,22435.61,0.0,1,0
A01965,2023-01-31,26050.8,26050.8,0.0,1,0
A01966,2023-01-31,17126.07,17126.07,0.0,1,0
A01967,2023-01-31,24697.25,24697.25,0.0,1,0
A01968,2023-01-31,6734.96,6734.96,0.0,1,0
A01969,2023-01-31,7616.53,7616.53,0.0,1,0
A01970,2023-01-31,10168.55,10168.55,0.0,1,0
A01971,2023-01-31,6266.7,6266.7,0.0,1,0
A01972,2023-01-31,1510.0,1510.0,0.0,1,0
A01973,2023-01-31,13335.46,13335.46,0.0,1,0
A01974,2023-01-31,8840.15,8840.15,0.0,1,0
A01975,2023-01-31,11728.92,11728.92,0.0,1,0
A01976,2023-01-31,8134.62,8134.62,0.0,1,0
A01977,2023-01-31,11286.28,11286.28,0.0,1,0
A01978,2023-01-31,15921.21,15921.21,0.0,1,0
A01979,2023-01-31,23938.61,23938.61,0.0,1,0
A01980,2023-01-31,33422.72,33422.72,0.0,1,0
A01981,2023-01-31,12881.9,12881.9,0.0,1,0
A01982,2023-01-31,8709.87,8709.87,0.0,1,0
A01983,2023-01-31,3516.38,3516.38,0.0,1,0
A01984,2023-01-31,52863.89,52863.89,0.0,1,0
A01985,2023-01-31,25693.57,25693.57,0.0,1,0
A01986,2023-01-31,17625.12,17625.12,0.0,1,0
A01987,2023-01-31,5087.33,5087.33,0.0,1,0
A01988,2023-01-31,1820.31,1820.31,0.0,1,0
A01989,2023-01-31,3380.95,3380.95,0.0,1,0
A01990,2023-01-31,10457.89,10457.89,0.0,1,0
A01991,2023-01-31,9047.66,9047.66,0.0,1,0
A01992,2023-01-31,8509.51,8509.51,0.0,1,0
A01993,2023-01-31,9536.26,9536.26,0.0,1,0
A01994,2023-01-31,28464.5,28464.5,0.0,1,0
A01995,2023-01-31,5049.75,5049.75,0.0,1,0
A01996,2023-01-31,6484.92,6484.92,0.0,1,0
A01997,2023-01-31,6685.9,6685.9,0.0,1,0
A01998,2023-01-31,10236.57,10236.57,0.0,1,0
A01999,2023-01-31,3472.2,3472.2,0.0,1,0
A02000,2023-01-31,21387.21,21387.21,0.0,1,0
A02001,2023-01-31,8632.43,8632.43,0.0,1,0
A02002,2023-01-31,13509.85,13509.85,0.0,1,0
A02003,2023-01-31,15354.69,15354.69,0.0,1,0
A02004,2023-01-31,11629.84,11629.84,0.0,1,0
A02005,2023-01-31,25990.61,25990.61,0.0,1,0
A02006,2023-01-31,32812.01,32812.01,0.0,1,0
A02007,2023-01-31,5507.43,5507.43,0.0,1,0
A02008,2023-01-31,8305.43,8305.43,0.0,1,0
A02009,2023-01-31,7030.97,7030.97,0.0,1,0
A02010,2023-01-31,4419.18,4419.18,0.0,1,0
A02011,2023-01-31,23322.95,23322.95,0.0,1,0
A02012,2023-01-31,20104.16,20104.16,0.0,1,0
A02013,2023-01-31,8518.85,8518.85,0.0,1,0
A02014,2023-01-31,8254.73,8254.73,0.0,1,0
A02015,2023-01-31,17281.01,17281.01,0.0,1,0
A02016,2023-01-31,12234.84,12234.84,0.0,1,0
A02017,2023-01-31,17517.17,17517.17,0.0,1,0
A02018,2023-01-31,9624.7,9624.7,0.0,1,0
A02019,2023-01-31,16316.23,16316.23,0.0,1,0
A02020,2023-01-31,26840.98,26840.98,0.0,1,0
A02021,2023-01-31,13567.77,13567.77,0.0,1,0
A02022,2023-01-31,38363.9,38363.9,0.0,1,0
A02023,2023-01-31,17782.06,17782.06,0.0,1,0
A02024,2023-01-31,2130.4,2130.4,0.0,1,0
A02025,2023-01-31,12749.21,0.0,12749.21,0,1
A02026,2023-01-31,22181.59,22181.59,0.0,1,0
A02027,2023-01-31,19197.45,19197.45,0.0,1,0
A02028,2023-01-31,21919.73,21919.73,0.0,1,0
A02029,2023-01-31,15939.42,15939.42,0.0,1,0
A02030,2023-01-31,37103.05,37103.05,0.0,1,0
A02031,2023-01-31,23859.25,23859.25,0.0,1,0
A02032,2023-01-31,15044.04,15044.04,0.0,1,0
A02033,2023-01-31,17822.94,17822.94,0.0,1,0
A02034,2023-01-31,49913.35,49913.35,0.0,1,0
A02035,2023-01-31,35085.4,35085.4,0.0,1,0
A02036,2023-01-31,12493.06,12493.06,0.0,1,0
A02037,2023-01-31,18114.35,18114.35,0.0,1,0
A02038,2023-01-31,36879.94,36879.94,0.0,1,0
A02039,2023-01-31,6464.17,6464.17,0.0,1,0
A02040,2023-01-31,10654.61,10654.61,0.0,1,0
A02041,2023-01-31,28011.76,28011.76,0.0,1,0
A02042,2023-01-31,8022.82,8022.82,0.0,1,0
A02043,2023-01-31,12394.46,12394.46,0.0,1,0
A02044,2023-01-31,17404.42,17404.42,0.0,1,0
A02045,2023-01-31,25431.64,25431.64,0.0,1,0
A02046,2023-01-31,5001.03,5001.03,0.0,1,0
A02047,2023-01-31,26622.34,26622.34,0.0,1,0
A02048,2023-01-31,16299.81,16299.81,0.0,1,0
A02049,2023-01-31,17091.09,17091.09,0.0,1,0
A02050,2023-01-31,3619.65,3619.65,0.0,1,0
A02051,2023-01-31,14334.32,14334.32,0.0,1,0
A02052,2023-01-31,5679.97,5679.97,0.0,1,0
A02053,2023-01-31,39201.43,39201.43,0.0,1,0
A02054,2023-01-31,11681.57,11681.57,0.0,1,0
A02055,2023-01-31,33766.42,33766.42,0.0,1,0
A02056,2023-01-31,16791.86,16791.86,0.0,1,0
A02057,2023-01-31,34122.82,34122.82,0.0,1,0
A02058,2023-01-31,2472.31,2472.31,0.0,1,0
A02059,2023-01-31,7628.21,7628.21,0.0,1,0
A02060,2023-01-31,32518.13,32518.13,0.0,1,0
A02061,2023-01-31,44389.28,44389.28,0.0,1,0
A02062,2023-01-31,12922.23,12922.23,0.0,1,0
A02063,2023-01-31,9773.32,9773.32,0.0,1,0
A02064,2023-01-31,4684.34,4684.34,0.0,1,0
A02065,2023-01-31,3135.37,3135.37,0.0,1,0
A02066,2023-01-31,2867.47,2867.47,0.0,1,0
A02067,2023-01-31,15236.23,15236.23,0.0,1,0
A02068,2023-01-31,14564.71,14564.71,0.0,1,0
A02069,2023-01-31,5649.53,5649.53,0.0,1,0
A02070,2023-01-31,8654.83,8654.83,0.0,1,0
A02071,2023-01-31,11873.14,11873.14,0.0,1,0
A02072,2023-01-31,2318.26,2318.26,0.0,1,0
A02073,2023-01-31,17400.43,17400.43,0.0,1,0
A02074,2023-01-31,18979.7,18979.7,0.0,1,0
A02075,2023-01-31,22320.38,22320.38,0.0,1,0
A02076,2023-01-31,20943.27,20943.27,0.0,1,0
A02077,2023-01-31,13574.65,13574.65,0.0,1,0
A02078,2023-01-31,38924.73,38924.73,0.0,1,0
A02079,2023-01-31,10123.34,10123.34,0.0,1,0
A02080,2023-01-31,20655.92,20655.92,0.0,1,0
A02081,2023-01-31,5360.32,5360.32,0.0,1,0
A02082,2023-01-31,5469.71,5469.71,0.0,1,0
A02083,2023-01-31,19571.17,19571.17,0.0,1,0
A02084,2023-01-31,6820.03,6820.03,0.0,1,0
A02085,2023-01-31,19412.72,19412.72,0.0,1,0
A02086,2023-01-31,20162.22,20162.22,0.0,1,0
A02087,2023-01-31,41568.81,41568.81,0.0,1,0
A02088,2023-01-31,5037.65,5037.65,0.0,1,0
A02089,2023-01-31,4321.06,4321.06,0.0,1,0
A02090,2023-01-31,15820.96,15820.96,0.0,1,0
A02091,2023-01-31,31892.24,31892.24,0.0,1,0
A02092,2023-01-31,15270.51,15270.51,0.0,1,0
A02093,2023-01-31,71180.11,71180.11,0.0,1,0
A02094,2023-01-31,19126.88,19126.88,0.0,1,0
A02095,2023-01-31,18165.61,18165.61,0.0,1,0
A02096,2023-01-31,11806.35,11806.35,0.0,1,0
A02097,2023-01-31,21234.26,21234.26,0.0,1,0
A02098,2023-01-31,31208.35,31208.35,0.0,1,0
A02099,2023-01-31,16843.73,16843.73,0.0,1,0
A02100,2023-01-31,29228.16,29228.16,0.0,1,0
A02101,2023-01-31,16708.65,16708.65,0.0,1,0
A02102,2023-01-31,4686.88,4686.88,0.0,1,0
A02103,2023-01-31,3809.37,3809.37,0.0,1,0
A02104,2023-01-31,24196.62,24196.62,0.0,1,0
A02105,2023-01-31,17179.53,17179.53,0.0,1,0
A02106,2023-01-31,30488.81,30488.81,0.0,1,0
A02107,2023-01-31,24798.81,24798.81,0.0,1,0
A02108,2023-01-31,3786.28,3786.28,0.0,1,0
A02109,2023-01-31,10431.64,10431.64,0.0,1,0
A02110,2023-01-31,7021.9,7021.9,0.0,1,0
A02111,2023-01-31,14795.51,14795.51,0.0,1,0
A02112,2023-01-31,13804.97,13804.97,0.0,1,0
A02113,2023-01-31,3415.03,3415.03,0.0,1,0
A02114,2023-01-31,9647.65,9647.65,0.0,1,0
A02115,2023-01-31,9680.35,9680.35,0.0,1,0
A02116,2023-01-31,20257.53,20257.53,0.0,1,0
A02117,2023-01-31,14285.81,14285.81,0.0,1,0
A02118,2023-01-31,8551.63,8551.63,0.0,1,0
A02119,2023-01-31,7475.13,7475.13,0.0,1,0
A02120,2023-01-31,3335.53,3335.53,0.0,1,0
A02121,2023-01-31,24138.97,24138.97,0.0,1,0
A02122,2023-01-31,24581.4,24581.4,0.0,1,0
A02123,2023-01-31,32387.58,32387.58,0.0,1,0
A02124,2023-01-31,9215.59,9215.59,0.0,1,0
A02125,2023-01-31,38882.33,38882.33,0.0,1,0
A02126,2023-01-31,24422.54,24422.54,0.0,1,0
A02127,2023-01-31,26548.48,26548.48,0.0,1,0
A02128,2023-01-31,11229.18,11229.18,0.0,1,0
A02129,2023-01-31,10642.45,0.0,10642.45,0,1
A02130,2023-01-31,22410.4,22410.4,0.0,1,0
A02131,2023-01-31,33134.89,33134.89,0.0,1,0
A02132,2023-01-31,38981.28,38981.28,0.0,1,0
A02133,2023-01-31,35485.51,35485.51,0.0,1,0
A02134,2023-01-31,19940.77,19940.77,0.0,1,0
A02135,2023-01-31,5354.14,5354.14,0.0,1,0
A02136,2023-01-31,660.11,660.11,0.0,1,0
A02137,2023-01-31,25744.62,25744.62,0.0,1,0
A02138,2023-01-31,7438.71,0.0,7438.71,0,1
A02139,2023-01-31,47634.94,47634.94,0.0,1,0
A02140,2023-01-31,34661.45,34661.45,0.0,1,0
A02141,2023-01-31,15208.33,15208.33,0.0,1,0
A02142,2023-01-31,16412.64,16412.64,0.0,1,0
A02143,2023-01-31,22716.99,22716.99,0.0,1,0
A02144,2023-01-31,16036.51,16036.51,0.0,1,0
A02145,2023-01-31,23731.58,23731.58,0.0,1,0
A02146,2023-01-31,14991.41,14991.41,0.0,1,0
A02147,2023-01-31,10571.82,10571.82,0.0,1,0
A02148,2023-01-31,7477.32,7477.32,0.0,1,0
A02149,2023-01-31,11044.41,11044.41,0.0,1,0
A02150,2023-01-31,17482.41,17482.41,0.0,1,0
A02151,2023-01-31,6960.2,6960.2,0.0,1,0
A02152,2023-01-31,28207.59,28207.59,0.0,1,0
A02153,2023-01-31,17570.98,17570.98,0.0,1,0
A02154,2023-01-31,12701.6,12701.6,0.0,1,0
A02155,2023-01-31,6696.35,6696.35,0.0,1,0
A02156,2023-01-31,30009.82,30009.82,0.0,1,0
A02157,2023-01-31,37827.54,37827.54,0.0,1,0
A02158,2023-01-31,1433.53,1433.53,0.0,1,0
A02159,2023-01-31,16595.96,16595.96,0.0,1,0
A02160,2023-01-31,33598.21,33598.21,0.0,1,0
A02161,2023-01-31,22888.63,22888.63,0.0,1,0
A02162,2023-01-31,3840.9,3840.9,0.0,1,0
A02163,2023-01-31,12121.19,12121.19,0.0,1,0
A02164,2023-01-31,6043.04,6043.04,0.0,1,0
A02165,2023-01-31,6875.0,6875.0,0.0,1,0
A02166,2023-01-31,15522.75,15522.75,0.0,1,0
A02167,2023-01-31,21048.6,21048.6,0.0,1,0
A02168,2023-01-31,9551.72,9551.72,0.0,1,0
A02169,2023-01-31,14469.2,14469.2,0.0,1,0
A02170,2023-01-31,21022.08,21022.08,0.0,1,0
A02171,2023-01-31,3951.12,0.0,3951.12,0,1
A02172,2023-01-31,6802.92,6802.92,0.0,1,0
A02173,2023-01-31,7836.2,7836.2,0.0,1,0
A02174,2023-01-31,11210.15,11210.15,0.0,1,0
A02175,2023-01-31,12308.84,12308.84,0.0,1,0
A02176,2023-01-31,15812.3,15812.3,0.0,1,0
A02177,2023-01-31,9582.78,9582.78,0.0,1,0
A02178,2023-01-31,22092.19,22092.19,0.0,1,0
A02179,2023-01-31,10229.36,10229.36,0.0,1,0
A02180,2023-01-31,5389.04,5389.04,0.0,1,0
A02181,2023-01-31,8699.01,8699.01,0.0,1,0
A02182,2023-01-31,6016.38,6016.38,0.0,1,0
A02183,2023-01-31,1886.41,1886.41,0.0,1,0
A02184,2023-01-31,44381.59,44381.59,0.0,1,0
A02185,2023-01-31,1857.96,1857.96,0.0,1,0
A02186,2023-01-31,10733.49,10733.49,0.0,1,0
A02187,2023-01-31,14290.28,14290.28,0.0,1,0
A02188,2023-01-31,13906.04,13906.04,0.0,1,0
A02189,2023-01-31,1628.39,1628.39,0.0,1,0
A02190,2023-01-31,15441.67,15441.67,0.0,1,0
A02191,2023-01-31,29934.92,29934.92,0.0,1,0
A02192,2023-01-31,3917.31,3917.31,0.0,1,0
A02193,2023-01-31,15182.63,15182.63,0.0,1,0
A02194,2023-01-31,15435.97,15435.97,0.0,1,0
A02195,2023-01-31,12878.87,12878.87,0.0,1,0
A02196,2023-01-31,48503.04,48503.04,0.0,1,0
A02197,2023-01-31,12608.91,12608.91,0.0,1,0
A02198,2023-01-31,8960.26,8960.26,0.0,1,0
A02199,2023-01-31,2933.43,2933.43,0.0,1,0
A02200,2023-01-31,32901.68,32901.68,0.0,1,0
A02201,2023-01-31,5931.8,5931.8,0.0,1,0
A02202,2023-01-31,16921.17,16921.17,0.0,1,0
A02203,2023-01-31,35342.31,35342.31,0.0,1,0
A02204,2023-01-31,19824.99,19824.99,0.0,1,0
A02205,2023-01-31,3644.46,3644.46,0.0,1,0
A02206,2023-01-31,22901.0,22901.0,0.0,1,0
A02207,2023-01-31,8485.05,8485.05,0.0,1,0
A02208,2023-01-31,21661.99,21661.99,0.0,1,0
A02209,2023-01-31,44146.18,44146.18,0.0,1,0
A02210,2023-01-31,20357.3,20357.3,0.0,1,0
A02211,2023-01-31,13670.09,13670.09,0.0,1,0
A02212,2023-01-31,981.68,981.68,0.0,1,0
A02213,2023-01-31,7640.99,7640.99,0.0,1,0
A02214,2023-01-31,5655.92,5655.92,0.0,1,0
A02215,2023-01-31,20133.98,20133.98,0.0,1,0
A02216,2023-01-31,33944.17,33944.17,0.0,1,0
A02217,2023-01-31,18700.66,18700.66,0.0,1,0
A02218,2023-01-31,15261.51,15261.51,0.0,1,0
A02219,2023-01-31,15119.07,15119.07,0.0,1,0
A02220,2023-01-31,13253.42,13253.42,0.0,1,0
A02221,2023-01-31,31439.29,31439.29,0.0,1,0
A02222,2023-01-31,23987.26,23987.26,0.0,1,0
A02223,2023-01-31,37662.98,37662.98,0.0,1,0
A02224,2023-01-31,35246.67,35246.67,0.0,1,0
A02225,2023-01-31,53543.58,53543.58,0.0,1,0
A02226,2023-01-31,27094.05,27094.05,0.0,1,0
A02227,2023-01-31,24403.99,24403.99,0.0,1,0
A02228,2023-01-31,13842.14,13842.14,0.0,1,0
A02229,2023-01-31,15633.72,15633.72,0.0,1,0
A02230,2023-01-31,29143.51,29143.51,0.0,1,0
A02231,2023-01-31,11398.55,11398.55,0.0,1,0
A02232,2023-01-31,32349.86,32349.86,0.0,1,0
A02233,2023-01-31,13730.9,13730.9,0.0,1,0
A02234,2023-01-31,16302.77,16302.77,0.0,1,0
A02235,2023-01-31,42089.03,42089.03,0.0,1,0
A02236,2023-01-31,24816.74,24816.74,0.0,1,0
A02237,2023-01-31,16695.73,16695.73,0.0,1,0
A02238,2023-01-31,49517.84,49517.84,0.0,1,0
A02239,2023-01-31,9581.41,9581.41,0.0,1,0
A02240,2023-01-31,7914.81,7914.81,0.0,1,0
A02241,2023-01-31,7541.16,7541.16,0.0,1,0
A02242,2023-01-31,18229.09,18229.09,0.0,1,0
A02243,2023-01-31,15952.96,15952.96,0.0,1,0
A02244,2023-01-31,20493.96,20493.96,0.0,1,0
A02245,2023-01-31,3132.49,3132.49,0.0,1,0
A02246,2023-01-31,3442.72,3442.72,0.0,1,0
A02247,2023-01-31,7904.02,7904.02,0.0,1,0
A02248,2023-01-31,18264.82,18264.82,0.0,1,0
A02249,2023-01-31,11214.82,11214.82,0.0,1,0
A02250,2023-01-31,5765.03,5765.03,0.0,1,0
A02251,2023-01-31,7008.99,7008.99,0.0,1,0
A02252,2023-01-31,25461.67,25461.67,0.0,1,0
A02253,2023-01-31,37710.94,37710.94,0.0,1,0
A02254,2023-01-31,11944.33,11944.33,0.0,1,0
A02255,2023-01-31,5933.93,5933.93,0.0,1,0
A02256,2023-01-31,18930.91,18930.91,0.0,1,0
A02257,2023-01-31,45817.04,45817.04,0.0,1,0
A02258,2023-01-31,16855.35,16855.35,0.0,1,0
A02259,2023-01-31,17883.96,0.0,17883.96,0,1
A02260,2023-01-31,14045.53,14045.53,0.0,1,0
A02261,2023-01-31,21618.98,0.0,21618.98,0,1
A02262,2023-01-31,17905.94,17905.94,0.0,1,0
A02263,2023-01-31,2719.74,2719.74,0.0,1,0
A02264,2023-01-31,21231.03,21231.03,0.0,1,0
A02265,2023-01-31,16981.98,16981.98,0.0,1,0
A02266,2023-01-31,6425.49,6425.49,0.0,1,0
A02267,2023-01-31,9158.21,9158.21,0.0,1,0
A02268,2023-01-31,4106.13,4106.13,0.0,1,0
A02269,2023-01-31,23543.31,23543.31,0.0,1,0
A02270,2023-01-31,27794.56,27794.56,0.0,1,0
A02271,2023-01-31,19014.19,19014.19,0.0,1,0
A02272,2023-01-31,11553.15,11553.15,0.0,1,0
A02273,2023-01-31,15638.05,15638.05,0.0,1,0
A02274,2023-01-31,18682.52,18682.52,0.0,1,0
A02275,2023-01-31,18421.49,18421.49,0.0,1,0
A02276,2023-01-31,25143.05,25143.05,0.0,1,0
A02277,2023-01-31,9499.09,9499.09,0.0,1,0
A02278,2023-01-31,16936.01,16936.01,0.0,1,0
A02279,2023-01-31,7746.33,7746.33,0.0,1,0
A02280,2023-01-31,23550.11,23550.11,0.0,1,0
A02281,2023-01-31,8360.4,8360.4,0.0,1,0
A02282,2023-01-31,49560.58,49560.58,0.0,1,0
A02283,2023-01-31,15889.95,15889.95,0.0,1,0
A02284,2023-01-31,11451.53,11451.53,0.0,1,0
A02285,2023-01-31,9819.97,9819.97,0.0,1,0
A02286,2023-01-31,15711.57,15711.57,0.0,1,0
A02287,2023-01-31,42486.46,42486.46,0.0,1,0
A02288,2023-01-31,6628.32,6628.32,0.0,1,0
A02289,2023-01-31,23847.43,23847.43,0.0,1,0
A02290,2023-01-31,7998.02,7998.02,0.0,1,0
A02291,2023-01-31,5773.21,5773.21,0.0,1,0
A02292,2023-01-31,20570.78,20570.78,0.0,1,0
A02293,2023-01-31,11751.59,11751.59,0.0,1,0
A02294,2023-01-31,14923.93,14923.93,0.0,1,0
A02295,2023-01-31,19401.59,19401.59,0.0,1,0
A02296,2023-01-31,42480.27,42480.27,0.0,1,0
A02297,2023-01-31,23305.36,23305.36,0.0,1,0
A02298,2023-01-31,11729.74,11729.74,0.0,1,0
A02299,2023-01-31,25161.4,25161.4,0.0,1,0
A02300,2023-01-31,5060.67,5060.67,0.0,1,0
A02301,2023-01-31,13238.51,13238.51,0.0,1,0
A02302,2023-01-31,10429.45,10429.45,0.0,1,0
A02303,2023-01-31,55357.56,55357.56,0.0,1,0
A02304,2023-01-31,7847.54,7847.54,0.0,1,0
A02305,2023-01-31,23141.21,23141.21,0.0,1,0
A02306,2023-01-31,9916.17,9916.17,0.0,1,0
A02307,2023-01-31,7444.34,7444.34,0.0,1,0
A02308,2023-01-31,8664.93,8664.93,0.0,1,0
A02309,2023-01-31,16743.55,16743.55,0.0,1,0
A02310,2023-01-31,14439.52,14439.52,0.0,1,0
A02311,2023-01-31,11656.43,11656.43,0.0,1,0
A02312,2023-01-31,28543.38,28543.38,0.0,1,0
A02313,2023-01-31,12599.84,12599.84,0.0,1,0
A02314,2023-01-31,27047.6,27047.6,0.0,1,0
A02315,2023-01-31,15188.4,15188.4,0.0,1,0
A02316,2023-01-31,6450.09,0.0,6450.09,0,1
A02317,2023-01-31,16310.46,16310.46,0.0,1,0
A02318,2023-01-31,16191.59,16191.59,0.0,1,0
A02319,2023-01-31,62665.86,62665.86,0.0,1,0
A02320,2023-01-31,35170.33,35170.33,0.0,1,0
A02321,2023-01-31,39374.79,39374.79,0.0,1,0
A02322,2023-01-31,14411.35,14411.35,0.0,1,0
A02323,2023-01-31,9805.34,9805.34,0.0,1,0
A02324,2023-01-31,12780.96,12780.96,0.0,1,0
A02325,2023-01-31,12226.73,12226.73,0.0,1,0
A02326,2023-01-31,27597.84,27597.84,0.0,1,0
A02327,2023-01-31,10306.25,10306.25,0.0,1,0
A02328,2023-01-31,25401.27,25401.27,0.0,1,0
A02329,2023-01-31,30438.92,30438.92,0.0,1,0
A02330,2023-01-31,21594.38,21594.38,0.0,1,0
A02331,2023-01-31,5432.47,0.0,5432.47,0,1
A02332,2023-01-31,20639.22,20639.22,0.0,1,0
A02333,2023-01-31,4916.03,4916.03,0.0,1,0
A02334,2023-01-31,15935.3,15935.3,0.0,1,0
A02335,2023-01-31,13029.97,13029.97,0.0,1,0
A02336,2023-01-31,22390.13,22390.13,0.0,1,0
A02337,2023-01-31,11115.19,11115.19,0.0,1,0
A02338,2023-01-31,10113.37,10113.37,0.0,1,0
A02339,2023-01-31,11238.87,0.0,11238.87,0,1
A02340,2023-01-31,11931.14,11931.14,0.0,1,0
A02341,2023-01-31,4812.35,4812.35,0.0,1,0
A02342,2023-01-31,31338.98,31338.98,0.0,1,0
A02343,2023-01-31,12498.49,12498.49,0.0,1,0
A02344,2023-01-31,25428.69,25428.69,0.0,1,0
A02345,2023-01-31,20200.63,20200.63,0.0,1,0
A02346,2023-01-31,12938.31,12938.31,0.0,1,0
A02347,2023-01-31,10693.57,10693.57,0.0,1,0
A02348,2023-01-31,4472.57,4472.57,0.0,1,0
A02349,2023-01-31,9334.25,9334.25,0.0,1,0
A02350,2023-01-31,5583.08,5583.08,0.0,1,0
A02351,2023-01-31,7001.57,7001.57,0.0,1,0
A02352,2023-01-31,25026.31,25026.31,0.0,1,0
A02353,2023-01-31,10817.18,10817.18,0.0,1,0
A02354,2023-01-31,8421.69,8421.69,0.0,1,0
A02355,2023-01-31,11125.97,11125.97,0.0,1,0
A02356,2023-01-31,5534.99,5534.99,0.0,1,0
A02357,2023-01-31,6197.92,6197.92,0.0,1,0
A02358,2023-01-31,27185.85,27185.85,0.0,1,0
A02359,2023-01-31,37133.0,37133.0,0.0,1,0
A02360,2023-01-31,14584.84,14584.84,0.0,1,0
A02361,2023-01-31,3034.58,3034.58,0.0,1,0
A02362,2023-01-31,35557.52,35557.52,0.0,1,0
A02363,2023-01-31,47227.14,47227.14,0.0,1,0
A02364,2023-01-31,18236.03,18236.03,0.0,1,0
A02365,2023-01-31,8897.66,8897.66,0.0,1,0
A02366,2023-01-31,25411.51,25411.51,0.0,1,0
A02367,2023-01-31,14020.93,14020.93,0.0,1,0
A02368,2023-01-31,23549.29,23549.29,0.0,1,0
A02369,2023-01-31,3863.37,3863.37,0.0,1,0
A02370,2023-01-31,10371.38,10371.38,0.0,1,0
A02371,2023-01-31,5348.02,5348.02,0.0,1,0
A02372,2023-01-31,7060.79,7060.79,0.0,1,0
A02373,2023-01-31,3694.41,3694.41,0.0,1,0
A02374,2023-01-31,7102.09,7102.09,0.0,1,0
A02375,2023-01-31,30979.55,30979.55,0.0,1,0
A02376,2023-01-31,7856.27,7856.27,0.0,1,0
A02377,2023-01-31,3602.61,3602.61,0.0,1,0
A02378,2023-01-31,7779.17,7779.17,0.0,1,0
A02379,2023-01-31,3894.57,3894.57,0.0,1,0
A02380,2023-01-31,15029.13,15029.13,0.0,1,0
A02381,2023-01-31,8031.14,8031.14,0.0,1,0
A02382,2023-01-31,12091.16,12091.16,0.0,1,0
A02383,2023-01-31,8956.82,8956.82,0.0,1,0
A02384,2023-01-31,12049.46,12049.46,0.0,1,0
A02385,2023-01-31,3424.65,3424.65,0.0,1,0
A02386,2023-01-31,7419.88,7419.88,0.0,1,0
A02387,2023-01-31,20621.56,20621.56,0.0,1,0
A02388,2023-01-31,21896.37,21896.37,0.0,1,0
A02389,2023-01-31,12599.63,12599.63,0.0,1,0
A02390,2023-01-31,13308.46,13308.46,0.0,1,0
A02391,2023-01-31,2613.58,2613.58,0.0,1,0
A02392,2023-01-31,17899.83,17899.83,0.0,1,0
A02393,2023-01-31,30745.24,30745.24,0.0,1,0
A02394,2023-01-31,3922.81,3922.81,0.0,1,0
A02395,2023-01-31,24196.55,24196.55,0.0,1,0
A02396,2023-01-31,3803.8,3803.8,0.0,1,0
A02397,2023-01-31,14788.71,14788.71,0.0,1,0
A02398,2023-01-31,3319.73,3319.73,0.0,1,0
A02399,2023-01-31,4386.2,4386.2,0.0,1,0
A02400,2023-01-31,6940.14,6940.14,0.0,1,0
A02401,2023-01-31,6020.98,6020.98,0.0,1,0
A02402,2023-01-31,28679.91,28679.91,0.0,1,0
A02403,2023-01-31,15565.29,15565.29,0.0,1,0
A02404,2023-01-31,6278.24,6278.24,0.0,1,0
A02405,2023-01-31,20717.69,20717.69,0.0,1,0
A02406,2023-01-31,23139.43,23139.43,0.0,1,0
A02407,2023-01-31,18539.74,18539.74,0.0,1,0
A02408,2023-01-31,16811.37,16811.37,0.0,1,0
A02409,2023-01-31,16906.47,16906.47,0.0,1,0
A02410,2023-01-31,5975.15,5975.15,0.0,1,0
A02411,2023-01-31,14669.01,14669.01,0.0,1,0
A02412,2023-01-31,28808.88,28808.88,0.0,1,0
A02413,2023-01-31,40718.58,40718.58,0.0,1,0
A02414,2023-01-31,13274.99,13274.99,0.0,1,0
A02415,2023-01-31,8522.36,8522.36,0.0,1,0
A02416,2023-01-31,6788.97,6788.97,0.0,1,0
A02417,2023-01-31,27356.32,27356.32,0.0,1,0
A02418,2023-01-31,6819.34,6819.34,0.0,1,0
A02419,2023-01-31,11711.33,11711.33,0.0,1,0
A02420,2023-01-31,11543.6,11543.6,0.0,1,0
A02421,2023-01-31,22605.47,22605.47,0.0,1,0
A02422,2023-01-31,17724.61,17724.61,0.0,1,0
A02423,2023-01-31,47011.66,47011.66,0.0,1,0
A02424,2023-01-31,17371.3,17371.3,0.0,1,0
A02425,2023-01-31,27976.65,27976.65,0.0,1,0
A02426,2023-01-31,9670.11,9670.11,0.0,1,0
A02427,2023-01-31,17463.1,17463.1,0.0,1,0
A02428,2023-01-31,29111.49,29111.49,0.0,1,0
A02429,2023-01-31,26595.48,26595.48,0.0,1,0
A02430,2023-01-31,4608.21,4608.21,0.0,1,0
A02431,2023-01-31,6152.5,6152.5,0.0,1,0
A02432,2023-01-31,17872.07,17872.07,0.0,1,0
A02433,2023-01-31,11906.67,11906.67,0.0,1,0
A02434,2023-01-31,14164.81,14164.81,0.0,1,0
A02435,2023-01-31,11494.06,11494.06,0.0,1,0
A02436,2023-01-31,25251.96,25251.96,0.0,1,0
A02437,2023-01-31,16078.22,16078.22,0.0,1,0
A02438,2023-01-31,12628.01,12628.01,0.0,1,0
A02439,2023-01-31,57230.64,57230.64,0.0,1,0
A02440,2023-01-31,28715.64,28715.64,0.0,1,0
A02441,2023-01-31,33012.93,33012.93,0.0,1,0
A02442,2023-01-31,5650.77,5650.77,0.0,1,0
A02443,2023-01-31,60006.31,0.0,60006.31,0,1
A02444,2023-01-31,55258.89,55258.89,0.0,1,0
A02445,2023-01-31,24914.59,24914.59,0.0,1,0
A02446,2023-01-31,15729.23,15729.23,0.0,1,0
A02447,2023-01-31,8142.38,8142.38,0.0,1,0
A02448,2023-01-31,26723.62,26723.62,0.0,1,0
A02449,2023-01-31,48157.22,48157.22,0.0,1,0
A02450,2023-01-31,16179.43,16179.43,0.0,1,0
A02451,2023-01-31,6174.97,6174.97,0.0,1,0
A02452,2023-01-31,14453.19,14453.19,0.0,1,0
A02453,2023-01-31,10082.73,10082.73,0.0,1,0
A02454,2023-01-31,7005.48,7005.48,0.0,1,0
A02455,2023-01-31,3570.94,3570.94,0.0,1,0
A02456,2023-01-31,44516.12,44516.12,0.0,1,0
A02457,2023-01-31,34934.58,34934.58,0.0,1,0
A02458,2023-01-31,11138.62,11138.62,0.0,1,0
A02459,2023-01-31,1628.26,1628.26,0.0,1,0
A02460,2023-01-31,20071.39,20071.39,0.0,1,0
A02461,2023-01-31,36988.09,36988.09,0.0,1,0
A02462,2023-01-31,47556.68,47556.68,0.0,1,0
A02463,2023-01-31,19862.5,19862.5,0.0,1,0
A02464,2023-01-31,8234.52,8234.52,0.0,1,0
A02465,2023-01-31,17884.16,17884.16,0.0,1,0
A02466,2023-01-31,13039.45,13039.45,0.0,1,0
A02467,2023-01-31,11660.48,11660.48,0.0,1,0
A02468,2023-01-31,31870.73,31870.73,0.0,1,0
A02469,2023-01-31,20599.37,20599.37,0.0,1,0
A02470,2023-01-31,4774.97,4774.97,0.0,1,0
A02471,2023-01-31,32103.67,32103.67,0.0,1,0
A02472,2023-01-31,44602.5,44602.5,0.0,1,0
A02473,2023-01-31,7796.28,7796.28,0.0,1,0
A02474,2023-01-31,20154.6,20154.6,0.0,1,0
A02475,2023-01-31,12732.38,12732.38,0.0,1,0
A02476,2023-01-31,3266.34,3266.34,0.0,1,0
A02477,2023-01-31,17870.01,17870.01,0.0,1,0
A02478,2023-01-31,25805.84,25805.84,0.0,1,0
A02479,2023-01-31,17956.72,17956.72,0.0,1,0
A02480,2023-01-31,35777.88,35777.88,0.0,1,0
A02481,2023-01-31,17068.76,17068.76,0.0,1,0
A02482,2023-01-31,3327.63,3327.63,0.0,1,0
A02483,2023-01-31,8826.47,8826.47,0.0,1,0
A02484,2023-01-31,29698.97,29698.97,0.0,1,0
A02485,2023-01-31,927.74,927.74,0.0,1,0
A02486,2023-01-31,9306.97,9306.97,0.0,1,0
A02487,2023-01-31,17484.61,17484.61,0.0,1,0
A02488,2023-01-31,29932.52,29932.52,0.0,1,0
A02489,2023-01-31,38368.58,38368.58,0.0,1,0
A02490,2023-01-31,12527.69,12527.69,0.0,1,0
A02491,2023-01-31,15022.67,15022.67,0.0,1,0
A02492,2023-01-31,9840.31,9840.31,0.0,1,0
A02493,2023-01-31,15921.35,15921.35,0.0,1,0
A02494,2023-01-31,5465.59,5465.59,0.0,1,0
A02495,2023-01-31,20989.58,20989.58,0.0,1,0
A02496,2023-01-31,1201.97,1201.97,0.0,1,0
A02497,2023-01-31,19572.06,19572.06,0.0,1,0
A02498,2023-01-31,12917.08,12917.08,0.0,1,0
A02499,2023-01-31,30549.07,0.0,30549.07,0,1
A02500,2023-01-31,25371.86,25371.86,0.0,1,0
A02501,2023-01-31,11253.91,11253.91,0.0,1,0
A02502,2023-01-31,24278.18,24278.18,0.0,1,0
A02503,2023-01-31,5882.8,5882.8,0.0,1,0
A02504,2023-01-31,3755.84,3755.84,0.0,1,0
A02505,2023-01-31,19240.46,19240.46,0.0,1,0
A02506,2023-01-31,3485.8,3485.8,0.0,1,0
A02507,2023-01-31,40690.2,40690.2,0.0,1,0
A02508,2023-01-31,2570.36,2570.36,0.0,1,0
A02509,2023-01-31,28864.81,28864.81,0.0,1,0
A02510,2023-01-31,12874.13,12874.13,0.0,1,0
A02511,2023-01-31,21566.62,21566.62,0.0,1,0
A02512,2023-01-31,16177.44,16177.44,0.0,1,0
A02513,2023-01-31,9362.97,9362.97,0.0,1,0
A02514,2023-01-31,8176.6,8176.6,0.0,1,0
A02515,2023-01-31,22626.22,22626.22,0.0,1,0
A02516,2023-01-31,30865.07,30865.07,0.0,1,0
A02517,2023-01-31,17796.35,17796.35,0.0,1,0
A02518,2023-01-31,21021.05,21021.05,0.0,1,0
A02519,2023-01-31,16941.92,16941.92,0.0,1,0
A02520,2023-01-31,4784.45,4784.45,0.0,1,0
A02521,2023-01-31,5173.43,5173.43,0.0,1,0
A02522,2023-01-31,38309.69,0.0,38309.69,0,1
A02523,2023-01-31,12914.81,12914.81,0.0,1,0
A02524,2023-01-31,28154.4,28154.4,0.0,1,0
A02525,2023-01-31,10721.61,10721.61,0.0,1,0
A02526,2023-01-31,7356.67,7356.67,0.0,1,0
A02527,2023-01-31,10540.14,10540.14,0.0,1,0
A02528,2023-01-31,23725.4,23725.4,0.0,1,0
A02529,2023-01-31,8059.65,8059.65,0.0,1,0
A02530,2023-01-31,17028.57,17028.57,0.0,1,0
A02531,2023-01-31,21200.73,21200.73,0.0,1,0
A02532,2023-01-31,14956.92,14956.92,0.0,1,0
A02533,2023-01-31,16750.29,16750.29,0.0,1,0
A02534,2023-01-31,17055.91,17055.91,0.0,1,0
A02535,2023-01-31,7908.49,7908.49,0.0,1,0
A02536,2023-01-31,12020.19,12020.19,0.0,1,0
A02537,2023-01-31,7487.91,7487.91,0.0,1,0
A02538,2023-01-31,11554.6,11554.6,0.0,1,0
A02539,2023-01-31,25124.78,25124.78,0.0,1,0
A02540,2023-01-31,24930.32,24930.32,0.0,1,0
A02541,2023-01-31,17234.84,17234.84,0.0,1,0
A02542,2023-01-31,14535.64,14535.64,0.0,1,0
A02543,2023-01-31,20280.0,20280.0,0.0,1,0
A02544,2023-01-31,16688.79,16688.79,0.0,1,0
A02545,2023-01-31,11467.26,11467.26,0.0,1,0
A02546,2023-01-31,14027.66,14027.66,0.0,1,0
A02547,2023-01-31,6040.22,6040.22,0.0,1,0
A02548,2023-01-31,5408.7,5408.7,0.0,1,0
A02549,2023-01-31,34921.8,34921.8,0.0,1,0
A02550,2023-01-31,23597.94,23597.94,0.0,1,0
A02551,2023-01-31,9687.84,9687.84,0.0,1,0
A02552,2023-01-31,14023.81,14023.81,0.0,1,0
A02553,2023-01-31,10890.64,10890.64,0.0,1,0
A02554,2023-01-31,13831.76,13831.76,0.0,1,0
A02555,2023-01-31,23913.32,23913.32,0.0,1,0
A02556,2023-01-31,1223.68,1223.68,0.0,1,0
A02557,2023-01-31,19570.21,19570.21,0.0,1,0
A02558,2023-01-31,4790.7,4790.7,0.0,1,0
A02559,2023-01-31,76992.55,0.0,76992.55,0,1
A02560,2023-01-31,27679.68,27679.68,0.0,1,0
A02561,2023-01-31,4143.58,4143.58,0.0,1,0
A02562,2023-01-31,4289.93,4289.93,0.0,1,0
A02563,2023-01-31,8584.2,8584.2,0.0,1,0
A02564,2023-01-31,13804.14,13804.14,0.0,1,0
A02565,2023-01-31,8103.84,8103.84,0.0,1,0
A02566,2023-01-31,9056.31,9056.31,0.0,1,0
A02567,2023-01-31,1605.72,1605.72,0.0,1,0
A02568,2023-01-31,57254.41,57254.41,0.0,1,0
A02569,2023-01-31,13528.13,13528.13,0.0,1,0
A02570,2023-01-31,42070.48,42070.48,0.0,1,0
A02571,2023-01-31,8983.0,8983.0,0.0,1,0
A02572,2023-01-31,52546.37,52546.37,0.0,1,0
A02573,2023-01-31,21045.65,21045.65,0.0,1,0
A02574,2023-01-31,14668.33,14668.33,0.0,1,0
A02575,2023-01-31,37617.63,37617.63,0.0,1,0
A02576,2023-01-31,4355.42,4355.42,0.0,1,0
A02577,2023-01-31,14134.44,14134.44,0.0,1,0
A02578,2023-01-31,11949.96,11949.96,0.0,1,0
A02579,2023-01-31,27821.43,27821.43,0.0,1,0
A02580,2023-01-31,2511.89,2511.89,0.0,1,0
A02581,2023-01-31,10073.04,10073.04,0.0,1,0
A02582,2023-01-31,1637.67,1637.67,0.0,1,0
A02583,2023-01-31,10562.26,10562.26,0.0,1,0
A02584,2023-01-31,33304.74,33304.74,0.0,1,0
A02585,2023-01-31,10576.56,10576.56,0.0,1,0
A02586,2023-01-31,7261.98,7261.98,0.0,1,0
A02587,2023-01-31,23360.26,23360.26,0.0,1,0
A02588,2023-01-31,7731.21,7731.21,0.0,1,0
A02589,2023-01-31,30470.19,30470.19,0.0,1,0
A02590,2023-01-31,40940.52,40940.52,0.0,1,0
A02591,2023-01-31,15370.76,15370.76,0.0,1,0
A02592,2023-01-31,20580.47,20580.47,0.0,1,0
A02593,2023-01-31,32276.06,32276.06,0.0,1,0
A02594,2023-01-31,15016.21,15016.21,0.0,1,0
A02595,2023-01-31,3432.41,3432.41,0.0,1,0
A02596,2023-01-31,34522.24,34522.24,0.0,1,0
A02597,2023-01-31,20878.06,20878.06,0.0,1,0
A02598,2023-01-31,11379.59,11379.59,0.0,1,0
A02599,2023-01-31,4807.06,4807.06,0.0,1,0
A02600,2023-01-31,10580.61,10580.61,0.0,1,0
A02601,2023-01-31,18187.87,18187.87,0.0,1,0
A02602,2023-01-31,19831.79,19831.79,0.0,1,0
A02603,2023-01-31,25290.03,25290.03,0.0,1,0
A02604,2023-01-31,36019.53,36019.53,0.0,1,0
A02605,2023-01-31,24372.38,24372.38,0.0,1,0
A02606,2023-01-31,14772.63,14772.63,0.0,1,0
A02607,2023-01-31,9055.08,9055.08,0.0,1,0
A02608,2023-01-31,6938.56,6938.56,0.0,1,0
A02609,2023-01-31,26775.57,26775.57,0.0,1,0
A02610,2023-01-31,14080.02,14080.02,0.0,1,0
A02611,2023-01-31,5742.5,5742.5,0.0,1,0
A02612,2023-01-31,19943.86,19943.86,0.0,1,0
A02613,2023-01-31,19206.65,19206.65,0.0,1,0
A02614,2023-01-31,55917.84,55917.84,0.0,1,0
A02615,2023-01-31,1811.92,1811.92,0.0,1,0
A02616,2023-01-31,3710.9,3710.9,0.0,1,0
A02617,2023-01-31,2038.95,2038.95,0.0,1,0
A02618,2023-01-31,7244.87,7244.87,0.0,1,0
A02619,2023-01-31,13850.04,13850.04,0.0,1,0
A02620,2023-01-31,11318.37,11318.37,0.0,1,0
A02621,2023-01-31,38465.18,38465.18,0.0,1,0
A02622,2023-01-31,11659.11,11659.11,0.0,1,0
A02623,2023-01-31,2341.14,2341.14,0.0,1,0
A02624,2023-01-31,50092.82,50092.82,0.0,1,0
A02625,2023-01-31,26905.5,26905.5,0.0,1,0
A02626,2023-01-31,25829.76,25829.76,0.0,1,0
A02627,2023-01-31,4812.49,4812.49,0.0,1,0
A02628,2023-01-31,15933.31,15933.31,0.0,1,0
A02629,2023-01-31,33784.97,33784.97,0.0,1,0
A02630,2023-01-31,29596.86,29596.86,0.0,1,0
A02631,2023-01-31,7832.42,7832.42,0.0,1,0
A02632,2023-01-31,13896.35,13896.35,0.0,1,0
A02633,2023-01-31,29688.18,29688.18,0.0,1,0
A02634,2023-01-31,16010.4,16010.4,0.0,1,0
A02635,2023-01-31,11135.87,11135.87,0.0,1,0
A02636,2023-01-31,5544.26,5544.26,0.0,1,0
A02637,2023-01-31,13883.57,13883.57,0.0,1,0
A02638,2023-01-31,36499.42,36499.42,0.0,1,0
A02639,2023-01-31,33338.82,33338.82,0.0,1,0
A02640,2023-01-31,18845.92,18845.92,0.0,1,0
A02641,2023-01-31,17306.99,17306.99,0.0,1,0
A02642,2023-01-31,24815.44,24815.44,0.0,1,0
A02643,2023-01-31,17749.9,17749.9,0.0,1,0
A02644,2023-01-31,17731.83,17731.83,0.0,1,0
A02645,2023-01-31,3611.0,3611.0,0.0,1,0
A02646,2023-01-31,5992.19,5992.19,0.0,1,0
A02647,2023-01-31,22752.44,22752.44,0.0,1,0
A02648,2023-01-31,16466.3,16466.3,0.0,1,0
A02649,2023-01-31,14957.88,14957.88,0.0,1,0
A02650,2023-01-31,11002.64,11002.64,0.0,1,0
A02651,2023-01-31,36260.85,36260.85,0.0,1,0
A02652,2023-01-31,23186.84,23186.84,0.0,1,0
A02653,2023-01-31,20283.16,20283.16,0.0,1,0
A02654,2023-01-31,5593.8,5593.8,0.0,1,0
A02655,2023-01-31,20245.02,20245.02,0.0,1,0
A02656,2023-01-31,64294.8,64294.8,0.0,1,0
A02657,2023-01-31,2777.66,0.0,2777.66,0,1
A02658,2023-01-31,26735.3,26735.3,0.0,1,0
A02659,2023-01-31,14981.65,14981.65,0.0,1,0
A02660,2023-01-31,14729.75,14729.75,0.0,1,0
A02661,2023-01-31,31350.93,31350.93,0.0,1,0
A02662,2023-01-31,7738.77,7738.77,0.0,1,0
A02663,2023-01-31,10970.07,10970.07,0.0,1,0
A02664,2023-01-31,12663.87,12663.87,0.0,1,0
A02665,2023-01-31,7231.68,7231.68,0.0,1,0
A02666,2023-01-31,12297.71,12297.71,0.0,1,0
A02667,2023-01-31,8053.19,8053.19,0.0,1,0
A02668,2023-01-31,15350.63,15350.63,0.0,1,0
A02669,2023-01-31,27300.32,27300.32,0.0,1,0
A02670,2023-01-31,6971.81,6971.81,0.0,1,0
A02671,2023-01-31,16784.44,16784.44,0.0,1,0
A02672,2023-01-31,14341.12,14341.12,0.0,1,0
A02673,2023-01-31,13914.22,13914.22,0.0,1,0
A02674,2023-01-31,6576.79,6576.79,0.0,1,0
A02675,2023-01-31,31642.27,31642.27,0.0,1,0
A02676,2023-01-31,31637.05,31637.05,0.0,1,0
A02677,2023-01-31,13652.5,13652.5,0.0,1,0
A02678,2023-01-31,25577.31,25577.31,0.0,1,0
A02679,2023-01-31,9020.65,9020.65,0.0,1,0
A02680,2023-01-31,27594.47,27594.47,0.0,1,0
A02681,2023-01-31,6838.93,6838.93,0.0,1,0
A02682,2023-01-31,5926.44,5926.44,0.0,1,0
A02683,2023-01-31,15882.6,15882.6,0.0,1,0
A02684,2023-01-31,45349.8,45349.8,0.0,1,0
A02685,2023-01-31,5523.92,5523.92,0.0,1,0
A02686,2023-01-31,2970.47,2970.47,0.0,1,0
A02687,2023-01-31,27272.49,27272.49,0.0,1,0
A02688,2023-01-31,16520.31,16520.31,0.0,1,0
A02689,2023-01-31,17839.43,17839.43,0.0,1,0
A02690,2023-01-31,11289.23,11289.23,0.0,1,0
A02691,2023-01-31,21751.93,21751.93,0.0,1,0
A02692,2023-01-31,25639.56,25639.56,0.0,1,0
A02693,2023-01-31,4384.55,4384.55,0.0,1,0
A02694,2023-01-31,3574.72,3574.72,0.0,1,0
A02695,2023-01-31,6134.63,6134.63,0.0,1,0
A02696,2023-01-31,8722.72,8722.72,0.0,1,0
A02697,2023-01-31,12804.11,12804.11,0.0,1,0
A02698,2023-01-31,16194.27,16194.27,0.0,1,0
A02699,2023-01-31,23154.89,23154.89,0.0,1,0
A02700,2023-01-31,8672.56,8672.56,0.0,1,0
A02701,2023-01-31,26421.64,26421.64,0.0,1,0
A02702,2023-01-31,16448.64,16448.64,0.0,1,0
A02703,2023-01-31,18469.72,18469.72,0.0,1,0
A02704,2023-01-31,4376.1,4376.1,0.0,1,0
A02705,2023-01-31,7215.33,7215.33,0.0,1,0
A02706,2023-01-31,10745.66,10745.66,0.0,1,0
A02707,2023-01-31,78620.94,78620.94,0.0,1,0
A02708,2023-01-31,26025.31,26025.31,0.0,1,0
A02709,2023-01-31,13397.23,13397.23,0.0,1,0
A02710,2023-01-31,9281.41,9281.41,0.0,1,0
A02711,2023-01-31,46848.06,46848.06,0.0,1,0
A02712,2023-01-31,17141.25,17141.25,0.0,1,0
A02713,2023-01-31,7393.15,7393.15,0.0,1,0
A02714,2023-01-31,5935.71,5935.71,0.0,1,0
A02715,2023-01-31,20755.2,20755.2,0.0,1,0
A02716,2023-01-31,13305.64,13305.64,0.0,1,0
A02717,2023-01-31,30087.46,30087.46,0.0,1,0
A02718,2023-01-31,5397.01,5397.01,0.0,1,0
A02719,2023-01-31,26648.73,26648.73,0.0,1,0
A02720,2023-01-31,28255.07,28255.07,0.0,1,0
A02721,2023-01-31,34533.92,34533.92,0.0,1,0
A02722,2023-01-31,8179.9,8179.9,0.0,1,0
A02723,2023-01-31,26711.87,26711.87,0.0,1,0
A02724,2023-01-31,11035.21,11035.21,0.0,1,0
A02725,2023-01-31,6647.43,6647.43,0.0,1,0
A02726,2023-01-31,13567.84,13567.84,0.0,1,0
A02727,2023-01-31,2004.04,2004.04,0.0,1,0
A02728,2023-01-31,18429.53,0.0,18429.53,0,1
A02729,2023-01-31,13960.67,13960.67,0.0,1,0
A02730,2023-01-31,4007.12,4007.12,0.0,1,0
A02731,2023-01-31,18764.22,18764.22,0.0,1,0
A02732,2023-01-31,25680.1,25680.1,0.0,1,0
A02733,2023-01-31,12771.96,12771.96,0.0,1,0
A02734,2023-01-31,10096.54,10096.54,0.0,1,0
A02735,2023-01-31,21244.43,21244.43,0.0,1,0
A02736,2023-01-31,37540.33,37540.33,0.0,1,0
A02737,2023-01-31,12270.02,12270.02,0.0,1,0
A02738,2023-01-31,50103.81,50103.81,0.0,1,0
A02739,2023-01-31,31478.46,31478.46,0.0,1,0
A02740,2023-01-31,10491.56,10491.56,0.0,1,0
A02741,2023-01-31,7582.66,7582.66,0.0,1,0
A02742,2023-01-31,21799.69,21799.69,0.0,1,0
A02743,2023-01-31,5526.81,5526.81,0.0,1,0
A02744,2023-01-31,5523.17,5523.17,0.0,1,0
A02745,2023-01-31,10979.41,10979.41,0.0,1,0
A02746,2023-01-31,10417.08,10417.08,0.0,1,0
A02747,2023-01-31,43939.22,43939.22,0.0,1,0
A02748,2023-01-31,27852.83,27852.83,0.0,1,0
A02749,2023-01-31,28612.85,28612.85,0.0,1,0
A02750,2023-01-31,21248.28,21248.28,0.0,1,0
A02751,2023-01-31,10955.78,10955.78,0.0,1,0
A02752,2023-01-31,12598.8,0.0,12598.8,0,1
A02753,2023-01-31,19948.26,19948.26,0.0,1,0
A02754,2023-01-31,6559.06,6559.06,0.0,1,0
A02755,2023-01-31,6517.97,6517.97,0.0,1,0
A02756,2023-01-31,25953.02,25953.02,0.0,1,0
A02757,2023-01-31,22859.56,22859.56,0.0,1,0
A02758,2023-01-31,6101.79,6101.79,0.0,1,0
A02759,2023-01-31,5935.03,5935.03,0.0,1,0
A02760,2023-01-31,6233.58,6233.58,0.0,1,0
A02761,2023-01-31,25555.39,25555.39,0.0,1,0
A02762,2023-01-31,30648.7,30648.7,0.0,1,0
A02763,2023-01-31,6719.78,6719.78,0.0,1,0
A02764,2023-01-31,16851.57,16851.57,0.0,1,0
A02765,2023-01-31,6466.78,6466.78,0.0,1,0
A02766,2023-01-31,35327.4,35327.4,0.0,1,0
A02767,2023-01-31,3240.23,3240.23,0.0,1,0
A02768,2023-01-31,18393.73,18393.73,0.0,1,0
A02769,2023-01-31,10862.12,10862.12,0.0,1,0
A02770,2023-01-31,6665.63,6665.63,0.0,1,0
A02771,2023-01-31,4263.07,4263.07,0.0,1,0
A02772,2023-01-31,5511.35,5511.35,0.0,1,0
A02773,2023-01-31,12515.87,12515.87,0.0,1,0
A02774,2023-01-31,8724.09,8724.09,0.0,1,0
A02775,2023-01-31,16366.12,16366.12,0.0,1,0
A02776,2023-01-31,45389.52,45389.52,0.0,1,0
A02777,2023-01-31,27171.07,27171.07,0.0,1,0
A02778,2023-01-31,25809.35,25809.35,0.0,1,0
A02779,2023-01-31,25259.45,25259.45,0.0,1,0
A02780,2023-01-31,20686.91,0.0,20686.91,0,1
A02781,2023-01-31,30381.48,30381.48,0.0,1,0
A02782,2023-01-31,9770.91,9770.91,0.0,1,0
A02783,2023-01-31,20696.87,20696.87,0.0,1,0
A02784,2023-01-31,2993.9,2993.9,0.0,1,0
A02785,2023-01-31,25496.57,25496.57,0.0,1,0
A02786,2023-01-31,16022.22,16022.22,0.0,1,0
A02787,2023-01-31,14205.14,14205.14,0.0,1,0
A02788,2023-01-31,6143.5,6143.5,0.0,1,0
A02789,2023-01-31,4699.04,0.0,4699.04,0,1
A02790,2023-01-31,10388.08,10388.08,0.0,1,0
A02791,2023-01-31,15990.2,15990.2,0.0,1,0
A02792,2023-01-31,27543.76,27543.76,0.0,1,0
A02793,2023-01-31,30421.13,30421.13,0.0,1,0
A02794,2023-01-31,28114.69,28114.69,0.0,1,0
A02795,2023-01-31,21688.58,21688.58,0.0,1,0
A02796,2023-01-31,4525.96,4525.96,0.0,1,0
A02797,2023-01-31,14248.91,14248.91,0.0,1,0
A02798,2023-01-31,37874.61,37874.61,0.0,1,0
A02799,2023-01-31,45466.95,45466.95,0.0,1,0
A02800,2023-01-31,4409.63,4409.63,0.0,1,0
A00104,2023-02-28,8725.14,0.0,8725.14,0,1
A00147,2023-02-28,22950.48,0.0,22950.48,0,1
A00150,2023-02-28,29259.53,0.0,29259.53,0,1
A00170,2023-02-28,13789.56,13789.56,0.0,1,0
A00233,2023-02-28,35010.79,0.0,35010.79,0,1
A00272,2023-02-28,19467.56,19467.56,0.0,1,0
A00328,2023-02-28,22440.41,0.0,22440.41,0,1
A00385,2023-02-28,10165.43,10165.43,0.0,1,0
A00429,2023-02-28,53951.42,0.0,53951.42,0,1
A00454,2023-02-28,33863.54,0.0,33863.54,0,1
A00465,2023-02-28,19340.25,0.0,19340.25,0,1
A00562,2023-02-28,8862.56,8862.56,0.0,1,0
A00575,2023-02-28,57867.38,0.0,57867.38,0,1
A00773,2023-02-28,83249.58,0.0,83249.58,0,1
A00790,2023-02-28,13420.29,0.0,13420.29,0,1
A00801,2023-02-28,64219.54,0.0,64219.54,0,1
A00839,2023-02-28,35491.74,35491.74,0.0,1,0
A00844,2023-02-28,1791.58,0.0,1791.58,0,1
A00845,2023-02-28,53675.34,0.0,53675.34,0,1
A00846,2023-02-28,45243.86,0.0,45243.86,0,1
A00889,2023-02-28,22728.15,0.0,22728.15,0,1
A01038,2023-02-28,35507.38,0.0,35507.38,0,1
A01070,2023-02-28,38404.62,0.0,38404.62,0,1
A01175,2023-02-28,58737.31,0.0,58737.31,0,1
A01180,2023-02-28,59522.85,0.0,59522.85,0,1
A01190,2023-02-28,16498.18,0.0,16498.18,0,1
A01237,2023-02-28,12143.58,0.0,12143.58,0,1
A01266,2023-02-28,13208.17,0.0,13208.17,0,1
A01279,2023-02-28,11873.32,0.0,11873.32,0,1
A01294,2023-02-28,17081.62,0.0,17081.62,0,1
A01300,2023-02-28,17620.5,0.0,17620.5,0,1
A01362,2023-02-28,11044.16,0.0,11044.16,0,1
A01399,2023-02-28,20030.05,0.0,20030.05,0,1
A01409,2023-02-28,53374.12,0.0,53374.12,0,1
A01452,2023-02-28,23702.92,0.0,23702.92,0,1
A01482,2023-02-28,7586.98,0.0,7586.98,0,1
A01532,2023-02-28,13872.84,0.0,13872.84,0,1
A01550,2023-02-28,69322.59,0.0,69322.59,0,1
A01590,2023-02-28,51530.94,0.0,51530.94,0,1
A01642,2023-02-28,11121.3,0.0,11121.3,0,1
A01653,2023-02-28,59136.01,59136.01,0.0,1,0
A01739,2023-02-28,39214.27,0.0,39214.27,0,1
A01744,2023-02-28,65353.61,0.0,65353.61,0,1
A01763,2023-02-28,5120.62,0.0,5120.62,0,1
A01783,2023-02-28,14447.28,0.0,14447.28,0,1
A01807,2023-02-28,40971.82,0.0,40971.82,0,1
A01871,2023-02-28,31373.48,0.0,31373.48,0,1
A01913,2023-02-28,61559.66,0.0,61559.66,0,1
A01949,2023-02-28,46001.3,0.0,46001.3,0,1
A02025,2023-02-28,4622.0,0.0,4622.0,0,1
A02129,2023-02-28,34740.94,0.0,34740.94,0,1
A02138,2023-02-28,48084.5,0.0,48084.5,0,1
A02171,2023-02-28,9424.54,0.0,9424.54,0,1
A02259,2023-02-28,25890.64,0.0,25890.64,0,1
A02261,2023-02-28,10615.62,0.0,10615.62,0,1
A02316,2023-02-28,30201.4,0.0,30201.4,0,1
A02331,2023-02-28,19708.19,0.0,19708.19,0,1
A02339,2023-02-28,23482.93,0.0,23482.93,0,1
A02443,2023-02-28,48115.25,48115.25,0.0,1,0
A02499,2023-02-28,16245.6,0.0,16245.6,0,1
A02522,2023-02-28,18119.23,0.0,18119.23,0,1
A02559,2023-02-28,19128.94,0.0,19128.94,0,1
A02657,2023-02-28,28035.24,0.0,28035.24,0,1
A02728,2023-02-28,16540.59,0.0,16540.59,0,1
A02752,2023-02-28,12333.84,0.0,12333.84,0,1
A02780,2023-02-28,41535.74,0.0,41535.74,0,1
A02789,2023-02-28,18034.32,0.0,18034.32,0,1
A00104,2023-03-31,16092.74,0.0,16092.74,0,1
A00147,2023-03-31,28294.68,0.0,28294.68,0,1
A00150,2023-03-31,66147.48,0.0,66147.48,0,1
A00233,2023-03-31,28658.5,0.0,28658.5,0,1
A00328,2023-03-31,21906.28,21906.28,0.0,1,0
A00429,2023-03-31,7966.42,0.0,7966.42,0,1
A00454,2023-03-31,32189.12,0.0,32189.12,0,1
A00465,2023-03-31,59122.64,0.0,59122.64,0,1
A00575,2023-03-31,100148.05,0.0,100148.05,0,1
A00773,2023-03-31,13079.91,0.0,13079.91,0,1
A00790,2023-03-31,74343.34,0.0,74343.34,0,1
A00801,2023-03-31,4790.3,0.0,4790.3,0,1
A00844,2023-03-31,16286.63,0.0,16286.63,0,1
A00845,2023-03-31,40371.8,0.0,40371.8,0,1
A00846,2023-03-31,38279.99,0.0,38279.99,0,1
A00889,2023-03-31,43064.97,0.0,43064.97,0,1
A01038,2023-03-31,74359.19,0.0,74359.19,0,1
A01070,2023-03-31,16300.9,16300.9,0.0,1,0
A01175,2023-03-31,39222.3,0.0,39222.3,0,1
A01180,2023-03-31,20889.46,0.0,20889.46,0,1
A01190,2023-03-31,62075.49,0.0,62075.49,0,1
A01237,2023-03-31,126231.78,0.0,126231.78,0,1
A01266,2023-03-31,23237.44,0.0,23237.44,0,1
A01279,2023-03-31,39070.39,0.0,39070.39,0,1
A01294,2023-03-31,34371.76,0.0,34371.76,0,1
A01300,2023-03-31,16867.66,16867.66,0.0,1,0
A01362,2023-03-31,29980.47,0.0,29980.47,0,1
A01399,2023-03-31,3566.42,0.0,3566.42,0,1
A01409,2023-03-31,26526.53,0.0,26526.53,0,1
A01452,2023-03-31,8794.32,0.0,8794.32,0,1
A01482,2023-03-31,10608.31,0.0,10608.31,0,1
A01532,2023-03-31,15883.87,0.0,15883.87,0,1
A01550,2023-03-31,20589.75,0.0,20589.75,0,1
A01590,2023-03-31,25728.87,0.0,25728.87,0,1
A01642,2023-03-31,55904.07,0.0,55904.07,0,1
A01739,2023-03-31,41807.46,0.0,41807.46,0,1
A01744,2023-03-31,27536.82,0.0,27536.82,0,1
A01763,2023-03-31,54793.75,0.0,54793.75,0,1
A01783,2023-03-31,36019.21,0.0,36019.21,0,1
A01807,2023-03-31,32175.09,0.0,32175.09,0,1
A01871,2023-03-31,27950.58,0.0,27950.58,0,1
A01913,2023-03-31,36098.19,0.0,36098.19,0,1
A01949,2023-03-31,22729.94,0.0,22729.94,0,1
A02025,2023-03-31,40140.79,0.0,40140.79,0,1
A02129,2023-03-31,85854.9,0.0,85854.9,0,1
A02138,2023-03-31,32992.58,0.0,32992.58,0,1
A02171,2023-03-31,62390.44,62390.44,0.0,1,0
A02259,2023-03-31,58257.85,0.0,58257.85,0,1
A02261,2023-03-31,24106.94,0.0,24106.94,0,1
A02316,2023-03-31,22085.77,0.0,22085.77,0,1
A02331,2023-03-31,26659.94,0.0,26659.94,0,1
A02339,2023-03-31,35893.06,0.0,35893.06,0,1
A02499,2023-03-31,72314.66,0.0,72314.66,0,1
A02522,2023-03-31,51316.83,0.0,51316.83,0,1
A02559,2023-03-31,44464.95,0.0,44464.95,0,1
A02657,2023-03-31,1437.72,0.0,1437.72,0,1
A02728,2023-03-31,77945.2,0.0,77945.2,0,1
A02752,2023-03-31,18223.14,0.0,18223.14,0,1
A02780,2023-03-31,17497.57,0.0,17497.57,0,1
A02789,2023-03-31,18179.48,0.0,18179.48,0,1
A00104,2023-04-30,1251.36,0.0,1251.36,0,1
A00147,2023-04-30,11429.52,0.0,11429.52,0,1
A00150,2023-04-30,31919.71,0.0,31919.71,0,1
A00233,2023-04-30,14663.55,0.0,14663.55,0,1
A00429,2023-04-30,21621.55,0.0,21621.55,0,1
A00454,2023-04-30,22061.74,22061.74,0.0,1,0
A00465,2023-04-30,11782.6,0.0,11782.6,0,1
A00575,2023-04-30,8128.25,0.0,8128.25,0,1
A00773,2023-04-30,48242.01,0.0,48242.01,0,1
A00790,2023-04-30,29160.95,0.0,29160.95,0,1
A00801,2023-04-30,17575.63,0.0,17575.63,0,1
A00844,2023-04-30,5550.43,5550.43,0.0,1,0
A00845,2023-04-30,54886.24,0.0,54886.24,0,1
A00846,2023-04-30,23456.38,0.0,23456.38,0,1
A00889,2023-04-30,2613.52,0.0,2613.52,0,1
A01038,2023-04-30,21943.18,21943.18,0.0,1,0
A01175,2023-04-30,26003.37,0.0,26003.37,0,1
A01180,2023-04-30,36983.19,0.0,36983.19,0,1
A01190,2023-04-30,20084.55,0.0,20084.55,0,1
A01237,2023-04-30,69102.98,0.0,69102.98,0,1
A01266,2023-04-30,23128.12,0.0,23128.12,0,1
A01279,2023-04-30,74863.21,0.0,74863.21,0,1
A01294,2023-04-30,32207.83,0.0,32207.83,0,1
A01362,2023-04-30,11433.14,0.0,11433.14,0,1
A01399,2023-04-30,51374.86,0.0,51374.86,0,1
A01409,2023-04-30,25818.4,0.0,25818.4,0,1
A01452,2023-04-30,51791.67,0.0,51791.67,0,1
A01482,2023-04-30,15148.74,0.0,15148.74,0,1
A01532,2023-04-30,21725.52,0.0,21725.52,0,1
A01550,2023-04-30,40492.4,40492.4,0.0,1,0
A01590,2023-04-30,43904.88,0.0,43904.88,0,1
A01642,2023-04-30,30387.27,0.0,30387.27,0,1
A01739,2023-04-30,34313.08,0.0,34313.08,0,1
A01744,2023-04-30,43129.29,0.0,43129.29,0,1
A01763,2023-04-30,23625.31,0.0,23625.31,0,1
A01783,2023-04-30,26016.93,26016.93,0.0,1,0
A01807,2023-04-30,73677.54,0.0,73677.54,0,1
A01871,2023-04-30,15513.82,0.0,15513.82,0,1
A01913,2023-04-30,6780.37,0.0,6780.37,0,1
A01949,2023-04-30,26152.35,26152.35,0.0,1,0
A02025,2023-04-30,25667.77,0.0,25667.77,0,1
A02129,2023-04-30,8844.45,0.0,8844.45,0,1
A02138,2023-04-30,24498.66,0.0,24498.66,0,1
A02259,2023-04-30,6826.93,0.0,6826.93,0,1
A02261,2023-04-30,14561.65,0.0,14561.65,0,1
A02316,2023-04-30,31975.99,0.0,31975.99,0,1
A02331,2023-04-30,7199.04,0.0,7199.04,0,1
A02339,2023-04-30,19732.71,0.0,19732.71,0,1
A02499,2023-04-30,3246.34,0.0,3246.34,0,1
A02522,2023-04-30,15739.14,0.0,15739.14,0,1
A02559,2023-04-30,51266.13,0.0,51266.13,0,1
A02657,2023-04-30,95342.53,0.0,95342.53,0,1
A02728,2023-04-30,21373.98,0.0,21373.98,0,1
A02752,2023-04-30,31012.64,0.0,31012.64,0,1
A02780,2023-04-30,9216.47,0.0,9216.47,0,1
A02789,2023-04-30,29777.11,0.0,29777.11,0,1
A00104,2023-05-31,4981.78,0.0,4981.78,0,1
A00147,2023-05-31,41445.8,0.0,41445.8,0,1
A00150,2023-05-31,13166.43,0.0,13166.43,0,1
A00233,2023-05-31,23863.68,0.0,23863.68,0,1
A00429,2023-05-31,11187.85,0.0,11187.85,0,1
A00465,2023-05-31,31232.84,0.0,31232.84,0,1
A00575,2023-05-31,12767.55,0.0,12767.55,0,1
A00773,2023-05-31,9499.26,0.0,9499.26,0,1
A00790,2023-05-31,30776.97,0.0,30776.97,0,1
A00801,2023-05-31,6158.14,0.0,6158.14,0,1
A00845,2023-05-31,22856.31,0.0,22856.31,0,1
A00846,2023-05-31,16264.71,0.0,16264.71,0,1
A00889,2023-05-31,17464.72,0.0,17464.72,0,1
A01175,2023-05-31,56893.45,56893.45,0.0,1,0
A01180,2023-05-31,20352.78,0.0,20352.78,0,1
A01190,2023-05-31,59868.71,0.0,59868.71,0,1
A01237,2023-05-31,38685.29,0.0,38685.29,0,1
A01266,2023-05-31,4327.01,0.0,4327.01,0,1
A01279,2023-05-31,3693.95,0.0,3693.95,0,1
A01294,2023-05-31,41629.24,41629.24,0.0,1,0
A01362,2023-05-31,52033.99,0.0,52033.99,0,1
A01399,2023-05-31,34544.06,0.0,34544.06,0,1
A01409,2023-05-31,15114.49,0.0,15114.49,0,1
A01452,2023-05-31,14115.64,14115.64,0.0,1,0
A01482,2023-05-31,4714.74,0.0,4714.74,0,1
A01532,2023-05-31,5996.4,0.0,5996.4,0,1
A01590,2023-05-31,16270.25,0.0,16270.25,0,1
A01642,2023-05-31,30563.09,0.0,30563.09,0,1
A01739,2023-05-31,17470.34,0.0,17470.34,0,1
A01744,2023-05-31,33143.51,0.0,33143.51,0,1
A01763,2023-05-31,36452.94,0.0,36452.94,0,1
A01807,2023-05-31,13160.34,0.0,13160.34,0,1
A01871,2023-05-31,14301.42,0.0,14301.42,0,1
A01913,2023-05-31,22169.86,0.0,22169.86,0,1
A02025,2023-05-31,32055.2,0.0,32055.2,0,1
A02129,2023-05-31,8161.31,0.0,8161.31,0,1
A02138,2023-05-31,69727.98,0.0,69727.98,0,1
A02259,2023-05-31,48731.91,0.0,48731.91,0,1
A02261,2023-05-31,24048.83,0.0,24048.83,0,1
A02316,2023-05-31,6050.81,0.0,6050.81,0,1
A02331,2023-05-31,8272.86,0.0,8272.86,0,1
A02339,2023-05-31,31915.24,0.0,31915.24,0,1
A02499,2023-05-31,23101.58,0.0,23101.58,0,1
A02522,2023-05-31,44254.55,0.0,44254.55,0,1
A02559,2023-05-31,39381.98,0.0,39381.98,0,1
A02657,2023-05-31,20551.44,0.0,20551.44,0,1
A02728,2023-05-31,16170.88,0.0,16170.88,0,1
A02752,2023-05-31,6715.57,0.0,6715.57,0,1
A02780,2023-05-31,3921.65,0.0,3921.65,0,1
A02789,2023-05-31,18268.66,0.0,18268.66,0,1
A00104,2023-06-30,16166.54,0.0,16166.54,0,1
A00147,2023-06-30,29545.71,0.0,29545.71,0,1
A00150,2023-06-30,74175.35,0.0,74175.35,0,1
A00233,2023-06-30,12685.7,0.0,12685.7,0,1
A00429,2023-06-30,22049.73,0.0,22049.73,0,1
A00465,2023-06-30,35483.15,0.0,35483.15,0,1
A00575,2023-06-30,6315.09,0.0,6315.09,0,1
A00773,2023-06-30,7719.53,0.0,7719.53,0,1
A00790,2023-06-30,19314.42,0.0,19314.42,0,1
A00801,2023-06-30,10387.83,0.0,10387.83,0,1
A00845,2023-06-30,50784.99,0.0,50784.99,0,1
A00846,2023-06-30,3702.4,0.0,3702.4,0,1
A00889,2023-06-30,11684.42,11684.42,0.0,1,0
A01180,2023-06-30,25166.07,0.0,25166.07,0,1
A01190,2023-06-30,15125.7,0.0,15125.7,0,1
A01237,2023-06-30,19061.5,0.0,19061.5,0,1
A01266,2023-06-30,31888.15,0.0,31888.15,0,1
A01279,2023-06-30,24124.95,0.0,24124.95,0,1
A01362,2023-06-30,27622.66,0.0,27622.66,0,1
A01399,2023-06-30,28586.55,0.0,28586.55,0,1
A01409,2023-06-30,32657.02,0.0,32657.02,0,1
A01482,2023-06-30,30434.47,30434.47,0.0,1,0
A01532,2023-06-30,21650.48,0.0,21650.48,0,1
A01590,2023-06-30,29852.33,0.0,29852.33,0,1
A01642,2023-06-30,33095.3,0.0,33095.3,0,1
A01739,2023-06-30,67041.98,0.0,67041.98,0,1
A01744,2023-06-30,9523.59,0.0,9523.59,0,1
A01763,2023-06-30,7870.97,0.0,7870.97,0,1
A01807,2023-06-30,22196.16,0.0,22196.16,0,1
A01871,2023-06-30,18651.86,0.0,18651.86,0,1
A01913,2023-06-30,8213.6,0.0,8213.6,0,1
A02025,2023-06-30,20467.77,0.0,20467.77,0,1
A02129,2023-06-30,51604.1,0.0,51604.1,0,1
A02138,2023-06-30,18386.63,18386.63,0.0,1,0
A02259,2023-06-30,16843.24,0.0,16843.24,0,1
A02261,2023-06-30,18927.38,0.0,18927.38,0,1
A02316,2023-06-30,30875.3,0.0,30875.3,0,1
A02331,2023-06-30,15174.75,15174.75,0.0,1,0
A02339,2023-06-30,49786.91,49786.91,0.0,1,0
A02499,2023-06-30,6993.15,0.0,6993.15,0,1
A02522,2023-06-30,13896.12,0.0,13896.12,0,1
A02559,2023-06-30,11308.24,0.0,11308.24,0,1
A02657,2023-06-30,37668.87,0.0,37668.87,0,1
A02728,2023-06-30,12804.13,0.0,12804.13,0,1
A02752,2023-06-30,38021.53,0.0,38021.53,0,1
A02780,2023-06-30,31630.49,0.0,31630.49,0,1
A02789,2023-06-30,1182.25,0.0,1182.25,0,1
A00104,2023-07-31,21670.02,0.0,21670.02,0,1
A00147,2023-07-31,133361.6,0.0,133361.6,0,1
A00150,2023-07-31,27650.52,0.0,27650.52,0,1
A00233,2023-07-31,60858.54,0.0,60858.54,0,1
A00429,2023-07-31,49965.01,0.0,49965.01,0,1
A00465,2023-07-31,43302.33,0.0,43302.33,0,1
A00575,2023-07-31,65963.58,0.0,65963.58,0,1
A00773,2023-07-31,41140.44,0.0,41140.44,0,1
A00790,2023-07-31,17636.94,0.0,17636.94,0,1
A00801,2023-07-31,46698.78,0.0,46698.78,0,1
A00845,2023-07-31,54651.67,0.0,54651.67,0,1
A00846,2023-07-31,14431.12,0.0,14431.12,0,1
A01180,2023-07-31,40721.63,0.0,40721.63,0,1
A01190,2023-07-31,63863.51,0.0,63863.51,0,1
A01237,2023-07-31,34638.53,0.0,34638.53,0,1
A01266,2023-07-31,108101.99,0.0,108101.99,0,1
A01279,2023-07-31,22455.77,0.0,22455.77,0,1
A01362,2023-07-31,28265.42,0.0,28265.42,0,1
A01399,2023-07-31,48101.53,0.0,48101.53,0,1
A01409,2023-07-31,23756.49,0.0,23756.49,0,1
A01532,2023-07-31,23314.42,0.0,23314.42,0,1
A01590,2023-07-31,77090.9,77090.9,0.0,1,0
A01642,2023-07-31,28582.33,0.0,28582.33,0,1
A01739,2023-07-31,64257.23,0.0,64257.23,0,1
A01744,2023-07-31,15917.28,0.0,15917.28,0,1
A01763,2023-07-31,28065.97,0.0,28065.97,0,1
A01807,2023-07-31,27164.15,27164.15,0.0,1,0
A01871,2023-07-31,28668.81,0.0,28668.81,0,1
A01913,2023-07-31,15987.08,0.0,15987.08,0,1
A02025,2023-07-31,25817.74,25817.74,0.0,1,0
A02129,2023-07-31,34348.25,0.0,34348.25,0,1
A02259,2023-07-31,7472.13,0.0,7472.13,0,1
A02261,2023-07-31,22878.37,0.0,22878.37,0,1
A02316,2023-07-31,47764.72,0.0,47764.72,0,1
A02499,2023-07-31,20090.51,0.0,20090.51,0,1
A02522,2023-07-31,39784.08,0.0,39784.08,0,1
A02559,2023-07-31,18983.78,0.0,18983.78,0,1
A02657,2023-07-31,32323.44,0.0,32323.44,0,1
A02728,2023-07-31,5471.57,0.0,5471.57,0,1
A02752,2023-07-31,46871.04,0.0,46871.04,0,1
A02780,2023-07-31,23329.41,0.0,23329.41,0,1
A02789,2023-07-31,59528.94,0.0,59528.94,0,1
A00104,2023-08-31,16555.76,0.0,16555.76,0,1
A00147,2023-08-31,1080.27,0.0,1080.27,0,1
A00150,2023-08-31,33602.66,0.0,33602.66,0,1
A00233,2023-08-31,41038.77,0.0,41038.77,0,1
A00429,2023-08-31,43781.01,0.0,43781.01,0,1
A00465,2023-08-31,17480.94,0.0,17480.94,0,1
A00575,2023-08-31,59795.77,0.0,59795.77,0,1
A00773,2023-08-31,108696.23,0.0,108696.23,0,1
A00790,2023-08-31,14332.26,0.0,14332.26,0,1
A00801,2023-08-31,36276.76,0.0,36276.76,0,1
A00845,2023-08-31,25743.38,0.0,25743.38,0,1
A00846,2023-08-31,12038.03,0.0,12038.03,0,1
A01180,2023-08-31,21487.86,0.0,21487.86,0,1
A01190,2023-08-31,65692.39,0.0,65692.39,0,1
A01237,2023-08-31,105586.02,0.0,105586.02,0,1
A01266,2023-08-31,49907.41,0.0,49907.41,0,1
A01279,2023-08-31,38733.32,0.0,38733.32,0,1
A01362,2023-08-31,15172.39,0.0,15172.39,0,1
A01399,2023-08-31,5417.03,0.0,5417.03,0,1
A01409,2023-08-31,13184.37,0.0,13184.37,0,1
A01532,2023-08-31,53772.7,0.0,53772.7,0,1
A01642,2023-08-31,33222.79,0.0,33222.79,0,1
A01739,2023-08-31,89542.28,0.0,89542.28,0,1
A01744,2023-08-31,70572.05,0.0,70572.05,0,1
A01763,2023-08-31,37265.42,0.0,37265.42,0,1
A01871,2023-08-31,32834.81,0.0,32834.81,0,1
A01913,2023-08-31,95411.64,0.0,95411.64,0,1
A02129,2023-08-31,68842.28,0.0,68842.28,0,1
A02259,2023-08-31,27634.28,0.0,27634.28,0,1
A02261,2023-08-31,64003.84,0.0,64003.84,0,1
A02316,2023-08-31,47428.25,0.0,47428.25,0,1
A02499,2023-08-31,24737.46,0.0,24737.46,0,1
A02522,2023-08-31,44787.79,44787.79,0.0,1,0
A02559,2023-08-31,32375.75,0.0,32375.75,0,1
A02657,2023-08-31,23069.97,0.0,23069.97,0,1
A02728,2023-08-31,57388.37,0.0,57388.37,0,1
A02752,2023-08-31,36371.64,0.0,36371.64,0,1
A02780,2023-08-31,59214.41,0.0,59214.41,0,1
A02789,2023-08-31,34295.29,0.0,34295.29,0,1
A00104,2023-09-30,57358.64,0.0,57358.64,0,1
A00147,2023-09-30,62900.82,0.0,62900.82,0,1
A00150,2023-09-30,69345.9,0.0,69345.9,0,1
A00233,2023-09-30,50794.42,0.0,50794.42,0,1
A00429,2023-09-30,44973.66,0.0,44973.66,0,1
A00465,2023-09-30,42359.41,0.0,42359.41,0,1
A00575,2023-09-30,31403.3,0.0,31403.3,0,1
A00773,2023-09-30,84598.81,0.0,84598.81,0,1
A00790,2023-09-30,39996.23,0.0,39996.23,0,1
A00801,2023-09-30,76543.11,0.0,76543.11,0,1
A00845,2023-09-30,59786.81,0.0,59786.81,0,1
A00846,2023-09-30,33412.51,0.0,33412.51,0,1
A01180,2023-09-30,83822.63,0.0,83822.63,0,1
A01190,2023-09-30,50111.61,0.0,50111.61,0,1
A01237,2023-09-30,18551.91,0.0,18551.91,0,1
A01266,2023-09-30,35901.33,0.0,35901.33,0,1
A01279,2023-09-30,118332.57,0.0,118332.57,0,1
A01362,2023-09-30,103382.95,0.0,103382.95,0,1
A01399,2023-09-30,47573.83,0.0,47573.83,0,1
A01409,2023-09-30,59144.52,0.0,59144.52,0,1
A01532,2023-09-30,2630.28,0.0,2630.28,0,1
A01642,2023-09-30,42512.56,0.0,42512.56,0,1
A01739,2023-09-30,90126.04,0.0,90126.04,0,1
A01744,2023-09-30,10526.54,0.0,10526.54,0,1
A01763,2023-09-30,42650.56,42650.56,0.0,1,0
A01871,2023-09-30,27252.08,0.0,27252.08,0,1
A01913,2023-09-30,34203.2,0.0,34203.2,0,1
A02129,2023-09-30,63435.89,0.0,63435.89,0,1
A02259,2023-09-30,29883.66,0.0,29883.66,0,1
A02261,2023-09-30,122468.41,0.0,122468.41,0,1
A02316,2023-09-30,65263.14,65263.14,0.0,1,0
A02499,2023-09-30,27004.04,0.0,27004.04,0,1
A02559,2023-09-30,37148.67,37148.67,0.0,1,0
A02657,2023-09-30,102032.28,0.0,102032.28,0,1
A02728,2023-09-30,116767.01,0.0,116767.01,0,1
A02752,2023-09-30,15554.45,0.0,15554.45,0,1
A02780,2023-09-30,23134.0,0.0,23134.0,0,1
A02789,2023-09-30,51650.96,0.0,51650.96,0,1
A00104,2023-10-31,72323.7,72323.7,0.0,1,0
A00147,2023-10-31,146489.39,0.0,146489.39,0,1
A00150,2023-10-31,76450.92,0.0,76450.92,0,1
A00233,2023-10-31,120329.44,0.0,120329.44,0,1
A00429,2023-10-31,109342.19,0.0,109342.19,0,1
A00465,2023-10-31,120908.25,0.0,120908.25,0,1
A00575,2023-10-31,46014.8,0.0,46014.8,0,1
A00773,2023-10-31,135214.72,0.0,135214.72,0,1
A00790,2023-10-31,115946.98,0.0,115946.98,0,1
A00801,2023-10-31,210483.07,0.0,210483.07,0,1
A00845,2023-10-31,60208.83,60208.83,0.0,1,0
A00846,2023-10-31,92502.85,0.0,92502.85,0,1
A01180,2023-10-31,29873.94,0.0,29873.94,0,1
A01190,2023-10-31,20832.8,0.0,20832.8,0,1
A01237,2023-10-31,230723.69,230723.69,0.0,1,0
A01266,2023-10-31,105882.71,0.0,105882.71,0,1
A01279,2023-10-31,19213.51,0.0,19213.51,0,1
A01362,2023-10-31,114299.85,0.0,114299.85,0,1
A01399,2023-10-31,59868.99,0.0,59868.99,0,1
A01409,2023-10-31,119537.69,0.0,119537.69,0,1
A01532,2023-10-31,139368.33,0.0,139368.33,0,1
A01642,2023-10-31,99623.18,99623.18,0.0,1,0
A01739,2023-10-31,65910.88,0.0,65910.88,0,1
A01744,2023-10-31,82771.55,0.0,82771.55,0,1
A01871,2023-10-31,122902.09,0.0,122902.09,0,1
A01913,2023-10-31,134688.69,0.0,134688.69,0,1
A02129,2023-10-31,44632.67,44632.67,0.0,1,0
A02259,2023-10-31,25076.44,25076.44,0.0,1,0
A02261,2023-10-31,31845.72,0.0,31845.72,0,1
A02499,2023-10-31,68713.1,0.0,68713.1,0,1
A02657,2023-10-31,131778.73,0.0,131778.73,0,1
A02728,2023-10-31,71661.01,0.0,71661.01,0,1
A02752,2023-10-31,28817.91,0.0,28817.91,0,1
A02780,2023-10-31,97706.71,0.0,97706.71,0,1
A02789,2023-10-31,77441.51,0.0,77441.51,0,1
A00147,2023-11-30,48337.71,0.0,48337.71,0,1
A00150,2023-11-30,49731.43,49731.43,0.0,1,0
A00233,2023-11-30,66098.13,0.0,66098.13,0,1
A00429,2023-11-30,29262.77,0.0,29262.77,0,1
A00465,2023-11-30,78023.38,0.0,78023.38,0,1
A00575,2023-11-30,63801.59,0.0,63801.59,0,1
A00773,2023-11-30,80685.12,80685.12,0.0,1,0
A00790,2023-11-30,11633.66,0.0,11633.66,0,1
A00801,2023-11-30,131529.43,0.0,131529.43,0,1
A00846,2023-11-30,188212.4,0.0,188212.4,0,1
A01180,2023-11-30,47047.96,0.0,47047.96,0,1
A01190,2023-11-30,68029.01,0.0,68029.01,0,1
A01266,2023-11-30,38031.18,38031.18,0.0,1,0
A01279,2023-11-30,132800.71,0.0,132800.71,0,1
A01362,2023-11-30,27812.51,0.0,27812.51,0,1
A01399,2023-11-30,186039.46,0.0,186039.46,0,1
A01409,2023-11-30,116076.53,0.0,116076.53,0,1
A01532,2023-11-30,32296.71,0.0,32296.71,0,1
A01739,2023-11-30,65559.57,0.0,65559.57,0,1
A01744,2023-11-30,32104.65,0.0,32104.65,0,1
A01871,2023-11-30,30527.28,0.0,30527.28,0,1
A01913,2023-11-30,86905.35,0.0,86905.35,0,1
A02261,2023-11-30,55217.99,0.0,55217.99,0,1
A02499,2023-11-30,87030.58,0.0,87030.58,0,1
A02657,2023-11-30,47332.31,0.0,47332.31,0,1
A02728,2023-11-30,21136.43,0.0,21136.43,0,1
A02752,2023-11-30,65532.46,0.0,65532.46,0,1
A02780,2023-11-30,72029.1,0.0,72029.1,0,1
A02789,2023-11-30,42400.9,0.0,42400.9,0,1
A00147,2023-12-31,71120.06,0.0,71120.06,0,1
A00233,2023-12-31,46674.0,0.0,46674.0,0,1
A00429,2023-12-31,32630.1,0.0,32630.1,0,1
A00465,2023-12-31,47136.79,0.0,47136.79,0,1
A00575,2023-12-31,55865.04,0.0,55865.04,0,1
A00790,2023-12-31,14421.71,0.0,14421.71,0,1
A00801,2023-12-31,38485.29,0.0,38485.29,0,1
A00846,2023-12-31,31908.66,0.0,31908.66,0,1
A01180,2023-12-31,95179.15,0.0,95179.15,0,1
A01190,2023-12-31,30354.84,0.0,30354.84,0,1
A01279,2023-12-31,82103.21,0.0,82103.21,0,1
A01362,2023-12-31,59446.09,0.0,59446.09,0,1
A01399,2023-12-31,72299.05,0.0,72299.05,0,1
A01409,2023-12-31,69209.91,0.0,69209.91,0,1
A01532,2023-12-31,64677.33,0.0,64677.33,0,1
A01739,2023-12-31,15167.62,0.0,15167.62,0,1
A01744,2023-12-31,22633.21,0.0,22633.21,0,1
A01871,2023-12-31,33656.14,33656.14,0.0,1,0
A01913,2023-12-31,89942.13,89942.13,0.0,1,0
A02261,2023-12-31,75516.68,0.0,75516.68,0,1
A02499,2023-12-31,54453.72,0.0,54453.72,0,1
A02657,2023-12-31,10837.29,0.0,10837.29,0,1
A02728,2023-12-31,22082.28,0.0,22082.28,0,1
A02752,2023-12-31,45542.82,0.0,45542.82,0,1
A02780,2023-12-31,49104.83,0.0,49104.83,0,1
A02789,2023-12-31,60110.76,0.0,60110.76,0,1
A00147,2024-01-31,82424.06,0.0,82424.06,0,1
A00233,2024-01-31,53093.43,0.0,53093.43,0,1
A00429,2024-01-31,107722.97,0.0,107722.97,0,1
A00465,2024-01-31,52029.99,0.0,52029.99,0,1
A00575,2024-01-31,109174.29,0.0,109174.29,0,1
A00790,2024-01-31,22366.14,0.0,22366.14,0,1
A00801,2024-01-31,83958.28,0.0,83958.28,0,1
A00846,2024-01-31,33931.43,0.0,33931.43,0,1
A01180,2024-01-31,32265.6,0.0,32265.6,0,1
A01190,2024-01-31,44082.46,0.0,44082.46,0,1
A01279,2024-01-31,106023.23,0.0,106023.23,0,1
A01362,2024-01-31,59963.07,0.0,59963.07,0,1
A01399,2024-01-31,38418.54,0.0,38418.54,0,1
A01409,2024-01-31,48927.3,0.0,48927.3,0,1
A01532,2024-01-31,189960.47,0.0,189960.47,0,1
A01739,2024-01-31,83397.98,0.0,83397.98,0,1
A01744,2024-01-31,61966.2,0.0,61966.2,0,1
A02261,2024-01-31,146997.66,146997.66,0.0,1,0
A02499,2024-01-31,26580.63,0.0,26580.63,0,1
A02657,2024-01-31,148991.69,0.0,148991.69,0,1
A02728,2024-01-31,87351.49,0.0,87351.49,0,1
A02752,2024-01-31,11416.74,0.0,11416.74,0,1
A02780,2024-01-31,103277.01,0.0,103277.01,0,1
A02789,2024-01-31,65709.6,0.0,65709.6,0,1
A00147,2024-02-29,26686.15,0.0,26686.15,0,1
A00233,2024-02-29,105224.23,0.0,105224.23,0,1
A00429,2024-02-29,133563.44,0.0,133563.44,0,1
A00465,2024-02-29,73581.81,0.0,73581.81,0,1
A00575,2024-02-29,122915.43,0.0,122915.43,0,1
A00790,2024-02-29,112174.3,0.0,112174.3,0,1
A00801,2024-02-29,42365.01,0.0,42365.01,0,1
A00846,2024-02-29,180478.46,0.0,180478.46,0,1
A01180,2024-02-29,145754.07,145754.07,0.0,1,0
A01190,2024-02-29,41705.35,0.0,41705.35,0,1
A01279,2024-02-29,32507.27,0.0,32507.27,0,1
A01362,2024-02-29,326428.24,326428.24,0.0,1,0
A01399,2024-02-29,103488.77,0.0,103488.77,0,1
A01409,2024-02-29,53975.1,0.0,53975.1,0,1
A01532,2024-02-29,23980.78,0.0,23980.78,0,1
A01739,2024-02-29,26872.8,26872.8,0.0,1,0
A01744,2024-02-29,21586.08,0.0,21586.08,0,1
A02499,2024-02-29,18485.58,18485.58,0.0,1,0
A02657,2024-02-29,142518.01,0.0,142518.01,0,1
A02728,2024-02-29,127389.21,0.0,127389.21,0,1
A02752,2024-02-29,86288.3,0.0,86288.3,0,1
A02780,2024-02-29,113538.11,0.0,113538.11,0,1
A02789,2024-02-29,68046.23,0.0,68046.23,0,1
A00147,2024-03-31,170890.45,0.0,170890.45,0,1
A00233,2024-03-31,230724.31,0.0,230724.31,0,1
A00429,2024-03-31,209969.43,0.0,209969.43,0,1
A00465,2024-03-31,142966.95,0.0,142966.95,0,1
A00575,2024-03-31,423080.99,0.0,423080.99,0,1
A00790,2024-03-31,38251.16,0.0,38251.16,0,1
A00801,2024-03-31,65492.79,0.0,65492.79,0,1
A00846,2024-03-31,35942.17,0.0,35942.17,0,1
A01190,2024-03-31,110985.06,0.0,110985.06,0,1
A01279,2024-03-31,165099.11,0.0,165099.11,0,1
A01399,2024-03-31,152013.02,0.0,152013.02,0,1
A01409,2024-03-31,27892.09,0.0,27892.09,0,1
A01532,2024-03-31,106627.06,0.0,106627.06,0,1
A01744,2024-03-31,45697.17,0.0,45697.17,0,1
A02657,2024-03-31,34302.96,0.0,34302.96,0,1
A02728,2024-03-31,106831.48,0.0,106831.48,0,1
A02752,2024-03-31,73022.89,0.0,73022.89,0,1
A02780,2024-03-31,303398.28,303398.28,0.0,1,0
A02789,2024-03-31,323949.23,323949.23,0.0,1,0
A00147,2024-04-30,41971.07,0.0,41971.07,0,1
A00233,2024-04-30,188721.71,0.0,188721.71,0,1
A00429,2024-04-30,50847.17,0.0,50847.17,0,1
A00465,2024-04-30,265034.97,0.0,265034.97,0,1
A00575,2024-04-30,293548.22,0.0,293548.22,0,1
A00790,2024-04-30,146616.12,0.0,146616.12,0,1
A00801,2024-04-30,61662.44,0.0,61662.44,0,1
A00846,2024-04-30,303070.89,0.0,303070.89,0,1
A01190,2024-04-30,108375.28,0.0,108375.28,0,1
A01279,2024-04-30,252112.13,0.0,252112.13,0,1
A01399,2024-04-30,42306.86,0.0,42306.86,0,1
A01409,2024-04-30,136694.57,0.0,136694.57,0,1
A01532,2024-04-30,239606.43,0.0,239606.43,0,1
A01744,2024-04-30,37304.89,0.0,37304.89,0,1
A02657,2024-04-30,56202.14,0.0,56202.14,0,1
A02728,2024-04-30,248193.67,248193.67,0.0,1,0
A02752,2024-04-30,73098.19,0.0,73098.19,0,1
A00147,2024-05-31,46021.92,0.0,46021.92,0,1
A00233,2024-05-31,41852.7,0.0,41852.7,0,1
A00429,2024-05-31,2482.85,0.0,2482.85,0,1
A00465,2024-05-31,33583.58,0.0,33583.58,0,1
A00575,2024-05-31,3707.68,0.0,3707.68,0,1
A00790,2024-05-31,123955.05,0.0,123955.05,0,1
A00801,2024-05-31,149422.17,0.0,149422.17,0,1
A00846,2024-05-31,48117.76,0.0,48117.76,0,1
A01190,2024-05-31,61833.01,0.0,61833.01,0,1
A01279,2024-05-31,34171.75,0.0,34171.75,0,1
A01399,2024-05-31,35951.53,0.0,35951.53,0,1
A01409,2024-05-31,63678.54,0.0,63678.54,0,1
A01532,2024-05-31,81584.17,0.0,81584.17,0,1
A01744,2024-05-31,199150.14,0.0,199150.14,0,1
A02657,2024-05-31,17351.64,0.0,17351.64,0,1
A02752,2024-05-31,58143.56,0.0,58143.56,0,1
A00147,2024-06-30,146665.47,0.0,146665.47,0,1
A00233,2024-06-30,87229.66,0.0,87229.66,0,1
A00429,2024-06-30,337165.24,0.0,337165.24,0,1
A00465,2024-06-30,21237.03,0.0,21237.03,0,1
A00575,2024-06-30,167807.48,0.0,167807.48,0,1
A00790,2024-06-30,92004.06,92004.06,0.0,1,0
A00801,2024-06-30,70736.71,0.0,70736.71,0,1
A00846,2024-06-30,66609.85,66609.85,0.0,1,0
A01190,2024-06-30,84295.16,0.0,84295.16,0,1
A01279,2024-06-30,77403.03,0.0,77403.03,0,1
A01399,2024-06-30,133435.09,0.0,133435.09,0,1
A01409,2024-06-30,114852.46,0.0,114852.46,0,1
A01532,2024-06-30,224735.5,0.0,224735.5,0,1
A01744,2024-06-30,76950.98,0.0,76950.98,0,1
A02657,2024-06-30,277587.34,0.0,277587.34,0,1
A02752,2024-06-30,259621.03,0.0,259621.03,0,1
A00147,2024-07-31,184642.46,184642.46,0.0,1,0
A00233,2024-07-31,61602.57,61602.57,0.0,1,0
A00429,2024-07-31,13023.42,0.0,13023.42,0,1
A00465,2024-07-31,22770.19,0.0,22770.19,0,1
A00575,2024-07-31,84475.9,84475.9,0.0,1,0
A00801,2024-07-31,140361.54,0.0,140361.54,0,1
A01190,2024-07-31,49716.66,0.0,49716.66,0,1
A01279,2024-07-31,284119.44,0.0,284119.44,0,1
A01399,2024-07-31,88012.65,0.0,88012.65,0,1
A01409,2024-07-31,73228.0,0.0,73228.0,0,1
A01532,2024-07-31,309100.66,0.0,309100.66,0,1
A01744,2024-07-31,271449.09,0.0,271449.09,0,1
A02657,2024-07-31,173652.03,0.0,173652.03,0,1
A02752,2024-07-31,67093.64,0.0,67093.64,0,1
A00429,2024-08-31,296569.84,0.0,296569.84,0,1
A00465,2024-08-31,82496.85,0.0,82496.85,0,1
A00801,2024-08-31,341286.77,0.0,341286.77,0,1
A01190,2024-08-31,655472.05,0.0,655472.05,0,1
A01279,2024-08-31,117044.99,0.0,117044.99,0,1
A01399,2024-08-31,71533.13,0.0,71533.13,0,1
A01409,2024-08-31,225905.82,0.0,225905.82,0,1
A01532,2024-08-31,181616.38,0.0,181616.38,0,1
A01744,2024-08-31,62854.37,0.0,62854.37,0,1
A02657,2024-08-31,87304.36,0.0,87304.36,0,1
A02752,2024-08-31,400926.13,0.0,400926.13,0,1
A00429,2024-09-30,278725.21,0.0,278725.21,0,1
A00465,2024-09-30,454340.98,0.0,454340.98,0,1
A00801,2024-09-30,102486.23,0.0,102486.23,0,1
A01190,2024-09-30,72064.03,0.0,72064.03,0,1
A01279,2024-09-30,102900.87,0.0,102900.87,0,1
A01399,2024-09-30,19197.53,0.0,19197.53,0,1
A01409,2024-09-30,25147.44,0.0,25147.44,0,1
A01532,2024-09-30,123577.71,0.0,123577.71,0,1
A01744,2024-09-30,74670.0,0.0,74670.0,0,1
A02657,2024-09-30,191077.32,0.0,191077.32,0,1
A02752,2024-09-30,230703.75,0.0,230703.75,0,1
A00429,2024-10-31,175927.21,0.0,175927.21,0,1
A00465,2024-10-31,64418.47,0.0,64418.47,0,1
A00801,2024-10-31,307751.48,0.0,307751.48,0,1
A01190,2024-10-31,326510.82,0.0,326510.82,0,1
A01279,2024-10-31,552192.58,0.0,552192.58,0,1
A01399,2024-10-31,171168.34,0.0,171168.34,0,1
A01409,2024-10-31,298890.25,0.0,298890.25,0,1
A01532,2024-10-31,458135.36,0.0,458135.36,0,1
A01744,2024-10-31,76607.44,0.0,76607.44,0,1
A02657,2024-10-31,399908.63,0.0,399908.63,0,1
A02752,2024-10-31,28502.87,28502.87,0.0,1,0
A00429,2024-11-30,145568.83,0.0,145568.83,0,1
A00465,2024-11-30,121163.85,0.0,121163.85,0,1
A00801,2024-11-30,311705.23,0.0,311705.23,0,1
A01190,2024-11-30,312689.11,0.0,312689.11,0,1
A01279,2024-11-30,371227.45,0.0,371227.45,0,1
A01399,2024-11-30,257465.37,0.0,257465.37,0,1
A01409,2024-11-30,161197.76,0.0,161197.76,0,1
A01532,2024-11-30,77145.68,0.0,77145.68,0,1
A01744,2024-11-30,283219.25,283219.25,0.0,1,0
A02657,2024-11-30,36538.86,0.0,36538.86,0,1
A00429,2024-12-31,117258.53,0.0,117258.53,0,1
A00465,2024-12-31,239827.26,0.0,239827.26,0,1
A00801,2024-12-31,52676.32,0.0,52676.32,0,1
A01190,2024-12-31,270315.49,0.0,270315.49,0,1
A01279,2024-12-31,151277.64,0.0,151277.64,0,1
A01399,2024-12-31,280975.43,0.0,280975.43,0,1
A01409,2024-12-31,175147.46,175147.46,0.0,1,0
A01532,2024-12-31,186046.33,0.0,186046.33,0,1
A02657,2024-12-31,402511.9,0.0,402511.9,0,1
