account_id,date,feature_purchased,sessions_last_30d,last_login_days,support_tickets_30d
A00001,2023-01-31,Analytics,8.166228128289317,1.0273388023052994,0
A00002,2023-01-31,API,20.822555090955202,3.2334935482459914,1
A00003,2023-01-31,Automation,13.300774522642921,1.6879231819312426,0
A00004,2023-01-31,Premium Support,2.7589421198445487,25.23044850621111,4
A00005,2023-01-31,Core,6.703918040356639,26.97558150645915,2
A00006,2023-01-31,Core,2.093596707954496,16.481373719354515,6
A00007,2023-01-31,Core,14.124417609055172,3.8757640278327723,1
A00008,2023-01-31,Automation,13.81559776643514,1.1123701159605788,2
A00009,2023-01-31,Premium Support,2.966221355270362,28.65240615636649,5
A00010,2023-01-31,Core,14.221390441542281,2.3644243831678455,2
A00011,2023-01-31,Core,16.53748497144972,2.016863499288711,1
A00012,2023-01-31,Premium Support,13.291164093550433,2.4001238323252414,2
A00013,2023-01-31,Analytics,17.52259803693245,2.3905264989670156,0
A00014,2023-01-31,Analytics,17.39868551567409,3.857104419063244,0
A00015,2023-01-31,Core,12.076713851777455,2.5202207318217247,1
A00016,2023-01-31,Core,0.0,33.81056658207912,5
A00017,2023-01-31,Core,3.880353251476821,25.499570343853083,2
A00018,2023-01-31,API,3.4242343861399394,21.276956738832094,6
A00019,2023-01-31,API,14.296943667808193,1.0431530263770141,0
A00020,2023-01-31,Core,14.207947252823377,2.1090039895795942,0
A00021,2023-01-31,API,6.1095999300244745,4.883283555780828,2
A00022,2023-01-31,Core,4.355614834654363,33.33855529064691,4
A00023,2023-01-31,Core,9.908160585012638,2.2331469963354516,2
A00024,2023-01-31,Core,5.996361260352986,32.278749567614064,1
A00025,2023-01-31,Core,18.7582489751636,1.7719109575127974,1
A00026,2023-01-31,Premium Support,16.555814997366763,1.795480738932569,1
A00027,2023-01-31,Core,13.284597687983334,2.0914097731614834,2
A00028,2023-01-31,Core,10.975955190188905,1.7479967245354686,0
A00029,2023-01-31,Automation,5.0433755738709785,17.38805543530207,4
A00030,2023-01-31,Core,19.8279257192781,1.512389294183101,1
A00031,2023-01-31,Core,11.923407840440118,4.022392818747079,1
A00032,2023-01-31,Core,6.933213936841809,1.7479862567026485,2
A00033,2023-01-31,Core,6.833853583000657,35.33201057407344,3
A00034,2023-01-31,Core,18.50150934085368,1.3309639001567832,0
A00035,2023-01-31,API,18.977647061499567,2.9331430304011468,0
A00036,2023-01-31,Analytics,17.115044012747987,2.7334677873513344,0
A00037,2023-01-31,Core,17.604559031704344,2.4192602365321703,1
A00038,2023-01-31,Automation,14.158802222160626,0.9726646437814801,3
A00039,2023-01-31,Core,1.6075053411094282,29.71362903664923,1
A00040,2023-01-31,Analytics,14.08364312450004,3.6861729857461807,1
A00041,2023-01-31,Core,15.864718317258252,1.2365262922893203,2
A00042,2023-01-31,Core,13.594189830301248,2.6409021702125046,1
A00043,2023-01-31,Analytics,13.457491643781154,1.0553286698186977,1
A00044,2023-01-31,Core,11.107645882945032,3.008383235601769,2
A00045,2023-01-31,Core,2.3884460428598424,19.07840498011824,2
A00046,2023-01-31,Analytics,19.51444554429821,1.0368121124599998,0
A00047,2023-01-31,Automation,19.623039109640427,1.2876575233030985,3
A00048,2023-01-31,Analytics,13.99205860626169,1.4461974033389766,1
A00049,2023-01-31,Core,14.84457081527878,2.4046733549242196,0
A00050,2023-01-31,Core,11.057425828888944,2.069383706137783,0
A00051,2023-01-31,Analytics,0.0,12.04273541413631,4
A00052,2023-01-31,Core,19.2789475148426,1.9720529862011797,1
A00053,2023-01-31,Core,9.41230766016592,0.8564985927089037,2
A00054,2023-01-31,Analytics,4.460433523922467,33.95496678408523,4
A00055,2023-01-31,Premium Support,15.617066727935121,2.826902898872407,0
A00056,2023-01-31,Automation,15.582819544667773,1.9760526614506382,1
A00057,2023-01-31,Core,4.994135773862526,23.529253383106223,4
A00058,2023-01-31,Automation,8.359656392831152,17.814410453470515,4
A00059,2023-01-31,Core,13.299548966382012,1.842397007607881,1
A00060,2023-01-31,Automation,16.019521016469074,1.0557420499491104,1
A00061,2023-01-31,API,0.0,22.890346799916088,3
A00062,2023-01-31,API,12.103654121180913,0.8673462342346552,1
A00063,2023-01-31,Core,14.812442470643044,1.7894310367270574,0
A00064,2023-01-31,API,2.8482299819885553,23.49102625234931,4
A00065,2023-01-31,Analytics,14.650786056250958,1.2981801667911297,1
A00066,2023-01-31,API,11.356456371541647,1.7499124043554892,1
A00067,2023-01-31,Analytics,12.609318080432967,2.8998913262140826,1
A00068,2023-01-31,Core,12.632277739476027,3.105668788324186,0
A00069,2023-01-31,Analytics,11.472668135207886,2.9262058630906704,2
A00070,2023-01-31,Core,14.940618744817007,2.3363540891284145,2
A00071,2023-01-31,Core,15.254336288879234,1.742283438612344,3
A00072,2023-01-31,Analytics,2.422062594166589,27.85262806916421,5
A00073,2023-01-31,Analytics,11.427132955518106,2.3676609932772745,1
A00074,2023-01-31,Core,12.26756394131362,0.0,1
A00075,2023-01-31,Core,18.663708355793712,0.07663272352698702,1
A00076,2023-01-31,Analytics,13.506512407781239,1.8383323442130528,1
A00077,2023-01-31,Premium Support,14.090393087754903,2.2645772446304973,2
A00078,2023-01-31,Analytics,13.474688835813051,1.5489150961707394,1
A00079,2023-01-31,Automation,17.39909245616493,3.535531148593968,2
A00080,2023-01-31,Analytics,1.2700810118331742,13.424291626130648,4
A00081,2023-01-31,Core,17.339624301766545,1.7505920932047423,1
A00082,2023-01-31,Core,14.079702834072643,3.3863099451817957,0
A00083,2023-01-31,Core,1.7442915743185687,28.857660360710288,8
A00084,2023-01-31,Premium Support,19.775639233277765,2.512558693474669,3
A00085,2023-01-31,Core,16.568926930866553,1.2247423402425035,2
A00086,2023-01-31,Core,5.1522245334360495,24.352115909930127,4
A00087,2023-01-31,API,1.284474457743165,17.882710365580394,3
A00088,2023-01-31,API,12.393173254222715,1.9575831201994869,0
A00089,2023-01-31,API,18.232110209565967,0.9499585585554677,1
A00090,2023-01-31,Core,18.434853768153474,1.6709252308034817,0
A00091,2023-01-31,Premium Support,11.235551684956832,2.260600303055161,2
A00092,2023-01-31,Core,2.5722386044358383,31.293527683255817,4
A00093,2023-01-31,Core,16.346572111883987,0.736258731478763,1
A00094,2023-01-31,Automation,2.784124406813188,35.328540934653404,4
A00095,2023-01-31,Premium Support,11.773096647098429,1.9474726312768276,3
A00096,2023-01-31,Premium Support,18.297629830981485,1.506109200261892,1
A00097,2023-01-31,Analytics,14.052038054100663,1.729482068613623,1
A00098,2023-01-31,Automation,0.0,22.562595250642207,2
A00099,2023-01-31,Core,13.640038490497139,0.5506001581913738,2
A00100,2023-01-31,Automation,14.00739428329912,1.4652492226083014,1
A00101,2023-01-31,Automation,10.823329420654133,1.7868314750696952,0
A00102,2023-01-31,Core,14.936520856554589,1.6896098963937516,0
A00103,2023-01-31,Core,16.873427766495745,2.111795918796453,1
A00104,2023-01-31,Automation,14.714601962186038,2.418894570475197,0
A00105,2023-01-31,Analytics,12.37446773186037,2.6817262268966697,1
A00106,2023-01-31,Premium Support,13.554583794779102,1.3664491644886092,1
A00107,2023-01-31,Automation,13.986369929619647,0.42420319608021506,1
A00108,2023-01-31,Automation,14.651964882443146,3.271596365728607,1
A00109,2023-01-31,Core,1.9029804127648542,23.443716631909247,5
A00110,2023-01-31,API,4.432776481700106,35.24249657155846,1
A00111,2023-01-31,Automation,9.79191011411087,2.2777050564924215,0
A00112,2023-01-31,Analytics,12.313036784033926,3.067994733268124,1
A00113,2023-01-31,Core,14.49806315268991,3.7291765252393914,0
A00114,2023-01-31,API,2.4508208138664704,28.639263016077358,2
A00115,2023-01-31,Core,17.893539324609655,3.0596706373498606,1
A00116,2023-01-31,Core,19.324056024762367,0.7903979276852757,1
A00117,2023-01-31,Core,3.9948389895130805,29.42078029621823,1
A00118,2023-01-31,Core,16.28992752650748,1.6649873507436805,1
A00119,2023-01-31,Analytics,9.636615396791091,2.3425698517042095,0
A00120,2023-01-31,Core,15.28964471948445,3.6111939354362215,0
A00121,2023-01-31,Analytics,10.774207695617415,2.249889394279258,2
A00122,2023-01-31,Automation,13.81238241273575,1.0623092607331233,1
A00123,2023-01-31,Analytics,2.780161365180475,19.04402405663056,1
A00124,2023-01-31,Analytics,14.910662708571289,3.6457800627539383,0
A00125,2023-01-31,Core,11.408560342459014,2.513793412385233,1
A00126,2023-01-31,Analytics,0.7041174350907791,19.98830241243651,6
A00127,2023-01-31,API,4.6404323097665205,29.721557113386293,4
A00128,2023-01-31,Automation,11.117767660527345,2.2678617846678435,0
A00129,2023-01-31,Automation,20.309418600171504,1.0130400938731898,1
A00130,2023-01-31,Analytics,17.20043607880026,2.387198355703652,1
A00131,2023-01-31,Core,15.036609874987235,0.8251298634259723,2
A00132,2023-01-31,API,12.824530129257376,1.6407115549722406,1
A00133,2023-01-31,Premium Support,13.067631551083402,1.3571068513405944,0
A00134,2023-01-31,Premium Support,4.024412028255664,25.651342911549605,4
A00135,2023-01-31,Premium Support,14.919732612993704,1.653231373466593,1
A00136,2023-01-31,Core,4.751584571153561,1.1011335755370713,0
A00137,2023-01-31,Automation,21.262815546976512,1.7896101161092162,0
A00138,2023-01-31,Core,3.4095652205989966,16.581919962631208,3
A00139,2023-01-31,Core,15.03010701720445,3.7679319429815843,2
A00140,2023-01-31,API,17.26008444030439,2.3047089971575088,1
A00141,2023-01-31,Core,15.39620848193476,2.3341126329835378,3
A00142,2023-01-31,Core,16.24072585315043,2.495613835219245,3
A00143,2023-01-31,Core,12.728829597905225,2.8718085122411257,1
A00144,2023-01-31,Core,0.14059242492557722,29.834749577853124,2
A00145,2023-01-31,Core,14.84069834441959,2.281713024424119,2
A00146,2023-01-31,Analytics,18.29484395682377,2.7112469185631434,1
A00147,2023-01-31,Core,12.056592324850648,0.0,0
A00148,2023-01-31,Analytics,11.81592801554067,4.089051583278826,1
A00149,2023-01-31,API,17.663057781139813,3.5897298447133985,1
A00150,2023-01-31,Core,12.628264384576726,2.2171357518592902,1
A00151,2023-01-31,Automation,12.768320258496795,0.5869935495912335,1
A00152,2023-01-31,Core,12.880567181161274,3.2103504324929446,0
A00153,2023-01-31,Automation,13.805057057028563,1.306123500935289,2
A00154,2023-01-31,Premium Support,9.279085712293885,2.5338410165749354,1
A00155,2023-01-31,Premium Support,12.38197966237512,0.7170943982145337,0
A00156,2023-01-31,Analytics,14.691104057419166,4.2264068989731225,3
A00157,2023-01-31,Automation,14.669713808524488,0.5577832378913798,2
A00158,2023-01-31,Core,17.47397915773876,2.0689860703165013,0
A00159,2023-01-31,Premium Support,19.518176666584413,0.0,1
A00160,2023-01-31,Core,3.60758773529793,29.922995232278446,5
A00161,2023-01-31,Analytics,16.743957152221803,1.5747147948617242,1
A00162,2023-01-31,Analytics,13.553796227698378,3.137183393905966,1
A00163,2023-01-31,Automation,4.447328429483831,29.683158909475036,5
A00164,2023-01-31,API,14.053635297525206,3.1386235828463303,2
A00165,2023-01-31,Core,15.756736309318693,0.9758794324113291,1
A00166,2023-01-31,Core,16.465813394737005,1.7180383969552562,0
A00167,2023-01-31,Automation,2.931529917832918,20.32715655532581,3
A00168,2023-01-31,Premium Support,13.636473585871842,2.495588255632917,0
A00169,2023-01-31,Core,16.360586719526786,2.3683744264070565,2
A00170,2023-01-31,API,17.782617515250507,2.7222251549233616,2
A00171,2023-01-31,Analytics,16.640481152202625,2.266830603289739,0
A00172,2023-01-31,Core,4.975787761896892,26.638974043241458,4
A00173,2023-01-31,Core,3.109916899344919,18.529009977357966,4
A00174,2023-01-31,API,11.427297711835678,2.388798666881234,2
A00175,2023-01-31,Core,1.119255395128593,28.306392107177796,4
A00176,2023-01-31,Automation,14.77122559602479,0.3200072326124028,1
A00177,2023-01-31,Core,15.5594112606669,2.489007954968928,0
A00178,2023-01-31,Analytics,9.756403046167911,2.6767797779381173,0
A00179,2023-01-31,Core,12.488014674909348,3.461186377471683,2
A00180,2023-01-31,API,14.729856395916181,2.7260469332902093,2
A00181,2023-01-31,Core,11.300960269707193,2.1003159421587085,0
A00182,2023-01-31,Core,15.301712459178814,2.4300731955100385,1
A00183,2023-01-31,Analytics,13.077715127250302,1.2649621654386598,2
A00184,2023-01-31,Analytics,11.82973918499223,1.6120319276422541,1
A00185,2023-01-31,Analytics,2.879701298436887,14.045366908999986,4
A00186,2023-01-31,Core,15.176840988737302,3.487029514344223,3
A00187,2023-01-31,Core,11.454413257190216,2.450157318950846,1
A00188,2023-01-31,Core,13.272162860557858,1.0838875396753862,1
A00189,2023-01-31,Core,15.403035131921325,2.2713569626625842,3
A00190,2023-01-31,Core,11.713729450049698,3.1593477099943326,1
A00191,2023-01-31,Core,9.026729478728296,2.992792325454384,1
A00192,2023-01-31,Analytics,9.390278462930738,1.0723613868335988,1
A00193,2023-01-31,Core,4.980322400210639,30.86892909900717,3
A00194,2023-01-31,Analytics,10.044745171084585,2.39538608489638,1
A00195,2023-01-31,Automation,12.956834314471262,1.1131303681617668,0
A00196,2023-01-31,Automation,18.994828553518037,2.622327505980501,0
A00197,2023-01-31,Analytics,9.864204836933954,2.950270388336241,3
A00198,2023-01-31,Core,13.152185445566898,3.1136331111633826,1
A00199,2023-01-31,Analytics,20.396913662814153,3.7447404859785314,4
A00200,2023-01-31,Core,15.22439024892713,3.2363569180773037,1
A00201,2023-01-31,Analytics,12.896830137573202,3.7495488287840217,0
A00202,2023-01-31,Premium Support,13.529352096442285,3.3790603432353308,0
A00203,2023-01-31,Analytics,15.288087525179833,3.466217574022167,0
A00204,2023-01-31,Premium Support,0.7460536552424006,24.545709605330263,3
A00205,2023-01-31,Core,12.407439177568271,0.7106735687676227,2
A00206,2023-01-31,Core,11.727169151335152,4.482270254482412,1
A00207,2023-01-31,Core,9.863573801659317,2.0629529352160203,0
A00208,2023-01-31,Core,14.309288097529413,3.2287080639742345,1
A00209,2023-01-31,Core,9.782937890546261,1.449725168975778,2
A00210,2023-01-31,Premium Support,12.608652125534617,2.9639224425456394,1
A00211,2023-01-31,Analytics,11.273949676668943,0.0,0
A00212,2023-01-31,Premium Support,17.222370530702317,1.589556608999046,3
A00213,2023-01-31,Automation,12.474810837899582,1.9015889166077116,1
A00214,2023-01-31,API,15.190790984016848,2.462608768305186,0
A00215,2023-01-31,Premium Support,9.187723994934311,3.072024676601108,0
A00216,2023-01-31,Core,14.394520863358537,0.9058570783696847,0
A00217,2023-01-31,Automation,10.390519082417754,2.659968188920204,0
A00218,2023-01-31,API,12.723054500210422,3.2266669766367415,0
A00219,2023-01-31,Analytics,20.633607722768673,4.345911582754257,1
A00220,2023-01-31,API,16.79652313172265,2.706627983837534,0
A00221,2023-01-31,Premium Support,4.608192784330897,19.942427191913573,6
A00222,2023-01-31,Premium Support,23.59682572934959,0.728235342891739,0
A00223,2023-01-31,Core,11.254475928880048,3.8292022978652303,0
A00224,2023-01-31,Core,17.495649146226086,2.7373419355929416,1
A00225,2023-01-31,Core,9.401976629458657,1.9780243684197605,0
A00226,2023-01-31,Automation,13.268231727056158,0.3801817057781818,2
A00227,2023-01-31,Core,9.956630749458318,1.0688160491019472,0
A00228,2023-01-31,API,1.860213116293713,34.19496382875409,7
A00229,2023-01-31,Core,14.16791076073627,2.3538330241259002,0
A00230,2023-01-31,Premium Support,0.0,15.625101575828019,5
A00231,2023-01-31,Automation,17.27617107537892,2.6326125565018286,1
A00232,2023-01-31,Analytics,12.29870308099163,0.43156355178004,1
A00233,2023-01-31,Core,14.980555243421971,3.35400906860226,0
A00234,2023-01-31,Automation,16.461664820814015,2.208555914904957,0
A00235,2023-01-31,Core,9.55033637331145,1.5365785512507002,2
A00236,2023-01-31,Analytics,11.75475697497685,2.990154339110673,2
A00237,2023-01-31,Premium Support,14.161582901947503,2.353499288445785,1
A00238,2023-01-31,API,15.890460258284955,3.3249276085050186,1
A00239,2023-01-31,Premium Support,18.2637132977646,2.0804756133895674,0
A00240,2023-01-31,Analytics,13.352360603816239,2.1388193664057136,2
A00241,2023-01-31,API,13.050586872050348,1.7147495674020912,2
A00242,2023-01-31,Premium Support,5.55852398996624,27.33820534234321,4
A00243,2023-01-31,API,14.989952276531099,3.6979508797892535,0
A00244,2023-01-31,Premium Support,13.108647278905725,1.497235829938956,0
A00245,2023-01-31,Automation,13.177903211522844,2.647955149330636,1
A00246,2023-01-31,Core,13.718334482334475,1.119556416992049,1
A00247,2023-01-31,Core,15.654884186271017,0.0,0
A00248,2023-01-31,API,12.308808340462218,2.2074587403701096,0
A00249,2023-01-31,Automation,11.683525733273285,2.370405423469423,1
A00250,2023-01-31,Automation,15.29517255840231,1.889948730557516,1
A00251,2023-01-31,Core,4.922825294352245,0.5040150292277639,2
A00252,2023-01-31,API,5.5810628904392034,30.024316530524874,5
A00253,2023-01-31,API,2.2276636559350806,12.42501426224283,3
A00254,2023-01-31,Analytics,17.609774669050367,1.1112193689074266,3
A00255,2023-01-31,Analytics,12.67720171237131,0.64650842852698,0
A00256,2023-01-31,Premium Support,12.317851654198307,1.7476120722940327,2
A00257,2023-01-31,Analytics,13.854132544240178,2.6529292467777683,0
A00258,2023-01-31,Core,12.213882714605258,2.416654731791991,3
A00259,2023-01-31,Analytics,12.792055525539396,1.119163002165922,0
A00260,2023-01-31,Core,14.29133123126949,2.1369250850220074,0
A00261,2023-01-31,API,12.733878696481195,2.887126405475567,1
A00262,2023-01-31,Premium Support,12.71234764318389,0.8273342907331853,0
A00263,2023-01-31,API,7.456919001411754,22.76408287923687,6
A00264,2023-01-31,Automation,3.359306303414385,17.15584248306851,7
A00265,2023-01-31,API,14.181910692770842,0.7250678447061019,1
A00266,2023-01-31,Analytics,14.919801529357468,3.155526291049509,1
A00267,2023-01-31,Analytics,9.715530068648151,3.619187452322385,0
A00268,2023-01-31,Analytics,16.279824246142542,1.7777944748291135,2
A00269,2023-01-31,Core,16.29214291947424,1.6569913809837193,3
A00270,2023-01-31,Core,2.159059583914619,32.65830135444755,3
A00271,2023-01-31,API,14.899667254221793,1.8138696249704809,1
A00272,2023-01-31,Core,15.911246300866988,0.0,1
A00273,2023-01-31,Core,1.0598867230512492,20.640118964203925,0
A00274,2023-01-31,Analytics,13.09543519736812,2.470403968194563,2
A00275,2023-01-31,Premium Support,10.86292549733133,2.740083853582468,0
A00276,2023-01-31,Core,9.397820350335614,1.1193708352480773,1
A00277,2023-01-31,Automation,19.26702179069695,1.7301988805273916,1
A00278,2023-01-31,Analytics,19.306361776095972,2.9769072641522993,0
A00279,2023-01-31,Core,11.22620077419731,1.9400013785866626,0
A00280,2023-01-31,Core,11.81803756196433,0.4712620060390864,0
A00281,2023-01-31,Core,13.028026887406483,3.237638009620376,1
A00282,2023-01-31,Analytics,17.67277061643795,1.785888977622755,0
A00283,2023-01-31,Analytics,10.138093404559068,3.09121877718138,2
A00284,2023-01-31,API,2.8184761130564615,30.03640237587969,3
A00285,2023-01-31,Core,20.502543429686483,1.879013252410915,3
A00286,2023-01-31,Core,14.937119860760227,2.5097360236772346,1
A00287,2023-01-31,Core,15.363239917755681,1.9128551384990122,2
A00288,2023-01-31,Automation,13.38468198440002,0.8169937976790071,3
A00289,2023-01-31,Core,15.39735477115407,0.0,1
A00290,2023-01-31,Analytics,3.370458661872831,25.421459564251077,7
A00291,2023-01-31,API,11.47723829941931,2.248038201901325,1
A00292,2023-01-31,Core,14.315473653567816,3.166801052791138,1
A00293,2023-01-31,Core,7.187327321299275,2.928669099360449,2
A00294,2023-01-31,Analytics,13.092447158557313,2.596846826119579,2
A00295,2023-01-31,Premium Support,12.907506888996778,1.678662644852932,0
A00296,2023-01-31,Automation,13.091929304148916,2.4897669256391284,0
A00297,2023-01-31,Core,12.346754576537057,3.4325369463707247,0
A00298,2023-01-31,Core,11.01232422237651,2.0830109282737572,1
A00299,2023-01-31,Core,8.53390444918724,3.90170104439919,2
A00300,2023-01-31,Core,14.434241141502236,0.500578113533144,3
A00301,2023-01-31,Premium Support,13.09962803961127,0.3930913887375531,0
A00302,2023-01-31,Core,9.874155360293965,2.988075214519394,3
A00303,2023-01-31,Core,14.187600238501313,1.1812570634791217,1
A00304,2023-01-31,Core,13.115149414781882,4.043336920428779,2
A00305,2023-01-31,Automation,12.616928145013656,3.3373413712329434,0
A00306,2023-01-31,Analytics,7.529315339577648,3.5875715067580414,0
A00307,2023-01-31,Core,16.04830253692368,2.8844363055512505,0
A00308,2023-01-31,Core,10.300846879672608,1.0784163763297057,0
A00309,2023-01-31,Core,14.189810764523724,0.34065839986480806,0
A00310,2023-01-31,Core,11.575194669701922,3.495294669189022,0
A00311,2023-01-31,Premium Support,12.833820447356045,0.5004317939879428,2
A00312,2023-01-31,API,17.456877475249733,3.58488568772752,0
A00313,2023-01-31,API,15.594854602410122,2.669614760229355,1
A00314,2023-01-31,Analytics,17.39011983886841,1.9237473461798982,0
A00315,2023-01-31,Analytics,14.991156483864719,2.442047684335311,2
A00316,2023-01-31,Automation,15.188430753022342,2.4652909354490995,1
A00317,2023-01-31,Core,8.656582999321467,1.7975896114129197,0
A00318,2023-01-31,API,13.047425018400338,3.425687234919314,0
A00319,2023-01-31,Analytics,13.325273204454176,3.391400860599534,2
A00320,2023-01-31,Core,17.670994461055926,2.155659301820941,2
A00321,2023-01-31,Core,3.0973245567821572,24.404545535638167,0
A00322,2023-01-31,Automation,14.794578527168367,3.305954044404291,2
A00323,2023-01-31,Premium Support,14.677272029254256,0.0,0
A00324,2023-01-31,Core,17.473025480842182,2.443892607011323,1
A00325,2023-01-31,Core,13.5987677530816,2.7395751082089217,0
A00326,2023-01-31,API,5.37942000529921,24.206761372602912,2
A00327,2023-01-31,Automation,3.6179811163497817,19.97465813184874,4
A00328,2023-01-31,Analytics,9.157941701168175,1.9736141386833734,1
A00329,2023-01-31,Premium Support,7.14996696612642,1.454299878050882,2
A00330,2023-01-31,Automation,16.3579549254,2.963223339663672,0
A00331,2023-01-31,Core,16.021000813366207,0.9143155713022508,1
A00332,2023-01-31,Core,16.690482721697848,2.8691933365638795,2
A00333,2023-01-31,Core,11.967914492881421,0.017653786180744202,0
A00334,2023-01-31,Automation,12.309357027396,2.2857044467311964,0
A00335,2023-01-31,Analytics,13.636857072013068,2.0438439562134945,1
A00336,2023-01-31,Premium Support,18.33109790884297,1.4603042331342397,3
A00337,2023-01-31,API,19.08148438286615,2.389624867889011,2
A00338,2023-01-31,API,16.38142546952409,1.9204298706322123,1
A00339,2023-01-31,Core,14.993059174410503,3.054695627305547,1
A00340,2023-01-31,Core,18.00614809310038,2.560150988803435,0
A00341,2023-01-31,Premium Support,13.232472628551324,2.452694232874353,1
A00342,2023-01-31,Analytics,12.827175408553115,2.2918612035602046,0
A00343,2023-01-31,Premium Support,13.612933638158566,1.527833543452958,0
A00344,2023-01-31,Core,11.063856891741267,1.6981964500243028,1
A00345,2023-01-31,API,13.474971906885163,2.2482158402208894,2
A00346,2023-01-31,Analytics,10.647775868648178,1.826640512892864,1
A00347,2023-01-31,Core,17.075023456698734,3.111452830432996,6
A00348,2023-01-31,Analytics,2.166759266951772,27.85908797936308,2
A00349,2023-01-31,Premium Support,18.288687192643476,2.375966607825131,0
A00350,2023-01-31,Analytics,9.112151591257431,0.597316066104439,1
A00351,2023-01-31,Analytics,19.705090840766218,2.9432302720603776,1
A00352,2023-01-31,API,9.28257375861968,1.4188264063256564,2
A00353,2023-01-31,Automation,10.405075774750383,0.9573464177032862,0
A00354,2023-01-31,Automation,3.0083182775623123,30.675262532287732,3
A00355,2023-01-31,Analytics,17.923162075909595,2.6976215224325917,0
A00356,2023-01-31,Analytics,14.676720491685721,2.9770957188917753,1
A00357,2023-01-31,Analytics,13.268512248435284,2.4544961829073175,1
A00358,2023-01-31,Premium Support,11.622117696064517,1.906849204096289,1
A00359,2023-01-31,Premium Support,9.872194548017902,1.7203959919437366,1
A00360,2023-01-31,API,17.39788197107903,2.77911018545667,1
A00361,2023-01-31,Core,16.39591778314592,3.132519042238293,0
A00362,2023-01-31,Premium Support,18.057351131277052,1.9318162520741542,1
A00363,2023-01-31,Core,15.190454380943372,4.072542864700802,1
A00364,2023-01-31,Core,6.073692624333395,1.8026814502891906,1
A00365,2023-01-31,Analytics,10.266251201955644,0.6059915551100277,1
A00366,2023-01-31,API,15.394613917540127,0.27847725900602316,1
A00367,2023-01-31,Core,12.890848924291939,0.3122246321206732,0
A00368,2023-01-31,Core,3.7963798225779515,16.99870831861802,0
A00369,2023-01-31,Automation,10.690319705331415,1.7679819788872169,3
A00370,2023-01-31,API,16.84276870224362,2.6825996376798917,1
A00371,2023-01-31,Core,15.368577912242923,1.9713919647462286,1
A00372,2023-01-31,Core,4.183060091057451,28.94924786830998,3
A00373,2023-01-31,API,12.099193253644827,2.044892832622827,1
A00374,2023-01-31,Core,14.528863276699429,2.013521426126866,1
A00375,2023-01-31,Core,9.986705221410556,1.4224851259915527,0
A00376,2023-01-31,Premium Support,13.61051605746142,3.4225884603978134,1
A00377,2023-01-31,API,6.4162112642206734,0.4685157034220053,1
A00378,2023-01-31,Analytics,9.295651582596335,2.301310290713882,0
A00379,2023-01-31,Analytics,1.8327793202334999,23.502891696823603,2
A00380,2023-01-31,API,21.125354438824793,2.781754597504501,1
A00381,2023-01-31,Analytics,8.597770779725407,1.9791705988441508,1
A00382,2023-01-31,API,10.269258222380412,2.0086437056158983,2
A00383,2023-01-31,API,3.6214264034858217,22.24235646717747,9
A00384,2023-01-31,Core,19.30826871804381,3.3932564041319973,0
A00385,2023-01-31,Analytics,14.60651749096422,2.00240588506029,0
A00386,2023-01-31,Core,16.10642555691247,3.9696512116134723,1
A00387,2023-01-31,Automation,12.987188747970569,2.272247081627536,0
A00388,2023-01-31,Automation,12.46813523318187,2.021759840797327,0
A00389,2023-01-31,Automation,14.24655305620327,1.854673040145562,1
A00390,2023-01-31,Analytics,1.9854595223819316,24.086272456225434,4
A00391,2023-01-31,Analytics,1.8138954155138833,22.125927328920646,3
A00392,2023-01-31,API,2.6340530324790867,24.742212628274824,3
A00393,2023-01-31,Core,16.6699610977005,2.0081370141078185,1
A00394,2023-01-31,Premium Support,14.117939036908256,2.32524769926519,2
A00395,2023-01-31,Core,13.35583739419741,2.350030326261755,0
A00396,2023-01-31,Analytics,9.071046319440736,2.401994880183913,1
A00397,2023-01-31,Automation,11.06063398400639,2.094904746173292,0
A00398,2023-01-31,API,17.595954419399536,3.5689434923493737,1
A00399,2023-01-31,Analytics,13.374203005899904,2.422568816182484,0
A00400,2023-01-31,Analytics,14.835195397618463,4.605986288359328,1
A00401,2023-01-31,API,11.361403960053961,2.0498514085658726,1
A00402,2023-01-31,Analytics,13.912836091323648,2.9589132924551746,1
A00403,2023-01-31,Analytics,9.883543855640061,1.2739507916253192,2
A00404,2023-01-31,Automation,14.299646762863661,3.4007892553113033,2
A00405,2023-01-31,Core,15.111922691810614,1.2957160632255305,0
A00406,2023-01-31,API,14.961844181555053,2.455878017956095,2
A00407,2023-01-31,Core,11.289245508529515,1.7355727984358738,0
A00408,2023-01-31,API,12.973847047698495,2.4520077971168828,0
A00409,2023-01-31,Core,0.0,29.268932962362555,3
A00410,2023-01-31,Analytics,1.0490635232594583,22.928820706841964,4
A00411,2023-01-31,Core,3.5644942435343,30.889933807712936,4
A00412,2023-01-31,Core,0.0,15.476837191675777,1
A00413,2023-01-31,API,11.147032643401626,2.4672762685051475,1
A00414,2023-01-31,Analytics,0.0,32.77093461896153,0
A00415,2023-01-31,Analytics,2.5147516549373043,38.41800408414185,5
A00416,2023-01-31,Premium Support,15.964343257314244,1.1084858196727208,1
A00417,2023-01-31,Core,2.5656480106717967,27.623407263191034,3
A00418,2023-01-31,Core,12.468904534828862,2.5531651475959056,1
A00419,2023-01-31,Analytics,10.34756944141368,2.6163104662513543,0
A00420,2023-01-31,Automation,3.042613115621147,22.6275010497871,5
A00421,2023-01-31,Core,12.154659473223994,1.1713590750979845,0
A00422,2023-01-31,Core,15.57865594385697,2.610794775886829,1
A00423,2023-01-31,Automation,10.767115528701265,3.2595886124323865,0
A00424,2023-01-31,Analytics,14.290845742771184,1.3566582983751283,1
A00425,2023-01-31,Automation,2.722439694865069,26.4192284692421,6
A00426,2023-01-31,Core,2.307870590545873,29.305182982455193,3
A00427,2023-01-31,Core,10.558868287403808,2.3247330358220677,2
A00428,2023-01-31,Analytics,2.327074760241654,29.0225077166316,3
A00429,2023-01-31,Core,12.496761591177403,2.5514019908583156,0
A00430,2023-01-31,Analytics,0.9057072674214353,32.20277016090115,3
A00431,2023-01-31,Core,12.023379566333178,3.2933308258074465,0
A00432,2023-01-31,Analytics,11.19752941327402,2.513766828090123,0
A00433,2023-01-31,Premium Support,10.058225899287763,3.913139872135604,0
A00434,2023-01-31,Premium Support,17.24823747586825,2.668783760609298,1
A00435,2023-01-31,Core,12.919475406647226,1.695239548879008,1
A00436,2023-01-31,Core,7.393323652779005,1.2013228647823364,0
A00437,2023-01-31,Premium Support,12.130157577215943,2.2388910580778623,2
A00438,2023-01-31,Analytics,16.744135141454795,1.9697494115221252,1
A00439,2023-01-31,Analytics,11.71592410022787,3.186139034877277,1
A00440,2023-01-31,Automation,18.493231634400885,1.0713811836451508,2
A00441,2023-01-31,Core,11.430013835115233,4.020902000460978,3
A00442,2023-01-31,Analytics,15.510224167449365,3.274776941714994,0
A00443,2023-01-31,Automation,17.109915753773034,1.7964763697428558,3
A00444,2023-01-31,Analytics,15.3505819169343,3.7978208976376195,4
A00445,2023-01-31,API,9.87651807607691,1.2168719049427272,2
A00446,2023-01-31,Premium Support,11.172594269235306,2.205589789915228,0
A00447,2023-01-31,Core,4.626989874539191,32.08262426738407,2
A00448,2023-01-31,Automation,11.586165631004068,3.84656925630141,1
A00449,2023-01-31,Core,16.927029541706613,0.3526131869190221,2
A00450,2023-01-31,Premium Support,2.5443735725735057,25.133563617491617,4
A00451,2023-01-31,Core,14.424311957657453,1.3652868929387965,0
A00452,2023-01-31,Core,9.841678168937145,3.3223236746761615,0
A00453,2023-01-31,API,12.175197275862505,2.9548448860788854,1
A00454,2023-01-31,Premium Support,11.374080858680834,2.1220506282291067,0
A00455,2023-01-31,Automation,14.67679895167452,3.018926211167295,1
A00456,2023-01-31,API,14.279592739147647,1.884586275288851,0
A00457,2023-01-31,Premium Support,3.116521456533069,20.69626482207859,4
A00458,2023-01-31,Analytics,3.8052373587381796,18.95187689721064,7
A00459,2023-01-31,Automation,11.209309786116265,1.7533811267957866,4
A00460,2023-01-31,Core,14.548187256632923,1.233627379228294,2
A00461,2023-01-31,Core,10.911233290978897,2.4703717143269905,0
A00462,2023-01-31,Core,17.235267579267763,2.7402743074915508,1
A00463,2023-01-31,Premium Support,2.4228106766278996,32.16829134994473,7
A00464,2023-01-31,Core,13.021594670885133,3.003381313706033,0
A00465,2023-01-31,Core,15.386526868250634,1.798740863766488,1
A00466,2023-01-31,Core,13.77090650170485,2.127546009583492,1
A00467,2023-01-31,Core,9.02584484949441,2.3745748825636097,1
A00468,2023-01-31,Analytics,10.8157103018317,2.2873610380374445,1
A00469,2023-01-31,Core,17.173126111593845,3.613271629288849,1
A00470,2023-01-31,Automation,14.251653043533748,2.369556250000332,2
A00471,2023-01-31,Automation,8.955296592909676,1.6960978650786491,1
A00472,2023-01-31,API,0.8361551027046823,30.033517325829035,1
A00473,2023-01-31,Core,12.322223540390754,3.008850840270126,1
A00474,2023-01-31,Automation,11.376500142473654,2.7742354415187958,0
A00475,2023-01-31,Analytics,10.565381823098463,2.7188075711629787,1
A00476,2023-01-31,Core,16.99978841395606,0.5019498564859652,1
A00477,2023-01-31,Core,2.347845628483546,32.48014628139253,4
A00478,2023-01-31,Core,11.487403776681528,3.2752645386206236,4
A00479,2023-01-31,Analytics,14.360380297733727,2.438857446206132,3
A00480,2023-01-31,Analytics,18.73508920671049,1.97842258338473,0
A00481,2023-01-31,Automation,15.661574589050957,2.694313027780155,0
A00482,2023-01-31,API,4.753163165465498,27.56449699688517,2
A00483,2023-01-31,Core,18.588060362320444,3.4135311658464103,1
A00484,2023-01-31,Analytics,9.934629800885082,2.9622205728019577,0
A00485,2023-01-31,API,14.796008496065463,1.1132743671673566,0
A00486,2023-01-31,Core,15.463353937256645,1.2432091970301238,0
A00487,2023-01-31,Core,11.356653250398677,0.0,1
A00488,2023-01-31,API,16.09277915566476,2.63351347388492,1
A00489,2023-01-31,Analytics,12.45832961317712,3.108627197461166,0
A00490,2023-01-31,Core,16.085427282553894,3.190178046191512,1
A00491,2023-01-31,Analytics,8.481213522241374,2.675430471276776,2
A00492,2023-01-31,Analytics,15.004928270686623,1.845933141772686,0
A00493,2023-01-31,Core,12.763679981919184,1.4357225380898562,2
A00494,2023-01-31,Automation,17.449111348903465,1.1746352039092351,1
A00495,2023-01-31,Analytics,13.868057810687148,1.836575150834801,0
A00496,2023-01-31,Core,17.747688601160355,1.0221737461035514,1
A00497,2023-01-31,Automation,15.522838295099156,3.755954065008587,0
A00498,2023-01-31,Analytics,13.617474622855529,0.6976284469343992,0
A00499,2023-01-31,Premium Support,16.363007928842883,1.802946723110777,2
A00500,2023-01-31,Core,16.382175393581363,0.06378158656912603,1
A00501,2023-01-31,Analytics,15.415730013473642,2.296554861298065,1
A00502,2023-01-31,API,6.069966402278915,16.259463298504212,3
A00503,2023-01-31,Premium Support,11.052318527706806,1.6432096463604606,3
A00504,2023-01-31,Automation,18.15231753951777,1.067216733969946,0
A00505,2023-01-31,API,2.649749723862556,30.060465123115595,5
A00506,2023-01-31,Automation,16.64738345019742,1.4555391099857622,2
A00507,2023-01-31,Core,16.119357970339006,1.8631321106333307,0
A00508,2023-01-31,API,3.8544308009167727,28.202561098460173,2
A00509,2023-01-31,Analytics,8.014305118649826,2.172177215892569,2
A00510,2023-01-31,Core,12.29326220615622,2.5328672079740326,2
A00511,2023-01-31,Core,20.234045130899034,1.535535224319505,0
A00512,2023-01-31,Core,11.410168123371935,1.2155644903252378,0
A00513,2023-01-31,Core,11.617227966202188,1.9770422865513522,1
A00514,2023-01-31,Core,11.007252769070519,4.503926004852224,1
A00515,2023-01-31,Core,17.644353429648557,1.7125723051060395,1
A00516,2023-01-31,API,13.271252865124682,2.3614378033648222,1
A00517,2023-01-31,Analytics,12.122281313152584,1.17160148490946,2
A00518,2023-01-31,Core,18.24042205158605,0.0,2
A00519,2023-01-31,API,6.243613856617634,36.637368144692196,6
A00520,2023-01-31,Core,11.242129274869221,4.380709527353762,2
A00521,2023-01-31,Analytics,10.329248266814659,2.595390294724766,0
A00522,2023-01-31,Premium Support,17.47450989463992,3.6409242010534517,0
A00523,2023-01-31,Automation,14.050364491225148,1.6522777650680243,1
A00524,2023-01-31,Analytics,9.352807940431662,0.0,0
A00525,2023-01-31,Analytics,8.650652939319354,0.8912909965375546,1
A00526,2023-01-31,Core,10.651883854400724,2.3970247610441686,0
A00527,2023-01-31,Analytics,10.28154623569091,2.2376138609364506,3
A00528,2023-01-31,Core,0.08257880738484369,14.480621159216767,4
A00529,2023-01-31,Analytics,10.701479040054512,1.4697509875636812,0
A00530,2023-01-31,Premium Support,11.24275831506844,2.939715686803244,0
A00531,2023-01-31,Automation,12.611956134846288,1.4986533259990384,1
A00532,2023-01-31,API,19.07873013538314,2.3078168701627,1
A00533,2023-01-31,API,13.199470183705179,2.1953281650326035,1
A00534,2023-01-31,API,0.0,28.011982527497672,4
A00535,2023-01-31,Analytics,8.735925068703402,19.3552331062146,7
A00536,2023-01-31,Automation,4.053846037075006,26.062475675570912,8
A00537,2023-01-31,API,15.200458891660125,3.873621782697747,0
A00538,2023-01-31,API,14.8418446308552,3.112447863266178,0
A00539,2023-01-31,Core,14.367765696797731,3.0203887312819786,0
A00540,2023-01-31,Analytics,1.4102560180739068,28.24846666502752,8
A00541,2023-01-31,Core,16.733377532133055,0.5623107270331105,2
A00542,2023-01-31,Core,10.754834045879807,3.0964942157586206,0
A00543,2023-01-31,API,15.110666558567491,2.9047672604499444,0
A00544,2023-01-31,Premium Support,11.624789580020838,2.137248976682552,2
A00545,2023-01-31,API,15.33875229217956,1.629460112416539,0
A00546,2023-01-31,Core,9.874437748675192,0.5360553457649684,1
A00547,2023-01-31,Core,10.676661655748063,2.8674004443785024,0
A00548,2023-01-31,Core,15.031722687470381,3.18613511496591,0
A00549,2023-01-31,Core,16.993007340794076,1.3209075715088052,0
A00550,2023-01-31,Core,15.507933046259039,1.237400399260377,2
A00551,2023-01-31,Core,16.562352003605653,3.241061925008803,2
A00552,2023-01-31,Core,15.121455676291538,1.3581355371065182,2
A00553,2023-01-31,Core,14.517488297096996,3.779060207856382,0
A00554,2023-01-31,Core,5.4178319045431405,21.36707808869838,7
A00555,2023-01-31,Automation,16.43900542615039,1.6134382931333504,1
A00556,2023-01-31,Premium Support,17.074637698479926,2.0451080012133964,0
A00557,2023-01-31,Automation,13.810652926010675,1.6133682656359802,1
A00558,2023-01-31,Core,13.649221874664025,3.1262123863476816,0
A00559,2023-01-31,Core,18.77421743516671,2.885810139575387,2
A00560,2023-01-31,Analytics,13.938734660551331,3.0881062927508314,0
A00561,2023-01-31,Automation,14.227057611097907,2.184519740694063,0
A00562,2023-01-31,API,15.452677723258684,1.543645501691637,0
A00563,2023-01-31,Automation,13.70658123213754,1.990935992572267,0
A00564,2023-01-31,Analytics,11.538979031770715,1.574303208429726,0
A00565,2023-01-31,Premium Support,15.133896726570566,3.4665965131829597,0
A00566,2023-01-31,Automation,13.883734969933036,3.0022737237986012,1
A00567,2023-01-31,Core,19.52674926942349,1.90847693314279,1
A00568,2023-01-31,Core,16.365345650877128,1.073525043228729,0
A00569,2023-01-31,Analytics,6.247424391116574,41.06591933755104,4
A00570,2023-01-31,Core,16.187180657571126,2.136684135544301,3
A00571,2023-01-31,Analytics,2.5810213440754444,28.095296632758444,1
A00572,2023-01-31,API,17.92827890583654,3.5496527197189582,0
A00573,2023-01-31,Analytics,3.6993678498335916,36.03722593297447,1
A00574,2023-01-31,Automation,14.566028445078572,1.6810730986704652,1
A00575,2023-01-31,Core,13.702719052722523,1.7692410516242354,0
A00576,2023-01-31,Premium Support,14.175438269174899,0.6834308283581589,1
A00577,2023-01-31,Core,11.344403152988152,2.3157353654259483,1
A00578,2023-01-31,Premium Support,5.661962888095369,30.0890425032658,3
A00579,2023-01-31,Core,15.25389282754849,1.4292782676888773,1
A00580,2023-01-31,Analytics,17.855670850765385,1.2955645205983362,1
A00581,2023-01-31,Premium Support,13.969922444039659,1.4129297966960563,0
A00582,2023-01-31,Core,12.764481475255595,1.1610855359841854,0
A00583,2023-01-31,Automation,16.367883133832112,2.2472141776199717,1
A00584,2023-01-31,Analytics,2.005286539249129,34.56517817655889,2
A00585,2023-01-31,Analytics,17.254953605251877,2.048008138208116,1
A00586,2023-01-31,API,17.24852599224111,4.353788076462314,1
A00587,2023-01-31,Core,17.771836703403224,1.8444388189008025,0
A00588,2023-01-31,API,1.597399551636214,28.410820982076913,0
A00589,2023-01-31,Core,12.540510852206701,2.718749599335979,1
A00590,2023-01-31,API,14.327563178916087,1.9371433756357261,2
A00591,2023-01-31,API,5.7862601916990695,21.67166365236927,2
A00592,2023-01-31,Core,12.319575064436371,2.0206981902624257,0
A00593,2023-01-31,Core,17.999348866775648,2.2025583957114785,2
A00594,2023-01-31,API,15.74025250270563,1.4134832106518629,1
A00595,2023-01-31,Core,11.323331134033985,1.505788690420176,0
A00596,2023-01-31,API,1.7693780527365166,21.21659879873818,1
A00597,2023-01-31,Premium Support,3.575642016637776,26.921669144194126,10
A00598,2023-01-31,Core,10.717690871450042,3.4960727897653245,0
A00599,2023-01-31,Analytics,3.399538669311587,40.1154148926701,1
A00600,2023-01-31,Premium Support,18.463350791496033,2.170350259924714,1
A00601,2023-01-31,Premium Support,4.735879716050528,24.338554111380724,4
A00602,2023-01-31,Core,17.028455160442753,3.0810576700504964,1
A00603,2023-01-31,Automation,17.957925945761406,0.675330260421731,2
A00604,2023-01-31,Core,17.649846376395832,2.9282779452844236,1
A00605,2023-01-31,API,15.670748458292199,1.573560205565775,0
A00606,2023-01-31,Core,14.987125363432778,4.290724229816844,1
A00607,2023-01-31,Core,15.619589583429823,1.8117404300013054,0
A00608,2023-01-31,Analytics,16.208046329429884,2.9081822231716603,1
A00609,2023-01-31,Core,11.775205980420806,1.8215870696398668,1
A00610,2023-01-31,Analytics,16.19587618793633,4.196692756330447,1
A00611,2023-01-31,Core,18.375850541891054,1.4876497829610948,1
A00612,2023-01-31,Premium Support,13.380882715012907,3.165088787327389,1
A00613,2023-01-31,Analytics,4.623997025570349,30.24946036165419,3
A00614,2023-01-31,API,15.429638927715999,2.4043099616641603,3
A00615,2023-01-31,Core,0.8621576261814154,33.37628379961413,3
A00616,2023-01-31,Premium Support,5.301169553986052,27.968378586833985,6
A00617,2023-01-31,Analytics,17.443157120315533,0.0,1
A00618,2023-01-31,Core,12.6471462199297,3.074392108461615,2
A00619,2023-01-31,API,14.055345736160628,1.5111608896557156,2
A00620,2023-01-31,Core,7.35977861656393,37.622079332384715,3
A00621,2023-01-31,Core,17.830264444738997,2.351697767915665,0
A00622,2023-01-31,Core,1.5518408762503586,38.10673536475452,4
A00623,2023-01-31,Analytics,3.9405359344631656,19.783929641916206,7
A00624,2023-01-31,Core,10.460307905711744,0.0,1
A00625,2023-01-31,Automation,12.9592105854254,2.6148956162479973,0
A00626,2023-01-31,Core,15.710458099849141,1.6563245143855159,1
A00627,2023-01-31,Core,14.565907112239296,3.1650111872681763,1
A00628,2023-01-31,Core,4.0900685770694,26.114957219502884,7
A00629,2023-01-31,Analytics,14.635096278409435,2.602969037965607,1
A00630,2023-01-31,Core,16.27638869449448,1.7277572042917497,2
A00631,2023-01-31,Core,13.874422387804866,1.0873938078922087,0
A00632,2023-01-31,Core,7.223691870961134,17.304447998209714,3
A00633,2023-01-31,Premium Support,11.039242376764705,0.2001077384690515,0
A00634,2023-01-31,Core,1.3518616608002274,22.716209209190577,3
A00635,2023-01-31,Core,13.148422042051235,0.5358409004605678,2
A00636,2023-01-31,Analytics,14.610779023651933,0.5622591962421892,2
A00637,2023-01-31,Analytics,4.24092471929179,30.875555819522763,7
A00638,2023-01-31,Core,12.767628462798378,2.5340489395039607,0
A00639,2023-01-31,Automation,14.023474382748388,1.9682065198247842,1
A00640,2023-01-31,API,13.987025823970326,1.5012095026615981,1
A00641,2023-01-31,Analytics,11.25788572227987,1.0525918377610743,1
A00642,2023-01-31,Analytics,15.315768276618915,1.6828070076352892,2
A00643,2023-01-31,Automation,9.052334485223806,1.1777769587722542,0
A00644,2023-01-31,Core,19.258125327249843,1.9371692578786888,3
A00645,2023-01-31,Premium Support,16.378912654935178,0.4784682259210944,2
A00646,2023-01-31,Core,15.917367072960129,2.701317578205728,2
A00647,2023-01-31,Analytics,8.790073662700275,1.4329688779243077,1
A00648,2023-01-31,Core,11.622413980120939,2.376256900282338,0
A00649,2023-01-31,API,0.21942988011568865,29.88008460968078,7
A00650,2023-01-31,Automation,26.453724191118802,2.327870881931,2
A00651,2023-01-31,API,17.584077395171093,2.7991267895980827,0
A00652,2023-01-31,Core,17.110830230752853,0.0,1
A00653,2023-01-31,Automation,0.6233078477647727,28.18094745694937,6
A00654,2023-01-31,Premium Support,11.457508412869489,3.103076666789084,1
A00655,2023-01-31,Core,4.190527022883461,19.211229938394595,1
A00656,2023-01-31,Core,0.868706531087025,35.58897270762161,3
A00657,2023-01-31,Analytics,10.368244504580439,3.7043804799670172,2
A00658,2023-01-31,API,3.2729839880114513,28.84787246171733,3
A00659,2023-01-31,Core,16.92716793950478,1.7480213811151932,1
A00660,2023-01-31,Core,3.3573239653935767,32.04988536602363,3
A00661,2023-01-31,Analytics,5.936093057232124,15.05079610840553,5
A00662,2023-01-31,Automation,2.8803546375433715,30.34724195527709,4
A00663,2023-01-31,Core,10.622850376405324,1.4067508076182853,2
A00664,2023-01-31,Analytics,11.987807281947788,1.0816622522589538,1
A00665,2023-01-31,Automation,12.138721381239643,2.4015765875220447,1
A00666,2023-01-31,Core,9.784185658323917,3.696639678142234,1
A00667,2023-01-31,Core,12.487369714098946,2.9332567682302586,1
A00668,2023-01-31,Core,10.756080630811283,1.6775799417296766,1
A00669,2023-01-31,API,15.733026886600978,3.0140288476007093,1
A00670,2023-01-31,API,15.982913191900472,2.346650866838882,0
A00671,2023-01-31,Automation,10.119082632080332,1.9592956490631575,1
A00672,2023-01-31,Analytics,13.110104707255998,1.8968772743525957,1
A00673,2023-01-31,Core,19.56817964395011,1.800059862011736,2
A00674,2023-01-31,Analytics,11.057711306965121,2.6510661227372703,1
A00675,2023-01-31,Core,15.279913453385197,2.1396700822764214,2
A00676,2023-01-31,API,14.316565802008654,1.27157720242301,2
A00677,2023-01-31,Premium Support,3.288588293436043,18.63378836880203,3
A00678,2023-01-31,Analytics,14.886400524072219,2.305903981281668,0
A00679,2023-01-31,API,12.70611356622875,2.428651215683275,1
A00680,2023-01-31,Core,14.200292364418655,1.6868673556832157,1
A00681,2023-01-31,Analytics,14.244109831861207,0.8679943772537557,1
A00682,2023-01-31,API,13.724914453151529,3.250965117085132,0
A00683,2023-01-31,Automation,10.042665634027948,3.0386046095271007,0
A00684,2023-01-31,Premium Support,17.72926582279368,0.01262349902650195,0
A00685,2023-01-31,Premium Support,17.199300763592973,3.33958292331353,0
A00686,2023-01-31,Analytics,10.867432919390428,1.791024202666986,1
A00687,2023-01-31,Automation,13.09782310344874,2.1899870800271426,2
A00688,2023-01-31,API,1.5147093209614204,28.243074363245714,4
A00689,2023-01-31,Analytics,10.530443598501254,3.6525387866290533,3
A00690,2023-01-31,Core,8.399611196713199,3.00286528504553,0
A00691,2023-01-31,Premium Support,11.988222044262992,2.241030498950559,0
A00692,2023-01-31,Premium Support,12.930792979246425,0.6243593136970016,1
A00693,2023-01-31,Analytics,9.676299999907943,0.0,1
A00694,2023-01-31,Core,14.530933292256437,2.8781589390245035,0
A00695,2023-01-31,Core,17.48856890994902,3.342030345744477,1
A00696,2023-01-31,Core,16.526348438495802,1.1853551391619521,1
A00697,2023-01-31,Automation,13.619943040523845,1.7302200352612702,1
A00698,2023-01-31,Analytics,8.47876491043641,1.4427341116145451,0
A00699,2023-01-31,Analytics,16.147107021977142,1.4160999265109966,2
A00700,2023-01-31,Core,0.0,19.96181501542361,1
A00701,2023-01-31,API,15.273053327654061,2.2183731327536425,0
A00702,2023-01-31,Automation,19.808308400907542,1.7708216886043309,2
A00703,2023-01-31,Automation,11.52556511140804,4.657520020510372,0
A00704,2023-01-31,Analytics,5.375552200633873,0.5655791009924398,0
A00705,2023-01-31,Core,10.839636266570729,2.5479110814957853,1
A00706,2023-01-31,Core,15.458135204803463,0.9510217148278051,1
A00707,2023-01-31,Automation,14.080777705244122,1.8425631280057586,1
A00708,2023-01-31,Automation,10.353091611203954,2.1486383844626733,0
A00709,2023-01-31,Core,5.8228116129588425,31.07223385236763,9
A00710,2023-01-31,Core,12.936172952547814,1.7388181048389777,0
A00711,2023-01-31,API,3.2691834589047586,25.26205249250904,3
A00712,2023-01-31,Automation,15.561900254763575,1.7209149021864922,1
A00713,2023-01-31,API,12.765719334121194,0.9200473136988243,0
A00714,2023-01-31,Core,12.118646347004864,2.6323098020916866,0
A00715,2023-01-31,Premium Support,11.72517079123098,2.2813343707819085,2
A00716,2023-01-31,Analytics,6.6206587595294835,18.96979760881441,3
A00717,2023-01-31,API,14.127827671280107,1.9304569974669192,0
A00718,2023-01-31,Core,14.605871809587782,1.8071220401099068,2
A00719,2023-01-31,Core,14.540388331417434,3.1756003382308515,0
A00720,2023-01-31,Core,3.25423551472896,23.99022931114774,4
A00721,2023-01-31,Core,10.900608249625728,3.4148005861843878,2
A00722,2023-01-31,Premium Support,3.4932062839650726,18.640287002336805,4
A00723,2023-01-31,API,0.0,26.331186030263076,2
A00724,2023-01-31,Premium Support,20.195585714264965,1.583917360279586,2
A00725,2023-01-31,API,0.8796702564139895,22.117672635674325,4
A00726,2023-01-31,Core,3.092594518554678,37.20078507500714,2
A00727,2023-01-31,API,14.294801180331467,2.843421538260239,0
A00728,2023-01-31,API,13.090001740182522,1.7095495930851035,0
A00729,2023-01-31,Automation,17.221908624313212,0.9537417639802892,1
A00730,2023-01-31,Analytics,13.074506208491401,1.7960357930075272,1
A00731,2023-01-31,Core,13.296375802548171,1.3151315587229653,0
A00732,2023-01-31,API,16.443885540848953,3.7245034824886747,0
A00733,2023-01-31,Automation,19.43213498875513,2.760040643519751,2
A00734,2023-01-31,Analytics,18.222495121844986,1.2340774226132343,0
A00735,2023-01-31,Core,13.59003834767257,0.9550090393349875,2
A00736,2023-01-31,Analytics,13.85145736480279,1.2216867262154445,2
A00737,2023-01-31,Automation,14.140157734352611,1.441174761533666,0
A00738,2023-01-31,Core,14.440998225387757,1.8332996062028055,1
A00739,2023-01-31,API,11.457955656956555,3.1145464908808873,2
A00740,2023-01-31,Core,16.809781396566315,1.0334831086469964,0
A00741,2023-01-31,Core,14.61982738316836,4.289537244846549,1
A00742,2023-01-31,Core,1.8142745414406538,27.859502819287542,4
A00743,2023-01-31,Core,10.186563870322782,0.590952268905401,0
A00744,2023-01-31,Core,14.186858625471837,3.688304825323471,1
A00745,2023-01-31,API,8.320363090337583,3.321255599836956,0
A00746,2023-01-31,Analytics,12.255051967903304,1.8176512022437148,1
A00747,2023-01-31,Core,12.310706880562403,2.3813323151245265,1
A00748,2023-01-31,API,14.860985579262858,2.4065691191020138,1
A00749,2023-01-31,Analytics,19.63955007483589,2.1367124287435586,0
A00750,2023-01-31,Analytics,15.715722396996311,0.703520461529527,0
A00751,2023-01-31,Automation,18.345206217906842,0.0,2
A00752,2023-01-31,Core,15.93563651931073,1.155273817676583,0
A00753,2023-01-31,Analytics,17.37516046906285,3.8161544113709476,0
A00754,2023-01-31,Core,0.0,23.462737458225533,4
A00755,2023-01-31,Core,11.804489503093235,1.7381630355076911,0
A00756,2023-01-31,Core,4.9444250084399775,18.391419702869452,7
A00757,2023-01-31,Automation,16.006432701431965,2.27812121972938,1
A00758,2023-01-31,Core,13.988964637813263,2.4389811954670257,1
A00759,2023-01-31,API,14.661061498420882,2.6007195192940578,0
A00760,2023-01-31,Automation,13.253999323677919,0.0,1
A00761,2023-01-31,Core,12.211223848925847,5.157756183825162,4
A00762,2023-01-31,Core,0.47282287599814854,42.53681985542819,3
A00763,2023-01-31,Core,10.700416658540256,1.8021362962603336,0
A00764,2023-01-31,Core,16.059176777724634,1.2815223698391467,1
A00765,2023-01-31,Premium Support,15.57268485719135,2.9873056940796046,1
A00766,2023-01-31,Core,9.262960107289267,2.495394615034541,0
A00767,2023-01-31,Analytics,11.507659010019218,2.0921474880345112,2
A00768,2023-01-31,Core,12.011928317150398,2.4583346336408116,0
A00769,2023-01-31,API,15.693752339949775,1.8872803957753856,1
A00770,2023-01-31,Core,12.898894682208347,2.401862265717302,2
A00771,2023-01-31,Core,13.743230580167584,2.7263628509535036,0
A00772,2023-01-31,Core,9.627057929045817,2.343316874082027,0
A00773,2023-01-31,Premium Support,20.97773515014594,2.290921898321919,0
A00774,2023-01-31,Analytics,14.213586856218491,3.3928601332111814,1
A00775,2023-01-31,Core,1.5482782962884905,28.867781966583465,3
A00776,2023-01-31,Automation,5.087821992832963,24.562614371907213,3
A00777,2023-01-31,Automation,12.042118018796447,2.0265606859810226,1
A00778,2023-01-31,Analytics,19.738053964860594,1.270132417070759,0
A00779,2023-01-31,Premium Support,8.249835178980113,1.603967461756059,0
A00780,2023-01-31,Core,14.835941205292329,3.287741782890044,0
A00781,2023-01-31,Automation,10.36548832667632,1.851029026042275,0
A00782,2023-01-31,Automation,12.784996536808986,0.17078897228602608,4
A00783,2023-01-31,Analytics,12.085716596977937,1.576658270665721,0
A00784,2023-01-31,Analytics,3.177440827435324,14.736685022889798,4
A00785,2023-01-31,Core,14.106325189118982,2.0396895324563267,0
A00786,2023-01-31,Core,2.0835802515610227,27.77808908775808,5
A00787,2023-01-31,Analytics,13.053534554243909,2.4743885747554737,1
A00788,2023-01-31,Premium Support,13.729130073950074,1.8611739014740143,0
A00789,2023-01-31,Core,9.922170360781962,0.8069602417545667,2
A00790,2023-01-31,Analytics,18.539656164348152,1.5588607483624375,2
A00791,2023-01-31,Core,12.216624875608055,1.3772234433782018,0
A00792,2023-01-31,Core,13.287547272605488,1.714896197313744,2
A00793,2023-01-31,Core,12.223342508255893,2.691168535257887,0
A00794,2023-01-31,Premium Support,13.755301638708241,2.4041027495637524,0
A00795,2023-01-31,Core,17.924432280518147,2.824005713741686,2
A00796,2023-01-31,Core,21.419047411770425,1.615916796397206,0
A00797,2023-01-31,Core,16.236917611101976,3.5083607682847333,0
A00798,2023-01-31,Analytics,17.26398130091531,2.6728385125967202,2
A00799,2023-01-31,Analytics,19.149282444431247,2.112234681841957,0
A00800,2023-01-31,Core,14.74661323029937,2.6033465843779693,1
A00801,2023-01-31,Core,18.71075262083561,1.3242395853689684,1
A00802,2023-01-31,Core,1.6378593104660848,20.346057448207883,3
A00803,2023-01-31,Core,14.431962077934715,1.3933036309302218,1
A00804,2023-01-31,Automation,15.051023103354403,2.7474569572421683,3
A00805,2023-01-31,Automation,8.535749109896527,2.0802160396889637,1
A00806,2023-01-31,Core,0.17932362783715172,23.55422602972528,7
A00807,2023-01-31,Analytics,9.368757438661111,1.1521599292222722,1
A00808,2023-01-31,Core,9.124192545166677,0.044174174083464246,1
A00809,2023-01-31,Core,14.578636067075674,3.42484562081479,1
A00810,2023-01-31,Analytics,10.657764214399837,1.7921052581883927,1
A00811,2023-01-31,API,2.2350332034643534,21.996622340654444,4
A00812,2023-01-31,Core,14.415303558049594,1.3283537329081279,1
A00813,2023-01-31,Core,14.549148802451406,3.254522477626629,0
A00814,2023-01-31,Core,11.287635778873696,2.8813508123793845,0
A00815,2023-01-31,Core,16.696047147443597,1.0327605357890461,1
A00816,2023-01-31,Analytics,13.732294290601763,3.164542965043535,2
A00817,2023-01-31,Automation,1.865440401023474,22.389153576016312,6
A00818,2023-01-31,Core,6.741805590894442,30.21645914659633,4
A00819,2023-01-31,API,13.465017329612039,1.7063876132024496,1
A00820,2023-01-31,Premium Support,17.29188344981036,1.216702749485103,1
A00821,2023-01-31,Core,1.5183125871422978,24.285496974392846,3
A00822,2023-01-31,Analytics,11.608121951226819,2.7761309655085893,0
A00823,2023-01-31,Core,12.363325428275463,1.779295140968532,3
A00824,2023-01-31,API,11.033939809808544,2.6172095336452705,1
A00825,2023-01-31,Automation,12.030761245217354,2.2872133311295464,1
A00826,2023-01-31,Automation,5.361055830257813,35.869943119215705,6
A00827,2023-01-31,Analytics,4.25880322412413,29.023684514730576,5
A00828,2023-01-31,Automation,15.899415194548531,1.133239750642983,0
A00829,2023-01-31,Analytics,11.644841408596765,2.569364755401848,1
A00830,2023-01-31,Automation,13.72818115201647,0.725169305864032,4
A00831,2023-01-31,Automation,13.33850477710593,2.3730650838122314,0
A00832,2023-01-31,API,17.165356194794658,0.6092954199814251,0
A00833,2023-01-31,Core,12.165224489586736,2.0164439834946943,1
A00834,2023-01-31,Core,0.4706154006000425,40.551682286428516,5
A00835,2023-01-31,Automation,11.461936615122916,2.7746001153316247,1
A00836,2023-01-31,Core,10.587471439764537,0.14925905255926564,2
A00837,2023-01-31,Analytics,15.58755497434091,2.8483714043161847,1
A00838,2023-01-31,API,13.594667611008564,3.822238226729583,0
A00839,2023-01-31,Automation,14.164429579469905,4.797016010161739,0
A00840,2023-01-31,Automation,2.1591585699748244,34.03423356887775,1
A00841,2023-01-31,Core,17.996242177783614,0.6355800761146451,2
A00842,2023-01-31,API,9.06129707649559,2.434677978024429,2
A00843,2023-01-31,Automation,15.943504019286703,3.5960335983414646,0
A00844,2023-01-31,Core,14.676940777133568,1.8129118202496963,0
A00845,2023-01-31,Analytics,12.61522700256219,3.043108922882558,0
A00846,2023-01-31,API,14.983051061083827,1.1603970011223121,0
A00847,2023-01-31,Core,8.820850294337642,2.3723532531268505,0
A00848,2023-01-31,Core,18.387927028329198,0.0,3
A00849,2023-01-31,Core,15.544832291215723,1.0496646181632818,2
A00850,2023-01-31,Automation,6.589427382829177,20.229017382008802,3
A00851,2023-01-31,Core,12.243769334541428,1.6366432694235642,1
A00852,2023-01-31,Analytics,8.890560573357678,0.6993825057242535,0
A00853,2023-01-31,Analytics,13.058128250491238,1.5003438019150441,2
A00854,2023-01-31,Core,12.551804068278251,2.3296550484679965,0
A00855,2023-01-31,Analytics,3.440016611460167,24.411191336718744,4
A00856,2023-01-31,Core,16.330106701129335,2.0609375698708687,2
A00857,2023-01-31,Core,17.830391569083424,2.7319688030857385,0
A00858,2023-01-31,Core,0.0,28.884527003375624,8
A00859,2023-01-31,Analytics,13.083059351460896,3.3591778830519146,2
A00860,2023-01-31,Analytics,15.304953806395382,1.0107289338985874,2
A00861,2023-01-31,Core,2.9809696290330554,32.550829384084246,3
A00862,2023-01-31,Core,10.75346235130644,3.1130386304942625,2
A00863,2023-01-31,Core,12.041966040238217,1.6440022194877781,1
A00864,2023-01-31,Core,2.8786195981368374,30.241963058196472,4
A00865,2023-01-31,Core,14.744559783430088,2.2067355916117357,0
A00866,2023-01-31,Core,14.028010153629404,2.598670929871977,1
A00867,2023-01-31,Analytics,14.631108139961349,3.094548275233457,1
A00868,2023-01-31,Premium Support,5.0044148288757295,23.234119753980234,3
A00869,2023-01-31,Core,3.6641989562799755,12.94843118679757,4
A00870,2023-01-31,API,1.941312607253388,27.640638952679915,5
A00871,2023-01-31,Core,21.658127162450462,1.8226995141645166,1
A00872,2023-01-31,Core,12.83709688947076,3.453912503787458,0
A00873,2023-01-31,Analytics,0.8163107661436855,15.788162187032759,2
A00874,2023-01-31,Core,22.487657486625505,0.40076221396833756,0
A00875,2023-01-31,API,14.582274888509536,2.220795099547976,1
A00876,2023-01-31,Core,13.79710838217195,3.3874291641726018,1
A00877,2023-01-31,Automation,0.09388360730062173,21.79890964008444,5
A00878,2023-01-31,Analytics,18.584799101626956,0.09538210311844875,1
A00879,2023-01-31,API,10.52269524147029,0.31687158695372597,1
A00880,2023-01-31,Core,2.601139973360723,23.698158467596873,3
A00881,2023-01-31,Core,1.760958712625804,29.743363363896034,8
A00882,2023-01-31,API,2.4046330289195583,18.928720305012792,1
A00883,2023-01-31,Analytics,9.728203194169826,2.1959951132669393,0
A00884,2023-01-31,API,18.029381665201683,1.5102424893422892,1
A00885,2023-01-31,Analytics,13.16660808224517,3.814754293948813,0
A00886,2023-01-31,API,10.354731023320898,2.590467204934292,0
A00887,2023-01-31,API,1.7816635769165554,15.033758451774272,7
A00888,2023-01-31,Core,12.48758956088809,2.9205817582716223,0
A00889,2023-01-31,Automation,15.003821875192164,1.8499264380501323,2
A00890,2023-01-31,API,16.524249146403097,1.805552748660652,0
A00891,2023-01-31,Core,15.42210299172296,1.7023799631712295,0
A00892,2023-01-31,Core,3.948083334892769,27.549632114779556,5
A00893,2023-01-31,API,16.086070102933363,1.3496348226281363,0
A00894,2023-01-31,API,13.698158712004615,3.725032942034568,1
A00895,2023-01-31,Premium Support,13.012913909590003,1.254130696327607,0
A00896,2023-01-31,API,13.672775153074333,2.2144750722970286,0
A00897,2023-01-31,Core,9.169901618176755,1.7709191879540513,0
A00898,2023-01-31,Core,4.636381810145583,34.402138048039475,7
A00899,2023-01-31,Analytics,9.90682587887207,4.172346852463613,3
A00900,2023-01-31,Analytics,13.142480871330106,1.5609456585875368,1
A00901,2023-01-31,Premium Support,14.468793294614631,1.6952788190075734,4
A00902,2023-01-31,API,17.222111263962844,1.3358664015441102,1
A00903,2023-01-31,Premium Support,11.541160520420856,2.0410406156889227,1
A00904,2023-01-31,Automation,18.354762115537966,1.898693632657306,2
A00905,2023-01-31,API,16.840559760545442,0.8807468692956955,1
A00906,2023-01-31,Analytics,12.711770772528391,1.5756301356523437,1
A00907,2023-01-31,Analytics,2.48653214715829,35.70375507322944,5
A00908,2023-01-31,Analytics,2.1387492996304145,28.01153979832972,5
A00909,2023-01-31,Automation,14.815261554599418,2.02400061296548,1
A00910,2023-01-31,Core,11.788147551377559,2.0589947906532093,1
A00911,2023-01-31,Premium Support,17.598070415845147,1.6390049282347234,0
A00912,2023-01-31,Analytics,11.961428510515189,1.497558298042117,2
A00913,2023-01-31,Analytics,11.297987059844083,1.0804269701176974,6
A00914,2023-01-31,Core,14.70087905373294,0.4433505457610487,0
A00915,2023-01-31,Core,11.941859428521731,1.297553325893463,3
A00916,2023-01-31,Analytics,2.7624755502651817,16.27496035356084,3
A00917,2023-01-31,Core,6.688608346409593,23.90815437826117,2
A00918,2023-01-31,Core,14.351687995006172,1.653981316305958,0
A00919,2023-01-31,Core,14.362893382108172,1.634514800285353,1
A00920,2023-01-31,Core,14.615440126725254,3.244707665832734,2
A00921,2023-01-31,Premium Support,8.92070302914382,1.0716174294686625,0
A00922,2023-01-31,Analytics,15.175513249791472,2.2770533383899934,2
A00923,2023-01-31,Analytics,14.479794730177689,1.931533866429836,1
A00924,2023-01-31,Premium Support,16.678691980950262,2.067926825094769,2
A00925,2023-01-31,Core,15.817432403411358,2.2443504071164506,0
A00926,2023-01-31,Premium Support,13.394154105183457,2.05716494026807,1
A00927,2023-01-31,Premium Support,17.09717867453207,2.7930218866509193,0
A00928,2023-01-31,API,13.122107907161839,1.970742672037071,0
A00929,2023-01-31,Analytics,14.741471312233115,3.7443763934256973,0
A00930,2023-01-31,Automation,13.066551708561931,2.044479938966846,0
A00931,2023-01-31,Core,15.385273414769635,0.2965331173997303,3
A00932,2023-01-31,Core,12.870530652086714,2.6383103581437317,1
A00933,2023-01-31,Core,18.9426548268247,2.392096805259782,1
A00934,2023-01-31,Core,20.052088211676917,2.0325450317619245,2
A00935,2023-01-31,Core,16.621814762558014,1.7404286843788555,0
A00936,2023-01-31,Automation,0.0,25.196301467777452,8
A00937,2023-01-31,Core,9.38235655742286,0.0531559377343247,1
A00938,2023-01-31,Analytics,9.735866770175017,3.647519220497481,2
A00939,2023-01-31,Core,13.035318300106361,1.4144973969006132,2
A00940,2023-01-31,Core,14.123692895776632,2.9656204275522082,2
A00941,2023-01-31,Automation,13.405377745701003,0.39696672675953826,4
A00942,2023-01-31,Automation,9.07359425110114,0.9531417046317343,4
A00943,2023-01-31,API,3.4950257116101953,18.84722454974087,3
A00944,2023-01-31,API,20.46259470007081,1.897498964301367,3
A00945,2023-01-31,Automation,17.84296303751787,2.537667171989379,0
A00946,2023-01-31,Core,17.256569806359416,1.9863674340701922,1
A00947,2023-01-31,Analytics,14.678358815436809,1.7923280359933913,2
A00948,2023-01-31,Core,2.5883412910384473,18.199378701152142,1
A00949,2023-01-31,Core,14.217584157907902,0.8059973440699992,0
A00950,2023-01-31,Premium Support,20.31676411052451,3.402701289732499,1
A00951,2023-01-31,Automation,12.944035662478832,3.567309106129881,0
A00952,2023-01-31,Analytics,12.635128256528175,0.961297045255816,1
A00953,2023-01-31,Core,17.32191097731174,0.8959208979930517,1
A00954,2023-01-31,API,17.521058152236787,1.6522268575779075,1
A00955,2023-01-31,Premium Support,11.45629458267559,2.340435014863152,1
A00956,2023-01-31,Premium Support,13.215546160287733,1.8181817920433305,0
A00957,2023-01-31,API,5.550092236411651,23.39418201352443,6
A00958,2023-01-31,API,14.209068137183271,1.9507510523886344,0
A00959,2023-01-31,Core,17.31106001285448,1.8853688585507666,1
A00960,2023-01-31,Core,11.587917436615726,4.413078736769869,2
A00961,2023-01-31,Core,17.26899443671081,1.474796748404693,0
A00962,2023-01-31,Analytics,14.304953746763925,3.639946892824547,1
A00963,2023-01-31,Premium Support,20.978576408942835,3.446863067680864,1
A00964,2023-01-31,Automation,14.95649265311262,2.504093506584649,2
A00965,2023-01-31,Core,13.709244291112205,0.07386816355047454,0
A00966,2023-01-31,Core,15.724144181347977,2.031057490362962,2
A00967,2023-01-31,Core,12.98856128633837,1.485305242604453,2
A00968,2023-01-31,Analytics,3.417496735627822,19.243690950992814,2
A00969,2023-01-31,Automation,13.278436477186705,0.9370332076121177,0
A00970,2023-01-31,Automation,13.231119172792324,2.7562579490500525,1
A00971,2023-01-31,Automation,3.3090064982555454,24.695249932026382,6
A00972,2023-01-31,Analytics,13.780894430616522,3.1700243020669414,2
A00973,2023-01-31,API,7.798669326171808,1.617821283615466,2
A00974,2023-01-31,Premium Support,0.0,19.11354105209261,3
A00975,2023-01-31,API,14.730787976134017,2.3516814164707847,0
A00976,2023-01-31,Core,14.290988531414698,3.7560743221487414,0
A00977,2023-01-31,Core,0.8012929870193788,21.996966038776247,6
A00978,2023-01-31,Core,13.743408794155785,2.4522970861121,1
A00979,2023-01-31,Core,11.647806687566508,1.765076554118002,3
A00980,2023-01-31,Analytics,14.032449558267604,1.496529794104237,2
A00981,2023-01-31,API,14.174259219775312,2.6582759386044987,1
A00982,2023-01-31,Core,11.299250066295471,1.8939332326611342,0
A00983,2023-01-31,Core,14.803097601527293,2.40352291152933,1
A00984,2023-01-31,Core,3.3888761401070653,11.60651121789222,2
A00985,2023-01-31,Automation,13.501370259256786,2.3475168391389083,0
A00986,2023-01-31,Core,21.263141108860452,2.5578553193877402,1
A00987,2023-01-31,Core,3.8418840478103986,31.74381132620617,3
A00988,2023-01-31,API,5.794062749758698,25.92564882518618,3
A00989,2023-01-31,Analytics,12.732820672376802,1.9573783933927436,1
A00990,2023-01-31,Core,11.087182330770801,1.9814386797387524,0
A00991,2023-01-31,Automation,16.05769207953021,1.4776771732803713,2
A00992,2023-01-31,Analytics,3.761381937033323,29.819483638284304,2
A00993,2023-01-31,Analytics,12.296155559006742,2.9082174308340396,1
A00994,2023-01-31,API,12.385275321384206,3.1875118741534862,0
A00995,2023-01-31,Core,11.045169452454466,3.4122618726471563,0
A00996,2023-01-31,Core,8.74675000236583,0.685198336942815,1
A00997,2023-01-31,Analytics,12.61118039852242,0.8370014262915746,0
A00998,2023-01-31,Core,2.8355664117600865,29.425471196999244,1
A00999,2023-01-31,Core,14.59093941639573,2.0802865410073763,1
A01000,2023-01-31,Core,18.681725810564377,1.7615819961430113,2
A01001,2023-01-31,Analytics,16.25286891496755,1.4473606698174506,1
A01002,2023-01-31,Automation,15.571894430822134,1.6955817598026277,0
A01003,2023-01-31,Analytics,19.647947067958146,2.483313822432503,1
A01004,2023-01-31,Premium Support,13.708563214990367,0.6703775532079677,1
A01005,2023-01-31,Analytics,14.189227020514856,4.343357172587103,0
A01006,2023-01-31,Analytics,13.965606735019588,2.020993543384299,1
A01007,2023-01-31,Core,18.63136019355065,3.0508473942287253,1
A01008,2023-01-31,Core,14.007545949377272,1.4199951050354924,1
A01009,2023-01-31,Core,12.055167877768687,2.5743495925247686,4
A01010,2023-01-31,Core,15.763026613888556,2.1000910728285755,0
A01011,2023-01-31,API,11.551220566828917,2.856808393888293,2
A01012,2023-01-31,Core,15.600414537841775,1.801353082176248,2
A01013,2023-01-31,Core,15.241522802425505,3.551563567089678,0
A01014,2023-01-31,Automation,1.9670071641823421,22.911711778530744,4
A01015,2023-01-31,Core,1.170567629297342,27.927837136679017,5
A01016,2023-01-31,Automation,9.536630209074945,2.118719755533048,0
A01017,2023-01-31,Automation,14.488886363974958,0.9816733016270565,1
A01018,2023-01-31,Core,12.611703845999804,3.95206587004711,1
A01019,2023-01-31,Core,22.58679073185356,3.8486977265675786,1
A01020,2023-01-31,Premium Support,3.590700793242108,18.961470770189326,3
A01021,2023-01-31,Automation,12.210823850649689,2.176784387345825,0
A01022,2023-01-31,Premium Support,9.865094791840754,2.7056625547307367,0
A01023,2023-01-31,Core,17.916218590382798,2.441704808317815,1
A01024,2023-01-31,Analytics,12.949901841428666,3.515529608278433,3
A01025,2023-01-31,Core,11.625943798773742,3.307632707514615,1
A01026,2023-01-31,Core,15.00889764202718,2.265187356317182,2
A01027,2023-01-31,Core,15.949156494216961,4.277103612411636,3
A01028,2023-01-31,API,15.901858799628586,2.936846522707577,0
A01029,2023-01-31,Analytics,14.059251269178084,1.6485855048220777,0
A01030,2023-01-31,Automation,3.973895520993616,22.740139881670558,5
A01031,2023-01-31,Core,14.696111227042108,3.2433415029736077,2
A01032,2023-01-31,Premium Support,15.00918879688662,1.207045773469558,1
A01033,2023-01-31,Core,15.274655587704448,1.5902617205415228,0
A01034,2023-01-31,Premium Support,17.28335825391664,1.7604281085451519,0
A01035,2023-01-31,API,14.16924458607755,2.3556533932761505,2
A01036,2023-01-31,Core,11.549590202508915,1.8065416370384182,0
A01037,2023-01-31,Automation,13.567124890687897,0.6830291035198615,1
A01038,2023-01-31,Analytics,16.26134245620499,3.1620797379907635,0
A01039,2023-01-31,Core,8.640416124845462,1.595601351214885,2
A01040,2023-01-31,Core,8.657743413884116,4.019935268799491,2
A01041,2023-01-31,Premium Support,16.754828364176973,2.3039900072598396,2
A01042,2023-01-31,Premium Support,1.146291270592409,22.324467025379978,6
A01043,2023-01-31,Analytics,10.204399894941579,2.6308615141807925,1
A01044,2023-01-31,Core,14.301377812498686,3.3150562714566263,0
A01045,2023-01-31,Core,12.801364661248956,2.5703389962644323,1
A01046,2023-01-31,Core,13.217509663275129,2.2351688339918065,0
A01047,2023-01-31,API,14.916593026269247,3.093234091856517,0
A01048,2023-01-31,Analytics,10.121389312967754,4.485972114592053,2
A01049,2023-01-31,Core,10.678347498522797,1.7302030613951247,2
A01050,2023-01-31,Automation,13.096246481236324,2.794926987725014,1
A01051,2023-01-31,Premium Support,2.535472483922272,36.74186387949073,1
A01052,2023-01-31,Core,10.622134682947486,2.5060590204930344,1
A01053,2023-01-31,Analytics,5.481466498282421,33.37468575212324,3
A01054,2023-01-31,Analytics,12.7473170806669,0.0,2
A01055,2023-01-31,Core,12.734547181799464,1.7998132822618231,1
A01056,2023-01-31,Analytics,14.847976370689702,2.9995550728085343,1
A01057,2023-01-31,Core,13.613275171797502,1.2347933767314294,0
A01058,2023-01-31,Core,16.512430438717438,2.9209464430715433,0
A01059,2023-01-31,Automation,11.199732386598,2.183609164390345,0
A01060,2023-01-31,Core,0.8493027527663446,24.401142200838276,8
A01061,2023-01-31,API,3.844383300288629,24.77136425290713,3
A01062,2023-01-31,Core,14.180708518805039,2.6810315435642615,1
A01063,2023-01-31,API,10.277732167707438,2.420547071198035,0
A01064,2023-01-31,API,9.836739314899223,3.015900202780414,1
A01065,2023-01-31,Automation,2.199613576605496,26.898649749275386,2
A01066,2023-01-31,Core,11.726658298055114,0.3553339670109761,1
A01067,2023-01-31,Analytics,9.642464848979241,1.6218791268676807,0
A01068,2023-01-31,Premium Support,16.896023876942188,0.19559757722013416,1
A01069,2023-01-31,Core,12.104615981218723,2.657364826208634,1
A01070,2023-01-31,Core,17.449434811596074,2.8961998392929678,1
A01071,2023-01-31,Core,14.085412373328282,2.941702242133042,0
A01072,2023-01-31,Premium Support,14.88427658616591,2.489094699229804,0
A01073,2023-01-31,Core,13.365500761709441,2.9679251293892985,1
A01074,2023-01-31,Core,6.034513266362909,0.4233966617325391,0
A01075,2023-01-31,Premium Support,10.589640526838888,1.8924330782057124,2
A01076,2023-01-31,Core,1.9292823934581311,19.215760452095033,2
A01077,2023-01-31,Core,15.094187411878114,1.641670387194111,1
A01078,2023-01-31,Analytics,8.630977932835638,3.6162517359327575,2
A01079,2023-01-31,Core,13.839194876418617,3.093237182354694,0
A01080,2023-01-31,Analytics,10.633207738357905,2.662285406474422,0
A01081,2023-01-31,Core,0.022477909131497498,24.651250269787074,3
A01082,2023-01-31,Analytics,13.941797642900525,1.0064052155544183,1
A01083,2023-01-31,API,2.3765479740897777,25.241605547465266,5
A01084,2023-01-31,Core,17.200468790562557,3.1106758318223067,0
A01085,2023-01-31,Analytics,15.376969697822087,2.4098714892592343,0
A01086,2023-01-31,Premium Support,16.581180766911725,0.41430921081543803,0
A01087,2023-01-31,Core,12.948972572228485,2.104610897115835,1
A01088,2023-01-31,Premium Support,22.469352233801438,0.08667180793365192,0
A01089,2023-01-31,Premium Support,2.9775463118267456,32.08735501832291,3
A01090,2023-01-31,Core,0.43989965089648875,27.774725056287096,4
A01091,2023-01-31,Analytics,16.70407574824068,0.7768786001470671,0
A01092,2023-01-31,Automation,2.7103578439807063,26.773496600664338,2
A01093,2023-01-31,API,7.95826914945067,27.037176377349347,6
A01094,2023-01-31,Automation,16.025955973979322,2.232398962414211,1
A01095,2023-01-31,Core,7.749328536181878,4.191707947151051,1
A01096,2023-01-31,Premium Support,18.7678960836135,2.6349998362559557,0
A01097,2023-01-31,Core,13.388327123400154,1.3550430700726328,2
A01098,2023-01-31,API,17.737682546812557,2.5192038674849417,1
A01099,2023-01-31,Automation,1.1574043677402068,26.007293708952353,3
A01100,2023-01-31,Core,14.769705510443574,3.2667588218970023,0
A01101,2023-01-31,Analytics,12.309493162565454,2.2809772068304284,0
A01102,2023-01-31,API,15.71636045474391,2.3799232868004485,1
A01103,2023-01-31,Premium Support,14.951211357406537,0.557631589804706,0
A01104,2023-01-31,Analytics,15.098143392497535,2.061351619502952,1
A01105,2023-01-31,API,10.823174935305525,1.9437341457347408,0
A01106,2023-01-31,Core,13.829092637544166,0.9757865447894489,1
A01107,2023-01-31,Core,13.459498856211978,1.778498513611155,2
A01108,2023-01-31,Core,15.485930125122298,2.4357524435840783,1
A01109,2023-01-31,Analytics,16.9678909863004,1.9956504006559868,1
A01110,2023-01-31,Analytics,14.451427766025844,0.5879003084159664,1
A01111,2023-01-31,Core,10.171483134834205,1.7267831668030567,1
A01112,2023-01-31,Core,14.322736428700305,1.531975210960126,1
A01113,2023-01-31,Core,21.833228685227787,2.1935135230311826,2
A01114,2023-01-31,Automation,4.408566040799006,26.903064798231416,5
A01115,2023-01-31,Core,5.0768013117269035,1.5883869378881532,3
A01116,2023-01-31,Analytics,3.4625051102117816,23.12084984775607,4
A01117,2023-01-31,Automation,2.517388634633457,31.743910876826668,10
A01118,2023-01-31,Automation,13.453018962296062,2.962976754986563,2
A01119,2023-01-31,API,12.619727239568348,2.278640522708186,1
A01120,2023-01-31,Core,13.199107354749534,3.423069325290714,0
A01121,2023-01-31,Core,2.6241797308973585,22.284733346659603,1
A01122,2023-01-31,Core,10.554590076874973,3.496682496209152,0
A01123,2023-01-31,Automation,17.56606595482811,3.368627651803056,0
A01124,2023-01-31,Core,13.832021024905792,3.562949516740723,2
A01125,2023-01-31,Core,11.194927177665353,0.846857189528766,2
A01126,2023-01-31,Core,17.373050484196085,2.6474262779104683,2
A01127,2023-01-31,Analytics,9.364607284665077,3.2183205528638963,1
A01128,2023-01-31,Core,12.334369708995249,3.399027321856619,3
A01129,2023-01-31,Core,1.7927405787104775,22.970493377898272,4
A01130,2023-01-31,Core,20.431825814708393,2.6573805249314377,0
A01131,2023-01-31,Analytics,11.94493769408167,2.075203064950419,0
A01132,2023-01-31,Core,7.535104338499685,3.847060233007612,3
A01133,2023-01-31,Analytics,0.08683576998563014,25.04984195620782,6
A01134,2023-01-31,API,15.366651042214334,1.2307104185771345,3
A01135,2023-01-31,Analytics,3.664450658031637,28.61605178267698,4
A01136,2023-01-31,Core,20.829619080328317,2.1446162870330823,0
A01137,2023-01-31,API,1.4832929799941794,37.518979500839485,2
A01138,2023-01-31,Analytics,14.563767781745456,1.955658381466708,1
A01139,2023-01-31,Core,11.325753597275668,2.101033322524254,1
A01140,2023-01-31,Core,18.872082294042077,2.5502387706232046,0
A01141,2023-01-31,Premium Support,2.8916902715549284,17.865719412296873,4
A01142,2023-01-31,Core,2.242687430921327,14.173743337982415,3
A01143,2023-01-31,Analytics,12.74877859353779,2.392211669327814,0
A01144,2023-01-31,Core,10.243135283309572,1.154443347906473,2
A01145,2023-01-31,API,12.604939726487073,1.9059532884503316,0
A01146,2023-01-31,Core,13.300675010064754,2.741932926490246,0
A01147,2023-01-31,API,16.191969817436355,2.9285761165630952,0
A01148,2023-01-31,Core,12.835734994696944,3.298501656194275,0
A01149,2023-01-31,Core,10.197622274484454,2.335436066782794,1
A01150,2023-01-31,API,9.1886835342299,2.3557857112444407,2
A01151,2023-01-31,Core,8.102697907242204,24.518908173502737,7
A01152,2023-01-31,Core,14.217877560407674,1.405229786428692,0
A01153,2023-01-31,Automation,12.337061866360497,1.3642209480108378,2
A01154,2023-01-31,Premium Support,12.597630618523787,1.8752021423456013,3
A01155,2023-01-31,Core,15.16546079839751,0.7249823004458964,2
A01156,2023-01-31,API,18.171638761068042,2.406900771699909,2
A01157,2023-01-31,Core,11.659566247568037,3.049082036168264,0
A01158,2023-01-31,Analytics,14.266708508646298,1.2899563551616458,0
A01159,2023-01-31,API,16.87481121201597,2.435149189885271,0
A01160,2023-01-31,API,11.671657129408251,1.3708689490580066,0
A01161,2023-01-31,Core,13.953103656310084,0.9834244980050739,2
A01162,2023-01-31,Core,13.886013190737001,4.055561043759667,0
A01163,2023-01-31,Analytics,10.066114294869443,0.9977668639827577,1
A01164,2023-01-31,API,14.505496384296869,0.720680681912155,2
A01165,2023-01-31,Analytics,14.094634035813295,2.2147153970553126,0
A01166,2023-01-31,Core,15.665252748788173,2.2685214784607663,0
A01167,2023-01-31,Core,10.439340576017862,2.667232141189941,1
A01168,2023-01-31,API,0.2235733269093254,18.070069985857106,3
A01169,2023-01-31,Core,18.145202190967424,1.2228701848053696,1
A01170,2023-01-31,Automation,20.23249949573686,1.4215631620260996,1
A01171,2023-01-31,Analytics,17.840387806914826,3.6088054973068573,1
A01172,2023-01-31,Automation,10.468785483049274,2.9391237655057845,2
A01173,2023-01-31,Core,15.35315804613088,2.800081337761732,1
A01174,2023-01-31,Core,12.55056027511666,1.410131304492681,1
A01175,2023-01-31,Premium Support,14.851701779389764,3.125888220412252,1
A01176,2023-01-31,Analytics,11.68334988266923,2.8031828201810356,1
A01177,2023-01-31,Core,8.8595796744431,2.1895372681193654,2
A01178,2023-01-31,Premium Support,12.966448283900501,1.4150721897665077,1
A01179,2023-01-31,Core,16.167808089830046,2.106695554388445,2
A01180,2023-01-31,API,14.863999266421434,3.648486888483272,2
A01181,2023-01-31,Core,15.20884357974306,0.9060322473963196,0
A01182,2023-01-31,Automation,14.649050968938134,1.2002009319365299,2
A01183,2023-01-31,Premium Support,15.213582424537133,1.3721975649293348,0
A01184,2023-01-31,Core,5.371604085698651,26.86116726430569,4
A01185,2023-01-31,Core,6.911121677135377,26.820730505137217,2
A01186,2023-01-31,Analytics,6.1139626709813975,12.639027075811088,6
A01187,2023-01-31,Core,19.22977512460907,2.4614141144174626,0
A01188,2023-01-31,Analytics,14.426093087003418,2.060841050503429,4
A01189,2023-01-31,API,14.127690489361754,2.2769934750803453,1
A01190,2023-01-31,Core,14.308653521679199,2.6239909603631792,0
A01191,2023-01-31,Premium Support,13.34627444505134,0.3182940537704053,3
A01192,2023-01-31,API,12.693932108837592,3.0715841917546007,0
A01193,2023-01-31,Core,1.3681397174825403,16.1187758377558,3
A01194,2023-01-31,Analytics,12.482854394122546,1.556489628822512,0
A01195,2023-01-31,Automation,13.563455211568353,2.3404353217035867,2
A01196,2023-01-31,Analytics,11.62845588042114,1.9245941719960826,0
A01197,2023-01-31,Premium Support,14.324035413602953,2.4869304410933397,2
A01198,2023-01-31,Core,15.752584832528083,2.1418279184564057,1
A01199,2023-01-31,Core,13.364255420267254,1.7106677129383785,2
A01200,2023-01-31,Analytics,7.974864689332053,3.5287581693762817,1
A01201,2023-01-31,Core,15.771114632166416,2.708065532010135,0
A01202,2023-01-31,Core,14.36055152827928,2.3021173251356197,1
A01203,2023-01-31,Analytics,11.02030564995962,2.6925198408593665,1
A01204,2023-01-31,Core,16.31981072696982,1.2946705072925044,0
A01205,2023-01-31,Core,9.804724397852457,4.174771741816684,1
A01206,2023-01-31,Core,0.5777988194801362,19.0430078331664,5
A01207,2023-01-31,Core,13.827900141058361,2.1131686582934015,0
A01208,2023-01-31,Core,7.193404773868009,1.7135737213822597,0
A01209,2023-01-31,Core,1.891012511408709,21.039441592215937,1
A01210,2023-01-31,Premium Support,12.781422895727193,1.5457432436852405,1
A01211,2023-01-31,Core,4.378113633947621,20.41510865847209,8
A01212,2023-01-31,Core,11.786822715631345,3.1883422048081194,1
A01213,2023-01-31,Premium Support,13.618352627420382,0.7952972054171159,0
A01214,2023-01-31,Automation,12.544433956498576,2.98356389868382,2
A01215,2023-01-31,Core,8.429929270434844,2.648537734720982,2
A01216,2023-01-31,Automation,17.816203660031615,1.6191088683206538,0
A01217,2023-01-31,Automation,13.266927032114584,2.532607283793853,1
A01218,2023-01-31,API,11.804194952365211,1.8421009823034253,1
A01219,2023-01-31,Analytics,10.614728952364008,0.8989936614906482,0
A01220,2023-01-31,Analytics,16.312196202358763,0.9095663453290936,2
A01221,2023-01-31,Premium Support,10.104704092710424,2.6554415164696907,0
A01222,2023-01-31,Analytics,14.4019619055739,2.6035703236850227,2
A01223,2023-01-31,Automation,6.465855516470446,24.35676102214415,4
A01224,2023-01-31,Core,12.423741018313002,1.6084834606594933,1
A01225,2023-01-31,API,10.6893214070723,1.8095684663689786,0
A01226,2023-01-31,Premium Support,12.13904170243502,1.6744468428359736,0
A01227,2023-01-31,Core,14.026437174520574,0.2530558648231327,0
A01228,2023-01-31,Core,14.705936679046978,2.0612532502562795,1
A01229,2023-01-31,Automation,2.1000339767416385,14.991429101969025,6
A01230,2023-01-31,API,13.727196792687758,2.0676087987782057,0
A01231,2023-01-31,API,16.665363292911266,3.769149172019202,2
A01232,2023-01-31,Premium Support,0.0,26.615234791139123,5
A01233,2023-01-31,Core,13.981193079224422,1.3388962831062796,2
A01234,2023-01-31,API,11.14764816379348,2.13301899568367,1
A01235,2023-01-31,API,10.841947483650406,2.2437668101924317,1
A01236,2023-01-31,Core,14.783034538994302,0.0987913749737277,0
A01237,2023-01-31,Core,12.364245593997321,2.602697999875603,1
A01238,2023-01-31,API,1.4354661559526605,23.040758839054256,3
A01239,2023-01-31,API,17.972849576209963,0.0,2
A01240,2023-01-31,API,16.760268542995487,1.8832907311150782,1
A01241,2023-01-31,Analytics,8.203082130922493,1.1914584780613322,2
A01242,2023-01-31,API,9.576715615993797,1.54667673568621,0
A01243,2023-01-31,Core,3.1113308070189345,23.04923650333391,5
A01244,2023-01-31,Core,13.145378500887592,2.4161886786735725,0
A01245,2023-01-31,Analytics,2.3413018815267703,24.16751591498963,4
A01246,2023-01-31,API,15.849009195623031,2.2650235741702827,1
A01247,2023-01-31,Automation,14.898396571561994,0.0,0
A01248,2023-01-31,Analytics,10.934411924523689,2.2855960373327986,1
A01249,2023-01-31,Automation,15.474320884593414,1.8053612078009649,0
A01250,2023-01-31,Premium Support,10.1727081357486,0.8989874652458969,0
A01251,2023-01-31,Analytics,5.090085086522908,31.3344300617172,4
A01252,2023-01-31,Analytics,2.8437099963784553,16.948416569035,2
A01253,2023-01-31,Premium Support,11.525508269727222,1.3315065181068624,0
A01254,2023-01-31,Core,16.414032284396946,0.35626718918810907,0
A01255,2023-01-31,API,1.875390848886912,29.624427552735614,4
A01256,2023-01-31,Analytics,3.8385493268005186,21.885186685351297,5
A01257,2023-01-31,Analytics,15.651239569073878,1.8444965307401904,1
A01258,2023-01-31,Automation,12.704512040926996,1.4839944363625208,1
A01259,2023-01-31,Core,1.0206947071431995,29.115260000521843,5
A01260,2023-01-31,Core,9.478296319905658,2.567899527128155,2
A01261,2023-01-31,Core,13.998411459482405,2.462826046145924,3
A01262,2023-01-31,Automation,14.130731989491835,2.199593402760192,1
A01263,2023-01-31,Core,19.396993330534244,2.816487784344106,2
A01264,2023-01-31,API,3.880221406531236,23.423644838464607,6
A01265,2023-01-31,Core,13.157349622676662,0.905440764941432,2
A01266,2023-01-31,Analytics,17.864351653493106,1.4776663257726281,0
A01267,2023-01-31,Analytics,3.8151941108432683,21.93222916216251,3
A01268,2023-01-31,Core,3.9507251673284047,30.250501308752057,2
A01269,2023-01-31,Core,0.19115566854523802,15.942010859632283,0
A01270,2023-01-31,Core,1.419505708111523,28.774314810063558,5
A01271,2023-01-31,Core,8.522438702500544,2.8008534306178623,0
A01272,2023-01-31,Analytics,5.214290015308018,23.738197631278336,2
A01273,2023-01-31,Analytics,6.308200207167225,24.122526516295864,4
A01274,2023-01-31,Core,14.354116500971221,3.448898526142031,2
A01275,2023-01-31,Core,11.636995392728805,0.9398321051320389,1
A01276,2023-01-31,Analytics,12.56122704485448,1.0351728780371334,0
A01277,2023-01-31,Premium Support,12.64338382082702,3.124295273688533,0
A01278,2023-01-31,API,13.855504453128884,2.027604896838709,1
A01279,2023-01-31,Premium Support,12.414433230785477,1.3288216929558214,1
A01280,2023-01-31,Analytics,10.814641730188605,2.5519246267564704,1
A01281,2023-01-31,Automation,14.257299331843516,1.561533038312015,0
A01282,2023-01-31,Core,17.202449648793834,1.1624745045272653,0
A01283,2023-01-31,Analytics,4.031312092213612,21.152972749831793,3
A01284,2023-01-31,Core,12.170538685284134,2.3215493610260163,0
A01285,2023-01-31,API,13.630560784719124,2.2058154966306627,0
A01286,2023-01-31,Automation,7.848101688930384,3.5167467666559507,0
A01287,2023-01-31,API,1.80898136177026,25.34984822478932,5
A01288,2023-01-31,Core,0.8280432333769183,23.323655034578746,2
A01289,2023-01-31,API,11.199618925980463,3.4396335305269163,0
A01290,2023-01-31,API,11.743704943004097,2.9856467932775907,0
A01291,2023-01-31,Core,12.76929649538106,2.144898303762739,0
A01292,2023-01-31,Core,16.97737482801947,0.4389872774186896,2
A01293,2023-01-31,API,17.27618125034028,1.1881452177167675,0
A01294,2023-01-31,Core,11.215624515326567,0.9459052026122636,1
A01295,2023-01-31,Core,12.44576788026982,2.0364517768993693,0
A01296,2023-01-31,Automation,12.522230128134266,1.4916588854584558,0
A01297,2023-01-31,Premium Support,16.428636546650374,3.6029048928422998,3
A01298,2023-01-31,Core,14.43651965789485,0.4285627862259913,0
A01299,2023-01-31,Premium Support,14.278369587923125,0.8386602830872871,1
A01300,2023-01-31,Automation,15.608787840263568,2.244628784879852,2
A01301,2023-01-31,Analytics,12.210759774767205,2.5214360497641697,2
A01302,2023-01-31,API,18.091659723062172,0.0,0
A01303,2023-01-31,Premium Support,0.0,26.054651495440268,7
A01304,2023-01-31,API,11.43226266142426,1.7363963068593857,2
A01305,2023-01-31,Core,13.31107926860648,3.3560436314849675,0
A01306,2023-01-31,Core,17.695784972623617,3.8877608852169696,1
A01307,2023-01-31,Analytics,12.724573592048683,1.585502509836974,0
A01308,2023-01-31,Core,3.3867909687232918,22.271020262774048,6
A01309,2023-01-31,Core,12.123962621685436,1.163134242715357,2
A01310,2023-01-31,Analytics,11.703008909668082,2.6332063998861224,2
A01311,2023-01-31,Core,2.8550502477319974,14.259518815256131,3
A01312,2023-01-31,Core,11.378082318062777,3.25602073738005,1
A01313,2023-01-31,Automation,3.559414816769926,20.90952978078624,1
A01314,2023-01-31,Core,15.054877997070047,1.1614682948647754,3
A01315,2023-01-31,API,11.379218196597224,2.008197004309821,0
A01316,2023-01-31,Analytics,13.785671768016998,3.3807867044335773,0
A01317,2023-01-31,Premium Support,12.353677128321388,1.5994829016533816,0
A01318,2023-01-31,Core,15.046929670007179,0.18457097065224692,3
A01319,2023-01-31,Core,0.9151133598785512,29.2609748695945,7
A01320,2023-01-31,API,12.887886191337733,1.7209742465116609,0
A01321,2023-01-31,Analytics,15.601328821575521,0.17870183873050238,0
A01322,2023-01-31,Automation,3.1931094925996666,22.60280836935698,2
A01323,2023-01-31,Core,14.07217310918954,2.506004663255398,0
A01324,2023-01-31,Core,13.504384637805428,3.8598926148183104,1
A01325,2023-01-31,Core,11.427747660945338,0.6676230431568875,0
A01326,2023-01-31,API,5.305978610684779,24.673464938308516,1
A01327,2023-01-31,Core,13.133774750241834,2.966836151175877,2
A01328,2023-01-31,Core,11.285599748783822,2.51962093093531,4
A01329,2023-01-31,API,17.042519786744897,0.9931983671558755,1
A01330,2023-01-31,Core,6.483447657400307,19.52092507728863,5
A01331,2023-01-31,Core,13.315703127970282,2.097196752283815,0
A01332,2023-01-31,Core,18.020169844238893,2.090177659846292,4
A01333,2023-01-31,Automation,5.01493346733165,18.85892048694449,2
A01334,2023-01-31,Analytics,17.818462411187266,3.2916370135332556,0
A01335,2023-01-31,Analytics,11.359436152591348,1.5992484175079396,1
A01336,2023-01-31,Analytics,14.63459761824656,0.10629925588096323,2
A01337,2023-01-31,Premium Support,12.235808737637868,1.7759434854951626,3
A01338,2023-01-31,Core,11.230996878642728,2.480273348245706,2
A01339,2023-01-31,Core,17.941659577905305,2.341961152061046,0
A01340,2023-01-31,Automation,19.568649702185855,2.334222587139946,0
A01341,2023-01-31,Analytics,13.336323048046765,3.4939890143566776,0
A01342,2023-01-31,Premium Support,15.006424106582884,0.8852094282978757,1
A01343,2023-01-31,API,14.1709737549875,1.5762916516493255,2
A01344,2023-01-31,API,19.191520512058567,3.5450540380104028,0
A01345,2023-01-31,Analytics,4.81073608329315,18.808906934651393,3
A01346,2023-01-31,Core,15.13137032381066,1.9463055527972306,3
A01347,2023-01-31,Premium Support,11.8186210575682,3.228921115237034,0
A01348,2023-01-31,Analytics,2.0892010383187047,32.85703782599666,6
A01349,2023-01-31,Core,1.4715037120299033,36.23719417955918,6
A01350,2023-01-31,Core,19.54414637273166,2.685439301761694,0
A01351,2023-01-31,Core,4.838336366616338,20.105365356300005,4
A01352,2023-01-31,Core,2.8992359890325163,25.41888148904831,3
A01353,2023-01-31,Core,17.5960165911901,0.7999382887142059,2
A01354,2023-01-31,Core,13.961909592141433,0.859586980626625,1
A01355,2023-01-31,Automation,14.361366855233875,2.3878741311637457,2
A01356,2023-01-31,Analytics,8.851106280376666,1.5069855042828004,2
A01357,2023-01-31,Core,11.85150841048206,2.206696699039759,1
A01358,2023-01-31,Core,16.721022872989987,2.4307670792802267,2
A01359,2023-01-31,Automation,14.182037291111202,3.778109739375549,1
A01360,2023-01-31,API,15.102024324331046,2.4337245855664094,0
A01361,2023-01-31,Core,4.109008168288214,14.579492034939872,5
A01362,2023-01-31,Premium Support,20.576011832889293,2.676487958186135,1
A01363,2023-01-31,Core,12.708440506434197,1.1682457999178877,0
A01364,2023-01-31,Core,18.816230128958928,2.913155524376041,3
A01365,2023-01-31,Core,14.400509666620197,2.064627919569255,0
A01366,2023-01-31,Premium Support,19.082596923742393,2.400543816156948,1
A01367,2023-01-31,Automation,10.32506573222555,0.21934602288531968,2
A01368,2023-01-31,API,14.553956622892581,0.0,1
A01369,2023-01-31,Analytics,12.818939648229591,0.4985757675865674,0
A01370,2023-01-31,Core,14.418417007550119,3.745770855698467,1
A01371,2023-01-31,Core,17.667128787998383,0.8518451771529094,0
A01372,2023-01-31,Core,15.136428816073837,2.7323098019889316,1
A01373,2023-01-31,Automation,17.661148070080813,1.3580922010892946,3
A01374,2023-01-31,API,11.989336720178164,1.7599699007807597,2
A01375,2023-01-31,Analytics,11.53149662742885,1.9552797449307404,0
A01376,2023-01-31,Premium Support,14.048315219411798,3.6437784278114957,0
A01377,2023-01-31,Core,13.884043464826744,2.5845055307914246,0
A01378,2023-01-31,Core,13.442421893527422,2.3850331403203513,1
A01379,2023-01-31,Core,11.124104822987944,3.2966984321111963,2
A01380,2023-01-31,Premium Support,0.05434980306062931,26.65719571715445,3
A01381,2023-01-31,Core,12.911488398099538,3.0683429769514334,0
A01382,2023-01-31,Core,18.278234366638046,2.9013025951587315,1
A01383,2023-01-31,Core,14.038230095612175,2.889899363243533,2
A01384,2023-01-31,Premium Support,15.945286792442134,1.8449832970884923,3
A01385,2023-01-31,Core,15.673128928891048,1.5626851042225713,1
A01386,2023-01-31,API,11.527175778947443,1.1301763548305845,1
A01387,2023-01-31,Automation,15.101608764657467,1.192817635033462,1
A01388,2023-01-31,API,19.784998833401318,1.0829868489415082,1
A01389,2023-01-31,Core,14.754836759301071,2.366847761826076,1
A01390,2023-01-31,Core,2.113861755797682,9.667689341521406,5
A01391,2023-01-31,Core,16.079815533776554,2.4314001976800195,4
A01392,2023-01-31,Automation,14.921148975094962,2.487882019652804,5
A01393,2023-01-31,Automation,14.55943615317424,0.9402439457116669,1
A01394,2023-01-31,Core,15.6419466773639,0.9102314678907706,1
A01395,2023-01-31,Core,16.28984763942684,1.7713396168266875,2
A01396,2023-01-31,Core,9.943507828846782,1.2248792763862189,0
A01397,2023-01-31,Analytics,14.741908667289364,1.1195878604737142,0
A01398,2023-01-31,Core,13.447766357758049,3.6956870090748706,1
A01399,2023-01-31,Premium Support,12.825419469044874,0.466645228122587,0
A01400,2023-01-31,Core,17.88789313708572,4.02306442727801,0
A01401,2023-01-31,Core,11.80056125580844,2.2888763833590886,0
A01402,2023-01-31,Analytics,9.815692819069994,2.986238283017926,0
A01403,2023-01-31,Premium Support,16.38714867615756,2.8683328173302316,0
A01404,2023-01-31,Core,9.738818430338332,2.616959177266036,3
A01405,2023-01-31,Automation,8.216170766124309,3.6618317991431857,0
A01406,2023-01-31,Analytics,2.9226234658394223,29.056258744935967,5
A01407,2023-01-31,Analytics,14.476166751687465,1.8436216222215913,1
A01408,2023-01-31,Analytics,15.418158882106328,1.1471530874992526,0
A01409,2023-01-31,Automation,12.672717275661133,0.3039204689676174,1
A01410,2023-01-31,Analytics,9.846781605172943,1.3387588814417763,1
A01411,2023-01-31,Core,10.442638359146997,3.8725477782238213,1
A01412,2023-01-31,Automation,13.183433301706149,1.8265333025822854,0
A01413,2023-01-31,Core,10.182791426245874,3.9835157133335595,1
A01414,2023-01-31,Core,14.92115872113696,4.085827163443204,0
A01415,2023-01-31,Core,1.3230200877562854,18.516750198656823,4
A01416,2023-01-31,Analytics,14.555108142095916,3.905493019098306,0
A01417,2023-01-31,Automation,14.465444384679293,4.358131865333807,2
A01418,2023-01-31,Analytics,15.16039866327358,2.325167541055724,2
A01419,2023-01-31,Analytics,15.498447581866996,2.2283282336866734,1
A01420,2023-01-31,Core,3.6889549534501063,30.545825600944752,3
A01421,2023-01-31,Premium Support,5.163567334328247,28.899681466142404,6
A01422,2023-01-31,Core,0.9076887430296394,20.38326719916397,6
A01423,2023-01-31,Core,6.713329072719905,2.752182565153418,2
A01424,2023-01-31,Automation,15.93957723757847,1.5341821447034616,0
A01425,2023-01-31,Automation,14.449826588660754,0.6223757621912893,0
A01426,2023-01-31,Core,15.692146595730712,2.3636187975725265,1
A01427,2023-01-31,Analytics,0.997264483314841,20.080218400593388,5
A01428,2023-01-31,Automation,13.05268047451282,1.4107265025286613,0
A01429,2023-01-31,Core,10.72541163030326,1.8572467696858286,0
A01430,2023-01-31,Premium Support,16.233804128638624,1.6278567804661253,1
A01431,2023-01-31,Core,9.784650373794518,3.1100424925166923,0
A01432,2023-01-31,Analytics,11.214035654233037,1.8332584604766564,0
A01433,2023-01-31,Core,15.602942384815943,3.1604496378767175,0
A01434,2023-01-31,Core,12.111876403168257,2.2060162489421535,0
A01435,2023-01-31,Core,4.668838484550299,31.41126151169351,4
A01436,2023-01-31,Core,16.72015828862055,2.158220486286794,1
A01437,2023-01-31,Premium Support,16.843135269775605,0.7083701359792662,0
A01438,2023-01-31,Analytics,16.166213577622997,2.3380771894706958,2
A01439,2023-01-31,Core,0.0,28.274331971541862,1
A01440,2023-01-31,Analytics,0.7130313087030702,23.833172132026597,6
A01441,2023-01-31,Core,13.386221076090154,0.6478259146221321,0
A01442,2023-01-31,API,12.055756164399192,0.48101979775702364,0
A01443,2023-01-31,Analytics,14.503187503147933,1.4631814749191634,5
A01444,2023-01-31,Core,12.416305018022456,3.384662357992878,2
A01445,2023-01-31,API,12.700801382219069,2.220975393580246,3
A01446,2023-01-31,Core,15.7997013019487,1.2253047602517977,2
A01447,2023-01-31,Automation,5.649311353097264,30.709939394349192,1
A01448,2023-01-31,Analytics,15.194780762810286,1.316010695546384,0
A01449,2023-01-31,Core,19.382947595727703,1.2484488714869222,0
A01450,2023-01-31,Core,11.883453283901755,2.9356177186452563,2
A01451,2023-01-31,Core,8.486076082372225,3.0125442493870445,0
A01452,2023-01-31,Premium Support,16.143883668768662,0.9500981278090637,0
A01453,2023-01-31,Automation,11.684499342059805,2.7531660615815996,2
A01454,2023-01-31,Premium Support,13.17892327467391,2.6507568986754277,0
A01455,2023-01-31,API,8.690610469636628,0.8203191852370681,0
A01456,2023-01-31,Premium Support,11.302369257962521,1.9161813011720983,2
A01457,2023-01-31,Core,9.493317750262293,2.340819988157417,0
A01458,2023-01-31,API,12.69709020973909,2.1632354187173592,0
A01459,2023-01-31,Core,12.816345518351149,0.2894589231914435,0
A01460,2023-01-31,Automation,14.269881234644627,2.1311824545166185,0
A01461,2023-01-31,Premium Support,17.719168893065525,2.636264891431676,1
A01462,2023-01-31,API,16.030718794693456,3.5795941688675237,1
A01463,2023-01-31,Automation,9.133491091368558,1.3312087998528517,0
A01464,2023-01-31,Automation,6.275494918409545,21.236773514739344,5
A01465,2023-01-31,Core,14.33526409232438,1.7911332341273898,1
A01466,2023-01-31,Analytics,13.706520703891705,2.2912159213168892,0
A01467,2023-01-31,API,13.931901410188322,2.097017767622855,0
A01468,2023-01-31,API,14.613657284258766,2.6043079879670907,1
A01469,2023-01-31,Analytics,11.924339626959304,0.8748134577848579,1
A01470,2023-01-31,Core,3.852856308251992,24.093386332978355,7
A01471,2023-01-31,Core,17.5518173716755,1.257784619774346,0
A01472,2023-01-31,Premium Support,2.5679034231160442,28.263041175003075,5
A01473,2023-01-31,API,10.910336071474713,3.7080136272562063,1
A01474,2023-01-31,API,13.814877956378448,0.6017571912339914,2
A01475,2023-01-31,Core,10.608300629730957,1.7205325315606292,0
A01476,2023-01-31,Core,8.831650635636985,0.7253542276893752,1
A01477,2023-01-31,Analytics,2.5199656963664543,28.723425196797127,3
A01478,2023-01-31,Core,2.252486092361779,29.320439039256563,5
A01479,2023-01-31,Core,13.884187712369322,2.1696551188442696,1
A01480,2023-01-31,Core,14.53573128334464,1.883284146664337,0
A01481,2023-01-31,Core,7.6095549255466235,3.328402329052052,0
A01482,2023-01-31,Core,15.314376477322842,2.3305024347721446,0
A01483,2023-01-31,API,14.280097583929376,2.8195660563118103,0
A01484,2023-01-31,Analytics,12.005255515881936,2.715257386845135,1
A01485,2023-01-31,Analytics,14.540151414207122,0.0,0
A01486,2023-01-31,Premium Support,3.6339079878116656,24.705703496035984,7
A01487,2023-01-31,Analytics,10.821536214926194,0.9219255311186476,0
A01488,2023-01-31,Automation,14.99556118033973,1.1706831058431382,4
A01489,2023-01-31,Core,17.591406267581462,3.474586107325293,0
A01490,2023-01-31,Core,3.341201354434671,28.263737648818665,4
A01491,2023-01-31,Core,11.397217392688678,3.8925681958060077,2
A01492,2023-01-31,Premium Support,13.467259790594815,0.5923115797291445,2
A01493,2023-01-31,Premium Support,16.563839585193286,0.916329219722632,2
A01494,2023-01-31,Analytics,2.2955297620106823,29.917571550610976,3
A01495,2023-01-31,Automation,15.735674776352543,1.6586284802414915,0
A01496,2023-01-31,Core,3.6248858841561336,30.057579548632468,2
A01497,2023-01-31,Analytics,14.726189244139212,1.8876931736302498,1
A01498,2023-01-31,Core,12.307006174863309,1.8574237620339924,2
A01499,2023-01-31,Analytics,12.298949134755317,1.6957639312679236,1
A01500,2023-01-31,Core,5.307612260497134,15.692039803603407,3
A01501,2023-01-31,Analytics,9.772740228399524,2.6416382875279028,2
A01502,2023-01-31,Analytics,15.456098532636632,3.6144221509724765,2
A01503,2023-01-31,Analytics,19.19397323276386,1.7974874646571823,2
A01504,2023-01-31,Core,16.05656577941847,1.6063617043641245,0
A01505,2023-01-31,Analytics,10.006708942882454,1.4775384435408678,1
A01506,2023-01-31,Core,10.155258473253785,3.4697838550324986,0
A01507,2023-01-31,Core,11.745123870060796,2.690324897113818,1
A01508,2023-01-31,Analytics,14.473723734559623,0.1009665735618297,1
A01509,2023-01-31,Core,14.677828082267157,0.05687929720361806,0
A01510,2023-01-31,Analytics,1.5384831140948703,18.63569852122525,4
A01511,2023-01-31,Core,11.3817276246591,2.230145444054375,1
A01512,2023-01-31,Analytics,11.56555253905994,1.9665298607813095,3
A01513,2023-01-31,Analytics,3.170765119407629,19.8043830503548,3
A01514,2023-01-31,Core,19.954086371873224,1.8245565578167202,1
A01515,2023-01-31,Core,11.200438803129657,3.3974187713789425,1
A01516,2023-01-31,Analytics,11.069126500592635,2.772111378774016,1
A01517,2023-01-31,Automation,10.600579114568468,2.0775766071156863,2
A01518,2023-01-31,Core,15.906633713726695,3.145339430534105,1
A01519,2023-01-31,Core,13.875975210934694,0.3510937756847792,2
A01520,2023-01-31,Automation,2.655397290423635,27.91686080966484,4
A01521,2023-01-31,Core,12.911613248665004,2.1375123061279853,2
A01522,2023-01-31,Core,11.625469097126896,2.6020364999525096,1
A01523,2023-01-31,Core,14.887673843567736,0.28483399717137936,1
A01524,2023-01-31,Premium Support,22.053129820389007,1.7395930931255184,4
A01525,2023-01-31,Analytics,15.65259321707671,2.4004607963510747,3
A01526,2023-01-31,Core,2.6898004962022557,23.729499578578356,7
A01527,2023-01-31,Analytics,12.005073537536141,3.186129841454201,1
A01528,2023-01-31,Core,9.969799754345452,2.761505332406745,1
A01529,2023-01-31,Core,16.201069194209108,1.939153950627959,2
A01530,2023-01-31,Premium Support,16.03806253509896,2.6749737489487546,1
A01531,2023-01-31,Analytics,12.601697009927582,1.7986363644453676,0
A01532,2023-01-31,API,17.640001948827855,2.1467739527628527,0
A01533,2023-01-31,Automation,14.063320816655255,2.7948023501473624,1
A01534,2023-01-31,Core,16.324282206185405,1.9546992068119575,0
A01535,2023-01-31,Core,4.3002713911605674,19.416830267809075,5
A01536,2023-01-31,Core,13.468592360367085,2.9613087693170126,1
A01537,2023-01-31,API,11.13534616607754,2.712164860739053,2
A01538,2023-01-31,Core,13.563390222911986,3.2334718558813695,1
A01539,2023-01-31,Analytics,16.52615200668454,4.32844829795291,0
A01540,2023-01-31,Core,12.475594664301719,2.7029277733569432,0
A01541,2023-01-31,Core,1.7071228778205656,27.344711741655107,2
A01542,2023-01-31,Analytics,10.75179235392799,2.5118230478198007,0
A01543,2023-01-31,Core,16.340175008391075,2.4688184164904174,1
A01544,2023-01-31,Automation,14.938824009469885,2.6135106935103813,0
A01545,2023-01-31,Premium Support,10.393667723490497,3.4950162472373716,1
A01546,2023-01-31,Premium Support,13.327956429435163,0.3158884910159936,0
A01547,2023-01-31,Analytics,5.381583647693256,21.674833395880015,5
A01548,2023-01-31,Core,10.222902378040327,3.8504168680581126,2
A01549,2023-01-31,Analytics,10.787149284125197,2.5680706632702144,1
A01550,2023-01-31,Core,13.79150913564052,2.592135081223133,1
A01551,2023-01-31,Premium Support,20.399992191296583,1.7583551927405012,0
A01552,2023-01-31,API,2.2235354150349282,23.456228635064434,1
A01553,2023-01-31,Core,2.7775657525346618,25.800616947008166,7
A01554,2023-01-31,Automation,14.780406222804054,2.633552392770324,2
A01555,2023-01-31,Core,12.231440299203369,2.7207097300033873,1
A01556,2023-01-31,Automation,14.483400055354625,2.6266685716032834,0
A01557,2023-01-31,Analytics,12.656496013715135,2.8983899741423698,2
A01558,2023-01-31,Automation,12.926585629650464,2.7866486699856474,1
A01559,2023-01-31,Premium Support,9.0161842916806,0.9756513347398683,0
A01560,2023-01-31,Core,13.926691295401035,2.83226804350788,0
A01561,2023-01-31,Analytics,16.697280519867654,3.8585866164162272,0
A01562,2023-01-31,Core,14.172277324339056,1.9733732480445978,2
A01563,2023-01-31,Automation,17.27152328246729,3.4994799479824774,1
A01564,2023-01-31,Analytics,4.099627560742644,23.675648465341908,2
A01565,2023-01-31,Premium Support,13.82137608100934,1.970237380389565,0
A01566,2023-01-31,Automation,12.116223340979545,1.3588418481901416,0
A01567,2023-01-31,Core,12.541208853915787,3.379221252423799,1
A01568,2023-01-31,Core,9.588468578188635,3.6404765544088513,3
A01569,2023-01-31,API,13.198763329705022,1.9008038799124378,1
A01570,2023-01-31,Core,14.437996275692461,3.1710615226618506,0
A01571,2023-01-31,Core,19.146263293397702,3.6506266279033337,1
A01572,2023-01-31,Analytics,15.58496096983663,1.9670811420383305,2
A01573,2023-01-31,Analytics,1.5670372197589215,26.754670000474153,2
A01574,2023-01-31,Analytics,9.681895173443582,2.7336153696269836,2
A01575,2023-01-31,Core,13.380343738386282,1.1574620184797157,1
A01576,2023-01-31,Core,16.43529334048325,2.110097595214561,1
A01577,2023-01-31,Core,13.338150989916837,4.142787106201938,1
A01578,2023-01-31,API,3.1373090889246162,16.025795742897273,0
A01579,2023-01-31,Analytics,13.456623652243435,2.853826240706514,2
A01580,2023-01-31,Analytics,16.151001304146796,2.523804446137012,0
A01581,2023-01-31,Premium Support,9.208225931883018,1.8362340912970478,2
A01582,2023-01-31,Premium Support,18.8125463604383,2.221655092909392,0
A01583,2023-01-31,Core,2.2752619308728423,14.570127936853416,0
A01584,2023-01-31,Automation,16.38119698918933,2.553597146579301,0
A01585,2023-01-31,Core,13.183448015993134,2.709818623261263,4
A01586,2023-01-31,API,5.714392128503958,14.858302527977283,6
A01587,2023-01-31,Core,5.303806878528611,24.74876007936897,4
A01588,2023-01-31,Core,5.102573730348934,25.102672170682283,5
A01589,2023-01-31,Premium Support,15.372573629842686,3.768347391590279,1
A01590,2023-01-31,Analytics,17.175084535469203,2.1365217826184306,1
A01591,2023-01-31,Core,18.223846647792136,2.8936008501490136,3
A01592,2023-01-31,Automation,14.995464640330107,1.2376708143806396,0
A01593,2023-01-31,Core,19.141022717504914,2.388526305246165,2
A01594,2023-01-31,Core,14.278917628467434,0.9030672151381427,1
A01595,2023-01-31,Core,17.232321086758773,2.0637398397280924,0
A01596,2023-01-31,API,15.286159018718442,1.3520768148217204,2
A01597,2023-01-31,API,12.352386105723902,1.1223456650874484,0
A01598,2023-01-31,Analytics,14.543702463139532,1.6968773306340765,1
A01599,2023-01-31,Analytics,15.509515632527375,0.0,0
A01600,2023-01-31,Analytics,13.903405605792178,0.8400975622224669,2
A01601,2023-01-31,Core,15.238569553992669,2.7824141562603284,2
A01602,2023-01-31,Core,16.596088877980684,2.3476663895477268,0
A01603,2023-01-31,Core,13.929880574012321,0.9258130530373925,0
A01604,2023-01-31,API,5.168336993952558,2.5478735694650663,4
A01605,2023-01-31,Automation,19.034810454480112,1.121786927848115,0
A01606,2023-01-31,Core,13.107225709339014,2.7219638704134184,0
A01607,2023-01-31,Core,11.530159337503108,1.8843609265381742,2
A01608,2023-01-31,API,3.541467420270318,28.785404184085955,8
A01609,2023-01-31,Core,12.990662292999065,1.9089363762725453,0
A01610,2023-01-31,Analytics,12.311756506049054,4.559528456665708,3
A01611,2023-01-31,Analytics,11.788971608345927,1.2411984804776495,1
A01612,2023-01-31,Analytics,11.953621190466281,2.2265586662663788,0
A01613,2023-01-31,Core,15.589228472179467,2.781368709492371,3
A01614,2023-01-31,Premium Support,20.091090323009304,1.0375871509110655,0
A01615,2023-01-31,Core,1.4781730403849647,16.514813143690155,2
A01616,2023-01-31,Core,17.36779455426371,1.398901857037827,0
A01617,2023-01-31,Core,12.867769905659783,2.759463201108868,1
A01618,2023-01-31,Automation,14.313996096651733,1.6579965482717172,0
A01619,2023-01-31,Automation,15.279447212690862,1.7688940686389751,1
A01620,2023-01-31,Analytics,12.02132631907169,2.91076965129208,2
A01621,2023-01-31,Analytics,12.722809788352649,1.1936569205051406,1
A01622,2023-01-31,Analytics,16.56365587499923,1.9112446888538837,2
A01623,2023-01-31,Core,17.270878265300325,0.48615895868318115,2
A01624,2023-01-31,Core,5.339628902838186,29.160435317359827,0
A01625,2023-01-31,Core,10.41452845766382,2.22950707456841,2
A01626,2023-01-31,Analytics,13.113224050347025,2.7955362981672174,1
A01627,2023-01-31,API,1.664233700424815,25.181134837061702,6
A01628,2023-01-31,Premium Support,14.225607229504181,1.8081124192275833,0
A01629,2023-01-31,Analytics,2.217729498460683,23.79595785924776,6
A01630,2023-01-31,API,13.18786873688667,1.7538933138442012,0
A01631,2023-01-31,Premium Support,14.725133667149613,3.4817880754412247,1
A01632,2023-01-31,Core,15.250703717251518,1.6792472440260173,2
A01633,2023-01-31,Analytics,14.770586128721371,0.6340801757550967,4
A01634,2023-01-31,API,10.39540912310921,1.3201207350251838,1
A01635,2023-01-31,Analytics,6.198295168963308,31.207862039953497,4
A01636,2023-01-31,Automation,4.1786616229959375,29.74437603153606,2
A01637,2023-01-31,Analytics,2.21771638268423,20.949411812584522,3
A01638,2023-01-31,Premium Support,13.184222749283908,0.5537167626378965,1
A01639,2023-01-31,Core,15.65252060134433,2.312328590354878,0
A01640,2023-01-31,Automation,16.63445573577147,2.025742675882573,0
A01641,2023-01-31,Core,13.41011690488232,1.4684717509066658,0
A01642,2023-01-31,Core,17.44522324246202,2.2273499800577765,3
A01643,2023-01-31,Core,17.60652149429269,1.0623384906527447,1
A01644,2023-01-31,Analytics,18.14115420218357,2.8408444008270464,0
A01645,2023-01-31,Core,15.375296506956595,1.3016597014276687,1
A01646,2023-01-31,Core,21.080411748972608,1.613633111393113,1
A01647,2023-01-31,API,12.154150661706977,1.494648994602893,1
A01648,2023-01-31,Analytics,20.372232758536818,2.689473564407766,2
A01649,2023-01-31,Core,3.016993536276444,27.342600695314857,5
A01650,2023-01-31,Analytics,18.021161999080157,0.0,1
A01651,2023-01-31,Automation,13.039886736374866,2.254242936278179,0
A01652,2023-01-31,API,16.53342410889129,0.255407168174419,1
A01653,2023-01-31,Analytics,18.28092249099309,1.6586782878108368,0
A01654,2023-01-31,Automation,10.737924068828384,1.8918259782532998,1
A01655,2023-01-31,Automation,6.9142562312761715,25.378451310449726,1
A01656,2023-01-31,Core,7.576241935306436,2.5008192220989165,1
A01657,2023-01-31,Core,13.46500106945253,2.7200765660795323,1
A01658,2023-01-31,Core,11.55197541961974,1.2265342071807095,2
A01659,2023-01-31,API,13.346696936099795,1.190202997502679,0
A01660,2023-01-31,Premium Support,0.0,25.547132163810105,3
A01661,2023-01-31,Core,5.749729611416495,23.82017033468821,4
A01662,2023-01-31,Analytics,9.681657389898103,1.5230220248123214,1
A01663,2023-01-31,Core,3.3396298174921943,27.876932759344268,8
A01664,2023-01-31,Analytics,16.396793261177713,0.49369943478928446,2
A01665,2023-01-31,Automation,12.98630873988623,1.6598826406865919,0
A01666,2023-01-31,Automation,1.4292079281196042,29.230268872119016,4
A01667,2023-01-31,Premium Support,14.827946622244994,4.005267881387758,3
A01668,2023-01-31,Analytics,3.3886869289634127,23.986672358311132,4
A01669,2023-01-31,API,10.906011937741557,1.520189114641504,0
A01670,2023-01-31,Automation,14.51689015532297,0.9692350721982694,2
A01671,2023-01-31,API,14.2982075839453,2.009321803567251,3
A01672,2023-01-31,Premium Support,4.599978907268834,28.333232212344882,6
A01673,2023-01-31,Core,11.616871580438467,1.1141801523804058,1
A01674,2023-01-31,Core,1.0176150520170006,18.53589425623931,2
A01675,2023-01-31,Core,16.65845285894982,2.271063584288509,0
A01676,2023-01-31,Automation,13.77054268715939,2.8518992687651816,1
A01677,2023-01-31,Core,18.868192491906946,1.6718644721600806,2
A01678,2023-01-31,Automation,11.912538357012316,2.2431843308913333,5
A01679,2023-01-31,Analytics,14.579329404364477,1.7869035051259181,0
A01680,2023-01-31,API,12.937113712687982,3.4576815494911495,3
A01681,2023-01-31,API,15.763882839239331,2.1162641373710622,0
A01682,2023-01-31,Analytics,11.655236353324412,2.008753948314999,2
A01683,2023-01-31,Core,19.782193261981266,1.5417580009790859,2
A01684,2023-01-31,API,3.7622001892197194,29.91564889197622,7
A01685,2023-01-31,Premium Support,19.14644071904074,2.237722074823827,1
A01686,2023-01-31,Core,1.4815364909800948,33.103646674040974,7
A01687,2023-01-31,Core,15.65727374524074,1.315441902089912,1
A01688,2023-01-31,Automation,6.0988399074795545,15.372733863124495,5
A01689,2023-01-31,Core,16.572984485498207,2.184169491019115,1
A01690,2023-01-31,Core,11.809919336620815,2.3583635163756105,2
A01691,2023-01-31,Automation,15.800268665787806,0.2925035981392814,0
A01692,2023-01-31,Automation,19.60242191790385,1.0752673002890119,3
A01693,2023-01-31,Core,11.338124863517532,0.6341554798780993,0
A01694,2023-01-31,Premium Support,20.355285533581934,2.0328844266517456,0
A01695,2023-01-31,API,2.4050179036016237,29.244674797419872,8
A01696,2023-01-31,Core,12.700316684239228,1.503758881573252,1
A01697,2023-01-31,Analytics,11.320131846175236,0.805719476089154,0
A01698,2023-01-31,Automation,4.042702099189229,12.763240720839725,4
A01699,2023-01-31,API,8.134165006788514,0.8758963987812312,1
A01700,2023-01-31,Analytics,12.754266592823637,2.7579084420329507,0
A01701,2023-01-31,Analytics,0.21153661489956743,25.992257838372808,4
A01702,2023-01-31,Core,10.77675905266274,2.1502292814743527,0
A01703,2023-01-31,API,0.18214315026410777,24.770151207214,3
A01704,2023-01-31,Core,2.8871411416073207,27.028651028272108,4
A01705,2023-01-31,Automation,12.092616366156717,1.5417933745051542,0
A01706,2023-01-31,Core,13.02399819479437,1.2385434563126259,0
A01707,2023-01-31,Core,15.065322419947542,2.2472742172655216,0
A01708,2023-01-31,Core,5.959352459077648,28.067442822578073,3
A01709,2023-01-31,Automation,1.018639295648322,35.2813287293805,4
A01710,2023-01-31,Analytics,14.376960422121332,3.263038309126588,0
A01711,2023-01-31,Core,13.847972127301228,1.43168576561491,2
A01712,2023-01-31,Analytics,10.581607330553563,1.3902241186793565,1
A01713,2023-01-31,Analytics,13.134485919478218,3.037878228902577,2
A01714,2023-01-31,Automation,2.9225613870458718,24.158315255734557,10
A01715,2023-01-31,Core,15.716414779689526,1.753001259457784,1
A01716,2023-01-31,Core,13.310107002789819,3.8465211448947825,0
A01717,2023-01-31,Automation,3.850829969223785,18.219733404058964,5
A01718,2023-01-31,Analytics,11.060133509046135,1.8094558260659166,1
A01719,2023-01-31,Analytics,11.153036485420023,1.3140551863527,2
A01720,2023-01-31,Core,13.246235110118958,3.3265126715838687,0
A01721,2023-01-31,Automation,18.492698408261408,2.206997020889669,1
A01722,2023-01-31,Premium Support,14.489754879614617,2.024516919538427,0
A01723,2023-01-31,Analytics,13.173902571002683,2.67627642745509,0
A01724,2023-01-31,Core,18.632414003619942,2.880087856853974,0
A01725,2023-01-31,Core,13.139184694389385,2.549869984490897,1
A01726,2023-01-31,Core,20.70419971185798,2.883975575631944,3
A01727,2023-01-31,Analytics,12.466150629137763,2.451374358902682,2
A01728,2023-01-31,Analytics,2.6566019373225656,18.53419931958706,3
A01729,2023-01-31,Analytics,13.500914075444374,1.268362145156565,0
A01730,2023-01-31,Core,13.252747217488949,3.810353881617559,1
A01731,2023-01-31,Core,6.534590476310711,33.93639274857322,2
A01732,2023-01-31,Premium Support,21.80592223447531,2.3093776144974743,1
A01733,2023-01-31,Core,14.95587970341575,0.6632329418213923,0
A01734,2023-01-31,Premium Support,0.9648891619630238,18.765275013546734,4
A01735,2023-01-31,Analytics,12.614362198589236,1.4287063621319152,0
A01736,2023-01-31,Core,12.266991845764611,2.1357558713439837,0
A01737,2023-01-31,Analytics,17.0766750671531,2.3417576813576453,0
A01738,2023-01-31,Premium Support,8.972474682230718,1.0436662970054078,1
A01739,2023-01-31,Automation,10.571406581628894,1.9705855450484242,2
A01740,2023-01-31,Core,13.258074483177337,3.393674222456282,3
A01741,2023-01-31,Core,18.053141916902934,0.6877349024985393,1
A01742,2023-01-31,Analytics,5.9379876324645675,28.08941665092236,4
A01743,2023-01-31,Core,15.24845467182259,2.8607546479153347,1
A01744,2023-01-31,Core,14.083186038164275,2.07755481324642,1
A01745,2023-01-31,Premium Support,17.888775238810425,2.1511549298245645,1
A01746,2023-01-31,API,4.476208487752511,32.98816715449148,4
A01747,2023-01-31,Automation,16.20788961116833,1.2059312982017074,1
A01748,2023-01-31,Analytics,13.403303210772208,1.4806647699024045,0
A01749,2023-01-31,Core,16.774652581758225,1.3573581335331615,3
A01750,2023-01-31,Core,11.542153681699054,1.6517969526644374,0
A01751,2023-01-31,Automation,14.073179209588515,3.3395220849476783,1
A01752,2023-01-31,Analytics,2.2901440548281644,19.845694069938975,8
A01753,2023-01-31,Analytics,10.992693586038762,0.8057811890899269,1
A01754,2023-01-31,Core,10.158760961159109,0.6343169327068208,2
A01755,2023-01-31,Core,12.258765914410573,3.401693950685968,0
A01756,2023-01-31,Core,14.389793386984998,1.3856000653002367,1
A01757,2023-01-31,Core,11.729263327086521,1.6733263539150014,0
A01758,2023-01-31,Automation,13.009779310916546,0.38536582207906367,1
A01759,2023-01-31,API,8.342607936549287,1.7376139638340813,3
A01760,2023-01-31,Automation,12.88805023854881,2.8665217208419667,0
A01761,2023-01-31,Automation,17.07075993987502,2.2529570482729633,0
A01762,2023-01-31,Analytics,16.11554097791025,1.8921359487013745,0
A01763,2023-01-31,Core,13.73923418891857,0.43511447454825913,2
A01764,2023-01-31,Analytics,14.73095817504249,1.672047912692028,0
A01765,2023-01-31,Core,11.515218813217528,2.146914763925882,0
A01766,2023-01-31,Automation,8.353015813368293,26.43324594966907,5
A01767,2023-01-31,Automation,5.436134140097417,23.47572748357652,0
A01768,2023-01-31,Analytics,2.822511726729437,19.391042718013328,12
A01769,2023-01-31,Core,1.176641425306261,15.462956537365736,7
A01770,2023-01-31,Core,11.959452885393974,2.7258321937717045,0
A01771,2023-01-31,Core,10.246762279793142,1.8902604025159668,0
A01772,2023-01-31,Core,11.871128737717646,3.147137981578813,2
A01773,2023-01-31,Premium Support,1.5994875096214014,20.63053339904942,2
A01774,2023-01-31,Core,20.936199653608888,0.9063345180667532,0
A01775,2023-01-31,Premium Support,13.156522617782121,2.7694844035466657,1
A01776,2023-01-31,Analytics,11.421032561587936,3.3049645661627274,0
A01777,2023-01-31,Analytics,11.304623421267689,1.0293196596481677,4
A01778,2023-01-31,Core,17.420066336129842,1.42487933178134,2
A01779,2023-01-31,Core,16.991905244927107,1.4136229017707962,3
A01780,2023-01-31,Analytics,12.543565440939169,1.867218761463878,0
A01781,2023-01-31,Analytics,1.4770283418421544,22.807642983500585,4
A01782,2023-01-31,Analytics,10.614219365872145,1.801715411944918,2
A01783,2023-01-31,Core,19.16373151249863,2.8379883282781684,0
A01784,2023-01-31,Core,16.06642365364841,0.10418827811384368,1
A01785,2023-01-31,Core,14.196384126674916,1.026106578358624,0
A01786,2023-01-31,API,19.606499519453173,2.6699280762098665,0
A01787,2023-01-31,API,19.87497881843455,2.5527761486208744,1
A01788,2023-01-31,Core,13.892181194116104,0.9414578059666094,0
A01789,2023-01-31,Automation,13.947284718405,2.559701950303669,2
A01790,2023-01-31,Core,12.25385995366377,3.3268669568197757,1
A01791,2023-01-31,Automation,3.962497240118157,34.02858941198566,3
A01792,2023-01-31,Analytics,9.541025072599638,0.9920389779361136,1
A01793,2023-01-31,API,9.52884087144782,2.8749542563142474,2
A01794,2023-01-31,Core,8.832023393282295,3.723045430970873,0
A01795,2023-01-31,API,17.253011020758333,1.1138596965604355,1
A01796,2023-01-31,API,3.6783797382552876,23.13339058193133,6
A01797,2023-01-31,Core,19.849886896118463,3.0901556348870205,1
A01798,2023-01-31,Core,11.808866326401784,2.1153587149631865,2
A01799,2023-01-31,API,19.212049720347608,0.2527036669919147,0
A01800,2023-01-31,Analytics,4.6126448520577235,27.27023216952908,4
A01801,2023-01-31,API,9.301439687238569,1.0211913636771008,1
A01802,2023-01-31,Core,17.85133669419641,0.7292774010059864,1
A01803,2023-01-31,Core,18.205596882899677,0.2722520090142049,3
A01804,2023-01-31,API,11.281846999198969,3.1904072931656806,1
A01805,2023-01-31,Core,13.005043200207648,1.1652886809825738,1
A01806,2023-01-31,Core,11.282612190317064,2.333336180247872,1
A01807,2023-01-31,Core,13.638419916626843,2.5789544305794028,0
A01808,2023-01-31,Automation,14.323487442322564,2.1618189898152,1
A01809,2023-01-31,Core,12.945850822653714,2.2965707799739716,0
A01810,2023-01-31,Analytics,8.54332581382744,2.381048087399497,2
A01811,2023-01-31,Analytics,12.257362054729933,2.1380976866453936,1
A01812,2023-01-31,Core,16.110556290662124,1.2398404856839762,1
A01813,2023-01-31,Core,13.373301372212252,1.1506628378484107,1
A01814,2023-01-31,Core,13.017678117314883,1.8950184558240737,3
A01815,2023-01-31,Core,11.207670364907706,1.8738359519509835,0
A01816,2023-01-31,Premium Support,12.16984589240715,2.429319732426575,0
A01817,2023-01-31,API,18.22684431974588,3.10165006716516,1
A01818,2023-01-31,Automation,10.580668229593677,2.3439053605694906,0
A01819,2023-01-31,Automation,16.16246929005569,1.189116280882839,1
A01820,2023-01-31,Core,14.141165662710574,0.0,0
A01821,2023-01-31,API,0.9440165847947437,31.37800312147325,7
A01822,2023-01-31,Analytics,11.802931156956147,0.6555096384734744,1
A01823,2023-01-31,Automation,12.94466790185625,1.269627797639201,2
A01824,2023-01-31,Premium Support,13.982839459484127,2.2422769888652114,1
A01825,2023-01-31,Core,12.437999106172411,2.084390507838676,1
A01826,2023-01-31,API,14.994296312109649,3.8581776169382103,3
A01827,2023-01-31,Core,15.372317048369213,2.483081552082186,0
A01828,2023-01-31,Automation,20.518119870859763,3.909167283314702,1
A01829,2023-01-31,Core,14.834570088087114,2.7151394039899266,0
A01830,2023-01-31,Core,8.263272033443489,3.0857067433050345,4
A01831,2023-01-31,Automation,17.48905724251604,1.6410977283790416,1
A01832,2023-01-31,Core,13.388388075091422,0.9254907166707083,1
A01833,2023-01-31,Analytics,20.035776088810564,1.5510401091991204,2
A01834,2023-01-31,Analytics,18.412773357515924,1.9881304693220012,0
A01835,2023-01-31,Analytics,12.4841978488653,1.3718411159949788,1
A01836,2023-01-31,Core,16.165708351613524,0.9988575755291487,1
A01837,2023-01-31,Core,0.0,29.335336338400804,2
A01838,2023-01-31,Analytics,14.008072479244081,0.9946028338027477,0
A01839,2023-01-31,Analytics,16.027954443061862,0.4665080518814695,0
A01840,2023-01-31,Premium Support,17.33900061813953,0.8779138861024043,3
A01841,2023-01-31,Automation,16.68561748665872,1.7656445117367516,0
A01842,2023-01-31,Analytics,14.224968895738483,1.0090808922354768,0
A01843,2023-01-31,Core,21.450271700243647,1.77191009668149,1
A01844,2023-01-31,Premium Support,12.904938780418732,2.60044430527921,0
A01845,2023-01-31,Core,9.178398104902108,2.574443046863351,1
A01846,2023-01-31,Premium Support,9.755902114372025,1.339174090910689,1
A01847,2023-01-31,Premium Support,18.422023190367028,0.6960584129610505,1
A01848,2023-01-31,Premium Support,13.770041240459587,1.4243765348507926,1
A01849,2023-01-31,Core,14.477172494162277,2.65564480978355,0
A01850,2023-01-31,Core,2.940706022157254,16.952566056190747,3
A01851,2023-01-31,API,12.64189256210243,2.352889921033353,0
A01852,2023-01-31,Analytics,3.0616213634983835,22.505954398324512,5
A01853,2023-01-31,Core,0.6881479115545215,22.09584460051583,4
A01854,2023-01-31,Analytics,13.707860247388698,1.516772071870472,0
A01855,2023-01-31,API,15.305016133410204,3.48656325398649,0
A01856,2023-01-31,Core,15.01831515595245,1.7394504792082564,1
A01857,2023-01-31,Core,3.8808273754795923,16.712023264709874,2
A01858,2023-01-31,API,9.623808124091639,2.708572468672762,1
A01859,2023-01-31,Core,9.362601212001927,0.022941580747375623,0
A01860,2023-01-31,API,2.328719469698965,26.89879544224367,5
A01861,2023-01-31,Automation,4.582281276988471,27.922859654955545,5
A01862,2023-01-31,Automation,1.8736456753583954,30.69560353436478,6
A01863,2023-01-31,Automation,11.976179579039314,2.879314983395656,2
A01864,2023-01-31,Analytics,14.028529201289361,4.068771855120065,3
A01865,2023-01-31,Automation,11.553911622850489,1.7423274953009469,2
A01866,2023-01-31,Analytics,10.063753714502328,2.8541566653663795,1
A01867,2023-01-31,Automation,12.233679438872898,3.4846253176907442,0
A01868,2023-01-31,Core,17.978554890288738,2.2083317001827596,0
A01869,2023-01-31,API,16.52223610077191,1.9746869350849603,0
A01870,2023-01-31,Core,11.089855995133934,1.7543120722579078,0
A01871,2023-01-31,Core,13.055551849527575,2.5375588822049737,0
A01872,2023-01-31,Analytics,5.650392217307897,29.36025502802657,6
A01873,2023-01-31,Core,12.287085814437988,2.4618049060391805,1
A01874,2023-01-31,Core,14.238758734498191,2.427463075816867,0
A01875,2023-01-31,Automation,15.205542341194436,1.948797098792045,2
A01876,2023-01-31,Analytics,15.172791655532393,0.4070454749272234,1
A01877,2023-01-31,API,14.762436283070858,2.8977163887565967,1
A01878,2023-01-31,Automation,12.03890847865247,0.7153748803851521,0
A01879,2023-01-31,Analytics,12.347076237443554,2.6193856420858213,1
A01880,2023-01-31,Premium Support,3.9490733702779597,26.39594443628862,6
A01881,2023-01-31,Core,9.315990219493184,0.8595678955092736,0
A01882,2023-01-31,Core,0.36882139801993485,26.444321743478802,5
A01883,2023-01-31,Core,16.448778843761573,4.121474551389745,3
A01884,2023-01-31,Automation,1.0571133665590577,20.947957381383578,2
A01885,2023-01-31,Core,14.818919732372771,0.7797863245654812,2
A01886,2023-01-31,Analytics,16.353893640150183,2.8008792397130406,0
A01887,2023-01-31,Analytics,3.457076666822827,27.77852089697361,4
A01888,2023-01-31,Automation,3.1066915725983004,16.509058363084492,3
A01889,2023-01-31,Automation,18.93863060137512,2.519769548046467,4
A01890,2023-01-31,Core,15.655823053272119,1.0833821842168714,2
A01891,2023-01-31,Core,8.388628552813135,2.321188342222438,2
A01892,2023-01-31,API,15.975018387234833,1.1873099618976357,1
A01893,2023-01-31,Automation,6.00403249090045,26.467048802970044,4
A01894,2023-01-31,Core,16.07392079027828,2.1834983246059356,2
A01895,2023-01-31,API,11.929754700197678,0.0,2
A01896,2023-01-31,Core,13.840902666764105,2.3820125407045882,0
A01897,2023-01-31,Core,12.387371694311152,1.7102686715696098,0
A01898,2023-01-31,Core,14.009473168215516,3.416717642190805,2
A01899,2023-01-31,Automation,12.298159478266964,2.3952078490158515,2
A01900,2023-01-31,API,3.0341600004063576,23.580628038710834,4
A01901,2023-01-31,Analytics,10.473184975067968,1.289459198979075,0
A01902,2023-01-31,API,15.471978786241975,1.2099322491820366,2
A01903,2023-01-31,Analytics,14.525855625931776,1.9743506689394348,1
A01904,2023-01-31,Core,9.150403477687547,1.6393838732061505,1
A01905,2023-01-31,Automation,2.815862510561831,20.719773297159534,3
A01906,2023-01-31,Core,13.47113612103651,1.8466809412766725,2
A01907,2023-01-31,Premium Support,14.48528718870773,0.7751782500162716,2
A01908,2023-01-31,Automation,16.293685016087558,1.1724190863113393,0
A01909,2023-01-31,API,14.984726727079952,2.9650510846140046,2
A01910,2023-01-31,Analytics,17.4956094753827,1.8327426557370732,0
A01911,2023-01-31,Automation,13.120113433383768,1.7792882320502388,2
A01912,2023-01-31,Core,17.103288158681117,3.0601875692177964,0
A01913,2023-01-31,Analytics,14.368773853421963,1.0852368111344584,0
A01914,2023-01-31,Core,2.230169625508227,17.249777828212615,8
A01915,2023-01-31,API,15.210887518393713,1.147133353643358,3
A01916,2023-01-31,API,3.271828804615127,22.88086667722173,2
A01917,2023-01-31,Core,16.164237120677882,1.7504884796619105,1
A01918,2023-01-31,Core,12.671163559070461,0.43957037991556724,2
A01919,2023-01-31,Analytics,3.6032654659253556,33.86508725165957,6
A01920,2023-01-31,Premium Support,13.850737557215503,2.1634969460844484,0
A01921,2023-01-31,API,4.804367855910843,31.657348400480455,2
A01922,2023-01-31,Analytics,10.84342339602096,2.4196102597833704,0
A01923,2023-01-31,Premium Support,7.615842592105875,0.7014757541501049,1
A01924,2023-01-31,Automation,9.352211726513868,2.3028789164294907,1
A01925,2023-01-31,API,19.956219083334574,2.907453783202006,0
A01926,2023-01-31,Analytics,12.030499251110669,3.1403102303706545,1
A01927,2023-01-31,Analytics,19.710380899463434,2.7212633250129525,3
A01928,2023-01-31,Core,15.20946380346674,2.5131296585920246,1
A01929,2023-01-31,Automation,13.850725935091685,0.26257873522958586,1
A01930,2023-01-31,Core,4.39991770347102,22.95437530486516,4
A01931,2023-01-31,API,14.014006686728147,1.0434256505635537,0
A01932,2023-01-31,Automation,1.4512229286344818,22.17926705427479,2
A01933,2023-01-31,Analytics,18.672910232050217,3.13037949237705,0
A01934,2023-01-31,Core,14.822715958092736,1.0494711892798065,0
A01935,2023-01-31,Core,10.553994902284952,1.9540218162939844,1
A01936,2023-01-31,API,4.491728999566864,23.580888088994048,2
A01937,2023-01-31,Core,11.44222446982262,2.9007912574890335,2
A01938,2023-01-31,Core,4.835570689791464,27.977991887095275,4
A01939,2023-01-31,Core,18.895161308326276,0.0,3
A01940,2023-01-31,Analytics,14.587678504902756,2.0381485108408217,3
A01941,2023-01-31,Analytics,13.090758693430539,0.0,0
A01942,2023-01-31,Core,2.4153166535849735,27.120238140515244,4
A01943,2023-01-31,API,11.064279377405136,2.592207773582742,0
A01944,2023-01-31,Analytics,6.8770510846806925,29.695965263081263,3
A01945,2023-01-31,Analytics,15.388897998638392,1.3774317487440073,2
A01946,2023-01-31,Automation,1.012734576029971,24.027906196640583,6
A01947,2023-01-31,Core,12.092257335826078,2.6515098396603243,0
A01948,2023-01-31,Analytics,11.85878726243719,0.8242799915856425,0
A01949,2023-01-31,Core,18.250180567964257,2.9153477977515982,2
A01950,2023-01-31,Core,5.339767229150898,37.015221872058135,3
A01951,2023-01-31,API,14.344377590709684,1.39455366929419,0
A01952,2023-01-31,API,13.195344238871638,2.141380572225596,1
A01953,2023-01-31,API,12.20047677502011,1.8606655148202607,0
A01954,2023-01-31,Premium Support,14.005238940350987,2.780073950247865,3
A01955,2023-01-31,Automation,12.349334745689632,1.6395399098530674,2
A01956,2023-01-31,Core,13.708909272934338,2.2270904933788596,0
A01957,2023-01-31,API,15.23969846901177,1.3790683818466873,1
A01958,2023-01-31,API,12.784061171628895,1.0621571613082674,0
A01959,2023-01-31,API,13.431235812157707,2.1715327919098484,1
A01960,2023-01-31,Analytics,13.443636544783086,1.1032323329814306,2
A01961,2023-01-31,Premium Support,2.9971907846353703,21.863873891730623,7
A01962,2023-01-31,Analytics,12.675656368951367,2.592232532177124,1
A01963,2023-01-31,Automation,16.28658980881042,1.2348855436561128,4
A01964,2023-01-31,Analytics,8.687791913070672,2.2137804318731824,0
A01965,2023-01-31,Automation,18.72283957700379,1.2303000996659834,0
A01966,2023-01-31,Core,14.406588389608991,0.395687194198324,1
A01967,2023-01-31,Core,15.830052727959544,1.4027748325529632,0
A01968,2023-01-31,Analytics,16.17523334944663,1.9496831707272897,1
A01969,2023-01-31,Analytics,11.875822519908287,2.5214087249135337,0
A01970,2023-01-31,Core,0.0,27.383528080202467,4
A01971,2023-01-31,API,10.903192146038519,2.9076746150282284,0
A01972,2023-01-31,Automation,13.258795910514234,1.0188338285834257,0
A01973,2023-01-31,Automation,16.097614074653087,1.62330161208784,0
A01974,2023-01-31,Core,12.248713924337528,3.6443667017663253,0
A01975,2023-01-31,Analytics,15.823794920534915,0.06891994704917526,1
A01976,2023-01-31,Automation,6.896236343416403,1.5480456940740055,4
A01977,2023-01-31,Premium Support,12.843298394074251,0.9285060522373514,0
A01978,2023-01-31,Core,17.50141210283469,1.804601595745921,0
A01979,2023-01-31,Core,13.487086132901194,1.5655525125638834,0
A01980,2023-01-31,Core,11.5125690915015,2.602155438090083,2
A01981,2023-01-31,Analytics,12.02947033358721,2.255520659409505,0
A01982,2023-01-31,Automation,4.915932310795359,0.6943824280897197,2
A01983,2023-01-31,Core,10.964594088764237,1.4118379268209127,2
A01984,2023-01-31,API,2.341572561247552,35.37975421193741,5
A01985,2023-01-31,Core,12.252191699311306,2.739380884039014,0
A01986,2023-01-31,Core,12.606366913996323,4.432956284679927,3
A01987,2023-01-31,Analytics,7.004563438890776,2.702795788955417,1
A01988,2023-01-31,Analytics,9.107486620662314,0.9875000794505144,0
A01989,2023-01-31,Core,17.570147535799258,1.9061547446008034,1
A01990,2023-01-31,Core,15.851882241984683,2.180976195033809,1
A01991,2023-01-31,Core,10.107682905681706,1.4806091296564787,0
A01992,2023-01-31,Premium Support,3.376244487211644,23.28027190751756,3
A01993,2023-01-31,Automation,13.91248297100365,0.0,1
A01994,2023-01-31,Analytics,10.411616803529732,2.5531496213279996,0
A01995,2023-01-31,Premium Support,7.987568349459197,1.5236125775695273,1
A01996,2023-01-31,Analytics,13.522368837681693,1.8902947683044753,3
A01997,2023-01-31,Core,15.717825686519722,3.4657229390265,2
A01998,2023-01-31,Analytics,15.775571959189861,0.7384828243910779,1
A01999,2023-01-31,Automation,1.5345113052905845,22.733043624336002,1
A02000,2023-01-31,API,1.938652153177787,26.10254429074421,3
A02001,2023-01-31,Premium Support,1.875083373419624,26.290415035345127,3
A02002,2023-01-31,Analytics,13.194645907312635,0.3858076944798239,0
A02003,2023-01-31,Premium Support,13.738337943508423,3.3503966273013273,1
A02004,2023-01-31,Automation,13.364655099097588,1.788645949593644,0
A02005,2023-01-31,Automation,12.018655458177452,1.4724591499219715,2
A02006,2023-01-31,Premium Support,4.946628637353186,1.6895171178070802,0
A02007,2023-01-31,Core,17.48548706171202,1.6178536089944164,3
A02008,2023-01-31,API,14.989970496425267,0.8098203272502238,2
A02009,2023-01-31,Core,9.547130637390477,2.1649505860773184,2
A02010,2023-01-31,Automation,15.419394958978266,1.4027669920859993,0
A02011,2023-01-31,Analytics,12.65808557899559,2.6708882721498295,2
A02012,2023-01-31,Core,12.74308305074681,2.5175954936151803,0
A02013,2023-01-31,Analytics,11.694756195532902,3.62566941176381,0
A02014,2023-01-31,Core,15.610791417956793,1.7883668566273194,1
A02015,2023-01-31,Analytics,11.600529285451403,1.1967502489551836,4
A02016,2023-01-31,Core,3.877703579191197,28.543706093310252,4
A02017,2023-01-31,Premium Support,17.395234431817986,4.1933433860748135,0
A02018,2023-01-31,Analytics,13.463355770699826,2.6621079965161334,0
A02019,2023-01-31,Premium Support,13.557540830023376,1.3075800788202088,1
A02020,2023-01-31,Core,16.077392360829997,3.693155089267136,1
A02021,2023-01-31,Core,11.997239897461471,3.356162383886032,1
A02022,2023-01-31,Premium Support,12.595540482059343,0.6487224975448627,0
A02023,2023-01-31,API,14.917145809168506,1.246525124916028,1
A02024,2023-01-31,Core,9.375867192608702,1.86767515483963,3
A02025,2023-01-31,Automation,14.663297140304644,0.9299149039980379,0
A02026,2023-01-31,Core,11.732865622455899,1.903420537089146,1
A02027,2023-01-31,Core,16.566417777365444,2.711961946439788,2
A02028,2023-01-31,API,15.639989980549727,0.6267391416777066,1
A02029,2023-01-31,API,15.24364507092509,2.293000547973937,0
A02030,2023-01-31,API,9.179124054336329,3.168497975432705,1
A02031,2023-01-31,Core,13.68981381447854,2.400220239270522,1
A02032,2023-01-31,Core,10.468200318757168,1.9243836452199086,1
A02033,2023-01-31,Core,13.889408291068921,1.3318982404237438,0
A02034,2023-01-31,Analytics,7.054160969330784,2.8308418720993513,2
A02035,2023-01-31,Core,9.377503194874272,0.8230798879519645,1
A02036,2023-01-31,API,0.0,22.126492883007046,3
A02037,2023-01-31,Automation,15.107159528019682,2.0255157330533153,1
A02038,2023-01-31,Premium Support,2.6527162696545954,27.333076929901456,5
A02039,2023-01-31,Automation,1.7316921198078126,34.78888068665632,3
A02040,2023-01-31,Core,10.74723824723872,1.5022641881068828,2
A02041,2023-01-31,Analytics,14.600467265265577,0.7581351293685767,3
A02042,2023-01-31,Premium Support,12.969103071222962,2.437284274600409,2
A02043,2023-01-31,Core,5.0527885882039705,25.127628208600736,4
A02044,2023-01-31,Core,13.445708839968951,1.1379260227301486,1
A02045,2023-01-31,Core,14.1761614767336,1.233183733322718,3
A02046,2023-01-31,API,9.834489595833887,2.5371054964629085,1
A02047,2023-01-31,Premium Support,4.990314706730932,28.64873739497246,4
A02048,2023-01-31,Analytics,14.530974215203958,0.985834035020317,1
A02049,2023-01-31,Analytics,12.88164286636044,2.896361425517383,1
A02050,2023-01-31,API,12.543114399277304,1.8338794241705276,1
A02051,2023-01-31,Automation,14.98072887684597,2.955445085984307,0
A02052,2023-01-31,Core,0.823990833867414,26.795905740930575,6
A02053,2023-01-31,API,14.434908110923482,1.998874100603368,3
A02054,2023-01-31,Premium Support,17.43255885041941,2.156299271936217,2
A02055,2023-01-31,Premium Support,15.864807132556347,3.3872862671468233,1
A02056,2023-01-31,Core,17.253060124003554,3.30587282621027,0
A02057,2023-01-31,Core,12.170840229960087,3.1532370381923354,1
A02058,2023-01-31,Premium Support,13.379217515046795,1.371181130064608,0
A02059,2023-01-31,Premium Support,13.391679287706006,1.0131704306167826,0
A02060,2023-01-31,Core,15.638831709691928,2.7607914630609067,3
A02061,2023-01-31,Core,1.792992169011158,26.472507399204137,4
A02062,2023-01-31,Core,14.375168573335674,3.162818732118737,1
A02063,2023-01-31,API,16.630119732127593,2.01304925733342,2
A02064,2023-01-31,Core,12.310005569055882,2.72780854487415,3
A02065,2023-01-31,Core,16.656132658697373,2.745387653085129,0
A02066,2023-01-31,Automation,5.0434072234402265,20.240135721104597,4
A02067,2023-01-31,Core,16.032489037773992,2.1923736247369994,0
A02068,2023-01-31,Premium Support,14.402509350443639,2.098195336802805,2
A02069,2023-01-31,Analytics,16.139969997214898,1.2119034667210977,0
A02070,2023-01-31,Analytics,11.317986604284531,1.3139475624440473,0
A02071,2023-01-31,Premium Support,14.595086793080625,1.2985096384903616,1
A02072,2023-01-31,Core,14.901531430475368,0.400763223217496,1
A02073,2023-01-31,Core,10.011453010545544,2.14285992734841,0
A02074,2023-01-31,Analytics,0.13770841016302748,23.57726786815218,4
A02075,2023-01-31,Analytics,10.253543822954555,2.7619641356837024,0
A02076,2023-01-31,Analytics,12.716245106271707,3.2607172829791122,1
A02077,2023-01-31,Premium Support,14.119282877828896,3.324294364846529,1
A02078,2023-01-31,Premium Support,11.80779084610158,3.4184654583097513,1
A02079,2023-01-31,Core,14.247662115860955,1.2429189727109922,1
A02080,2023-01-31,Core,0.0,24.051917580865982,5
A02081,2023-01-31,Analytics,3.0363010558909305,26.104406924617134,6
A02082,2023-01-31,Premium Support,15.703923376472993,3.3821334382009005,0
A02083,2023-01-31,Core,11.707530490081304,3.555992447210426,1
A02084,2023-01-31,Core,20.863923124204085,2.4849962096923757,0
A02085,2023-01-31,Core,13.671563530008186,0.0032960523963729838,0
A02086,2023-01-31,Premium Support,10.486117565029902,2.3656094634335925,2
A02087,2023-01-31,Core,11.046974701358684,2.55544086790941,0
A02088,2023-01-31,Analytics,17.442741394094902,3.252075021258589,1
A02089,2023-01-31,Core,4.126508444494965,14.37169352881188,1
A02090,2023-01-31,API,9.908708576510096,2.9096334033853344,1
A02091,2023-01-31,Core,16.5611382413833,1.4127211017041448,0
A02092,2023-01-31,Analytics,12.753278336665751,0.9708826854473418,2
A02093,2023-01-31,Core,0.3668763599158398,20.487532781766276,4
A02094,2023-01-31,Core,16.80669807696838,1.2075848895744348,0
A02095,2023-01-31,Core,4.415119505091972,30.782792815356764,2
A02096,2023-01-31,Automation,4.684065902748415,19.45015544057122,2
A02097,2023-01-31,API,8.825772521200328,2.566886612394667,0
A02098,2023-01-31,Core,11.546149774184574,2.319534974742489,1
A02099,2023-01-31,Core,13.232149986188128,1.7932333324688372,1
A02100,2023-01-31,Analytics,20.783520585824363,1.0748837256952586,2
A02101,2023-01-31,Core,19.394007410306635,0.0,2
A02102,2023-01-31,Automation,17.86607260218175,1.4685713139273164,2
A02103,2023-01-31,Core,11.61762817776227,1.4861168187660134,0
A02104,2023-01-31,API,11.967455780688711,3.111736658848456,0
A02105,2023-01-31,API,11.514319894578637,1.2171443617198743,0
A02106,2023-01-31,Premium Support,11.649719335877712,2.452770613563792,0
A02107,2023-01-31,API,18.478113821827925,0.7077601965582048,0
A02108,2023-01-31,Core,13.26869862981247,2.480248194083588,1
A02109,2023-01-31,Core,13.665505506068174,0.0,1
A02110,2023-01-31,Analytics,16.323160360770295,4.095296177930695,1
A02111,2023-01-31,Core,9.009416077898077,1.858932473202148,1
A02112,2023-01-31,Core,14.157937463807418,0.0,1
A02113,2023-01-31,Premium Support,10.709384813981238,1.2822505244401237,1
A02114,2023-01-31,Core,13.116755238325045,1.1243377669141337,0
A02115,2023-01-31,API,4.56545133375834,19.710383199441804,4
A02116,2023-01-31,Core,12.086057761906229,1.6353586042011572,0
A02117,2023-01-31,Core,14.676745420119094,1.3373828466744078,1
A02118,2023-01-31,Core,14.663640207177535,1.1835879229317876,0
A02119,2023-01-31,Core,13.340538232298044,0.8413170480011565,0
A02120,2023-01-31,Core,4.263460154886884,28.861816003622444,4
A02121,2023-01-31,Premium Support,0.6261338585983514,23.618074232647057,3
A02122,2023-01-31,API,16.04475760711828,1.7454261767637123,1
A02123,2023-01-31,Core,13.381402933527182,1.9823633499677245,2
A02124,2023-01-31,Core,12.549009313586309,0.8736691398074221,1
A02125,2023-01-31,Premium Support,3.56143540997493,16.701202217516812,3
A02126,2023-01-31,Core,13.275807618599956,2.2299637621538198,1
A02127,2023-01-31,Core,0.0,20.24740702565327,5
A02128,2023-01-31,Automation,13.81005868969223,2.396074977769448,2
A02129,2023-01-31,Analytics,10.566789391569683,2.308708782051025,0
A02130,2023-01-31,Core,16.75645720035514,0.9458606109094203,0
A02131,2023-01-31,API,12.584214692624737,3.193047513728957,0
A02132,2023-01-31,Core,14.851277013057413,1.7923537401704246,0
A02133,2023-01-31,Analytics,12.183018348720266,3.6755716019169853,2
A02134,2023-01-31,Core,17.84231994842951,2.420420589419226,1
A02135,2023-01-31,Automation,12.227720730062108,3.970933130371833,2
A02136,2023-01-31,Analytics,18.19357393573261,3.1752691693064463,0
A02137,2023-01-31,Core,10.852218246413642,2.2271896281408616,0
A02138,2023-01-31,Analytics,13.121280842853562,1.2768931333803764,0
A02139,2023-01-31,Core,18.199987357720346,1.2984325252305047,3
A02140,2023-01-31,Premium Support,0.0,42.507105051506834,3
A02141,2023-01-31,Core,8.601368894686575,24.243269584531703,6
A02142,2023-01-31,Core,13.192578652285949,1.4109737640089142,1
A02143,2023-01-31,Automation,14.77112855888202,2.8330599476100415,0
A02144,2023-01-31,Core,19.71544781614645,2.0387713303560324,0
A02145,2023-01-31,Core,9.458230349773196,2.8390098153007264,2
A02146,2023-01-31,Automation,3.385026024262215,22.87903713962031,4
A02147,2023-01-31,API,11.613475468371774,2.9994716680081686,2
A02148,2023-01-31,Core,16.440118068419977,2.50099556934728,0
A02149,2023-01-31,Analytics,9.170446450004183,3.1975696644619034,2
A02150,2023-01-31,Analytics,15.79114716968606,2.977430500716338,1
A02151,2023-01-31,Automation,3.882078206627081,35.468121336702595,8
A02152,2023-01-31,API,20.04317069960587,1.8346254593566846,1
A02153,2023-01-31,Analytics,1.078585701048849,21.03827477728778,3
A02154,2023-01-31,Automation,15.092150712493329,1.7094315306180412,3
A02155,2023-01-31,Core,18.07739880545888,2.748433698837844,1
A02156,2023-01-31,Analytics,0.7397960005310571,34.04736652586966,8
A02157,2023-01-31,API,12.619789836118393,0.13811691986235086,2
A02158,2023-01-31,Analytics,10.566182668853415,0.7726609021940467,2
A02159,2023-01-31,Analytics,3.012761313989097,34.53112566154629,1
A02160,2023-01-31,Core,3.310798593302781,33.37465098982304,3
A02161,2023-01-31,API,14.525055216048811,2.4092134092201607,1
A02162,2023-01-31,API,7.594413205739723,3.1459495013935026,1
A02163,2023-01-31,Automation,1.5956765938155497,23.51546106643895,4
A02164,2023-01-31,Core,14.085745308648335,1.2247652936659152,2
A02165,2023-01-31,Automation,15.642612334639521,2.594302181473764,1
A02166,2023-01-31,Core,18.880402647519052,2.169607960929963,0
A02167,2023-01-31,API,14.55696060633581,1.424441995050461,2
A02168,2023-01-31,Analytics,2.7573760792170976,27.768209895502128,4
A02169,2023-01-31,Analytics,8.545761849195584,2.079370166017446,0
A02170,2023-01-31,Premium Support,5.453676894218781,30.711110808287646,6
A02171,2023-01-31,Analytics,11.392737921567761,1.8221342264370195,1
A02172,2023-01-31,Core,16.600510931484042,3.413567135542141,0
A02173,2023-01-31,Analytics,18.192260456487706,3.380887816069647,2
A02174,2023-01-31,Analytics,9.367775702062477,2.188144139270541,2
A02175,2023-01-31,API,2.5117597630334227,30.321858089422193,7
A02176,2023-01-31,Core,17.877867231018033,0.5669540127361592,1
A02177,2023-01-31,Core,17.057117975840846,3.7193651133662833,0
A02178,2023-01-31,Core,7.710861689268633,3.036341887367967,0
A02179,2023-01-31,API,11.439043865618887,2.7519515707043265,0
A02180,2023-01-31,Analytics,10.15945848274873,0.0,2
A02181,2023-01-31,Automation,15.570418265441152,2.040922650655796,0
A02182,2023-01-31,Core,15.239979870456493,1.8728712916809123,2
A02183,2023-01-31,Analytics,5.906324366178124,2.6828154383005987,1
A02184,2023-01-31,Premium Support,13.097505136016474,1.5489691864542037,2
A02185,2023-01-31,Core,16.40215949102332,1.768289783546481,3
A02186,2023-01-31,Analytics,14.443927973672366,2.6194129389547034,2
A02187,2023-01-31,Premium Support,14.438800758499584,1.2264216329113213,1
A02188,2023-01-31,Core,3.669304755930616,28.460883849976735,8
A02189,2023-01-31,Analytics,10.823177176775964,2.1933266397609614,0
A02190,2023-01-31,Core,13.948832528328548,3.3384857033495736,0
A02191,2023-01-31,Core,14.156280353705373,2.8084697372233474,1
A02192,2023-01-31,Automation,2.9259787590238484,23.482043413509416,0
A02193,2023-01-31,Core,16.089499772886384,2.0633168062152905,1
A02194,2023-01-31,Automation,14.257584257489723,3.495078023782975,1
A02195,2023-01-31,Analytics,2.653714061981592,33.71161780377115,7
A02196,2023-01-31,Core,12.875225995592688,4.022239218401348,6
A02197,2023-01-31,Core,9.6679262903608,4.1517589751800354,1
A02198,2023-01-31,Automation,15.431161008254616,2.4566163495368905,2
A02199,2023-01-31,Core,14.379138663167764,2.8322626374355124,2
A02200,2023-01-31,Core,2.135154111975788,20.329418936968448,2
A02201,2023-01-31,Core,10.206645955151217,1.7904316369266635,0
A02202,2023-01-31,Analytics,19.372388265833134,1.3891296246356628,2
A02203,2023-01-31,Core,5.390304609423357,30.605814466191855,5
A02204,2023-01-31,Premium Support,13.136009327002622,2.5559334756057037,1
A02205,2023-01-31,Core,11.193640562106063,2.4198838471634216,1
A02206,2023-01-31,Core,17.231460231296747,3.9866030716912384,1
A02207,2023-01-31,Analytics,10.694690653808431,2.100274545802552,2
A02208,2023-01-31,Core,2.6079799227988785,14.89889845233613,5
A02209,2023-01-31,Automation,5.182508355859964,24.788095862877718,2
A02210,2023-01-31,Premium Support,19.161515643816834,0.7790457217402309,0
A02211,2023-01-31,API,13.446578644781852,1.4406090744945756,0
A02212,2023-01-31,Automation,18.742240126460924,2.271743141350903,3
A02213,2023-01-31,Automation,2.231989431310386,26.541326095114343,3
A02214,2023-01-31,Core,14.0565091356401,0.5545616810694478,1
A02215,2023-01-31,Core,16.4142479905117,1.25352776362638,2
A02216,2023-01-31,API,15.986231410087468,0.5192175387274651,0
A02217,2023-01-31,Premium Support,17.30228550097365,2.6217130633225603,0
A02218,2023-01-31,Automation,12.537583655595306,3.1833798847028856,4
A02219,2023-01-31,API,4.219958892746103,20.65785127078136,1
A02220,2023-01-31,Core,17.745165727994213,2.9956599530478654,0
A02221,2023-01-31,Automation,11.884233494843146,2.930778744324663,0
A02222,2023-01-31,API,15.717623183355206,1.3409292100884969,0
A02223,2023-01-31,Premium Support,3.752451102622094,18.271867495596666,4
A02224,2023-01-31,API,14.617622319747817,0.9287439808052709,0
A02225,2023-01-31,Core,14.253650649243346,1.4047424130912076,2
A02226,2023-01-31,API,11.635150547645107,3.5416708468091938,0
A02227,2023-01-31,Analytics,13.217920423632657,1.881697424983779,2
A02228,2023-01-31,Analytics,14.434796756230117,0.9931720240096962,1
A02229,2023-01-31,API,0.8777460637443912,14.358000248545078,1
A02230,2023-01-31,Automation,18.718207849382715,0.7046523291344176,2
A02231,2023-01-31,Automation,17.029866670449085,2.514340050206349,0
A02232,2023-01-31,Core,14.86994149548049,1.0223359407282357,0
A02233,2023-01-31,Core,3.5536379073844606,20.241506115476845,2
A02234,2023-01-31,Core,11.52793072430614,2.375492048431892,1
A02235,2023-01-31,API,19.92143310584123,3.75023368280222,0
A02236,2023-01-31,API,10.970343691783416,4.197787560235897,1
A02237,2023-01-31,Analytics,2.0126208576028843,30.985702462411005,8
A02238,2023-01-31,Analytics,4.76829306963088,22.640292572361652,2
A02239,2023-01-31,Automation,13.066029045550081,2.515532285037359,0
A02240,2023-01-31,Core,10.993388706267922,3.1687893483087053,3
A02241,2023-01-31,Analytics,11.64531008298054,0.0,2
A02242,2023-01-31,Automation,3.4540004023296698,29.408902400372256,3
A02243,2023-01-31,Core,11.871521392706663,1.5128570234361045,1
A02244,2023-01-31,Core,3.63392880296941,20.71235617808577,7
A02245,2023-01-31,API,13.972622019582113,0.66283222000763,1
A02246,2023-01-31,Core,12.428596696557165,1.4322255403590534,1
A02247,2023-01-31,Analytics,14.320874131601617,2.0588150199824553,2
A02248,2023-01-31,Premium Support,0.1447221944942796,26.67546837499014,0
A02249,2023-01-31,Core,12.966140881827261,2.3543481150820647,0
A02250,2023-01-31,Premium Support,16.705943885527745,2.9475394371676527,0
A02251,2023-01-31,Core,10.186559676930324,2.026724335847262,2
A02252,2023-01-31,Analytics,17.51391089634924,1.2950540530630017,1
A02253,2023-01-31,Core,1.3582619774050537,30.582760418729393,7
A02254,2023-01-31,API,13.855962944744816,2.695517347469211,3
A02255,2023-01-31,Premium Support,11.920957026605443,3.0325621693267832,0
A02256,2023-01-31,Core,10.31644960845976,1.852125315556153,2
A02257,2023-01-31,Premium Support,8.999984192553827,1.0708847376169615,2
A02258,2023-01-31,API,11.711669993150641,2.3356581594872363,0
A02259,2023-01-31,Premium Support,15.763019661807057,2.4779809638422203,1
A02260,2023-01-31,API,11.116164733086014,3.232719086053118,0
A02261,2023-01-31,API,9.354655442827074,1.3212371270403953,0
A02262,2023-01-31,Premium Support,11.272804067486641,1.332202745734313,0
A02263,2023-01-31,API,2.303517597492549,26.04133927406822,4
A02264,2023-01-31,Automation,12.96349633201294,1.592566428990891,0
A02265,2023-01-31,Core,13.613321275271707,1.5503158173208957,0
A02266,2023-01-31,Core,17.097819038155635,3.2541398701402438,2
A02267,2023-01-31,API,17.74776331427447,0.6289943937188274,1
A02268,2023-01-31,Core,20.016387516167967,4.056203139775511,1
A02269,2023-01-31,Analytics,9.125278049904296,1.3873645868921731,0
A02270,2023-01-31,Automation,11.432348238990997,2.866728402800712,0
A02271,2023-01-31,API,16.095455471179264,1.8912003380746252,0
A02272,2023-01-31,Premium Support,12.637906353424924,2.271362284872136,0
A02273,2023-01-31,Core,16.582359409547696,1.7372135002382376,1
A02274,2023-01-31,Core,14.621340290344481,2.856576652032974,0
A02275,2023-01-31,Core,3.0618617346694537,21.935655752644887,3
A02276,2023-01-31,Premium Support,17.12814834179806,1.4270535281548988,2
A02277,2023-01-31,Analytics,17.183049879676943,3.8133418258699914,0
A02278,2023-01-31,Premium Support,12.764385173918912,2.0293826970136917,1
A02279,2023-01-31,Core,13.707617462095184,1.3243044389804595,2
A02280,2023-01-31,Core,13.084239627297931,0.5097134100881013,0
A02281,2023-01-31,Automation,9.48232356905028,3.86557803103598,2
A02282,2023-01-31,API,1.886083779653256,27.629499952443062,10
A02283,2023-01-31,Analytics,0.021940506944391203,33.765105026968016,4
A02284,2023-01-31,Analytics,5.209922549796653,30.350853903719596,2
A02285,2023-01-31,Analytics,17.91377752237992,2.142885200302451,1
A02286,2023-01-31,Automation,12.108897059758533,2.1698438123279975,0
A02287,2023-01-31,Core,7.7051993662891425,25.219046636600012,6
A02288,2023-01-31,Core,4.603019083466618,20.406113924403126,4
A02289,2023-01-31,Core,10.164319300652007,2.214341519507505,1
A02290,2023-01-31,Analytics,1.9237503749177027,26.976705454643483,7
A02291,2023-01-31,Automation,5.141952793640414,30.759028032405443,6
A02292,2023-01-31,API,15.156396034216286,2.1493118521419037,0
A02293,2023-01-31,Premium Support,16.545203168611387,1.7337458505038734,2
A02294,2023-01-31,API,15.742554278802537,2.1881306671883056,0
A02295,2023-01-31,Analytics,15.649677579686081,1.9764225378449458,0
A02296,2023-01-31,Analytics,11.627744653830526,0.686441821815351,0
A02297,2023-01-31,Automation,14.882730671802971,2.381366037810879,0
A02298,2023-01-31,Core,9.483350089849683,2.7160544516995806,0
A02299,2023-01-31,Analytics,1.8787462034267284,15.835638627201886,5
A02300,2023-01-31,Analytics,5.045420831637758,37.50853574024809,5
A02301,2023-01-31,Premium Support,12.960680483730966,3.335571745664094,0
A02302,2023-01-31,Core,10.04337728291965,2.843952299171171,2
A02303,2023-01-31,Core,11.809501142403043,2.8318207440280143,1
A02304,2023-01-31,API,14.040285246296152,2.0300969526098878,0
A02305,2023-01-31,API,12.413725704451995,3.1413721047344207,1
A02306,2023-01-31,Core,17.432738774436864,3.570754612062102,1
A02307,2023-01-31,Analytics,2.2268807662480103,20.920677231085403,1
A02308,2023-01-31,Analytics,12.61127081231422,1.4297166581876346,0
A02309,2023-01-31,Core,13.599254210077861,1.9603185617133996,1
A02310,2023-01-31,Analytics,17.659101371167807,2.5736700329760898,1
A02311,2023-01-31,Core,2.465842722534405,30.36924387181668,7
A02312,2023-01-31,Automation,10.583687317953768,1.9225227854564493,2
A02313,2023-01-31,Core,11.958044857581186,1.4331914528929284,1
A02314,2023-01-31,API,15.424369456053114,3.584206987377832,1
A02315,2023-01-31,Analytics,15.060099758081119,0.9276802854810424,2
A02316,2023-01-31,Core,10.848855375803712,1.0586682443670816,1
A02317,2023-01-31,API,16.24737976791987,0.6728721904985862,1
A02318,2023-01-31,Analytics,11.327377579440812,1.056449180375676,0
A02319,2023-01-31,Core,17.911480321569023,3.247344877119003,0
A02320,2023-01-31,Premium Support,15.588347468748864,3.2808327565132034,1
A02321,2023-01-31,Automation,10.604226648062836,1.9259544655348302,0
A02322,2023-01-31,API,12.412769895609765,2.4963143955567806,0
A02323,2023-01-31,Analytics,12.360618156414128,1.9894954223760841,1
A02324,2023-01-31,API,14.479630163906993,0.8080231740470449,1
A02325,2023-01-31,Core,1.6120176976912528,27.3890283319486,4
A02326,2023-01-31,Core,3.15878592932733,22.618797431637898,5
A02327,2023-01-31,Analytics,9.817222561332272,2.3544194053297085,0
A02328,2023-01-31,API,15.647070003193583,1.1441100776077302,1
A02329,2023-01-31,Analytics,14.85871059369249,1.7750656228302204,1
A02330,2023-01-31,Automation,1.4078790363497697,18.883454209494808,5
A02331,2023-01-31,Core,14.812195576881383,2.0975822409284692,0
A02332,2023-01-31,Core,12.143242557424895,2.3099231745993483,1
A02333,2023-01-31,Analytics,14.551977073325432,1.6588745061896377,2
A02334,2023-01-31,API,5.655177609899324,25.91690556375146,2
A02335,2023-01-31,Core,17.52370136224143,4.132058985715884,0
A02336,2023-01-31,Core,13.134774647120489,2.237526746831351,1
A02337,2023-01-31,API,12.42988475869628,2.4565920001944272,2
A02338,2023-01-31,Analytics,5.418681807525299,1.5775906139250142,1
A02339,2023-01-31,Core,17.206082458954093,0.43798888467078645,1
A02340,2023-01-31,API,16.359816061324437,1.9166994691021633,1
A02341,2023-01-31,Premium Support,2.7834231017431392,33.95803052174895,7
A02342,2023-01-31,Analytics,9.704876951368618,2.7095343807195773,1
A02343,2023-01-31,API,10.534197670430823,2.90607757337617,0
A02344,2023-01-31,Core,1.6270277170268306,21.322625372979132,5
A02345,2023-01-31,Analytics,13.731977799012457,2.988272335917149,0
A02346,2023-01-31,Core,16.074776052821843,3.803665807476598,1
A02347,2023-01-31,Premium Support,14.25932941510455,2.389851739535556,3
A02348,2023-01-31,Core,4.61203545621349,29.822968570981708,3
A02349,2023-01-31,Premium Support,15.108725421176741,2.4938605738357285,0
A02350,2023-01-31,Analytics,16.486386140482043,0.09996460002208263,2
A02351,2023-01-31,Analytics,7.730949767234188,1.845479717312291,3
A02352,2023-01-31,Analytics,10.29696328850762,1.1322884930962165,2
A02353,2023-01-31,Core,12.906944990337118,2.231433330704361,1
A02354,2023-01-31,Core,17.238706354700724,1.208989840686363,3
A02355,2023-01-31,Core,19.64158917820322,2.6056808900303365,1
A02356,2023-01-31,API,13.507292652839366,2.981028098139595,1
A02357,2023-01-31,API,2.2226682255052386,28.12642248748744,1
A02358,2023-01-31,Premium Support,8.135094367226591,3.6192615615242674,4
A02359,2023-01-31,Core,2.1465962165943715,24.033988650476807,2
A02360,2023-01-31,Automation,4.426925521950417,18.263983568260286,2
A02361,2023-01-31,Core,22.875004008074463,4.9278151862331185,1
A02362,2023-01-31,Analytics,11.78178823989646,3.0095237198595437,2
A02363,2023-01-31,Core,20.315825290581994,2.2244479710470118,0
A02364,2023-01-31,Premium Support,1.1363769378037953,21.70144380545512,6
A02365,2023-01-31,Analytics,10.9152068020359,1.9431398529050807,1
A02366,2023-01-31,Analytics,14.69643136593076,0.06625344246457998,2
A02367,2023-01-31,Core,16.314141579651398,1.2276708953765079,3
A02368,2023-01-31,Analytics,13.324243422450252,1.8881524054953411,2
A02369,2023-01-31,Core,7.5114876382666145,30.276014784631364,4
A02370,2023-01-31,API,16.44787147804598,1.414864009450585,1
A02371,2023-01-31,Analytics,15.789015501782394,4.558731421980618,2
A02372,2023-01-31,Core,13.950579895857484,1.748346958433599,4
A02373,2023-01-31,Core,10.475179732081621,2.2781200082667312,3
A02374,2023-01-31,Core,13.7696438735743,2.242536285003722,1
A02375,2023-01-31,Analytics,14.528193991147528,2.5894594986230834,0
A02376,2023-01-31,Core,8.371847386886525,1.5227172341298978,1
A02377,2023-01-31,Core,2.6783882813286835,23.088071665578582,8
A02378,2023-01-31,Core,13.70959620556957,2.4435621936067355,2
A02379,2023-01-31,Core,10.110121787645138,0.7128356262753337,2
A02380,2023-01-31,API,13.00098082792473,1.8924960007703713,2
A02381,2023-01-31,API,13.064460959497103,1.8278516793282094,1
A02382,2023-01-31,Core,19.790283600480258,1.7818345446693773,0
A02383,2023-01-31,Analytics,14.660355038532101,2.509296802223084,0
A02384,2023-01-31,API,17.108135753943795,2.6347251891792207,1
A02385,2023-01-31,Core,1.8472309171965184,21.017990995398108,2
A02386,2023-01-31,Premium Support,4.761103466793061,20.888009056534763,4
A02387,2023-01-31,API,16.017025546464872,2.085637707656175,3
A02388,2023-01-31,Analytics,12.025439811237376,0.0,0
A02389,2023-01-31,Analytics,12.993199610036267,2.777892628938173,0
A02390,2023-01-31,Analytics,10.84108625265359,2.4883540951064766,0
A02391,2023-01-31,Core,2.7133518023023364,31.121140836804667,12
A02392,2023-01-31,Core,2.1038211503825917,32.69076424074025,2
A02393,2023-01-31,Automation,16.798214325423878,2.6479384810802236,1
A02394,2023-01-31,Premium Support,0.09145135028945717,26.35782663267626,2
A02395,2023-01-31,Premium Support,19.183878373862335,2.510301443173887,2
A02396,2023-01-31,Analytics,7.862377309225329,2.3216018068163673,1
A02397,2023-01-31,Premium Support,10.419138317212603,2.9467723175007428,1
A02398,2023-01-31,API,8.57542526502034,1.6934599798058838,1
A02399,2023-01-31,Analytics,4.02728991162474,26.531576263376362,3
A02400,2023-01-31,Premium Support,4.500744480561647,28.234069296442108,4
A02401,2023-01-31,Premium Support,12.532459004468212,3.1102967076213037,1
A02402,2023-01-31,Analytics,13.350207704217635,0.39028888574332776,0
A02403,2023-01-31,Automation,15.147712064272255,2.816737174150324,1
A02404,2023-01-31,Automation,9.544036855980632,2.0177089618480073,2
A02405,2023-01-31,API,10.22340961209774,2.9653873307262932,0
A02406,2023-01-31,Analytics,14.00388861959332,1.2194556296087022,2
A02407,2023-01-31,Core,17.596237808463403,2.089983578816296,1
A02408,2023-01-31,Premium Support,13.923807790246746,2.060630089731278,2
A02409,2023-01-31,Core,11.625020880853903,2.4338835600504556,2
A02410,2023-01-31,Core,0.12603129966615523,28.909379594316874,4
A02411,2023-01-31,Core,16.858026755180838,2.6362150880843536,0
A02412,2023-01-31,Core,11.79220505182856,0.15410587192764313,2
A02413,2023-01-31,Core,10.557689252744836,1.3321579428826364,0
A02414,2023-01-31,Core,8.854024320623656,0.43726999286080104,0
A02415,2023-01-31,Automation,9.682697566574104,2.828219399685626,1
A02416,2023-01-31,Analytics,11.11635733863844,2.400130777509036,0
A02417,2023-01-31,Premium Support,13.283453791417546,2.4560386468987367,0
A02418,2023-01-31,Automation,10.373774885718028,3.4731893962485594,1
A02419,2023-01-31,Analytics,14.557124112642912,1.6840583308381976,1
A02420,2023-01-31,Core,13.260656780245693,2.60958568141266,0
A02421,2023-01-31,Core,3.1603984329394432,23.286387808772474,4
A02422,2023-01-31,Premium Support,8.886670650822015,1.913765445331392,0
A02423,2023-01-31,API,14.484438290937145,3.306625832078896,2
A02424,2023-01-31,Automation,14.522014967122871,4.081879363402042,0
A02425,2023-01-31,Premium Support,10.908327788230554,1.5685333371365855,0
A02426,2023-01-31,Core,14.285757192342382,2.833719591519883,3
A02427,2023-01-31,Premium Support,16.308783099220147,2.3191169126468107,2
A02428,2023-01-31,Automation,14.289474447673497,2.331112422450442,1
A02429,2023-01-31,Analytics,18.153388654459512,2.2471777290334876,1
A02430,2023-01-31,Premium Support,7.466937145713985,1.666922008538842,0
A02431,2023-01-31,Analytics,11.47329976159184,0.0,2
A02432,2023-01-31,Core,18.425168141692833,3.5348093245984886,1
A02433,2023-01-31,Core,16.736078999791552,1.305267412327601,1
A02434,2023-01-31,API,15.621535133798863,1.7584428550493918,3
A02435,2023-01-31,Automation,17.699646219558378,1.779707099981912,1
A02436,2023-01-31,Core,8.25032636389469,1.2161966067466223,3
A02437,2023-01-31,Core,16.386831988168463,2.240240141995622,1
A02438,2023-01-31,Core,17.193110487258267,1.9556875645779153,1
A02439,2023-01-31,Analytics,12.02389950147279,1.2834640211704618,3
A02440,2023-01-31,API,21.88771135367368,2.149302016651355,0
A02441,2023-01-31,Automation,14.589046892186172,1.9669533070416354,0
A02442,2023-01-31,Core,7.421692872474377,2.927838571288102,3
A02443,2023-01-31,Core,15.143815993801262,0.6596172123182673,0
A02444,2023-01-31,Core,5.89569044036056,30.116884789929173,1
A02445,2023-01-31,Premium Support,17.494985821788553,2.725297610837405,1
A02446,2023-01-31,Analytics,4.215977556343219,27.3582204300657,6
A02447,2023-01-31,Core,12.206233783171427,1.0965977374549167,0
A02448,2023-01-31,Core,18.507355754788687,1.409709058991389,1
A02449,2023-01-31,Core,16.81835391793793,1.899021283310617,0
A02450,2023-01-31,API,11.516240036953695,1.9028210639329581,1
A02451,2023-01-31,Analytics,13.543864758317458,1.7900415638976668,2
A02452,2023-01-31,API,15.55075037229224,0.9714348515513502,2
A02453,2023-01-31,Core,12.907210211682134,2.7731589272535317,1
A02454,2023-01-31,Analytics,12.996801788458235,3.3262197622576775,0
A02455,2023-01-31,API,1.947929178913772,10.912132370026804,5
A02456,2023-01-31,Core,10.802604247887832,0.4464593825764738,2
A02457,2023-01-31,Core,7.301703984269096,3.0028569747749874,1
A02458,2023-01-31,Core,14.717404586996112,3.569796340625739,0
A02459,2023-01-31,API,8.033300152114442,0.0,1
A02460,2023-01-31,Analytics,11.020883890565838,2.8154365012788336,0
A02461,2023-01-31,Analytics,8.685252923154284,3.6378798864487796,0
A02462,2023-01-31,Analytics,9.05466665671609,1.1375877341671885,1
A02463,2023-01-31,Core,15.279065522357875,3.5796678268932105,1
A02464,2023-01-31,Automation,13.33307550481978,1.822005719119994,1
A02465,2023-01-31,Automation,13.22479863359563,2.31463709057312,0
A02466,2023-01-31,Core,10.052294649127973,1.2807666854529112,0
A02467,2023-01-31,Automation,12.032452733484316,3.001028526021389,1
A02468,2023-01-31,Core,15.129365477630563,2.834452117615467,0
A02469,2023-01-31,Analytics,13.843738204080498,3.724709355729823,1
A02470,2023-01-31,Analytics,2.112972644050715,33.803292430137446,6
A02471,2023-01-31,Automation,16.895276036377744,1.9908499557827648,0
A02472,2023-01-31,Core,13.243340425225368,5.108378615181897,3
A02473,2023-01-31,Core,6.244398998012086,15.764284010288458,4
A02474,2023-01-31,Premium Support,11.730065302801352,2.540516035045657,2
A02475,2023-01-31,Premium Support,6.15007154982504,27.019293790960695,7
A02476,2023-01-31,Automation,11.670538843987657,0.469967270772365,0
A02477,2023-01-31,Core,10.83612736599874,0.5549721429233394,2
A02478,2023-01-31,Analytics,14.209256852670459,1.0663345130754545,2
A02479,2023-01-31,Analytics,21.290909308199844,3.377302655890228,2
A02480,2023-01-31,Core,12.535435813890874,2.4870889133375234,1
A02481,2023-01-31,Core,13.991582442524676,1.3866268166315419,2
A02482,2023-01-31,Automation,2.0847532906074875,19.491379203744465,5
A02483,2023-01-31,Core,17.73020316512454,1.742253597072114,0
A02484,2023-01-31,Core,0.4016400124822952,27.981229464354545,4
A02485,2023-01-31,Core,1.9218246116563666,22.150700529465446,7
A02486,2023-01-31,Analytics,18.079387433914235,2.3496863861162427,0
A02487,2023-01-31,Automation,12.717975935915579,2.3000857759467,0
A02488,2023-01-31,Core,5.959119291276528,21.23439894343479,3
A02489,2023-01-31,Automation,19.12963559565995,3.588006029210349,0
A02490,2023-01-31,Core,15.898184308833676,1.7044287934768716,0
A02491,2023-01-31,Core,7.342334535967517,1.007249875443764,1
A02492,2023-01-31,Core,15.36446292691103,2.852879979520193,1
A02493,2023-01-31,Analytics,2.618683677661608,25.478200232648657,6
A02494,2023-01-31,Premium Support,16.69451547396997,2.4084283126590544,1
A02495,2023-01-31,API,15.224571408260521,0.81532019980846,2
A02496,2023-01-31,Core,3.155509726031922,19.98696079666297,0
A02497,2023-01-31,Premium Support,14.806490511486432,4.172428364524555,1
A02498,2023-01-31,API,14.631883181754823,0.7371662702155368,2
A02499,2023-01-31,Analytics,15.09038745939436,2.3542088059895288,0
A02500,2023-01-31,Premium Support,15.726586555739926,1.2146903046499875,1
A02501,2023-01-31,Automation,18.487897879465194,4.6896060595974625,1
A02502,2023-01-31,API,15.241666968842896,3.2396324781502503,1
A02503,2023-01-31,Core,14.068695381423394,2.28210734302997,0
A02504,2023-01-31,Core,17.443902662564675,0.7721325241305794,2
A02505,2023-01-31,Automation,20.728222170769303,1.0139439252237419,2
A02506,2023-01-31,API,16.745212262504268,2.7462745056817885,2
A02507,2023-01-31,Automation,14.618618380424271,0.6375078022825091,2
A02508,2023-01-31,Automation,15.297591649306757,0.6688861552579319,0
A02509,2023-01-31,Premium Support,0.6356983840912038,29.1617333780265,5
A02510,2023-01-31,Core,4.948068137779473,20.553434262450605,2
A02511,2023-01-31,Core,20.49551249451914,2.3800314071942936,1
A02512,2023-01-31,Core,11.752839877050702,1.5604747021828862,3
A02513,2023-01-31,Core,17.464717484728098,2.920146546131085,1
A02514,2023-01-31,Analytics,13.622429171898279,1.1381852870235734,0
A02515,2023-01-31,Analytics,5.000489124833518,29.964050778543875,4
A02516,2023-01-31,Core,7.437428929034796,16.75375622881609,2
A02517,2023-01-31,API,12.359672498738256,2.6006490856285325,1
A02518,2023-01-31,Core,15.732731955252978,3.1819980519255386,1
A02519,2023-01-31,Analytics,4.05753527141927,22.654467150704875,2
A02520,2023-01-31,Analytics,10.933919409056093,1.3389224681805714,1
A02521,2023-01-31,Core,18.413023740469146,0.3116062438484166,1
A02522,2023-01-31,API,17.270402013427173,0.0,0
A02523,2023-01-31,Analytics,18.758166596289204,1.824025841930522,0
A02524,2023-01-31,Analytics,14.71089399220435,1.8924771191303864,0
A02525,2023-01-31,Analytics,13.892800795157928,0.9139168760561733,2
A02526,2023-01-31,Core,16.110681447855864,1.1289003001315583,2
A02527,2023-01-31,Automation,12.267574937237294,3.523453857295929,2
A02528,2023-01-31,Premium Support,5.394527642659288,21.048681833912354,6
A02529,2023-01-31,Core,0.0,16.807914011289096,5
A02530,2023-01-31,Core,9.616897048430237,1.557651948881095,1
A02531,2023-01-31,Automation,14.382366514517217,2.4060026916564032,2
A02532,2023-01-31,API,12.677099324770094,1.3735489756394588,1
A02533,2023-01-31,Core,13.272343507945088,1.1913046845945674,0
A02534,2023-01-31,API,15.091354836949863,1.6617542162174683,2
A02535,2023-01-31,Premium Support,17.817599401959875,3.0906608853324737,0
A02536,2023-01-31,Core,11.453689728356064,3.181401302518739,2
A02537,2023-01-31,API,12.99032535461193,1.2645531822077298,2
A02538,2023-01-31,Automation,11.704751910920567,2.460551094634311,3
A02539,2023-01-31,Core,11.509458236603026,1.9935882471222495,2
A02540,2023-01-31,Premium Support,3.163854510260618,14.468509784197666,3
A02541,2023-01-31,Premium Support,13.410649151554416,1.7029254867499568,0
A02542,2023-01-31,API,2.951819495604722,18.38350484853772,4
A02543,2023-01-31,Analytics,14.961337294354514,3.1630552371530958,1
A02544,2023-01-31,API,10.829429002750253,3.552472042655303,2
A02545,2023-01-31,API,0.0903943328035064,35.046549655160284,5
A02546,2023-01-31,Core,1.618620119450751,15.164675939332511,1
A02547,2023-01-31,Core,4.718504228152129,17.800392225177212,1
A02548,2023-01-31,Core,3.4661405874534905,26.794342227646005,4
A02549,2023-01-31,Core,14.980815237788828,0.8855885981074847,2
A02550,2023-01-31,API,13.530634091224261,1.8519553312473498,0
A02551,2023-01-31,Automation,15.074240133437936,1.9410616121287658,0
A02552,2023-01-31,Core,4.4743151167144255,20.22067448346364,4
A02553,2023-01-31,API,15.63523596344422,2.385981694087448,2
A02554,2023-01-31,Analytics,14.561946569393502,1.300054664916049,0
A02555,2023-01-31,Analytics,0.0,21.769624850930498,4
A02556,2023-01-31,API,1.650304739676837,13.39492855365266,3
A02557,2023-01-31,Core,2.0346109647787243,24.851997600949034,3
A02558,2023-01-31,Core,12.8790341648398,0.0,3
A02559,2023-01-31,Core,16.333839828935737,2.9182723666383263,0
A02560,2023-01-31,Premium Support,4.633100256390437,17.284333505776637,4
A02561,2023-01-31,Premium Support,12.957007366531972,4.13486408302504,0
A02562,2023-01-31,API,17.068964573232005,3.9718379250836606,1
A02563,2023-01-31,Analytics,0.0,26.759733167706113,3
A02564,2023-01-31,API,14.490928542134261,4.339052995582627,1
A02565,2023-01-31,Analytics,13.585667939710573,2.937574529387576,0
A02566,2023-01-31,Core,19.050667136719394,1.3546861970569237,0
A02567,2023-01-31,Core,11.860199812713025,0.0,0
A02568,2023-01-31,Core,5.562505666856764,25.549243947881905,7
A02569,2023-01-31,Premium Support,10.28799456476001,2.0312958748811454,0
A02570,2023-01-31,API,16.18019323197352,2.4313615857436988,1
A02571,2023-01-31,API,12.25355298092698,1.7711638234955507,1
A02572,2023-01-31,Automation,0.9605638057667139,24.340378141490255,1
A02573,2023-01-31,API,0.8968740109231228,27.221086010534314,2
A02574,2023-01-31,API,14.188165748187163,2.7066372859450394,1
A02575,2023-01-31,Automation,10.247721246022563,1.645624632625789,2
A02576,2023-01-31,Core,7.270264201693217,1.6395821426573927,1
A02577,2023-01-31,Core,15.373112112178315,0.4806129119423539,2
A02578,2023-01-31,Analytics,7.6593268813888695,2.091200481778275,2
A02579,2023-01-31,Core,16.562413351932136,0.8880680585124705,1
A02580,2023-01-31,API,18.67558324860544,2.9185261996981122,1
A02581,2023-01-31,Automation,13.5073285881949,1.2658990997698183,2
A02582,2023-01-31,Automation,17.89847884016147,1.7042959095042431,1
A02583,2023-01-31,Core,13.927230741370343,4.163983565744372,1
A02584,2023-01-31,Core,18.79772347723361,1.6934257772994121,1
A02585,2023-01-31,Premium Support,12.631346443660368,1.559425183866924,0
A02586,2023-01-31,Premium Support,6.905354571706635,2.5856219858989307,0
A02587,2023-01-31,Core,13.760264767680495,0.214738197774347,1
A02588,2023-01-31,Automation,5.064440521109731,24.95678869459119,4
A02589,2023-01-31,Automation,15.604904917821255,2.993940043455595,5
A02590,2023-01-31,Core,4.897455871629937,12.284095515143537,4
A02591,2023-01-31,Core,14.986703507854195,0.0,0
A02592,2023-01-31,Premium Support,16.91337451535766,1.7405883015242234,0
A02593,2023-01-31,API,13.743150683256587,0.727133773994667,4
A02594,2023-01-31,API,21.879170256027137,3.1241067839595402,1
A02595,2023-01-31,Premium Support,3.4140402565596357,26.685748396897033,6
A02596,2023-01-31,Automation,0.8189063843073034,28.78087192476307,2
A02597,2023-01-31,Core,16.285811709445397,0.7968888028599872,2
A02598,2023-01-31,Analytics,11.900517725905827,3.4942942105249304,2
A02599,2023-01-31,Automation,12.726679197956981,1.7377388609805122,3
A02600,2023-01-31,Core,1.4950807916940392,24.51287589676358,2
A02601,2023-01-31,Core,5.212853611937035,22.896073106582314,3
A02602,2023-01-31,Automation,15.014215180181818,2.506808018916648,1
A02603,2023-01-31,Automation,2.7795084260470095,23.978075674120728,1
A02604,2023-01-31,Core,5.146745640261258,28.749618343189628,4
A02605,2023-01-31,Core,14.861890532247703,2.6084338842936083,0
A02606,2023-01-31,Automation,13.80826993207654,3.4428916925146216,1
A02607,2023-01-31,Core,0.2222280582749283,34.31240392844421,6
A02608,2023-01-31,Core,12.772346878627252,1.9529613407442004,0
A02609,2023-01-31,Premium Support,12.224292488349578,2.595130162898811,0
A02610,2023-01-31,Automation,1.6148669734413401,25.98202868397357,2
A02611,2023-01-31,Analytics,12.607390465045107,3.0167343072391724,1
A02612,2023-01-31,API,2.4588537497022656,25.699711013823197,3
A02613,2023-01-31,Analytics,16.73561218653077,0.14278149237210003,1
A02614,2023-01-31,Core,11.094593228084896,2.8103860393713234,1
A02615,2023-01-31,Premium Support,1.6746319560948755,30.281049149338905,0
A02616,2023-01-31,Analytics,12.701430165691061,2.0350057561523385,2
A02617,2023-01-31,API,14.088366102392854,1.884233812629425,1
A02618,2023-01-31,Analytics,16.69225158479396,0.5822315169343868,0
A02619,2023-01-31,Analytics,8.090034368307155,2.3725030898738333,0
A02620,2023-01-31,Core,13.288922459177092,4.1543177402072775,2
A02621,2023-01-31,Analytics,12.279998447098498,1.6873944688200804,0
A02622,2023-01-31,API,4.725873211970263,26.60332058918138,4
A02623,2023-01-31,Automation,4.392431103660488,15.608701195214659,5
A02624,2023-01-31,Automation,13.768221904002946,2.8626132190088738,1
A02625,2023-01-31,Core,13.629058105463036,1.3551566923422715,2
A02626,2023-01-31,Analytics,17.195394117906336,2.2370147961227485,1
A02627,2023-01-31,Core,14.904457791002114,2.480780183109315,1
A02628,2023-01-31,API,4.102697174572264,15.5249145080935,7
A02629,2023-01-31,Automation,14.443611774380418,3.2140503406380856,2
A02630,2023-01-31,Automation,6.05079533774918,28.50482260633128,6
A02631,2023-01-31,Core,14.518021930952319,1.1437954478038233,1
A02632,2023-01-31,API,12.456654485102884,1.9299732773863985,1
A02633,2023-01-31,Core,3.329136890769958,15.218990745507892,7
A02634,2023-01-31,Core,9.698187877895139,0.0,2
A02635,2023-01-31,Core,2.5700291000634437,24.7945790965413,4
A02636,2023-01-31,Core,2.299169287693758,27.88280258201947,1
A02637,2023-01-31,Analytics,12.333135621169284,1.4747153171885607,0
A02638,2023-01-31,Core,15.053431931137428,1.0030567449236594,3
A02639,2023-01-31,API,12.294475866475075,2.0414646247848287,0
A02640,2023-01-31,Core,5.691224572828516,28.15858163527287,4
A02641,2023-01-31,Analytics,4.465018750216919,31.044729775798228,6
A02642,2023-01-31,Core,18.10818349063404,3.3717438224736718,1
A02643,2023-01-31,Core,10.678497206760357,2.057714415879476,1
A02644,2023-01-31,Analytics,14.731147591123435,1.1284863303651198,0
A02645,2023-01-31,Core,8.284986025538545,0.8754626776501657,0
A02646,2023-01-31,Core,0.0,24.667672503734693,1
A02647,2023-01-31,Automation,3.751361845045664,14.620604183235528,6
A02648,2023-01-31,Core,17.40473129713158,1.1763112908568663,1
A02649,2023-01-31,Automation,11.663881910883577,2.5958794839967014,1
A02650,2023-01-31,Core,11.551698575703352,2.0945569100143127,0
A02651,2023-01-31,Automation,14.10826184568335,3.993232969504677,0
A02652,2023-01-31,Core,14.111250833449551,2.3902514636605696,0
A02653,2023-01-31,Premium Support,4.60489670956165,30.20862142938769,5
A02654,2023-01-31,Core,19.958664701789715,2.736369528764686,2
A02655,2023-01-31,Premium Support,13.20390988065388,2.77002199089597,1
A02656,2023-01-31,Core,14.34075494725424,1.6029889877041854,1
A02657,2023-01-31,API,12.794661386868674,0.83600429566999,2
A02658,2023-01-31,Core,15.319914686453538,2.5360351912265706,1
A02659,2023-01-31,Core,5.336977861656937,31.127498415245142,3
A02660,2023-01-31,Core,18.990991090863716,0.4834499082624464,0
A02661,2023-01-31,Core,11.71320297420836,2.2545209989906128,0
A02662,2023-01-31,Analytics,17.302385528903635,1.3630071019787937,0
A02663,2023-01-31,Analytics,15.649042458653053,0.48439795813751907,1
A02664,2023-01-31,Analytics,16.923609828380233,1.6478836566116981,0
A02665,2023-01-31,API,13.724362181921608,3.2829187342068633,0
A02666,2023-01-31,Core,13.438877680153459,3.208061500088057,0
A02667,2023-01-31,API,2.5198718692031896,23.060213796406703,5
A02668,2023-01-31,Automation,16.864077518168862,2.2692328900921233,0
A02669,2023-01-31,Core,18.69716169158566,2.5957972033550996,0
A02670,2023-01-31,Automation,14.595642666351468,2.0986445814780015,0
A02671,2023-01-31,Core,7.442053592950239,21.835193319076403,5
A02672,2023-01-31,Analytics,6.620439260017388,1.0944981011475654,2
A02673,2023-01-31,Automation,5.2250637007249185,22.899693910534378,4
A02674,2023-01-31,API,12.81724518444982,3.4013590766363295,1
A02675,2023-01-31,Analytics,2.996702635202508,32.651467162494825,7
A02676,2023-01-31,Core,16.442391696299737,0.9201224366731746,1
A02677,2023-01-31,Analytics,10.069937115263139,2.0533911154161997,3
A02678,2023-01-31,Analytics,12.496087014949136,1.5973928572472724,3
A02679,2023-01-31,Premium Support,12.613920520584534,1.8448994606993165,1
A02680,2023-01-31,Automation,17.61422925019834,1.463957181047773,3
A02681,2023-01-31,Core,12.175283752941068,3.4056916228062777,0
A02682,2023-01-31,Analytics,15.357236354143964,1.9810934631263646,0
A02683,2023-01-31,Analytics,14.58711838256815,2.2161568046012734,0
A02684,2023-01-31,API,16.709865456341838,2.224258206133323,3
A02685,2023-01-31,Core,16.55064515634944,0.97222982503898,3
A02686,2023-01-31,Automation,1.345080288873158,24.762144317886495,4
A02687,2023-01-31,API,8.911116462178459,3.0623168217868413,0
A02688,2023-01-31,Core,13.304777340063112,3.472690985480706,2
A02689,2023-01-31,Core,3.0931883342120687,17.9009272586813,7
A02690,2023-01-31,API,14.858027699458335,0.48139876261127124,0
A02691,2023-01-31,Automation,11.78733456433757,2.062134580041522,2
A02692,2023-01-31,Core,17.42270335522584,3.1091875757350342,0
A02693,2023-01-31,Core,14.040858254944977,2.359596454283688,0
A02694,2023-01-31,Core,11.238507956563623,2.6802960760798054,0
A02695,2023-01-31,Core,12.62531648377496,0.6397509790934774,1
A02696,2023-01-31,API,5.2844230990832965,28.723376209786505,1
A02697,2023-01-31,Core,15.993133678839495,0.0,2
A02698,2023-01-31,Automation,17.145369666693213,1.8575119507540416,0
A02699,2023-01-31,Core,10.875239090859758,0.0,2
A02700,2023-01-31,Automation,11.933510923448598,3.3326617018404776,0
A02701,2023-01-31,Premium Support,3.836694645905817,24.941392321029955,3
A02702,2023-01-31,Core,14.553181212765866,2.140643492061766,2
A02703,2023-01-31,Premium Support,13.477994506743322,0.4874268923220697,2
A02704,2023-01-31,API,12.531516766228938,2.3757126539131765,0
A02705,2023-01-31,Automation,1.4616530521500484,35.29057405924105,4
A02706,2023-01-31,Core,11.61789443997479,2.475735499686927,1
A02707,2023-01-31,Automation,13.46048213929577,3.1849839904909203,1
A02708,2023-01-31,Analytics,17.339646751501242,1.5148346883037802,0
A02709,2023-01-31,Core,9.460581945350738,1.1287899521666165,2
A02710,2023-01-31,Premium Support,15.03943830090569,1.9291379908373507,0
A02711,2023-01-31,Premium Support,18.140278084638872,0.07329464505927019,2
A02712,2023-01-31,Core,13.450438704303298,4.264088561313945,1
A02713,2023-01-31,Analytics,12.413371912562312,2.1396500464804933,0
A02714,2023-01-31,Premium Support,16.772694457851767,2.8667729543670077,0
A02715,2023-01-31,Analytics,11.04733436939347,1.5384914716037934,2
A02716,2023-01-31,Analytics,13.931925410183807,0.45691363014171227,4
A02717,2023-01-31,Core,10.880467698842818,3.425814830680876,1
A02718,2023-01-31,Analytics,8.38969708992716,0.8758997187233681,1
A02719,2023-01-31,Analytics,13.544047205615614,2.348838763569242,1
A02720,2023-01-31,API,10.209814810199049,2.4430848113194528,2
A02721,2023-01-31,Analytics,6.095804031105436,23.333589625956414,2
A02722,2023-01-31,API,17.345088873142117,1.2154157638178016,2
A02723,2023-01-31,Core,19.56276622003887,1.850367762973769,1
A02724,2023-01-31,Automation,14.280587851829626,1.0499491739576197,0
A02725,2023-01-31,Core,1.4967264043477808,25.993016038146205,7
A02726,2023-01-31,API,15.1968879503199,2.571546927498214,1
A02727,2023-01-31,Automation,12.850659158374823,1.9785975669021028,1
A02728,2023-01-31,Automation,8.225670938207315,1.4316485283049696,0
A02729,2023-01-31,Core,18.879476981246356,4.107317899782016,3
A02730,2023-01-31,Automation,10.85269343215663,0.6979360138466639,1
A02731,2023-01-31,Core,18.14831273425331,0.45538690313915775,0
A02732,2023-01-31,Core,15.610422887786752,1.9179940193719769,0
A02733,2023-01-31,Automation,11.071961644257923,1.7419526734290935,1
A02734,2023-01-31,Core,3.934842134706864,20.31770258461637,6
A02735,2023-01-31,Analytics,20.398733183855988,2.6461164549466725,0
A02736,2023-01-31,Premium Support,6.50670598521965,22.10613126884899,5
A02737,2023-01-31,Core,5.138079183257891,25.775323304104354,4
A02738,2023-01-31,Automation,4.7929772473477685,12.637988523769783,4
A02739,2023-01-31,Analytics,14.300624111948215,4.103556720181951,0
A02740,2023-01-31,Analytics,13.503458813090491,2.2533633904954344,1
A02741,2023-01-31,Analytics,17.59921215692819,1.3189228673205058,2
A02742,2023-01-31,Analytics,16.218767409265414,2.198501099828211,0
A02743,2023-01-31,Automation,8.923275195414734,0.0,1
A02744,2023-01-31,Automation,15.376025766271734,1.9673524585796378,2
A02745,2023-01-31,Core,13.462727117397895,3.092982471105988,0
A02746,2023-01-31,API,14.111324408084199,2.6021841188704213,2
A02747,2023-01-31,Analytics,14.746829042781977,2.2985560436456747,1
A02748,2023-01-31,API,17.596187015829805,2.649239155570494,2
A02749,2023-01-31,Core,16.933378890638064,3.1032565448777163,0
A02750,2023-01-31,Core,11.750771777938112,3.4252334072981876,1
A02751,2023-01-31,Core,13.824164096930991,2.4474559002894587,0
A02752,2023-01-31,Analytics,12.654435821428365,1.6838885654873086,0
A02753,2023-01-31,Core,8.954462093280206,0.0,1
A02754,2023-01-31,Analytics,13.67188847719673,2.978173427007729,0
A02755,2023-01-31,Premium Support,19.534263282677287,2.5152025136039033,2
A02756,2023-01-31,Core,8.863869818750759,2.152659487515801,0
A02757,2023-01-31,Analytics,3.339556925426198,17.768715298247585,1
A02758,2023-01-31,Core,3.215629452505748,31.85412858105284,2
A02759,2023-01-31,Analytics,14.863206415292959,1.742763574171868,1
A02760,2023-01-31,Core,11.111825127818209,1.965577888954016,0
A02761,2023-01-31,Premium Support,9.724668227600139,1.9440114108317568,2
A02762,2023-01-31,Core,9.864207029616122,2.449851718165498,0
A02763,2023-01-31,Premium Support,17.992801274994434,0.8513679889698713,0
A02764,2023-01-31,Core,2.749601115768803,14.616447259730446,8
A02765,2023-01-31,Automation,6.127337348723111,35.433861257763915,2
A02766,2023-01-31,Core,20.313897795838923,1.3141962931008444,0
A02767,2023-01-31,Core,11.797233029670632,2.8852400475577493,0
A02768,2023-01-31,Automation,6.727244754314614,18.685469282949555,2
A02769,2023-01-31,Core,17.19143502987652,2.883442401010466,1
A02770,2023-01-31,Analytics,17.04716056093773,2.101366724708905,0
A02771,2023-01-31,API,10.005270928868958,0.35172325112992775,0
A02772,2023-01-31,Analytics,11.859942656895504,3.3644758516464996,2
A02773,2023-01-31,Core,3.5531852036148903,24.787404311636887,3
A02774,2023-01-31,Premium Support,3.3947768926229416,16.108559661413018,4
A02775,2023-01-31,API,11.715468024076413,3.0072423105847594,2
A02776,2023-01-31,Automation,12.519161047666769,3.499220744561298,1
A02777,2023-01-31,Automation,15.258723264203013,2.2010268962161272,3
A02778,2023-01-31,Automation,15.85897468204513,2.617287322496068,1
A02779,2023-01-31,Analytics,1.028045479021624,27.81046006136052,5
A02780,2023-01-31,Core,11.4609324054956,1.6571322932983203,0
A02781,2023-01-31,Automation,12.403855589196784,0.41656369710485563,3
A02782,2023-01-31,Automation,14.646503599405905,2.2149220591042083,0
A02783,2023-01-31,API,17.786933937884843,3.3789378306445563,1
A02784,2023-01-31,Automation,2.4688298418416195,24.92630618016409,6
A02785,2023-01-31,Core,13.933094299748541,0.9325768090235582,2
A02786,2023-01-31,Core,10.922214688581771,3.0975215056449055,2
A02787,2023-01-31,Core,2.1595044950776217,23.76513665451227,2
A02788,2023-01-31,API,14.46278884142513,0.0,1
A02789,2023-01-31,Analytics,17.233264338670224,3.017903815182521,1
A02790,2023-01-31,Core,14.089691624202802,1.0546193759068871,1
A02791,2023-01-31,Analytics,14.255801195730236,3.7807283731179098,1
A02792,2023-01-31,Core,9.499073327443817,3.1477734005974183,1
A02793,2023-01-31,Analytics,7.547714390922299,1.77220072633684,2
A02794,2023-01-31,Core,17.755715635507876,2.459359845754463,2
A02795,2023-01-31,Core,14.234174642787261,4.423918565655104,1
A02796,2023-01-31,Analytics,14.619284368959855,3.000007037836985,2
A02797,2023-01-31,Core,10.252838743398769,2.2382000247845895,2
A02798,2023-01-31,Analytics,11.290807466619128,4.88915399420627,4
A02799,2023-01-31,Core,17.186906003404953,2.1175810109564885,0
A02800,2023-01-31,Premium Support,19.220431312524312,2.5818148188788363,0
A00104,2023-02-28,Premium Support,12.860391629856469,2.4040088342736836,1
A00147,2023-02-28,Automation,15.300728668120346,1.6308246801827224,0
A00150,2023-02-28,Automation,13.958281448026135,2.3500045119879007,2
A00170,2023-02-28,Automation,6.1400172274526135,35.818414101703205,3
A00233,2023-02-28,Automation,16.88105563968048,0.2952037165722867,0
A00272,2023-02-28,Core,3.4604368244995594,29.94958678423235,1
A00328,2023-02-28,Premium Support,16.731196406868325,0.5930367202162632,1
A00385,2023-02-28,Core,2.208702880767972,22.926002521392583,4
A00429,2023-02-28,Automation,16.739755973429453,3.5858992088900283,0
A00454,2023-02-28,Analytics,15.098884970678737,1.3586576486180382,0
A00465,2023-02-28,Core,15.14393686045468,2.7909253524986144,0
A00562,2023-02-28,Core,2.858989454863511,27.130213756773372,4
A00575,2023-02-28,Core,13.9328822775824,1.9795771331026317,0
A00773,2023-02-28,API,15.499702508425223,1.1220400666271872,0
A00790,2023-02-28,API,0.0,29.480722790495637,5
A00801,2023-02-28,Analytics,8.712093566609548,3.346474633054084,0
A00839,2023-02-28,Analytics,4.661365763864108,28.796832194096748,3
A00844,2023-02-28,Core,11.751814473059483,2.535538680832549,0
A00845,2023-02-28,Core,19.93856052669537,2.5336714971860665,2
A00846,2023-02-28,API,11.74310586003493,1.751416178637208,3
A00889,2023-02-28,API,16.434268839231112,3.307384069391101,1
A01038,2023-02-28,Core,12.005762468595101,1.4823206285360067,0
A01070,2023-02-28,API,1.4038660912927987,34.03089036837667,6
A01175,2023-02-28,Premium Support,10.782763932966336,1.0786071876772279,0
A01180,2023-02-28,Automation,10.503858909620938,2.6157395905572094,0
A01190,2023-02-28,Core,14.989466854549134,1.6130618059897621,0
A01237,2023-02-28,Automation,12.940482126611254,2.09280797059588,0
A01266,2023-02-28,Core,16.358806867224967,1.7614538136888855,2
A01279,2023-02-28,Core,1.5394122367568919,19.544910368459696,7
A01294,2023-02-28,Core,1.8240537871869007,21.222150064491004,7
A01300,2023-02-28,Analytics,17.278229162499063,3.5255355680427654,1
A01362,2023-02-28,Automation,11.116073125659472,1.0306663675734329,1
A01399,2023-02-28,Automation,13.000815055810449,2.9320279385735484,4
A01409,2023-02-28,Core,9.794383344117158,2.196717233958227,2
A01452,2023-02-28,Analytics,9.884017777166186,0.7768027779581181,0
A01482,2023-02-28,Core,0.37495576364049654,24.93044015364101,4
A01532,2023-02-28,Premium Support,12.786548470022895,3.848477484682769,0
A01550,2023-02-28,Core,14.183688342945898,1.2619263099833748,1
A01590,2023-02-28,Core,12.885568138669125,1.7712871398330872,0
A01642,2023-02-28,Premium Support,8.628080708994242,0.3940893093091007,1
A01653,2023-02-28,Core,1.6218740023621543,30.73816605846055,4
A01739,2023-02-28,Core,14.030346463854697,2.160188697410008,2
A01744,2023-02-28,Premium Support,16.367084104929123,3.973817141334176,1
A01763,2023-02-28,Core,4.3860417134897185,33.14936069056089,5
A01783,2023-02-28,Core,19.603718904372958,2.9639216181407626,1
A01807,2023-02-28,Analytics,13.885645995772583,2.300671931527892,1
A01871,2023-02-28,Core,14.946295781718053,4.234080972323744,1
A01913,2023-02-28,Automation,5.281403924975283,15.462795340418438,1
A01949,2023-02-28,API,4.323111486823366,32.802368355347255,8
A02025,2023-02-28,Analytics,4.769294815169134,30.52040727085795,6
A02129,2023-02-28,Core,16.5155188719339,2.4888861564949067,1
A02138,2023-02-28,Core,2.3440624224097157,23.206132808823064,4
A02171,2023-02-28,Automation,15.072693214670764,2.5612531958872884,1
A02259,2023-02-28,Core,18.746805713808012,0.5245322503951726,1
A02261,2023-02-28,Core,15.37246066888616,2.522129104233732,1
A02316,2023-02-28,Core,14.980262756531472,2.4988644364342525,1
A02331,2023-02-28,Automation,18.50660158841145,1.2603260526595252,0
A02339,2023-02-28,Automation,4.189405994206721,24.967913849304992,2
A02443,2023-02-28,Core,3.7878213493254442,18.913347654801843,2
A02499,2023-02-28,Core,11.078162985339237,2.2553028917490594,0
A02522,2023-02-28,Automation,13.201934008317266,2.6847598726229007,0
A02559,2023-02-28,Core,8.490755931768764,2.9595030012394474,1
A02657,2023-02-28,Core,14.753725420782354,2.700752530244066,1
A02728,2023-02-28,Core,3.276026528938863,28.818693896592844,4
A02752,2023-02-28,Core,11.186575551117908,0.5346194936116435,0
A02780,2023-02-28,Core,13.151554217469496,2.9411957335704173,0
A02789,2023-02-28,Automation,5.9431578574891795,15.564548681684567,6
A00104,2023-03-31,Premium Support,13.100978075987767,1.000923011407064,0
A00147,2023-03-31,Core,15.259615320633912,2.8672625214002205,0
A00150,2023-03-31,Automation,10.202435968346624,1.322633431304409,1
A00233,2023-03-31,API,7.053434989808807,3.2796885943205645,1
A00328,2023-03-31,Core,3.0807154954469955,21.355469015499796,8
A00429,2023-03-31,Core,15.950535436534743,2.9353454736894466,0
A00454,2023-03-31,API,17.23015624146963,2.008242859118429,3
A00465,2023-03-31,Analytics,2.2388498810953426,21.00437598655481,5
A00575,2023-03-31,API,12.495655438255731,2.147369886572068,2
A00773,2023-03-31,Core,3.196393931948798,22.335862868926274,2
A00790,2023-03-31,Analytics,14.913052008569748,3.122072895472151,2
A00801,2023-03-31,API,4.858267705893894,21.8596628102719,7
A00844,2023-03-31,Core,13.570567170681182,1.1657387136581097,0
A00845,2023-03-31,API,12.878383458869905,4.1645473591220465,1
A00846,2023-03-31,Analytics,16.3422294767476,1.6511214202876037,1
A00889,2023-03-31,Premium Support,18.483109852533463,1.1363609431265052,0
A01038,2023-03-31,Premium Support,13.1401453494886,2.8129137773143458,0
A01070,2023-03-31,API,14.254765948984076,2.263477550712236,2
A01175,2023-03-31,Analytics,11.745664399225477,3.009922334202935,0
A01180,2023-03-31,Analytics,14.240911594611928,2.0834149766171715,1
A01190,2023-03-31,Analytics,11.220375179721678,2.95513462282163,1
A01237,2023-03-31,Automation,18.265590311564925,4.052458164890305,2
A01266,2023-03-31,Core,16.658405649898583,1.2421426419936292,0
A01279,2023-03-31,Core,19.211075553915208,1.5411223435912538,2
A01294,2023-03-31,Analytics,12.31998114501229,0.3973810912304063,1
A01300,2023-03-31,Core,3.6548980289204125,28.72407356075137,2
A01362,2023-03-31,Automation,14.733685959952082,2.1251282717410582,0
A01399,2023-03-31,Core,13.59862093797616,3.262756554426139,0
A01409,2023-03-31,Analytics,17.774288483175106,1.971388441636134,2
A01452,2023-03-31,Core,10.938438930701185,1.9157881813413453,1
A01482,2023-03-31,Analytics,14.100501797427075,2.1957336929514195,1
A01532,2023-03-31,Core,13.53083909001027,1.7658341863230558,2
A01550,2023-03-31,API,15.252681039398887,2.368036866991503,4
A01590,2023-03-31,Automation,12.668955832785743,2.226452057131677,0
A01642,2023-03-31,API,5.689174197053486,21.2125579317576,2
A01739,2023-03-31,Core,12.857835002148132,1.7721292461879348,0
A01744,2023-03-31,Analytics,13.128552747454295,2.5500774792063208,1
A01763,2023-03-31,Core,14.235967671144271,2.6171117417472463,1
A01783,2023-03-31,API,17.86401055401382,1.6736496754124646,2
A01807,2023-03-31,Automation,7.530521459809735,1.9183289221074074,0
A01871,2023-03-31,Automation,16.29922078822161,1.8240863652310848,1
A01913,2023-03-31,Automation,12.583365975680318,0.7729845472183592,0
A01949,2023-03-31,Analytics,13.463301172248983,1.514198616298318,0
A02025,2023-03-31,Automation,0.41265652502703354,29.172253084464405,3
A02129,2023-03-31,Core,14.138464745868298,2.8461699302664387,0
A02138,2023-03-31,Core,3.4515519441142053,23.293553189001717,3
A02171,2023-03-31,Analytics,13.325166371473745,0.9867672897833106,1
A02259,2023-03-31,Analytics,15.749375737851196,2.978747378937519,0
A02261,2023-03-31,Automation,15.906088362869683,3.852004139780929,0
A02316,2023-03-31,Automation,18.259926312363184,2.593382416983041,0
A02331,2023-03-31,Automation,12.223155580494645,1.9972251883093743,3
A02339,2023-03-31,API,1.2603826100386268,38.72982204822523,2
A02499,2023-03-31,API,15.900505757030848,1.9860483660973471,5
A02522,2023-03-31,Core,5.302645903329605,25.944442282378784,3
A02559,2023-03-31,Core,19.056312062738954,1.8009139768952487,0
A02657,2023-03-31,Core,12.085167382710623,3.2891982290372876,2
A02728,2023-03-31,Core,14.452802212364391,2.8831320199405988,2
A02752,2023-03-31,Automation,14.914837767209246,1.6570630955762067,1
A02780,2023-03-31,API,10.406384902462925,2.087847940135948,1
A02789,2023-03-31,API,17.794831358081566,1.9951500733372347,1
A00104,2023-04-30,API,16.085418142134614,0.14132187949544384,1
A00147,2023-04-30,Analytics,22.52747158892695,1.1310954755583955,0
A00150,2023-04-30,Core,14.658194066109441,3.1082592896462353,0
A00233,2023-04-30,API,13.713485066910627,0.9677911025851922,0
A00429,2023-04-30,Core,4.2139177875867855,32.74048190423407,3
A00454,2023-04-30,API,0.5412847168915729,29.306848060214257,4
A00465,2023-04-30,API,16.264677032678787,2.3124744194627938,1
A00575,2023-04-30,API,13.485967169063818,1.4227241149207852,2
A00773,2023-04-30,API,19.048285325581368,2.3011384901450818,1
A00790,2023-04-30,Analytics,9.198416278228787,3.682466488489898,1
A00801,2023-04-30,API,14.013623641971614,1.6099543276730912,0
A00844,2023-04-30,Premium Support,12.117262548570656,2.610115084361114,1
A00845,2023-04-30,Core,10.800595534729148,4.006314289880374,0
A00846,2023-04-30,Automation,15.867978633561677,2.2623065087315077,0
A00889,2023-04-30,Core,13.047375980430623,1.5093653286181345,2
A01038,2023-04-30,Analytics,6.544810137139017,24.723020178476094,2
A01175,2023-04-30,Core,12.407366010998757,0.0,1
A01180,2023-04-30,Automation,12.822226057515255,0.7885615397084331,0
A01190,2023-04-30,Core,20.043927174593783,2.338269158880911,1
A01237,2023-04-30,API,9.94735755499725,2.9698312924582435,3
A01266,2023-04-30,Analytics,11.649102232647987,1.5738985109931751,1
A01279,2023-04-30,Core,4.134271224804034,46.53461488889232,7
A01294,2023-04-30,Premium Support,12.659413132543989,2.8940895460819456,3
A01362,2023-04-30,Core,16.07231548442337,1.2292129423459979,0
A01399,2023-04-30,Core,15.229370969381526,1.4042206706150995,0
A01409,2023-04-30,Analytics,14.432657446762246,0.65386234945666,1
A01452,2023-04-30,Core,11.371151673346759,2.7439455695316677,0
A01482,2023-04-30,API,13.428814579526382,2.003744237751428,0
A01532,2023-04-30,Core,12.807325640386223,2.8876867229727603,1
A01550,2023-04-30,API,0.0,26.852073034175664,3
A01590,2023-04-30,Analytics,1.8334037246985362,23.49637874902804,3
A01642,2023-04-30,Automation,12.947625907601036,2.779749697961675,0
A01739,2023-04-30,Core,14.07146638401389,0.018485753698946228,0
A01744,2023-04-30,Core,13.706592454109561,1.662878650869315,0
A01763,2023-04-30,Automation,11.975080623936671,1.2256569874630885,1
A01783,2023-04-30,Core,14.238543767667393,3.525543475943896,1
A01807,2023-04-30,Analytics,10.168689756338578,3.7497619418578365,1
A01871,2023-04-30,Automation,14.54411112137265,2.4231517695667986,2
A01913,2023-04-30,Premium Support,10.667701309781407,1.4211753937199054,1
A01949,2023-04-30,Core,13.923427323640915,3.7211697345186447,1
A02025,2023-04-30,Automation,15.396269222717203,1.3016224794125493,1
A02129,2023-04-30,Automation,6.667336022522999,32.53637597358127,1
A02138,2023-04-30,Premium Support,17.098529394906155,0.012880913269485816,2
A02259,2023-04-30,Automation,0.0,16.871231054872375,2
A02261,2023-04-30,Core,12.049865155149384,0.2850149274867748,1
A02316,2023-04-30,Premium Support,13.56576279697141,3.4188722543737393,0
A02331,2023-04-30,Core,17.63578044738951,1.4195532886953401,1
A02339,2023-04-30,Core,8.605670989216868,0.7136121911322997,2
A02499,2023-04-30,Core,2.171473004902828,16.39747098794806,1
A02522,2023-04-30,Analytics,13.093839510450527,2.875873110981913,1
A02559,2023-04-30,Core,16.70139070867104,3.6634146903484,0
A02657,2023-04-30,Core,13.264605133321878,0.30048243247506856,2
A02728,2023-04-30,Automation,15.355903266852646,0.08987725920044731,1
A02752,2023-04-30,API,11.530507375644152,3.5607037542235136,1
A02780,2023-04-30,Analytics,16.854775305049504,0.0,1
A02789,2023-04-30,Automation,10.635201818983107,0.7845113897287324,0
A00104,2023-05-31,Automation,16.146312518988932,2.640778630335927,2
A00147,2023-05-31,Core,10.649700859516134,2.9516967879672316,1
A00150,2023-05-31,Analytics,10.247974920273606,1.8740991652559935,1
A00233,2023-05-31,Core,13.94290103147822,0.7945095313223487,1
A00429,2023-05-31,Analytics,14.409801670438135,0.7601904152539736,1
A00465,2023-05-31,API,16.804612046720326,3.038931626144872,0
A00575,2023-05-31,Core,15.987148102970027,1.7286851195673254,0
A00773,2023-05-31,Core,0.15389716434000977,23.054970028838902,5
A00790,2023-05-31,Analytics,3.682688876567785,20.996294301277853,5
A00801,2023-05-31,Core,12.95137632988921,1.9061000316999688,0
A00845,2023-05-31,Core,13.074339215709962,0.7166295810145995,1
A00846,2023-05-31,API,4.591098308091415,26.63484183923842,3
A00889,2023-05-31,Analytics,16.87268483255082,3.253061003990518,0
A01175,2023-05-31,Premium Support,0.16522739018268018,32.35600805883986,4
A01180,2023-05-31,API,13.461524098937625,0.23242686288995262,0
A01190,2023-05-31,Analytics,6.165418856881775,21.039357150895643,5
A01237,2023-05-31,Core,2.743818121084985,33.74526961790236,3
A01266,2023-05-31,Core,16.69984133099722,3.16291823108089,1
A01279,2023-05-31,Analytics,12.226079047638326,2.0589919520092286,0
A01294,2023-05-31,Analytics,8.0103074941539,4.331478158431534,5
A01362,2023-05-31,Analytics,12.676813960371272,2.735972253272089,2
A01399,2023-05-31,Analytics,11.43264691403534,4.989798104202162,2
A01409,2023-05-31,Core,5.8790605910309495,3.351590974795384,0
A01452,2023-05-31,Analytics,1.6816473856262202,14.320748993800203,3
A01482,2023-05-31,Core,16.34737082423114,1.3773458601867685,0
A01532,2023-05-31,Analytics,2.5063626187292267,16.567549997696524,6
A01590,2023-05-31,Analytics,15.235438110530326,2.1155106208906247,0
A01642,2023-05-31,API,3.870374394681511,27.140284220435603,5
A01739,2023-05-31,API,12.263443025052938,1.4624187191843743,1
A01744,2023-05-31,API,10.563821489023155,1.8698520608071503,1
A01763,2023-05-31,Automation,5.150314068735483,17.07633910072815,1
A01807,2023-05-31,Core,15.071215373547691,1.3598659558853816,0
A01871,2023-05-31,Automation,10.201303526607182,2.6571915113894136,0
A01913,2023-05-31,Core,13.471671890570637,1.2483218140397465,0
A02025,2023-05-31,API,15.61549402447754,1.9568541032345046,1
A02129,2023-05-31,Core,14.824391656673214,0.7855992376250165,3
A02138,2023-05-31,Core,16.195630928151555,2.1000857265865385,2
A02259,2023-05-31,Premium Support,0.5444478566441351,27.871006475726723,3
A02261,2023-05-31,Core,9.744731342801233,1.0386712675058956,2
A02316,2023-05-31,Analytics,3.7096811628142206,24.379553285589594,4
A02331,2023-05-31,Core,16.593064751356312,1.9021805103890637,2
A02339,2023-05-31,Core,17.106983011807525,1.5392382434780874,1
A02499,2023-05-31,Premium Support,13.497402439012511,1.5486830026571476,0
A02522,2023-05-31,API,18.53780861494711,2.4477946571945646,1
A02559,2023-05-31,API,13.513692079982045,2.02833647106054,0
A02657,2023-05-31,Core,12.462641223044718,2.957642465231389,0
A02728,2023-05-31,Core,9.767229648903749,0.9636351629012909,1
A02752,2023-05-31,API,13.772891781936929,1.8124381382557804,3
A02780,2023-05-31,Core,17.18150542381073,1.385590454599071,0
A02789,2023-05-31,Core,17.805541508000296,2.060466220751908,0
A00104,2023-06-30,Analytics,10.67490720085453,0.8290574330572773,0
A00147,2023-06-30,Analytics,14.420432023813609,0.5102214954712907,2
A00150,2023-06-30,Analytics,14.527876929391994,2.9124674688839423,0
A00233,2023-06-30,API,17.558378132844346,0.7412300055077683,0
A00429,2023-06-30,API,12.668933077256858,1.630739499853287,0
A00465,2023-06-30,Analytics,11.032986891935,1.9197381995987837,2
A00575,2023-06-30,API,13.965062922545167,2.222000359899351,0
A00773,2023-06-30,Premium Support,12.979672058954755,1.5389667400249982,0
A00790,2023-06-30,Automation,12.900091706588881,0.42447667167650893,0
A00801,2023-06-30,Automation,3.3405811882594376,17.144951153577217,0
A00845,2023-06-30,API,10.233619447913796,0.9480343062121139,0
A00846,2023-06-30,Core,15.831078483656636,0.0,2
A00889,2023-06-30,Premium Support,4.231334950064418,31.962323627848335,4
A01180,2023-06-30,Core,11.589385545152533,2.5054312643551464,2
A01190,2023-06-30,Core,5.513123186606279,23.760490949986064,4
A01237,2023-06-30,Core,8.472193775619436,3.3045320452975324,1
A01266,2023-06-30,Analytics,12.776016351534023,1.893600242384817,0
A01279,2023-06-30,API,14.64605837718135,2.847489682822388,1
A01362,2023-06-30,Core,17.32354375666135,2.7758990281831633,0
A01399,2023-06-30,Premium Support,12.333483105626069,1.8658394465176908,1
A01409,2023-06-30,API,17.37211093239081,0.0,0
A01482,2023-06-30,Premium Support,2.2679377889007992,24.735134855312594,3
A01532,2023-06-30,API,16.464382388580283,2.526408999046171,2
A01590,2023-06-30,Analytics,19.04648902472856,1.3474393665327513,1
A01642,2023-06-30,Premium Support,11.000175400728995,2.1608202558776983,2
A01739,2023-06-30,Premium Support,3.081944928957967,18.125145960827645,3
A01744,2023-06-30,API,4.980065259187239,16.97752474954825,5
A01763,2023-06-30,Core,1.1167572300835191,22.440822725222834,5
A01807,2023-06-30,Core,0.0,23.08030753261915,4
A01871,2023-06-30,Core,12.30075182005739,2.3750704319825164,1
A01913,2023-06-30,Core,11.471251763442481,1.4099938018430467,2
A02025,2023-06-30,Analytics,12.730054573358483,1.2883319522631635,0
A02129,2023-06-30,Analytics,1.9092569797055372,19.873744611582513,3
A02138,2023-06-30,API,0.3432924762654972,20.438093703712482,4
A02259,2023-06-30,Automation,13.997273977058551,1.5474300453058947,0
A02261,2023-06-30,Core,20.932180095559954,0.8694859725846429,2
A02316,2023-06-30,Automation,12.391734484805408,2.6035128373245664,2
A02331,2023-06-30,Automation,15.421649858322224,2.1869272626966176,1
A02339,2023-06-30,API,13.548002561105209,2.5481988511818967,2
A02499,2023-06-30,Automation,0.3252871959436421,20.35351116388362,1
A02522,2023-06-30,Premium Support,18.771318776952537,3.0970649825273986,1
A02559,2023-06-30,Analytics,14.358704563135715,0.9352405081247759,0
A02657,2023-06-30,Analytics,11.65712038580708,2.1465760257153175,1
A02728,2023-06-30,Analytics,15.199560086659778,0.42095775621508547,0
A02752,2023-06-30,Analytics,17.100233814446227,1.6932795595479915,1
A02780,2023-06-30,Premium Support,11.453414419422062,2.670653316053919,0
A02789,2023-06-30,Core,0.09733391380689138,21.53498169491507,5
A00104,2023-07-31,Core,11.605958616832288,1.8732245599287214,1
A00147,2023-07-31,Core,16.51887489834628,1.4018310480320588,4
A00150,2023-07-31,Analytics,7.590726354371174,2.45071456079877,0
A00233,2023-07-31,API,9.180394343025903,1.6480663300531586,0
A00429,2023-07-31,Analytics,0.0,22.363499267838215,6
A00465,2023-07-31,Analytics,14.252876115912521,1.37737287312356,1
A00575,2023-07-31,API,8.019510592279264,0.7977419225303237,1
A00773,2023-07-31,Analytics,12.681202831508555,3.9216301158888287,4
A00790,2023-07-31,API,1.302878942786861,20.49885782205147,4
A00801,2023-07-31,Core,10.694220817263634,2.667167524009478,0
A00845,2023-07-31,Core,9.662070805549078,1.9041269583276499,0
A00846,2023-07-31,Analytics,1.037540335258566,24.095922381611533,1
A01180,2023-07-31,Premium Support,16.5390864759507,0.7390691474617157,0
A01190,2023-07-31,Core,17.129889663200405,1.2084074053456162,0
A01237,2023-07-31,API,16.26408788456907,3.1128763618381363,0
A01266,2023-07-31,Analytics,17.696912609489974,1.482333906665653,1
A01279,2023-07-31,API,17.8412677911966,1.2517625063703486,0
A01362,2023-07-31,Core,9.451899883028867,1.4385493474584758,2
A01399,2023-07-31,Analytics,17.00388559726137,3.9318243004187634,2
A01409,2023-07-31,Analytics,14.336622577314426,4.044559425748426,1
A01532,2023-07-31,Core,4.771274453323143,24.33575166535842,5
A01590,2023-07-31,Core,4.823320306645844,28.32805945648743,7
A01642,2023-07-31,Analytics,13.413124282773099,2.783448211274519,2
A01739,2023-07-31,Core,13.085043212292746,2.3924919780894034,1
A01744,2023-07-31,Premium Support,12.848882171167283,2.175720583828622,1
A01763,2023-07-31,Automation,14.215757269653643,1.5493948731291214,0
A01807,2023-07-31,Core,14.695900001325851,1.3843300389099085,1
A01871,2023-07-31,Core,21.914236877709442,2.49614827588908,0
A01913,2023-07-31,Core,14.429504190999216,2.139124318417741,1
A02025,2023-07-31,API,12.711108915006731,3.468501685319349,4
A02129,2023-07-31,Analytics,14.0392843694136,1.7409958247793156,1
A02259,2023-07-31,Core,11.52513237332939,1.0748219450809617,1
A02261,2023-07-31,Core,4.749850030210432,10.619658915365441,2
A02316,2023-07-31,Analytics,13.556012628392498,1.231841052676105,0
A02499,2023-07-31,Core,21.00023992458887,0.5619752321834324,0
A02522,2023-07-31,Core,16.665110519596432,3.147588758467146,0
A02559,2023-07-31,Automation,2.578169543675455,20.89954856841146,3
A02657,2023-07-31,Premium Support,15.052727876281939,1.2321807969465415,2
A02728,2023-07-31,Automation,21.542506755720172,2.4797651340678546,0
A02752,2023-07-31,Core,14.596743646684999,3.9490653858122213,4
A02780,2023-07-31,Premium Support,11.329569750536729,1.5731961926690092,0
A02789,2023-07-31,Analytics,14.2055341759236,0.8659521900341349,3
A00104,2023-08-31,Core,11.17758297336496,1.8330281470386771,0
A00147,2023-08-31,Core,12.581054548729067,1.8159001952572695,1
A00150,2023-08-31,Core,12.418807799494221,2.770071519024501,2
A00233,2023-08-31,API,16.563879192737897,0.7009859260000346,1
A00429,2023-08-31,Analytics,16.23549175415552,0.0,1
A00465,2023-08-31,Core,10.60787507431617,2.0635152510360264,1
A00575,2023-08-31,Premium Support,18.335497570971537,3.690668124493659,1
A00773,2023-08-31,Core,11.275985366069143,1.8061211060118838,1
A00790,2023-08-31,API,16.561685259428035,2.3959899283502217,0
A00801,2023-08-31,API,16.380723013841056,1.9204549391365509,4
A00845,2023-08-31,Analytics,15.193972983662569,2.745535499031136,0
A00846,2023-08-31,Core,13.011851451840654,1.705618384222951,0
A01180,2023-08-31,Analytics,13.067177868878328,1.926314916134641,0
A01190,2023-08-31,Analytics,0.40185712050261735,33.62025206936396,5
A01237,2023-08-31,Core,15.579018886605143,3.1440708120126546,0
A01266,2023-08-31,Core,16.128659076558833,1.308250363142549,0
A01279,2023-08-31,Analytics,16.12980344394667,1.3343596873161736,1
A01362,2023-08-31,Core,2.7753780762673874,28.566885582052553,3
A01399,2023-08-31,Core,18.240046243450628,0.8761490000756236,1
A01409,2023-08-31,Core,12.199358134788731,1.4476783158010615,0
A01532,2023-08-31,Analytics,14.127385046828719,1.8785049817125428,2
A01642,2023-08-31,API,12.325294051624939,1.2265786686482667,1
A01739,2023-08-31,Automation,21.330831667965267,2.511446298791789,1
A01744,2023-08-31,Analytics,3.1512500293122887,15.0638344097631,5
A01763,2023-08-31,Core,17.040097084992095,0.8200876979120644,0
A01871,2023-08-31,Core,15.339071917164361,2.6591228016891177,1
A01913,2023-08-31,API,0.7220827074821199,27.781027038148064,5
A02129,2023-08-31,Core,22.01225490411546,2.2528722222525954,1
A02259,2023-08-31,API,17.64649959523917,1.165785357458355,0
A02261,2023-08-31,API,13.037760020723239,0.8868874490302734,1
A02316,2023-08-31,Analytics,13.183928701617846,1.6247513399013653,3
A02499,2023-08-31,Core,14.66597464711385,3.266574671721042,0
A02522,2023-08-31,Core,0.42338384916795624,23.84194672053581,2
A02559,2023-08-31,API,12.957127280730687,0.7629659465126921,1
A02657,2023-08-31,Core,9.440835951158533,2.3623460035251727,1
A02728,2023-08-31,Core,6.813801326652968,3.4347159589773275,1
A02752,2023-08-31,Core,19.930767616696595,3.180827319485528,0
A02780,2023-08-31,API,12.481103550775202,3.330552040977908,1
A02789,2023-08-31,Premium Support,13.087998314510084,2.800271329674027,0
A00104,2023-09-30,API,13.136101958857973,1.4009331993967589,1
A00147,2023-09-30,Automation,14.159253907724787,1.2031926507212156,0
A00150,2023-09-30,Premium Support,17.318342055647786,3.6330499702012213,0
A00233,2023-09-30,Core,16.571051534139706,2.415691504923319,0
A00429,2023-09-30,Analytics,13.539774434043732,2.305572894907673,0
A00465,2023-09-30,Core,15.798395489584152,2.0194940773634156,0
A00575,2023-09-30,Core,4.288705836820093,27.45581494939476,3
A00773,2023-09-30,Automation,9.063588469368398,2.9741202956446537,2
A00790,2023-09-30,Premium Support,12.869600767660366,1.8139581919657175,0
A00801,2023-09-30,API,10.397972985572778,2.9114208930863335,0
A00845,2023-09-30,Analytics,11.820196399460366,2.1781965440492983,2
A00846,2023-09-30,Automation,15.950263399980525,2.871841570055125,1
A01180,2023-09-30,Premium Support,4.342498416809551,31.113463730997864,3
A01190,2023-09-30,Premium Support,3.140491853591591,11.938399998632832,4
A01237,2023-09-30,Automation,15.977075690814026,0.27425442461502425,1
A01266,2023-09-30,Analytics,12.246169399020397,2.513661058909496,2
A01279,2023-09-30,Core,13.605493320784346,3.4780956489826775,1
A01362,2023-09-30,Core,10.135286937074593,1.281182327627941,1
A01399,2023-09-30,Core,9.57636994428171,3.9892488107794266,2
A01409,2023-09-30,Core,1.056804573497941,19.896848961778513,2
A01532,2023-09-30,Core,17.92559317481549,2.9584763835922248,2
A01642,2023-09-30,API,9.779395239099568,2.9575747482362233,0
A01739,2023-09-30,Automation,17.69907270974511,0.6555488993201171,2
A01744,2023-09-30,Automation,13.442925161656586,2.9954175724067964,0
A01763,2023-09-30,Core,2.813948322691116,20.489394015968628,4
A01871,2023-09-30,Core,14.219111604992586,1.5520316636920106,0
A01913,2023-09-30,Premium Support,16.323369786877635,3.623508508913087,3
A02129,2023-09-30,Premium Support,17.293012774675265,0.1051820976304676,1
A02259,2023-09-30,Premium Support,13.356327147641156,1.3874648020964846,1
A02261,2023-09-30,Premium Support,15.529534184810686,3.4534229325271584,2
A02316,2023-09-30,Core,6.831235355267125,31.55788231093716,0
A02499,2023-09-30,Automation,4.976036210422064,29.358943902580773,3
A02559,2023-09-30,Core,5.405734975569901,25.541241422751668,3
A02657,2023-09-30,Core,13.414745673462352,1.8381201857916136,1
A02728,2023-09-30,Analytics,11.04045232224858,2.3917216957426577,0
A02752,2023-09-30,Automation,19.453234380068857,1.656470381692824,0
A02780,2023-09-30,Analytics,14.919425087782402,2.013940431572943,1
A02789,2023-09-30,Core,9.789752648770413,2.1926857678961467,1
A00104,2023-10-31,Automation,1.0070111072161794,31.823146150161413,3
A00147,2023-10-31,API,16.7324959437509,1.2265990393557034,2
A00150,2023-10-31,Premium Support,15.710196780853044,1.1666377941262027,0
A00233,2023-10-31,Analytics,15.43774927087713,0.6164037025670399,0
A00429,2023-10-31,Analytics,1.9510782393299153,24.892475467487827,2
A00465,2023-10-31,Analytics,13.699296168633282,1.4143133738338651,2
A00575,2023-10-31,Automation,9.285030506309495,3.3130186051227346,1
A00773,2023-10-31,Core,1.5326101964014303,35.300289762316424,6
A00790,2023-10-31,Core,17.904190201923445,2.73220624658769,0
A00801,2023-10-31,API,1.0536630666268976,23.699656598438267,5
A00845,2023-10-31,Analytics,12.884238750089406,3.031879805238409,2
A00846,2023-10-31,Analytics,3.563123910146846,30.87222747529989,10
A01180,2023-10-31,Automation,2.777041662131995,31.837515287504992,3
A01190,2023-10-31,Premium Support,13.3526321653837,1.6415825884623891,1
A01237,2023-10-31,Core,0.8536621729031348,25.568632086449846,4
A01266,2023-10-31,API,13.047861912620112,2.496773212707197,0
A01279,2023-10-31,Analytics,15.844504866690151,3.8085077030124372,0
A01362,2023-10-31,Analytics,11.300309843183207,0.9503382833331335,1
A01399,2023-10-31,Automation,14.989856380172823,1.659364065367913,2
A01409,2023-10-31,Core,16.607797896555137,1.3873998789202513,0
A01532,2023-10-31,Core,0.9513290189123511,21.087955667822506,4
A01642,2023-10-31,API,14.747805706324012,0.47565526790139434,3
A01739,2023-10-31,Core,14.210044657849108,1.2674820189725242,1
A01744,2023-10-31,Core,15.603795353425578,1.6040680822295559,1
A01871,2023-10-31,Core,12.922177700715569,3.4160910248949747,1
A01913,2023-10-31,Premium Support,13.608394321705394,2.9893116637772357,0
A02129,2023-10-31,Automation,6.146567483501048,26.94361587046339,6
A02259,2023-10-31,API,4.163690315271451,30.31858742603926,7
A02261,2023-10-31,Analytics,7.9863478420791925,1.200654069779128,0
A02499,2023-10-31,Core,14.085598433704655,1.9121773795234462,0
A02657,2023-10-31,Premium Support,15.848022985060013,2.323783701998128,2
A02728,2023-10-31,Core,13.799011473737707,4.110003431930822,1
A02752,2023-10-31,API,16.763620878341857,2.268809686355853,0
A02780,2023-10-31,Analytics,18.00612226438956,0.521994995323253,0
A02789,2023-10-31,Core,0.8079446657482414,31.043946537903004,2
A00147,2023-11-30,Analytics,2.659687188481828,34.050868548342336,6
A00150,2023-11-30,Automation,4.021818067809251,17.56230670870591,5
A00233,2023-11-30,Core,14.245499382350397,2.2623310601573827,4
A00429,2023-11-30,Premium Support,3.992826883453259,32.896412091719476,4
A00465,2023-11-30,API,13.877065288596874,1.5955113325307129,3
A00575,2023-11-30,Premium Support,10.750616924129849,2.1363060615753597,1
A00773,2023-11-30,Core,2.5792425281120366,33.29041787133944,2
A00790,2023-11-30,Core,3.120922084886602,22.864667781938937,5
A00801,2023-11-30,Premium Support,15.256282856192763,1.018566528664362,1
A00846,2023-11-30,Core,13.59118076499213,3.085622365192,2
A01180,2023-11-30,Premium Support,17.85066356184896,2.224329777821116,2
A01190,2023-11-30,Core,13.994312336520366,3.4248393145709937,3
A01266,2023-11-30,Core,4.274066576301864,19.26166133225513,2
A01279,2023-11-30,API,14.668594586503476,0.21111589139765763,1
A01362,2023-11-30,Premium Support,10.525062943729766,0.5658943969869008,0
A01399,2023-11-30,Analytics,16.507440130209318,2.7067166006573564,3
A01409,2023-11-30,Analytics,12.907410426189358,3.2005599525736415,2
A01532,2023-11-30,Core,12.667688916674047,3.0706878046761186,0
A01739,2023-11-30,Core,17.114286950240235,2.5554029360525172,2
A01744,2023-11-30,API,10.251774394103933,3.252815875496175,1
A01871,2023-11-30,API,8.744628535916988,1.392606518521792,2
A01913,2023-11-30,Automation,13.342643649750224,0.014161746852796808,2
A02261,2023-11-30,Core,14.90435573074,0.38311710709526103,1
A02499,2023-11-30,Core,16.602668012819148,0.5467816898006064,0
A02657,2023-11-30,API,14.434536749781882,0.06486835969443527,3
A02728,2023-11-30,Analytics,0.0,34.894873465280355,7
A02752,2023-11-30,API,2.7274667857725445,16.394240006033176,1
A02780,2023-11-30,Core,10.22098162856479,2.6067782388589604,1
A02789,2023-11-30,Automation,8.344418265577652,2.2942966352854572,0
A00147,2023-12-31,Automation,14.342191428346455,3.5279026088201637,1
A00233,2023-12-31,Core,18.521095052031598,0.0,1
A00429,2023-12-31,Core,14.300189071256261,3.1986769696409016,0
A00465,2023-12-31,API,18.55716811138916,0.0,1
A00575,2023-12-31,API,15.415004884452314,1.9368752850897915,2
A00790,2023-12-31,Core,0.024598235716390082,18.102693669946664,6
A00801,2023-12-31,Analytics,10.070775533937388,1.452444275148496,0
A00846,2023-12-31,Automation,14.27411469633479,2.104964961096042,3
A01180,2023-12-31,Analytics,17.94240728145867,2.53077112638059,1
A01190,2023-12-31,Core,12.294507274348781,3.4294059666788197,1
A01279,2023-12-31,API,15.099735955211978,0.6547282511632664,2
A01362,2023-12-31,Core,18.60516889056236,3.1562375681761177,0
A01399,2023-12-31,Premium Support,8.681411386422127,1.7222478869279796,2
A01409,2023-12-31,Core,15.192663359472103,1.7435349018785158,3
A01532,2023-12-31,API,15.66213847467501,3.7004331075612065,1
A01739,2023-12-31,API,15.068264138760348,2.842443218097237,0
A01744,2023-12-31,API,8.888166597166334,0.31767627761758344,0
A01871,2023-12-31,Automation,11.722217337759119,1.921667458486114,1
A01913,2023-12-31,Analytics,7.742514837271909,1.2522909604723629,0
A02261,2023-12-31,Premium Support,10.04700251750203,1.5653661872088525,1
A02499,2023-12-31,API,16.531108596525293,1.8685726292024503,0
A02657,2023-12-31,Premium Support,13.010040821084418,2.463234578781125,1
A02728,2023-12-31,Core,5.296585938304481,27.80637591546576,5
A02752,2023-12-31,Automation,16.2936318979916,1.7782476841261796,2
A02780,2023-12-31,API,10.629117024489666,1.6052937940412682,0
A02789,2023-12-31,Automation,5.402831320396697,23.221746269330456,5
A00147,2024-01-31,Analytics,15.353065925482577,2.8664133743786997,2
A00233,2024-01-31,Automation,11.871757160552223,2.331063411015387,2
A00429,2024-01-31,Core,11.004404422419329,0.6108028611250285,3
A00465,2024-01-31,API,18.87930555892831,2.06413716716544,1
A00575,2024-01-31,Analytics,13.586854274090946,2.4894487696017467,1
A00790,2024-01-31,Core,12.572823520622288,1.2273039433144373,2
A00801,2024-01-31,Analytics,14.956741844933191,1.154172846876174,2
A00846,2024-01-31,Premium Support,11.090616583635505,1.9285603137117284,1
A01180,2024-01-31,Core,0.0,31.167254934279335,5
A01190,2024-01-31,Analytics,16.375628045313725,1.4332766314500751,0
A01279,2024-01-31,Core,10.95652547458783,2.240431247267049,2
A01362,2024-01-31,API,10.012332803282728,0.7394511301438891,0
A01399,2024-01-31,Core,2.6746577675810883,21.041477940743682,5
A01409,2024-01-31,Analytics,14.777118723169222,0.17858721418273915,0
A01532,2024-01-31,Core,18.124108503126685,2.3098167536914542,0
A01739,2024-01-31,Core,15.021530446725817,2.881399757419339,3
A01744,2024-01-31,Analytics,0.0,37.25736544867091,3
A02261,2024-01-31,Core,10.931993262589629,2.5573855176201,2
A02499,2024-01-31,Analytics,4.908297993553702,22.424325314216915,6
A02657,2024-01-31,Core,10.642189472002926,0.62287283564472,1
A02728,2024-01-31,Premium Support,16.746249112752302,0.8189253114897954,3
A02752,2024-01-31,Analytics,14.340689835835471,1.637954444204104,0
A02780,2024-01-31,Core,13.844597755824278,1.851425057783521,1
A02789,2024-01-31,Core,15.516980437347966,1.2174553608180483,2
A00147,2024-02-29,Core,3.9634670843427964,23.729578759709973,1
A00233,2024-02-29,Analytics,12.311762253312754,2.8200887987911445,1
A00429,2024-02-29,Analytics,14.459000208471217,0.09064510660438652,0
A00465,2024-02-29,Automation,7.705291678560908,2.5558708237571808,2
A00575,2024-02-29,Core,16.44481528671118,1.5080631847850012,0
A00790,2024-02-29,Core,11.990979344080632,1.907014225668994,0
A00801,2024-02-29,API,13.377161948008588,0.9351704055386498,2
A00846,2024-02-29,API,9.820627728016149,1.3812095831963882,0
A01180,2024-02-29,Core,14.541146152045558,3.992322270487495,2
A01190,2024-02-29,Core,14.211384011099005,1.6616844094276149,0
A01279,2024-02-29,Core,10.176853979869701,1.989113160155915,0
A01362,2024-02-29,Premium Support,0.9173371801725883,29.10831301677988,5
A01399,2024-02-29,Premium Support,13.204451313797655,4.582849740283539,1
A01409,2024-02-29,Premium Support,17.671832413985346,2.465903049928012,1
A01532,2024-02-29,Core,11.874544329744474,1.9784978411924743,1
A01739,2024-02-29,API,5.982744777265717,23.786240100438743,5
A01744,2024-02-29,Analytics,9.588686438390218,2.354977628176592,2
A02499,2024-02-29,Automation,3.103517282247015,28.43828805126912,10
A02657,2024-02-29,Core,15.07274610213355,1.8717123027189588,0
A02728,2024-02-29,Core,15.222249718623997,0.4607666723174404,2
A02752,2024-02-29,Core,1.7500087715693793,31.483980233913055,1
A02780,2024-02-29,Analytics,19.19530825827717,1.4946787836198825,0
A02789,2024-02-29,Premium Support,1.0885249956570688,13.72846138421053,4
A00147,2024-03-31,Premium Support,19.944300849336273,1.7762667884604582,0
A00233,2024-03-31,Core,10.640162075600076,2.159267375683268,1
A00429,2024-03-31,Premium Support,14.103149788135728,0.0,3
A00465,2024-03-31,API,12.039399797203071,3.2441675702687838,1
A00575,2024-03-31,Automation,2.7308870534357634,30.486618353922218,1
A00790,2024-03-31,Analytics,15.27952346615687,3.7745254185151405,1
A00801,2024-03-31,Core,14.404093854959324,1.0506029839881952,1
A00846,2024-03-31,API,12.22574097965848,1.007214441996726,1
A01190,2024-03-31,Premium Support,12.581069645232908,2.405106995714164,2
A01279,2024-03-31,Core,11.718085336335312,2.2714202870344153,1
A01399,2024-03-31,Analytics,8.83529114825492,2.450759679828571,2
A01409,2024-03-31,Core,17.68743811019375,2.3618483090690034,2
A01532,2024-03-31,Analytics,16.005973651082506,1.8594557874268833,1
A01744,2024-03-31,Analytics,3.973090663382042,27.52965909273077,2
A02657,2024-03-31,Core,12.953550385071784,2.582278580693745,0
A02728,2024-03-31,Core,15.47012169245776,1.308352874814954,1
A02752,2024-03-31,Core,11.45705990849023,2.1192794128695835,0
A02780,2024-03-31,Core,12.291151751296361,0.3053602411018339,0
A02789,2024-03-31,Core,3.330299209301822,18.890620286842122,3
A00147,2024-04-30,Core,16.254558226801162,0.891325900271954,1
A00233,2024-04-30,Core,11.662170288863479,0.48399291916168297,1
A00429,2024-04-30,Core,11.720841397024659,1.8829282552093096,2
A00465,2024-04-30,Core,17.569045789338155,0.012517853828204695,1
A00575,2024-04-30,Core,16.22458920173644,1.2232241235465888,1
A00790,2024-04-30,Analytics,14.549466586330768,1.3671097381767363,0
A00801,2024-04-30,API,4.653493248542535,19.305880344930678,6
A00846,2024-04-30,Core,14.700767063699708,1.8026500768714697,2
A01190,2024-04-30,Core,1.3089417942530142,26.16768313164044,4
A01279,2024-04-30,Core,14.774173883984647,1.2199376349206121,0
A01399,2024-04-30,Core,17.643201532738992,1.6215703252401243,3
A01409,2024-04-30,Premium Support,10.996042331679135,2.5787413918773145,1
A01532,2024-04-30,Premium Support,13.225709669558132,0.0,1
A01744,2024-04-30,Core,15.670801149987268,2.4207229418533203,0
A02657,2024-04-30,Core,12.281983015463872,0.0,1
A02728,2024-04-30,Core,16.858505749885005,2.010598647001223,3
A02752,2024-04-30,Automation,18.028274115068626,2.5199194637314846,3
A00147,2024-05-31,Core,4.397311229951582,20.70836458403268,3
A00233,2024-05-31,Core,15.453992959257324,2.1005386238208605,1
A00429,2024-05-31,Analytics,17.52941229369817,1.3110302919419947,1
A00465,2024-05-31,Core,13.268778681767552,4.268277692603293,1
A00575,2024-05-31,API,15.258538791957495,0.6552860784645249,2
A00790,2024-05-31,API,12.378869213505753,2.4906942983217135,1
A00801,2024-05-31,Analytics,11.279980126095014,1.4166888007397034,0
A00846,2024-05-31,Core,15.384248712278328,1.8591335114374852,0
A01190,2024-05-31,Automation,16.913301064956773,3.6564122959057155,0
A01279,2024-05-31,Premium Support,16.436173218109253,2.112388492214052,1
A01399,2024-05-31,API,10.136547861137512,1.7438428004045834,1
A01409,2024-05-31,API,18.091154601465654,1.5213455978083406,0
A01532,2024-05-31,Core,15.900618503743004,2.6295140004260587,0
A01744,2024-05-31,Analytics,17.54331143379717,1.1206560402402264,2
A02657,2024-05-31,Core,5.715046761188832,33.908771913210686,4
A02752,2024-05-31,Core,16.696592561565975,1.9328383600219747,2
A00147,2024-06-30,Core,10.987969970459625,0.48712818917575595,1
A00233,2024-06-30,API,16.57865056065403,2.0525849179524496,3
A00429,2024-06-30,Core,16.36220350822498,2.1091137794539616,1
A00465,2024-06-30,Core,17.33725205301772,3.009995255776162,1
A00575,2024-06-30,Core,11.65515459995395,0.941398613921208,1
A00790,2024-06-30,API,5.551990319763907,38.58147172470822,5
A00801,2024-06-30,Core,14.660156743520822,2.3349547068996155,2
A00846,2024-06-30,Core,0.6451818285506965,37.85999635881103,6
A01190,2024-06-30,Analytics,21.136872943748127,2.219118825409108,1
A01279,2024-06-30,Analytics,16.242859731665067,2.2563020716858455,0
A01399,2024-06-30,Core,14.608303715718419,1.8720371007727825,0
A01409,2024-06-30,API,14.970577392950396,0.718656772581971,1
A01532,2024-06-30,API,17.84714750978449,1.923877841699742,0
A01744,2024-06-30,Core,14.756663866911953,0.04379201011256706,2
A02657,2024-06-30,API,8.825891076127393,2.325205505910765,0
A02752,2024-06-30,Core,13.945972481065894,2.741635700773749,0
A00147,2024-07-31,Analytics,12.101340929824817,1.318357898290456,2
A00233,2024-07-31,API,0.0,26.712374140747386,6
A00429,2024-07-31,API,5.781214370246767,25.6545019554616,2
A00465,2024-07-31,API,6.54051545605758,23.198317931371417,3
A00575,2024-07-31,Automation,1.6106738341251081,27.875128031087854,5
A00801,2024-07-31,Core,13.378878569521166,1.748456293367549,0
A01190,2024-07-31,API,0.0,28.342766070722803,6
A01279,2024-07-31,Premium Support,18.803154048968207,1.7585728102321023,0
A01399,2024-07-31,Core,12.510570552263589,2.8603308316079445,1
A01409,2024-07-31,Automation,0.3256901181667522,30.425955192084093,3
A01532,2024-07-31,API,19.051671174060917,1.4005139954921484,0
A01744,2024-07-31,Core,10.89111370611166,2.6964864605165477,2
A02657,2024-07-31,Analytics,0.6206200486976998,16.837099497926808,4
A02752,2024-07-31,Automation,16.913381085620077,2.4333451816442135,0
A00429,2024-08-31,Core,5.510399535570425,15.089202987325583,7
A00465,2024-08-31,Analytics,13.237693635136587,1.9005661371528464,1
A00801,2024-08-31,Core,3.698551993098261,29.48567015718283,7
A01190,2024-08-31,Automation,10.046494036502605,2.151166366644185,1
A01279,2024-08-31,API,10.588088063992295,1.8940044969845273,1
A01399,2024-08-31,Premium Support,14.249816627654633,1.6343404176739513,3
A01409,2024-08-31,API,17.4003587031875,2.723608365763455,0
A01532,2024-08-31,Core,14.05415732239426,2.246649537213438,0
A01744,2024-08-31,Analytics,11.043858398917497,3.469911493654542,1
A02657,2024-08-31,Premium Support,12.348882268986982,1.2522354266804399,0
A02752,2024-08-31,Core,15.351854699636515,1.7120184367104423,1
A00429,2024-09-30,Core,15.254393238718604,3.38387715246661,1
A00465,2024-09-30,API,9.755204792869899,1.9823910604236048,1
A00801,2024-09-30,Analytics,11.53856258619717,2.3098000302592134,0
A01190,2024-09-30,Core,11.980308021785158,2.5156330486347627,1
A01279,2024-09-30,Core,15.731917330140186,2.08281846620428,0
A01399,2024-09-30,Automation,12.06948265052119,1.3325201318086268,1
A01409,2024-09-30,Premium Support,14.52225110722455,4.17110185120794,1
A01532,2024-09-30,Core,13.688073994750432,1.011725330485353,0
A01744,2024-09-30,Analytics,0.0,29.288551680930045,1
A02657,2024-09-30,Analytics,16.78336132021889,1.2200707611254802,1
A02752,2024-09-30,API,14.671651093894143,2.1128946942163367,1
A00429,2024-10-31,Automation,15.983832269473277,1.3951797678958289,1
A00465,2024-10-31,Analytics,13.84955441891416,1.9828919950281285,3
A00801,2024-10-31,Core,16.616778986156064,1.4114110733835918,2
A01190,2024-10-31,Core,4.108409075235342,20.19151079167297,7
A01279,2024-10-31,Core,13.415058907544353,1.7362514446790345,1
A01399,2024-10-31,Automation,14.261911879480543,1.969323139364137,2
A01409,2024-10-31,API,16.27960202846625,2.8094488491829495,3
A01532,2024-10-31,Core,12.891171042965896,4.189978751296945,2
A01744,2024-10-31,Automation,16.72486289444682,1.7745062733832055,0
A02657,2024-10-31,API,3.9382807281236127,28.871235057351456,6
A02752,2024-10-31,Analytics,13.057678306005691,1.9234393827480818,3
A00429,2024-11-30,Core,13.690403277323618,0.9904931010885463,0
A00465,2024-11-30,Analytics,18.490479249011017,3.843296534258011,1
A00801,2024-11-30,Core,22.718116580296385,3.3649828510498283,3
A01190,2024-11-30,Analytics,15.404332696156208,1.3573196269961552,0
A01279,2024-11-30,Automation,8.775210886281076,2.5311171828068173,2
A01399,2024-11-30,Core,13.139826740822212,1.3183562757848954,1
A01409,2024-11-30,Core,19.146773438245397,3.0251153329207785,1
A01532,2024-11-30,Automation,13.308522140501235,2.4922069865696175,3
A01744,2024-11-30,Analytics,7.547967315070201,23.25040116792983,2
A02657,2024-11-30,Premium Support,5.074021180513958,20.36184165641266,5
A00429,2024-12-31,Core,11.545347699564452,0.3264731894041042,2
A00465,2024-12-31,Core,10.979801079607277,3.0882958582884568,2
A00801,2024-12-31,Core,15.219108626209431,1.1294422701890188,0
A01190,2024-12-31,Core,13.779732777926656,1.3440644955607184,0
A01279,2024-12-31,Premium Support,15.36631476988542,2.402289570618713,1
A01399,2024-12-31,Core,2.6050739497757545,32.196566970566266,4
A01409,2024-12-31,Automation,1.8399527144641203,25.763951439340516,2
A01532,2024-12-31,Core,10.617405610705124,1.7614826121933014,1
A02657,2024-12-31,Core,12.633726575969295,2.6331565252767466,1
