[2025-08-05T01:15:02.134+0000] {processor.py:156} INFO - Started process (PID=30) to work on /opt/airflow/dags/project_dag.py
[2025-08-05T01:15:02.136+0000] {processor.py:799} INFO - Processing file /opt/airflow/dags/project_dag.py for tasks to queue
[2025-08-05T01:15:02.137+0000] {logging_mixin.py:149} INFO - [2025-08-05T01:15:02.137+0000] {dagbag.py:541} INFO - Filling up the DagBag from /opt/airflow/dags/project_dag.py
[2025-08-05T01:15:02.160+0000] {processor.py:809} INFO - DAG(s) dict_keys(['saas_dag']) retrieved from /opt/airflow/dags/project_dag.py
[2025-08-05T01:15:02.300+0000] {logging_mixin.py:149} INFO - [2025-08-05T01:15:02.299+0000] {manager.py:504} INFO - Created Permission View: can read on DAG:saas_dag
[2025-08-05T01:15:02.312+0000] {logging_mixin.py:149} INFO - [2025-08-05T01:15:02.312+0000] {manager.py:504} INFO - Created Permission View: can edit on DAG:saas_dag
[2025-08-05T01:15:02.322+0000] {logging_mixin.py:149} INFO - [2025-08-05T01:15:02.321+0000] {manager.py:504} INFO - Created Permission View: can delete on DAG:saas_dag
[2025-08-05T01:15:02.322+0000] {logging_mixin.py:149} INFO - [2025-08-05T01:15:02.322+0000] {dag.py:2726} INFO - Sync 1 DAGs
[2025-08-05T01:15:02.334+0000] {logging_mixin.py:149} INFO - [2025-08-05T01:15:02.334+0000] {dag.py:2747} INFO - Creating ORM DAG for saas_dag
[2025-08-05T01:15:02.344+0000] {logging_mixin.py:149} INFO - [2025-08-05T01:15:02.344+0000] {dag.py:3486} INFO - Setting next_dagrun for saas_dag to 2025-08-05T01:15:02.148610+00:00, run_after=2025-08-05T17:55:02.148610+00:00
[2025-08-05T01:15:02.364+0000] {processor.py:178} INFO - Processing /opt/airflow/dags/project_dag.py took 0.233 seconds
[2025-08-05T01:15:33.371+0000] {processor.py:156} INFO - Started process (PID=46) to work on /opt/airflow/dags/project_dag.py
[2025-08-05T01:15:33.373+0000] {processor.py:799} INFO - Processing file /opt/airflow/dags/project_dag.py for tasks to queue
[2025-08-05T01:15:33.374+0000] {logging_mixin.py:149} INFO - [2025-08-05T01:15:33.373+0000] {dagbag.py:541} INFO - Filling up the DagBag from /opt/airflow/dags/project_dag.py
[2025-08-05T01:15:33.402+0000] {processor.py:809} INFO - DAG(s) dict_keys(['saas_dag']) retrieved from /opt/airflow/dags/project_dag.py
[2025-08-05T01:15:33.475+0000] {logging_mixin.py:149} INFO - [2025-08-05T01:15:33.475+0000] {dag.py:2726} INFO - Sync 1 DAGs
[2025-08-05T01:15:33.517+0000] {logging_mixin.py:149} INFO - [2025-08-05T01:15:33.516+0000] {dag.py:3486} INFO - Setting next_dagrun for saas_dag to 2025-08-05T01:15:33.384692+00:00, run_after=2025-08-05T17:55:33.384692+00:00
[2025-08-05T01:15:33.550+0000] {processor.py:178} INFO - Processing /opt/airflow/dags/project_dag.py took 0.183 seconds
[2025-08-05T01:16:03.836+0000] {processor.py:156} INFO - Started process (PID=50) to work on /opt/airflow/dags/project_dag.py
[2025-08-05T01:16:03.841+0000] {processor.py:799} INFO - Processing file /opt/airflow/dags/project_dag.py for tasks to queue
[2025-08-05T01:16:03.842+0000] {logging_mixin.py:149} INFO - [2025-08-05T01:16:03.842+0000] {dagbag.py:541} INFO - Filling up the DagBag from /opt/airflow/dags/project_dag.py
[2025-08-05T01:16:03.859+0000] {processor.py:809} INFO - DAG(s) dict_keys(['saas_dag']) retrieved from /opt/airflow/dags/project_dag.py
[2025-08-05T01:16:03.923+0000] {logging_mixin.py:149} INFO - [2025-08-05T01:16:03.923+0000] {dag.py:2726} INFO - Sync 1 DAGs
[2025-08-05T01:16:03.981+0000] {logging_mixin.py:149} INFO - [2025-08-05T01:16:03.981+0000] {dag.py:3486} INFO - Setting next_dagrun for saas_dag to 2025-08-05T01:16:03.849463+00:00, run_after=2025-08-05T17:56:03.849463+00:00
[2025-08-05T01:16:04.095+0000] {processor.py:178} INFO - Processing /opt/airflow/dags/project_dag.py took 0.293 seconds
[2025-08-05T01:16:35.150+0000] {processor.py:156} INFO - Started process (PID=52) to work on /opt/airflow/dags/project_dag.py
[2025-08-05T01:16:35.151+0000] {processor.py:799} INFO - Processing file /opt/airflow/dags/project_dag.py for tasks to queue
[2025-08-05T01:16:35.153+0000] {logging_mixin.py:149} INFO - [2025-08-05T01:16:35.152+0000] {dagbag.py:541} INFO - Filling up the DagBag from /opt/airflow/dags/project_dag.py
[2025-08-05T01:16:35.174+0000] {processor.py:809} INFO - DAG(s) dict_keys(['saas_dag']) retrieved from /opt/airflow/dags/project_dag.py
[2025-08-05T01:16:35.251+0000] {logging_mixin.py:149} INFO - [2025-08-05T01:16:35.251+0000] {dag.py:2726} INFO - Sync 1 DAGs
[2025-08-05T01:16:35.278+0000] {logging_mixin.py:149} INFO - [2025-08-05T01:16:35.277+0000] {dag.py:3486} INFO - Setting next_dagrun for saas_dag to 2025-08-05T01:16:35.161545+00:00, run_after=2025-08-05T17:56:35.161545+00:00
[2025-08-05T01:16:35.309+0000] {processor.py:178} INFO - Processing /opt/airflow/dags/project_dag.py took 0.163 seconds
[2025-08-05T01:17:05.487+0000] {processor.py:156} INFO - Started process (PID=53) to work on /opt/airflow/dags/project_dag.py
[2025-08-05T01:17:05.489+0000] {processor.py:799} INFO - Processing file /opt/airflow/dags/project_dag.py for tasks to queue
[2025-08-05T01:17:05.490+0000] {logging_mixin.py:149} INFO - [2025-08-05T01:17:05.490+0000] {dagbag.py:541} INFO - Filling up the DagBag from /opt/airflow/dags/project_dag.py
[2025-08-05T01:17:05.515+0000] {processor.py:809} INFO - DAG(s) dict_keys(['saas_dag']) retrieved from /opt/airflow/dags/project_dag.py
[2025-08-05T01:17:05.588+0000] {logging_mixin.py:149} INFO - [2025-08-05T01:17:05.587+0000] {dag.py:2726} INFO - Sync 1 DAGs
[2025-08-05T01:17:05.631+0000] {logging_mixin.py:149} INFO - [2025-08-05T01:17:05.630+0000] {dag.py:3486} INFO - Setting next_dagrun for saas_dag to 2025-08-05T01:17:05.498413+00:00, run_after=2025-08-05T17:57:05.498413+00:00
[2025-08-05T01:17:05.680+0000] {processor.py:178} INFO - Processing /opt/airflow/dags/project_dag.py took 0.197 seconds
[2025-08-05T01:17:35.845+0000] {processor.py:156} INFO - Started process (PID=55) to work on /opt/airflow/dags/project_dag.py
[2025-08-05T01:17:35.846+0000] {processor.py:799} INFO - Processing file /opt/airflow/dags/project_dag.py for tasks to queue
[2025-08-05T01:17:35.848+0000] {logging_mixin.py:149} INFO - [2025-08-05T01:17:35.848+0000] {dagbag.py:541} INFO - Filling up the DagBag from /opt/airflow/dags/project_dag.py
[2025-08-05T01:17:35.867+0000] {processor.py:809} INFO - DAG(s) dict_keys(['saas_dag']) retrieved from /opt/airflow/dags/project_dag.py
[2025-08-05T01:17:35.934+0000] {logging_mixin.py:149} INFO - [2025-08-05T01:17:35.934+0000] {dag.py:2726} INFO - Sync 1 DAGs
[2025-08-05T01:17:35.960+0000] {logging_mixin.py:149} INFO - [2025-08-05T01:17:35.960+0000] {dag.py:3486} INFO - Setting next_dagrun for saas_dag to 2025-08-05T01:17:35.855997+00:00, run_after=2025-08-05T17:57:35.855997+00:00
[2025-08-05T01:17:35.989+0000] {processor.py:178} INFO - Processing /opt/airflow/dags/project_dag.py took 0.149 seconds
[2025-08-05T01:18:06.299+0000] {processor.py:156} INFO - Started process (PID=58) to work on /opt/airflow/dags/project_dag.py
[2025-08-05T01:18:06.300+0000] {processor.py:799} INFO - Processing file /opt/airflow/dags/project_dag.py for tasks to queue
[2025-08-05T01:18:06.302+0000] {logging_mixin.py:149} INFO - [2025-08-05T01:18:06.302+0000] {dagbag.py:541} INFO - Filling up the DagBag from /opt/airflow/dags/project_dag.py
[2025-08-05T01:18:06.318+0000] {processor.py:809} INFO - DAG(s) dict_keys(['saas_dag']) retrieved from /opt/airflow/dags/project_dag.py
[2025-08-05T01:18:06.375+0000] {logging_mixin.py:149} INFO - [2025-08-05T01:18:06.375+0000] {dag.py:2726} INFO - Sync 1 DAGs
[2025-08-05T01:18:06.394+0000] {logging_mixin.py:149} INFO - [2025-08-05T01:18:06.394+0000] {dag.py:3486} INFO - Setting next_dagrun for saas_dag to 2025-08-05T01:18:06.308330+00:00, run_after=2025-08-05T17:58:06.308330+00:00
[2025-08-05T01:18:06.418+0000] {processor.py:178} INFO - Processing /opt/airflow/dags/project_dag.py took 0.123 seconds
[2025-08-05T01:18:37.193+0000] {processor.py:156} INFO - Started process (PID=59) to work on /opt/airflow/dags/project_dag.py
[2025-08-05T01:18:37.194+0000] {processor.py:799} INFO - Processing file /opt/airflow/dags/project_dag.py for tasks to queue
[2025-08-05T01:18:37.195+0000] {logging_mixin.py:149} INFO - [2025-08-05T01:18:37.195+0000] {dagbag.py:541} INFO - Filling up the DagBag from /opt/airflow/dags/project_dag.py
[2025-08-05T01:18:37.214+0000] {processor.py:809} INFO - DAG(s) dict_keys(['saas_dag']) retrieved from /opt/airflow/dags/project_dag.py
[2025-08-05T01:18:37.268+0000] {logging_mixin.py:149} INFO - [2025-08-05T01:18:37.268+0000] {dag.py:2726} INFO - Sync 1 DAGs
[2025-08-05T01:18:37.286+0000] {logging_mixin.py:149} INFO - [2025-08-05T01:18:37.286+0000] {dag.py:3486} INFO - Setting next_dagrun for saas_dag to 2025-08-05T01:18:37.204235+00:00, run_after=2025-08-05T17:58:37.204235+00:00
[2025-08-05T01:18:37.310+0000] {processor.py:178} INFO - Processing /opt/airflow/dags/project_dag.py took 0.123 seconds
[2025-08-05T01:19:07.536+0000] {processor.py:156} INFO - Started process (PID=60) to work on /opt/airflow/dags/project_dag.py
[2025-08-05T01:19:07.538+0000] {processor.py:799} INFO - Processing file /opt/airflow/dags/project_dag.py for tasks to queue
[2025-08-05T01:19:07.539+0000] {logging_mixin.py:149} INFO - [2025-08-05T01:19:07.539+0000] {dagbag.py:541} INFO - Filling up the DagBag from /opt/airflow/dags/project_dag.py
[2025-08-05T01:19:07.558+0000] {processor.py:809} INFO - DAG(s) dict_keys(['saas_dag']) retrieved from /opt/airflow/dags/project_dag.py
[2025-08-05T01:19:07.625+0000] {logging_mixin.py:149} INFO - [2025-08-05T01:19:07.625+0000] {dag.py:2726} INFO - Sync 1 DAGs
[2025-08-05T01:19:07.646+0000] {logging_mixin.py:149} INFO - [2025-08-05T01:19:07.646+0000] {dag.py:3486} INFO - Setting next_dagrun for saas_dag to 2025-08-05T01:19:07.546001+00:00, run_after=2025-08-05T17:59:07.546001+00:00
[2025-08-05T01:19:07.673+0000] {processor.py:178} INFO - Processing /opt/airflow/dags/project_dag.py took 0.141 seconds
[2025-08-05T01:19:37.887+0000] {processor.py:156} INFO - Started process (PID=61) to work on /opt/airflow/dags/project_dag.py
[2025-08-05T01:19:37.889+0000] {processor.py:799} INFO - Processing file /opt/airflow/dags/project_dag.py for tasks to queue
[2025-08-05T01:19:37.890+0000] {logging_mixin.py:149} INFO - [2025-08-05T01:19:37.890+0000] {dagbag.py:541} INFO - Filling up the DagBag from /opt/airflow/dags/project_dag.py
[2025-08-05T01:19:37.907+0000] {processor.py:809} INFO - DAG(s) dict_keys(['saas_dag']) retrieved from /opt/airflow/dags/project_dag.py
[2025-08-05T01:19:37.972+0000] {logging_mixin.py:149} INFO - [2025-08-05T01:19:37.972+0000] {dag.py:2726} INFO - Sync 1 DAGs
[2025-08-05T01:19:37.991+0000] {logging_mixin.py:149} INFO - [2025-08-05T01:19:37.991+0000] {dag.py:3486} INFO - Setting next_dagrun for saas_dag to 2025-08-05T01:19:37.897174+00:00, run_after=2025-08-05T17:59:37.897174+00:00
[2025-08-05T01:19:38.015+0000] {processor.py:178} INFO - Processing /opt/airflow/dags/project_dag.py took 0.133 seconds
[2025-08-05T01:20:08.172+0000] {processor.py:156} INFO - Started process (PID=62) to work on /opt/airflow/dags/project_dag.py
[2025-08-05T01:20:08.174+0000] {processor.py:799} INFO - Processing file /opt/airflow/dags/project_dag.py for tasks to queue
[2025-08-05T01:20:08.175+0000] {logging_mixin.py:149} INFO - [2025-08-05T01:20:08.175+0000] {dagbag.py:541} INFO - Filling up the DagBag from /opt/airflow/dags/project_dag.py
[2025-08-05T01:20:08.192+0000] {processor.py:809} INFO - DAG(s) dict_keys(['saas_dag']) retrieved from /opt/airflow/dags/project_dag.py
[2025-08-05T01:20:08.255+0000] {logging_mixin.py:149} INFO - [2025-08-05T01:20:08.255+0000] {dag.py:2726} INFO - Sync 1 DAGs
[2025-08-05T01:20:08.280+0000] {logging_mixin.py:149} INFO - [2025-08-05T01:20:08.279+0000] {dag.py:3486} INFO - Setting next_dagrun for saas_dag to 2025-08-05T01:20:08.182531+00:00, run_after=2025-08-05T18:00:08.182531+00:00
[2025-08-05T01:20:08.305+0000] {processor.py:178} INFO - Processing /opt/airflow/dags/project_dag.py took 0.138 seconds
[2025-08-05T01:20:38.504+0000] {processor.py:156} INFO - Started process (PID=63) to work on /opt/airflow/dags/project_dag.py
[2025-08-05T01:20:38.506+0000] {processor.py:799} INFO - Processing file /opt/airflow/dags/project_dag.py for tasks to queue
[2025-08-05T01:20:38.507+0000] {logging_mixin.py:149} INFO - [2025-08-05T01:20:38.507+0000] {dagbag.py:541} INFO - Filling up the DagBag from /opt/airflow/dags/project_dag.py
[2025-08-05T01:20:38.526+0000] {processor.py:809} INFO - DAG(s) dict_keys(['saas_dag']) retrieved from /opt/airflow/dags/project_dag.py
[2025-08-05T01:20:38.590+0000] {logging_mixin.py:149} INFO - [2025-08-05T01:20:38.589+0000] {dag.py:2726} INFO - Sync 1 DAGs
[2025-08-05T01:20:38.610+0000] {logging_mixin.py:149} INFO - [2025-08-05T01:20:38.610+0000] {dag.py:3486} INFO - Setting next_dagrun for saas_dag to 2025-08-05T01:20:38.515541+00:00, run_after=2025-08-05T18:00:38.515541+00:00
[2025-08-05T01:20:38.635+0000] {processor.py:178} INFO - Processing /opt/airflow/dags/project_dag.py took 0.136 seconds
[2025-08-05T01:21:08.856+0000] {processor.py:156} INFO - Started process (PID=70) to work on /opt/airflow/dags/project_dag.py
[2025-08-05T01:21:08.857+0000] {processor.py:799} INFO - Processing file /opt/airflow/dags/project_dag.py for tasks to queue
[2025-08-05T01:21:08.858+0000] {logging_mixin.py:149} INFO - [2025-08-05T01:21:08.858+0000] {dagbag.py:541} INFO - Filling up the DagBag from /opt/airflow/dags/project_dag.py
[2025-08-05T01:21:08.878+0000] {processor.py:809} INFO - DAG(s) dict_keys(['saas_dag']) retrieved from /opt/airflow/dags/project_dag.py
[2025-08-05T01:21:08.936+0000] {logging_mixin.py:149} INFO - [2025-08-05T01:21:08.936+0000] {dag.py:2726} INFO - Sync 1 DAGs
[2025-08-05T01:21:08.958+0000] {logging_mixin.py:149} INFO - [2025-08-05T01:21:08.958+0000] {dag.py:3486} INFO - Setting next_dagrun for saas_dag to 2025-08-05T01:21:08.866201+00:00, run_after=2025-08-05T18:01:08.866201+00:00
[2025-08-05T01:21:08.986+0000] {processor.py:178} INFO - Processing /opt/airflow/dags/project_dag.py took 0.135 seconds
[2025-08-05T01:21:39.214+0000] {processor.py:156} INFO - Started process (PID=71) to work on /opt/airflow/dags/project_dag.py
[2025-08-05T01:21:39.215+0000] {processor.py:799} INFO - Processing file /opt/airflow/dags/project_dag.py for tasks to queue
[2025-08-05T01:21:39.216+0000] {logging_mixin.py:149} INFO - [2025-08-05T01:21:39.216+0000] {dagbag.py:541} INFO - Filling up the DagBag from /opt/airflow/dags/project_dag.py
[2025-08-05T01:21:39.234+0000] {processor.py:809} INFO - DAG(s) dict_keys(['saas_dag']) retrieved from /opt/airflow/dags/project_dag.py
[2025-08-05T01:21:39.291+0000] {logging_mixin.py:149} INFO - [2025-08-05T01:21:39.290+0000] {dag.py:2726} INFO - Sync 1 DAGs
[2025-08-05T01:21:39.311+0000] {logging_mixin.py:149} INFO - [2025-08-05T01:21:39.311+0000] {dag.py:3486} INFO - Setting next_dagrun for saas_dag to 2025-08-05T01:21:39.224127+00:00, run_after=2025-08-05T18:01:39.224127+00:00
[2025-08-05T01:21:39.338+0000] {processor.py:178} INFO - Processing /opt/airflow/dags/project_dag.py took 0.128 seconds
[2025-08-05T01:22:09.545+0000] {processor.py:156} INFO - Started process (PID=72) to work on /opt/airflow/dags/project_dag.py
[2025-08-05T01:22:09.547+0000] {processor.py:799} INFO - Processing file /opt/airflow/dags/project_dag.py for tasks to queue
[2025-08-05T01:22:09.548+0000] {logging_mixin.py:149} INFO - [2025-08-05T01:22:09.548+0000] {dagbag.py:541} INFO - Filling up the DagBag from /opt/airflow/dags/project_dag.py
[2025-08-05T01:22:09.569+0000] {processor.py:809} INFO - DAG(s) dict_keys(['saas_dag']) retrieved from /opt/airflow/dags/project_dag.py
[2025-08-05T01:22:09.639+0000] {logging_mixin.py:149} INFO - [2025-08-05T01:22:09.639+0000] {dag.py:2726} INFO - Sync 1 DAGs
[2025-08-05T01:22:09.662+0000] {logging_mixin.py:149} INFO - [2025-08-05T01:22:09.662+0000] {dag.py:3486} INFO - Setting next_dagrun for saas_dag to 2025-08-05T01:22:09.556303+00:00, run_after=2025-08-05T18:02:09.556303+00:00
[2025-08-05T01:22:09.692+0000] {processor.py:178} INFO - Processing /opt/airflow/dags/project_dag.py took 0.150 seconds
[2025-08-05T01:22:39.891+0000] {processor.py:156} INFO - Started process (PID=73) to work on /opt/airflow/dags/project_dag.py
[2025-08-05T01:22:39.893+0000] {processor.py:799} INFO - Processing file /opt/airflow/dags/project_dag.py for tasks to queue
[2025-08-05T01:22:39.894+0000] {logging_mixin.py:149} INFO - [2025-08-05T01:22:39.894+0000] {dagbag.py:541} INFO - Filling up the DagBag from /opt/airflow/dags/project_dag.py
[2025-08-05T01:22:39.915+0000] {processor.py:809} INFO - DAG(s) dict_keys(['saas_dag']) retrieved from /opt/airflow/dags/project_dag.py
[2025-08-05T01:22:39.998+0000] {logging_mixin.py:149} INFO - [2025-08-05T01:22:39.998+0000] {dag.py:2726} INFO - Sync 1 DAGs
[2025-08-05T01:22:40.020+0000] {logging_mixin.py:149} INFO - [2025-08-05T01:22:40.020+0000] {dag.py:3486} INFO - Setting next_dagrun for saas_dag to 2025-08-05T01:22:39.902930+00:00, run_after=2025-08-05T18:02:39.902930+00:00
[2025-08-05T01:22:40.052+0000] {processor.py:178} INFO - Processing /opt/airflow/dags/project_dag.py took 0.165 seconds
[2025-08-05T01:23:10.266+0000] {processor.py:156} INFO - Started process (PID=74) to work on /opt/airflow/dags/project_dag.py
[2025-08-05T01:23:10.267+0000] {processor.py:799} INFO - Processing file /opt/airflow/dags/project_dag.py for tasks to queue
[2025-08-05T01:23:10.268+0000] {logging_mixin.py:149} INFO - [2025-08-05T01:23:10.268+0000] {dagbag.py:541} INFO - Filling up the DagBag from /opt/airflow/dags/project_dag.py
[2025-08-05T01:23:10.286+0000] {processor.py:809} INFO - DAG(s) dict_keys(['saas_dag']) retrieved from /opt/airflow/dags/project_dag.py
[2025-08-05T01:23:10.368+0000] {logging_mixin.py:149} INFO - [2025-08-05T01:23:10.360+0000] {dag.py:2726} INFO - Sync 1 DAGs
[2025-08-05T01:23:10.397+0000] {logging_mixin.py:149} INFO - [2025-08-05T01:23:10.397+0000] {dag.py:3486} INFO - Setting next_dagrun for saas_dag to 2025-08-05T01:23:10.275752+00:00, run_after=2025-08-05T18:03:10.275752+00:00
[2025-08-05T01:23:10.428+0000] {processor.py:178} INFO - Processing /opt/airflow/dags/project_dag.py took 0.167 seconds
[2025-08-05T01:23:40.591+0000] {processor.py:156} INFO - Started process (PID=75) to work on /opt/airflow/dags/project_dag.py
[2025-08-05T01:23:40.592+0000] {processor.py:799} INFO - Processing file /opt/airflow/dags/project_dag.py for tasks to queue
[2025-08-05T01:23:40.594+0000] {logging_mixin.py:149} INFO - [2025-08-05T01:23:40.593+0000] {dagbag.py:541} INFO - Filling up the DagBag from /opt/airflow/dags/project_dag.py
[2025-08-05T01:23:40.610+0000] {processor.py:809} INFO - DAG(s) dict_keys(['saas_dag']) retrieved from /opt/airflow/dags/project_dag.py
[2025-08-05T01:23:40.663+0000] {logging_mixin.py:149} INFO - [2025-08-05T01:23:40.663+0000] {dag.py:2726} INFO - Sync 1 DAGs
[2025-08-05T01:23:40.683+0000] {logging_mixin.py:149} INFO - [2025-08-05T01:23:40.683+0000] {dag.py:3486} INFO - Setting next_dagrun for saas_dag to 2025-08-05T01:23:40.600932+00:00, run_after=2025-08-05T18:03:40.600932+00:00
[2025-08-05T01:23:40.707+0000] {processor.py:178} INFO - Processing /opt/airflow/dags/project_dag.py took 0.120 seconds
[2025-08-05T01:24:10.946+0000] {processor.py:156} INFO - Started process (PID=76) to work on /opt/airflow/dags/project_dag.py
[2025-08-05T01:24:10.948+0000] {processor.py:799} INFO - Processing file /opt/airflow/dags/project_dag.py for tasks to queue
[2025-08-05T01:24:10.949+0000] {logging_mixin.py:149} INFO - [2025-08-05T01:24:10.949+0000] {dagbag.py:541} INFO - Filling up the DagBag from /opt/airflow/dags/project_dag.py
[2025-08-05T01:24:10.969+0000] {processor.py:809} INFO - DAG(s) dict_keys(['saas_dag']) retrieved from /opt/airflow/dags/project_dag.py
[2025-08-05T01:24:11.070+0000] {logging_mixin.py:149} INFO - [2025-08-05T01:24:11.070+0000] {dag.py:2726} INFO - Sync 1 DAGs
[2025-08-05T01:24:11.097+0000] {logging_mixin.py:149} INFO - [2025-08-05T01:24:11.097+0000] {dag.py:3486} INFO - Setting next_dagrun for saas_dag to 2025-08-05T01:24:10.956438+00:00, run_after=2025-08-05T18:04:10.956438+00:00
[2025-08-05T01:24:11.128+0000] {processor.py:178} INFO - Processing /opt/airflow/dags/project_dag.py took 0.188 seconds
[2025-08-05T01:24:41.278+0000] {processor.py:156} INFO - Started process (PID=77) to work on /opt/airflow/dags/project_dag.py
[2025-08-05T01:24:41.279+0000] {processor.py:799} INFO - Processing file /opt/airflow/dags/project_dag.py for tasks to queue
[2025-08-05T01:24:41.281+0000] {logging_mixin.py:149} INFO - [2025-08-05T01:24:41.281+0000] {dagbag.py:541} INFO - Filling up the DagBag from /opt/airflow/dags/project_dag.py
[2025-08-05T01:24:41.298+0000] {processor.py:809} INFO - DAG(s) dict_keys(['saas_dag']) retrieved from /opt/airflow/dags/project_dag.py
[2025-08-05T01:24:41.360+0000] {logging_mixin.py:149} INFO - [2025-08-05T01:24:41.360+0000] {dag.py:2726} INFO - Sync 1 DAGs
[2025-08-05T01:24:41.382+0000] {logging_mixin.py:149} INFO - [2025-08-05T01:24:41.382+0000] {dag.py:3486} INFO - Setting next_dagrun for saas_dag to 2025-08-05T01:24:41.288833+00:00, run_after=2025-08-05T18:04:41.288833+00:00
[2025-08-05T01:24:41.411+0000] {processor.py:178} INFO - Processing /opt/airflow/dags/project_dag.py took 0.137 seconds
[2025-08-05T01:25:11.544+0000] {processor.py:156} INFO - Started process (PID=78) to work on /opt/airflow/dags/project_dag.py
[2025-08-05T01:25:11.545+0000] {processor.py:799} INFO - Processing file /opt/airflow/dags/project_dag.py for tasks to queue
[2025-08-05T01:25:11.546+0000] {logging_mixin.py:149} INFO - [2025-08-05T01:25:11.546+0000] {dagbag.py:541} INFO - Filling up the DagBag from /opt/airflow/dags/project_dag.py
[2025-08-05T01:25:11.566+0000] {processor.py:809} INFO - DAG(s) dict_keys(['saas_dag']) retrieved from /opt/airflow/dags/project_dag.py
[2025-08-05T01:25:11.676+0000] {logging_mixin.py:149} INFO - [2025-08-05T01:25:11.676+0000] {dag.py:2726} INFO - Sync 1 DAGs
[2025-08-05T01:25:11.705+0000] {logging_mixin.py:149} INFO - [2025-08-05T01:25:11.704+0000] {dag.py:3486} INFO - Setting next_dagrun for saas_dag to 2025-08-05T01:25:11.552440+00:00, run_after=2025-08-05T18:05:11.552440+00:00
[2025-08-05T01:25:11.741+0000] {processor.py:178} INFO - Processing /opt/airflow/dags/project_dag.py took 0.202 seconds
[2025-08-05T01:25:41.998+0000] {processor.py:156} INFO - Started process (PID=79) to work on /opt/airflow/dags/project_dag.py
[2025-08-05T01:25:41.999+0000] {processor.py:799} INFO - Processing file /opt/airflow/dags/project_dag.py for tasks to queue
[2025-08-05T01:25:42.001+0000] {logging_mixin.py:149} INFO - [2025-08-05T01:25:42.000+0000] {dagbag.py:541} INFO - Filling up the DagBag from /opt/airflow/dags/project_dag.py
[2025-08-05T01:25:42.017+0000] {processor.py:809} INFO - DAG(s) dict_keys(['saas_dag']) retrieved from /opt/airflow/dags/project_dag.py
[2025-08-05T01:25:42.068+0000] {logging_mixin.py:149} INFO - [2025-08-05T01:25:42.068+0000] {dag.py:2726} INFO - Sync 1 DAGs
[2025-08-05T01:25:42.088+0000] {logging_mixin.py:149} INFO - [2025-08-05T01:25:42.088+0000] {dag.py:3486} INFO - Setting next_dagrun for saas_dag to 2025-08-05T01:25:42.007772+00:00, run_after=2025-08-05T18:05:42.007772+00:00
[2025-08-05T01:25:42.110+0000] {processor.py:178} INFO - Processing /opt/airflow/dags/project_dag.py took 0.118 seconds
[2025-08-05T01:26:12.347+0000] {processor.py:156} INFO - Started process (PID=80) to work on /opt/airflow/dags/project_dag.py
[2025-08-05T01:26:12.348+0000] {processor.py:799} INFO - Processing file /opt/airflow/dags/project_dag.py for tasks to queue
[2025-08-05T01:26:12.349+0000] {logging_mixin.py:149} INFO - [2025-08-05T01:26:12.349+0000] {dagbag.py:541} INFO - Filling up the DagBag from /opt/airflow/dags/project_dag.py
[2025-08-05T01:26:12.370+0000] {processor.py:809} INFO - DAG(s) dict_keys(['saas_dag']) retrieved from /opt/airflow/dags/project_dag.py
[2025-08-05T01:26:12.432+0000] {logging_mixin.py:149} INFO - [2025-08-05T01:26:12.432+0000] {dag.py:2726} INFO - Sync 1 DAGs
[2025-08-05T01:26:12.452+0000] {logging_mixin.py:149} INFO - [2025-08-05T01:26:12.451+0000] {dag.py:3486} INFO - Setting next_dagrun for saas_dag to 2025-08-05T01:26:12.356028+00:00, run_after=2025-08-05T18:06:12.356028+00:00
[2025-08-05T01:26:12.475+0000] {processor.py:178} INFO - Processing /opt/airflow/dags/project_dag.py took 0.131 seconds
[2025-08-05T01:26:42.700+0000] {processor.py:156} INFO - Started process (PID=81) to work on /opt/airflow/dags/project_dag.py
[2025-08-05T01:26:42.701+0000] {processor.py:799} INFO - Processing file /opt/airflow/dags/project_dag.py for tasks to queue
[2025-08-05T01:26:42.702+0000] {logging_mixin.py:149} INFO - [2025-08-05T01:26:42.702+0000] {dagbag.py:541} INFO - Filling up the DagBag from /opt/airflow/dags/project_dag.py
[2025-08-05T01:26:42.719+0000] {processor.py:809} INFO - DAG(s) dict_keys(['saas_dag']) retrieved from /opt/airflow/dags/project_dag.py
[2025-08-05T01:26:42.772+0000] {logging_mixin.py:149} INFO - [2025-08-05T01:26:42.771+0000] {dag.py:2726} INFO - Sync 1 DAGs
[2025-08-05T01:26:42.790+0000] {logging_mixin.py:149} INFO - [2025-08-05T01:26:42.789+0000] {dag.py:3486} INFO - Setting next_dagrun for saas_dag to 2025-08-05T01:26:42.709593+00:00, run_after=2025-08-05T18:06:42.709593+00:00
[2025-08-05T01:26:42.814+0000] {processor.py:178} INFO - Processing /opt/airflow/dags/project_dag.py took 0.120 seconds
[2025-08-05T01:27:03.813+0000] {processor.py:156} INFO - Started process (PID=82) to work on /opt/airflow/dags/project_dag.py
[2025-08-05T01:27:03.815+0000] {processor.py:799} INFO - Processing file /opt/airflow/dags/project_dag.py for tasks to queue
[2025-08-05T01:27:03.816+0000] {logging_mixin.py:149} INFO - [2025-08-05T01:27:03.816+0000] {dagbag.py:541} INFO - Filling up the DagBag from /opt/airflow/dags/project_dag.py
[2025-08-05T01:27:03.845+0000] {processor.py:809} INFO - DAG(s) dict_keys(['saas_dag']) retrieved from /opt/airflow/dags/project_dag.py
[2025-08-05T01:27:03.858+0000] {logging_mixin.py:149} INFO - [2025-08-05T01:27:03.858+0000] {dag.py:2726} INFO - Sync 1 DAGs
[2025-08-05T01:27:03.896+0000] {logging_mixin.py:149} INFO - [2025-08-05T01:27:03.896+0000] {dag.py:3486} INFO - Setting next_dagrun for saas_dag to 2025-08-05T01:27:03.828013+00:00, run_after=2025-08-05T18:07:03.828013+00:00
[2025-08-05T01:27:03.935+0000] {processor.py:178} INFO - Processing /opt/airflow/dags/project_dag.py took 0.127 seconds
[2025-08-05T01:27:34.673+0000] {processor.py:156} INFO - Started process (PID=83) to work on /opt/airflow/dags/project_dag.py
[2025-08-05T01:27:34.675+0000] {processor.py:799} INFO - Processing file /opt/airflow/dags/project_dag.py for tasks to queue
[2025-08-05T01:27:34.677+0000] {logging_mixin.py:149} INFO - [2025-08-05T01:27:34.676+0000] {dagbag.py:541} INFO - Filling up the DagBag from /opt/airflow/dags/project_dag.py
[2025-08-05T01:27:34.698+0000] {processor.py:809} INFO - DAG(s) dict_keys(['saas_dag']) retrieved from /opt/airflow/dags/project_dag.py
[2025-08-05T01:27:34.758+0000] {logging_mixin.py:149} INFO - [2025-08-05T01:27:34.758+0000] {dag.py:2726} INFO - Sync 1 DAGs
[2025-08-05T01:27:34.781+0000] {logging_mixin.py:149} INFO - [2025-08-05T01:27:34.780+0000] {dag.py:3486} INFO - Setting next_dagrun for saas_dag to 2025-08-05T01:27:34.685164+00:00, run_after=2025-08-05T18:07:34.685164+00:00
[2025-08-05T01:27:34.816+0000] {processor.py:178} INFO - Processing /opt/airflow/dags/project_dag.py took 0.149 seconds
[2025-08-05T01:28:04.935+0000] {processor.py:156} INFO - Started process (PID=84) to work on /opt/airflow/dags/project_dag.py
[2025-08-05T01:28:04.936+0000] {processor.py:799} INFO - Processing file /opt/airflow/dags/project_dag.py for tasks to queue
[2025-08-05T01:28:04.938+0000] {logging_mixin.py:149} INFO - [2025-08-05T01:28:04.937+0000] {dagbag.py:541} INFO - Filling up the DagBag from /opt/airflow/dags/project_dag.py
[2025-08-05T01:28:04.965+0000] {processor.py:809} INFO - DAG(s) dict_keys(['saas_dag']) retrieved from /opt/airflow/dags/project_dag.py
[2025-08-05T01:28:05.053+0000] {logging_mixin.py:149} INFO - [2025-08-05T01:28:05.053+0000] {dag.py:2726} INFO - Sync 1 DAGs
[2025-08-05T01:28:05.086+0000] {logging_mixin.py:149} INFO - [2025-08-05T01:28:05.085+0000] {dag.py:3486} INFO - Setting next_dagrun for saas_dag to 2025-08-05T01:28:04.947764+00:00, run_after=2025-08-05T18:08:04.947764+00:00
[2025-08-05T01:28:05.127+0000] {processor.py:178} INFO - Processing /opt/airflow/dags/project_dag.py took 0.198 seconds
[2025-08-05T01:28:35.526+0000] {processor.py:156} INFO - Started process (PID=85) to work on /opt/airflow/dags/project_dag.py
[2025-08-05T01:28:35.528+0000] {processor.py:799} INFO - Processing file /opt/airflow/dags/project_dag.py for tasks to queue
[2025-08-05T01:28:35.529+0000] {logging_mixin.py:149} INFO - [2025-08-05T01:28:35.529+0000] {dagbag.py:541} INFO - Filling up the DagBag from /opt/airflow/dags/project_dag.py
[2025-08-05T01:28:35.546+0000] {processor.py:809} INFO - DAG(s) dict_keys(['saas_dag']) retrieved from /opt/airflow/dags/project_dag.py
[2025-08-05T01:28:35.615+0000] {logging_mixin.py:149} INFO - [2025-08-05T01:28:35.615+0000] {dag.py:2726} INFO - Sync 1 DAGs
[2025-08-05T01:28:35.643+0000] {logging_mixin.py:149} INFO - [2025-08-05T01:28:35.643+0000] {dag.py:3486} INFO - Setting next_dagrun for saas_dag to 2025-08-05T01:28:35.535761+00:00, run_after=2025-08-05T18:08:35.535761+00:00
[2025-08-05T01:28:35.678+0000] {processor.py:178} INFO - Processing /opt/airflow/dags/project_dag.py took 0.157 seconds
[2025-08-05T01:29:06.157+0000] {processor.py:156} INFO - Started process (PID=86) to work on /opt/airflow/dags/project_dag.py
[2025-08-05T01:29:06.164+0000] {processor.py:799} INFO - Processing file /opt/airflow/dags/project_dag.py for tasks to queue
[2025-08-05T01:29:06.165+0000] {logging_mixin.py:149} INFO - [2025-08-05T01:29:06.165+0000] {dagbag.py:541} INFO - Filling up the DagBag from /opt/airflow/dags/project_dag.py
[2025-08-05T01:29:06.196+0000] {processor.py:809} INFO - DAG(s) dict_keys(['saas_dag']) retrieved from /opt/airflow/dags/project_dag.py
[2025-08-05T01:29:06.280+0000] {logging_mixin.py:149} INFO - [2025-08-05T01:29:06.280+0000] {dag.py:2726} INFO - Sync 1 DAGs
[2025-08-05T01:29:06.309+0000] {logging_mixin.py:149} INFO - [2025-08-05T01:29:06.309+0000] {dag.py:3486} INFO - Setting next_dagrun for saas_dag to 2025-08-05T01:29:06.176648+00:00, run_after=2025-08-05T18:09:06.176648+00:00
[2025-08-05T01:29:06.381+0000] {processor.py:178} INFO - Processing /opt/airflow/dags/project_dag.py took 0.238 seconds
[2025-08-05T01:29:37.538+0000] {processor.py:156} INFO - Started process (PID=121) to work on /opt/airflow/dags/project_dag.py
[2025-08-05T01:29:37.539+0000] {processor.py:799} INFO - Processing file /opt/airflow/dags/project_dag.py for tasks to queue
[2025-08-05T01:29:37.540+0000] {logging_mixin.py:149} INFO - [2025-08-05T01:29:37.540+0000] {dagbag.py:541} INFO - Filling up the DagBag from /opt/airflow/dags/project_dag.py
[2025-08-05T01:29:37.558+0000] {processor.py:809} INFO - DAG(s) dict_keys(['saas_dag']) retrieved from /opt/airflow/dags/project_dag.py
[2025-08-05T01:29:37.613+0000] {logging_mixin.py:149} INFO - [2025-08-05T01:29:37.612+0000] {dag.py:2726} INFO - Sync 1 DAGs
[2025-08-05T01:29:37.632+0000] {logging_mixin.py:149} INFO - [2025-08-05T01:29:37.632+0000] {dag.py:3486} INFO - Setting next_dagrun for saas_dag to 2025-08-05T01:29:37.547396+00:00, run_after=2025-08-05T18:09:37.547396+00:00
[2025-08-05T01:29:37.656+0000] {processor.py:178} INFO - Processing /opt/airflow/dags/project_dag.py took 0.123 seconds
[2025-08-05T01:30:08.084+0000] {processor.py:156} INFO - Started process (PID=122) to work on /opt/airflow/dags/project_dag.py
[2025-08-05T01:30:08.086+0000] {processor.py:799} INFO - Processing file /opt/airflow/dags/project_dag.py for tasks to queue
[2025-08-05T01:30:08.087+0000] {logging_mixin.py:149} INFO - [2025-08-05T01:30:08.086+0000] {dagbag.py:541} INFO - Filling up the DagBag from /opt/airflow/dags/project_dag.py
[2025-08-05T01:30:08.108+0000] {processor.py:809} INFO - DAG(s) dict_keys(['saas_dag']) retrieved from /opt/airflow/dags/project_dag.py
[2025-08-05T01:30:08.176+0000] {logging_mixin.py:149} INFO - [2025-08-05T01:30:08.176+0000] {dag.py:2726} INFO - Sync 1 DAGs
[2025-08-05T01:30:08.207+0000] {logging_mixin.py:149} INFO - [2025-08-05T01:30:08.207+0000] {dag.py:3486} INFO - Setting next_dagrun for saas_dag to 2025-08-05T01:30:08.095334+00:00, run_after=2025-08-05T18:10:08.095334+00:00
[2025-08-05T01:30:08.239+0000] {processor.py:178} INFO - Processing /opt/airflow/dags/project_dag.py took 0.159 seconds
[2025-08-05T01:30:38.652+0000] {processor.py:156} INFO - Started process (PID=129) to work on /opt/airflow/dags/project_dag.py
[2025-08-05T01:30:38.654+0000] {processor.py:799} INFO - Processing file /opt/airflow/dags/project_dag.py for tasks to queue
[2025-08-05T01:30:38.655+0000] {logging_mixin.py:149} INFO - [2025-08-05T01:30:38.655+0000] {dagbag.py:541} INFO - Filling up the DagBag from /opt/airflow/dags/project_dag.py
[2025-08-05T01:30:38.671+0000] {processor.py:809} INFO - DAG(s) dict_keys(['saas_dag']) retrieved from /opt/airflow/dags/project_dag.py
[2025-08-05T01:30:38.726+0000] {logging_mixin.py:149} INFO - [2025-08-05T01:30:38.725+0000] {dag.py:2726} INFO - Sync 1 DAGs
[2025-08-05T01:30:38.744+0000] {logging_mixin.py:149} INFO - [2025-08-05T01:30:38.744+0000] {dag.py:3486} INFO - Setting next_dagrun for saas_dag to 2025-08-05T01:30:38.662282+00:00, run_after=2025-08-05T18:10:38.662282+00:00
[2025-08-05T01:30:38.768+0000] {processor.py:178} INFO - Processing /opt/airflow/dags/project_dag.py took 0.121 seconds
[2025-08-05T01:31:09.125+0000] {processor.py:156} INFO - Started process (PID=130) to work on /opt/airflow/dags/project_dag.py
[2025-08-05T01:31:09.128+0000] {processor.py:799} INFO - Processing file /opt/airflow/dags/project_dag.py for tasks to queue
[2025-08-05T01:31:09.130+0000] {logging_mixin.py:149} INFO - [2025-08-05T01:31:09.130+0000] {dagbag.py:541} INFO - Filling up the DagBag from /opt/airflow/dags/project_dag.py
[2025-08-05T01:31:09.149+0000] {processor.py:809} INFO - DAG(s) dict_keys(['saas_dag']) retrieved from /opt/airflow/dags/project_dag.py
[2025-08-05T01:31:09.215+0000] {logging_mixin.py:149} INFO - [2025-08-05T01:31:09.215+0000] {dag.py:2726} INFO - Sync 1 DAGs
[2025-08-05T01:31:09.235+0000] {logging_mixin.py:149} INFO - [2025-08-05T01:31:09.235+0000] {dag.py:3486} INFO - Setting next_dagrun for saas_dag to 2025-08-05T01:31:09.136960+00:00, run_after=2025-08-05T18:11:09.136960+00:00
[2025-08-05T01:31:09.261+0000] {processor.py:178} INFO - Processing /opt/airflow/dags/project_dag.py took 0.141 seconds
[2025-08-05T01:31:39.603+0000] {processor.py:156} INFO - Started process (PID=131) to work on /opt/airflow/dags/project_dag.py
[2025-08-05T01:31:39.605+0000] {processor.py:799} INFO - Processing file /opt/airflow/dags/project_dag.py for tasks to queue
[2025-08-05T01:31:39.606+0000] {logging_mixin.py:149} INFO - [2025-08-05T01:31:39.606+0000] {dagbag.py:541} INFO - Filling up the DagBag from /opt/airflow/dags/project_dag.py
[2025-08-05T01:31:39.626+0000] {processor.py:809} INFO - DAG(s) dict_keys(['saas_dag']) retrieved from /opt/airflow/dags/project_dag.py
[2025-08-05T01:31:39.681+0000] {logging_mixin.py:149} INFO - [2025-08-05T01:31:39.681+0000] {dag.py:2726} INFO - Sync 1 DAGs
[2025-08-05T01:31:39.699+0000] {logging_mixin.py:149} INFO - [2025-08-05T01:31:39.699+0000] {dag.py:3486} INFO - Setting next_dagrun for saas_dag to 2025-08-05T01:31:39.614521+00:00, run_after=2025-08-05T18:11:39.614521+00:00
[2025-08-05T01:31:39.725+0000] {processor.py:178} INFO - Processing /opt/airflow/dags/project_dag.py took 0.128 seconds
[2025-08-05T01:32:09.878+0000] {processor.py:156} INFO - Started process (PID=132) to work on /opt/airflow/dags/project_dag.py
[2025-08-05T01:32:09.879+0000] {processor.py:799} INFO - Processing file /opt/airflow/dags/project_dag.py for tasks to queue
[2025-08-05T01:32:09.883+0000] {logging_mixin.py:149} INFO - [2025-08-05T01:32:09.883+0000] {dagbag.py:541} INFO - Filling up the DagBag from /opt/airflow/dags/project_dag.py
[2025-08-05T01:32:09.912+0000] {processor.py:809} INFO - DAG(s) dict_keys(['saas_dag']) retrieved from /opt/airflow/dags/project_dag.py
[2025-08-05T01:32:09.994+0000] {logging_mixin.py:149} INFO - [2025-08-05T01:32:09.994+0000] {dag.py:2726} INFO - Sync 1 DAGs
[2025-08-05T01:32:10.017+0000] {logging_mixin.py:149} INFO - [2025-08-05T01:32:10.017+0000] {dag.py:3486} INFO - Setting next_dagrun for saas_dag to 2025-08-05T01:32:09.893772+00:00, run_after=2025-08-05T18:12:09.893772+00:00
[2025-08-05T01:32:10.045+0000] {processor.py:178} INFO - Processing /opt/airflow/dags/project_dag.py took 0.173 seconds
[2025-08-05T01:32:40.228+0000] {processor.py:156} INFO - Started process (PID=133) to work on /opt/airflow/dags/project_dag.py
[2025-08-05T01:32:40.231+0000] {processor.py:799} INFO - Processing file /opt/airflow/dags/project_dag.py for tasks to queue
[2025-08-05T01:32:40.232+0000] {logging_mixin.py:149} INFO - [2025-08-05T01:32:40.232+0000] {dagbag.py:541} INFO - Filling up the DagBag from /opt/airflow/dags/project_dag.py
[2025-08-05T01:32:40.254+0000] {processor.py:809} INFO - DAG(s) dict_keys(['saas_dag']) retrieved from /opt/airflow/dags/project_dag.py
[2025-08-05T01:32:40.306+0000] {logging_mixin.py:149} INFO - [2025-08-05T01:32:40.306+0000] {dag.py:2726} INFO - Sync 1 DAGs
[2025-08-05T01:32:40.326+0000] {logging_mixin.py:149} INFO - [2025-08-05T01:32:40.326+0000] {dag.py:3486} INFO - Setting next_dagrun for saas_dag to 2025-08-05T01:32:40.239208+00:00, run_after=2025-08-05T18:12:40.239208+00:00
[2025-08-05T01:32:40.354+0000] {processor.py:178} INFO - Processing /opt/airflow/dags/project_dag.py took 0.130 seconds
[2025-08-05T01:33:10.964+0000] {processor.py:156} INFO - Started process (PID=134) to work on /opt/airflow/dags/project_dag.py
[2025-08-05T01:33:10.966+0000] {processor.py:799} INFO - Processing file /opt/airflow/dags/project_dag.py for tasks to queue
[2025-08-05T01:33:10.967+0000] {logging_mixin.py:149} INFO - [2025-08-05T01:33:10.967+0000] {dagbag.py:541} INFO - Filling up the DagBag from /opt/airflow/dags/project_dag.py
[2025-08-05T01:33:10.985+0000] {processor.py:809} INFO - DAG(s) dict_keys(['saas_dag']) retrieved from /opt/airflow/dags/project_dag.py
[2025-08-05T01:33:11.044+0000] {logging_mixin.py:149} INFO - [2025-08-05T01:33:11.044+0000] {dag.py:2726} INFO - Sync 1 DAGs
[2025-08-05T01:33:11.068+0000] {logging_mixin.py:149} INFO - [2025-08-05T01:33:11.067+0000] {dag.py:3486} INFO - Setting next_dagrun for saas_dag to 2025-08-05T01:33:10.973833+00:00, run_after=2025-08-05T18:13:10.973833+00:00
[2025-08-05T01:33:11.091+0000] {processor.py:178} INFO - Processing /opt/airflow/dags/project_dag.py took 0.131 seconds
[2025-08-05T01:33:42.224+0000] {processor.py:156} INFO - Started process (PID=186) to work on /opt/airflow/dags/project_dag.py
[2025-08-05T01:33:42.225+0000] {processor.py:799} INFO - Processing file /opt/airflow/dags/project_dag.py for tasks to queue
[2025-08-05T01:33:42.227+0000] {logging_mixin.py:149} INFO - [2025-08-05T01:33:42.226+0000] {dagbag.py:541} INFO - Filling up the DagBag from /opt/airflow/dags/project_dag.py
[2025-08-05T01:33:42.244+0000] {processor.py:809} INFO - DAG(s) dict_keys(['saas_dag']) retrieved from /opt/airflow/dags/project_dag.py
[2025-08-05T01:33:42.297+0000] {logging_mixin.py:149} INFO - [2025-08-05T01:33:42.296+0000] {dag.py:2726} INFO - Sync 1 DAGs
[2025-08-05T01:33:42.317+0000] {logging_mixin.py:149} INFO - [2025-08-05T01:33:42.317+0000] {dag.py:3486} INFO - Setting next_dagrun for saas_dag to 2025-08-05T01:33:42.233821+00:00, run_after=2025-08-05T18:13:42.233821+00:00
[2025-08-05T01:33:42.343+0000] {processor.py:178} INFO - Processing /opt/airflow/dags/project_dag.py took 0.124 seconds
[2025-08-05T01:34:13.411+0000] {processor.py:156} INFO - Started process (PID=187) to work on /opt/airflow/dags/project_dag.py
[2025-08-05T01:34:13.413+0000] {processor.py:799} INFO - Processing file /opt/airflow/dags/project_dag.py for tasks to queue
[2025-08-05T01:34:13.414+0000] {logging_mixin.py:149} INFO - [2025-08-05T01:34:13.414+0000] {dagbag.py:541} INFO - Filling up the DagBag from /opt/airflow/dags/project_dag.py
[2025-08-05T01:34:13.432+0000] {processor.py:809} INFO - DAG(s) dict_keys(['saas_dag']) retrieved from /opt/airflow/dags/project_dag.py
[2025-08-05T01:34:13.488+0000] {logging_mixin.py:149} INFO - [2025-08-05T01:34:13.488+0000] {dag.py:2726} INFO - Sync 1 DAGs
[2025-08-05T01:34:13.511+0000] {logging_mixin.py:149} INFO - [2025-08-05T01:34:13.511+0000] {dag.py:3486} INFO - Setting next_dagrun for saas_dag to 2025-08-05T01:34:13.420875+00:00, run_after=2025-08-05T18:14:13.420875+00:00
[2025-08-05T01:34:13.537+0000] {processor.py:178} INFO - Processing /opt/airflow/dags/project_dag.py took 0.131 seconds
[2025-08-05T01:34:43.632+0000] {processor.py:156} INFO - Started process (PID=188) to work on /opt/airflow/dags/project_dag.py
[2025-08-05T01:34:43.633+0000] {processor.py:799} INFO - Processing file /opt/airflow/dags/project_dag.py for tasks to queue
[2025-08-05T01:34:43.634+0000] {logging_mixin.py:149} INFO - [2025-08-05T01:34:43.634+0000] {dagbag.py:541} INFO - Filling up the DagBag from /opt/airflow/dags/project_dag.py
[2025-08-05T01:34:43.651+0000] {processor.py:809} INFO - DAG(s) dict_keys(['saas_dag']) retrieved from /opt/airflow/dags/project_dag.py
[2025-08-05T01:34:43.708+0000] {logging_mixin.py:149} INFO - [2025-08-05T01:34:43.708+0000] {dag.py:2726} INFO - Sync 1 DAGs
[2025-08-05T01:34:43.728+0000] {logging_mixin.py:149} INFO - [2025-08-05T01:34:43.728+0000] {dag.py:3486} INFO - Setting next_dagrun for saas_dag to 2025-08-05T01:34:43.641047+00:00, run_after=2025-08-05T18:14:43.641047+00:00
[2025-08-05T01:34:43.753+0000] {processor.py:178} INFO - Processing /opt/airflow/dags/project_dag.py took 0.125 seconds
[2025-08-05T01:35:14.891+0000] {processor.py:156} INFO - Started process (PID=189) to work on /opt/airflow/dags/project_dag.py
[2025-08-05T01:35:14.893+0000] {processor.py:799} INFO - Processing file /opt/airflow/dags/project_dag.py for tasks to queue
[2025-08-05T01:35:14.894+0000] {logging_mixin.py:149} INFO - [2025-08-05T01:35:14.894+0000] {dagbag.py:541} INFO - Filling up the DagBag from /opt/airflow/dags/project_dag.py
[2025-08-05T01:35:14.912+0000] {processor.py:809} INFO - DAG(s) dict_keys(['saas_dag']) retrieved from /opt/airflow/dags/project_dag.py
[2025-08-05T01:35:14.970+0000] {logging_mixin.py:149} INFO - [2025-08-05T01:35:14.970+0000] {dag.py:2726} INFO - Sync 1 DAGs
[2025-08-05T01:35:14.990+0000] {logging_mixin.py:149} INFO - [2025-08-05T01:35:14.989+0000] {dag.py:3486} INFO - Setting next_dagrun for saas_dag to 2025-08-05T01:35:14.902361+00:00, run_after=2025-08-05T18:15:14.902361+00:00
[2025-08-05T01:35:15.017+0000] {processor.py:178} INFO - Processing /opt/airflow/dags/project_dag.py took 0.131 seconds
[2025-08-05T01:35:45.111+0000] {processor.py:156} INFO - Started process (PID=190) to work on /opt/airflow/dags/project_dag.py
[2025-08-05T01:35:45.112+0000] {processor.py:799} INFO - Processing file /opt/airflow/dags/project_dag.py for tasks to queue
[2025-08-05T01:35:45.114+0000] {logging_mixin.py:149} INFO - [2025-08-05T01:35:45.114+0000] {dagbag.py:541} INFO - Filling up the DagBag from /opt/airflow/dags/project_dag.py
[2025-08-05T01:35:45.134+0000] {processor.py:809} INFO - DAG(s) dict_keys(['saas_dag']) retrieved from /opt/airflow/dags/project_dag.py
[2025-08-05T01:35:45.201+0000] {logging_mixin.py:149} INFO - [2025-08-05T01:35:45.201+0000] {dag.py:2726} INFO - Sync 1 DAGs
[2025-08-05T01:35:45.222+0000] {logging_mixin.py:149} INFO - [2025-08-05T01:35:45.222+0000] {dag.py:3486} INFO - Setting next_dagrun for saas_dag to 2025-08-05T01:35:45.121394+00:00, run_after=2025-08-05T18:15:45.121394+00:00
[2025-08-05T01:35:45.247+0000] {processor.py:178} INFO - Processing /opt/airflow/dags/project_dag.py took 0.140 seconds
[2025-08-05T01:36:15.633+0000] {processor.py:156} INFO - Started process (PID=191) to work on /opt/airflow/dags/project_dag.py
[2025-08-05T01:36:15.635+0000] {processor.py:799} INFO - Processing file /opt/airflow/dags/project_dag.py for tasks to queue
[2025-08-05T01:36:15.636+0000] {logging_mixin.py:149} INFO - [2025-08-05T01:36:15.636+0000] {dagbag.py:541} INFO - Filling up the DagBag from /opt/airflow/dags/project_dag.py
[2025-08-05T01:36:15.655+0000] {processor.py:809} INFO - DAG(s) dict_keys(['saas_dag']) retrieved from /opt/airflow/dags/project_dag.py
[2025-08-05T01:36:15.731+0000] {logging_mixin.py:149} INFO - [2025-08-05T01:36:15.731+0000] {dag.py:2726} INFO - Sync 1 DAGs
[2025-08-05T01:36:15.752+0000] {logging_mixin.py:149} INFO - [2025-08-05T01:36:15.752+0000] {dag.py:3486} INFO - Setting next_dagrun for saas_dag to 2025-08-05T01:36:15.643164+00:00, run_after=2025-08-05T18:16:15.643164+00:00
[2025-08-05T01:36:15.781+0000] {processor.py:178} INFO - Processing /opt/airflow/dags/project_dag.py took 0.153 seconds
[2025-08-05T01:36:46.090+0000] {processor.py:156} INFO - Started process (PID=192) to work on /opt/airflow/dags/project_dag.py
[2025-08-05T01:36:46.092+0000] {processor.py:799} INFO - Processing file /opt/airflow/dags/project_dag.py for tasks to queue
[2025-08-05T01:36:46.093+0000] {logging_mixin.py:149} INFO - [2025-08-05T01:36:46.093+0000] {dagbag.py:541} INFO - Filling up the DagBag from /opt/airflow/dags/project_dag.py
[2025-08-05T01:36:46.111+0000] {processor.py:809} INFO - DAG(s) dict_keys(['saas_dag']) retrieved from /opt/airflow/dags/project_dag.py
[2025-08-05T01:36:46.168+0000] {logging_mixin.py:149} INFO - [2025-08-05T01:36:46.168+0000] {dag.py:2726} INFO - Sync 1 DAGs
[2025-08-05T01:36:46.190+0000] {logging_mixin.py:149} INFO - [2025-08-05T01:36:46.189+0000] {dag.py:3486} INFO - Setting next_dagrun for saas_dag to 2025-08-05T01:36:46.100227+00:00, run_after=2025-08-05T18:16:46.100227+00:00
[2025-08-05T01:36:46.215+0000] {processor.py:178} INFO - Processing /opt/airflow/dags/project_dag.py took 0.130 seconds
[2025-08-05T01:37:16.664+0000] {processor.py:156} INFO - Started process (PID=193) to work on /opt/airflow/dags/project_dag.py
[2025-08-05T01:37:16.666+0000] {processor.py:799} INFO - Processing file /opt/airflow/dags/project_dag.py for tasks to queue
[2025-08-05T01:37:16.667+0000] {logging_mixin.py:149} INFO - [2025-08-05T01:37:16.667+0000] {dagbag.py:541} INFO - Filling up the DagBag from /opt/airflow/dags/project_dag.py
[2025-08-05T01:37:16.687+0000] {processor.py:809} INFO - DAG(s) dict_keys(['saas_dag']) retrieved from /opt/airflow/dags/project_dag.py
[2025-08-05T01:37:16.751+0000] {logging_mixin.py:149} INFO - [2025-08-05T01:37:16.751+0000] {dag.py:2726} INFO - Sync 1 DAGs
[2025-08-05T01:37:16.773+0000] {logging_mixin.py:149} INFO - [2025-08-05T01:37:16.773+0000] {dag.py:3486} INFO - Setting next_dagrun for saas_dag to 2025-08-05T01:37:16.675290+00:00, run_after=2025-08-05T18:17:16.675290+00:00
[2025-08-05T01:37:16.801+0000] {processor.py:178} INFO - Processing /opt/airflow/dags/project_dag.py took 0.142 seconds
[2025-08-05T01:37:47.092+0000] {processor.py:156} INFO - Started process (PID=194) to work on /opt/airflow/dags/project_dag.py
[2025-08-05T01:37:47.094+0000] {processor.py:799} INFO - Processing file /opt/airflow/dags/project_dag.py for tasks to queue
[2025-08-05T01:37:47.095+0000] {logging_mixin.py:149} INFO - [2025-08-05T01:37:47.095+0000] {dagbag.py:541} INFO - Filling up the DagBag from /opt/airflow/dags/project_dag.py
[2025-08-05T01:37:47.116+0000] {processor.py:809} INFO - DAG(s) dict_keys(['saas_dag']) retrieved from /opt/airflow/dags/project_dag.py
[2025-08-05T01:37:47.196+0000] {logging_mixin.py:149} INFO - [2025-08-05T01:37:47.196+0000] {dag.py:2726} INFO - Sync 1 DAGs
[2025-08-05T01:37:47.230+0000] {logging_mixin.py:149} INFO - [2025-08-05T01:37:47.230+0000] {dag.py:3486} INFO - Setting next_dagrun for saas_dag to 2025-08-05T01:37:47.102221+00:00, run_after=2025-08-05T18:17:47.102221+00:00
[2025-08-05T01:37:47.258+0000] {processor.py:178} INFO - Processing /opt/airflow/dags/project_dag.py took 0.169 seconds
[2025-08-05T01:38:17.508+0000] {processor.py:156} INFO - Started process (PID=195) to work on /opt/airflow/dags/project_dag.py
[2025-08-05T01:38:17.509+0000] {processor.py:799} INFO - Processing file /opt/airflow/dags/project_dag.py for tasks to queue
[2025-08-05T01:38:17.511+0000] {logging_mixin.py:149} INFO - [2025-08-05T01:38:17.510+0000] {dagbag.py:541} INFO - Filling up the DagBag from /opt/airflow/dags/project_dag.py
[2025-08-05T01:38:17.526+0000] {processor.py:809} INFO - DAG(s) dict_keys(['saas_dag']) retrieved from /opt/airflow/dags/project_dag.py
[2025-08-05T01:38:17.593+0000] {logging_mixin.py:149} INFO - [2025-08-05T01:38:17.593+0000] {dag.py:2726} INFO - Sync 1 DAGs
[2025-08-05T01:38:17.613+0000] {logging_mixin.py:149} INFO - [2025-08-05T01:38:17.613+0000] {dag.py:3486} INFO - Setting next_dagrun for saas_dag to 2025-08-05T01:38:17.517077+00:00, run_after=2025-08-05T18:18:17.517077+00:00
[2025-08-05T01:38:17.636+0000] {processor.py:178} INFO - Processing /opt/airflow/dags/project_dag.py took 0.133 seconds
[2025-08-05T01:38:47.902+0000] {processor.py:156} INFO - Started process (PID=196) to work on /opt/airflow/dags/project_dag.py
[2025-08-05T01:38:47.904+0000] {processor.py:799} INFO - Processing file /opt/airflow/dags/project_dag.py for tasks to queue
[2025-08-05T01:38:47.905+0000] {logging_mixin.py:149} INFO - [2025-08-05T01:38:47.905+0000] {dagbag.py:541} INFO - Filling up the DagBag from /opt/airflow/dags/project_dag.py
[2025-08-05T01:38:47.926+0000] {processor.py:809} INFO - DAG(s) dict_keys(['saas_dag']) retrieved from /opt/airflow/dags/project_dag.py
[2025-08-05T01:38:47.992+0000] {logging_mixin.py:149} INFO - [2025-08-05T01:38:47.992+0000] {dag.py:2726} INFO - Sync 1 DAGs
[2025-08-05T01:38:48.015+0000] {logging_mixin.py:149} INFO - [2025-08-05T01:38:48.015+0000] {dag.py:3486} INFO - Setting next_dagrun for saas_dag to 2025-08-05T01:38:47.913794+00:00, run_after=2025-08-05T18:18:47.913794+00:00
[2025-08-05T01:38:48.042+0000] {processor.py:178} INFO - Processing /opt/airflow/dags/project_dag.py took 0.144 seconds
[2025-08-05T01:39:24.984+0000] {processor.py:156} INFO - Started process (PID=255) to work on /opt/airflow/dags/project_dag.py
[2025-08-05T01:39:24.985+0000] {processor.py:799} INFO - Processing file /opt/airflow/dags/project_dag.py for tasks to queue
[2025-08-05T01:39:24.987+0000] {logging_mixin.py:149} INFO - [2025-08-05T01:39:24.987+0000] {dagbag.py:541} INFO - Filling up the DagBag from /opt/airflow/dags/project_dag.py
[2025-08-05T01:39:25.011+0000] {processor.py:809} INFO - DAG(s) dict_keys(['saas_dag']) retrieved from /opt/airflow/dags/project_dag.py
[2025-08-05T01:39:25.116+0000] {logging_mixin.py:149} INFO - [2025-08-05T01:39:25.116+0000] {dag.py:2726} INFO - Sync 1 DAGs
[2025-08-05T01:39:25.135+0000] {logging_mixin.py:149} INFO - [2025-08-05T01:39:25.135+0000] {dag.py:3486} INFO - Setting next_dagrun for saas_dag to 2025-08-05T01:39:24.996746+00:00, run_after=2025-08-05T18:19:24.996746+00:00
[2025-08-05T01:39:25.163+0000] {processor.py:178} INFO - Processing /opt/airflow/dags/project_dag.py took 0.184 seconds
[2025-08-05T01:39:55.505+0000] {processor.py:156} INFO - Started process (PID=292) to work on /opt/airflow/dags/project_dag.py
[2025-08-05T01:39:55.507+0000] {processor.py:799} INFO - Processing file /opt/airflow/dags/project_dag.py for tasks to queue
[2025-08-05T01:39:55.508+0000] {logging_mixin.py:149} INFO - [2025-08-05T01:39:55.508+0000] {dagbag.py:541} INFO - Filling up the DagBag from /opt/airflow/dags/project_dag.py
[2025-08-05T01:39:55.531+0000] {processor.py:809} INFO - DAG(s) dict_keys(['saas_dag']) retrieved from /opt/airflow/dags/project_dag.py
[2025-08-05T01:39:55.622+0000] {logging_mixin.py:149} INFO - [2025-08-05T01:39:55.622+0000] {dag.py:2726} INFO - Sync 1 DAGs
[2025-08-05T01:39:55.691+0000] {logging_mixin.py:149} INFO - [2025-08-05T01:39:55.691+0000] {dag.py:3486} INFO - Setting next_dagrun for saas_dag to 2025-08-05T01:39:55.516559+00:00, run_after=2025-08-05T18:19:55.516559+00:00
[2025-08-05T01:39:55.737+0000] {processor.py:178} INFO - Processing /opt/airflow/dags/project_dag.py took 0.236 seconds
[2025-08-05T01:40:26.042+0000] {processor.py:156} INFO - Started process (PID=293) to work on /opt/airflow/dags/project_dag.py
[2025-08-05T01:40:26.044+0000] {processor.py:799} INFO - Processing file /opt/airflow/dags/project_dag.py for tasks to queue
[2025-08-05T01:40:26.045+0000] {logging_mixin.py:149} INFO - [2025-08-05T01:40:26.045+0000] {dagbag.py:541} INFO - Filling up the DagBag from /opt/airflow/dags/project_dag.py
[2025-08-05T01:40:26.065+0000] {processor.py:809} INFO - DAG(s) dict_keys(['saas_dag']) retrieved from /opt/airflow/dags/project_dag.py
[2025-08-05T01:40:26.152+0000] {logging_mixin.py:149} INFO - [2025-08-05T01:40:26.152+0000] {dag.py:2726} INFO - Sync 1 DAGs
[2025-08-05T01:40:26.178+0000] {logging_mixin.py:149} INFO - [2025-08-05T01:40:26.178+0000] {dag.py:3486} INFO - Setting next_dagrun for saas_dag to 2025-08-05T01:40:26.053413+00:00, run_after=2025-08-05T18:20:26.053413+00:00
[2025-08-05T01:40:26.210+0000] {processor.py:178} INFO - Processing /opt/airflow/dags/project_dag.py took 0.173 seconds
[2025-08-05T01:40:56.409+0000] {processor.py:156} INFO - Started process (PID=294) to work on /opt/airflow/dags/project_dag.py
[2025-08-05T01:40:56.411+0000] {processor.py:799} INFO - Processing file /opt/airflow/dags/project_dag.py for tasks to queue
[2025-08-05T01:40:56.412+0000] {logging_mixin.py:149} INFO - [2025-08-05T01:40:56.411+0000] {dagbag.py:541} INFO - Filling up the DagBag from /opt/airflow/dags/project_dag.py
[2025-08-05T01:40:56.430+0000] {processor.py:809} INFO - DAG(s) dict_keys(['saas_dag']) retrieved from /opt/airflow/dags/project_dag.py
[2025-08-05T01:40:56.491+0000] {logging_mixin.py:149} INFO - [2025-08-05T01:40:56.491+0000] {dag.py:2726} INFO - Sync 1 DAGs
[2025-08-05T01:40:56.512+0000] {logging_mixin.py:149} INFO - [2025-08-05T01:40:56.512+0000] {dag.py:3486} INFO - Setting next_dagrun for saas_dag to 2025-08-05T01:40:56.418854+00:00, run_after=2025-08-05T18:20:56.418854+00:00
[2025-08-05T01:40:56.542+0000] {processor.py:178} INFO - Processing /opt/airflow/dags/project_dag.py took 0.138 seconds
[2025-08-05T01:41:26.728+0000] {processor.py:156} INFO - Started process (PID=295) to work on /opt/airflow/dags/project_dag.py
[2025-08-05T01:41:26.729+0000] {processor.py:799} INFO - Processing file /opt/airflow/dags/project_dag.py for tasks to queue
[2025-08-05T01:41:26.730+0000] {logging_mixin.py:149} INFO - [2025-08-05T01:41:26.730+0000] {dagbag.py:541} INFO - Filling up the DagBag from /opt/airflow/dags/project_dag.py
[2025-08-05T01:41:26.748+0000] {processor.py:809} INFO - DAG(s) dict_keys(['saas_dag']) retrieved from /opt/airflow/dags/project_dag.py
[2025-08-05T01:41:26.803+0000] {logging_mixin.py:149} INFO - [2025-08-05T01:41:26.803+0000] {dag.py:2726} INFO - Sync 1 DAGs
[2025-08-05T01:41:26.826+0000] {logging_mixin.py:149} INFO - [2025-08-05T01:41:26.826+0000] {dag.py:3486} INFO - Setting next_dagrun for saas_dag to 2025-08-05T01:41:26.737443+00:00, run_after=2025-08-05T18:21:26.737443+00:00
[2025-08-05T01:41:26.860+0000] {processor.py:178} INFO - Processing /opt/airflow/dags/project_dag.py took 0.138 seconds
[2025-08-05T01:41:59.768+0000] {processor.py:156} INFO - Started process (PID=306) to work on /opt/airflow/dags/project_dag.py
[2025-08-05T01:41:59.770+0000] {processor.py:799} INFO - Processing file /opt/airflow/dags/project_dag.py for tasks to queue
[2025-08-05T01:41:59.771+0000] {logging_mixin.py:149} INFO - [2025-08-05T01:41:59.771+0000] {dagbag.py:541} INFO - Filling up the DagBag from /opt/airflow/dags/project_dag.py
[2025-08-05T01:41:59.791+0000] {processor.py:809} INFO - DAG(s) dict_keys(['saas_dag']) retrieved from /opt/airflow/dags/project_dag.py
[2025-08-05T01:41:59.857+0000] {logging_mixin.py:149} INFO - [2025-08-05T01:41:59.857+0000] {dag.py:2726} INFO - Sync 1 DAGs
[2025-08-05T01:41:59.885+0000] {logging_mixin.py:149} INFO - [2025-08-05T01:41:59.885+0000] {dag.py:3486} INFO - Setting next_dagrun for saas_dag to 2025-08-05T01:41:59.779529+00:00, run_after=2025-08-05T18:21:59.779529+00:00
[2025-08-05T01:41:59.920+0000] {processor.py:178} INFO - Processing /opt/airflow/dags/project_dag.py took 0.156 seconds
[2025-08-05T01:42:30.630+0000] {processor.py:156} INFO - Started process (PID=389) to work on /opt/airflow/dags/project_dag.py
[2025-08-05T01:42:30.631+0000] {processor.py:799} INFO - Processing file /opt/airflow/dags/project_dag.py for tasks to queue
[2025-08-05T01:42:30.633+0000] {logging_mixin.py:149} INFO - [2025-08-05T01:42:30.633+0000] {dagbag.py:541} INFO - Filling up the DagBag from /opt/airflow/dags/project_dag.py
[2025-08-05T01:42:30.651+0000] {processor.py:809} INFO - DAG(s) dict_keys(['saas_dag']) retrieved from /opt/airflow/dags/project_dag.py
[2025-08-05T01:42:30.714+0000] {logging_mixin.py:149} INFO - [2025-08-05T01:42:30.713+0000] {dag.py:2726} INFO - Sync 1 DAGs
[2025-08-05T01:42:30.737+0000] {logging_mixin.py:149} INFO - [2025-08-05T01:42:30.736+0000] {dag.py:3486} INFO - Setting next_dagrun for saas_dag to 2025-08-05T01:42:30.639740+00:00, run_after=2025-08-05T18:22:30.639740+00:00
[2025-08-05T01:42:30.767+0000] {processor.py:178} INFO - Processing /opt/airflow/dags/project_dag.py took 0.142 seconds
[2025-08-05T01:43:01.234+0000] {processor.py:156} INFO - Started process (PID=390) to work on /opt/airflow/dags/project_dag.py
[2025-08-05T01:43:01.235+0000] {processor.py:799} INFO - Processing file /opt/airflow/dags/project_dag.py for tasks to queue
[2025-08-05T01:43:01.237+0000] {logging_mixin.py:149} INFO - [2025-08-05T01:43:01.237+0000] {dagbag.py:541} INFO - Filling up the DagBag from /opt/airflow/dags/project_dag.py
[2025-08-05T01:43:01.256+0000] {processor.py:809} INFO - DAG(s) dict_keys(['saas_dag']) retrieved from /opt/airflow/dags/project_dag.py
[2025-08-05T01:43:01.325+0000] {logging_mixin.py:149} INFO - [2025-08-05T01:43:01.325+0000] {dag.py:2726} INFO - Sync 1 DAGs
[2025-08-05T01:43:01.346+0000] {logging_mixin.py:149} INFO - [2025-08-05T01:43:01.346+0000] {dag.py:3486} INFO - Setting next_dagrun for saas_dag to 2025-08-05T01:43:01.245376+00:00, run_after=2025-08-05T18:23:01.245376+00:00
[2025-08-05T01:43:01.372+0000] {processor.py:178} INFO - Processing /opt/airflow/dags/project_dag.py took 0.142 seconds
[2025-08-05T01:43:31.834+0000] {processor.py:156} INFO - Started process (PID=391) to work on /opt/airflow/dags/project_dag.py
[2025-08-05T01:43:31.835+0000] {processor.py:799} INFO - Processing file /opt/airflow/dags/project_dag.py for tasks to queue
[2025-08-05T01:43:31.836+0000] {logging_mixin.py:149} INFO - [2025-08-05T01:43:31.836+0000] {dagbag.py:541} INFO - Filling up the DagBag from /opt/airflow/dags/project_dag.py
[2025-08-05T01:43:31.857+0000] {processor.py:809} INFO - DAG(s) dict_keys(['saas_dag']) retrieved from /opt/airflow/dags/project_dag.py
[2025-08-05T01:43:31.920+0000] {logging_mixin.py:149} INFO - [2025-08-05T01:43:31.920+0000] {dag.py:2726} INFO - Sync 1 DAGs
[2025-08-05T01:43:31.940+0000] {logging_mixin.py:149} INFO - [2025-08-05T01:43:31.940+0000] {dag.py:3486} INFO - Setting next_dagrun for saas_dag to 2025-08-05T01:43:31.844378+00:00, run_after=2025-08-05T18:23:31.844378+00:00
[2025-08-05T01:43:32.058+0000] {processor.py:178} INFO - Processing /opt/airflow/dags/project_dag.py took 0.229 seconds
[2025-08-05T01:44:02.418+0000] {processor.py:156} INFO - Started process (PID=392) to work on /opt/airflow/dags/project_dag.py
[2025-08-05T01:44:02.420+0000] {processor.py:799} INFO - Processing file /opt/airflow/dags/project_dag.py for tasks to queue
[2025-08-05T01:44:02.421+0000] {logging_mixin.py:149} INFO - [2025-08-05T01:44:02.421+0000] {dagbag.py:541} INFO - Filling up the DagBag from /opt/airflow/dags/project_dag.py
[2025-08-05T01:44:02.442+0000] {processor.py:809} INFO - DAG(s) dict_keys(['saas_dag']) retrieved from /opt/airflow/dags/project_dag.py
[2025-08-05T01:44:02.511+0000] {logging_mixin.py:149} INFO - [2025-08-05T01:44:02.511+0000] {dag.py:2726} INFO - Sync 1 DAGs
[2025-08-05T01:44:02.536+0000] {logging_mixin.py:149} INFO - [2025-08-05T01:44:02.535+0000] {dag.py:3486} INFO - Setting next_dagrun for saas_dag to 2025-08-05T01:44:02.428787+00:00, run_after=2025-08-05T18:24:02.428787+00:00
[2025-08-05T01:44:02.565+0000] {processor.py:178} INFO - Processing /opt/airflow/dags/project_dag.py took 0.151 seconds
[2025-08-05T01:44:32.961+0000] {processor.py:156} INFO - Started process (PID=393) to work on /opt/airflow/dags/project_dag.py
[2025-08-05T01:44:32.963+0000] {processor.py:799} INFO - Processing file /opt/airflow/dags/project_dag.py for tasks to queue
[2025-08-05T01:44:32.965+0000] {logging_mixin.py:149} INFO - [2025-08-05T01:44:32.964+0000] {dagbag.py:541} INFO - Filling up the DagBag from /opt/airflow/dags/project_dag.py
[2025-08-05T01:44:32.985+0000] {processor.py:809} INFO - DAG(s) dict_keys(['saas_dag']) retrieved from /opt/airflow/dags/project_dag.py
[2025-08-05T01:44:33.047+0000] {logging_mixin.py:149} INFO - [2025-08-05T01:44:33.047+0000] {dag.py:2726} INFO - Sync 1 DAGs
[2025-08-05T01:44:33.068+0000] {logging_mixin.py:149} INFO - [2025-08-05T01:44:33.068+0000] {dag.py:3486} INFO - Setting next_dagrun for saas_dag to 2025-08-05T01:44:32.973634+00:00, run_after=2025-08-05T18:24:32.973634+00:00
[2025-08-05T01:44:33.097+0000] {processor.py:178} INFO - Processing /opt/airflow/dags/project_dag.py took 0.142 seconds
[2025-08-05T01:45:03.547+0000] {processor.py:156} INFO - Started process (PID=394) to work on /opt/airflow/dags/project_dag.py
[2025-08-05T01:45:03.548+0000] {processor.py:799} INFO - Processing file /opt/airflow/dags/project_dag.py for tasks to queue
[2025-08-05T01:45:03.550+0000] {logging_mixin.py:149} INFO - [2025-08-05T01:45:03.550+0000] {dagbag.py:541} INFO - Filling up the DagBag from /opt/airflow/dags/project_dag.py
[2025-08-05T01:45:03.568+0000] {processor.py:809} INFO - DAG(s) dict_keys(['saas_dag']) retrieved from /opt/airflow/dags/project_dag.py
[2025-08-05T01:45:03.643+0000] {logging_mixin.py:149} INFO - [2025-08-05T01:45:03.642+0000] {dag.py:2726} INFO - Sync 1 DAGs
[2025-08-05T01:45:03.664+0000] {logging_mixin.py:149} INFO - [2025-08-05T01:45:03.664+0000] {dag.py:3486} INFO - Setting next_dagrun for saas_dag to 2025-08-05T01:45:03.556736+00:00, run_after=2025-08-05T18:25:03.556736+00:00
[2025-08-05T01:45:03.697+0000] {processor.py:178} INFO - Processing /opt/airflow/dags/project_dag.py took 0.154 seconds
[2025-08-05T01:45:34.440+0000] {processor.py:156} INFO - Started process (PID=395) to work on /opt/airflow/dags/project_dag.py
[2025-08-05T01:45:34.442+0000] {processor.py:799} INFO - Processing file /opt/airflow/dags/project_dag.py for tasks to queue
[2025-08-05T01:45:34.443+0000] {logging_mixin.py:149} INFO - [2025-08-05T01:45:34.443+0000] {dagbag.py:541} INFO - Filling up the DagBag from /opt/airflow/dags/project_dag.py
[2025-08-05T01:45:34.460+0000] {processor.py:809} INFO - DAG(s) dict_keys(['saas_dag']) retrieved from /opt/airflow/dags/project_dag.py
[2025-08-05T01:45:34.517+0000] {logging_mixin.py:149} INFO - [2025-08-05T01:45:34.517+0000] {dag.py:2726} INFO - Sync 1 DAGs
[2025-08-05T01:45:34.536+0000] {logging_mixin.py:149} INFO - [2025-08-05T01:45:34.536+0000] {dag.py:3486} INFO - Setting next_dagrun for saas_dag to 2025-08-05T01:45:34.449276+00:00, run_after=2025-08-05T18:25:34.449276+00:00
[2025-08-05T01:45:34.564+0000] {processor.py:178} INFO - Processing /opt/airflow/dags/project_dag.py took 0.129 seconds
[2025-08-05T01:46:04.955+0000] {processor.py:156} INFO - Started process (PID=396) to work on /opt/airflow/dags/project_dag.py
[2025-08-05T01:46:04.957+0000] {processor.py:799} INFO - Processing file /opt/airflow/dags/project_dag.py for tasks to queue
[2025-08-05T01:46:04.958+0000] {logging_mixin.py:149} INFO - [2025-08-05T01:46:04.958+0000] {dagbag.py:541} INFO - Filling up the DagBag from /opt/airflow/dags/project_dag.py
[2025-08-05T01:46:04.975+0000] {processor.py:809} INFO - DAG(s) dict_keys(['saas_dag']) retrieved from /opt/airflow/dags/project_dag.py
[2025-08-05T01:46:05.055+0000] {logging_mixin.py:149} INFO - [2025-08-05T01:46:05.055+0000] {dag.py:2726} INFO - Sync 1 DAGs
[2025-08-05T01:46:05.086+0000] {logging_mixin.py:149} INFO - [2025-08-05T01:46:05.084+0000] {dag.py:3486} INFO - Setting next_dagrun for saas_dag to 2025-08-05T01:46:04.964947+00:00, run_after=2025-08-05T18:26:04.964947+00:00
[2025-08-05T01:46:05.118+0000] {processor.py:178} INFO - Processing /opt/airflow/dags/project_dag.py took 0.168 seconds
[2025-08-05T01:46:35.451+0000] {processor.py:156} INFO - Started process (PID=397) to work on /opt/airflow/dags/project_dag.py
[2025-08-05T01:46:35.453+0000] {processor.py:799} INFO - Processing file /opt/airflow/dags/project_dag.py for tasks to queue
[2025-08-05T01:46:35.455+0000] {logging_mixin.py:149} INFO - [2025-08-05T01:46:35.454+0000] {dagbag.py:541} INFO - Filling up the DagBag from /opt/airflow/dags/project_dag.py
[2025-08-05T01:46:35.474+0000] {processor.py:809} INFO - DAG(s) dict_keys(['saas_dag']) retrieved from /opt/airflow/dags/project_dag.py
[2025-08-05T01:46:35.533+0000] {logging_mixin.py:149} INFO - [2025-08-05T01:46:35.533+0000] {dag.py:2726} INFO - Sync 1 DAGs
[2025-08-05T01:46:35.554+0000] {logging_mixin.py:149} INFO - [2025-08-05T01:46:35.553+0000] {dag.py:3486} INFO - Setting next_dagrun for saas_dag to 2025-08-05T01:46:35.462374+00:00, run_after=2025-08-05T18:26:35.462374+00:00
[2025-08-05T01:46:35.579+0000] {processor.py:178} INFO - Processing /opt/airflow/dags/project_dag.py took 0.133 seconds
[2025-08-05T01:47:06.049+0000] {processor.py:156} INFO - Started process (PID=398) to work on /opt/airflow/dags/project_dag.py
[2025-08-05T01:47:06.052+0000] {processor.py:799} INFO - Processing file /opt/airflow/dags/project_dag.py for tasks to queue
[2025-08-05T01:47:06.054+0000] {logging_mixin.py:149} INFO - [2025-08-05T01:47:06.053+0000] {dagbag.py:541} INFO - Filling up the DagBag from /opt/airflow/dags/project_dag.py
[2025-08-05T01:47:06.073+0000] {processor.py:809} INFO - DAG(s) dict_keys(['saas_dag']) retrieved from /opt/airflow/dags/project_dag.py
[2025-08-05T01:47:06.144+0000] {logging_mixin.py:149} INFO - [2025-08-05T01:47:06.143+0000] {dag.py:2726} INFO - Sync 1 DAGs
[2025-08-05T01:47:06.166+0000] {logging_mixin.py:149} INFO - [2025-08-05T01:47:06.166+0000] {dag.py:3486} INFO - Setting next_dagrun for saas_dag to 2025-08-05T01:47:06.060982+00:00, run_after=2025-08-05T18:27:06.060982+00:00
[2025-08-05T01:47:06.196+0000] {processor.py:178} INFO - Processing /opt/airflow/dags/project_dag.py took 0.151 seconds
[2025-08-05T01:47:36.569+0000] {processor.py:156} INFO - Started process (PID=399) to work on /opt/airflow/dags/project_dag.py
[2025-08-05T01:47:36.570+0000] {processor.py:799} INFO - Processing file /opt/airflow/dags/project_dag.py for tasks to queue
[2025-08-05T01:47:36.572+0000] {logging_mixin.py:149} INFO - [2025-08-05T01:47:36.571+0000] {dagbag.py:541} INFO - Filling up the DagBag from /opt/airflow/dags/project_dag.py
[2025-08-05T01:47:36.592+0000] {processor.py:809} INFO - DAG(s) dict_keys(['saas_dag']) retrieved from /opt/airflow/dags/project_dag.py
[2025-08-05T01:47:36.665+0000] {logging_mixin.py:149} INFO - [2025-08-05T01:47:36.664+0000] {dag.py:2726} INFO - Sync 1 DAGs
[2025-08-05T01:47:36.684+0000] {logging_mixin.py:149} INFO - [2025-08-05T01:47:36.684+0000] {dag.py:3486} INFO - Setting next_dagrun for saas_dag to 2025-08-05T01:47:36.580305+00:00, run_after=2025-08-05T18:27:36.580305+00:00
[2025-08-05T01:47:36.715+0000] {processor.py:178} INFO - Processing /opt/airflow/dags/project_dag.py took 0.151 seconds
[2025-08-05T01:48:07.048+0000] {processor.py:156} INFO - Started process (PID=400) to work on /opt/airflow/dags/project_dag.py
[2025-08-05T01:48:07.049+0000] {processor.py:799} INFO - Processing file /opt/airflow/dags/project_dag.py for tasks to queue
[2025-08-05T01:48:07.050+0000] {logging_mixin.py:149} INFO - [2025-08-05T01:48:07.050+0000] {dagbag.py:541} INFO - Filling up the DagBag from /opt/airflow/dags/project_dag.py
[2025-08-05T01:48:07.068+0000] {processor.py:809} INFO - DAG(s) dict_keys(['saas_dag']) retrieved from /opt/airflow/dags/project_dag.py
[2025-08-05T01:48:07.143+0000] {logging_mixin.py:149} INFO - [2025-08-05T01:48:07.142+0000] {dag.py:2726} INFO - Sync 1 DAGs
[2025-08-05T01:48:07.169+0000] {logging_mixin.py:149} INFO - [2025-08-05T01:48:07.168+0000] {dag.py:3486} INFO - Setting next_dagrun for saas_dag to 2025-08-05T01:48:07.057817+00:00, run_after=2025-08-05T18:28:07.057817+00:00
[2025-08-05T01:48:07.194+0000] {processor.py:178} INFO - Processing /opt/airflow/dags/project_dag.py took 0.151 seconds
[2025-08-05T01:48:37.543+0000] {processor.py:156} INFO - Started process (PID=401) to work on /opt/airflow/dags/project_dag.py
[2025-08-05T01:48:37.544+0000] {processor.py:799} INFO - Processing file /opt/airflow/dags/project_dag.py for tasks to queue
[2025-08-05T01:48:37.545+0000] {logging_mixin.py:149} INFO - [2025-08-05T01:48:37.544+0000] {dagbag.py:541} INFO - Filling up the DagBag from /opt/airflow/dags/project_dag.py
[2025-08-05T01:48:37.561+0000] {processor.py:809} INFO - DAG(s) dict_keys(['saas_dag']) retrieved from /opt/airflow/dags/project_dag.py
[2025-08-05T01:48:37.627+0000] {logging_mixin.py:149} INFO - [2025-08-05T01:48:37.627+0000] {dag.py:2726} INFO - Sync 1 DAGs
[2025-08-05T01:48:37.650+0000] {logging_mixin.py:149} INFO - [2025-08-05T01:48:37.649+0000] {dag.py:3486} INFO - Setting next_dagrun for saas_dag to 2025-08-05T01:48:37.550844+00:00, run_after=2025-08-05T18:28:37.550844+00:00
[2025-08-05T01:48:37.677+0000] {processor.py:178} INFO - Processing /opt/airflow/dags/project_dag.py took 0.138 seconds
[2025-08-05T01:49:08.059+0000] {processor.py:156} INFO - Started process (PID=402) to work on /opt/airflow/dags/project_dag.py
[2025-08-05T01:49:08.061+0000] {processor.py:799} INFO - Processing file /opt/airflow/dags/project_dag.py for tasks to queue
[2025-08-05T01:49:08.062+0000] {logging_mixin.py:149} INFO - [2025-08-05T01:49:08.062+0000] {dagbag.py:541} INFO - Filling up the DagBag from /opt/airflow/dags/project_dag.py
[2025-08-05T01:49:08.084+0000] {processor.py:809} INFO - DAG(s) dict_keys(['saas_dag']) retrieved from /opt/airflow/dags/project_dag.py
[2025-08-05T01:49:08.152+0000] {logging_mixin.py:149} INFO - [2025-08-05T01:49:08.151+0000] {dag.py:2726} INFO - Sync 1 DAGs
[2025-08-05T01:49:08.171+0000] {logging_mixin.py:149} INFO - [2025-08-05T01:49:08.171+0000] {dag.py:3486} INFO - Setting next_dagrun for saas_dag to 2025-08-05T01:49:08.068701+00:00, run_after=2025-08-05T18:29:08.068701+00:00
[2025-08-05T01:49:08.205+0000] {processor.py:178} INFO - Processing /opt/airflow/dags/project_dag.py took 0.150 seconds
[2025-08-05T01:49:38.561+0000] {processor.py:156} INFO - Started process (PID=403) to work on /opt/airflow/dags/project_dag.py
[2025-08-05T01:49:38.563+0000] {processor.py:799} INFO - Processing file /opt/airflow/dags/project_dag.py for tasks to queue
[2025-08-05T01:49:38.564+0000] {logging_mixin.py:149} INFO - [2025-08-05T01:49:38.564+0000] {dagbag.py:541} INFO - Filling up the DagBag from /opt/airflow/dags/project_dag.py
[2025-08-05T01:49:38.582+0000] {processor.py:809} INFO - DAG(s) dict_keys(['saas_dag']) retrieved from /opt/airflow/dags/project_dag.py
[2025-08-05T01:49:38.639+0000] {logging_mixin.py:149} INFO - [2025-08-05T01:49:38.639+0000] {dag.py:2726} INFO - Sync 1 DAGs
[2025-08-05T01:49:38.658+0000] {logging_mixin.py:149} INFO - [2025-08-05T01:49:38.658+0000] {dag.py:3486} INFO - Setting next_dagrun for saas_dag to 2025-08-05T01:49:38.571182+00:00, run_after=2025-08-05T18:29:38.571182+00:00
[2025-08-05T01:49:38.685+0000] {processor.py:178} INFO - Processing /opt/airflow/dags/project_dag.py took 0.128 seconds
[2025-08-05T01:50:09.060+0000] {processor.py:156} INFO - Started process (PID=404) to work on /opt/airflow/dags/project_dag.py
[2025-08-05T01:50:09.062+0000] {processor.py:799} INFO - Processing file /opt/airflow/dags/project_dag.py for tasks to queue
[2025-08-05T01:50:09.064+0000] {logging_mixin.py:149} INFO - [2025-08-05T01:50:09.063+0000] {dagbag.py:541} INFO - Filling up the DagBag from /opt/airflow/dags/project_dag.py
[2025-08-05T01:50:09.083+0000] {processor.py:809} INFO - DAG(s) dict_keys(['saas_dag']) retrieved from /opt/airflow/dags/project_dag.py
[2025-08-05T01:50:09.144+0000] {logging_mixin.py:149} INFO - [2025-08-05T01:50:09.143+0000] {dag.py:2726} INFO - Sync 1 DAGs
[2025-08-05T01:50:09.166+0000] {logging_mixin.py:149} INFO - [2025-08-05T01:50:09.165+0000] {dag.py:3486} INFO - Setting next_dagrun for saas_dag to 2025-08-05T01:50:09.070928+00:00, run_after=2025-08-05T18:30:09.070928+00:00
[2025-08-05T01:50:09.189+0000] {processor.py:178} INFO - Processing /opt/airflow/dags/project_dag.py took 0.134 seconds
[2025-08-05T01:50:39.567+0000] {processor.py:156} INFO - Started process (PID=405) to work on /opt/airflow/dags/project_dag.py
[2025-08-05T01:50:39.569+0000] {processor.py:799} INFO - Processing file /opt/airflow/dags/project_dag.py for tasks to queue
[2025-08-05T01:50:39.570+0000] {logging_mixin.py:149} INFO - [2025-08-05T01:50:39.570+0000] {dagbag.py:541} INFO - Filling up the DagBag from /opt/airflow/dags/project_dag.py
[2025-08-05T01:50:39.587+0000] {processor.py:809} INFO - DAG(s) dict_keys(['saas_dag']) retrieved from /opt/airflow/dags/project_dag.py
[2025-08-05T01:50:39.643+0000] {logging_mixin.py:149} INFO - [2025-08-05T01:50:39.643+0000] {dag.py:2726} INFO - Sync 1 DAGs
[2025-08-05T01:50:39.665+0000] {logging_mixin.py:149} INFO - [2025-08-05T01:50:39.665+0000] {dag.py:3486} INFO - Setting next_dagrun for saas_dag to 2025-08-05T01:50:39.577620+00:00, run_after=2025-08-05T18:30:39.577620+00:00
[2025-08-05T01:50:39.693+0000] {processor.py:178} INFO - Processing /opt/airflow/dags/project_dag.py took 0.130 seconds
[2025-08-05T01:51:10.063+0000] {processor.py:156} INFO - Started process (PID=406) to work on /opt/airflow/dags/project_dag.py
[2025-08-05T01:51:10.065+0000] {processor.py:799} INFO - Processing file /opt/airflow/dags/project_dag.py for tasks to queue
[2025-08-05T01:51:10.066+0000] {logging_mixin.py:149} INFO - [2025-08-05T01:51:10.066+0000] {dagbag.py:541} INFO - Filling up the DagBag from /opt/airflow/dags/project_dag.py
[2025-08-05T01:51:10.085+0000] {processor.py:809} INFO - DAG(s) dict_keys(['saas_dag']) retrieved from /opt/airflow/dags/project_dag.py
[2025-08-05T01:51:10.148+0000] {logging_mixin.py:149} INFO - [2025-08-05T01:51:10.147+0000] {dag.py:2726} INFO - Sync 1 DAGs
[2025-08-05T01:51:10.171+0000] {logging_mixin.py:149} INFO - [2025-08-05T01:51:10.171+0000] {dag.py:3486} INFO - Setting next_dagrun for saas_dag to 2025-08-05T01:51:10.073045+00:00, run_after=2025-08-05T18:31:10.073045+00:00
[2025-08-05T01:51:10.199+0000] {processor.py:178} INFO - Processing /opt/airflow/dags/project_dag.py took 0.140 seconds
[2025-08-05T01:51:40.684+0000] {processor.py:156} INFO - Started process (PID=407) to work on /opt/airflow/dags/project_dag.py
[2025-08-05T01:51:40.686+0000] {processor.py:799} INFO - Processing file /opt/airflow/dags/project_dag.py for tasks to queue
[2025-08-05T01:51:40.688+0000] {logging_mixin.py:149} INFO - [2025-08-05T01:51:40.687+0000] {dagbag.py:541} INFO - Filling up the DagBag from /opt/airflow/dags/project_dag.py
[2025-08-05T01:51:40.712+0000] {processor.py:809} INFO - DAG(s) dict_keys(['saas_dag']) retrieved from /opt/airflow/dags/project_dag.py
[2025-08-05T01:51:40.798+0000] {logging_mixin.py:149} INFO - [2025-08-05T01:51:40.798+0000] {dag.py:2726} INFO - Sync 1 DAGs
[2025-08-05T01:51:40.826+0000] {logging_mixin.py:149} INFO - [2025-08-05T01:51:40.826+0000] {dag.py:3486} INFO - Setting next_dagrun for saas_dag to 2025-08-05T01:51:40.696018+00:00, run_after=2025-08-05T18:31:40.696018+00:00
[2025-08-05T01:51:40.860+0000] {processor.py:178} INFO - Processing /opt/airflow/dags/project_dag.py took 0.180 seconds
[2025-08-05T01:52:11.120+0000] {processor.py:156} INFO - Started process (PID=408) to work on /opt/airflow/dags/project_dag.py
[2025-08-05T01:52:11.121+0000] {processor.py:799} INFO - Processing file /opt/airflow/dags/project_dag.py for tasks to queue
[2025-08-05T01:52:11.123+0000] {logging_mixin.py:149} INFO - [2025-08-05T01:52:11.122+0000] {dagbag.py:541} INFO - Filling up the DagBag from /opt/airflow/dags/project_dag.py
[2025-08-05T01:52:11.142+0000] {processor.py:809} INFO - DAG(s) dict_keys(['saas_dag']) retrieved from /opt/airflow/dags/project_dag.py
[2025-08-05T01:52:11.207+0000] {logging_mixin.py:149} INFO - [2025-08-05T01:52:11.206+0000] {dag.py:2726} INFO - Sync 1 DAGs
[2025-08-05T01:52:11.240+0000] {logging_mixin.py:149} INFO - [2025-08-05T01:52:11.240+0000] {dag.py:3486} INFO - Setting next_dagrun for saas_dag to 2025-08-05T01:52:11.130153+00:00, run_after=2025-08-05T18:32:11.130153+00:00
[2025-08-05T01:52:11.272+0000] {processor.py:178} INFO - Processing /opt/airflow/dags/project_dag.py took 0.159 seconds
[2025-08-05T01:52:41.346+0000] {processor.py:156} INFO - Started process (PID=409) to work on /opt/airflow/dags/project_dag.py
[2025-08-05T01:52:41.348+0000] {processor.py:799} INFO - Processing file /opt/airflow/dags/project_dag.py for tasks to queue
[2025-08-05T01:52:41.349+0000] {logging_mixin.py:149} INFO - [2025-08-05T01:52:41.349+0000] {dagbag.py:541} INFO - Filling up the DagBag from /opt/airflow/dags/project_dag.py
[2025-08-05T01:52:41.369+0000] {processor.py:809} INFO - DAG(s) dict_keys(['saas_dag']) retrieved from /opt/airflow/dags/project_dag.py
[2025-08-05T01:52:41.441+0000] {logging_mixin.py:149} INFO - [2025-08-05T01:52:41.441+0000] {dag.py:2726} INFO - Sync 1 DAGs
[2025-08-05T01:52:41.463+0000] {logging_mixin.py:149} INFO - [2025-08-05T01:52:41.463+0000] {dag.py:3486} INFO - Setting next_dagrun for saas_dag to 2025-08-05T01:52:41.356266+00:00, run_after=2025-08-05T18:32:41.356266+00:00
[2025-08-05T01:52:41.491+0000] {processor.py:178} INFO - Processing /opt/airflow/dags/project_dag.py took 0.150 seconds
[2025-08-05T01:53:11.772+0000] {processor.py:156} INFO - Started process (PID=410) to work on /opt/airflow/dags/project_dag.py
[2025-08-05T01:53:11.774+0000] {processor.py:799} INFO - Processing file /opt/airflow/dags/project_dag.py for tasks to queue
[2025-08-05T01:53:11.775+0000] {logging_mixin.py:149} INFO - [2025-08-05T01:53:11.775+0000] {dagbag.py:541} INFO - Filling up the DagBag from /opt/airflow/dags/project_dag.py
[2025-08-05T01:53:11.809+0000] {processor.py:809} INFO - DAG(s) dict_keys(['saas_dag']) retrieved from /opt/airflow/dags/project_dag.py
[2025-08-05T01:53:11.873+0000] {logging_mixin.py:149} INFO - [2025-08-05T01:53:11.873+0000] {dag.py:2726} INFO - Sync 1 DAGs
[2025-08-05T01:53:11.896+0000] {logging_mixin.py:149} INFO - [2025-08-05T01:53:11.896+0000] {dag.py:3486} INFO - Setting next_dagrun for saas_dag to 2025-08-05T01:53:11.785162+00:00, run_after=2025-08-05T18:33:11.785162+00:00
[2025-08-05T01:53:11.924+0000] {processor.py:178} INFO - Processing /opt/airflow/dags/project_dag.py took 0.157 seconds
[2025-08-05T01:53:42.266+0000] {processor.py:156} INFO - Started process (PID=411) to work on /opt/airflow/dags/project_dag.py
[2025-08-05T01:53:42.267+0000] {processor.py:799} INFO - Processing file /opt/airflow/dags/project_dag.py for tasks to queue
[2025-08-05T01:53:42.268+0000] {logging_mixin.py:149} INFO - [2025-08-05T01:53:42.268+0000] {dagbag.py:541} INFO - Filling up the DagBag from /opt/airflow/dags/project_dag.py
[2025-08-05T01:53:42.283+0000] {processor.py:809} INFO - DAG(s) dict_keys(['saas_dag']) retrieved from /opt/airflow/dags/project_dag.py
[2025-08-05T01:53:42.340+0000] {logging_mixin.py:149} INFO - [2025-08-05T01:53:42.340+0000] {dag.py:2726} INFO - Sync 1 DAGs
[2025-08-05T01:53:42.360+0000] {logging_mixin.py:149} INFO - [2025-08-05T01:53:42.359+0000] {dag.py:3486} INFO - Setting next_dagrun for saas_dag to 2025-08-05T01:53:42.274101+00:00, run_after=2025-08-05T18:33:42.274101+00:00
[2025-08-05T01:53:42.391+0000] {processor.py:178} INFO - Processing /opt/airflow/dags/project_dag.py took 0.130 seconds
[2025-08-05T01:54:12.691+0000] {processor.py:156} INFO - Started process (PID=412) to work on /opt/airflow/dags/project_dag.py
[2025-08-05T01:54:12.692+0000] {processor.py:799} INFO - Processing file /opt/airflow/dags/project_dag.py for tasks to queue
[2025-08-05T01:54:12.693+0000] {logging_mixin.py:149} INFO - [2025-08-05T01:54:12.693+0000] {dagbag.py:541} INFO - Filling up the DagBag from /opt/airflow/dags/project_dag.py
[2025-08-05T01:54:12.710+0000] {processor.py:809} INFO - DAG(s) dict_keys(['saas_dag']) retrieved from /opt/airflow/dags/project_dag.py
[2025-08-05T01:54:12.769+0000] {logging_mixin.py:149} INFO - [2025-08-05T01:54:12.769+0000] {dag.py:2726} INFO - Sync 1 DAGs
[2025-08-05T01:54:12.791+0000] {logging_mixin.py:149} INFO - [2025-08-05T01:54:12.791+0000] {dag.py:3486} INFO - Setting next_dagrun for saas_dag to 2025-08-05T01:54:12.700593+00:00, run_after=2025-08-05T18:34:12.700593+00:00
[2025-08-05T01:54:12.821+0000] {processor.py:178} INFO - Processing /opt/airflow/dags/project_dag.py took 0.135 seconds
[2025-08-05T01:54:43.098+0000] {processor.py:156} INFO - Started process (PID=413) to work on /opt/airflow/dags/project_dag.py
[2025-08-05T01:54:43.100+0000] {processor.py:799} INFO - Processing file /opt/airflow/dags/project_dag.py for tasks to queue
[2025-08-05T01:54:43.101+0000] {logging_mixin.py:149} INFO - [2025-08-05T01:54:43.101+0000] {dagbag.py:541} INFO - Filling up the DagBag from /opt/airflow/dags/project_dag.py
[2025-08-05T01:54:43.127+0000] {processor.py:809} INFO - DAG(s) dict_keys(['saas_dag']) retrieved from /opt/airflow/dags/project_dag.py
[2025-08-05T01:54:43.211+0000] {logging_mixin.py:149} INFO - [2025-08-05T01:54:43.211+0000] {dag.py:2726} INFO - Sync 1 DAGs
[2025-08-05T01:54:43.234+0000] {logging_mixin.py:149} INFO - [2025-08-05T01:54:43.234+0000] {dag.py:3486} INFO - Setting next_dagrun for saas_dag to 2025-08-05T01:54:43.114186+00:00, run_after=2025-08-05T18:34:43.114186+00:00
[2025-08-05T01:54:43.266+0000] {processor.py:178} INFO - Processing /opt/airflow/dags/project_dag.py took 0.173 seconds
[2025-08-05T01:55:13.519+0000] {processor.py:156} INFO - Started process (PID=414) to work on /opt/airflow/dags/project_dag.py
[2025-08-05T01:55:13.521+0000] {processor.py:799} INFO - Processing file /opt/airflow/dags/project_dag.py for tasks to queue
[2025-08-05T01:55:13.522+0000] {logging_mixin.py:149} INFO - [2025-08-05T01:55:13.522+0000] {dagbag.py:541} INFO - Filling up the DagBag from /opt/airflow/dags/project_dag.py
[2025-08-05T01:55:13.541+0000] {processor.py:809} INFO - DAG(s) dict_keys(['saas_dag']) retrieved from /opt/airflow/dags/project_dag.py
[2025-08-05T01:55:13.601+0000] {logging_mixin.py:149} INFO - [2025-08-05T01:55:13.601+0000] {dag.py:2726} INFO - Sync 1 DAGs
[2025-08-05T01:55:13.620+0000] {logging_mixin.py:149} INFO - [2025-08-05T01:55:13.620+0000] {dag.py:3486} INFO - Setting next_dagrun for saas_dag to 2025-08-05T01:55:13.529608+00:00, run_after=2025-08-05T18:35:13.529608+00:00
[2025-08-05T01:55:13.645+0000] {processor.py:178} INFO - Processing /opt/airflow/dags/project_dag.py took 0.131 seconds
[2025-08-05T01:55:43.829+0000] {processor.py:156} INFO - Started process (PID=415) to work on /opt/airflow/dags/project_dag.py
[2025-08-05T01:55:43.830+0000] {processor.py:799} INFO - Processing file /opt/airflow/dags/project_dag.py for tasks to queue
[2025-08-05T01:55:43.832+0000] {logging_mixin.py:149} INFO - [2025-08-05T01:55:43.831+0000] {dagbag.py:541} INFO - Filling up the DagBag from /opt/airflow/dags/project_dag.py
[2025-08-05T01:55:43.849+0000] {processor.py:809} INFO - DAG(s) dict_keys(['saas_dag']) retrieved from /opt/airflow/dags/project_dag.py
[2025-08-05T01:55:43.906+0000] {logging_mixin.py:149} INFO - [2025-08-05T01:55:43.906+0000] {dag.py:2726} INFO - Sync 1 DAGs
[2025-08-05T01:55:43.929+0000] {logging_mixin.py:149} INFO - [2025-08-05T01:55:43.929+0000] {dag.py:3486} INFO - Setting next_dagrun for saas_dag to 2025-08-05T01:55:43.838089+00:00, run_after=2025-08-05T18:35:43.838089+00:00
[2025-08-05T01:55:43.956+0000] {processor.py:178} INFO - Processing /opt/airflow/dags/project_dag.py took 0.132 seconds
[2025-08-05T01:56:14.246+0000] {processor.py:156} INFO - Started process (PID=416) to work on /opt/airflow/dags/project_dag.py
[2025-08-05T01:56:14.247+0000] {processor.py:799} INFO - Processing file /opt/airflow/dags/project_dag.py for tasks to queue
[2025-08-05T01:56:14.248+0000] {logging_mixin.py:149} INFO - [2025-08-05T01:56:14.248+0000] {dagbag.py:541} INFO - Filling up the DagBag from /opt/airflow/dags/project_dag.py
[2025-08-05T01:56:14.270+0000] {processor.py:809} INFO - DAG(s) dict_keys(['saas_dag']) retrieved from /opt/airflow/dags/project_dag.py
[2025-08-05T01:56:14.389+0000] {logging_mixin.py:149} INFO - [2025-08-05T01:56:14.389+0000] {dag.py:2726} INFO - Sync 1 DAGs
[2025-08-05T01:56:14.420+0000] {logging_mixin.py:149} INFO - [2025-08-05T01:56:14.420+0000] {dag.py:3486} INFO - Setting next_dagrun for saas_dag to 2025-08-05T01:56:14.255580+00:00, run_after=2025-08-05T18:36:14.255580+00:00
[2025-08-05T01:56:14.454+0000] {processor.py:178} INFO - Processing /opt/airflow/dags/project_dag.py took 0.214 seconds
[2025-08-05T01:56:44.602+0000] {processor.py:156} INFO - Started process (PID=417) to work on /opt/airflow/dags/project_dag.py
[2025-08-05T01:56:44.604+0000] {processor.py:799} INFO - Processing file /opt/airflow/dags/project_dag.py for tasks to queue
[2025-08-05T01:56:44.605+0000] {logging_mixin.py:149} INFO - [2025-08-05T01:56:44.604+0000] {dagbag.py:541} INFO - Filling up the DagBag from /opt/airflow/dags/project_dag.py
[2025-08-05T01:56:44.622+0000] {processor.py:809} INFO - DAG(s) dict_keys(['saas_dag']) retrieved from /opt/airflow/dags/project_dag.py
[2025-08-05T01:56:44.686+0000] {logging_mixin.py:149} INFO - [2025-08-05T01:56:44.686+0000] {dag.py:2726} INFO - Sync 1 DAGs
[2025-08-05T01:56:44.710+0000] {logging_mixin.py:149} INFO - [2025-08-05T01:56:44.709+0000] {dag.py:3486} INFO - Setting next_dagrun for saas_dag to 2025-08-05T01:56:44.611304+00:00, run_after=2025-08-05T18:36:44.611304+00:00
[2025-08-05T01:56:44.738+0000] {processor.py:178} INFO - Processing /opt/airflow/dags/project_dag.py took 0.140 seconds
[2025-08-05T01:57:14.992+0000] {processor.py:156} INFO - Started process (PID=418) to work on /opt/airflow/dags/project_dag.py
[2025-08-05T01:57:14.994+0000] {processor.py:799} INFO - Processing file /opt/airflow/dags/project_dag.py for tasks to queue
[2025-08-05T01:57:14.995+0000] {logging_mixin.py:149} INFO - [2025-08-05T01:57:14.995+0000] {dagbag.py:541} INFO - Filling up the DagBag from /opt/airflow/dags/project_dag.py
[2025-08-05T01:57:15.013+0000] {processor.py:809} INFO - DAG(s) dict_keys(['saas_dag']) retrieved from /opt/airflow/dags/project_dag.py
[2025-08-05T01:57:15.084+0000] {logging_mixin.py:149} INFO - [2025-08-05T01:57:15.084+0000] {dag.py:2726} INFO - Sync 1 DAGs
[2025-08-05T01:57:15.113+0000] {logging_mixin.py:149} INFO - [2025-08-05T01:57:15.113+0000] {dag.py:3486} INFO - Setting next_dagrun for saas_dag to 2025-08-05T01:57:15.002239+00:00, run_after=2025-08-05T18:37:15.002239+00:00
[2025-08-05T01:57:15.146+0000] {processor.py:178} INFO - Processing /opt/airflow/dags/project_dag.py took 0.159 seconds
[2025-08-05T01:57:45.465+0000] {processor.py:156} INFO - Started process (PID=419) to work on /opt/airflow/dags/project_dag.py
[2025-08-05T01:57:45.466+0000] {processor.py:799} INFO - Processing file /opt/airflow/dags/project_dag.py for tasks to queue
[2025-08-05T01:57:45.467+0000] {logging_mixin.py:149} INFO - [2025-08-05T01:57:45.467+0000] {dagbag.py:541} INFO - Filling up the DagBag from /opt/airflow/dags/project_dag.py
[2025-08-05T01:57:45.484+0000] {processor.py:809} INFO - DAG(s) dict_keys(['saas_dag']) retrieved from /opt/airflow/dags/project_dag.py
[2025-08-05T01:57:45.550+0000] {logging_mixin.py:149} INFO - [2025-08-05T01:57:45.550+0000] {dag.py:2726} INFO - Sync 1 DAGs
[2025-08-05T01:57:45.573+0000] {logging_mixin.py:149} INFO - [2025-08-05T01:57:45.573+0000] {dag.py:3486} INFO - Setting next_dagrun for saas_dag to 2025-08-05T01:57:45.474554+00:00, run_after=2025-08-05T18:37:45.474554+00:00
[2025-08-05T01:57:45.605+0000] {processor.py:178} INFO - Processing /opt/airflow/dags/project_dag.py took 0.143 seconds
[2025-08-05T01:58:15.906+0000] {processor.py:156} INFO - Started process (PID=420) to work on /opt/airflow/dags/project_dag.py
[2025-08-05T01:58:15.907+0000] {processor.py:799} INFO - Processing file /opt/airflow/dags/project_dag.py for tasks to queue
[2025-08-05T01:58:15.909+0000] {logging_mixin.py:149} INFO - [2025-08-05T01:58:15.908+0000] {dagbag.py:541} INFO - Filling up the DagBag from /opt/airflow/dags/project_dag.py
[2025-08-05T01:58:15.934+0000] {processor.py:809} INFO - DAG(s) dict_keys(['saas_dag']) retrieved from /opt/airflow/dags/project_dag.py
[2025-08-05T01:58:16.008+0000] {logging_mixin.py:149} INFO - [2025-08-05T01:58:16.008+0000] {dag.py:2726} INFO - Sync 1 DAGs
[2025-08-05T01:58:16.034+0000] {logging_mixin.py:149} INFO - [2025-08-05T01:58:16.034+0000] {dag.py:3486} INFO - Setting next_dagrun for saas_dag to 2025-08-05T01:58:15.918195+00:00, run_after=2025-08-05T18:38:15.918195+00:00
[2025-08-05T01:58:16.069+0000] {processor.py:178} INFO - Processing /opt/airflow/dags/project_dag.py took 0.169 seconds
[2025-08-05T01:58:46.277+0000] {processor.py:156} INFO - Started process (PID=421) to work on /opt/airflow/dags/project_dag.py
[2025-08-05T01:58:46.279+0000] {processor.py:799} INFO - Processing file /opt/airflow/dags/project_dag.py for tasks to queue
[2025-08-05T01:58:46.280+0000] {logging_mixin.py:149} INFO - [2025-08-05T01:58:46.280+0000] {dagbag.py:541} INFO - Filling up the DagBag from /opt/airflow/dags/project_dag.py
[2025-08-05T01:58:46.296+0000] {processor.py:809} INFO - DAG(s) dict_keys(['saas_dag']) retrieved from /opt/airflow/dags/project_dag.py
[2025-08-05T01:58:46.350+0000] {logging_mixin.py:149} INFO - [2025-08-05T01:58:46.350+0000] {dag.py:2726} INFO - Sync 1 DAGs
[2025-08-05T01:58:46.371+0000] {logging_mixin.py:149} INFO - [2025-08-05T01:58:46.371+0000] {dag.py:3486} INFO - Setting next_dagrun for saas_dag to 2025-08-05T01:58:46.286624+00:00, run_after=2025-08-05T18:38:46.286624+00:00
[2025-08-05T01:58:46.399+0000] {processor.py:178} INFO - Processing /opt/airflow/dags/project_dag.py took 0.126 seconds
[2025-08-05T01:59:16.569+0000] {processor.py:156} INFO - Started process (PID=422) to work on /opt/airflow/dags/project_dag.py
[2025-08-05T01:59:16.570+0000] {processor.py:799} INFO - Processing file /opt/airflow/dags/project_dag.py for tasks to queue
[2025-08-05T01:59:16.572+0000] {logging_mixin.py:149} INFO - [2025-08-05T01:59:16.572+0000] {dagbag.py:541} INFO - Filling up the DagBag from /opt/airflow/dags/project_dag.py
[2025-08-05T01:59:16.590+0000] {processor.py:809} INFO - DAG(s) dict_keys(['saas_dag']) retrieved from /opt/airflow/dags/project_dag.py
[2025-08-05T01:59:16.654+0000] {logging_mixin.py:149} INFO - [2025-08-05T01:59:16.654+0000] {dag.py:2726} INFO - Sync 1 DAGs
[2025-08-05T01:59:16.675+0000] {logging_mixin.py:149} INFO - [2025-08-05T01:59:16.675+0000] {dag.py:3486} INFO - Setting next_dagrun for saas_dag to 2025-08-05T01:59:16.578839+00:00, run_after=2025-08-05T18:39:16.578839+00:00
[2025-08-05T01:59:16.703+0000] {processor.py:178} INFO - Processing /opt/airflow/dags/project_dag.py took 0.138 seconds
[2025-08-05T01:59:46.884+0000] {processor.py:156} INFO - Started process (PID=423) to work on /opt/airflow/dags/project_dag.py
[2025-08-05T01:59:46.885+0000] {processor.py:799} INFO - Processing file /opt/airflow/dags/project_dag.py for tasks to queue
[2025-08-05T01:59:46.886+0000] {logging_mixin.py:149} INFO - [2025-08-05T01:59:46.886+0000] {dagbag.py:541} INFO - Filling up the DagBag from /opt/airflow/dags/project_dag.py
[2025-08-05T01:59:46.906+0000] {processor.py:809} INFO - DAG(s) dict_keys(['saas_dag']) retrieved from /opt/airflow/dags/project_dag.py
[2025-08-05T01:59:46.969+0000] {logging_mixin.py:149} INFO - [2025-08-05T01:59:46.969+0000] {dag.py:2726} INFO - Sync 1 DAGs
[2025-08-05T01:59:46.989+0000] {logging_mixin.py:149} INFO - [2025-08-05T01:59:46.989+0000] {dag.py:3486} INFO - Setting next_dagrun for saas_dag to 2025-08-05T01:59:46.893802+00:00, run_after=2025-08-05T18:39:46.893802+00:00
[2025-08-05T01:59:47.017+0000] {processor.py:178} INFO - Processing /opt/airflow/dags/project_dag.py took 0.140 seconds
[2025-08-05T02:00:23.598+0000] {processor.py:156} INFO - Started process (PID=516) to work on /opt/airflow/dags/project_dag.py
[2025-08-05T02:00:23.599+0000] {processor.py:799} INFO - Processing file /opt/airflow/dags/project_dag.py for tasks to queue
[2025-08-05T02:00:23.601+0000] {logging_mixin.py:149} INFO - [2025-08-05T02:00:23.600+0000] {dagbag.py:541} INFO - Filling up the DagBag from /opt/airflow/dags/project_dag.py
[2025-08-05T02:00:23.617+0000] {processor.py:809} INFO - DAG(s) dict_keys(['saas_dag']) retrieved from /opt/airflow/dags/project_dag.py
[2025-08-05T02:00:23.681+0000] {logging_mixin.py:149} INFO - [2025-08-05T02:00:23.681+0000] {dag.py:2726} INFO - Sync 1 DAGs
[2025-08-05T02:00:23.705+0000] {logging_mixin.py:149} INFO - [2025-08-05T02:00:23.705+0000] {dag.py:3486} INFO - Setting next_dagrun for saas_dag to 2025-08-05T02:00:23.606930+00:00, run_after=2025-08-05T18:40:23.606930+00:00
[2025-08-05T02:00:23.732+0000] {processor.py:178} INFO - Processing /opt/airflow/dags/project_dag.py took 0.138 seconds
[2025-08-05T02:00:54.100+0000] {processor.py:156} INFO - Started process (PID=517) to work on /opt/airflow/dags/project_dag.py
[2025-08-05T02:00:54.101+0000] {processor.py:799} INFO - Processing file /opt/airflow/dags/project_dag.py for tasks to queue
[2025-08-05T02:00:54.102+0000] {logging_mixin.py:149} INFO - [2025-08-05T02:00:54.102+0000] {dagbag.py:541} INFO - Filling up the DagBag from /opt/airflow/dags/project_dag.py
[2025-08-05T02:00:54.120+0000] {processor.py:809} INFO - DAG(s) dict_keys(['saas_dag']) retrieved from /opt/airflow/dags/project_dag.py
[2025-08-05T02:00:54.174+0000] {logging_mixin.py:149} INFO - [2025-08-05T02:00:54.174+0000] {dag.py:2726} INFO - Sync 1 DAGs
[2025-08-05T02:00:54.194+0000] {logging_mixin.py:149} INFO - [2025-08-05T02:00:54.194+0000] {dag.py:3486} INFO - Setting next_dagrun for saas_dag to 2025-08-05T02:00:54.109666+00:00, run_after=2025-08-05T18:40:54.109666+00:00
[2025-08-05T02:00:54.220+0000] {processor.py:178} INFO - Processing /opt/airflow/dags/project_dag.py took 0.125 seconds
[2025-08-05T02:01:24.926+0000] {processor.py:156} INFO - Started process (PID=518) to work on /opt/airflow/dags/project_dag.py
[2025-08-05T02:01:24.927+0000] {processor.py:799} INFO - Processing file /opt/airflow/dags/project_dag.py for tasks to queue
[2025-08-05T02:01:24.928+0000] {logging_mixin.py:149} INFO - [2025-08-05T02:01:24.928+0000] {dagbag.py:541} INFO - Filling up the DagBag from /opt/airflow/dags/project_dag.py
[2025-08-05T02:01:24.945+0000] {processor.py:809} INFO - DAG(s) dict_keys(['saas_dag']) retrieved from /opt/airflow/dags/project_dag.py
[2025-08-05T02:01:25.003+0000] {logging_mixin.py:149} INFO - [2025-08-05T02:01:25.003+0000] {dag.py:2726} INFO - Sync 1 DAGs
[2025-08-05T02:01:25.022+0000] {logging_mixin.py:149} INFO - [2025-08-05T02:01:25.022+0000] {dag.py:3486} INFO - Setting next_dagrun for saas_dag to 2025-08-05T02:01:24.935484+00:00, run_after=2025-08-05T18:41:24.935484+00:00
[2025-08-05T02:01:25.046+0000] {processor.py:178} INFO - Processing /opt/airflow/dags/project_dag.py took 0.125 seconds
[2025-08-05T02:01:55.394+0000] {processor.py:156} INFO - Started process (PID=519) to work on /opt/airflow/dags/project_dag.py
[2025-08-05T02:01:55.395+0000] {processor.py:799} INFO - Processing file /opt/airflow/dags/project_dag.py for tasks to queue
[2025-08-05T02:01:55.397+0000] {logging_mixin.py:149} INFO - [2025-08-05T02:01:55.397+0000] {dagbag.py:541} INFO - Filling up the DagBag from /opt/airflow/dags/project_dag.py
[2025-08-05T02:01:55.414+0000] {processor.py:809} INFO - DAG(s) dict_keys(['saas_dag']) retrieved from /opt/airflow/dags/project_dag.py
[2025-08-05T02:01:55.556+0000] {logging_mixin.py:149} INFO - [2025-08-05T02:01:55.556+0000] {dag.py:2726} INFO - Sync 1 DAGs
[2025-08-05T02:01:55.601+0000] {logging_mixin.py:149} INFO - [2025-08-05T02:01:55.601+0000] {dag.py:3486} INFO - Setting next_dagrun for saas_dag to 2025-08-05T02:01:55.403536+00:00, run_after=2025-08-05T18:41:55.403536+00:00
[2025-08-05T02:01:55.631+0000] {processor.py:178} INFO - Processing /opt/airflow/dags/project_dag.py took 0.242 seconds
[2025-08-05T02:02:26.288+0000] {processor.py:156} INFO - Started process (PID=520) to work on /opt/airflow/dags/project_dag.py
[2025-08-05T02:02:26.290+0000] {processor.py:799} INFO - Processing file /opt/airflow/dags/project_dag.py for tasks to queue
[2025-08-05T02:02:26.291+0000] {logging_mixin.py:149} INFO - [2025-08-05T02:02:26.291+0000] {dagbag.py:541} INFO - Filling up the DagBag from /opt/airflow/dags/project_dag.py
[2025-08-05T02:02:26.307+0000] {processor.py:809} INFO - DAG(s) dict_keys(['saas_dag']) retrieved from /opt/airflow/dags/project_dag.py
[2025-08-05T02:02:26.374+0000] {logging_mixin.py:149} INFO - [2025-08-05T02:02:26.374+0000] {dag.py:2726} INFO - Sync 1 DAGs
[2025-08-05T02:02:26.398+0000] {logging_mixin.py:149} INFO - [2025-08-05T02:02:26.398+0000] {dag.py:3486} INFO - Setting next_dagrun for saas_dag to 2025-08-05T02:02:26.297459+00:00, run_after=2025-08-05T18:42:26.297459+00:00
[2025-08-05T02:02:26.425+0000] {processor.py:178} INFO - Processing /opt/airflow/dags/project_dag.py took 0.141 seconds
[2025-08-05T02:02:57.120+0000] {processor.py:156} INFO - Started process (PID=521) to work on /opt/airflow/dags/project_dag.py
[2025-08-05T02:02:57.121+0000] {processor.py:799} INFO - Processing file /opt/airflow/dags/project_dag.py for tasks to queue
[2025-08-05T02:02:57.122+0000] {logging_mixin.py:149} INFO - [2025-08-05T02:02:57.122+0000] {dagbag.py:541} INFO - Filling up the DagBag from /opt/airflow/dags/project_dag.py
[2025-08-05T02:02:57.143+0000] {processor.py:809} INFO - DAG(s) dict_keys(['saas_dag']) retrieved from /opt/airflow/dags/project_dag.py
[2025-08-05T02:02:57.202+0000] {logging_mixin.py:149} INFO - [2025-08-05T02:02:57.202+0000] {dag.py:2726} INFO - Sync 1 DAGs
[2025-08-05T02:02:57.223+0000] {logging_mixin.py:149} INFO - [2025-08-05T02:02:57.222+0000] {dag.py:3486} INFO - Setting next_dagrun for saas_dag to 2025-08-05T02:02:57.132024+00:00, run_after=2025-08-05T18:42:57.132024+00:00
[2025-08-05T02:02:57.247+0000] {processor.py:178} INFO - Processing /opt/airflow/dags/project_dag.py took 0.132 seconds
[2025-08-05T02:03:27.526+0000] {processor.py:156} INFO - Started process (PID=522) to work on /opt/airflow/dags/project_dag.py
[2025-08-05T02:03:27.527+0000] {processor.py:799} INFO - Processing file /opt/airflow/dags/project_dag.py for tasks to queue
[2025-08-05T02:03:27.529+0000] {logging_mixin.py:149} INFO - [2025-08-05T02:03:27.529+0000] {dagbag.py:541} INFO - Filling up the DagBag from /opt/airflow/dags/project_dag.py
[2025-08-05T02:03:27.548+0000] {processor.py:809} INFO - DAG(s) dict_keys(['saas_dag']) retrieved from /opt/airflow/dags/project_dag.py
[2025-08-05T02:03:27.617+0000] {logging_mixin.py:149} INFO - [2025-08-05T02:03:27.617+0000] {dag.py:2726} INFO - Sync 1 DAGs
[2025-08-05T02:03:27.642+0000] {logging_mixin.py:149} INFO - [2025-08-05T02:03:27.642+0000] {dag.py:3486} INFO - Setting next_dagrun for saas_dag to 2025-08-05T02:03:27.536656+00:00, run_after=2025-08-05T18:43:27.536656+00:00
[2025-08-05T02:03:27.670+0000] {processor.py:178} INFO - Processing /opt/airflow/dags/project_dag.py took 0.150 seconds
[2025-08-05T02:03:58.625+0000] {processor.py:156} INFO - Started process (PID=523) to work on /opt/airflow/dags/project_dag.py
[2025-08-05T02:03:58.627+0000] {processor.py:799} INFO - Processing file /opt/airflow/dags/project_dag.py for tasks to queue
[2025-08-05T02:03:58.628+0000] {logging_mixin.py:149} INFO - [2025-08-05T02:03:58.628+0000] {dagbag.py:541} INFO - Filling up the DagBag from /opt/airflow/dags/project_dag.py
[2025-08-05T02:03:58.646+0000] {processor.py:809} INFO - DAG(s) dict_keys(['saas_dag']) retrieved from /opt/airflow/dags/project_dag.py
[2025-08-05T02:03:58.702+0000] {logging_mixin.py:149} INFO - [2025-08-05T02:03:58.702+0000] {dag.py:2726} INFO - Sync 1 DAGs
[2025-08-05T02:03:58.721+0000] {logging_mixin.py:149} INFO - [2025-08-05T02:03:58.721+0000] {dag.py:3486} INFO - Setting next_dagrun for saas_dag to 2025-08-05T02:03:58.635425+00:00, run_after=2025-08-05T18:43:58.635425+00:00
[2025-08-05T02:03:58.745+0000] {processor.py:178} INFO - Processing /opt/airflow/dags/project_dag.py took 0.125 seconds
[2025-08-05T02:04:29.118+0000] {processor.py:156} INFO - Started process (PID=524) to work on /opt/airflow/dags/project_dag.py
[2025-08-05T02:04:29.119+0000] {processor.py:799} INFO - Processing file /opt/airflow/dags/project_dag.py for tasks to queue
[2025-08-05T02:04:29.121+0000] {logging_mixin.py:149} INFO - [2025-08-05T02:04:29.120+0000] {dagbag.py:541} INFO - Filling up the DagBag from /opt/airflow/dags/project_dag.py
[2025-08-05T02:04:29.139+0000] {processor.py:809} INFO - DAG(s) dict_keys(['saas_dag']) retrieved from /opt/airflow/dags/project_dag.py
[2025-08-05T02:04:29.210+0000] {logging_mixin.py:149} INFO - [2025-08-05T02:04:29.210+0000] {dag.py:2726} INFO - Sync 1 DAGs
[2025-08-05T02:04:29.231+0000] {logging_mixin.py:149} INFO - [2025-08-05T02:04:29.231+0000] {dag.py:3486} INFO - Setting next_dagrun for saas_dag to 2025-08-05T02:04:29.128412+00:00, run_after=2025-08-05T18:44:29.128412+00:00
[2025-08-05T02:04:29.259+0000] {processor.py:178} INFO - Processing /opt/airflow/dags/project_dag.py took 0.145 seconds
[2025-08-05T02:04:59.386+0000] {processor.py:156} INFO - Started process (PID=525) to work on /opt/airflow/dags/project_dag.py
[2025-08-05T02:04:59.388+0000] {processor.py:799} INFO - Processing file /opt/airflow/dags/project_dag.py for tasks to queue
[2025-08-05T02:04:59.390+0000] {logging_mixin.py:149} INFO - [2025-08-05T02:04:59.389+0000] {dagbag.py:541} INFO - Filling up the DagBag from /opt/airflow/dags/project_dag.py
[2025-08-05T02:04:59.408+0000] {processor.py:809} INFO - DAG(s) dict_keys(['saas_dag']) retrieved from /opt/airflow/dags/project_dag.py
[2025-08-05T02:04:59.469+0000] {logging_mixin.py:149} INFO - [2025-08-05T02:04:59.469+0000] {dag.py:2726} INFO - Sync 1 DAGs
[2025-08-05T02:04:59.489+0000] {logging_mixin.py:149} INFO - [2025-08-05T02:04:59.489+0000] {dag.py:3486} INFO - Setting next_dagrun for saas_dag to 2025-08-05T02:04:59.397598+00:00, run_after=2025-08-05T18:44:59.397598+00:00
[2025-08-05T02:04:59.521+0000] {processor.py:178} INFO - Processing /opt/airflow/dags/project_dag.py took 0.140 seconds
[2025-08-05T02:05:29.628+0000] {processor.py:156} INFO - Started process (PID=526) to work on /opt/airflow/dags/project_dag.py
[2025-08-05T02:05:29.630+0000] {processor.py:799} INFO - Processing file /opt/airflow/dags/project_dag.py for tasks to queue
[2025-08-05T02:05:29.631+0000] {logging_mixin.py:149} INFO - [2025-08-05T02:05:29.631+0000] {dagbag.py:541} INFO - Filling up the DagBag from /opt/airflow/dags/project_dag.py
[2025-08-05T02:05:29.649+0000] {processor.py:809} INFO - DAG(s) dict_keys(['saas_dag']) retrieved from /opt/airflow/dags/project_dag.py
[2025-08-05T02:05:29.717+0000] {logging_mixin.py:149} INFO - [2025-08-05T02:05:29.717+0000] {dag.py:2726} INFO - Sync 1 DAGs
[2025-08-05T02:05:29.741+0000] {logging_mixin.py:149} INFO - [2025-08-05T02:05:29.741+0000] {dag.py:3486} INFO - Setting next_dagrun for saas_dag to 2025-08-05T02:05:29.638679+00:00, run_after=2025-08-05T18:45:29.638679+00:00
[2025-08-05T02:05:29.771+0000] {processor.py:178} INFO - Processing /opt/airflow/dags/project_dag.py took 0.148 seconds
[2025-08-05T02:05:59.906+0000] {processor.py:156} INFO - Started process (PID=527) to work on /opt/airflow/dags/project_dag.py
[2025-08-05T02:05:59.908+0000] {processor.py:799} INFO - Processing file /opt/airflow/dags/project_dag.py for tasks to queue
[2025-08-05T02:05:59.910+0000] {logging_mixin.py:149} INFO - [2025-08-05T02:05:59.909+0000] {dagbag.py:541} INFO - Filling up the DagBag from /opt/airflow/dags/project_dag.py
[2025-08-05T02:05:59.929+0000] {processor.py:809} INFO - DAG(s) dict_keys(['saas_dag']) retrieved from /opt/airflow/dags/project_dag.py
[2025-08-05T02:06:00.007+0000] {logging_mixin.py:149} INFO - [2025-08-05T02:06:00.006+0000] {dag.py:2726} INFO - Sync 1 DAGs
[2025-08-05T02:06:00.033+0000] {logging_mixin.py:149} INFO - [2025-08-05T02:06:00.033+0000] {dag.py:3486} INFO - Setting next_dagrun for saas_dag to 2025-08-05T02:05:59.917673+00:00, run_after=2025-08-05T18:45:59.917673+00:00
[2025-08-05T02:06:00.065+0000] {processor.py:178} INFO - Processing /opt/airflow/dags/project_dag.py took 0.164 seconds
[2025-08-05T02:06:30.192+0000] {processor.py:156} INFO - Started process (PID=528) to work on /opt/airflow/dags/project_dag.py
[2025-08-05T02:06:30.193+0000] {processor.py:799} INFO - Processing file /opt/airflow/dags/project_dag.py for tasks to queue
[2025-08-05T02:06:30.194+0000] {logging_mixin.py:149} INFO - [2025-08-05T02:06:30.194+0000] {dagbag.py:541} INFO - Filling up the DagBag from /opt/airflow/dags/project_dag.py
[2025-08-05T02:06:30.211+0000] {processor.py:809} INFO - DAG(s) dict_keys(['saas_dag']) retrieved from /opt/airflow/dags/project_dag.py
[2025-08-05T02:06:30.264+0000] {logging_mixin.py:149} INFO - [2025-08-05T02:06:30.264+0000] {dag.py:2726} INFO - Sync 1 DAGs
[2025-08-05T02:06:30.284+0000] {logging_mixin.py:149} INFO - [2025-08-05T02:06:30.283+0000] {dag.py:3486} INFO - Setting next_dagrun for saas_dag to 2025-08-05T02:06:30.201043+00:00, run_after=2025-08-05T18:46:30.201043+00:00
[2025-08-05T02:06:30.310+0000] {processor.py:178} INFO - Processing /opt/airflow/dags/project_dag.py took 0.123 seconds
[2025-08-05T02:07:00.420+0000] {processor.py:156} INFO - Started process (PID=529) to work on /opt/airflow/dags/project_dag.py
[2025-08-05T02:07:00.422+0000] {processor.py:799} INFO - Processing file /opt/airflow/dags/project_dag.py for tasks to queue
[2025-08-05T02:07:00.424+0000] {logging_mixin.py:149} INFO - [2025-08-05T02:07:00.423+0000] {dagbag.py:541} INFO - Filling up the DagBag from /opt/airflow/dags/project_dag.py
[2025-08-05T02:07:00.443+0000] {processor.py:809} INFO - DAG(s) dict_keys(['saas_dag']) retrieved from /opt/airflow/dags/project_dag.py
[2025-08-05T02:07:00.511+0000] {logging_mixin.py:149} INFO - [2025-08-05T02:07:00.511+0000] {dag.py:2726} INFO - Sync 1 DAGs
[2025-08-05T02:07:00.536+0000] {logging_mixin.py:149} INFO - [2025-08-05T02:07:00.536+0000] {dag.py:3486} INFO - Setting next_dagrun for saas_dag to 2025-08-05T02:07:00.430315+00:00, run_after=2025-08-05T18:47:00.430315+00:00
[2025-08-05T02:07:00.565+0000] {processor.py:178} INFO - Processing /opt/airflow/dags/project_dag.py took 0.149 seconds
[2025-08-05T02:07:30.858+0000] {processor.py:156} INFO - Started process (PID=530) to work on /opt/airflow/dags/project_dag.py
[2025-08-05T02:07:30.859+0000] {processor.py:799} INFO - Processing file /opt/airflow/dags/project_dag.py for tasks to queue
[2025-08-05T02:07:30.860+0000] {logging_mixin.py:149} INFO - [2025-08-05T02:07:30.860+0000] {dagbag.py:541} INFO - Filling up the DagBag from /opt/airflow/dags/project_dag.py
[2025-08-05T02:07:30.878+0000] {processor.py:809} INFO - DAG(s) dict_keys(['saas_dag']) retrieved from /opt/airflow/dags/project_dag.py
[2025-08-05T02:07:30.943+0000] {logging_mixin.py:149} INFO - [2025-08-05T02:07:30.943+0000] {dag.py:2726} INFO - Sync 1 DAGs
[2025-08-05T02:07:30.966+0000] {logging_mixin.py:149} INFO - [2025-08-05T02:07:30.966+0000] {dag.py:3486} INFO - Setting next_dagrun for saas_dag to 2025-08-05T02:07:30.867912+00:00, run_after=2025-08-05T18:47:30.867912+00:00
[2025-08-05T02:07:30.992+0000] {processor.py:178} INFO - Processing /opt/airflow/dags/project_dag.py took 0.139 seconds
[2025-08-05T02:08:01.478+0000] {processor.py:156} INFO - Started process (PID=531) to work on /opt/airflow/dags/project_dag.py
[2025-08-05T02:08:01.480+0000] {processor.py:799} INFO - Processing file /opt/airflow/dags/project_dag.py for tasks to queue
[2025-08-05T02:08:01.481+0000] {logging_mixin.py:149} INFO - [2025-08-05T02:08:01.481+0000] {dagbag.py:541} INFO - Filling up the DagBag from /opt/airflow/dags/project_dag.py
[2025-08-05T02:08:01.499+0000] {processor.py:809} INFO - DAG(s) dict_keys(['saas_dag']) retrieved from /opt/airflow/dags/project_dag.py
[2025-08-05T02:08:01.559+0000] {logging_mixin.py:149} INFO - [2025-08-05T02:08:01.559+0000] {dag.py:2726} INFO - Sync 1 DAGs
[2025-08-05T02:08:01.581+0000] {logging_mixin.py:149} INFO - [2025-08-05T02:08:01.581+0000] {dag.py:3486} INFO - Setting next_dagrun for saas_dag to 2025-08-05T02:08:01.488682+00:00, run_after=2025-08-05T18:48:01.488682+00:00
[2025-08-05T02:08:01.608+0000] {processor.py:178} INFO - Processing /opt/airflow/dags/project_dag.py took 0.135 seconds
[2025-08-05T02:08:32.161+0000] {processor.py:156} INFO - Started process (PID=532) to work on /opt/airflow/dags/project_dag.py
[2025-08-05T02:08:32.164+0000] {processor.py:799} INFO - Processing file /opt/airflow/dags/project_dag.py for tasks to queue
[2025-08-05T02:08:32.165+0000] {logging_mixin.py:149} INFO - [2025-08-05T02:08:32.165+0000] {dagbag.py:541} INFO - Filling up the DagBag from /opt/airflow/dags/project_dag.py
[2025-08-05T02:08:32.184+0000] {processor.py:809} INFO - DAG(s) dict_keys(['saas_dag']) retrieved from /opt/airflow/dags/project_dag.py
[2025-08-05T02:08:32.253+0000] {logging_mixin.py:149} INFO - [2025-08-05T02:08:32.253+0000] {dag.py:2726} INFO - Sync 1 DAGs
[2025-08-05T02:08:32.276+0000] {logging_mixin.py:149} INFO - [2025-08-05T02:08:32.276+0000] {dag.py:3486} INFO - Setting next_dagrun for saas_dag to 2025-08-05T02:08:32.172154+00:00, run_after=2025-08-05T18:48:32.172154+00:00
[2025-08-05T02:08:32.304+0000] {processor.py:178} INFO - Processing /opt/airflow/dags/project_dag.py took 0.148 seconds
[2025-08-05T02:09:02.673+0000] {processor.py:156} INFO - Started process (PID=533) to work on /opt/airflow/dags/project_dag.py
[2025-08-05T02:09:02.675+0000] {processor.py:799} INFO - Processing file /opt/airflow/dags/project_dag.py for tasks to queue
[2025-08-05T02:09:02.676+0000] {logging_mixin.py:149} INFO - [2025-08-05T02:09:02.676+0000] {dagbag.py:541} INFO - Filling up the DagBag from /opt/airflow/dags/project_dag.py
[2025-08-05T02:09:02.695+0000] {processor.py:809} INFO - DAG(s) dict_keys(['saas_dag']) retrieved from /opt/airflow/dags/project_dag.py
[2025-08-05T02:09:02.754+0000] {logging_mixin.py:149} INFO - [2025-08-05T02:09:02.754+0000] {dag.py:2726} INFO - Sync 1 DAGs
[2025-08-05T02:09:02.775+0000] {logging_mixin.py:149} INFO - [2025-08-05T02:09:02.775+0000] {dag.py:3486} INFO - Setting next_dagrun for saas_dag to 2025-08-05T02:09:02.684693+00:00, run_after=2025-08-05T18:49:02.684693+00:00
[2025-08-05T02:09:02.800+0000] {processor.py:178} INFO - Processing /opt/airflow/dags/project_dag.py took 0.132 seconds
[2025-08-05T02:09:33.252+0000] {processor.py:156} INFO - Started process (PID=534) to work on /opt/airflow/dags/project_dag.py
[2025-08-05T02:09:33.254+0000] {processor.py:799} INFO - Processing file /opt/airflow/dags/project_dag.py for tasks to queue
[2025-08-05T02:09:33.255+0000] {logging_mixin.py:149} INFO - [2025-08-05T02:09:33.255+0000] {dagbag.py:541} INFO - Filling up the DagBag from /opt/airflow/dags/project_dag.py
[2025-08-05T02:09:33.273+0000] {processor.py:809} INFO - DAG(s) dict_keys(['saas_dag']) retrieved from /opt/airflow/dags/project_dag.py
[2025-08-05T02:09:33.331+0000] {logging_mixin.py:149} INFO - [2025-08-05T02:09:33.331+0000] {dag.py:2726} INFO - Sync 1 DAGs
[2025-08-05T02:09:33.349+0000] {logging_mixin.py:149} INFO - [2025-08-05T02:09:33.349+0000] {dag.py:3486} INFO - Setting next_dagrun for saas_dag to 2025-08-05T02:09:33.262673+00:00, run_after=2025-08-05T18:49:33.262673+00:00
[2025-08-05T02:09:33.373+0000] {processor.py:178} INFO - Processing /opt/airflow/dags/project_dag.py took 0.127 seconds
[2025-08-05T02:10:04.348+0000] {processor.py:156} INFO - Started process (PID=535) to work on /opt/airflow/dags/project_dag.py
[2025-08-05T02:10:04.350+0000] {processor.py:799} INFO - Processing file /opt/airflow/dags/project_dag.py for tasks to queue
[2025-08-05T02:10:04.351+0000] {logging_mixin.py:149} INFO - [2025-08-05T02:10:04.351+0000] {dagbag.py:541} INFO - Filling up the DagBag from /opt/airflow/dags/project_dag.py
[2025-08-05T02:10:04.369+0000] {processor.py:809} INFO - DAG(s) dict_keys(['saas_dag']) retrieved from /opt/airflow/dags/project_dag.py
[2025-08-05T02:10:04.423+0000] {logging_mixin.py:149} INFO - [2025-08-05T02:10:04.423+0000] {dag.py:2726} INFO - Sync 1 DAGs
[2025-08-05T02:10:04.441+0000] {logging_mixin.py:149} INFO - [2025-08-05T02:10:04.440+0000] {dag.py:3486} INFO - Setting next_dagrun for saas_dag to 2025-08-05T02:10:04.358297+00:00, run_after=2025-08-05T18:50:04.358297+00:00
[2025-08-05T02:10:04.469+0000] {processor.py:178} INFO - Processing /opt/airflow/dags/project_dag.py took 0.126 seconds
[2025-08-05T02:10:34.676+0000] {processor.py:156} INFO - Started process (PID=536) to work on /opt/airflow/dags/project_dag.py
[2025-08-05T02:10:34.677+0000] {processor.py:799} INFO - Processing file /opt/airflow/dags/project_dag.py for tasks to queue
[2025-08-05T02:10:34.678+0000] {logging_mixin.py:149} INFO - [2025-08-05T02:10:34.678+0000] {dagbag.py:541} INFO - Filling up the DagBag from /opt/airflow/dags/project_dag.py
[2025-08-05T02:10:34.695+0000] {processor.py:809} INFO - DAG(s) dict_keys(['saas_dag']) retrieved from /opt/airflow/dags/project_dag.py
[2025-08-05T02:10:34.753+0000] {logging_mixin.py:149} INFO - [2025-08-05T02:10:34.753+0000] {dag.py:2726} INFO - Sync 1 DAGs
[2025-08-05T02:10:34.774+0000] {logging_mixin.py:149} INFO - [2025-08-05T02:10:34.774+0000] {dag.py:3486} INFO - Setting next_dagrun for saas_dag to 2025-08-05T02:10:34.685634+00:00, run_after=2025-08-05T18:50:34.685634+00:00
[2025-08-05T02:10:34.801+0000] {processor.py:178} INFO - Processing /opt/airflow/dags/project_dag.py took 0.130 seconds
[2025-08-05T02:11:05.152+0000] {processor.py:156} INFO - Started process (PID=537) to work on /opt/airflow/dags/project_dag.py
[2025-08-05T02:11:05.154+0000] {processor.py:799} INFO - Processing file /opt/airflow/dags/project_dag.py for tasks to queue
[2025-08-05T02:11:05.155+0000] {logging_mixin.py:149} INFO - [2025-08-05T02:11:05.155+0000] {dagbag.py:541} INFO - Filling up the DagBag from /opt/airflow/dags/project_dag.py
[2025-08-05T02:11:05.179+0000] {processor.py:809} INFO - DAG(s) dict_keys(['saas_dag']) retrieved from /opt/airflow/dags/project_dag.py
[2025-08-05T02:11:05.254+0000] {logging_mixin.py:149} INFO - [2025-08-05T02:11:05.254+0000] {dag.py:2726} INFO - Sync 1 DAGs
[2025-08-05T02:11:05.279+0000] {logging_mixin.py:149} INFO - [2025-08-05T02:11:05.279+0000] {dag.py:3486} INFO - Setting next_dagrun for saas_dag to 2025-08-05T02:11:05.163619+00:00, run_after=2025-08-05T18:51:05.163619+00:00
[2025-08-05T02:11:05.310+0000] {processor.py:178} INFO - Processing /opt/airflow/dags/project_dag.py took 0.162 seconds
[2025-08-05T02:11:35.935+0000] {processor.py:156} INFO - Started process (PID=538) to work on /opt/airflow/dags/project_dag.py
[2025-08-05T02:11:35.937+0000] {processor.py:799} INFO - Processing file /opt/airflow/dags/project_dag.py for tasks to queue
[2025-08-05T02:11:35.939+0000] {logging_mixin.py:149} INFO - [2025-08-05T02:11:35.938+0000] {dagbag.py:541} INFO - Filling up the DagBag from /opt/airflow/dags/project_dag.py
[2025-08-05T02:11:35.977+0000] {processor.py:809} INFO - DAG(s) dict_keys(['saas_dag']) retrieved from /opt/airflow/dags/project_dag.py
[2025-08-05T02:11:36.075+0000] {logging_mixin.py:149} INFO - [2025-08-05T02:11:36.075+0000] {dag.py:2726} INFO - Sync 1 DAGs
[2025-08-05T02:11:36.103+0000] {logging_mixin.py:149} INFO - [2025-08-05T02:11:36.103+0000] {dag.py:3486} INFO - Setting next_dagrun for saas_dag to 2025-08-05T02:11:35.947912+00:00, run_after=2025-08-05T18:51:35.947912+00:00
[2025-08-05T02:11:36.137+0000] {processor.py:178} INFO - Processing /opt/airflow/dags/project_dag.py took 0.208 seconds
[2025-08-05T02:12:06.520+0000] {processor.py:156} INFO - Started process (PID=539) to work on /opt/airflow/dags/project_dag.py
[2025-08-05T02:12:06.521+0000] {processor.py:799} INFO - Processing file /opt/airflow/dags/project_dag.py for tasks to queue
[2025-08-05T02:12:06.523+0000] {logging_mixin.py:149} INFO - [2025-08-05T02:12:06.523+0000] {dagbag.py:541} INFO - Filling up the DagBag from /opt/airflow/dags/project_dag.py
[2025-08-05T02:12:06.540+0000] {processor.py:809} INFO - DAG(s) dict_keys(['saas_dag']) retrieved from /opt/airflow/dags/project_dag.py
[2025-08-05T02:12:06.595+0000] {logging_mixin.py:149} INFO - [2025-08-05T02:12:06.595+0000] {dag.py:2726} INFO - Sync 1 DAGs
[2025-08-05T02:12:06.614+0000] {logging_mixin.py:149} INFO - [2025-08-05T02:12:06.614+0000] {dag.py:3486} INFO - Setting next_dagrun for saas_dag to 2025-08-05T02:12:06.529726+00:00, run_after=2025-08-05T18:52:06.529726+00:00
[2025-08-05T02:12:06.638+0000] {processor.py:178} INFO - Processing /opt/airflow/dags/project_dag.py took 0.123 seconds
[2025-08-05T02:12:37.099+0000] {processor.py:156} INFO - Started process (PID=540) to work on /opt/airflow/dags/project_dag.py
[2025-08-05T02:12:37.100+0000] {processor.py:799} INFO - Processing file /opt/airflow/dags/project_dag.py for tasks to queue
[2025-08-05T02:12:37.102+0000] {logging_mixin.py:149} INFO - [2025-08-05T02:12:37.102+0000] {dagbag.py:541} INFO - Filling up the DagBag from /opt/airflow/dags/project_dag.py
[2025-08-05T02:12:37.120+0000] {processor.py:809} INFO - DAG(s) dict_keys(['saas_dag']) retrieved from /opt/airflow/dags/project_dag.py
[2025-08-05T02:12:37.192+0000] {logging_mixin.py:149} INFO - [2025-08-05T02:12:37.192+0000] {dag.py:2726} INFO - Sync 1 DAGs
[2025-08-05T02:12:37.213+0000] {logging_mixin.py:149} INFO - [2025-08-05T02:12:37.212+0000] {dag.py:3486} INFO - Setting next_dagrun for saas_dag to 2025-08-05T02:12:37.109477+00:00, run_after=2025-08-05T18:52:37.109477+00:00
[2025-08-05T02:12:37.238+0000] {processor.py:178} INFO - Processing /opt/airflow/dags/project_dag.py took 0.143 seconds
[2025-08-05T02:13:07.686+0000] {processor.py:156} INFO - Started process (PID=541) to work on /opt/airflow/dags/project_dag.py
[2025-08-05T02:13:07.687+0000] {processor.py:799} INFO - Processing file /opt/airflow/dags/project_dag.py for tasks to queue
[2025-08-05T02:13:07.688+0000] {logging_mixin.py:149} INFO - [2025-08-05T02:13:07.688+0000] {dagbag.py:541} INFO - Filling up the DagBag from /opt/airflow/dags/project_dag.py
[2025-08-05T02:13:07.705+0000] {processor.py:809} INFO - DAG(s) dict_keys(['saas_dag']) retrieved from /opt/airflow/dags/project_dag.py
[2025-08-05T02:13:07.758+0000] {logging_mixin.py:149} INFO - [2025-08-05T02:13:07.758+0000] {dag.py:2726} INFO - Sync 1 DAGs
[2025-08-05T02:13:07.776+0000] {logging_mixin.py:149} INFO - [2025-08-05T02:13:07.776+0000] {dag.py:3486} INFO - Setting next_dagrun for saas_dag to 2025-08-05T02:13:07.695496+00:00, run_after=2025-08-05T18:53:07.695496+00:00
[2025-08-05T02:13:07.802+0000] {processor.py:178} INFO - Processing /opt/airflow/dags/project_dag.py took 0.121 seconds
[2025-08-05T02:13:38.331+0000] {processor.py:156} INFO - Started process (PID=542) to work on /opt/airflow/dags/project_dag.py
[2025-08-05T02:13:38.333+0000] {processor.py:799} INFO - Processing file /opt/airflow/dags/project_dag.py for tasks to queue
[2025-08-05T02:13:38.335+0000] {logging_mixin.py:149} INFO - [2025-08-05T02:13:38.335+0000] {dagbag.py:541} INFO - Filling up the DagBag from /opt/airflow/dags/project_dag.py
[2025-08-05T02:13:38.357+0000] {processor.py:809} INFO - DAG(s) dict_keys(['saas_dag']) retrieved from /opt/airflow/dags/project_dag.py
[2025-08-05T02:13:38.425+0000] {logging_mixin.py:149} INFO - [2025-08-05T02:13:38.425+0000] {dag.py:2726} INFO - Sync 1 DAGs
[2025-08-05T02:13:38.450+0000] {logging_mixin.py:149} INFO - [2025-08-05T02:13:38.449+0000] {dag.py:3486} INFO - Setting next_dagrun for saas_dag to 2025-08-05T02:13:38.343617+00:00, run_after=2025-08-05T18:53:38.343617+00:00
[2025-08-05T02:13:38.479+0000] {processor.py:178} INFO - Processing /opt/airflow/dags/project_dag.py took 0.151 seconds
[2025-08-05T02:14:08.947+0000] {processor.py:156} INFO - Started process (PID=543) to work on /opt/airflow/dags/project_dag.py
[2025-08-05T02:14:08.948+0000] {processor.py:799} INFO - Processing file /opt/airflow/dags/project_dag.py for tasks to queue
[2025-08-05T02:14:08.949+0000] {logging_mixin.py:149} INFO - [2025-08-05T02:14:08.949+0000] {dagbag.py:541} INFO - Filling up the DagBag from /opt/airflow/dags/project_dag.py
[2025-08-05T02:14:08.972+0000] {processor.py:809} INFO - DAG(s) dict_keys(['saas_dag']) retrieved from /opt/airflow/dags/project_dag.py
[2025-08-05T02:14:09.033+0000] {logging_mixin.py:149} INFO - [2025-08-05T02:14:09.033+0000] {dag.py:2726} INFO - Sync 1 DAGs
[2025-08-05T02:14:09.052+0000] {logging_mixin.py:149} INFO - [2025-08-05T02:14:09.052+0000] {dag.py:3486} INFO - Setting next_dagrun for saas_dag to 2025-08-05T02:14:08.955793+00:00, run_after=2025-08-05T18:54:08.955793+00:00
[2025-08-05T02:14:09.079+0000] {processor.py:178} INFO - Processing /opt/airflow/dags/project_dag.py took 0.136 seconds
[2025-08-05T02:14:39.431+0000] {processor.py:156} INFO - Started process (PID=544) to work on /opt/airflow/dags/project_dag.py
[2025-08-05T02:14:39.432+0000] {processor.py:799} INFO - Processing file /opt/airflow/dags/project_dag.py for tasks to queue
[2025-08-05T02:14:39.433+0000] {logging_mixin.py:149} INFO - [2025-08-05T02:14:39.433+0000] {dagbag.py:541} INFO - Filling up the DagBag from /opt/airflow/dags/project_dag.py
[2025-08-05T02:14:39.450+0000] {processor.py:809} INFO - DAG(s) dict_keys(['saas_dag']) retrieved from /opt/airflow/dags/project_dag.py
[2025-08-05T02:14:39.503+0000] {logging_mixin.py:149} INFO - [2025-08-05T02:14:39.503+0000] {dag.py:2726} INFO - Sync 1 DAGs
[2025-08-05T02:14:39.523+0000] {logging_mixin.py:149} INFO - [2025-08-05T02:14:39.523+0000] {dag.py:3486} INFO - Setting next_dagrun for saas_dag to 2025-08-05T02:14:39.440562+00:00, run_after=2025-08-05T18:54:39.440562+00:00
[2025-08-05T02:14:39.549+0000] {processor.py:178} INFO - Processing /opt/airflow/dags/project_dag.py took 0.123 seconds
[2025-08-05T02:15:10.041+0000] {processor.py:156} INFO - Started process (PID=545) to work on /opt/airflow/dags/project_dag.py
[2025-08-05T02:15:10.042+0000] {processor.py:799} INFO - Processing file /opt/airflow/dags/project_dag.py for tasks to queue
[2025-08-05T02:15:10.043+0000] {logging_mixin.py:149} INFO - [2025-08-05T02:15:10.042+0000] {dagbag.py:541} INFO - Filling up the DagBag from /opt/airflow/dags/project_dag.py
[2025-08-05T02:15:10.058+0000] {processor.py:809} INFO - DAG(s) dict_keys(['saas_dag']) retrieved from /opt/airflow/dags/project_dag.py
[2025-08-05T02:15:10.113+0000] {logging_mixin.py:149} INFO - [2025-08-05T02:15:10.113+0000] {dag.py:2726} INFO - Sync 1 DAGs
[2025-08-05T02:15:10.133+0000] {logging_mixin.py:149} INFO - [2025-08-05T02:15:10.133+0000] {dag.py:3486} INFO - Setting next_dagrun for saas_dag to 2025-08-05T02:15:10.047885+00:00, run_after=2025-08-05T18:55:10.047885+00:00
[2025-08-05T02:15:10.158+0000] {processor.py:178} INFO - Processing /opt/airflow/dags/project_dag.py took 0.121 seconds
[2025-08-05T02:15:40.630+0000] {processor.py:156} INFO - Started process (PID=546) to work on /opt/airflow/dags/project_dag.py
[2025-08-05T02:15:40.632+0000] {processor.py:799} INFO - Processing file /opt/airflow/dags/project_dag.py for tasks to queue
[2025-08-05T02:15:40.633+0000] {logging_mixin.py:149} INFO - [2025-08-05T02:15:40.633+0000] {dagbag.py:541} INFO - Filling up the DagBag from /opt/airflow/dags/project_dag.py
[2025-08-05T02:15:40.651+0000] {processor.py:809} INFO - DAG(s) dict_keys(['saas_dag']) retrieved from /opt/airflow/dags/project_dag.py
[2025-08-05T02:15:40.707+0000] {logging_mixin.py:149} INFO - [2025-08-05T02:15:40.707+0000] {dag.py:2726} INFO - Sync 1 DAGs
[2025-08-05T02:15:40.725+0000] {logging_mixin.py:149} INFO - [2025-08-05T02:15:40.725+0000] {dag.py:3486} INFO - Setting next_dagrun for saas_dag to 2025-08-05T02:15:40.640466+00:00, run_after=2025-08-05T18:55:40.640466+00:00
[2025-08-05T02:15:40.751+0000] {processor.py:178} INFO - Processing /opt/airflow/dags/project_dag.py took 0.126 seconds
[2025-08-05T02:16:11.225+0000] {processor.py:156} INFO - Started process (PID=547) to work on /opt/airflow/dags/project_dag.py
[2025-08-05T02:16:11.227+0000] {processor.py:799} INFO - Processing file /opt/airflow/dags/project_dag.py for tasks to queue
[2025-08-05T02:16:11.228+0000] {logging_mixin.py:149} INFO - [2025-08-05T02:16:11.228+0000] {dagbag.py:541} INFO - Filling up the DagBag from /opt/airflow/dags/project_dag.py
[2025-08-05T02:16:11.244+0000] {processor.py:809} INFO - DAG(s) dict_keys(['saas_dag']) retrieved from /opt/airflow/dags/project_dag.py
[2025-08-05T02:16:11.301+0000] {logging_mixin.py:149} INFO - [2025-08-05T02:16:11.301+0000] {dag.py:2726} INFO - Sync 1 DAGs
[2025-08-05T02:16:11.319+0000] {logging_mixin.py:149} INFO - [2025-08-05T02:16:11.319+0000] {dag.py:3486} INFO - Setting next_dagrun for saas_dag to 2025-08-05T02:16:11.234807+00:00, run_after=2025-08-05T18:56:11.234807+00:00
[2025-08-05T02:16:11.342+0000] {processor.py:178} INFO - Processing /opt/airflow/dags/project_dag.py took 0.121 seconds
[2025-08-05T02:16:41.790+0000] {processor.py:156} INFO - Started process (PID=548) to work on /opt/airflow/dags/project_dag.py
[2025-08-05T02:16:41.791+0000] {processor.py:799} INFO - Processing file /opt/airflow/dags/project_dag.py for tasks to queue
[2025-08-05T02:16:41.793+0000] {logging_mixin.py:149} INFO - [2025-08-05T02:16:41.792+0000] {dagbag.py:541} INFO - Filling up the DagBag from /opt/airflow/dags/project_dag.py
[2025-08-05T02:16:41.811+0000] {processor.py:809} INFO - DAG(s) dict_keys(['saas_dag']) retrieved from /opt/airflow/dags/project_dag.py
[2025-08-05T02:16:41.869+0000] {logging_mixin.py:149} INFO - [2025-08-05T02:16:41.869+0000] {dag.py:2726} INFO - Sync 1 DAGs
[2025-08-05T02:16:41.889+0000] {logging_mixin.py:149} INFO - [2025-08-05T02:16:41.889+0000] {dag.py:3486} INFO - Setting next_dagrun for saas_dag to 2025-08-05T02:16:41.800645+00:00, run_after=2025-08-05T18:56:41.800645+00:00
[2025-08-05T02:16:41.918+0000] {processor.py:178} INFO - Processing /opt/airflow/dags/project_dag.py took 0.134 seconds
[2025-08-05T02:17:12.245+0000] {processor.py:156} INFO - Started process (PID=549) to work on /opt/airflow/dags/project_dag.py
[2025-08-05T02:17:12.246+0000] {processor.py:799} INFO - Processing file /opt/airflow/dags/project_dag.py for tasks to queue
[2025-08-05T02:17:12.248+0000] {logging_mixin.py:149} INFO - [2025-08-05T02:17:12.247+0000] {dagbag.py:541} INFO - Filling up the DagBag from /opt/airflow/dags/project_dag.py
[2025-08-05T02:17:12.269+0000] {processor.py:809} INFO - DAG(s) dict_keys(['saas_dag']) retrieved from /opt/airflow/dags/project_dag.py
[2025-08-05T02:17:12.323+0000] {logging_mixin.py:149} INFO - [2025-08-05T02:17:12.322+0000] {dag.py:2726} INFO - Sync 1 DAGs
[2025-08-05T02:17:12.343+0000] {logging_mixin.py:149} INFO - [2025-08-05T02:17:12.343+0000] {dag.py:3486} INFO - Setting next_dagrun for saas_dag to 2025-08-05T02:17:12.256773+00:00, run_after=2025-08-05T18:57:12.256773+00:00
[2025-08-05T02:17:12.370+0000] {processor.py:178} INFO - Processing /opt/airflow/dags/project_dag.py took 0.131 seconds
[2025-08-05T02:17:42.859+0000] {processor.py:156} INFO - Started process (PID=550) to work on /opt/airflow/dags/project_dag.py
[2025-08-05T02:17:42.861+0000] {processor.py:799} INFO - Processing file /opt/airflow/dags/project_dag.py for tasks to queue
[2025-08-05T02:17:42.862+0000] {logging_mixin.py:149} INFO - [2025-08-05T02:17:42.862+0000] {dagbag.py:541} INFO - Filling up the DagBag from /opt/airflow/dags/project_dag.py
[2025-08-05T02:17:42.877+0000] {processor.py:809} INFO - DAG(s) dict_keys(['saas_dag']) retrieved from /opt/airflow/dags/project_dag.py
[2025-08-05T02:17:42.940+0000] {logging_mixin.py:149} INFO - [2025-08-05T02:17:42.939+0000] {dag.py:2726} INFO - Sync 1 DAGs
[2025-08-05T02:17:42.962+0000] {logging_mixin.py:149} INFO - [2025-08-05T02:17:42.961+0000] {dag.py:3486} INFO - Setting next_dagrun for saas_dag to 2025-08-05T02:17:42.868078+00:00, run_after=2025-08-05T18:57:42.868078+00:00
[2025-08-05T02:17:42.990+0000] {processor.py:178} INFO - Processing /opt/airflow/dags/project_dag.py took 0.134 seconds
[2025-08-05T02:18:13.476+0000] {processor.py:156} INFO - Started process (PID=551) to work on /opt/airflow/dags/project_dag.py
[2025-08-05T02:18:13.477+0000] {processor.py:799} INFO - Processing file /opt/airflow/dags/project_dag.py for tasks to queue
[2025-08-05T02:18:13.478+0000] {logging_mixin.py:149} INFO - [2025-08-05T02:18:13.478+0000] {dagbag.py:541} INFO - Filling up the DagBag from /opt/airflow/dags/project_dag.py
[2025-08-05T02:18:13.495+0000] {processor.py:809} INFO - DAG(s) dict_keys(['saas_dag']) retrieved from /opt/airflow/dags/project_dag.py
[2025-08-05T02:18:13.549+0000] {logging_mixin.py:149} INFO - [2025-08-05T02:18:13.549+0000] {dag.py:2726} INFO - Sync 1 DAGs
[2025-08-05T02:18:13.570+0000] {logging_mixin.py:149} INFO - [2025-08-05T02:18:13.569+0000] {dag.py:3486} INFO - Setting next_dagrun for saas_dag to 2025-08-05T02:18:13.485306+00:00, run_after=2025-08-05T18:58:13.485306+00:00
[2025-08-05T02:18:13.595+0000] {processor.py:178} INFO - Processing /opt/airflow/dags/project_dag.py took 0.125 seconds
[2025-08-05T02:18:43.996+0000] {processor.py:156} INFO - Started process (PID=552) to work on /opt/airflow/dags/project_dag.py
[2025-08-05T02:18:43.997+0000] {processor.py:799} INFO - Processing file /opt/airflow/dags/project_dag.py for tasks to queue
[2025-08-05T02:18:43.998+0000] {logging_mixin.py:149} INFO - [2025-08-05T02:18:43.998+0000] {dagbag.py:541} INFO - Filling up the DagBag from /opt/airflow/dags/project_dag.py
[2025-08-05T02:18:44.017+0000] {processor.py:809} INFO - DAG(s) dict_keys(['saas_dag']) retrieved from /opt/airflow/dags/project_dag.py
[2025-08-05T02:18:44.071+0000] {logging_mixin.py:149} INFO - [2025-08-05T02:18:44.070+0000] {dag.py:2726} INFO - Sync 1 DAGs
[2025-08-05T02:18:44.090+0000] {logging_mixin.py:149} INFO - [2025-08-05T02:18:44.090+0000] {dag.py:3486} INFO - Setting next_dagrun for saas_dag to 2025-08-05T02:18:44.006307+00:00, run_after=2025-08-05T18:58:44.006307+00:00
[2025-08-05T02:18:44.113+0000] {processor.py:178} INFO - Processing /opt/airflow/dags/project_dag.py took 0.122 seconds
[2025-08-05T02:19:14.453+0000] {processor.py:156} INFO - Started process (PID=553) to work on /opt/airflow/dags/project_dag.py
[2025-08-05T02:19:14.455+0000] {processor.py:799} INFO - Processing file /opt/airflow/dags/project_dag.py for tasks to queue
[2025-08-05T02:19:14.456+0000] {logging_mixin.py:149} INFO - [2025-08-05T02:19:14.456+0000] {dagbag.py:541} INFO - Filling up the DagBag from /opt/airflow/dags/project_dag.py
[2025-08-05T02:19:14.473+0000] {processor.py:809} INFO - DAG(s) dict_keys(['saas_dag']) retrieved from /opt/airflow/dags/project_dag.py
[2025-08-05T02:19:14.526+0000] {logging_mixin.py:149} INFO - [2025-08-05T02:19:14.526+0000] {dag.py:2726} INFO - Sync 1 DAGs
[2025-08-05T02:19:14.546+0000] {logging_mixin.py:149} INFO - [2025-08-05T02:19:14.545+0000] {dag.py:3486} INFO - Setting next_dagrun for saas_dag to 2025-08-05T02:19:14.463307+00:00, run_after=2025-08-05T18:59:14.463307+00:00
[2025-08-05T02:19:14.571+0000] {processor.py:178} INFO - Processing /opt/airflow/dags/project_dag.py took 0.123 seconds
[2025-08-05T02:19:44.959+0000] {processor.py:156} INFO - Started process (PID=554) to work on /opt/airflow/dags/project_dag.py
[2025-08-05T02:19:44.960+0000] {processor.py:799} INFO - Processing file /opt/airflow/dags/project_dag.py for tasks to queue
[2025-08-05T02:19:44.961+0000] {logging_mixin.py:149} INFO - [2025-08-05T02:19:44.961+0000] {dagbag.py:541} INFO - Filling up the DagBag from /opt/airflow/dags/project_dag.py
[2025-08-05T02:19:44.977+0000] {processor.py:809} INFO - DAG(s) dict_keys(['saas_dag']) retrieved from /opt/airflow/dags/project_dag.py
[2025-08-05T02:19:45.033+0000] {logging_mixin.py:149} INFO - [2025-08-05T02:19:45.033+0000] {dag.py:2726} INFO - Sync 1 DAGs
[2025-08-05T02:19:45.051+0000] {logging_mixin.py:149} INFO - [2025-08-05T02:19:45.051+0000] {dag.py:3486} INFO - Setting next_dagrun for saas_dag to 2025-08-05T02:19:44.967644+00:00, run_after=2025-08-05T18:59:44.967644+00:00
[2025-08-05T02:19:45.077+0000] {processor.py:178} INFO - Processing /opt/airflow/dags/project_dag.py took 0.123 seconds
[2025-08-05T02:20:15.466+0000] {processor.py:156} INFO - Started process (PID=555) to work on /opt/airflow/dags/project_dag.py
[2025-08-05T02:20:15.468+0000] {processor.py:799} INFO - Processing file /opt/airflow/dags/project_dag.py for tasks to queue
[2025-08-05T02:20:15.469+0000] {logging_mixin.py:149} INFO - [2025-08-05T02:20:15.469+0000] {dagbag.py:541} INFO - Filling up the DagBag from /opt/airflow/dags/project_dag.py
[2025-08-05T02:20:15.486+0000] {processor.py:809} INFO - DAG(s) dict_keys(['saas_dag']) retrieved from /opt/airflow/dags/project_dag.py
[2025-08-05T02:20:15.542+0000] {logging_mixin.py:149} INFO - [2025-08-05T02:20:15.541+0000] {dag.py:2726} INFO - Sync 1 DAGs
[2025-08-05T02:20:15.561+0000] {logging_mixin.py:149} INFO - [2025-08-05T02:20:15.561+0000] {dag.py:3486} INFO - Setting next_dagrun for saas_dag to 2025-08-05T02:20:15.476242+00:00, run_after=2025-08-05T19:00:15.476242+00:00
[2025-08-05T02:20:15.584+0000] {processor.py:178} INFO - Processing /opt/airflow/dags/project_dag.py took 0.123 seconds
[2025-08-05T02:20:45.985+0000] {processor.py:156} INFO - Started process (PID=556) to work on /opt/airflow/dags/project_dag.py
[2025-08-05T02:20:45.987+0000] {processor.py:799} INFO - Processing file /opt/airflow/dags/project_dag.py for tasks to queue
[2025-08-05T02:20:45.989+0000] {logging_mixin.py:149} INFO - [2025-08-05T02:20:45.989+0000] {dagbag.py:541} INFO - Filling up the DagBag from /opt/airflow/dags/project_dag.py
[2025-08-05T02:20:46.008+0000] {processor.py:809} INFO - DAG(s) dict_keys(['saas_dag']) retrieved from /opt/airflow/dags/project_dag.py
[2025-08-05T02:20:46.065+0000] {logging_mixin.py:149} INFO - [2025-08-05T02:20:46.064+0000] {dag.py:2726} INFO - Sync 1 DAGs
[2025-08-05T02:20:46.083+0000] {logging_mixin.py:149} INFO - [2025-08-05T02:20:46.083+0000] {dag.py:3486} INFO - Setting next_dagrun for saas_dag to 2025-08-05T02:20:45.995913+00:00, run_after=2025-08-05T19:00:45.995913+00:00
[2025-08-05T02:20:46.108+0000] {processor.py:178} INFO - Processing /opt/airflow/dags/project_dag.py took 0.128 seconds
[2025-08-05T02:21:16.485+0000] {processor.py:156} INFO - Started process (PID=557) to work on /opt/airflow/dags/project_dag.py
[2025-08-05T02:21:16.487+0000] {processor.py:799} INFO - Processing file /opt/airflow/dags/project_dag.py for tasks to queue
[2025-08-05T02:21:16.488+0000] {logging_mixin.py:149} INFO - [2025-08-05T02:21:16.488+0000] {dagbag.py:541} INFO - Filling up the DagBag from /opt/airflow/dags/project_dag.py
[2025-08-05T02:21:16.505+0000] {processor.py:809} INFO - DAG(s) dict_keys(['saas_dag']) retrieved from /opt/airflow/dags/project_dag.py
[2025-08-05T02:21:16.558+0000] {logging_mixin.py:149} INFO - [2025-08-05T02:21:16.558+0000] {dag.py:2726} INFO - Sync 1 DAGs
[2025-08-05T02:21:16.577+0000] {logging_mixin.py:149} INFO - [2025-08-05T02:21:16.577+0000] {dag.py:3486} INFO - Setting next_dagrun for saas_dag to 2025-08-05T02:21:16.495409+00:00, run_after=2025-08-05T19:01:16.495409+00:00
[2025-08-05T02:21:16.677+0000] {processor.py:178} INFO - Processing /opt/airflow/dags/project_dag.py took 0.197 seconds
[2025-08-05T02:21:47.018+0000] {processor.py:156} INFO - Started process (PID=558) to work on /opt/airflow/dags/project_dag.py
[2025-08-05T02:21:47.019+0000] {processor.py:799} INFO - Processing file /opt/airflow/dags/project_dag.py for tasks to queue
[2025-08-05T02:21:47.020+0000] {logging_mixin.py:149} INFO - [2025-08-05T02:21:47.020+0000] {dagbag.py:541} INFO - Filling up the DagBag from /opt/airflow/dags/project_dag.py
[2025-08-05T02:21:47.037+0000] {processor.py:809} INFO - DAG(s) dict_keys(['saas_dag']) retrieved from /opt/airflow/dags/project_dag.py
[2025-08-05T02:21:47.091+0000] {logging_mixin.py:149} INFO - [2025-08-05T02:21:47.090+0000] {dag.py:2726} INFO - Sync 1 DAGs
[2025-08-05T02:21:47.109+0000] {logging_mixin.py:149} INFO - [2025-08-05T02:21:47.109+0000] {dag.py:3486} INFO - Setting next_dagrun for saas_dag to 2025-08-05T02:21:47.027481+00:00, run_after=2025-08-05T19:01:47.027481+00:00
[2025-08-05T02:21:47.136+0000] {processor.py:178} INFO - Processing /opt/airflow/dags/project_dag.py took 0.124 seconds
[2025-08-05T02:22:17.427+0000] {processor.py:156} INFO - Started process (PID=559) to work on /opt/airflow/dags/project_dag.py
[2025-08-05T02:22:17.429+0000] {processor.py:799} INFO - Processing file /opt/airflow/dags/project_dag.py for tasks to queue
[2025-08-05T02:22:17.430+0000] {logging_mixin.py:149} INFO - [2025-08-05T02:22:17.430+0000] {dagbag.py:541} INFO - Filling up the DagBag from /opt/airflow/dags/project_dag.py
[2025-08-05T02:22:17.447+0000] {processor.py:809} INFO - DAG(s) dict_keys(['saas_dag']) retrieved from /opt/airflow/dags/project_dag.py
[2025-08-05T02:22:17.502+0000] {logging_mixin.py:149} INFO - [2025-08-05T02:22:17.501+0000] {dag.py:2726} INFO - Sync 1 DAGs
[2025-08-05T02:22:17.522+0000] {logging_mixin.py:149} INFO - [2025-08-05T02:22:17.522+0000] {dag.py:3486} INFO - Setting next_dagrun for saas_dag to 2025-08-05T02:22:17.437269+00:00, run_after=2025-08-05T19:02:17.437269+00:00
[2025-08-05T02:22:17.545+0000] {processor.py:178} INFO - Processing /opt/airflow/dags/project_dag.py took 0.122 seconds
[2025-08-05T02:22:47.939+0000] {processor.py:156} INFO - Started process (PID=560) to work on /opt/airflow/dags/project_dag.py
[2025-08-05T02:22:47.940+0000] {processor.py:799} INFO - Processing file /opt/airflow/dags/project_dag.py for tasks to queue
[2025-08-05T02:22:47.942+0000] {logging_mixin.py:149} INFO - [2025-08-05T02:22:47.942+0000] {dagbag.py:541} INFO - Filling up the DagBag from /opt/airflow/dags/project_dag.py
[2025-08-05T02:22:47.959+0000] {processor.py:809} INFO - DAG(s) dict_keys(['saas_dag']) retrieved from /opt/airflow/dags/project_dag.py
[2025-08-05T02:22:48.016+0000] {logging_mixin.py:149} INFO - [2025-08-05T02:22:48.015+0000] {dag.py:2726} INFO - Sync 1 DAGs
[2025-08-05T02:22:48.037+0000] {logging_mixin.py:149} INFO - [2025-08-05T02:22:48.037+0000] {dag.py:3486} INFO - Setting next_dagrun for saas_dag to 2025-08-05T02:22:47.948432+00:00, run_after=2025-08-05T19:02:47.948432+00:00
[2025-08-05T02:22:48.067+0000] {processor.py:178} INFO - Processing /opt/airflow/dags/project_dag.py took 0.131 seconds
[2025-08-05T02:23:18.173+0000] {processor.py:156} INFO - Started process (PID=561) to work on /opt/airflow/dags/project_dag.py
[2025-08-05T02:23:18.175+0000] {processor.py:799} INFO - Processing file /opt/airflow/dags/project_dag.py for tasks to queue
[2025-08-05T02:23:18.177+0000] {logging_mixin.py:149} INFO - [2025-08-05T02:23:18.177+0000] {dagbag.py:541} INFO - Filling up the DagBag from /opt/airflow/dags/project_dag.py
[2025-08-05T02:23:18.195+0000] {processor.py:809} INFO - DAG(s) dict_keys(['saas_dag']) retrieved from /opt/airflow/dags/project_dag.py
[2025-08-05T02:23:18.253+0000] {logging_mixin.py:149} INFO - [2025-08-05T02:23:18.253+0000] {dag.py:2726} INFO - Sync 1 DAGs
[2025-08-05T02:23:18.276+0000] {logging_mixin.py:149} INFO - [2025-08-05T02:23:18.275+0000] {dag.py:3486} INFO - Setting next_dagrun for saas_dag to 2025-08-05T02:23:18.184495+00:00, run_after=2025-08-05T19:03:18.184495+00:00
[2025-08-05T02:23:18.302+0000] {processor.py:178} INFO - Processing /opt/airflow/dags/project_dag.py took 0.134 seconds
[2025-08-05T02:23:48.573+0000] {processor.py:156} INFO - Started process (PID=562) to work on /opt/airflow/dags/project_dag.py
[2025-08-05T02:23:48.574+0000] {processor.py:799} INFO - Processing file /opt/airflow/dags/project_dag.py for tasks to queue
[2025-08-05T02:23:48.576+0000] {logging_mixin.py:149} INFO - [2025-08-05T02:23:48.576+0000] {dagbag.py:541} INFO - Filling up the DagBag from /opt/airflow/dags/project_dag.py
[2025-08-05T02:23:48.601+0000] {processor.py:809} INFO - DAG(s) dict_keys(['saas_dag']) retrieved from /opt/airflow/dags/project_dag.py
[2025-08-05T02:23:48.662+0000] {logging_mixin.py:149} INFO - [2025-08-05T02:23:48.662+0000] {dag.py:2726} INFO - Sync 1 DAGs
[2025-08-05T02:23:48.682+0000] {logging_mixin.py:149} INFO - [2025-08-05T02:23:48.682+0000] {dag.py:3486} INFO - Setting next_dagrun for saas_dag to 2025-08-05T02:23:48.585901+00:00, run_after=2025-08-05T19:03:48.585901+00:00
[2025-08-05T02:23:48.707+0000] {processor.py:178} INFO - Processing /opt/airflow/dags/project_dag.py took 0.139 seconds
[2025-08-05T02:24:18.985+0000] {processor.py:156} INFO - Started process (PID=563) to work on /opt/airflow/dags/project_dag.py
[2025-08-05T02:24:18.987+0000] {processor.py:799} INFO - Processing file /opt/airflow/dags/project_dag.py for tasks to queue
[2025-08-05T02:24:18.988+0000] {logging_mixin.py:149} INFO - [2025-08-05T02:24:18.988+0000] {dagbag.py:541} INFO - Filling up the DagBag from /opt/airflow/dags/project_dag.py
[2025-08-05T02:24:19.005+0000] {processor.py:809} INFO - DAG(s) dict_keys(['saas_dag']) retrieved from /opt/airflow/dags/project_dag.py
[2025-08-05T02:24:19.062+0000] {logging_mixin.py:149} INFO - [2025-08-05T02:24:19.061+0000] {dag.py:2726} INFO - Sync 1 DAGs
[2025-08-05T02:24:19.081+0000] {logging_mixin.py:149} INFO - [2025-08-05T02:24:19.081+0000] {dag.py:3486} INFO - Setting next_dagrun for saas_dag to 2025-08-05T02:24:18.995070+00:00, run_after=2025-08-05T19:04:18.995070+00:00
[2025-08-05T02:24:19.107+0000] {processor.py:178} INFO - Processing /opt/airflow/dags/project_dag.py took 0.127 seconds
[2025-08-05T02:24:49.468+0000] {processor.py:156} INFO - Started process (PID=564) to work on /opt/airflow/dags/project_dag.py
[2025-08-05T02:24:49.470+0000] {processor.py:799} INFO - Processing file /opt/airflow/dags/project_dag.py for tasks to queue
[2025-08-05T02:24:49.471+0000] {logging_mixin.py:149} INFO - [2025-08-05T02:24:49.471+0000] {dagbag.py:541} INFO - Filling up the DagBag from /opt/airflow/dags/project_dag.py
[2025-08-05T02:24:49.488+0000] {processor.py:809} INFO - DAG(s) dict_keys(['saas_dag']) retrieved from /opt/airflow/dags/project_dag.py
[2025-08-05T02:24:49.545+0000] {logging_mixin.py:149} INFO - [2025-08-05T02:24:49.545+0000] {dag.py:2726} INFO - Sync 1 DAGs
[2025-08-05T02:24:49.564+0000] {logging_mixin.py:149} INFO - [2025-08-05T02:24:49.564+0000] {dag.py:3486} INFO - Setting next_dagrun for saas_dag to 2025-08-05T02:24:49.478330+00:00, run_after=2025-08-05T19:04:49.478330+00:00
[2025-08-05T02:24:49.590+0000] {processor.py:178} INFO - Processing /opt/airflow/dags/project_dag.py took 0.126 seconds
[2025-08-05T02:25:19.912+0000] {processor.py:156} INFO - Started process (PID=565) to work on /opt/airflow/dags/project_dag.py
[2025-08-05T02:25:19.914+0000] {processor.py:799} INFO - Processing file /opt/airflow/dags/project_dag.py for tasks to queue
[2025-08-05T02:25:19.915+0000] {logging_mixin.py:149} INFO - [2025-08-05T02:25:19.915+0000] {dagbag.py:541} INFO - Filling up the DagBag from /opt/airflow/dags/project_dag.py
[2025-08-05T02:25:19.933+0000] {processor.py:809} INFO - DAG(s) dict_keys(['saas_dag']) retrieved from /opt/airflow/dags/project_dag.py
[2025-08-05T02:25:19.989+0000] {logging_mixin.py:149} INFO - [2025-08-05T02:25:19.989+0000] {dag.py:2726} INFO - Sync 1 DAGs
[2025-08-05T02:25:20.010+0000] {logging_mixin.py:149} INFO - [2025-08-05T02:25:20.010+0000] {dag.py:3486} INFO - Setting next_dagrun for saas_dag to 2025-08-05T02:25:19.922642+00:00, run_after=2025-08-05T19:05:19.922642+00:00
[2025-08-05T02:25:20.036+0000] {processor.py:178} INFO - Processing /opt/airflow/dags/project_dag.py took 0.130 seconds
[2025-08-05T02:25:50.315+0000] {processor.py:156} INFO - Started process (PID=566) to work on /opt/airflow/dags/project_dag.py
[2025-08-05T02:25:50.316+0000] {processor.py:799} INFO - Processing file /opt/airflow/dags/project_dag.py for tasks to queue
[2025-08-05T02:25:50.318+0000] {logging_mixin.py:149} INFO - [2025-08-05T02:25:50.317+0000] {dagbag.py:541} INFO - Filling up the DagBag from /opt/airflow/dags/project_dag.py
[2025-08-05T02:25:50.335+0000] {processor.py:809} INFO - DAG(s) dict_keys(['saas_dag']) retrieved from /opt/airflow/dags/project_dag.py
[2025-08-05T02:25:50.398+0000] {logging_mixin.py:149} INFO - [2025-08-05T02:25:50.398+0000] {dag.py:2726} INFO - Sync 1 DAGs
[2025-08-05T02:25:50.418+0000] {logging_mixin.py:149} INFO - [2025-08-05T02:25:50.418+0000] {dag.py:3486} INFO - Setting next_dagrun for saas_dag to 2025-08-05T02:25:50.324526+00:00, run_after=2025-08-05T19:05:50.324526+00:00
[2025-08-05T02:25:50.446+0000] {processor.py:178} INFO - Processing /opt/airflow/dags/project_dag.py took 0.134 seconds
[2025-08-05T02:26:20.853+0000] {processor.py:156} INFO - Started process (PID=567) to work on /opt/airflow/dags/project_dag.py
[2025-08-05T02:26:20.855+0000] {processor.py:799} INFO - Processing file /opt/airflow/dags/project_dag.py for tasks to queue
[2025-08-05T02:26:20.856+0000] {logging_mixin.py:149} INFO - [2025-08-05T02:26:20.856+0000] {dagbag.py:541} INFO - Filling up the DagBag from /opt/airflow/dags/project_dag.py
[2025-08-05T02:26:20.878+0000] {processor.py:809} INFO - DAG(s) dict_keys(['saas_dag']) retrieved from /opt/airflow/dags/project_dag.py
[2025-08-05T02:26:20.943+0000] {logging_mixin.py:149} INFO - [2025-08-05T02:26:20.943+0000] {dag.py:2726} INFO - Sync 1 DAGs
[2025-08-05T02:26:20.965+0000] {logging_mixin.py:149} INFO - [2025-08-05T02:26:20.965+0000] {dag.py:3486} INFO - Setting next_dagrun for saas_dag to 2025-08-05T02:26:20.863580+00:00, run_after=2025-08-05T19:06:20.863580+00:00
[2025-08-05T02:26:20.995+0000] {processor.py:178} INFO - Processing /opt/airflow/dags/project_dag.py took 0.146 seconds
[2025-08-05T02:26:51.876+0000] {processor.py:156} INFO - Started process (PID=568) to work on /opt/airflow/dags/project_dag.py
[2025-08-05T02:26:51.881+0000] {processor.py:799} INFO - Processing file /opt/airflow/dags/project_dag.py for tasks to queue
[2025-08-05T02:26:51.883+0000] {logging_mixin.py:149} INFO - [2025-08-05T02:26:51.883+0000] {dagbag.py:541} INFO - Filling up the DagBag from /opt/airflow/dags/project_dag.py
[2025-08-05T02:26:51.919+0000] {processor.py:809} INFO - DAG(s) dict_keys(['saas_dag']) retrieved from /opt/airflow/dags/project_dag.py
[2025-08-05T02:26:52.002+0000] {logging_mixin.py:149} INFO - [2025-08-05T02:26:52.002+0000] {dag.py:2726} INFO - Sync 1 DAGs
[2025-08-05T02:26:52.033+0000] {logging_mixin.py:149} INFO - [2025-08-05T02:26:52.033+0000] {dag.py:3486} INFO - Setting next_dagrun for saas_dag to 2025-08-05T02:26:51.892234+00:00, run_after=2025-08-05T19:06:51.892234+00:00
[2025-08-05T02:26:52.066+0000] {processor.py:178} INFO - Processing /opt/airflow/dags/project_dag.py took 0.199 seconds
[2025-08-05T02:27:22.268+0000] {processor.py:156} INFO - Started process (PID=569) to work on /opt/airflow/dags/project_dag.py
[2025-08-05T02:27:22.271+0000] {processor.py:799} INFO - Processing file /opt/airflow/dags/project_dag.py for tasks to queue
[2025-08-05T02:27:22.272+0000] {logging_mixin.py:149} INFO - [2025-08-05T02:27:22.272+0000] {dagbag.py:541} INFO - Filling up the DagBag from /opt/airflow/dags/project_dag.py
[2025-08-05T02:27:22.291+0000] {processor.py:809} INFO - DAG(s) dict_keys(['saas_dag']) retrieved from /opt/airflow/dags/project_dag.py
[2025-08-05T02:27:22.349+0000] {logging_mixin.py:149} INFO - [2025-08-05T02:27:22.349+0000] {dag.py:2726} INFO - Sync 1 DAGs
[2025-08-05T02:27:22.370+0000] {logging_mixin.py:149} INFO - [2025-08-05T02:27:22.370+0000] {dag.py:3486} INFO - Setting next_dagrun for saas_dag to 2025-08-05T02:27:22.279930+00:00, run_after=2025-08-05T19:07:22.279930+00:00
[2025-08-05T02:27:22.402+0000] {processor.py:178} INFO - Processing /opt/airflow/dags/project_dag.py took 0.147 seconds
[2025-08-05T02:27:52.680+0000] {processor.py:156} INFO - Started process (PID=570) to work on /opt/airflow/dags/project_dag.py
[2025-08-05T02:27:52.682+0000] {processor.py:799} INFO - Processing file /opt/airflow/dags/project_dag.py for tasks to queue
[2025-08-05T02:27:52.684+0000] {logging_mixin.py:149} INFO - [2025-08-05T02:27:52.684+0000] {dagbag.py:541} INFO - Filling up the DagBag from /opt/airflow/dags/project_dag.py
[2025-08-05T02:27:52.701+0000] {processor.py:809} INFO - DAG(s) dict_keys(['saas_dag']) retrieved from /opt/airflow/dags/project_dag.py
[2025-08-05T02:27:52.766+0000] {logging_mixin.py:149} INFO - [2025-08-05T02:27:52.766+0000] {dag.py:2726} INFO - Sync 1 DAGs
[2025-08-05T02:27:52.791+0000] {logging_mixin.py:149} INFO - [2025-08-05T02:27:52.791+0000] {dag.py:3486} INFO - Setting next_dagrun for saas_dag to 2025-08-05T02:27:52.691408+00:00, run_after=2025-08-05T19:07:52.691408+00:00
[2025-08-05T02:27:52.825+0000] {processor.py:178} INFO - Processing /opt/airflow/dags/project_dag.py took 0.150 seconds
[2025-08-05T02:28:23.089+0000] {processor.py:156} INFO - Started process (PID=571) to work on /opt/airflow/dags/project_dag.py
[2025-08-05T02:28:23.091+0000] {processor.py:799} INFO - Processing file /opt/airflow/dags/project_dag.py for tasks to queue
[2025-08-05T02:28:23.092+0000] {logging_mixin.py:149} INFO - [2025-08-05T02:28:23.092+0000] {dagbag.py:541} INFO - Filling up the DagBag from /opt/airflow/dags/project_dag.py
[2025-08-05T02:28:23.113+0000] {processor.py:809} INFO - DAG(s) dict_keys(['saas_dag']) retrieved from /opt/airflow/dags/project_dag.py
[2025-08-05T02:28:23.178+0000] {logging_mixin.py:149} INFO - [2025-08-05T02:28:23.177+0000] {dag.py:2726} INFO - Sync 1 DAGs
[2025-08-05T02:28:23.195+0000] {logging_mixin.py:149} INFO - [2025-08-05T02:28:23.194+0000] {dag.py:3486} INFO - Setting next_dagrun for saas_dag to 2025-08-05T02:28:23.099182+00:00, run_after=2025-08-05T19:08:23.099182+00:00
[2025-08-05T02:28:23.221+0000] {processor.py:178} INFO - Processing /opt/airflow/dags/project_dag.py took 0.138 seconds
[2025-08-05T02:28:53.488+0000] {processor.py:156} INFO - Started process (PID=572) to work on /opt/airflow/dags/project_dag.py
[2025-08-05T02:28:53.491+0000] {processor.py:799} INFO - Processing file /opt/airflow/dags/project_dag.py for tasks to queue
[2025-08-05T02:28:53.493+0000] {logging_mixin.py:149} INFO - [2025-08-05T02:28:53.492+0000] {dagbag.py:541} INFO - Filling up the DagBag from /opt/airflow/dags/project_dag.py
[2025-08-05T02:28:53.512+0000] {processor.py:809} INFO - DAG(s) dict_keys(['saas_dag']) retrieved from /opt/airflow/dags/project_dag.py
[2025-08-05T02:28:53.577+0000] {logging_mixin.py:149} INFO - [2025-08-05T02:28:53.577+0000] {dag.py:2726} INFO - Sync 1 DAGs
[2025-08-05T02:28:53.598+0000] {logging_mixin.py:149} INFO - [2025-08-05T02:28:53.597+0000] {dag.py:3486} INFO - Setting next_dagrun for saas_dag to 2025-08-05T02:28:53.502193+00:00, run_after=2025-08-05T19:08:53.502193+00:00
[2025-08-05T02:28:53.627+0000] {processor.py:178} INFO - Processing /opt/airflow/dags/project_dag.py took 0.145 seconds
[2025-08-05T02:29:23.936+0000] {processor.py:156} INFO - Started process (PID=573) to work on /opt/airflow/dags/project_dag.py
[2025-08-05T02:29:23.937+0000] {processor.py:799} INFO - Processing file /opt/airflow/dags/project_dag.py for tasks to queue
[2025-08-05T02:29:23.939+0000] {logging_mixin.py:149} INFO - [2025-08-05T02:29:23.939+0000] {dagbag.py:541} INFO - Filling up the DagBag from /opt/airflow/dags/project_dag.py
[2025-08-05T02:29:23.956+0000] {processor.py:809} INFO - DAG(s) dict_keys(['saas_dag']) retrieved from /opt/airflow/dags/project_dag.py
[2025-08-05T02:29:24.026+0000] {logging_mixin.py:149} INFO - [2025-08-05T02:29:24.026+0000] {dag.py:2726} INFO - Sync 1 DAGs
[2025-08-05T02:29:24.045+0000] {logging_mixin.py:149} INFO - [2025-08-05T02:29:24.045+0000] {dag.py:3486} INFO - Setting next_dagrun for saas_dag to 2025-08-05T02:29:23.946185+00:00, run_after=2025-08-05T19:09:23.946185+00:00
[2025-08-05T02:29:24.070+0000] {processor.py:178} INFO - Processing /opt/airflow/dags/project_dag.py took 0.139 seconds
[2025-08-05T02:29:54.342+0000] {processor.py:156} INFO - Started process (PID=574) to work on /opt/airflow/dags/project_dag.py
[2025-08-05T02:29:54.344+0000] {processor.py:799} INFO - Processing file /opt/airflow/dags/project_dag.py for tasks to queue
[2025-08-05T02:29:54.345+0000] {logging_mixin.py:149} INFO - [2025-08-05T02:29:54.345+0000] {dagbag.py:541} INFO - Filling up the DagBag from /opt/airflow/dags/project_dag.py
[2025-08-05T02:29:54.366+0000] {processor.py:809} INFO - DAG(s) dict_keys(['saas_dag']) retrieved from /opt/airflow/dags/project_dag.py
[2025-08-05T02:29:54.437+0000] {logging_mixin.py:149} INFO - [2025-08-05T02:29:54.436+0000] {dag.py:2726} INFO - Sync 1 DAGs
[2025-08-05T02:29:54.462+0000] {logging_mixin.py:149} INFO - [2025-08-05T02:29:54.462+0000] {dag.py:3486} INFO - Setting next_dagrun for saas_dag to 2025-08-05T02:29:54.353154+00:00, run_after=2025-08-05T19:09:54.353154+00:00
[2025-08-05T02:29:54.490+0000] {processor.py:178} INFO - Processing /opt/airflow/dags/project_dag.py took 0.153 seconds
[2025-08-05T02:30:24.726+0000] {processor.py:156} INFO - Started process (PID=575) to work on /opt/airflow/dags/project_dag.py
[2025-08-05T02:30:24.728+0000] {processor.py:799} INFO - Processing file /opt/airflow/dags/project_dag.py for tasks to queue
[2025-08-05T02:30:24.729+0000] {logging_mixin.py:149} INFO - [2025-08-05T02:30:24.729+0000] {dagbag.py:541} INFO - Filling up the DagBag from /opt/airflow/dags/project_dag.py
[2025-08-05T02:30:24.746+0000] {processor.py:809} INFO - DAG(s) dict_keys(['saas_dag']) retrieved from /opt/airflow/dags/project_dag.py
[2025-08-05T02:30:24.803+0000] {logging_mixin.py:149} INFO - [2025-08-05T02:30:24.803+0000] {dag.py:2726} INFO - Sync 1 DAGs
[2025-08-05T02:30:24.822+0000] {logging_mixin.py:149} INFO - [2025-08-05T02:30:24.822+0000] {dag.py:3486} INFO - Setting next_dagrun for saas_dag to 2025-08-05T02:30:24.736356+00:00, run_after=2025-08-05T19:10:24.736356+00:00
[2025-08-05T02:30:24.850+0000] {processor.py:178} INFO - Processing /opt/airflow/dags/project_dag.py took 0.128 seconds
[2025-08-05T02:30:55.145+0000] {processor.py:156} INFO - Started process (PID=576) to work on /opt/airflow/dags/project_dag.py
[2025-08-05T02:30:55.147+0000] {processor.py:799} INFO - Processing file /opt/airflow/dags/project_dag.py for tasks to queue
[2025-08-05T02:30:55.149+0000] {logging_mixin.py:149} INFO - [2025-08-05T02:30:55.148+0000] {dagbag.py:541} INFO - Filling up the DagBag from /opt/airflow/dags/project_dag.py
[2025-08-05T02:30:55.170+0000] {processor.py:809} INFO - DAG(s) dict_keys(['saas_dag']) retrieved from /opt/airflow/dags/project_dag.py
[2025-08-05T02:30:55.247+0000] {logging_mixin.py:149} INFO - [2025-08-05T02:30:55.246+0000] {dag.py:2726} INFO - Sync 1 DAGs
[2025-08-05T02:30:55.274+0000] {logging_mixin.py:149} INFO - [2025-08-05T02:30:55.274+0000] {dag.py:3486} INFO - Setting next_dagrun for saas_dag to 2025-08-05T02:30:55.156594+00:00, run_after=2025-08-05T19:10:55.156594+00:00
[2025-08-05T02:30:55.310+0000] {processor.py:178} INFO - Processing /opt/airflow/dags/project_dag.py took 0.169 seconds
[2025-08-05T02:31:25.570+0000] {processor.py:156} INFO - Started process (PID=577) to work on /opt/airflow/dags/project_dag.py
[2025-08-05T02:31:25.572+0000] {processor.py:799} INFO - Processing file /opt/airflow/dags/project_dag.py for tasks to queue
[2025-08-05T02:31:25.573+0000] {logging_mixin.py:149} INFO - [2025-08-05T02:31:25.573+0000] {dagbag.py:541} INFO - Filling up the DagBag from /opt/airflow/dags/project_dag.py
[2025-08-05T02:31:25.590+0000] {processor.py:809} INFO - DAG(s) dict_keys(['saas_dag']) retrieved from /opt/airflow/dags/project_dag.py
[2025-08-05T02:31:25.661+0000] {logging_mixin.py:149} INFO - [2025-08-05T02:31:25.661+0000] {dag.py:2726} INFO - Sync 1 DAGs
[2025-08-05T02:31:25.686+0000] {logging_mixin.py:149} INFO - [2025-08-05T02:31:25.686+0000] {dag.py:3486} INFO - Setting next_dagrun for saas_dag to 2025-08-05T02:31:25.579116+00:00, run_after=2025-08-05T19:11:25.579116+00:00
[2025-08-05T02:31:25.717+0000] {processor.py:178} INFO - Processing /opt/airflow/dags/project_dag.py took 0.150 seconds
[2025-08-05T02:31:55.819+0000] {processor.py:156} INFO - Started process (PID=578) to work on /opt/airflow/dags/project_dag.py
[2025-08-05T02:31:55.821+0000] {processor.py:799} INFO - Processing file /opt/airflow/dags/project_dag.py for tasks to queue
[2025-08-05T02:31:55.822+0000] {logging_mixin.py:149} INFO - [2025-08-05T02:31:55.822+0000] {dagbag.py:541} INFO - Filling up the DagBag from /opt/airflow/dags/project_dag.py
[2025-08-05T02:31:55.838+0000] {processor.py:809} INFO - DAG(s) dict_keys(['saas_dag']) retrieved from /opt/airflow/dags/project_dag.py
[2025-08-05T02:31:55.897+0000] {logging_mixin.py:149} INFO - [2025-08-05T02:31:55.897+0000] {dag.py:2726} INFO - Sync 1 DAGs
[2025-08-05T02:31:55.923+0000] {logging_mixin.py:149} INFO - [2025-08-05T02:31:55.923+0000] {dag.py:3486} INFO - Setting next_dagrun for saas_dag to 2025-08-05T02:31:55.828700+00:00, run_after=2025-08-05T19:11:55.828700+00:00
[2025-08-05T02:31:55.949+0000] {processor.py:178} INFO - Processing /opt/airflow/dags/project_dag.py took 0.135 seconds
[2025-08-05T02:32:26.224+0000] {processor.py:156} INFO - Started process (PID=579) to work on /opt/airflow/dags/project_dag.py
[2025-08-05T02:32:26.226+0000] {processor.py:799} INFO - Processing file /opt/airflow/dags/project_dag.py for tasks to queue
[2025-08-05T02:32:26.228+0000] {logging_mixin.py:149} INFO - [2025-08-05T02:32:26.227+0000] {dagbag.py:541} INFO - Filling up the DagBag from /opt/airflow/dags/project_dag.py
[2025-08-05T02:32:26.247+0000] {processor.py:809} INFO - DAG(s) dict_keys(['saas_dag']) retrieved from /opt/airflow/dags/project_dag.py
[2025-08-05T02:32:26.321+0000] {logging_mixin.py:149} INFO - [2025-08-05T02:32:26.321+0000] {dag.py:2726} INFO - Sync 1 DAGs
[2025-08-05T02:32:26.345+0000] {logging_mixin.py:149} INFO - [2025-08-05T02:32:26.345+0000] {dag.py:3486} INFO - Setting next_dagrun for saas_dag to 2025-08-05T02:32:26.235126+00:00, run_after=2025-08-05T19:12:26.235126+00:00
[2025-08-05T02:32:26.373+0000] {processor.py:178} INFO - Processing /opt/airflow/dags/project_dag.py took 0.152 seconds
[2025-08-05T02:32:56.664+0000] {processor.py:156} INFO - Started process (PID=580) to work on /opt/airflow/dags/project_dag.py
[2025-08-05T02:32:56.666+0000] {processor.py:799} INFO - Processing file /opt/airflow/dags/project_dag.py for tasks to queue
[2025-08-05T02:32:56.667+0000] {logging_mixin.py:149} INFO - [2025-08-05T02:32:56.667+0000] {dagbag.py:541} INFO - Filling up the DagBag from /opt/airflow/dags/project_dag.py
[2025-08-05T02:32:56.684+0000] {processor.py:809} INFO - DAG(s) dict_keys(['saas_dag']) retrieved from /opt/airflow/dags/project_dag.py
[2025-08-05T02:32:56.741+0000] {logging_mixin.py:149} INFO - [2025-08-05T02:32:56.741+0000] {dag.py:2726} INFO - Sync 1 DAGs
[2025-08-05T02:32:56.761+0000] {logging_mixin.py:149} INFO - [2025-08-05T02:32:56.761+0000] {dag.py:3486} INFO - Setting next_dagrun for saas_dag to 2025-08-05T02:32:56.674640+00:00, run_after=2025-08-05T19:12:56.674640+00:00
[2025-08-05T02:32:56.785+0000] {processor.py:178} INFO - Processing /opt/airflow/dags/project_dag.py took 0.126 seconds
[2025-08-05T02:33:27.074+0000] {processor.py:156} INFO - Started process (PID=581) to work on /opt/airflow/dags/project_dag.py
[2025-08-05T02:33:27.075+0000] {processor.py:799} INFO - Processing file /opt/airflow/dags/project_dag.py for tasks to queue
[2025-08-05T02:33:27.076+0000] {logging_mixin.py:149} INFO - [2025-08-05T02:33:27.076+0000] {dagbag.py:541} INFO - Filling up the DagBag from /opt/airflow/dags/project_dag.py
[2025-08-05T02:33:27.097+0000] {processor.py:809} INFO - DAG(s) dict_keys(['saas_dag']) retrieved from /opt/airflow/dags/project_dag.py
[2025-08-05T02:33:27.171+0000] {logging_mixin.py:149} INFO - [2025-08-05T02:33:27.171+0000] {dag.py:2726} INFO - Sync 1 DAGs
[2025-08-05T02:33:27.198+0000] {logging_mixin.py:149} INFO - [2025-08-05T02:33:27.197+0000] {dag.py:3486} INFO - Setting next_dagrun for saas_dag to 2025-08-05T02:33:27.084853+00:00, run_after=2025-08-05T19:13:27.084853+00:00
[2025-08-05T02:33:27.227+0000] {processor.py:178} INFO - Processing /opt/airflow/dags/project_dag.py took 0.158 seconds
[2025-08-05T02:33:57.496+0000] {processor.py:156} INFO - Started process (PID=582) to work on /opt/airflow/dags/project_dag.py
[2025-08-05T02:33:57.498+0000] {processor.py:799} INFO - Processing file /opt/airflow/dags/project_dag.py for tasks to queue
[2025-08-05T02:33:57.500+0000] {logging_mixin.py:149} INFO - [2025-08-05T02:33:57.499+0000] {dagbag.py:541} INFO - Filling up the DagBag from /opt/airflow/dags/project_dag.py
[2025-08-05T02:33:57.522+0000] {processor.py:809} INFO - DAG(s) dict_keys(['saas_dag']) retrieved from /opt/airflow/dags/project_dag.py
[2025-08-05T02:33:57.602+0000] {logging_mixin.py:149} INFO - [2025-08-05T02:33:57.601+0000] {dag.py:2726} INFO - Sync 1 DAGs
[2025-08-05T02:33:57.628+0000] {logging_mixin.py:149} INFO - [2025-08-05T02:33:57.628+0000] {dag.py:3486} INFO - Setting next_dagrun for saas_dag to 2025-08-05T02:33:57.508059+00:00, run_after=2025-08-05T19:13:57.508059+00:00
[2025-08-05T02:33:57.661+0000] {processor.py:178} INFO - Processing /opt/airflow/dags/project_dag.py took 0.169 seconds
[2025-08-05T02:34:27.748+0000] {processor.py:156} INFO - Started process (PID=583) to work on /opt/airflow/dags/project_dag.py
[2025-08-05T02:34:27.749+0000] {processor.py:799} INFO - Processing file /opt/airflow/dags/project_dag.py for tasks to queue
[2025-08-05T02:34:27.751+0000] {logging_mixin.py:149} INFO - [2025-08-05T02:34:27.751+0000] {dagbag.py:541} INFO - Filling up the DagBag from /opt/airflow/dags/project_dag.py
[2025-08-05T02:34:27.771+0000] {processor.py:809} INFO - DAG(s) dict_keys(['saas_dag']) retrieved from /opt/airflow/dags/project_dag.py
[2025-08-05T02:34:27.840+0000] {logging_mixin.py:149} INFO - [2025-08-05T02:34:27.840+0000] {dag.py:2726} INFO - Sync 1 DAGs
[2025-08-05T02:34:27.861+0000] {logging_mixin.py:149} INFO - [2025-08-05T02:34:27.861+0000] {dag.py:3486} INFO - Setting next_dagrun for saas_dag to 2025-08-05T02:34:27.758313+00:00, run_after=2025-08-05T19:14:27.758313+00:00
[2025-08-05T02:34:27.891+0000] {processor.py:178} INFO - Processing /opt/airflow/dags/project_dag.py took 0.149 seconds
[2025-08-05T02:34:58.137+0000] {processor.py:156} INFO - Started process (PID=584) to work on /opt/airflow/dags/project_dag.py
[2025-08-05T02:34:58.139+0000] {processor.py:799} INFO - Processing file /opt/airflow/dags/project_dag.py for tasks to queue
[2025-08-05T02:34:58.140+0000] {logging_mixin.py:149} INFO - [2025-08-05T02:34:58.140+0000] {dagbag.py:541} INFO - Filling up the DagBag from /opt/airflow/dags/project_dag.py
[2025-08-05T02:34:58.159+0000] {processor.py:809} INFO - DAG(s) dict_keys(['saas_dag']) retrieved from /opt/airflow/dags/project_dag.py
[2025-08-05T02:34:58.233+0000] {logging_mixin.py:149} INFO - [2025-08-05T02:34:58.233+0000] {dag.py:2726} INFO - Sync 1 DAGs
[2025-08-05T02:34:58.259+0000] {logging_mixin.py:149} INFO - [2025-08-05T02:34:58.259+0000] {dag.py:3486} INFO - Setting next_dagrun for saas_dag to 2025-08-05T02:34:58.147070+00:00, run_after=2025-08-05T19:14:58.147070+00:00
[2025-08-05T02:34:58.292+0000] {processor.py:178} INFO - Processing /opt/airflow/dags/project_dag.py took 0.159 seconds
[2025-08-05T02:35:28.553+0000] {processor.py:156} INFO - Started process (PID=585) to work on /opt/airflow/dags/project_dag.py
[2025-08-05T02:35:28.555+0000] {processor.py:799} INFO - Processing file /opt/airflow/dags/project_dag.py for tasks to queue
[2025-08-05T02:35:28.556+0000] {logging_mixin.py:149} INFO - [2025-08-05T02:35:28.556+0000] {dagbag.py:541} INFO - Filling up the DagBag from /opt/airflow/dags/project_dag.py
[2025-08-05T02:35:28.574+0000] {processor.py:809} INFO - DAG(s) dict_keys(['saas_dag']) retrieved from /opt/airflow/dags/project_dag.py
[2025-08-05T02:35:28.639+0000] {logging_mixin.py:149} INFO - [2025-08-05T02:35:28.639+0000] {dag.py:2726} INFO - Sync 1 DAGs
[2025-08-05T02:35:28.667+0000] {logging_mixin.py:149} INFO - [2025-08-05T02:35:28.667+0000] {dag.py:3486} INFO - Setting next_dagrun for saas_dag to 2025-08-05T02:35:28.563419+00:00, run_after=2025-08-05T19:15:28.563419+00:00
[2025-08-05T02:35:28.694+0000] {processor.py:178} INFO - Processing /opt/airflow/dags/project_dag.py took 0.145 seconds
[2025-08-05T02:35:58.985+0000] {processor.py:156} INFO - Started process (PID=586) to work on /opt/airflow/dags/project_dag.py
[2025-08-05T02:35:58.987+0000] {processor.py:799} INFO - Processing file /opt/airflow/dags/project_dag.py for tasks to queue
[2025-08-05T02:35:58.988+0000] {logging_mixin.py:149} INFO - [2025-08-05T02:35:58.988+0000] {dagbag.py:541} INFO - Filling up the DagBag from /opt/airflow/dags/project_dag.py
[2025-08-05T02:35:59.011+0000] {processor.py:809} INFO - DAG(s) dict_keys(['saas_dag']) retrieved from /opt/airflow/dags/project_dag.py
[2025-08-05T02:35:59.102+0000] {logging_mixin.py:149} INFO - [2025-08-05T02:35:59.102+0000] {dag.py:2726} INFO - Sync 1 DAGs
[2025-08-05T02:35:59.136+0000] {logging_mixin.py:149} INFO - [2025-08-05T02:35:59.136+0000] {dag.py:3486} INFO - Setting next_dagrun for saas_dag to 2025-08-05T02:35:58.996838+00:00, run_after=2025-08-05T19:15:58.996838+00:00
[2025-08-05T02:35:59.184+0000] {processor.py:178} INFO - Processing /opt/airflow/dags/project_dag.py took 0.204 seconds
[2025-08-05T02:36:29.518+0000] {processor.py:156} INFO - Started process (PID=587) to work on /opt/airflow/dags/project_dag.py
[2025-08-05T02:36:29.519+0000] {processor.py:799} INFO - Processing file /opt/airflow/dags/project_dag.py for tasks to queue
[2025-08-05T02:36:29.520+0000] {logging_mixin.py:149} INFO - [2025-08-05T02:36:29.520+0000] {dagbag.py:541} INFO - Filling up the DagBag from /opt/airflow/dags/project_dag.py
[2025-08-05T02:36:29.537+0000] {processor.py:809} INFO - DAG(s) dict_keys(['saas_dag']) retrieved from /opt/airflow/dags/project_dag.py
[2025-08-05T02:36:29.595+0000] {logging_mixin.py:149} INFO - [2025-08-05T02:36:29.595+0000] {dag.py:2726} INFO - Sync 1 DAGs
[2025-08-05T02:36:29.614+0000] {logging_mixin.py:149} INFO - [2025-08-05T02:36:29.614+0000] {dag.py:3486} INFO - Setting next_dagrun for saas_dag to 2025-08-05T02:36:29.527356+00:00, run_after=2025-08-05T19:16:29.527356+00:00
[2025-08-05T02:36:29.640+0000] {processor.py:178} INFO - Processing /opt/airflow/dags/project_dag.py took 0.128 seconds
[2025-08-05T02:37:00.026+0000] {processor.py:156} INFO - Started process (PID=588) to work on /opt/airflow/dags/project_dag.py
[2025-08-05T02:37:00.028+0000] {processor.py:799} INFO - Processing file /opt/airflow/dags/project_dag.py for tasks to queue
[2025-08-05T02:37:00.029+0000] {logging_mixin.py:149} INFO - [2025-08-05T02:37:00.029+0000] {dagbag.py:541} INFO - Filling up the DagBag from /opt/airflow/dags/project_dag.py
[2025-08-05T02:37:00.045+0000] {processor.py:809} INFO - DAG(s) dict_keys(['saas_dag']) retrieved from /opt/airflow/dags/project_dag.py
[2025-08-05T02:37:00.100+0000] {logging_mixin.py:149} INFO - [2025-08-05T02:37:00.100+0000] {dag.py:2726} INFO - Sync 1 DAGs
[2025-08-05T02:37:00.120+0000] {logging_mixin.py:149} INFO - [2025-08-05T02:37:00.120+0000] {dag.py:3486} INFO - Setting next_dagrun for saas_dag to 2025-08-05T02:37:00.035711+00:00, run_after=2025-08-05T19:17:00.035711+00:00
[2025-08-05T02:37:00.143+0000] {processor.py:178} INFO - Processing /opt/airflow/dags/project_dag.py took 0.121 seconds
[2025-08-05T02:37:30.425+0000] {processor.py:156} INFO - Started process (PID=589) to work on /opt/airflow/dags/project_dag.py
[2025-08-05T02:37:30.427+0000] {processor.py:799} INFO - Processing file /opt/airflow/dags/project_dag.py for tasks to queue
[2025-08-05T02:37:30.428+0000] {logging_mixin.py:149} INFO - [2025-08-05T02:37:30.428+0000] {dagbag.py:541} INFO - Filling up the DagBag from /opt/airflow/dags/project_dag.py
[2025-08-05T02:37:30.448+0000] {processor.py:809} INFO - DAG(s) dict_keys(['saas_dag']) retrieved from /opt/airflow/dags/project_dag.py
[2025-08-05T02:37:30.522+0000] {logging_mixin.py:149} INFO - [2025-08-05T02:37:30.522+0000] {dag.py:2726} INFO - Sync 1 DAGs
[2025-08-05T02:37:30.545+0000] {logging_mixin.py:149} INFO - [2025-08-05T02:37:30.545+0000] {dag.py:3486} INFO - Setting next_dagrun for saas_dag to 2025-08-05T02:37:30.435290+00:00, run_after=2025-08-05T19:17:30.435290+00:00
[2025-08-05T02:37:30.576+0000] {processor.py:178} INFO - Processing /opt/airflow/dags/project_dag.py took 0.155 seconds
[2025-08-05T02:38:00.859+0000] {processor.py:156} INFO - Started process (PID=590) to work on /opt/airflow/dags/project_dag.py
[2025-08-05T02:38:00.861+0000] {processor.py:799} INFO - Processing file /opt/airflow/dags/project_dag.py for tasks to queue
[2025-08-05T02:38:00.862+0000] {logging_mixin.py:149} INFO - [2025-08-05T02:38:00.862+0000] {dagbag.py:541} INFO - Filling up the DagBag from /opt/airflow/dags/project_dag.py
[2025-08-05T02:38:00.878+0000] {processor.py:809} INFO - DAG(s) dict_keys(['saas_dag']) retrieved from /opt/airflow/dags/project_dag.py
[2025-08-05T02:38:00.932+0000] {logging_mixin.py:149} INFO - [2025-08-05T02:38:00.932+0000] {dag.py:2726} INFO - Sync 1 DAGs
[2025-08-05T02:38:00.951+0000] {logging_mixin.py:149} INFO - [2025-08-05T02:38:00.951+0000] {dag.py:3486} INFO - Setting next_dagrun for saas_dag to 2025-08-05T02:38:00.868688+00:00, run_after=2025-08-05T19:18:00.868688+00:00
[2025-08-05T02:38:00.978+0000] {processor.py:178} INFO - Processing /opt/airflow/dags/project_dag.py took 0.125 seconds
[2025-08-05T02:38:31.247+0000] {processor.py:156} INFO - Started process (PID=591) to work on /opt/airflow/dags/project_dag.py
[2025-08-05T02:38:31.248+0000] {processor.py:799} INFO - Processing file /opt/airflow/dags/project_dag.py for tasks to queue
[2025-08-05T02:38:31.249+0000] {logging_mixin.py:149} INFO - [2025-08-05T02:38:31.249+0000] {dagbag.py:541} INFO - Filling up the DagBag from /opt/airflow/dags/project_dag.py
[2025-08-05T02:38:31.267+0000] {processor.py:809} INFO - DAG(s) dict_keys(['saas_dag']) retrieved from /opt/airflow/dags/project_dag.py
[2025-08-05T02:38:31.324+0000] {logging_mixin.py:149} INFO - [2025-08-05T02:38:31.324+0000] {dag.py:2726} INFO - Sync 1 DAGs
[2025-08-05T02:38:31.341+0000] {logging_mixin.py:149} INFO - [2025-08-05T02:38:31.341+0000] {dag.py:3486} INFO - Setting next_dagrun for saas_dag to 2025-08-05T02:38:31.257012+00:00, run_after=2025-08-05T19:18:31.257012+00:00
[2025-08-05T02:38:31.369+0000] {processor.py:178} INFO - Processing /opt/airflow/dags/project_dag.py took 0.127 seconds
[2025-08-05T02:39:01.667+0000] {processor.py:156} INFO - Started process (PID=592) to work on /opt/airflow/dags/project_dag.py
[2025-08-05T02:39:01.669+0000] {processor.py:799} INFO - Processing file /opt/airflow/dags/project_dag.py for tasks to queue
[2025-08-05T02:39:01.670+0000] {logging_mixin.py:149} INFO - [2025-08-05T02:39:01.670+0000] {dagbag.py:541} INFO - Filling up the DagBag from /opt/airflow/dags/project_dag.py
[2025-08-05T02:39:01.686+0000] {processor.py:809} INFO - DAG(s) dict_keys(['saas_dag']) retrieved from /opt/airflow/dags/project_dag.py
[2025-08-05T02:39:01.739+0000] {logging_mixin.py:149} INFO - [2025-08-05T02:39:01.739+0000] {dag.py:2726} INFO - Sync 1 DAGs
[2025-08-05T02:39:01.758+0000] {logging_mixin.py:149} INFO - [2025-08-05T02:39:01.758+0000] {dag.py:3486} INFO - Setting next_dagrun for saas_dag to 2025-08-05T02:39:01.677075+00:00, run_after=2025-08-05T19:19:01.677075+00:00
[2025-08-05T02:39:01.784+0000] {processor.py:178} INFO - Processing /opt/airflow/dags/project_dag.py took 0.122 seconds
[2025-08-05T02:39:32.076+0000] {processor.py:156} INFO - Started process (PID=593) to work on /opt/airflow/dags/project_dag.py
[2025-08-05T02:39:32.078+0000] {processor.py:799} INFO - Processing file /opt/airflow/dags/project_dag.py for tasks to queue
[2025-08-05T02:39:32.079+0000] {logging_mixin.py:149} INFO - [2025-08-05T02:39:32.079+0000] {dagbag.py:541} INFO - Filling up the DagBag from /opt/airflow/dags/project_dag.py
[2025-08-05T02:39:32.099+0000] {processor.py:809} INFO - DAG(s) dict_keys(['saas_dag']) retrieved from /opt/airflow/dags/project_dag.py
[2025-08-05T02:39:32.173+0000] {logging_mixin.py:149} INFO - [2025-08-05T02:39:32.173+0000] {dag.py:2726} INFO - Sync 1 DAGs
[2025-08-05T02:39:32.202+0000] {logging_mixin.py:149} INFO - [2025-08-05T02:39:32.202+0000] {dag.py:3486} INFO - Setting next_dagrun for saas_dag to 2025-08-05T02:39:32.086539+00:00, run_after=2025-08-05T19:19:32.086539+00:00
[2025-08-05T02:39:32.232+0000] {processor.py:178} INFO - Processing /opt/airflow/dags/project_dag.py took 0.160 seconds
[2025-08-05T02:40:02.492+0000] {processor.py:156} INFO - Started process (PID=594) to work on /opt/airflow/dags/project_dag.py
[2025-08-05T02:40:02.493+0000] {processor.py:799} INFO - Processing file /opt/airflow/dags/project_dag.py for tasks to queue
[2025-08-05T02:40:02.494+0000] {logging_mixin.py:149} INFO - [2025-08-05T02:40:02.494+0000] {dagbag.py:541} INFO - Filling up the DagBag from /opt/airflow/dags/project_dag.py
[2025-08-05T02:40:02.510+0000] {processor.py:809} INFO - DAG(s) dict_keys(['saas_dag']) retrieved from /opt/airflow/dags/project_dag.py
[2025-08-05T02:40:02.567+0000] {logging_mixin.py:149} INFO - [2025-08-05T02:40:02.567+0000] {dag.py:2726} INFO - Sync 1 DAGs
[2025-08-05T02:40:02.586+0000] {logging_mixin.py:149} INFO - [2025-08-05T02:40:02.585+0000] {dag.py:3486} INFO - Setting next_dagrun for saas_dag to 2025-08-05T02:40:02.500558+00:00, run_after=2025-08-05T19:20:02.500558+00:00
[2025-08-05T02:40:02.610+0000] {processor.py:178} INFO - Processing /opt/airflow/dags/project_dag.py took 0.123 seconds
[2025-08-05T02:40:32.908+0000] {processor.py:156} INFO - Started process (PID=595) to work on /opt/airflow/dags/project_dag.py
[2025-08-05T02:40:32.910+0000] {processor.py:799} INFO - Processing file /opt/airflow/dags/project_dag.py for tasks to queue
[2025-08-05T02:40:32.912+0000] {logging_mixin.py:149} INFO - [2025-08-05T02:40:32.911+0000] {dagbag.py:541} INFO - Filling up the DagBag from /opt/airflow/dags/project_dag.py
[2025-08-05T02:40:32.929+0000] {processor.py:809} INFO - DAG(s) dict_keys(['saas_dag']) retrieved from /opt/airflow/dags/project_dag.py
[2025-08-05T02:40:32.983+0000] {logging_mixin.py:149} INFO - [2025-08-05T02:40:32.983+0000] {dag.py:2726} INFO - Sync 1 DAGs
[2025-08-05T02:40:33.002+0000] {logging_mixin.py:149} INFO - [2025-08-05T02:40:33.002+0000] {dag.py:3486} INFO - Setting next_dagrun for saas_dag to 2025-08-05T02:40:32.919548+00:00, run_after=2025-08-05T19:20:32.919548+00:00
[2025-08-05T02:40:33.028+0000] {processor.py:178} INFO - Processing /opt/airflow/dags/project_dag.py took 0.125 seconds
[2025-08-05T02:41:03.211+0000] {processor.py:156} INFO - Started process (PID=596) to work on /opt/airflow/dags/project_dag.py
[2025-08-05T02:41:03.212+0000] {processor.py:799} INFO - Processing file /opt/airflow/dags/project_dag.py for tasks to queue
[2025-08-05T02:41:03.214+0000] {logging_mixin.py:149} INFO - [2025-08-05T02:41:03.213+0000] {dagbag.py:541} INFO - Filling up the DagBag from /opt/airflow/dags/project_dag.py
[2025-08-05T02:41:03.231+0000] {processor.py:809} INFO - DAG(s) dict_keys(['saas_dag']) retrieved from /opt/airflow/dags/project_dag.py
[2025-08-05T02:41:03.296+0000] {logging_mixin.py:149} INFO - [2025-08-05T02:41:03.296+0000] {dag.py:2726} INFO - Sync 1 DAGs
[2025-08-05T02:41:03.320+0000] {logging_mixin.py:149} INFO - [2025-08-05T02:41:03.320+0000] {dag.py:3486} INFO - Setting next_dagrun for saas_dag to 2025-08-05T02:41:03.219984+00:00, run_after=2025-08-05T19:21:03.219984+00:00
[2025-08-05T02:41:03.348+0000] {processor.py:178} INFO - Processing /opt/airflow/dags/project_dag.py took 0.140 seconds
[2025-08-05T02:41:33.624+0000] {processor.py:156} INFO - Started process (PID=597) to work on /opt/airflow/dags/project_dag.py
[2025-08-05T02:41:33.625+0000] {processor.py:799} INFO - Processing file /opt/airflow/dags/project_dag.py for tasks to queue
[2025-08-05T02:41:33.626+0000] {logging_mixin.py:149} INFO - [2025-08-05T02:41:33.626+0000] {dagbag.py:541} INFO - Filling up the DagBag from /opt/airflow/dags/project_dag.py
[2025-08-05T02:41:33.643+0000] {processor.py:809} INFO - DAG(s) dict_keys(['saas_dag']) retrieved from /opt/airflow/dags/project_dag.py
[2025-08-05T02:41:33.707+0000] {logging_mixin.py:149} INFO - [2025-08-05T02:41:33.707+0000] {dag.py:2726} INFO - Sync 1 DAGs
[2025-08-05T02:41:33.729+0000] {logging_mixin.py:149} INFO - [2025-08-05T02:41:33.729+0000] {dag.py:3486} INFO - Setting next_dagrun for saas_dag to 2025-08-05T02:41:33.632570+00:00, run_after=2025-08-05T19:21:33.632570+00:00
[2025-08-05T02:41:33.754+0000] {processor.py:178} INFO - Processing /opt/airflow/dags/project_dag.py took 0.134 seconds
[2025-08-05T02:42:04.040+0000] {processor.py:156} INFO - Started process (PID=598) to work on /opt/airflow/dags/project_dag.py
[2025-08-05T02:42:04.041+0000] {processor.py:799} INFO - Processing file /opt/airflow/dags/project_dag.py for tasks to queue
[2025-08-05T02:42:04.043+0000] {logging_mixin.py:149} INFO - [2025-08-05T02:42:04.042+0000] {dagbag.py:541} INFO - Filling up the DagBag from /opt/airflow/dags/project_dag.py
[2025-08-05T02:42:04.062+0000] {processor.py:809} INFO - DAG(s) dict_keys(['saas_dag']) retrieved from /opt/airflow/dags/project_dag.py
[2025-08-05T02:42:04.133+0000] {logging_mixin.py:149} INFO - [2025-08-05T02:42:04.133+0000] {dag.py:2726} INFO - Sync 1 DAGs
[2025-08-05T02:42:04.158+0000] {logging_mixin.py:149} INFO - [2025-08-05T02:42:04.158+0000] {dag.py:3486} INFO - Setting next_dagrun for saas_dag to 2025-08-05T02:42:04.050088+00:00, run_after=2025-08-05T19:22:04.050088+00:00
[2025-08-05T02:42:04.193+0000] {processor.py:178} INFO - Processing /opt/airflow/dags/project_dag.py took 0.157 seconds
[2025-08-05T02:42:34.498+0000] {processor.py:156} INFO - Started process (PID=599) to work on /opt/airflow/dags/project_dag.py
[2025-08-05T02:42:34.499+0000] {processor.py:799} INFO - Processing file /opt/airflow/dags/project_dag.py for tasks to queue
[2025-08-05T02:42:34.501+0000] {logging_mixin.py:149} INFO - [2025-08-05T02:42:34.501+0000] {dagbag.py:541} INFO - Filling up the DagBag from /opt/airflow/dags/project_dag.py
[2025-08-05T02:42:34.521+0000] {processor.py:809} INFO - DAG(s) dict_keys(['saas_dag']) retrieved from /opt/airflow/dags/project_dag.py
[2025-08-05T02:42:34.583+0000] {logging_mixin.py:149} INFO - [2025-08-05T02:42:34.582+0000] {dag.py:2726} INFO - Sync 1 DAGs
[2025-08-05T02:42:34.605+0000] {logging_mixin.py:149} INFO - [2025-08-05T02:42:34.605+0000] {dag.py:3486} INFO - Setting next_dagrun for saas_dag to 2025-08-05T02:42:34.508697+00:00, run_after=2025-08-05T19:22:34.508697+00:00
[2025-08-05T02:42:34.632+0000] {processor.py:178} INFO - Processing /opt/airflow/dags/project_dag.py took 0.139 seconds
[2025-08-05T02:43:04.929+0000] {processor.py:156} INFO - Started process (PID=600) to work on /opt/airflow/dags/project_dag.py
[2025-08-05T02:43:04.931+0000] {processor.py:799} INFO - Processing file /opt/airflow/dags/project_dag.py for tasks to queue
[2025-08-05T02:43:04.932+0000] {logging_mixin.py:149} INFO - [2025-08-05T02:43:04.932+0000] {dagbag.py:541} INFO - Filling up the DagBag from /opt/airflow/dags/project_dag.py
[2025-08-05T02:43:04.954+0000] {processor.py:809} INFO - DAG(s) dict_keys(['saas_dag']) retrieved from /opt/airflow/dags/project_dag.py
[2025-08-05T02:43:05.031+0000] {logging_mixin.py:149} INFO - [2025-08-05T02:43:05.030+0000] {dag.py:2726} INFO - Sync 1 DAGs
[2025-08-05T02:43:05.055+0000] {logging_mixin.py:149} INFO - [2025-08-05T02:43:05.054+0000] {dag.py:3486} INFO - Setting next_dagrun for saas_dag to 2025-08-05T02:43:04.943062+00:00, run_after=2025-08-05T19:23:04.943062+00:00
[2025-08-05T02:43:05.088+0000] {processor.py:178} INFO - Processing /opt/airflow/dags/project_dag.py took 0.167 seconds
[2025-08-05T02:43:35.356+0000] {processor.py:156} INFO - Started process (PID=601) to work on /opt/airflow/dags/project_dag.py
[2025-08-05T02:43:35.357+0000] {processor.py:799} INFO - Processing file /opt/airflow/dags/project_dag.py for tasks to queue
[2025-08-05T02:43:35.359+0000] {logging_mixin.py:149} INFO - [2025-08-05T02:43:35.359+0000] {dagbag.py:541} INFO - Filling up the DagBag from /opt/airflow/dags/project_dag.py
[2025-08-05T02:43:35.380+0000] {processor.py:809} INFO - DAG(s) dict_keys(['saas_dag']) retrieved from /opt/airflow/dags/project_dag.py
[2025-08-05T02:43:35.455+0000] {logging_mixin.py:149} INFO - [2025-08-05T02:43:35.454+0000] {dag.py:2726} INFO - Sync 1 DAGs
[2025-08-05T02:43:35.480+0000] {logging_mixin.py:149} INFO - [2025-08-05T02:43:35.480+0000] {dag.py:3486} INFO - Setting next_dagrun for saas_dag to 2025-08-05T02:43:35.366214+00:00, run_after=2025-08-05T19:23:35.366214+00:00
[2025-08-05T02:43:35.507+0000] {processor.py:178} INFO - Processing /opt/airflow/dags/project_dag.py took 0.155 seconds
[2025-08-05T02:44:05.774+0000] {processor.py:156} INFO - Started process (PID=602) to work on /opt/airflow/dags/project_dag.py
[2025-08-05T02:44:05.776+0000] {processor.py:799} INFO - Processing file /opt/airflow/dags/project_dag.py for tasks to queue
[2025-08-05T02:44:05.777+0000] {logging_mixin.py:149} INFO - [2025-08-05T02:44:05.777+0000] {dagbag.py:541} INFO - Filling up the DagBag from /opt/airflow/dags/project_dag.py
[2025-08-05T02:44:05.795+0000] {processor.py:809} INFO - DAG(s) dict_keys(['saas_dag']) retrieved from /opt/airflow/dags/project_dag.py
[2025-08-05T02:44:05.851+0000] {logging_mixin.py:149} INFO - [2025-08-05T02:44:05.851+0000] {dag.py:2726} INFO - Sync 1 DAGs
[2025-08-05T02:44:05.872+0000] {logging_mixin.py:149} INFO - [2025-08-05T02:44:05.872+0000] {dag.py:3486} INFO - Setting next_dagrun for saas_dag to 2025-08-05T02:44:05.784102+00:00, run_after=2025-08-05T19:24:05.784102+00:00
[2025-08-05T02:44:05.895+0000] {processor.py:178} INFO - Processing /opt/airflow/dags/project_dag.py took 0.125 seconds
[2025-08-05T02:44:36.029+0000] {processor.py:156} INFO - Started process (PID=603) to work on /opt/airflow/dags/project_dag.py
[2025-08-05T02:44:36.030+0000] {processor.py:799} INFO - Processing file /opt/airflow/dags/project_dag.py for tasks to queue
[2025-08-05T02:44:36.031+0000] {logging_mixin.py:149} INFO - [2025-08-05T02:44:36.031+0000] {dagbag.py:541} INFO - Filling up the DagBag from /opt/airflow/dags/project_dag.py
[2025-08-05T02:44:36.048+0000] {processor.py:809} INFO - DAG(s) dict_keys(['saas_dag']) retrieved from /opt/airflow/dags/project_dag.py
[2025-08-05T02:44:36.116+0000] {logging_mixin.py:149} INFO - [2025-08-05T02:44:36.116+0000] {dag.py:2726} INFO - Sync 1 DAGs
[2025-08-05T02:44:36.138+0000] {logging_mixin.py:149} INFO - [2025-08-05T02:44:36.138+0000] {dag.py:3486} INFO - Setting next_dagrun for saas_dag to 2025-08-05T02:44:36.037576+00:00, run_after=2025-08-05T19:24:36.037576+00:00
[2025-08-05T02:44:36.168+0000] {processor.py:178} INFO - Processing /opt/airflow/dags/project_dag.py took 0.143 seconds
[2025-08-05T02:45:06.460+0000] {processor.py:156} INFO - Started process (PID=604) to work on /opt/airflow/dags/project_dag.py
[2025-08-05T02:45:06.462+0000] {processor.py:799} INFO - Processing file /opt/airflow/dags/project_dag.py for tasks to queue
[2025-08-05T02:45:06.463+0000] {logging_mixin.py:149} INFO - [2025-08-05T02:45:06.463+0000] {dagbag.py:541} INFO - Filling up the DagBag from /opt/airflow/dags/project_dag.py
[2025-08-05T02:45:06.480+0000] {processor.py:809} INFO - DAG(s) dict_keys(['saas_dag']) retrieved from /opt/airflow/dags/project_dag.py
[2025-08-05T02:45:06.535+0000] {logging_mixin.py:149} INFO - [2025-08-05T02:45:06.535+0000] {dag.py:2726} INFO - Sync 1 DAGs
[2025-08-05T02:45:06.553+0000] {logging_mixin.py:149} INFO - [2025-08-05T02:45:06.553+0000] {dag.py:3486} INFO - Setting next_dagrun for saas_dag to 2025-08-05T02:45:06.470384+00:00, run_after=2025-08-05T19:25:06.470384+00:00
[2025-08-05T02:45:06.576+0000] {processor.py:178} INFO - Processing /opt/airflow/dags/project_dag.py took 0.121 seconds
[2025-08-05T02:45:36.876+0000] {processor.py:156} INFO - Started process (PID=605) to work on /opt/airflow/dags/project_dag.py
[2025-08-05T02:45:36.878+0000] {processor.py:799} INFO - Processing file /opt/airflow/dags/project_dag.py for tasks to queue
[2025-08-05T02:45:36.879+0000] {logging_mixin.py:149} INFO - [2025-08-05T02:45:36.879+0000] {dagbag.py:541} INFO - Filling up the DagBag from /opt/airflow/dags/project_dag.py
[2025-08-05T02:45:36.899+0000] {processor.py:809} INFO - DAG(s) dict_keys(['saas_dag']) retrieved from /opt/airflow/dags/project_dag.py
[2025-08-05T02:45:36.962+0000] {logging_mixin.py:149} INFO - [2025-08-05T02:45:36.962+0000] {dag.py:2726} INFO - Sync 1 DAGs
[2025-08-05T02:45:36.990+0000] {logging_mixin.py:149} INFO - [2025-08-05T02:45:36.990+0000] {dag.py:3486} INFO - Setting next_dagrun for saas_dag to 2025-08-05T02:45:36.887881+00:00, run_after=2025-08-05T19:25:36.887881+00:00
[2025-08-05T02:45:37.021+0000] {processor.py:178} INFO - Processing /opt/airflow/dags/project_dag.py took 0.150 seconds
[2025-08-05T02:46:07.194+0000] {processor.py:156} INFO - Started process (PID=606) to work on /opt/airflow/dags/project_dag.py
[2025-08-05T02:46:07.199+0000] {processor.py:799} INFO - Processing file /opt/airflow/dags/project_dag.py for tasks to queue
[2025-08-05T02:46:07.200+0000] {logging_mixin.py:149} INFO - [2025-08-05T02:46:07.200+0000] {dagbag.py:541} INFO - Filling up the DagBag from /opt/airflow/dags/project_dag.py
[2025-08-05T02:46:07.222+0000] {processor.py:809} INFO - DAG(s) dict_keys(['saas_dag']) retrieved from /opt/airflow/dags/project_dag.py
[2025-08-05T02:46:07.298+0000] {logging_mixin.py:149} INFO - [2025-08-05T02:46:07.298+0000] {dag.py:2726} INFO - Sync 1 DAGs
[2025-08-05T02:46:07.322+0000] {logging_mixin.py:149} INFO - [2025-08-05T02:46:07.322+0000] {dag.py:3486} INFO - Setting next_dagrun for saas_dag to 2025-08-05T02:46:07.209291+00:00, run_after=2025-08-05T19:26:07.209291+00:00
[2025-08-05T02:46:07.350+0000] {processor.py:178} INFO - Processing /opt/airflow/dags/project_dag.py took 0.159 seconds
[2025-08-05T02:46:37.627+0000] {processor.py:156} INFO - Started process (PID=607) to work on /opt/airflow/dags/project_dag.py
[2025-08-05T02:46:37.628+0000] {processor.py:799} INFO - Processing file /opt/airflow/dags/project_dag.py for tasks to queue
[2025-08-05T02:46:37.629+0000] {logging_mixin.py:149} INFO - [2025-08-05T02:46:37.629+0000] {dagbag.py:541} INFO - Filling up the DagBag from /opt/airflow/dags/project_dag.py
[2025-08-05T02:46:37.646+0000] {processor.py:809} INFO - DAG(s) dict_keys(['saas_dag']) retrieved from /opt/airflow/dags/project_dag.py
[2025-08-05T02:46:37.700+0000] {logging_mixin.py:149} INFO - [2025-08-05T02:46:37.699+0000] {dag.py:2726} INFO - Sync 1 DAGs
[2025-08-05T02:46:37.722+0000] {logging_mixin.py:149} INFO - [2025-08-05T02:46:37.721+0000] {dag.py:3486} INFO - Setting next_dagrun for saas_dag to 2025-08-05T02:46:37.636351+00:00, run_after=2025-08-05T19:26:37.636351+00:00
[2025-08-05T02:46:37.747+0000] {processor.py:178} INFO - Processing /opt/airflow/dags/project_dag.py took 0.125 seconds
[2025-08-05T02:47:07.995+0000] {processor.py:156} INFO - Started process (PID=608) to work on /opt/airflow/dags/project_dag.py
[2025-08-05T02:47:07.997+0000] {processor.py:799} INFO - Processing file /opt/airflow/dags/project_dag.py for tasks to queue
[2025-08-05T02:47:08.000+0000] {logging_mixin.py:149} INFO - [2025-08-05T02:47:07.999+0000] {dagbag.py:541} INFO - Filling up the DagBag from /opt/airflow/dags/project_dag.py
[2025-08-05T02:47:08.035+0000] {processor.py:809} INFO - DAG(s) dict_keys(['saas_dag']) retrieved from /opt/airflow/dags/project_dag.py
[2025-08-05T02:47:08.165+0000] {logging_mixin.py:149} INFO - [2025-08-05T02:47:08.164+0000] {dag.py:2726} INFO - Sync 1 DAGs
[2025-08-05T02:47:08.210+0000] {logging_mixin.py:149} INFO - [2025-08-05T02:47:08.209+0000] {dag.py:3486} INFO - Setting next_dagrun for saas_dag to 2025-08-05T02:47:08.017543+00:00, run_after=2025-08-05T19:27:08.017543+00:00
[2025-08-05T02:47:08.254+0000] {processor.py:178} INFO - Processing /opt/airflow/dags/project_dag.py took 0.267 seconds
[2025-08-05T02:47:38.581+0000] {processor.py:156} INFO - Started process (PID=609) to work on /opt/airflow/dags/project_dag.py
[2025-08-05T02:47:38.582+0000] {processor.py:799} INFO - Processing file /opt/airflow/dags/project_dag.py for tasks to queue
[2025-08-05T02:47:38.583+0000] {logging_mixin.py:149} INFO - [2025-08-05T02:47:38.583+0000] {dagbag.py:541} INFO - Filling up the DagBag from /opt/airflow/dags/project_dag.py
[2025-08-05T02:47:38.601+0000] {processor.py:809} INFO - DAG(s) dict_keys(['saas_dag']) retrieved from /opt/airflow/dags/project_dag.py
[2025-08-05T02:47:38.674+0000] {logging_mixin.py:149} INFO - [2025-08-05T02:47:38.673+0000] {dag.py:2726} INFO - Sync 1 DAGs
[2025-08-05T02:47:38.702+0000] {logging_mixin.py:149} INFO - [2025-08-05T02:47:38.702+0000] {dag.py:3486} INFO - Setting next_dagrun for saas_dag to 2025-08-05T02:47:38.589540+00:00, run_after=2025-08-05T19:27:38.589540+00:00
[2025-08-05T02:47:38.729+0000] {processor.py:178} INFO - Processing /opt/airflow/dags/project_dag.py took 0.152 seconds
[2025-08-05T02:48:09.016+0000] {processor.py:156} INFO - Started process (PID=610) to work on /opt/airflow/dags/project_dag.py
[2025-08-05T02:48:09.018+0000] {processor.py:799} INFO - Processing file /opt/airflow/dags/project_dag.py for tasks to queue
[2025-08-05T02:48:09.019+0000] {logging_mixin.py:149} INFO - [2025-08-05T02:48:09.019+0000] {dagbag.py:541} INFO - Filling up the DagBag from /opt/airflow/dags/project_dag.py
[2025-08-05T02:48:09.038+0000] {processor.py:809} INFO - DAG(s) dict_keys(['saas_dag']) retrieved from /opt/airflow/dags/project_dag.py
[2025-08-05T02:48:09.093+0000] {logging_mixin.py:149} INFO - [2025-08-05T02:48:09.093+0000] {dag.py:2726} INFO - Sync 1 DAGs
[2025-08-05T02:48:09.113+0000] {logging_mixin.py:149} INFO - [2025-08-05T02:48:09.113+0000] {dag.py:3486} INFO - Setting next_dagrun for saas_dag to 2025-08-05T02:48:09.027542+00:00, run_after=2025-08-05T19:28:09.027542+00:00
[2025-08-05T02:48:09.137+0000] {processor.py:178} INFO - Processing /opt/airflow/dags/project_dag.py took 0.126 seconds
[2025-08-05T02:48:39.428+0000] {processor.py:156} INFO - Started process (PID=611) to work on /opt/airflow/dags/project_dag.py
[2025-08-05T02:48:39.429+0000] {processor.py:799} INFO - Processing file /opt/airflow/dags/project_dag.py for tasks to queue
[2025-08-05T02:48:39.431+0000] {logging_mixin.py:149} INFO - [2025-08-05T02:48:39.430+0000] {dagbag.py:541} INFO - Filling up the DagBag from /opt/airflow/dags/project_dag.py
[2025-08-05T02:48:39.453+0000] {processor.py:809} INFO - DAG(s) dict_keys(['saas_dag']) retrieved from /opt/airflow/dags/project_dag.py
[2025-08-05T02:48:39.541+0000] {logging_mixin.py:149} INFO - [2025-08-05T02:48:39.540+0000] {dag.py:2726} INFO - Sync 1 DAGs
[2025-08-05T02:48:39.571+0000] {logging_mixin.py:149} INFO - [2025-08-05T02:48:39.571+0000] {dag.py:3486} INFO - Setting next_dagrun for saas_dag to 2025-08-05T02:48:39.438411+00:00, run_after=2025-08-05T19:28:39.438411+00:00
[2025-08-05T02:48:39.608+0000] {processor.py:178} INFO - Processing /opt/airflow/dags/project_dag.py took 0.185 seconds
[2025-08-05T02:49:09.875+0000] {processor.py:156} INFO - Started process (PID=612) to work on /opt/airflow/dags/project_dag.py
[2025-08-05T02:49:09.876+0000] {processor.py:799} INFO - Processing file /opt/airflow/dags/project_dag.py for tasks to queue
[2025-08-05T02:49:09.878+0000] {logging_mixin.py:149} INFO - [2025-08-05T02:49:09.877+0000] {dagbag.py:541} INFO - Filling up the DagBag from /opt/airflow/dags/project_dag.py
[2025-08-05T02:49:09.895+0000] {processor.py:809} INFO - DAG(s) dict_keys(['saas_dag']) retrieved from /opt/airflow/dags/project_dag.py
[2025-08-05T02:49:09.950+0000] {logging_mixin.py:149} INFO - [2025-08-05T02:49:09.950+0000] {dag.py:2726} INFO - Sync 1 DAGs
[2025-08-05T02:49:09.974+0000] {logging_mixin.py:149} INFO - [2025-08-05T02:49:09.973+0000] {dag.py:3486} INFO - Setting next_dagrun for saas_dag to 2025-08-05T02:49:09.885030+00:00, run_after=2025-08-05T19:29:09.885030+00:00
[2025-08-05T02:49:09.997+0000] {processor.py:178} INFO - Processing /opt/airflow/dags/project_dag.py took 0.127 seconds
[2025-08-05T02:49:40.184+0000] {processor.py:156} INFO - Started process (PID=613) to work on /opt/airflow/dags/project_dag.py
[2025-08-05T02:49:40.185+0000] {processor.py:799} INFO - Processing file /opt/airflow/dags/project_dag.py for tasks to queue
[2025-08-05T02:49:40.186+0000] {logging_mixin.py:149} INFO - [2025-08-05T02:49:40.186+0000] {dagbag.py:541} INFO - Filling up the DagBag from /opt/airflow/dags/project_dag.py
[2025-08-05T02:49:40.203+0000] {processor.py:809} INFO - DAG(s) dict_keys(['saas_dag']) retrieved from /opt/airflow/dags/project_dag.py
[2025-08-05T02:49:40.259+0000] {logging_mixin.py:149} INFO - [2025-08-05T02:49:40.259+0000] {dag.py:2726} INFO - Sync 1 DAGs
[2025-08-05T02:49:40.277+0000] {logging_mixin.py:149} INFO - [2025-08-05T02:49:40.277+0000] {dag.py:3486} INFO - Setting next_dagrun for saas_dag to 2025-08-05T02:49:40.193142+00:00, run_after=2025-08-05T19:29:40.193142+00:00
[2025-08-05T02:49:40.302+0000] {processor.py:178} INFO - Processing /opt/airflow/dags/project_dag.py took 0.123 seconds
[2025-08-05T02:50:10.565+0000] {processor.py:156} INFO - Started process (PID=614) to work on /opt/airflow/dags/project_dag.py
[2025-08-05T02:50:10.576+0000] {processor.py:799} INFO - Processing file /opt/airflow/dags/project_dag.py for tasks to queue
[2025-08-05T02:50:10.598+0000] {logging_mixin.py:149} INFO - [2025-08-05T02:50:10.597+0000] {dagbag.py:541} INFO - Filling up the DagBag from /opt/airflow/dags/project_dag.py
[2025-08-05T02:50:10.652+0000] {processor.py:809} INFO - DAG(s) dict_keys(['saas_dag']) retrieved from /opt/airflow/dags/project_dag.py
[2025-08-05T02:50:10.708+0000] {logging_mixin.py:149} INFO - [2025-08-05T02:50:10.708+0000] {dag.py:2726} INFO - Sync 1 DAGs
[2025-08-05T02:50:10.728+0000] {logging_mixin.py:149} INFO - [2025-08-05T02:50:10.728+0000] {dag.py:3486} INFO - Setting next_dagrun for saas_dag to 2025-08-05T02:50:10.634715+00:00, run_after=2025-08-05T19:30:10.634715+00:00
[2025-08-05T02:50:10.754+0000] {processor.py:178} INFO - Processing /opt/airflow/dags/project_dag.py took 0.195 seconds
[2025-08-05T02:50:41.085+0000] {processor.py:156} INFO - Started process (PID=615) to work on /opt/airflow/dags/project_dag.py
[2025-08-05T02:50:41.086+0000] {processor.py:799} INFO - Processing file /opt/airflow/dags/project_dag.py for tasks to queue
[2025-08-05T02:50:41.088+0000] {logging_mixin.py:149} INFO - [2025-08-05T02:50:41.087+0000] {dagbag.py:541} INFO - Filling up the DagBag from /opt/airflow/dags/project_dag.py
[2025-08-05T02:50:41.107+0000] {processor.py:809} INFO - DAG(s) dict_keys(['saas_dag']) retrieved from /opt/airflow/dags/project_dag.py
[2025-08-05T02:50:41.162+0000] {logging_mixin.py:149} INFO - [2025-08-05T02:50:41.162+0000] {dag.py:2726} INFO - Sync 1 DAGs
[2025-08-05T02:50:41.182+0000] {logging_mixin.py:149} INFO - [2025-08-05T02:50:41.182+0000] {dag.py:3486} INFO - Setting next_dagrun for saas_dag to 2025-08-05T02:50:41.095883+00:00, run_after=2025-08-05T19:30:41.095883+00:00
[2025-08-05T02:50:41.206+0000] {processor.py:178} INFO - Processing /opt/airflow/dags/project_dag.py took 0.127 seconds
[2025-08-05T02:51:11.487+0000] {processor.py:156} INFO - Started process (PID=616) to work on /opt/airflow/dags/project_dag.py
[2025-08-05T02:51:11.489+0000] {processor.py:799} INFO - Processing file /opt/airflow/dags/project_dag.py for tasks to queue
[2025-08-05T02:51:11.490+0000] {logging_mixin.py:149} INFO - [2025-08-05T02:51:11.490+0000] {dagbag.py:541} INFO - Filling up the DagBag from /opt/airflow/dags/project_dag.py
[2025-08-05T02:51:11.510+0000] {processor.py:809} INFO - DAG(s) dict_keys(['saas_dag']) retrieved from /opt/airflow/dags/project_dag.py
[2025-08-05T02:51:11.577+0000] {logging_mixin.py:149} INFO - [2025-08-05T02:51:11.577+0000] {dag.py:2726} INFO - Sync 1 DAGs
[2025-08-05T02:51:11.603+0000] {logging_mixin.py:149} INFO - [2025-08-05T02:51:11.603+0000] {dag.py:3486} INFO - Setting next_dagrun for saas_dag to 2025-08-05T02:51:11.497434+00:00, run_after=2025-08-05T19:31:11.497434+00:00
[2025-08-05T02:51:11.631+0000] {processor.py:178} INFO - Processing /opt/airflow/dags/project_dag.py took 0.147 seconds
[2025-08-05T02:51:41.926+0000] {processor.py:156} INFO - Started process (PID=617) to work on /opt/airflow/dags/project_dag.py
[2025-08-05T02:51:41.928+0000] {processor.py:799} INFO - Processing file /opt/airflow/dags/project_dag.py for tasks to queue
[2025-08-05T02:51:41.929+0000] {logging_mixin.py:149} INFO - [2025-08-05T02:51:41.928+0000] {dagbag.py:541} INFO - Filling up the DagBag from /opt/airflow/dags/project_dag.py
[2025-08-05T02:51:41.945+0000] {processor.py:809} INFO - DAG(s) dict_keys(['saas_dag']) retrieved from /opt/airflow/dags/project_dag.py
[2025-08-05T02:51:41.998+0000] {logging_mixin.py:149} INFO - [2025-08-05T02:51:41.998+0000] {dag.py:2726} INFO - Sync 1 DAGs
[2025-08-05T02:51:42.016+0000] {logging_mixin.py:149} INFO - [2025-08-05T02:51:42.016+0000] {dag.py:3486} INFO - Setting next_dagrun for saas_dag to 2025-08-05T02:51:41.935819+00:00, run_after=2025-08-05T19:31:41.935819+00:00
[2025-08-05T02:51:42.039+0000] {processor.py:178} INFO - Processing /opt/airflow/dags/project_dag.py took 0.118 seconds
[2025-08-05T02:52:12.329+0000] {processor.py:156} INFO - Started process (PID=618) to work on /opt/airflow/dags/project_dag.py
[2025-08-05T02:52:12.330+0000] {processor.py:799} INFO - Processing file /opt/airflow/dags/project_dag.py for tasks to queue
[2025-08-05T02:52:12.331+0000] {logging_mixin.py:149} INFO - [2025-08-05T02:52:12.331+0000] {dagbag.py:541} INFO - Filling up the DagBag from /opt/airflow/dags/project_dag.py
[2025-08-05T02:52:12.349+0000] {processor.py:809} INFO - DAG(s) dict_keys(['saas_dag']) retrieved from /opt/airflow/dags/project_dag.py
[2025-08-05T02:52:12.419+0000] {logging_mixin.py:149} INFO - [2025-08-05T02:52:12.419+0000] {dag.py:2726} INFO - Sync 1 DAGs
[2025-08-05T02:52:12.442+0000] {logging_mixin.py:149} INFO - [2025-08-05T02:52:12.442+0000] {dag.py:3486} INFO - Setting next_dagrun for saas_dag to 2025-08-05T02:52:12.338296+00:00, run_after=2025-08-05T19:32:12.338296+00:00
[2025-08-05T02:52:12.474+0000] {processor.py:178} INFO - Processing /opt/airflow/dags/project_dag.py took 0.150 seconds
[2025-08-05T02:52:42.640+0000] {processor.py:156} INFO - Started process (PID=619) to work on /opt/airflow/dags/project_dag.py
[2025-08-05T02:52:42.642+0000] {processor.py:799} INFO - Processing file /opt/airflow/dags/project_dag.py for tasks to queue
[2025-08-05T02:52:42.643+0000] {logging_mixin.py:149} INFO - [2025-08-05T02:52:42.643+0000] {dagbag.py:541} INFO - Filling up the DagBag from /opt/airflow/dags/project_dag.py
[2025-08-05T02:52:42.661+0000] {processor.py:809} INFO - DAG(s) dict_keys(['saas_dag']) retrieved from /opt/airflow/dags/project_dag.py
[2025-08-05T02:52:42.724+0000] {logging_mixin.py:149} INFO - [2025-08-05T02:52:42.724+0000] {dag.py:2726} INFO - Sync 1 DAGs
[2025-08-05T02:52:42.755+0000] {logging_mixin.py:149} INFO - [2025-08-05T02:52:42.755+0000] {dag.py:3486} INFO - Setting next_dagrun for saas_dag to 2025-08-05T02:52:42.650464+00:00, run_after=2025-08-05T19:32:42.650464+00:00
[2025-08-05T02:52:42.790+0000] {processor.py:178} INFO - Processing /opt/airflow/dags/project_dag.py took 0.155 seconds
[2025-08-05T02:53:13.041+0000] {processor.py:156} INFO - Started process (PID=620) to work on /opt/airflow/dags/project_dag.py
[2025-08-05T02:53:13.043+0000] {processor.py:799} INFO - Processing file /opt/airflow/dags/project_dag.py for tasks to queue
[2025-08-05T02:53:13.044+0000] {logging_mixin.py:149} INFO - [2025-08-05T02:53:13.044+0000] {dagbag.py:541} INFO - Filling up the DagBag from /opt/airflow/dags/project_dag.py
[2025-08-05T02:53:13.063+0000] {processor.py:809} INFO - DAG(s) dict_keys(['saas_dag']) retrieved from /opt/airflow/dags/project_dag.py
[2025-08-05T02:53:13.131+0000] {logging_mixin.py:149} INFO - [2025-08-05T02:53:13.131+0000] {dag.py:2726} INFO - Sync 1 DAGs
[2025-08-05T02:53:13.150+0000] {logging_mixin.py:149} INFO - [2025-08-05T02:53:13.149+0000] {dag.py:3486} INFO - Setting next_dagrun for saas_dag to 2025-08-05T02:53:13.051444+00:00, run_after=2025-08-05T19:33:13.051444+00:00
[2025-08-05T02:53:13.175+0000] {processor.py:178} INFO - Processing /opt/airflow/dags/project_dag.py took 0.138 seconds
[2025-08-05T02:53:43.439+0000] {processor.py:156} INFO - Started process (PID=621) to work on /opt/airflow/dags/project_dag.py
[2025-08-05T02:53:43.440+0000] {processor.py:799} INFO - Processing file /opt/airflow/dags/project_dag.py for tasks to queue
[2025-08-05T02:53:43.441+0000] {logging_mixin.py:149} INFO - [2025-08-05T02:53:43.441+0000] {dagbag.py:541} INFO - Filling up the DagBag from /opt/airflow/dags/project_dag.py
[2025-08-05T02:53:43.458+0000] {processor.py:809} INFO - DAG(s) dict_keys(['saas_dag']) retrieved from /opt/airflow/dags/project_dag.py
[2025-08-05T02:53:43.513+0000] {logging_mixin.py:149} INFO - [2025-08-05T02:53:43.513+0000] {dag.py:2726} INFO - Sync 1 DAGs
[2025-08-05T02:53:43.532+0000] {logging_mixin.py:149} INFO - [2025-08-05T02:53:43.532+0000] {dag.py:3486} INFO - Setting next_dagrun for saas_dag to 2025-08-05T02:53:43.447827+00:00, run_after=2025-08-05T19:33:43.447827+00:00
[2025-08-05T02:53:43.556+0000] {processor.py:178} INFO - Processing /opt/airflow/dags/project_dag.py took 0.121 seconds
[2025-08-05T02:54:13.858+0000] {processor.py:156} INFO - Started process (PID=622) to work on /opt/airflow/dags/project_dag.py
[2025-08-05T02:54:13.860+0000] {processor.py:799} INFO - Processing file /opt/airflow/dags/project_dag.py for tasks to queue
[2025-08-05T02:54:13.861+0000] {logging_mixin.py:149} INFO - [2025-08-05T02:54:13.861+0000] {dagbag.py:541} INFO - Filling up the DagBag from /opt/airflow/dags/project_dag.py
[2025-08-05T02:54:13.879+0000] {processor.py:809} INFO - DAG(s) dict_keys(['saas_dag']) retrieved from /opt/airflow/dags/project_dag.py
[2025-08-05T02:54:13.934+0000] {logging_mixin.py:149} INFO - [2025-08-05T02:54:13.934+0000] {dag.py:2726} INFO - Sync 1 DAGs
[2025-08-05T02:54:13.953+0000] {logging_mixin.py:149} INFO - [2025-08-05T02:54:13.952+0000] {dag.py:3486} INFO - Setting next_dagrun for saas_dag to 2025-08-05T02:54:13.868541+00:00, run_after=2025-08-05T19:34:13.868541+00:00
[2025-08-05T02:54:13.979+0000] {processor.py:178} INFO - Processing /opt/airflow/dags/project_dag.py took 0.126 seconds
[2025-08-05T02:54:44.272+0000] {processor.py:156} INFO - Started process (PID=623) to work on /opt/airflow/dags/project_dag.py
[2025-08-05T02:54:44.273+0000] {processor.py:799} INFO - Processing file /opt/airflow/dags/project_dag.py for tasks to queue
[2025-08-05T02:54:44.274+0000] {logging_mixin.py:149} INFO - [2025-08-05T02:54:44.274+0000] {dagbag.py:541} INFO - Filling up the DagBag from /opt/airflow/dags/project_dag.py
[2025-08-05T02:54:44.291+0000] {processor.py:809} INFO - DAG(s) dict_keys(['saas_dag']) retrieved from /opt/airflow/dags/project_dag.py
[2025-08-05T02:54:44.360+0000] {logging_mixin.py:149} INFO - [2025-08-05T02:54:44.359+0000] {dag.py:2726} INFO - Sync 1 DAGs
[2025-08-05T02:54:44.384+0000] {logging_mixin.py:149} INFO - [2025-08-05T02:54:44.383+0000] {dag.py:3486} INFO - Setting next_dagrun for saas_dag to 2025-08-05T02:54:44.280654+00:00, run_after=2025-08-05T19:34:44.280654+00:00
[2025-08-05T02:54:44.410+0000] {processor.py:178} INFO - Processing /opt/airflow/dags/project_dag.py took 0.143 seconds
[2025-08-05T02:55:14.671+0000] {processor.py:156} INFO - Started process (PID=625) to work on /opt/airflow/dags/project_dag.py
[2025-08-05T02:55:14.672+0000] {processor.py:799} INFO - Processing file /opt/airflow/dags/project_dag.py for tasks to queue
[2025-08-05T02:55:14.673+0000] {logging_mixin.py:149} INFO - [2025-08-05T02:55:14.673+0000] {dagbag.py:541} INFO - Filling up the DagBag from /opt/airflow/dags/project_dag.py
[2025-08-05T02:55:14.689+0000] {processor.py:809} INFO - DAG(s) dict_keys(['saas_dag']) retrieved from /opt/airflow/dags/project_dag.py
[2025-08-05T02:55:14.756+0000] {logging_mixin.py:149} INFO - [2025-08-05T02:55:14.756+0000] {dag.py:2726} INFO - Sync 1 DAGs
[2025-08-05T02:55:14.782+0000] {logging_mixin.py:149} INFO - [2025-08-05T02:55:14.781+0000] {dag.py:3486} INFO - Setting next_dagrun for saas_dag to 2025-08-05T02:55:14.679429+00:00, run_after=2025-08-05T19:35:14.679429+00:00
[2025-08-05T02:55:14.810+0000] {processor.py:178} INFO - Processing /opt/airflow/dags/project_dag.py took 0.143 seconds
[2025-08-05T02:55:45.090+0000] {processor.py:156} INFO - Started process (PID=626) to work on /opt/airflow/dags/project_dag.py
[2025-08-05T02:55:45.091+0000] {processor.py:799} INFO - Processing file /opt/airflow/dags/project_dag.py for tasks to queue
[2025-08-05T02:55:45.092+0000] {logging_mixin.py:149} INFO - [2025-08-05T02:55:45.092+0000] {dagbag.py:541} INFO - Filling up the DagBag from /opt/airflow/dags/project_dag.py
[2025-08-05T02:55:45.120+0000] {processor.py:809} INFO - DAG(s) dict_keys(['saas_dag']) retrieved from /opt/airflow/dags/project_dag.py
[2025-08-05T02:55:45.255+0000] {logging_mixin.py:149} INFO - [2025-08-05T02:55:45.255+0000] {dag.py:2726} INFO - Sync 1 DAGs
[2025-08-05T02:55:45.283+0000] {logging_mixin.py:149} INFO - [2025-08-05T02:55:45.283+0000] {dag.py:3486} INFO - Setting next_dagrun for saas_dag to 2025-08-05T02:55:45.098361+00:00, run_after=2025-08-05T19:35:45.098361+00:00
[2025-08-05T02:55:45.311+0000] {processor.py:178} INFO - Processing /opt/airflow/dags/project_dag.py took 0.225 seconds
[2025-08-05T02:56:15.614+0000] {processor.py:156} INFO - Started process (PID=627) to work on /opt/airflow/dags/project_dag.py
[2025-08-05T02:56:15.616+0000] {processor.py:799} INFO - Processing file /opt/airflow/dags/project_dag.py for tasks to queue
[2025-08-05T02:56:15.617+0000] {logging_mixin.py:149} INFO - [2025-08-05T02:56:15.617+0000] {dagbag.py:541} INFO - Filling up the DagBag from /opt/airflow/dags/project_dag.py
[2025-08-05T02:56:15.633+0000] {processor.py:809} INFO - DAG(s) dict_keys(['saas_dag']) retrieved from /opt/airflow/dags/project_dag.py
[2025-08-05T02:56:15.690+0000] {logging_mixin.py:149} INFO - [2025-08-05T02:56:15.690+0000] {dag.py:2726} INFO - Sync 1 DAGs
[2025-08-05T02:56:15.710+0000] {logging_mixin.py:149} INFO - [2025-08-05T02:56:15.710+0000] {dag.py:3486} INFO - Setting next_dagrun for saas_dag to 2025-08-05T02:56:15.623820+00:00, run_after=2025-08-05T19:36:15.623820+00:00
[2025-08-05T02:56:15.738+0000] {processor.py:178} INFO - Processing /opt/airflow/dags/project_dag.py took 0.130 seconds
[2025-08-05T02:56:46.014+0000] {processor.py:156} INFO - Started process (PID=628) to work on /opt/airflow/dags/project_dag.py
[2025-08-05T02:56:46.016+0000] {processor.py:799} INFO - Processing file /opt/airflow/dags/project_dag.py for tasks to queue
[2025-08-05T02:56:46.017+0000] {logging_mixin.py:149} INFO - [2025-08-05T02:56:46.017+0000] {dagbag.py:541} INFO - Filling up the DagBag from /opt/airflow/dags/project_dag.py
[2025-08-05T02:56:46.034+0000] {processor.py:809} INFO - DAG(s) dict_keys(['saas_dag']) retrieved from /opt/airflow/dags/project_dag.py
[2025-08-05T02:56:46.090+0000] {logging_mixin.py:149} INFO - [2025-08-05T02:56:46.090+0000] {dag.py:2726} INFO - Sync 1 DAGs
[2025-08-05T02:56:46.113+0000] {logging_mixin.py:149} INFO - [2025-08-05T02:56:46.113+0000] {dag.py:3486} INFO - Setting next_dagrun for saas_dag to 2025-08-05T02:56:46.023938+00:00, run_after=2025-08-05T19:36:46.023938+00:00
[2025-08-05T02:56:46.137+0000] {processor.py:178} INFO - Processing /opt/airflow/dags/project_dag.py took 0.127 seconds
[2025-08-05T02:57:16.424+0000] {processor.py:156} INFO - Started process (PID=629) to work on /opt/airflow/dags/project_dag.py
[2025-08-05T02:57:16.425+0000] {processor.py:799} INFO - Processing file /opt/airflow/dags/project_dag.py for tasks to queue
[2025-08-05T02:57:16.427+0000] {logging_mixin.py:149} INFO - [2025-08-05T02:57:16.426+0000] {dagbag.py:541} INFO - Filling up the DagBag from /opt/airflow/dags/project_dag.py
[2025-08-05T02:57:16.444+0000] {processor.py:809} INFO - DAG(s) dict_keys(['saas_dag']) retrieved from /opt/airflow/dags/project_dag.py
[2025-08-05T02:57:16.510+0000] {logging_mixin.py:149} INFO - [2025-08-05T02:57:16.510+0000] {dag.py:2726} INFO - Sync 1 DAGs
[2025-08-05T02:57:16.533+0000] {logging_mixin.py:149} INFO - [2025-08-05T02:57:16.533+0000] {dag.py:3486} INFO - Setting next_dagrun for saas_dag to 2025-08-05T02:57:16.433019+00:00, run_after=2025-08-05T19:37:16.433019+00:00
[2025-08-05T02:57:16.562+0000] {processor.py:178} INFO - Processing /opt/airflow/dags/project_dag.py took 0.142 seconds
[2025-08-05T02:57:46.858+0000] {processor.py:156} INFO - Started process (PID=630) to work on /opt/airflow/dags/project_dag.py
[2025-08-05T02:57:46.860+0000] {processor.py:799} INFO - Processing file /opt/airflow/dags/project_dag.py for tasks to queue
[2025-08-05T02:57:46.861+0000] {logging_mixin.py:149} INFO - [2025-08-05T02:57:46.861+0000] {dagbag.py:541} INFO - Filling up the DagBag from /opt/airflow/dags/project_dag.py
[2025-08-05T02:57:46.878+0000] {processor.py:809} INFO - DAG(s) dict_keys(['saas_dag']) retrieved from /opt/airflow/dags/project_dag.py
[2025-08-05T02:57:46.929+0000] {logging_mixin.py:149} INFO - [2025-08-05T02:57:46.929+0000] {dag.py:2726} INFO - Sync 1 DAGs
[2025-08-05T02:57:46.948+0000] {logging_mixin.py:149} INFO - [2025-08-05T02:57:46.947+0000] {dag.py:3486} INFO - Setting next_dagrun for saas_dag to 2025-08-05T02:57:46.868446+00:00, run_after=2025-08-05T19:37:46.868446+00:00
[2025-08-05T02:57:46.970+0000] {processor.py:178} INFO - Processing /opt/airflow/dags/project_dag.py took 0.118 seconds
[2025-08-05T02:58:17.246+0000] {processor.py:156} INFO - Started process (PID=631) to work on /opt/airflow/dags/project_dag.py
[2025-08-05T02:58:17.247+0000] {processor.py:799} INFO - Processing file /opt/airflow/dags/project_dag.py for tasks to queue
[2025-08-05T02:58:17.248+0000] {logging_mixin.py:149} INFO - [2025-08-05T02:58:17.248+0000] {dagbag.py:541} INFO - Filling up the DagBag from /opt/airflow/dags/project_dag.py
[2025-08-05T02:58:17.265+0000] {processor.py:809} INFO - DAG(s) dict_keys(['saas_dag']) retrieved from /opt/airflow/dags/project_dag.py
[2025-08-05T02:58:17.333+0000] {logging_mixin.py:149} INFO - [2025-08-05T02:58:17.333+0000] {dag.py:2726} INFO - Sync 1 DAGs
[2025-08-05T02:58:17.357+0000] {logging_mixin.py:149} INFO - [2025-08-05T02:58:17.356+0000] {dag.py:3486} INFO - Setting next_dagrun for saas_dag to 2025-08-05T02:58:17.254723+00:00, run_after=2025-08-05T19:38:17.254723+00:00
[2025-08-05T02:58:17.390+0000] {processor.py:178} INFO - Processing /opt/airflow/dags/project_dag.py took 0.149 seconds
[2025-08-05T02:58:47.604+0000] {processor.py:156} INFO - Started process (PID=632) to work on /opt/airflow/dags/project_dag.py
[2025-08-05T02:58:47.606+0000] {processor.py:799} INFO - Processing file /opt/airflow/dags/project_dag.py for tasks to queue
[2025-08-05T02:58:47.607+0000] {logging_mixin.py:149} INFO - [2025-08-05T02:58:47.607+0000] {dagbag.py:541} INFO - Filling up the DagBag from /opt/airflow/dags/project_dag.py
[2025-08-05T02:58:47.626+0000] {processor.py:809} INFO - DAG(s) dict_keys(['saas_dag']) retrieved from /opt/airflow/dags/project_dag.py
[2025-08-05T02:58:47.683+0000] {logging_mixin.py:149} INFO - [2025-08-05T02:58:47.683+0000] {dag.py:2726} INFO - Sync 1 DAGs
[2025-08-05T02:58:47.705+0000] {logging_mixin.py:149} INFO - [2025-08-05T02:58:47.705+0000] {dag.py:3486} INFO - Setting next_dagrun for saas_dag to 2025-08-05T02:58:47.615278+00:00, run_after=2025-08-05T19:38:47.615278+00:00
[2025-08-05T02:58:47.735+0000] {processor.py:178} INFO - Processing /opt/airflow/dags/project_dag.py took 0.139 seconds
[2025-08-05T02:59:18.024+0000] {processor.py:156} INFO - Started process (PID=633) to work on /opt/airflow/dags/project_dag.py
[2025-08-05T02:59:18.026+0000] {processor.py:799} INFO - Processing file /opt/airflow/dags/project_dag.py for tasks to queue
[2025-08-05T02:59:18.027+0000] {logging_mixin.py:149} INFO - [2025-08-05T02:59:18.027+0000] {dagbag.py:541} INFO - Filling up the DagBag from /opt/airflow/dags/project_dag.py
[2025-08-05T02:59:18.045+0000] {processor.py:809} INFO - DAG(s) dict_keys(['saas_dag']) retrieved from /opt/airflow/dags/project_dag.py
[2025-08-05T02:59:18.097+0000] {logging_mixin.py:149} INFO - [2025-08-05T02:59:18.097+0000] {dag.py:2726} INFO - Sync 1 DAGs
[2025-08-05T02:59:18.116+0000] {logging_mixin.py:149} INFO - [2025-08-05T02:59:18.116+0000] {dag.py:3486} INFO - Setting next_dagrun for saas_dag to 2025-08-05T02:59:18.035282+00:00, run_after=2025-08-05T19:39:18.035282+00:00
[2025-08-05T02:59:18.140+0000] {processor.py:178} INFO - Processing /opt/airflow/dags/project_dag.py took 0.121 seconds
[2025-08-05T02:59:48.272+0000] {processor.py:156} INFO - Started process (PID=634) to work on /opt/airflow/dags/project_dag.py
[2025-08-05T02:59:48.273+0000] {processor.py:799} INFO - Processing file /opt/airflow/dags/project_dag.py for tasks to queue
[2025-08-05T02:59:48.274+0000] {logging_mixin.py:149} INFO - [2025-08-05T02:59:48.274+0000] {dagbag.py:541} INFO - Filling up the DagBag from /opt/airflow/dags/project_dag.py
[2025-08-05T02:59:48.294+0000] {processor.py:809} INFO - DAG(s) dict_keys(['saas_dag']) retrieved from /opt/airflow/dags/project_dag.py
[2025-08-05T02:59:48.347+0000] {logging_mixin.py:149} INFO - [2025-08-05T02:59:48.347+0000] {dag.py:2726} INFO - Sync 1 DAGs
[2025-08-05T02:59:48.365+0000] {logging_mixin.py:149} INFO - [2025-08-05T02:59:48.365+0000] {dag.py:3486} INFO - Setting next_dagrun for saas_dag to 2025-08-05T02:59:48.282149+00:00, run_after=2025-08-05T19:39:48.282149+00:00
[2025-08-05T02:59:48.388+0000] {processor.py:178} INFO - Processing /opt/airflow/dags/project_dag.py took 0.121 seconds
[2025-08-05T03:00:18.740+0000] {processor.py:156} INFO - Started process (PID=635) to work on /opt/airflow/dags/project_dag.py
[2025-08-05T03:00:18.742+0000] {processor.py:799} INFO - Processing file /opt/airflow/dags/project_dag.py for tasks to queue
[2025-08-05T03:00:18.743+0000] {logging_mixin.py:149} INFO - [2025-08-05T03:00:18.743+0000] {dagbag.py:541} INFO - Filling up the DagBag from /opt/airflow/dags/project_dag.py
[2025-08-05T03:00:18.760+0000] {processor.py:809} INFO - DAG(s) dict_keys(['saas_dag']) retrieved from /opt/airflow/dags/project_dag.py
[2025-08-05T03:00:18.812+0000] {logging_mixin.py:149} INFO - [2025-08-05T03:00:18.812+0000] {dag.py:2726} INFO - Sync 1 DAGs
[2025-08-05T03:00:18.830+0000] {logging_mixin.py:149} INFO - [2025-08-05T03:00:18.830+0000] {dag.py:3486} INFO - Setting next_dagrun for saas_dag to 2025-08-05T03:00:18.750049+00:00, run_after=2025-08-05T19:40:18.750049+00:00
[2025-08-05T03:00:18.853+0000] {processor.py:178} INFO - Processing /opt/airflow/dags/project_dag.py took 0.118 seconds
[2025-08-05T03:00:49.166+0000] {processor.py:156} INFO - Started process (PID=636) to work on /opt/airflow/dags/project_dag.py
[2025-08-05T03:00:49.168+0000] {processor.py:799} INFO - Processing file /opt/airflow/dags/project_dag.py for tasks to queue
[2025-08-05T03:00:49.169+0000] {logging_mixin.py:149} INFO - [2025-08-05T03:00:49.169+0000] {dagbag.py:541} INFO - Filling up the DagBag from /opt/airflow/dags/project_dag.py
[2025-08-05T03:00:49.189+0000] {processor.py:809} INFO - DAG(s) dict_keys(['saas_dag']) retrieved from /opt/airflow/dags/project_dag.py
[2025-08-05T03:00:49.249+0000] {logging_mixin.py:149} INFO - [2025-08-05T03:00:49.248+0000] {dag.py:2726} INFO - Sync 1 DAGs
[2025-08-05T03:00:49.269+0000] {logging_mixin.py:149} INFO - [2025-08-05T03:00:49.269+0000] {dag.py:3486} INFO - Setting next_dagrun for saas_dag to 2025-08-05T03:00:49.177644+00:00, run_after=2025-08-05T19:40:49.177644+00:00
[2025-08-05T03:00:49.297+0000] {processor.py:178} INFO - Processing /opt/airflow/dags/project_dag.py took 0.137 seconds
[2025-08-05T03:01:19.600+0000] {processor.py:156} INFO - Started process (PID=637) to work on /opt/airflow/dags/project_dag.py
[2025-08-05T03:01:19.602+0000] {processor.py:799} INFO - Processing file /opt/airflow/dags/project_dag.py for tasks to queue
[2025-08-05T03:01:19.603+0000] {logging_mixin.py:149} INFO - [2025-08-05T03:01:19.603+0000] {dagbag.py:541} INFO - Filling up the DagBag from /opt/airflow/dags/project_dag.py
[2025-08-05T03:01:19.624+0000] {processor.py:809} INFO - DAG(s) dict_keys(['saas_dag']) retrieved from /opt/airflow/dags/project_dag.py
[2025-08-05T03:01:19.684+0000] {logging_mixin.py:149} INFO - [2025-08-05T03:01:19.684+0000] {dag.py:2726} INFO - Sync 1 DAGs
[2025-08-05T03:01:19.704+0000] {logging_mixin.py:149} INFO - [2025-08-05T03:01:19.704+0000] {dag.py:3486} INFO - Setting next_dagrun for saas_dag to 2025-08-05T03:01:19.611111+00:00, run_after=2025-08-05T19:41:19.611111+00:00
[2025-08-05T03:01:19.731+0000] {processor.py:178} INFO - Processing /opt/airflow/dags/project_dag.py took 0.137 seconds
[2025-08-05T03:01:50.016+0000] {processor.py:156} INFO - Started process (PID=638) to work on /opt/airflow/dags/project_dag.py
[2025-08-05T03:01:50.018+0000] {processor.py:799} INFO - Processing file /opt/airflow/dags/project_dag.py for tasks to queue
[2025-08-05T03:01:50.020+0000] {logging_mixin.py:149} INFO - [2025-08-05T03:01:50.019+0000] {dagbag.py:541} INFO - Filling up the DagBag from /opt/airflow/dags/project_dag.py
[2025-08-05T03:01:50.042+0000] {processor.py:809} INFO - DAG(s) dict_keys(['saas_dag']) retrieved from /opt/airflow/dags/project_dag.py
[2025-08-05T03:01:50.114+0000] {logging_mixin.py:149} INFO - [2025-08-05T03:01:50.114+0000] {dag.py:2726} INFO - Sync 1 DAGs
[2025-08-05T03:01:50.139+0000] {logging_mixin.py:149} INFO - [2025-08-05T03:01:50.139+0000] {dag.py:3486} INFO - Setting next_dagrun for saas_dag to 2025-08-05T03:01:50.029389+00:00, run_after=2025-08-05T19:41:50.029389+00:00
[2025-08-05T03:01:50.171+0000] {processor.py:178} INFO - Processing /opt/airflow/dags/project_dag.py took 0.160 seconds
[2025-08-05T03:02:20.434+0000] {processor.py:156} INFO - Started process (PID=639) to work on /opt/airflow/dags/project_dag.py
[2025-08-05T03:02:20.435+0000] {processor.py:799} INFO - Processing file /opt/airflow/dags/project_dag.py for tasks to queue
[2025-08-05T03:02:20.437+0000] {logging_mixin.py:149} INFO - [2025-08-05T03:02:20.436+0000] {dagbag.py:541} INFO - Filling up the DagBag from /opt/airflow/dags/project_dag.py
[2025-08-05T03:02:20.454+0000] {processor.py:809} INFO - DAG(s) dict_keys(['saas_dag']) retrieved from /opt/airflow/dags/project_dag.py
[2025-08-05T03:02:20.528+0000] {logging_mixin.py:149} INFO - [2025-08-05T03:02:20.527+0000] {dag.py:2726} INFO - Sync 1 DAGs
[2025-08-05T03:02:20.549+0000] {logging_mixin.py:149} INFO - [2025-08-05T03:02:20.548+0000] {dag.py:3486} INFO - Setting next_dagrun for saas_dag to 2025-08-05T03:02:20.443570+00:00, run_after=2025-08-05T19:42:20.443570+00:00
[2025-08-05T03:02:20.577+0000] {processor.py:178} INFO - Processing /opt/airflow/dags/project_dag.py took 0.147 seconds
[2025-08-05T03:02:50.686+0000] {processor.py:156} INFO - Started process (PID=640) to work on /opt/airflow/dags/project_dag.py
[2025-08-05T03:02:50.687+0000] {processor.py:799} INFO - Processing file /opt/airflow/dags/project_dag.py for tasks to queue
[2025-08-05T03:02:50.689+0000] {logging_mixin.py:149} INFO - [2025-08-05T03:02:50.688+0000] {dagbag.py:541} INFO - Filling up the DagBag from /opt/airflow/dags/project_dag.py
[2025-08-05T03:02:50.707+0000] {processor.py:809} INFO - DAG(s) dict_keys(['saas_dag']) retrieved from /opt/airflow/dags/project_dag.py
[2025-08-05T03:02:50.765+0000] {logging_mixin.py:149} INFO - [2025-08-05T03:02:50.765+0000] {dag.py:2726} INFO - Sync 1 DAGs
[2025-08-05T03:02:50.787+0000] {logging_mixin.py:149} INFO - [2025-08-05T03:02:50.787+0000] {dag.py:3486} INFO - Setting next_dagrun for saas_dag to 2025-08-05T03:02:50.695893+00:00, run_after=2025-08-05T19:42:50.695893+00:00
[2025-08-05T03:02:50.814+0000] {processor.py:178} INFO - Processing /opt/airflow/dags/project_dag.py took 0.133 seconds
[2025-08-05T03:03:21.116+0000] {processor.py:156} INFO - Started process (PID=641) to work on /opt/airflow/dags/project_dag.py
[2025-08-05T03:03:21.118+0000] {processor.py:799} INFO - Processing file /opt/airflow/dags/project_dag.py for tasks to queue
[2025-08-05T03:03:21.119+0000] {logging_mixin.py:149} INFO - [2025-08-05T03:03:21.119+0000] {dagbag.py:541} INFO - Filling up the DagBag from /opt/airflow/dags/project_dag.py
[2025-08-05T03:03:21.137+0000] {processor.py:809} INFO - DAG(s) dict_keys(['saas_dag']) retrieved from /opt/airflow/dags/project_dag.py
[2025-08-05T03:03:21.195+0000] {logging_mixin.py:149} INFO - [2025-08-05T03:03:21.195+0000] {dag.py:2726} INFO - Sync 1 DAGs
[2025-08-05T03:03:21.217+0000] {logging_mixin.py:149} INFO - [2025-08-05T03:03:21.217+0000] {dag.py:3486} INFO - Setting next_dagrun for saas_dag to 2025-08-05T03:03:21.126735+00:00, run_after=2025-08-05T19:43:21.126735+00:00
[2025-08-05T03:03:21.244+0000] {processor.py:178} INFO - Processing /opt/airflow/dags/project_dag.py took 0.133 seconds
[2025-08-05T03:03:51.556+0000] {processor.py:156} INFO - Started process (PID=642) to work on /opt/airflow/dags/project_dag.py
[2025-08-05T03:03:51.558+0000] {processor.py:799} INFO - Processing file /opt/airflow/dags/project_dag.py for tasks to queue
[2025-08-05T03:03:51.559+0000] {logging_mixin.py:149} INFO - [2025-08-05T03:03:51.559+0000] {dagbag.py:541} INFO - Filling up the DagBag from /opt/airflow/dags/project_dag.py
[2025-08-05T03:03:51.577+0000] {processor.py:809} INFO - DAG(s) dict_keys(['saas_dag']) retrieved from /opt/airflow/dags/project_dag.py
[2025-08-05T03:03:51.633+0000] {logging_mixin.py:149} INFO - [2025-08-05T03:03:51.632+0000] {dag.py:2726} INFO - Sync 1 DAGs
[2025-08-05T03:03:51.654+0000] {logging_mixin.py:149} INFO - [2025-08-05T03:03:51.653+0000] {dag.py:3486} INFO - Setting next_dagrun for saas_dag to 2025-08-05T03:03:51.565838+00:00, run_after=2025-08-05T19:43:51.565838+00:00
[2025-08-05T03:03:51.680+0000] {processor.py:178} INFO - Processing /opt/airflow/dags/project_dag.py took 0.128 seconds
[2025-08-05T03:04:21.977+0000] {processor.py:156} INFO - Started process (PID=643) to work on /opt/airflow/dags/project_dag.py
[2025-08-05T03:04:21.978+0000] {processor.py:799} INFO - Processing file /opt/airflow/dags/project_dag.py for tasks to queue
[2025-08-05T03:04:21.979+0000] {logging_mixin.py:149} INFO - [2025-08-05T03:04:21.979+0000] {dagbag.py:541} INFO - Filling up the DagBag from /opt/airflow/dags/project_dag.py
[2025-08-05T03:04:21.998+0000] {processor.py:809} INFO - DAG(s) dict_keys(['saas_dag']) retrieved from /opt/airflow/dags/project_dag.py
[2025-08-05T03:04:22.058+0000] {logging_mixin.py:149} INFO - [2025-08-05T03:04:22.057+0000] {dag.py:2726} INFO - Sync 1 DAGs
[2025-08-05T03:04:22.078+0000] {logging_mixin.py:149} INFO - [2025-08-05T03:04:22.078+0000] {dag.py:3486} INFO - Setting next_dagrun for saas_dag to 2025-08-05T03:04:21.987661+00:00, run_after=2025-08-05T19:44:21.987661+00:00
[2025-08-05T03:04:22.103+0000] {processor.py:178} INFO - Processing /opt/airflow/dags/project_dag.py took 0.130 seconds
[2025-08-05T03:04:52.402+0000] {processor.py:156} INFO - Started process (PID=644) to work on /opt/airflow/dags/project_dag.py
[2025-08-05T03:04:52.404+0000] {processor.py:799} INFO - Processing file /opt/airflow/dags/project_dag.py for tasks to queue
[2025-08-05T03:04:52.405+0000] {logging_mixin.py:149} INFO - [2025-08-05T03:04:52.405+0000] {dagbag.py:541} INFO - Filling up the DagBag from /opt/airflow/dags/project_dag.py
[2025-08-05T03:04:52.421+0000] {processor.py:809} INFO - DAG(s) dict_keys(['saas_dag']) retrieved from /opt/airflow/dags/project_dag.py
[2025-08-05T03:04:52.473+0000] {logging_mixin.py:149} INFO - [2025-08-05T03:04:52.473+0000] {dag.py:2726} INFO - Sync 1 DAGs
[2025-08-05T03:04:52.491+0000] {logging_mixin.py:149} INFO - [2025-08-05T03:04:52.491+0000] {dag.py:3486} INFO - Setting next_dagrun for saas_dag to 2025-08-05T03:04:52.411755+00:00, run_after=2025-08-05T19:44:52.411755+00:00
[2025-08-05T03:04:52.515+0000] {processor.py:178} INFO - Processing /opt/airflow/dags/project_dag.py took 0.118 seconds
[2025-08-05T03:05:22.637+0000] {processor.py:156} INFO - Started process (PID=645) to work on /opt/airflow/dags/project_dag.py
[2025-08-05T03:05:22.638+0000] {processor.py:799} INFO - Processing file /opt/airflow/dags/project_dag.py for tasks to queue
[2025-08-05T03:05:22.639+0000] {logging_mixin.py:149} INFO - [2025-08-05T03:05:22.639+0000] {dagbag.py:541} INFO - Filling up the DagBag from /opt/airflow/dags/project_dag.py
[2025-08-05T03:05:22.656+0000] {processor.py:809} INFO - DAG(s) dict_keys(['saas_dag']) retrieved from /opt/airflow/dags/project_dag.py
[2025-08-05T03:05:22.709+0000] {logging_mixin.py:149} INFO - [2025-08-05T03:05:22.709+0000] {dag.py:2726} INFO - Sync 1 DAGs
[2025-08-05T03:05:22.728+0000] {logging_mixin.py:149} INFO - [2025-08-05T03:05:22.728+0000] {dag.py:3486} INFO - Setting next_dagrun for saas_dag to 2025-08-05T03:05:22.646571+00:00, run_after=2025-08-05T19:45:22.646571+00:00
[2025-08-05T03:05:22.753+0000] {processor.py:178} INFO - Processing /opt/airflow/dags/project_dag.py took 0.121 seconds
[2025-08-05T03:05:53.012+0000] {processor.py:156} INFO - Started process (PID=646) to work on /opt/airflow/dags/project_dag.py
[2025-08-05T03:05:53.014+0000] {processor.py:799} INFO - Processing file /opt/airflow/dags/project_dag.py for tasks to queue
[2025-08-05T03:05:53.015+0000] {logging_mixin.py:149} INFO - [2025-08-05T03:05:53.015+0000] {dagbag.py:541} INFO - Filling up the DagBag from /opt/airflow/dags/project_dag.py
[2025-08-05T03:05:53.033+0000] {processor.py:809} INFO - DAG(s) dict_keys(['saas_dag']) retrieved from /opt/airflow/dags/project_dag.py
[2025-08-05T03:05:53.089+0000] {logging_mixin.py:149} INFO - [2025-08-05T03:05:53.089+0000] {dag.py:2726} INFO - Sync 1 DAGs
[2025-08-05T03:05:53.106+0000] {logging_mixin.py:149} INFO - [2025-08-05T03:05:53.106+0000] {dag.py:3486} INFO - Setting next_dagrun for saas_dag to 2025-08-05T03:05:53.022709+00:00, run_after=2025-08-05T19:45:53.022709+00:00
[2025-08-05T03:05:53.129+0000] {processor.py:178} INFO - Processing /opt/airflow/dags/project_dag.py took 0.122 seconds
[2025-08-05T03:06:23.417+0000] {processor.py:156} INFO - Started process (PID=647) to work on /opt/airflow/dags/project_dag.py
[2025-08-05T03:06:23.419+0000] {processor.py:799} INFO - Processing file /opt/airflow/dags/project_dag.py for tasks to queue
[2025-08-05T03:06:23.420+0000] {logging_mixin.py:149} INFO - [2025-08-05T03:06:23.420+0000] {dagbag.py:541} INFO - Filling up the DagBag from /opt/airflow/dags/project_dag.py
[2025-08-05T03:06:23.437+0000] {processor.py:809} INFO - DAG(s) dict_keys(['saas_dag']) retrieved from /opt/airflow/dags/project_dag.py
[2025-08-05T03:06:23.494+0000] {logging_mixin.py:149} INFO - [2025-08-05T03:06:23.494+0000] {dag.py:2726} INFO - Sync 1 DAGs
[2025-08-05T03:06:23.515+0000] {logging_mixin.py:149} INFO - [2025-08-05T03:06:23.514+0000] {dag.py:3486} INFO - Setting next_dagrun for saas_dag to 2025-08-05T03:06:23.427170+00:00, run_after=2025-08-05T19:46:23.427170+00:00
[2025-08-05T03:06:23.542+0000] {processor.py:178} INFO - Processing /opt/airflow/dags/project_dag.py took 0.130 seconds
[2025-08-05T03:06:53.838+0000] {processor.py:156} INFO - Started process (PID=648) to work on /opt/airflow/dags/project_dag.py
[2025-08-05T03:06:53.839+0000] {processor.py:799} INFO - Processing file /opt/airflow/dags/project_dag.py for tasks to queue
[2025-08-05T03:06:53.840+0000] {logging_mixin.py:149} INFO - [2025-08-05T03:06:53.840+0000] {dagbag.py:541} INFO - Filling up the DagBag from /opt/airflow/dags/project_dag.py
[2025-08-05T03:06:53.858+0000] {processor.py:809} INFO - DAG(s) dict_keys(['saas_dag']) retrieved from /opt/airflow/dags/project_dag.py
[2025-08-05T03:06:53.912+0000] {logging_mixin.py:149} INFO - [2025-08-05T03:06:53.912+0000] {dag.py:2726} INFO - Sync 1 DAGs
[2025-08-05T03:06:53.932+0000] {logging_mixin.py:149} INFO - [2025-08-05T03:06:53.931+0000] {dag.py:3486} INFO - Setting next_dagrun for saas_dag to 2025-08-05T03:06:53.848215+00:00, run_after=2025-08-05T19:46:53.848215+00:00
[2025-08-05T03:06:53.955+0000] {processor.py:178} INFO - Processing /opt/airflow/dags/project_dag.py took 0.123 seconds
[2025-08-05T03:07:24.257+0000] {processor.py:156} INFO - Started process (PID=649) to work on /opt/airflow/dags/project_dag.py
[2025-08-05T03:07:24.258+0000] {processor.py:799} INFO - Processing file /opt/airflow/dags/project_dag.py for tasks to queue
[2025-08-05T03:07:24.260+0000] {logging_mixin.py:149} INFO - [2025-08-05T03:07:24.260+0000] {dagbag.py:541} INFO - Filling up the DagBag from /opt/airflow/dags/project_dag.py
[2025-08-05T03:07:24.277+0000] {processor.py:809} INFO - DAG(s) dict_keys(['saas_dag']) retrieved from /opt/airflow/dags/project_dag.py
[2025-08-05T03:07:24.334+0000] {logging_mixin.py:149} INFO - [2025-08-05T03:07:24.334+0000] {dag.py:2726} INFO - Sync 1 DAGs
[2025-08-05T03:07:24.355+0000] {logging_mixin.py:149} INFO - [2025-08-05T03:07:24.355+0000] {dag.py:3486} INFO - Setting next_dagrun for saas_dag to 2025-08-05T03:07:24.267134+00:00, run_after=2025-08-05T19:47:24.267134+00:00
[2025-08-05T03:07:24.381+0000] {processor.py:178} INFO - Processing /opt/airflow/dags/project_dag.py took 0.129 seconds
[2025-08-05T03:07:54.694+0000] {processor.py:156} INFO - Started process (PID=650) to work on /opt/airflow/dags/project_dag.py
[2025-08-05T03:07:54.696+0000] {processor.py:799} INFO - Processing file /opt/airflow/dags/project_dag.py for tasks to queue
[2025-08-05T03:07:54.697+0000] {logging_mixin.py:149} INFO - [2025-08-05T03:07:54.697+0000] {dagbag.py:541} INFO - Filling up the DagBag from /opt/airflow/dags/project_dag.py
[2025-08-05T03:07:54.716+0000] {processor.py:809} INFO - DAG(s) dict_keys(['saas_dag']) retrieved from /opt/airflow/dags/project_dag.py
[2025-08-05T03:07:54.773+0000] {logging_mixin.py:149} INFO - [2025-08-05T03:07:54.772+0000] {dag.py:2726} INFO - Sync 1 DAGs
[2025-08-05T03:07:54.794+0000] {logging_mixin.py:149} INFO - [2025-08-05T03:07:54.794+0000] {dag.py:3486} INFO - Setting next_dagrun for saas_dag to 2025-08-05T03:07:54.705338+00:00, run_after=2025-08-05T19:47:54.705338+00:00
[2025-08-05T03:07:54.818+0000] {processor.py:178} INFO - Processing /opt/airflow/dags/project_dag.py took 0.130 seconds
[2025-08-05T03:08:25.113+0000] {processor.py:156} INFO - Started process (PID=651) to work on /opt/airflow/dags/project_dag.py
[2025-08-05T03:08:25.115+0000] {processor.py:799} INFO - Processing file /opt/airflow/dags/project_dag.py for tasks to queue
[2025-08-05T03:08:25.116+0000] {logging_mixin.py:149} INFO - [2025-08-05T03:08:25.116+0000] {dagbag.py:541} INFO - Filling up the DagBag from /opt/airflow/dags/project_dag.py
[2025-08-05T03:08:25.134+0000] {processor.py:809} INFO - DAG(s) dict_keys(['saas_dag']) retrieved from /opt/airflow/dags/project_dag.py
[2025-08-05T03:08:25.192+0000] {logging_mixin.py:149} INFO - [2025-08-05T03:08:25.192+0000] {dag.py:2726} INFO - Sync 1 DAGs
[2025-08-05T03:08:25.213+0000] {logging_mixin.py:149} INFO - [2025-08-05T03:08:25.213+0000] {dag.py:3486} INFO - Setting next_dagrun for saas_dag to 2025-08-05T03:08:25.123249+00:00, run_after=2025-08-05T19:48:25.123249+00:00
[2025-08-05T03:08:25.239+0000] {processor.py:178} INFO - Processing /opt/airflow/dags/project_dag.py took 0.131 seconds
[2025-08-05T03:08:55.549+0000] {processor.py:156} INFO - Started process (PID=652) to work on /opt/airflow/dags/project_dag.py
[2025-08-05T03:08:55.551+0000] {processor.py:799} INFO - Processing file /opt/airflow/dags/project_dag.py for tasks to queue
[2025-08-05T03:08:55.552+0000] {logging_mixin.py:149} INFO - [2025-08-05T03:08:55.552+0000] {dagbag.py:541} INFO - Filling up the DagBag from /opt/airflow/dags/project_dag.py
[2025-08-05T03:08:55.571+0000] {processor.py:809} INFO - DAG(s) dict_keys(['saas_dag']) retrieved from /opt/airflow/dags/project_dag.py
[2025-08-05T03:08:55.629+0000] {logging_mixin.py:149} INFO - [2025-08-05T03:08:55.629+0000] {dag.py:2726} INFO - Sync 1 DAGs
[2025-08-05T03:08:55.650+0000] {logging_mixin.py:149} INFO - [2025-08-05T03:08:55.649+0000] {dag.py:3486} INFO - Setting next_dagrun for saas_dag to 2025-08-05T03:08:55.560025+00:00, run_after=2025-08-05T19:48:55.560025+00:00
[2025-08-05T03:08:55.675+0000] {processor.py:178} INFO - Processing /opt/airflow/dags/project_dag.py took 0.137 seconds
[2025-08-05T03:09:25.859+0000] {processor.py:156} INFO - Started process (PID=653) to work on /opt/airflow/dags/project_dag.py
[2025-08-05T03:09:25.861+0000] {processor.py:799} INFO - Processing file /opt/airflow/dags/project_dag.py for tasks to queue
[2025-08-05T03:09:25.862+0000] {logging_mixin.py:149} INFO - [2025-08-05T03:09:25.862+0000] {dagbag.py:541} INFO - Filling up the DagBag from /opt/airflow/dags/project_dag.py
[2025-08-05T03:09:25.880+0000] {processor.py:809} INFO - DAG(s) dict_keys(['saas_dag']) retrieved from /opt/airflow/dags/project_dag.py
[2025-08-05T03:09:25.943+0000] {logging_mixin.py:149} INFO - [2025-08-05T03:09:25.943+0000] {dag.py:2726} INFO - Sync 1 DAGs
[2025-08-05T03:09:25.964+0000] {logging_mixin.py:149} INFO - [2025-08-05T03:09:25.964+0000] {dag.py:3486} INFO - Setting next_dagrun for saas_dag to 2025-08-05T03:09:25.869781+00:00, run_after=2025-08-05T19:49:25.869781+00:00
[2025-08-05T03:09:25.991+0000] {processor.py:178} INFO - Processing /opt/airflow/dags/project_dag.py took 0.136 seconds
[2025-08-05T03:09:56.260+0000] {processor.py:156} INFO - Started process (PID=654) to work on /opt/airflow/dags/project_dag.py
[2025-08-05T03:09:56.262+0000] {processor.py:799} INFO - Processing file /opt/airflow/dags/project_dag.py for tasks to queue
[2025-08-05T03:09:56.263+0000] {logging_mixin.py:149} INFO - [2025-08-05T03:09:56.263+0000] {dagbag.py:541} INFO - Filling up the DagBag from /opt/airflow/dags/project_dag.py
[2025-08-05T03:09:56.282+0000] {processor.py:809} INFO - DAG(s) dict_keys(['saas_dag']) retrieved from /opt/airflow/dags/project_dag.py
[2025-08-05T03:09:56.339+0000] {logging_mixin.py:149} INFO - [2025-08-05T03:09:56.339+0000] {dag.py:2726} INFO - Sync 1 DAGs
[2025-08-05T03:09:56.360+0000] {logging_mixin.py:149} INFO - [2025-08-05T03:09:56.360+0000] {dag.py:3486} INFO - Setting next_dagrun for saas_dag to 2025-08-05T03:09:56.270799+00:00, run_after=2025-08-05T19:49:56.270799+00:00
[2025-08-05T03:09:56.386+0000] {processor.py:178} INFO - Processing /opt/airflow/dags/project_dag.py took 0.131 seconds
[2025-08-05T03:10:26.678+0000] {processor.py:156} INFO - Started process (PID=655) to work on /opt/airflow/dags/project_dag.py
[2025-08-05T03:10:26.679+0000] {processor.py:799} INFO - Processing file /opt/airflow/dags/project_dag.py for tasks to queue
[2025-08-05T03:10:26.680+0000] {logging_mixin.py:149} INFO - [2025-08-05T03:10:26.680+0000] {dagbag.py:541} INFO - Filling up the DagBag from /opt/airflow/dags/project_dag.py
[2025-08-05T03:10:26.698+0000] {processor.py:809} INFO - DAG(s) dict_keys(['saas_dag']) retrieved from /opt/airflow/dags/project_dag.py
[2025-08-05T03:10:26.760+0000] {logging_mixin.py:149} INFO - [2025-08-05T03:10:26.760+0000] {dag.py:2726} INFO - Sync 1 DAGs
[2025-08-05T03:10:26.780+0000] {logging_mixin.py:149} INFO - [2025-08-05T03:10:26.780+0000] {dag.py:3486} INFO - Setting next_dagrun for saas_dag to 2025-08-05T03:10:26.687478+00:00, run_after=2025-08-05T19:50:26.687478+00:00
[2025-08-05T03:10:26.808+0000] {processor.py:178} INFO - Processing /opt/airflow/dags/project_dag.py took 0.136 seconds
[2025-08-05T03:10:57.121+0000] {processor.py:156} INFO - Started process (PID=656) to work on /opt/airflow/dags/project_dag.py
[2025-08-05T03:10:57.123+0000] {processor.py:799} INFO - Processing file /opt/airflow/dags/project_dag.py for tasks to queue
[2025-08-05T03:10:57.125+0000] {logging_mixin.py:149} INFO - [2025-08-05T03:10:57.125+0000] {dagbag.py:541} INFO - Filling up the DagBag from /opt/airflow/dags/project_dag.py
[2025-08-05T03:10:57.146+0000] {processor.py:809} INFO - DAG(s) dict_keys(['saas_dag']) retrieved from /opt/airflow/dags/project_dag.py
[2025-08-05T03:10:57.200+0000] {logging_mixin.py:149} INFO - [2025-08-05T03:10:57.200+0000] {dag.py:2726} INFO - Sync 1 DAGs
[2025-08-05T03:10:57.223+0000] {logging_mixin.py:149} INFO - [2025-08-05T03:10:57.222+0000] {dag.py:3486} INFO - Setting next_dagrun for saas_dag to 2025-08-05T03:10:57.134553+00:00, run_after=2025-08-05T19:50:57.134553+00:00
[2025-08-05T03:10:57.250+0000] {processor.py:178} INFO - Processing /opt/airflow/dags/project_dag.py took 0.134 seconds
[2025-08-05T03:11:27.543+0000] {processor.py:156} INFO - Started process (PID=657) to work on /opt/airflow/dags/project_dag.py
[2025-08-05T03:11:27.544+0000] {processor.py:799} INFO - Processing file /opt/airflow/dags/project_dag.py for tasks to queue
[2025-08-05T03:11:27.546+0000] {logging_mixin.py:149} INFO - [2025-08-05T03:11:27.546+0000] {dagbag.py:541} INFO - Filling up the DagBag from /opt/airflow/dags/project_dag.py
[2025-08-05T03:11:27.562+0000] {processor.py:809} INFO - DAG(s) dict_keys(['saas_dag']) retrieved from /opt/airflow/dags/project_dag.py
[2025-08-05T03:11:27.613+0000] {logging_mixin.py:149} INFO - [2025-08-05T03:11:27.613+0000] {dag.py:2726} INFO - Sync 1 DAGs
[2025-08-05T03:11:27.633+0000] {logging_mixin.py:149} INFO - [2025-08-05T03:11:27.633+0000] {dag.py:3486} INFO - Setting next_dagrun for saas_dag to 2025-08-05T03:11:27.552953+00:00, run_after=2025-08-05T19:51:27.552953+00:00
[2025-08-05T03:11:27.655+0000] {processor.py:178} INFO - Processing /opt/airflow/dags/project_dag.py took 0.117 seconds
[2025-08-05T03:11:57.784+0000] {processor.py:156} INFO - Started process (PID=658) to work on /opt/airflow/dags/project_dag.py
[2025-08-05T03:11:57.785+0000] {processor.py:799} INFO - Processing file /opt/airflow/dags/project_dag.py for tasks to queue
[2025-08-05T03:11:57.787+0000] {logging_mixin.py:149} INFO - [2025-08-05T03:11:57.787+0000] {dagbag.py:541} INFO - Filling up the DagBag from /opt/airflow/dags/project_dag.py
[2025-08-05T03:11:57.810+0000] {processor.py:809} INFO - DAG(s) dict_keys(['saas_dag']) retrieved from /opt/airflow/dags/project_dag.py
[2025-08-05T03:11:57.892+0000] {logging_mixin.py:149} INFO - [2025-08-05T03:11:57.892+0000] {dag.py:2726} INFO - Sync 1 DAGs
[2025-08-05T03:11:57.919+0000] {logging_mixin.py:149} INFO - [2025-08-05T03:11:57.919+0000] {dag.py:3486} INFO - Setting next_dagrun for saas_dag to 2025-08-05T03:11:57.795948+00:00, run_after=2025-08-05T19:51:57.795948+00:00
[2025-08-05T03:11:57.947+0000] {processor.py:178} INFO - Processing /opt/airflow/dags/project_dag.py took 0.169 seconds
[2025-08-05T03:12:28.203+0000] {processor.py:156} INFO - Started process (PID=659) to work on /opt/airflow/dags/project_dag.py
[2025-08-05T03:12:28.205+0000] {processor.py:799} INFO - Processing file /opt/airflow/dags/project_dag.py for tasks to queue
[2025-08-05T03:12:28.206+0000] {logging_mixin.py:149} INFO - [2025-08-05T03:12:28.206+0000] {dagbag.py:541} INFO - Filling up the DagBag from /opt/airflow/dags/project_dag.py
[2025-08-05T03:12:28.224+0000] {processor.py:809} INFO - DAG(s) dict_keys(['saas_dag']) retrieved from /opt/airflow/dags/project_dag.py
[2025-08-05T03:12:28.288+0000] {logging_mixin.py:149} INFO - [2025-08-05T03:12:28.288+0000] {dag.py:2726} INFO - Sync 1 DAGs
[2025-08-05T03:12:28.309+0000] {logging_mixin.py:149} INFO - [2025-08-05T03:12:28.309+0000] {dag.py:3486} INFO - Setting next_dagrun for saas_dag to 2025-08-05T03:12:28.213410+00:00, run_after=2025-08-05T19:52:28.213410+00:00
[2025-08-05T03:12:28.337+0000] {processor.py:178} INFO - Processing /opt/airflow/dags/project_dag.py took 0.139 seconds
[2025-08-05T03:12:58.639+0000] {processor.py:156} INFO - Started process (PID=660) to work on /opt/airflow/dags/project_dag.py
[2025-08-05T03:12:58.641+0000] {processor.py:799} INFO - Processing file /opt/airflow/dags/project_dag.py for tasks to queue
[2025-08-05T03:12:58.642+0000] {logging_mixin.py:149} INFO - [2025-08-05T03:12:58.642+0000] {dagbag.py:541} INFO - Filling up the DagBag from /opt/airflow/dags/project_dag.py
[2025-08-05T03:12:58.661+0000] {processor.py:809} INFO - DAG(s) dict_keys(['saas_dag']) retrieved from /opt/airflow/dags/project_dag.py
[2025-08-05T03:12:58.728+0000] {logging_mixin.py:149} INFO - [2025-08-05T03:12:58.728+0000] {dag.py:2726} INFO - Sync 1 DAGs
[2025-08-05T03:12:58.749+0000] {logging_mixin.py:149} INFO - [2025-08-05T03:12:58.749+0000] {dag.py:3486} INFO - Setting next_dagrun for saas_dag to 2025-08-05T03:12:58.649526+00:00, run_after=2025-08-05T19:52:58.649526+00:00
[2025-08-05T03:12:58.776+0000] {processor.py:178} INFO - Processing /opt/airflow/dags/project_dag.py took 0.141 seconds
[2025-08-05T03:13:29.069+0000] {processor.py:156} INFO - Started process (PID=661) to work on /opt/airflow/dags/project_dag.py
[2025-08-05T03:13:29.070+0000] {processor.py:799} INFO - Processing file /opt/airflow/dags/project_dag.py for tasks to queue
[2025-08-05T03:13:29.073+0000] {logging_mixin.py:149} INFO - [2025-08-05T03:13:29.072+0000] {dagbag.py:541} INFO - Filling up the DagBag from /opt/airflow/dags/project_dag.py
[2025-08-05T03:13:29.091+0000] {processor.py:809} INFO - DAG(s) dict_keys(['saas_dag']) retrieved from /opt/airflow/dags/project_dag.py
[2025-08-05T03:13:29.151+0000] {logging_mixin.py:149} INFO - [2025-08-05T03:13:29.151+0000] {dag.py:2726} INFO - Sync 1 DAGs
[2025-08-05T03:13:29.172+0000] {logging_mixin.py:149} INFO - [2025-08-05T03:13:29.172+0000] {dag.py:3486} INFO - Setting next_dagrun for saas_dag to 2025-08-05T03:13:29.080265+00:00, run_after=2025-08-05T19:53:29.080265+00:00
[2025-08-05T03:13:29.201+0000] {processor.py:178} INFO - Processing /opt/airflow/dags/project_dag.py took 0.137 seconds
[2025-08-05T03:13:59.472+0000] {processor.py:156} INFO - Started process (PID=662) to work on /opt/airflow/dags/project_dag.py
[2025-08-05T03:13:59.474+0000] {processor.py:799} INFO - Processing file /opt/airflow/dags/project_dag.py for tasks to queue
[2025-08-05T03:13:59.475+0000] {logging_mixin.py:149} INFO - [2025-08-05T03:13:59.475+0000] {dagbag.py:541} INFO - Filling up the DagBag from /opt/airflow/dags/project_dag.py
[2025-08-05T03:13:59.493+0000] {processor.py:809} INFO - DAG(s) dict_keys(['saas_dag']) retrieved from /opt/airflow/dags/project_dag.py
[2025-08-05T03:13:59.557+0000] {logging_mixin.py:149} INFO - [2025-08-05T03:13:59.557+0000] {dag.py:2726} INFO - Sync 1 DAGs
[2025-08-05T03:13:59.579+0000] {logging_mixin.py:149} INFO - [2025-08-05T03:13:59.578+0000] {dag.py:3486} INFO - Setting next_dagrun for saas_dag to 2025-08-05T03:13:59.482953+00:00, run_after=2025-08-05T19:53:59.482953+00:00
[2025-08-05T03:13:59.605+0000] {processor.py:178} INFO - Processing /opt/airflow/dags/project_dag.py took 0.139 seconds
[2025-08-05T03:14:29.883+0000] {processor.py:156} INFO - Started process (PID=663) to work on /opt/airflow/dags/project_dag.py
[2025-08-05T03:14:29.885+0000] {processor.py:799} INFO - Processing file /opt/airflow/dags/project_dag.py for tasks to queue
[2025-08-05T03:14:29.886+0000] {logging_mixin.py:149} INFO - [2025-08-05T03:14:29.886+0000] {dagbag.py:541} INFO - Filling up the DagBag from /opt/airflow/dags/project_dag.py
[2025-08-05T03:14:29.904+0000] {processor.py:809} INFO - DAG(s) dict_keys(['saas_dag']) retrieved from /opt/airflow/dags/project_dag.py
[2025-08-05T03:14:29.964+0000] {logging_mixin.py:149} INFO - [2025-08-05T03:14:29.963+0000] {dag.py:2726} INFO - Sync 1 DAGs
[2025-08-05T03:14:29.985+0000] {logging_mixin.py:149} INFO - [2025-08-05T03:14:29.985+0000] {dag.py:3486} INFO - Setting next_dagrun for saas_dag to 2025-08-05T03:14:29.894384+00:00, run_after=2025-08-05T19:54:29.894384+00:00
[2025-08-05T03:14:30.014+0000] {processor.py:178} INFO - Processing /opt/airflow/dags/project_dag.py took 0.136 seconds
[2025-08-05T03:15:00.297+0000] {processor.py:156} INFO - Started process (PID=664) to work on /opt/airflow/dags/project_dag.py
[2025-08-05T03:15:00.299+0000] {processor.py:799} INFO - Processing file /opt/airflow/dags/project_dag.py for tasks to queue
[2025-08-05T03:15:00.300+0000] {logging_mixin.py:149} INFO - [2025-08-05T03:15:00.300+0000] {dagbag.py:541} INFO - Filling up the DagBag from /opt/airflow/dags/project_dag.py
[2025-08-05T03:15:00.318+0000] {processor.py:809} INFO - DAG(s) dict_keys(['saas_dag']) retrieved from /opt/airflow/dags/project_dag.py
[2025-08-05T03:15:00.376+0000] {logging_mixin.py:149} INFO - [2025-08-05T03:15:00.376+0000] {dag.py:2726} INFO - Sync 1 DAGs
[2025-08-05T03:15:00.398+0000] {logging_mixin.py:149} INFO - [2025-08-05T03:15:00.398+0000] {dag.py:3486} INFO - Setting next_dagrun for saas_dag to 2025-08-05T03:15:00.307302+00:00, run_after=2025-08-05T19:55:00.307302+00:00
[2025-08-05T03:15:00.424+0000] {processor.py:178} INFO - Processing /opt/airflow/dags/project_dag.py took 0.132 seconds
[2025-08-05T03:15:30.706+0000] {processor.py:156} INFO - Started process (PID=665) to work on /opt/airflow/dags/project_dag.py
[2025-08-05T03:15:30.707+0000] {processor.py:799} INFO - Processing file /opt/airflow/dags/project_dag.py for tasks to queue
[2025-08-05T03:15:30.708+0000] {logging_mixin.py:149} INFO - [2025-08-05T03:15:30.708+0000] {dagbag.py:541} INFO - Filling up the DagBag from /opt/airflow/dags/project_dag.py
[2025-08-05T03:15:30.724+0000] {processor.py:809} INFO - DAG(s) dict_keys(['saas_dag']) retrieved from /opt/airflow/dags/project_dag.py
[2025-08-05T03:15:30.785+0000] {logging_mixin.py:149} INFO - [2025-08-05T03:15:30.785+0000] {dag.py:2726} INFO - Sync 1 DAGs
[2025-08-05T03:15:30.807+0000] {logging_mixin.py:149} INFO - [2025-08-05T03:15:30.807+0000] {dag.py:3486} INFO - Setting next_dagrun for saas_dag to 2025-08-05T03:15:30.713756+00:00, run_after=2025-08-05T19:55:30.713756+00:00
[2025-08-05T03:15:30.832+0000] {processor.py:178} INFO - Processing /opt/airflow/dags/project_dag.py took 0.130 seconds
[2025-08-05T03:16:01.097+0000] {processor.py:156} INFO - Started process (PID=666) to work on /opt/airflow/dags/project_dag.py
[2025-08-05T03:16:01.098+0000] {processor.py:799} INFO - Processing file /opt/airflow/dags/project_dag.py for tasks to queue
[2025-08-05T03:16:01.100+0000] {logging_mixin.py:149} INFO - [2025-08-05T03:16:01.099+0000] {dagbag.py:541} INFO - Filling up the DagBag from /opt/airflow/dags/project_dag.py
[2025-08-05T03:16:01.115+0000] {processor.py:809} INFO - DAG(s) dict_keys(['saas_dag']) retrieved from /opt/airflow/dags/project_dag.py
[2025-08-05T03:16:01.167+0000] {logging_mixin.py:149} INFO - [2025-08-05T03:16:01.167+0000] {dag.py:2726} INFO - Sync 1 DAGs
[2025-08-05T03:16:01.186+0000] {logging_mixin.py:149} INFO - [2025-08-05T03:16:01.186+0000] {dag.py:3486} INFO - Setting next_dagrun for saas_dag to 2025-08-05T03:16:01.105526+00:00, run_after=2025-08-05T19:56:01.105526+00:00
[2025-08-05T03:16:01.209+0000] {processor.py:178} INFO - Processing /opt/airflow/dags/project_dag.py took 0.115 seconds
[2025-08-05T03:16:31.491+0000] {processor.py:156} INFO - Started process (PID=667) to work on /opt/airflow/dags/project_dag.py
[2025-08-05T03:16:31.493+0000] {processor.py:799} INFO - Processing file /opt/airflow/dags/project_dag.py for tasks to queue
[2025-08-05T03:16:31.495+0000] {logging_mixin.py:149} INFO - [2025-08-05T03:16:31.494+0000] {dagbag.py:541} INFO - Filling up the DagBag from /opt/airflow/dags/project_dag.py
[2025-08-05T03:16:31.512+0000] {processor.py:809} INFO - DAG(s) dict_keys(['saas_dag']) retrieved from /opt/airflow/dags/project_dag.py
[2025-08-05T03:16:31.567+0000] {logging_mixin.py:149} INFO - [2025-08-05T03:16:31.567+0000] {dag.py:2726} INFO - Sync 1 DAGs
[2025-08-05T03:16:31.585+0000] {logging_mixin.py:149} INFO - [2025-08-05T03:16:31.585+0000] {dag.py:3486} INFO - Setting next_dagrun for saas_dag to 2025-08-05T03:16:31.502795+00:00, run_after=2025-08-05T19:56:31.502795+00:00
[2025-08-05T03:16:31.608+0000] {processor.py:178} INFO - Processing /opt/airflow/dags/project_dag.py took 0.121 seconds
[2025-08-05T03:17:01.905+0000] {processor.py:156} INFO - Started process (PID=668) to work on /opt/airflow/dags/project_dag.py
[2025-08-05T03:17:01.906+0000] {processor.py:799} INFO - Processing file /opt/airflow/dags/project_dag.py for tasks to queue
[2025-08-05T03:17:01.908+0000] {logging_mixin.py:149} INFO - [2025-08-05T03:17:01.908+0000] {dagbag.py:541} INFO - Filling up the DagBag from /opt/airflow/dags/project_dag.py
[2025-08-05T03:17:01.926+0000] {processor.py:809} INFO - DAG(s) dict_keys(['saas_dag']) retrieved from /opt/airflow/dags/project_dag.py
[2025-08-05T03:17:01.981+0000] {logging_mixin.py:149} INFO - [2025-08-05T03:17:01.981+0000] {dag.py:2726} INFO - Sync 1 DAGs
[2025-08-05T03:17:01.999+0000] {logging_mixin.py:149} INFO - [2025-08-05T03:17:01.998+0000] {dag.py:3486} INFO - Setting next_dagrun for saas_dag to 2025-08-05T03:17:01.915520+00:00, run_after=2025-08-05T19:57:01.915520+00:00
[2025-08-05T03:17:02.023+0000] {processor.py:178} INFO - Processing /opt/airflow/dags/project_dag.py took 0.123 seconds
[2025-08-05T03:17:32.173+0000] {processor.py:156} INFO - Started process (PID=669) to work on /opt/airflow/dags/project_dag.py
[2025-08-05T03:17:32.175+0000] {processor.py:799} INFO - Processing file /opt/airflow/dags/project_dag.py for tasks to queue
[2025-08-05T03:17:32.177+0000] {logging_mixin.py:149} INFO - [2025-08-05T03:17:32.176+0000] {dagbag.py:541} INFO - Filling up the DagBag from /opt/airflow/dags/project_dag.py
[2025-08-05T03:17:32.193+0000] {processor.py:809} INFO - DAG(s) dict_keys(['saas_dag']) retrieved from /opt/airflow/dags/project_dag.py
[2025-08-05T03:17:32.247+0000] {logging_mixin.py:149} INFO - [2025-08-05T03:17:32.247+0000] {dag.py:2726} INFO - Sync 1 DAGs
[2025-08-05T03:17:32.264+0000] {logging_mixin.py:149} INFO - [2025-08-05T03:17:32.264+0000] {dag.py:3486} INFO - Setting next_dagrun for saas_dag to 2025-08-05T03:17:32.183392+00:00, run_after=2025-08-05T19:57:32.183392+00:00
[2025-08-05T03:17:32.286+0000] {processor.py:178} INFO - Processing /opt/airflow/dags/project_dag.py took 0.118 seconds
[2025-08-05T03:18:02.585+0000] {processor.py:156} INFO - Started process (PID=670) to work on /opt/airflow/dags/project_dag.py
[2025-08-05T03:18:02.587+0000] {processor.py:799} INFO - Processing file /opt/airflow/dags/project_dag.py for tasks to queue
[2025-08-05T03:18:02.588+0000] {logging_mixin.py:149} INFO - [2025-08-05T03:18:02.588+0000] {dagbag.py:541} INFO - Filling up the DagBag from /opt/airflow/dags/project_dag.py
[2025-08-05T03:18:02.605+0000] {processor.py:809} INFO - DAG(s) dict_keys(['saas_dag']) retrieved from /opt/airflow/dags/project_dag.py
[2025-08-05T03:18:02.658+0000] {logging_mixin.py:149} INFO - [2025-08-05T03:18:02.658+0000] {dag.py:2726} INFO - Sync 1 DAGs
[2025-08-05T03:18:02.675+0000] {logging_mixin.py:149} INFO - [2025-08-05T03:18:02.675+0000] {dag.py:3486} INFO - Setting next_dagrun for saas_dag to 2025-08-05T03:18:02.595144+00:00, run_after=2025-08-05T19:58:02.595144+00:00
[2025-08-05T03:18:02.697+0000] {processor.py:178} INFO - Processing /opt/airflow/dags/project_dag.py took 0.117 seconds
[2025-08-05T03:18:32.982+0000] {processor.py:156} INFO - Started process (PID=671) to work on /opt/airflow/dags/project_dag.py
[2025-08-05T03:18:32.984+0000] {processor.py:799} INFO - Processing file /opt/airflow/dags/project_dag.py for tasks to queue
[2025-08-05T03:18:32.985+0000] {logging_mixin.py:149} INFO - [2025-08-05T03:18:32.985+0000] {dagbag.py:541} INFO - Filling up the DagBag from /opt/airflow/dags/project_dag.py
[2025-08-05T03:18:33.001+0000] {processor.py:809} INFO - DAG(s) dict_keys(['saas_dag']) retrieved from /opt/airflow/dags/project_dag.py
[2025-08-05T03:18:33.056+0000] {logging_mixin.py:149} INFO - [2025-08-05T03:18:33.056+0000] {dag.py:2726} INFO - Sync 1 DAGs
[2025-08-05T03:18:33.074+0000] {logging_mixin.py:149} INFO - [2025-08-05T03:18:33.074+0000] {dag.py:3486} INFO - Setting next_dagrun for saas_dag to 2025-08-05T03:18:32.991818+00:00, run_after=2025-08-05T19:58:32.991818+00:00
[2025-08-05T03:18:33.097+0000] {processor.py:178} INFO - Processing /opt/airflow/dags/project_dag.py took 0.120 seconds
[2025-08-05T03:19:03.353+0000] {processor.py:156} INFO - Started process (PID=672) to work on /opt/airflow/dags/project_dag.py
[2025-08-05T03:19:03.355+0000] {processor.py:799} INFO - Processing file /opt/airflow/dags/project_dag.py for tasks to queue
[2025-08-05T03:19:03.356+0000] {logging_mixin.py:149} INFO - [2025-08-05T03:19:03.356+0000] {dagbag.py:541} INFO - Filling up the DagBag from /opt/airflow/dags/project_dag.py
[2025-08-05T03:19:03.374+0000] {processor.py:809} INFO - DAG(s) dict_keys(['saas_dag']) retrieved from /opt/airflow/dags/project_dag.py
[2025-08-05T03:19:03.424+0000] {logging_mixin.py:149} INFO - [2025-08-05T03:19:03.424+0000] {dag.py:2726} INFO - Sync 1 DAGs
[2025-08-05T03:19:03.443+0000] {logging_mixin.py:149} INFO - [2025-08-05T03:19:03.443+0000] {dag.py:3486} INFO - Setting next_dagrun for saas_dag to 2025-08-05T03:19:03.363755+00:00, run_after=2025-08-05T19:59:03.363755+00:00
[2025-08-05T03:19:03.465+0000] {processor.py:178} INFO - Processing /opt/airflow/dags/project_dag.py took 0.117 seconds
[2025-08-05T03:19:33.683+0000] {processor.py:156} INFO - Started process (PID=673) to work on /opt/airflow/dags/project_dag.py
[2025-08-05T03:19:33.685+0000] {processor.py:799} INFO - Processing file /opt/airflow/dags/project_dag.py for tasks to queue
[2025-08-05T03:19:33.688+0000] {logging_mixin.py:149} INFO - [2025-08-05T03:19:33.687+0000] {dagbag.py:541} INFO - Filling up the DagBag from /opt/airflow/dags/project_dag.py
[2025-08-05T03:19:33.705+0000] {processor.py:809} INFO - DAG(s) dict_keys(['saas_dag']) retrieved from /opt/airflow/dags/project_dag.py
[2025-08-05T03:19:33.756+0000] {logging_mixin.py:149} INFO - [2025-08-05T03:19:33.756+0000] {dag.py:2726} INFO - Sync 1 DAGs
[2025-08-05T03:19:33.779+0000] {logging_mixin.py:149} INFO - [2025-08-05T03:19:33.779+0000] {dag.py:3486} INFO - Setting next_dagrun for saas_dag to 2025-08-05T03:19:33.695412+00:00, run_after=2025-08-05T19:59:33.695412+00:00
[2025-08-05T03:19:33.804+0000] {processor.py:178} INFO - Processing /opt/airflow/dags/project_dag.py took 0.127 seconds
[2025-08-05T03:20:04.097+0000] {processor.py:156} INFO - Started process (PID=674) to work on /opt/airflow/dags/project_dag.py
[2025-08-05T03:20:04.099+0000] {processor.py:799} INFO - Processing file /opt/airflow/dags/project_dag.py for tasks to queue
[2025-08-05T03:20:04.100+0000] {logging_mixin.py:149} INFO - [2025-08-05T03:20:04.100+0000] {dagbag.py:541} INFO - Filling up the DagBag from /opt/airflow/dags/project_dag.py
[2025-08-05T03:20:04.117+0000] {processor.py:809} INFO - DAG(s) dict_keys(['saas_dag']) retrieved from /opt/airflow/dags/project_dag.py
[2025-08-05T03:20:04.169+0000] {logging_mixin.py:149} INFO - [2025-08-05T03:20:04.169+0000] {dag.py:2726} INFO - Sync 1 DAGs
[2025-08-05T03:20:04.187+0000] {logging_mixin.py:149} INFO - [2025-08-05T03:20:04.187+0000] {dag.py:3486} INFO - Setting next_dagrun for saas_dag to 2025-08-05T03:20:04.107228+00:00, run_after=2025-08-05T20:00:04.107228+00:00
[2025-08-05T03:20:04.210+0000] {processor.py:178} INFO - Processing /opt/airflow/dags/project_dag.py took 0.119 seconds
[2025-08-05T03:20:34.504+0000] {processor.py:156} INFO - Started process (PID=675) to work on /opt/airflow/dags/project_dag.py
[2025-08-05T03:20:34.506+0000] {processor.py:799} INFO - Processing file /opt/airflow/dags/project_dag.py for tasks to queue
[2025-08-05T03:20:34.507+0000] {logging_mixin.py:149} INFO - [2025-08-05T03:20:34.507+0000] {dagbag.py:541} INFO - Filling up the DagBag from /opt/airflow/dags/project_dag.py
[2025-08-05T03:20:34.524+0000] {processor.py:809} INFO - DAG(s) dict_keys(['saas_dag']) retrieved from /opt/airflow/dags/project_dag.py
[2025-08-05T03:20:34.576+0000] {logging_mixin.py:149} INFO - [2025-08-05T03:20:34.576+0000] {dag.py:2726} INFO - Sync 1 DAGs
[2025-08-05T03:20:34.594+0000] {logging_mixin.py:149} INFO - [2025-08-05T03:20:34.594+0000] {dag.py:3486} INFO - Setting next_dagrun for saas_dag to 2025-08-05T03:20:34.514681+00:00, run_after=2025-08-05T20:00:34.514681+00:00
[2025-08-05T03:20:34.617+0000] {processor.py:178} INFO - Processing /opt/airflow/dags/project_dag.py took 0.118 seconds
[2025-08-05T03:21:04.928+0000] {processor.py:156} INFO - Started process (PID=676) to work on /opt/airflow/dags/project_dag.py
[2025-08-05T03:21:04.929+0000] {processor.py:799} INFO - Processing file /opt/airflow/dags/project_dag.py for tasks to queue
[2025-08-05T03:21:04.931+0000] {logging_mixin.py:149} INFO - [2025-08-05T03:21:04.930+0000] {dagbag.py:541} INFO - Filling up the DagBag from /opt/airflow/dags/project_dag.py
[2025-08-05T03:21:04.954+0000] {processor.py:809} INFO - DAG(s) dict_keys(['saas_dag']) retrieved from /opt/airflow/dags/project_dag.py
[2025-08-05T03:21:05.031+0000] {logging_mixin.py:149} INFO - [2025-08-05T03:21:05.030+0000] {dag.py:2726} INFO - Sync 1 DAGs
[2025-08-05T03:21:05.055+0000] {logging_mixin.py:149} INFO - [2025-08-05T03:21:05.055+0000] {dag.py:3486} INFO - Setting next_dagrun for saas_dag to 2025-08-05T03:21:04.940481+00:00, run_after=2025-08-05T20:01:04.940481+00:00
[2025-08-05T03:21:05.081+0000] {processor.py:178} INFO - Processing /opt/airflow/dags/project_dag.py took 0.158 seconds
[2025-08-05T03:21:35.337+0000] {processor.py:156} INFO - Started process (PID=677) to work on /opt/airflow/dags/project_dag.py
[2025-08-05T03:21:35.339+0000] {processor.py:799} INFO - Processing file /opt/airflow/dags/project_dag.py for tasks to queue
[2025-08-05T03:21:35.340+0000] {logging_mixin.py:149} INFO - [2025-08-05T03:21:35.340+0000] {dagbag.py:541} INFO - Filling up the DagBag from /opt/airflow/dags/project_dag.py
[2025-08-05T03:21:35.357+0000] {processor.py:809} INFO - DAG(s) dict_keys(['saas_dag']) retrieved from /opt/airflow/dags/project_dag.py
[2025-08-05T03:21:35.409+0000] {logging_mixin.py:149} INFO - [2025-08-05T03:21:35.408+0000] {dag.py:2726} INFO - Sync 1 DAGs
[2025-08-05T03:21:35.427+0000] {logging_mixin.py:149} INFO - [2025-08-05T03:21:35.426+0000] {dag.py:3486} INFO - Setting next_dagrun for saas_dag to 2025-08-05T03:21:35.347876+00:00, run_after=2025-08-05T20:01:35.347876+00:00
[2025-08-05T03:21:35.449+0000] {processor.py:178} INFO - Processing /opt/airflow/dags/project_dag.py took 0.117 seconds
[2025-08-05T03:22:05.752+0000] {processor.py:156} INFO - Started process (PID=678) to work on /opt/airflow/dags/project_dag.py
[2025-08-05T03:22:05.754+0000] {processor.py:799} INFO - Processing file /opt/airflow/dags/project_dag.py for tasks to queue
[2025-08-05T03:22:05.755+0000] {logging_mixin.py:149} INFO - [2025-08-05T03:22:05.755+0000] {dagbag.py:541} INFO - Filling up the DagBag from /opt/airflow/dags/project_dag.py
[2025-08-05T03:22:05.772+0000] {processor.py:809} INFO - DAG(s) dict_keys(['saas_dag']) retrieved from /opt/airflow/dags/project_dag.py
[2025-08-05T03:22:05.824+0000] {logging_mixin.py:149} INFO - [2025-08-05T03:22:05.824+0000] {dag.py:2726} INFO - Sync 1 DAGs
[2025-08-05T03:22:05.843+0000] {logging_mixin.py:149} INFO - [2025-08-05T03:22:05.843+0000] {dag.py:3486} INFO - Setting next_dagrun for saas_dag to 2025-08-05T03:22:05.761716+00:00, run_after=2025-08-05T20:02:05.761716+00:00
[2025-08-05T03:22:05.865+0000] {processor.py:178} INFO - Processing /opt/airflow/dags/project_dag.py took 0.118 seconds
[2025-08-05T03:22:36.132+0000] {processor.py:156} INFO - Started process (PID=679) to work on /opt/airflow/dags/project_dag.py
[2025-08-05T03:22:36.134+0000] {processor.py:799} INFO - Processing file /opt/airflow/dags/project_dag.py for tasks to queue
[2025-08-05T03:22:36.135+0000] {logging_mixin.py:149} INFO - [2025-08-05T03:22:36.135+0000] {dagbag.py:541} INFO - Filling up the DagBag from /opt/airflow/dags/project_dag.py
[2025-08-05T03:22:36.151+0000] {processor.py:809} INFO - DAG(s) dict_keys(['saas_dag']) retrieved from /opt/airflow/dags/project_dag.py
[2025-08-05T03:22:36.204+0000] {logging_mixin.py:149} INFO - [2025-08-05T03:22:36.204+0000] {dag.py:2726} INFO - Sync 1 DAGs
[2025-08-05T03:22:36.223+0000] {logging_mixin.py:149} INFO - [2025-08-05T03:22:36.222+0000] {dag.py:3486} INFO - Setting next_dagrun for saas_dag to 2025-08-05T03:22:36.141538+00:00, run_after=2025-08-05T20:02:36.141538+00:00
[2025-08-05T03:22:36.246+0000] {processor.py:178} INFO - Processing /opt/airflow/dags/project_dag.py took 0.119 seconds
[2025-08-05T03:23:06.504+0000] {processor.py:156} INFO - Started process (PID=680) to work on /opt/airflow/dags/project_dag.py
[2025-08-05T03:23:06.505+0000] {processor.py:799} INFO - Processing file /opt/airflow/dags/project_dag.py for tasks to queue
[2025-08-05T03:23:06.506+0000] {logging_mixin.py:149} INFO - [2025-08-05T03:23:06.506+0000] {dagbag.py:541} INFO - Filling up the DagBag from /opt/airflow/dags/project_dag.py
[2025-08-05T03:23:06.521+0000] {processor.py:809} INFO - DAG(s) dict_keys(['saas_dag']) retrieved from /opt/airflow/dags/project_dag.py
[2025-08-05T03:23:06.572+0000] {logging_mixin.py:149} INFO - [2025-08-05T03:23:06.572+0000] {dag.py:2726} INFO - Sync 1 DAGs
[2025-08-05T03:23:06.592+0000] {logging_mixin.py:149} INFO - [2025-08-05T03:23:06.592+0000] {dag.py:3486} INFO - Setting next_dagrun for saas_dag to 2025-08-05T03:23:06.512087+00:00, run_after=2025-08-05T20:03:06.512087+00:00
[2025-08-05T03:23:06.615+0000] {processor.py:178} INFO - Processing /opt/airflow/dags/project_dag.py took 0.115 seconds
[2025-08-05T03:23:36.930+0000] {processor.py:156} INFO - Started process (PID=681) to work on /opt/airflow/dags/project_dag.py
[2025-08-05T03:23:36.932+0000] {processor.py:799} INFO - Processing file /opt/airflow/dags/project_dag.py for tasks to queue
[2025-08-05T03:23:36.933+0000] {logging_mixin.py:149} INFO - [2025-08-05T03:23:36.933+0000] {dagbag.py:541} INFO - Filling up the DagBag from /opt/airflow/dags/project_dag.py
[2025-08-05T03:23:36.950+0000] {processor.py:809} INFO - DAG(s) dict_keys(['saas_dag']) retrieved from /opt/airflow/dags/project_dag.py
[2025-08-05T03:23:37.011+0000] {logging_mixin.py:149} INFO - [2025-08-05T03:23:37.011+0000] {dag.py:2726} INFO - Sync 1 DAGs
[2025-08-05T03:23:37.032+0000] {logging_mixin.py:149} INFO - [2025-08-05T03:23:37.032+0000] {dag.py:3486} INFO - Setting next_dagrun for saas_dag to 2025-08-05T03:23:36.939970+00:00, run_after=2025-08-05T20:03:36.939970+00:00
[2025-08-05T03:23:37.058+0000] {processor.py:178} INFO - Processing /opt/airflow/dags/project_dag.py took 0.134 seconds
[2025-08-05T03:24:07.348+0000] {processor.py:156} INFO - Started process (PID=682) to work on /opt/airflow/dags/project_dag.py
[2025-08-05T03:24:07.350+0000] {processor.py:799} INFO - Processing file /opt/airflow/dags/project_dag.py for tasks to queue
[2025-08-05T03:24:07.351+0000] {logging_mixin.py:149} INFO - [2025-08-05T03:24:07.351+0000] {dagbag.py:541} INFO - Filling up the DagBag from /opt/airflow/dags/project_dag.py
[2025-08-05T03:24:07.369+0000] {processor.py:809} INFO - DAG(s) dict_keys(['saas_dag']) retrieved from /opt/airflow/dags/project_dag.py
[2025-08-05T03:24:07.423+0000] {logging_mixin.py:149} INFO - [2025-08-05T03:24:07.422+0000] {dag.py:2726} INFO - Sync 1 DAGs
[2025-08-05T03:24:07.441+0000] {logging_mixin.py:149} INFO - [2025-08-05T03:24:07.441+0000] {dag.py:3486} INFO - Setting next_dagrun for saas_dag to 2025-08-05T03:24:07.358401+00:00, run_after=2025-08-05T20:04:07.358401+00:00
[2025-08-05T03:24:07.464+0000] {processor.py:178} INFO - Processing /opt/airflow/dags/project_dag.py took 0.121 seconds
[2025-08-05T03:24:37.761+0000] {processor.py:156} INFO - Started process (PID=683) to work on /opt/airflow/dags/project_dag.py
[2025-08-05T03:24:37.763+0000] {processor.py:799} INFO - Processing file /opt/airflow/dags/project_dag.py for tasks to queue
[2025-08-05T03:24:37.764+0000] {logging_mixin.py:149} INFO - [2025-08-05T03:24:37.764+0000] {dagbag.py:541} INFO - Filling up the DagBag from /opt/airflow/dags/project_dag.py
[2025-08-05T03:24:37.781+0000] {processor.py:809} INFO - DAG(s) dict_keys(['saas_dag']) retrieved from /opt/airflow/dags/project_dag.py
[2025-08-05T03:24:37.833+0000] {logging_mixin.py:149} INFO - [2025-08-05T03:24:37.833+0000] {dag.py:2726} INFO - Sync 1 DAGs
[2025-08-05T03:24:37.850+0000] {logging_mixin.py:149} INFO - [2025-08-05T03:24:37.850+0000] {dag.py:3486} INFO - Setting next_dagrun for saas_dag to 2025-08-05T03:24:37.771300+00:00, run_after=2025-08-05T20:04:37.771300+00:00
[2025-08-05T03:24:37.873+0000] {processor.py:178} INFO - Processing /opt/airflow/dags/project_dag.py took 0.117 seconds
[2025-08-05T03:25:08.172+0000] {processor.py:156} INFO - Started process (PID=684) to work on /opt/airflow/dags/project_dag.py
[2025-08-05T03:25:08.173+0000] {processor.py:799} INFO - Processing file /opt/airflow/dags/project_dag.py for tasks to queue
[2025-08-05T03:25:08.174+0000] {logging_mixin.py:149} INFO - [2025-08-05T03:25:08.174+0000] {dagbag.py:541} INFO - Filling up the DagBag from /opt/airflow/dags/project_dag.py
[2025-08-05T03:25:08.194+0000] {processor.py:809} INFO - DAG(s) dict_keys(['saas_dag']) retrieved from /opt/airflow/dags/project_dag.py
[2025-08-05T03:25:08.246+0000] {logging_mixin.py:149} INFO - [2025-08-05T03:25:08.246+0000] {dag.py:2726} INFO - Sync 1 DAGs
[2025-08-05T03:25:08.264+0000] {logging_mixin.py:149} INFO - [2025-08-05T03:25:08.264+0000] {dag.py:3486} INFO - Setting next_dagrun for saas_dag to 2025-08-05T03:25:08.182743+00:00, run_after=2025-08-05T20:05:08.182743+00:00
[2025-08-05T03:25:08.287+0000] {processor.py:178} INFO - Processing /opt/airflow/dags/project_dag.py took 0.121 seconds
[2025-08-05T03:25:38.482+0000] {processor.py:156} INFO - Started process (PID=685) to work on /opt/airflow/dags/project_dag.py
[2025-08-05T03:25:38.484+0000] {processor.py:799} INFO - Processing file /opt/airflow/dags/project_dag.py for tasks to queue
[2025-08-05T03:25:38.485+0000] {logging_mixin.py:149} INFO - [2025-08-05T03:25:38.485+0000] {dagbag.py:541} INFO - Filling up the DagBag from /opt/airflow/dags/project_dag.py
[2025-08-05T03:25:38.503+0000] {processor.py:809} INFO - DAG(s) dict_keys(['saas_dag']) retrieved from /opt/airflow/dags/project_dag.py
[2025-08-05T03:25:38.556+0000] {logging_mixin.py:149} INFO - [2025-08-05T03:25:38.555+0000] {dag.py:2726} INFO - Sync 1 DAGs
[2025-08-05T03:25:38.573+0000] {logging_mixin.py:149} INFO - [2025-08-05T03:25:38.573+0000] {dag.py:3486} INFO - Setting next_dagrun for saas_dag to 2025-08-05T03:25:38.492589+00:00, run_after=2025-08-05T20:05:38.492589+00:00
[2025-08-05T03:25:38.595+0000] {processor.py:178} INFO - Processing /opt/airflow/dags/project_dag.py took 0.118 seconds
[2025-08-05T03:26:08.900+0000] {processor.py:156} INFO - Started process (PID=686) to work on /opt/airflow/dags/project_dag.py
[2025-08-05T03:26:08.902+0000] {processor.py:799} INFO - Processing file /opt/airflow/dags/project_dag.py for tasks to queue
[2025-08-05T03:26:08.903+0000] {logging_mixin.py:149} INFO - [2025-08-05T03:26:08.903+0000] {dagbag.py:541} INFO - Filling up the DagBag from /opt/airflow/dags/project_dag.py
[2025-08-05T03:26:08.919+0000] {processor.py:809} INFO - DAG(s) dict_keys(['saas_dag']) retrieved from /opt/airflow/dags/project_dag.py
[2025-08-05T03:26:08.972+0000] {logging_mixin.py:149} INFO - [2025-08-05T03:26:08.972+0000] {dag.py:2726} INFO - Sync 1 DAGs
[2025-08-05T03:26:08.990+0000] {logging_mixin.py:149} INFO - [2025-08-05T03:26:08.990+0000] {dag.py:3486} INFO - Setting next_dagrun for saas_dag to 2025-08-05T03:26:08.910409+00:00, run_after=2025-08-05T20:06:08.910409+00:00
[2025-08-05T03:26:09.017+0000] {processor.py:178} INFO - Processing /opt/airflow/dags/project_dag.py took 0.122 seconds
[2025-08-05T03:26:39.321+0000] {processor.py:156} INFO - Started process (PID=687) to work on /opt/airflow/dags/project_dag.py
[2025-08-05T03:26:39.323+0000] {processor.py:799} INFO - Processing file /opt/airflow/dags/project_dag.py for tasks to queue
[2025-08-05T03:26:39.324+0000] {logging_mixin.py:149} INFO - [2025-08-05T03:26:39.324+0000] {dagbag.py:541} INFO - Filling up the DagBag from /opt/airflow/dags/project_dag.py
[2025-08-05T03:26:39.340+0000] {processor.py:809} INFO - DAG(s) dict_keys(['saas_dag']) retrieved from /opt/airflow/dags/project_dag.py
[2025-08-05T03:26:39.391+0000] {logging_mixin.py:149} INFO - [2025-08-05T03:26:39.391+0000] {dag.py:2726} INFO - Sync 1 DAGs
[2025-08-05T03:26:39.409+0000] {logging_mixin.py:149} INFO - [2025-08-05T03:26:39.408+0000] {dag.py:3486} INFO - Setting next_dagrun for saas_dag to 2025-08-05T03:26:39.330814+00:00, run_after=2025-08-05T20:06:39.330814+00:00
[2025-08-05T03:26:39.433+0000] {processor.py:178} INFO - Processing /opt/airflow/dags/project_dag.py took 0.117 seconds
[2025-08-05T03:27:09.639+0000] {processor.py:156} INFO - Started process (PID=688) to work on /opt/airflow/dags/project_dag.py
[2025-08-05T03:27:09.641+0000] {processor.py:799} INFO - Processing file /opt/airflow/dags/project_dag.py for tasks to queue
[2025-08-05T03:27:09.642+0000] {logging_mixin.py:149} INFO - [2025-08-05T03:27:09.642+0000] {dagbag.py:541} INFO - Filling up the DagBag from /opt/airflow/dags/project_dag.py
[2025-08-05T03:27:09.659+0000] {processor.py:809} INFO - DAG(s) dict_keys(['saas_dag']) retrieved from /opt/airflow/dags/project_dag.py
[2025-08-05T03:27:09.711+0000] {logging_mixin.py:149} INFO - [2025-08-05T03:27:09.710+0000] {dag.py:2726} INFO - Sync 1 DAGs
[2025-08-05T03:27:09.730+0000] {logging_mixin.py:149} INFO - [2025-08-05T03:27:09.729+0000] {dag.py:3486} INFO - Setting next_dagrun for saas_dag to 2025-08-05T03:27:09.649282+00:00, run_after=2025-08-05T20:07:09.649282+00:00
[2025-08-05T03:27:09.752+0000] {processor.py:178} INFO - Processing /opt/airflow/dags/project_dag.py took 0.118 seconds
[2025-08-05T03:27:40.035+0000] {processor.py:156} INFO - Started process (PID=689) to work on /opt/airflow/dags/project_dag.py
[2025-08-05T03:27:40.037+0000] {processor.py:799} INFO - Processing file /opt/airflow/dags/project_dag.py for tasks to queue
[2025-08-05T03:27:40.038+0000] {logging_mixin.py:149} INFO - [2025-08-05T03:27:40.038+0000] {dagbag.py:541} INFO - Filling up the DagBag from /opt/airflow/dags/project_dag.py
[2025-08-05T03:27:40.057+0000] {processor.py:809} INFO - DAG(s) dict_keys(['saas_dag']) retrieved from /opt/airflow/dags/project_dag.py
[2025-08-05T03:27:40.109+0000] {logging_mixin.py:149} INFO - [2025-08-05T03:27:40.109+0000] {dag.py:2726} INFO - Sync 1 DAGs
[2025-08-05T03:27:40.128+0000] {logging_mixin.py:149} INFO - [2025-08-05T03:27:40.128+0000] {dag.py:3486} INFO - Setting next_dagrun for saas_dag to 2025-08-05T03:27:40.045873+00:00, run_after=2025-08-05T20:07:40.045873+00:00
[2025-08-05T03:27:40.151+0000] {processor.py:178} INFO - Processing /opt/airflow/dags/project_dag.py took 0.121 seconds
[2025-08-05T03:28:10.449+0000] {processor.py:156} INFO - Started process (PID=690) to work on /opt/airflow/dags/project_dag.py
[2025-08-05T03:28:10.451+0000] {processor.py:799} INFO - Processing file /opt/airflow/dags/project_dag.py for tasks to queue
[2025-08-05T03:28:10.452+0000] {logging_mixin.py:149} INFO - [2025-08-05T03:28:10.452+0000] {dagbag.py:541} INFO - Filling up the DagBag from /opt/airflow/dags/project_dag.py
[2025-08-05T03:28:10.468+0000] {processor.py:809} INFO - DAG(s) dict_keys(['saas_dag']) retrieved from /opt/airflow/dags/project_dag.py
[2025-08-05T03:28:10.519+0000] {logging_mixin.py:149} INFO - [2025-08-05T03:28:10.519+0000] {dag.py:2726} INFO - Sync 1 DAGs
[2025-08-05T03:28:10.537+0000] {logging_mixin.py:149} INFO - [2025-08-05T03:28:10.537+0000] {dag.py:3486} INFO - Setting next_dagrun for saas_dag to 2025-08-05T03:28:10.458908+00:00, run_after=2025-08-05T20:08:10.458908+00:00
[2025-08-05T03:28:10.561+0000] {processor.py:178} INFO - Processing /opt/airflow/dags/project_dag.py took 0.117 seconds
[2025-08-05T03:28:40.843+0000] {processor.py:156} INFO - Started process (PID=691) to work on /opt/airflow/dags/project_dag.py
[2025-08-05T03:28:40.844+0000] {processor.py:799} INFO - Processing file /opt/airflow/dags/project_dag.py for tasks to queue
[2025-08-05T03:28:40.845+0000] {logging_mixin.py:149} INFO - [2025-08-05T03:28:40.845+0000] {dagbag.py:541} INFO - Filling up the DagBag from /opt/airflow/dags/project_dag.py
[2025-08-05T03:28:40.861+0000] {processor.py:809} INFO - DAG(s) dict_keys(['saas_dag']) retrieved from /opt/airflow/dags/project_dag.py
[2025-08-05T03:28:40.913+0000] {logging_mixin.py:149} INFO - [2025-08-05T03:28:40.913+0000] {dag.py:2726} INFO - Sync 1 DAGs
[2025-08-05T03:28:40.931+0000] {logging_mixin.py:149} INFO - [2025-08-05T03:28:40.930+0000] {dag.py:3486} INFO - Setting next_dagrun for saas_dag to 2025-08-05T03:28:40.851188+00:00, run_after=2025-08-05T20:08:40.851188+00:00
[2025-08-05T03:28:40.953+0000] {processor.py:178} INFO - Processing /opt/airflow/dags/project_dag.py took 0.114 seconds
[2025-08-05T03:29:11.256+0000] {processor.py:156} INFO - Started process (PID=692) to work on /opt/airflow/dags/project_dag.py
[2025-08-05T03:29:11.258+0000] {processor.py:799} INFO - Processing file /opt/airflow/dags/project_dag.py for tasks to queue
[2025-08-05T03:29:11.259+0000] {logging_mixin.py:149} INFO - [2025-08-05T03:29:11.259+0000] {dagbag.py:541} INFO - Filling up the DagBag from /opt/airflow/dags/project_dag.py
[2025-08-05T03:29:11.278+0000] {processor.py:809} INFO - DAG(s) dict_keys(['saas_dag']) retrieved from /opt/airflow/dags/project_dag.py
[2025-08-05T03:29:11.340+0000] {logging_mixin.py:149} INFO - [2025-08-05T03:29:11.339+0000] {dag.py:2726} INFO - Sync 1 DAGs
[2025-08-05T03:29:11.362+0000] {logging_mixin.py:149} INFO - [2025-08-05T03:29:11.361+0000] {dag.py:3486} INFO - Setting next_dagrun for saas_dag to 2025-08-05T03:29:11.266427+00:00, run_after=2025-08-05T20:09:11.266427+00:00
[2025-08-05T03:29:11.389+0000] {processor.py:178} INFO - Processing /opt/airflow/dags/project_dag.py took 0.138 seconds
[2025-08-05T03:29:41.670+0000] {processor.py:156} INFO - Started process (PID=693) to work on /opt/airflow/dags/project_dag.py
[2025-08-05T03:29:41.671+0000] {processor.py:799} INFO - Processing file /opt/airflow/dags/project_dag.py for tasks to queue
[2025-08-05T03:29:41.673+0000] {logging_mixin.py:149} INFO - [2025-08-05T03:29:41.672+0000] {dagbag.py:541} INFO - Filling up the DagBag from /opt/airflow/dags/project_dag.py
[2025-08-05T03:29:41.690+0000] {processor.py:809} INFO - DAG(s) dict_keys(['saas_dag']) retrieved from /opt/airflow/dags/project_dag.py
[2025-08-05T03:29:41.742+0000] {logging_mixin.py:149} INFO - [2025-08-05T03:29:41.742+0000] {dag.py:2726} INFO - Sync 1 DAGs
[2025-08-05T03:29:41.762+0000] {logging_mixin.py:149} INFO - [2025-08-05T03:29:41.761+0000] {dag.py:3486} INFO - Setting next_dagrun for saas_dag to 2025-08-05T03:29:41.679997+00:00, run_after=2025-08-05T20:09:41.679997+00:00
[2025-08-05T03:29:41.787+0000] {processor.py:178} INFO - Processing /opt/airflow/dags/project_dag.py took 0.122 seconds
[2025-08-05T03:30:12.007+0000] {processor.py:156} INFO - Started process (PID=694) to work on /opt/airflow/dags/project_dag.py
[2025-08-05T03:30:12.009+0000] {processor.py:799} INFO - Processing file /opt/airflow/dags/project_dag.py for tasks to queue
[2025-08-05T03:30:12.010+0000] {logging_mixin.py:149} INFO - [2025-08-05T03:30:12.010+0000] {dagbag.py:541} INFO - Filling up the DagBag from /opt/airflow/dags/project_dag.py
[2025-08-05T03:30:12.027+0000] {processor.py:809} INFO - DAG(s) dict_keys(['saas_dag']) retrieved from /opt/airflow/dags/project_dag.py
[2025-08-05T03:30:12.080+0000] {logging_mixin.py:149} INFO - [2025-08-05T03:30:12.079+0000] {dag.py:2726} INFO - Sync 1 DAGs
[2025-08-05T03:30:12.098+0000] {logging_mixin.py:149} INFO - [2025-08-05T03:30:12.097+0000] {dag.py:3486} INFO - Setting next_dagrun for saas_dag to 2025-08-05T03:30:12.017206+00:00, run_after=2025-08-05T20:10:12.017206+00:00
[2025-08-05T03:30:12.123+0000] {processor.py:178} INFO - Processing /opt/airflow/dags/project_dag.py took 0.121 seconds
[2025-08-05T03:30:42.370+0000] {processor.py:156} INFO - Started process (PID=695) to work on /opt/airflow/dags/project_dag.py
[2025-08-05T03:30:42.371+0000] {processor.py:799} INFO - Processing file /opt/airflow/dags/project_dag.py for tasks to queue
[2025-08-05T03:30:42.373+0000] {logging_mixin.py:149} INFO - [2025-08-05T03:30:42.372+0000] {dagbag.py:541} INFO - Filling up the DagBag from /opt/airflow/dags/project_dag.py
[2025-08-05T03:30:42.389+0000] {processor.py:809} INFO - DAG(s) dict_keys(['saas_dag']) retrieved from /opt/airflow/dags/project_dag.py
[2025-08-05T03:30:42.440+0000] {logging_mixin.py:149} INFO - [2025-08-05T03:30:42.440+0000] {dag.py:2726} INFO - Sync 1 DAGs
[2025-08-05T03:30:42.458+0000] {logging_mixin.py:149} INFO - [2025-08-05T03:30:42.458+0000] {dag.py:3486} INFO - Setting next_dagrun for saas_dag to 2025-08-05T03:30:42.379490+00:00, run_after=2025-08-05T20:10:42.379490+00:00
[2025-08-05T03:30:42.483+0000] {processor.py:178} INFO - Processing /opt/airflow/dags/project_dag.py took 0.118 seconds
[2025-08-05T03:31:12.787+0000] {processor.py:156} INFO - Started process (PID=696) to work on /opt/airflow/dags/project_dag.py
[2025-08-05T03:31:12.788+0000] {processor.py:799} INFO - Processing file /opt/airflow/dags/project_dag.py for tasks to queue
[2025-08-05T03:31:12.789+0000] {logging_mixin.py:149} INFO - [2025-08-05T03:31:12.789+0000] {dagbag.py:541} INFO - Filling up the DagBag from /opt/airflow/dags/project_dag.py
[2025-08-05T03:31:12.806+0000] {processor.py:809} INFO - DAG(s) dict_keys(['saas_dag']) retrieved from /opt/airflow/dags/project_dag.py
[2025-08-05T03:31:12.859+0000] {logging_mixin.py:149} INFO - [2025-08-05T03:31:12.858+0000] {dag.py:2726} INFO - Sync 1 DAGs
[2025-08-05T03:31:12.877+0000] {logging_mixin.py:149} INFO - [2025-08-05T03:31:12.877+0000] {dag.py:3486} INFO - Setting next_dagrun for saas_dag to 2025-08-05T03:31:12.796592+00:00, run_after=2025-08-05T20:11:12.796592+00:00
[2025-08-05T03:31:12.901+0000] {processor.py:178} INFO - Processing /opt/airflow/dags/project_dag.py took 0.120 seconds
[2025-08-05T03:31:43.203+0000] {processor.py:156} INFO - Started process (PID=697) to work on /opt/airflow/dags/project_dag.py
[2025-08-05T03:31:43.205+0000] {processor.py:799} INFO - Processing file /opt/airflow/dags/project_dag.py for tasks to queue
[2025-08-05T03:31:43.206+0000] {logging_mixin.py:149} INFO - [2025-08-05T03:31:43.206+0000] {dagbag.py:541} INFO - Filling up the DagBag from /opt/airflow/dags/project_dag.py
[2025-08-05T03:31:43.223+0000] {processor.py:809} INFO - DAG(s) dict_keys(['saas_dag']) retrieved from /opt/airflow/dags/project_dag.py
[2025-08-05T03:31:43.276+0000] {logging_mixin.py:149} INFO - [2025-08-05T03:31:43.275+0000] {dag.py:2726} INFO - Sync 1 DAGs
[2025-08-05T03:31:43.294+0000] {logging_mixin.py:149} INFO - [2025-08-05T03:31:43.294+0000] {dag.py:3486} INFO - Setting next_dagrun for saas_dag to 2025-08-05T03:31:43.213608+00:00, run_after=2025-08-05T20:11:43.213608+00:00
[2025-08-05T03:31:43.316+0000] {processor.py:178} INFO - Processing /opt/airflow/dags/project_dag.py took 0.118 seconds
[2025-08-05T03:32:13.619+0000] {processor.py:156} INFO - Started process (PID=698) to work on /opt/airflow/dags/project_dag.py
[2025-08-05T03:32:13.620+0000] {processor.py:799} INFO - Processing file /opt/airflow/dags/project_dag.py for tasks to queue
[2025-08-05T03:32:13.622+0000] {logging_mixin.py:149} INFO - [2025-08-05T03:32:13.621+0000] {dagbag.py:541} INFO - Filling up the DagBag from /opt/airflow/dags/project_dag.py
[2025-08-05T03:32:13.640+0000] {processor.py:809} INFO - DAG(s) dict_keys(['saas_dag']) retrieved from /opt/airflow/dags/project_dag.py
[2025-08-05T03:32:13.695+0000] {logging_mixin.py:149} INFO - [2025-08-05T03:32:13.695+0000] {dag.py:2726} INFO - Sync 1 DAGs
[2025-08-05T03:32:13.712+0000] {logging_mixin.py:149} INFO - [2025-08-05T03:32:13.712+0000] {dag.py:3486} INFO - Setting next_dagrun for saas_dag to 2025-08-05T03:32:13.629090+00:00, run_after=2025-08-05T20:12:13.629090+00:00
[2025-08-05T03:32:13.735+0000] {processor.py:178} INFO - Processing /opt/airflow/dags/project_dag.py took 0.122 seconds
[2025-08-05T03:32:44.077+0000] {processor.py:156} INFO - Started process (PID=699) to work on /opt/airflow/dags/project_dag.py
[2025-08-05T03:32:44.079+0000] {processor.py:799} INFO - Processing file /opt/airflow/dags/project_dag.py for tasks to queue
[2025-08-05T03:32:44.081+0000] {logging_mixin.py:149} INFO - [2025-08-05T03:32:44.081+0000] {dagbag.py:541} INFO - Filling up the DagBag from /opt/airflow/dags/project_dag.py
[2025-08-05T03:32:44.116+0000] {processor.py:809} INFO - DAG(s) dict_keys(['saas_dag']) retrieved from /opt/airflow/dags/project_dag.py
[2025-08-05T03:32:44.214+0000] {logging_mixin.py:149} INFO - [2025-08-05T03:32:44.214+0000] {dag.py:2726} INFO - Sync 1 DAGs
[2025-08-05T03:32:44.247+0000] {logging_mixin.py:149} INFO - [2025-08-05T03:32:44.247+0000] {dag.py:3486} INFO - Setting next_dagrun for saas_dag to 2025-08-05T03:32:44.094604+00:00, run_after=2025-08-05T20:12:44.094604+00:00
[2025-08-05T03:32:44.277+0000] {processor.py:178} INFO - Processing /opt/airflow/dags/project_dag.py took 0.208 seconds
[2025-08-05T03:33:14.874+0000] {processor.py:156} INFO - Started process (PID=700) to work on /opt/airflow/dags/project_dag.py
[2025-08-05T03:33:14.875+0000] {processor.py:799} INFO - Processing file /opt/airflow/dags/project_dag.py for tasks to queue
[2025-08-05T03:33:14.877+0000] {logging_mixin.py:149} INFO - [2025-08-05T03:33:14.876+0000] {dagbag.py:541} INFO - Filling up the DagBag from /opt/airflow/dags/project_dag.py
[2025-08-05T03:33:14.895+0000] {processor.py:809} INFO - DAG(s) dict_keys(['saas_dag']) retrieved from /opt/airflow/dags/project_dag.py
[2025-08-05T03:33:14.954+0000] {logging_mixin.py:149} INFO - [2025-08-05T03:33:14.953+0000] {dag.py:2726} INFO - Sync 1 DAGs
[2025-08-05T03:33:14.975+0000] {logging_mixin.py:149} INFO - [2025-08-05T03:33:14.975+0000] {dag.py:3486} INFO - Setting next_dagrun for saas_dag to 2025-08-05T03:33:14.883716+00:00, run_after=2025-08-05T20:13:14.883716+00:00
[2025-08-05T03:33:15.000+0000] {processor.py:178} INFO - Processing /opt/airflow/dags/project_dag.py took 0.132 seconds
[2025-08-05T03:33:45.308+0000] {processor.py:156} INFO - Started process (PID=701) to work on /opt/airflow/dags/project_dag.py
[2025-08-05T03:33:45.310+0000] {processor.py:799} INFO - Processing file /opt/airflow/dags/project_dag.py for tasks to queue
[2025-08-05T03:33:45.311+0000] {logging_mixin.py:149} INFO - [2025-08-05T03:33:45.311+0000] {dagbag.py:541} INFO - Filling up the DagBag from /opt/airflow/dags/project_dag.py
[2025-08-05T03:33:45.328+0000] {processor.py:809} INFO - DAG(s) dict_keys(['saas_dag']) retrieved from /opt/airflow/dags/project_dag.py
[2025-08-05T03:33:45.391+0000] {logging_mixin.py:149} INFO - [2025-08-05T03:33:45.390+0000] {dag.py:2726} INFO - Sync 1 DAGs
[2025-08-05T03:33:45.410+0000] {logging_mixin.py:149} INFO - [2025-08-05T03:33:45.410+0000] {dag.py:3486} INFO - Setting next_dagrun for saas_dag to 2025-08-05T03:33:45.318010+00:00, run_after=2025-08-05T20:13:45.318010+00:00
[2025-08-05T03:33:45.442+0000] {processor.py:178} INFO - Processing /opt/airflow/dags/project_dag.py took 0.139 seconds
[2025-08-05T03:34:15.719+0000] {processor.py:156} INFO - Started process (PID=702) to work on /opt/airflow/dags/project_dag.py
[2025-08-05T03:34:15.720+0000] {processor.py:799} INFO - Processing file /opt/airflow/dags/project_dag.py for tasks to queue
[2025-08-05T03:34:15.722+0000] {logging_mixin.py:149} INFO - [2025-08-05T03:34:15.721+0000] {dagbag.py:541} INFO - Filling up the DagBag from /opt/airflow/dags/project_dag.py
[2025-08-05T03:34:15.739+0000] {processor.py:809} INFO - DAG(s) dict_keys(['saas_dag']) retrieved from /opt/airflow/dags/project_dag.py
[2025-08-05T03:34:15.799+0000] {logging_mixin.py:149} INFO - [2025-08-05T03:34:15.799+0000] {dag.py:2726} INFO - Sync 1 DAGs
[2025-08-05T03:34:15.818+0000] {logging_mixin.py:149} INFO - [2025-08-05T03:34:15.817+0000] {dag.py:3486} INFO - Setting next_dagrun for saas_dag to 2025-08-05T03:34:15.728226+00:00, run_after=2025-08-05T20:14:15.728226+00:00
[2025-08-05T03:34:15.841+0000] {processor.py:178} INFO - Processing /opt/airflow/dags/project_dag.py took 0.126 seconds
[2025-08-05T03:34:46.130+0000] {processor.py:156} INFO - Started process (PID=703) to work on /opt/airflow/dags/project_dag.py
[2025-08-05T03:34:46.132+0000] {processor.py:799} INFO - Processing file /opt/airflow/dags/project_dag.py for tasks to queue
[2025-08-05T03:34:46.134+0000] {logging_mixin.py:149} INFO - [2025-08-05T03:34:46.134+0000] {dagbag.py:541} INFO - Filling up the DagBag from /opt/airflow/dags/project_dag.py
[2025-08-05T03:34:46.159+0000] {processor.py:809} INFO - DAG(s) dict_keys(['saas_dag']) retrieved from /opt/airflow/dags/project_dag.py
[2025-08-05T03:34:46.229+0000] {logging_mixin.py:149} INFO - [2025-08-05T03:34:46.229+0000] {dag.py:2726} INFO - Sync 1 DAGs
[2025-08-05T03:34:46.251+0000] {logging_mixin.py:149} INFO - [2025-08-05T03:34:46.251+0000] {dag.py:3486} INFO - Setting next_dagrun for saas_dag to 2025-08-05T03:34:46.144452+00:00, run_after=2025-08-05T20:14:46.144452+00:00
[2025-08-05T03:34:46.275+0000] {processor.py:178} INFO - Processing /opt/airflow/dags/project_dag.py took 0.152 seconds
[2025-08-05T03:35:16.570+0000] {processor.py:156} INFO - Started process (PID=704) to work on /opt/airflow/dags/project_dag.py
[2025-08-05T03:35:16.572+0000] {processor.py:799} INFO - Processing file /opt/airflow/dags/project_dag.py for tasks to queue
[2025-08-05T03:35:16.573+0000] {logging_mixin.py:149} INFO - [2025-08-05T03:35:16.573+0000] {dagbag.py:541} INFO - Filling up the DagBag from /opt/airflow/dags/project_dag.py
[2025-08-05T03:35:16.590+0000] {processor.py:809} INFO - DAG(s) dict_keys(['saas_dag']) retrieved from /opt/airflow/dags/project_dag.py
[2025-08-05T03:35:16.644+0000] {logging_mixin.py:149} INFO - [2025-08-05T03:35:16.644+0000] {dag.py:2726} INFO - Sync 1 DAGs
[2025-08-05T03:35:16.664+0000] {logging_mixin.py:149} INFO - [2025-08-05T03:35:16.664+0000] {dag.py:3486} INFO - Setting next_dagrun for saas_dag to 2025-08-05T03:35:16.580171+00:00, run_after=2025-08-05T20:15:16.580171+00:00
[2025-08-05T03:35:16.687+0000] {processor.py:178} INFO - Processing /opt/airflow/dags/project_dag.py took 0.122 seconds
[2025-08-05T03:35:46.991+0000] {processor.py:156} INFO - Started process (PID=705) to work on /opt/airflow/dags/project_dag.py
[2025-08-05T03:35:46.993+0000] {processor.py:799} INFO - Processing file /opt/airflow/dags/project_dag.py for tasks to queue
[2025-08-05T03:35:46.994+0000] {logging_mixin.py:149} INFO - [2025-08-05T03:35:46.994+0000] {dagbag.py:541} INFO - Filling up the DagBag from /opt/airflow/dags/project_dag.py
[2025-08-05T03:35:47.011+0000] {processor.py:809} INFO - DAG(s) dict_keys(['saas_dag']) retrieved from /opt/airflow/dags/project_dag.py
[2025-08-05T03:35:47.065+0000] {logging_mixin.py:149} INFO - [2025-08-05T03:35:47.065+0000] {dag.py:2726} INFO - Sync 1 DAGs
[2025-08-05T03:35:47.085+0000] {logging_mixin.py:149} INFO - [2025-08-05T03:35:47.084+0000] {dag.py:3486} INFO - Setting next_dagrun for saas_dag to 2025-08-05T03:35:47.001988+00:00, run_after=2025-08-05T20:15:47.001988+00:00
[2025-08-05T03:35:47.114+0000] {processor.py:178} INFO - Processing /opt/airflow/dags/project_dag.py took 0.128 seconds
[2025-08-05T03:36:17.430+0000] {processor.py:156} INFO - Started process (PID=706) to work on /opt/airflow/dags/project_dag.py
[2025-08-05T03:36:17.431+0000] {processor.py:799} INFO - Processing file /opt/airflow/dags/project_dag.py for tasks to queue
[2025-08-05T03:36:17.433+0000] {logging_mixin.py:149} INFO - [2025-08-05T03:36:17.432+0000] {dagbag.py:541} INFO - Filling up the DagBag from /opt/airflow/dags/project_dag.py
[2025-08-05T03:36:17.449+0000] {processor.py:809} INFO - DAG(s) dict_keys(['saas_dag']) retrieved from /opt/airflow/dags/project_dag.py
[2025-08-05T03:36:17.506+0000] {logging_mixin.py:149} INFO - [2025-08-05T03:36:17.506+0000] {dag.py:2726} INFO - Sync 1 DAGs
[2025-08-05T03:36:17.525+0000] {logging_mixin.py:149} INFO - [2025-08-05T03:36:17.525+0000] {dag.py:3486} INFO - Setting next_dagrun for saas_dag to 2025-08-05T03:36:17.438820+00:00, run_after=2025-08-05T20:16:17.438820+00:00
[2025-08-05T03:36:17.553+0000] {processor.py:178} INFO - Processing /opt/airflow/dags/project_dag.py took 0.128 seconds
[2025-08-05T03:36:47.913+0000] {processor.py:156} INFO - Started process (PID=707) to work on /opt/airflow/dags/project_dag.py
[2025-08-05T03:36:47.916+0000] {processor.py:799} INFO - Processing file /opt/airflow/dags/project_dag.py for tasks to queue
[2025-08-05T03:36:47.917+0000] {logging_mixin.py:149} INFO - [2025-08-05T03:36:47.916+0000] {dagbag.py:541} INFO - Filling up the DagBag from /opt/airflow/dags/project_dag.py
[2025-08-05T03:36:47.933+0000] {processor.py:809} INFO - DAG(s) dict_keys(['saas_dag']) retrieved from /opt/airflow/dags/project_dag.py
[2025-08-05T03:36:47.991+0000] {logging_mixin.py:149} INFO - [2025-08-05T03:36:47.991+0000] {dag.py:2726} INFO - Sync 1 DAGs
[2025-08-05T03:36:48.010+0000] {logging_mixin.py:149} INFO - [2025-08-05T03:36:48.010+0000] {dag.py:3486} INFO - Setting next_dagrun for saas_dag to 2025-08-05T03:36:47.922932+00:00, run_after=2025-08-05T20:16:47.922932+00:00
[2025-08-05T03:36:48.036+0000] {processor.py:178} INFO - Processing /opt/airflow/dags/project_dag.py took 0.127 seconds
[2025-08-05T03:37:18.341+0000] {processor.py:156} INFO - Started process (PID=708) to work on /opt/airflow/dags/project_dag.py
[2025-08-05T03:37:18.342+0000] {processor.py:799} INFO - Processing file /opt/airflow/dags/project_dag.py for tasks to queue
[2025-08-05T03:37:18.343+0000] {logging_mixin.py:149} INFO - [2025-08-05T03:37:18.343+0000] {dagbag.py:541} INFO - Filling up the DagBag from /opt/airflow/dags/project_dag.py
[2025-08-05T03:37:18.374+0000] {processor.py:809} INFO - DAG(s) dict_keys(['saas_dag']) retrieved from /opt/airflow/dags/project_dag.py
[2025-08-05T03:37:18.443+0000] {logging_mixin.py:149} INFO - [2025-08-05T03:37:18.443+0000] {dag.py:2726} INFO - Sync 1 DAGs
[2025-08-05T03:37:18.464+0000] {logging_mixin.py:149} INFO - [2025-08-05T03:37:18.464+0000] {dag.py:3486} INFO - Setting next_dagrun for saas_dag to 2025-08-05T03:37:18.352506+00:00, run_after=2025-08-05T20:17:18.352506+00:00
[2025-08-05T03:37:18.492+0000] {processor.py:178} INFO - Processing /opt/airflow/dags/project_dag.py took 0.157 seconds
[2025-08-05T03:37:48.778+0000] {processor.py:156} INFO - Started process (PID=709) to work on /opt/airflow/dags/project_dag.py
[2025-08-05T03:37:48.780+0000] {processor.py:799} INFO - Processing file /opt/airflow/dags/project_dag.py for tasks to queue
[2025-08-05T03:37:48.781+0000] {logging_mixin.py:149} INFO - [2025-08-05T03:37:48.781+0000] {dagbag.py:541} INFO - Filling up the DagBag from /opt/airflow/dags/project_dag.py
[2025-08-05T03:37:48.797+0000] {processor.py:809} INFO - DAG(s) dict_keys(['saas_dag']) retrieved from /opt/airflow/dags/project_dag.py
[2025-08-05T03:37:48.855+0000] {logging_mixin.py:149} INFO - [2025-08-05T03:37:48.854+0000] {dag.py:2726} INFO - Sync 1 DAGs
[2025-08-05T03:37:48.876+0000] {logging_mixin.py:149} INFO - [2025-08-05T03:37:48.876+0000] {dag.py:3486} INFO - Setting next_dagrun for saas_dag to 2025-08-05T03:37:48.787836+00:00, run_after=2025-08-05T20:17:48.787836+00:00
[2025-08-05T03:37:48.902+0000] {processor.py:178} INFO - Processing /opt/airflow/dags/project_dag.py took 0.128 seconds
[2025-08-05T03:38:19.207+0000] {processor.py:156} INFO - Started process (PID=710) to work on /opt/airflow/dags/project_dag.py
[2025-08-05T03:38:19.208+0000] {processor.py:799} INFO - Processing file /opt/airflow/dags/project_dag.py for tasks to queue
[2025-08-05T03:38:19.209+0000] {logging_mixin.py:149} INFO - [2025-08-05T03:38:19.209+0000] {dagbag.py:541} INFO - Filling up the DagBag from /opt/airflow/dags/project_dag.py
[2025-08-05T03:38:19.227+0000] {processor.py:809} INFO - DAG(s) dict_keys(['saas_dag']) retrieved from /opt/airflow/dags/project_dag.py
[2025-08-05T03:38:19.293+0000] {logging_mixin.py:149} INFO - [2025-08-05T03:38:19.293+0000] {dag.py:2726} INFO - Sync 1 DAGs
[2025-08-05T03:38:19.315+0000] {logging_mixin.py:149} INFO - [2025-08-05T03:38:19.315+0000] {dag.py:3486} INFO - Setting next_dagrun for saas_dag to 2025-08-05T03:38:19.215941+00:00, run_after=2025-08-05T20:18:19.215941+00:00
[2025-08-05T03:38:19.343+0000] {processor.py:178} INFO - Processing /opt/airflow/dags/project_dag.py took 0.141 seconds
[2025-08-05T03:38:49.622+0000] {processor.py:156} INFO - Started process (PID=711) to work on /opt/airflow/dags/project_dag.py
[2025-08-05T03:38:49.623+0000] {processor.py:799} INFO - Processing file /opt/airflow/dags/project_dag.py for tasks to queue
[2025-08-05T03:38:49.625+0000] {logging_mixin.py:149} INFO - [2025-08-05T03:38:49.624+0000] {dagbag.py:541} INFO - Filling up the DagBag from /opt/airflow/dags/project_dag.py
[2025-08-05T03:38:49.644+0000] {processor.py:809} INFO - DAG(s) dict_keys(['saas_dag']) retrieved from /opt/airflow/dags/project_dag.py
[2025-08-05T03:38:49.699+0000] {logging_mixin.py:149} INFO - [2025-08-05T03:38:49.699+0000] {dag.py:2726} INFO - Sync 1 DAGs
[2025-08-05T03:38:49.719+0000] {logging_mixin.py:149} INFO - [2025-08-05T03:38:49.719+0000] {dag.py:3486} INFO - Setting next_dagrun for saas_dag to 2025-08-05T03:38:49.632995+00:00, run_after=2025-08-05T20:18:49.632995+00:00
[2025-08-05T03:38:49.742+0000] {processor.py:178} INFO - Processing /opt/airflow/dags/project_dag.py took 0.126 seconds
[2025-08-05T03:39:19.864+0000] {processor.py:156} INFO - Started process (PID=712) to work on /opt/airflow/dags/project_dag.py
[2025-08-05T03:39:19.866+0000] {processor.py:799} INFO - Processing file /opt/airflow/dags/project_dag.py for tasks to queue
[2025-08-05T03:39:19.867+0000] {logging_mixin.py:149} INFO - [2025-08-05T03:39:19.867+0000] {dagbag.py:541} INFO - Filling up the DagBag from /opt/airflow/dags/project_dag.py
[2025-08-05T03:39:19.887+0000] {processor.py:809} INFO - DAG(s) dict_keys(['saas_dag']) retrieved from /opt/airflow/dags/project_dag.py
[2025-08-05T03:39:19.958+0000] {logging_mixin.py:149} INFO - [2025-08-05T03:39:19.958+0000] {dag.py:2726} INFO - Sync 1 DAGs
[2025-08-05T03:39:19.984+0000] {logging_mixin.py:149} INFO - [2025-08-05T03:39:19.984+0000] {dag.py:3486} INFO - Setting next_dagrun for saas_dag to 2025-08-05T03:39:19.875480+00:00, run_after=2025-08-05T20:19:19.875480+00:00
[2025-08-05T03:39:20.019+0000] {processor.py:178} INFO - Processing /opt/airflow/dags/project_dag.py took 0.160 seconds
[2025-08-05T03:39:50.305+0000] {processor.py:156} INFO - Started process (PID=713) to work on /opt/airflow/dags/project_dag.py
[2025-08-05T03:39:50.307+0000] {processor.py:799} INFO - Processing file /opt/airflow/dags/project_dag.py for tasks to queue
[2025-08-05T03:39:50.308+0000] {logging_mixin.py:149} INFO - [2025-08-05T03:39:50.308+0000] {dagbag.py:541} INFO - Filling up the DagBag from /opt/airflow/dags/project_dag.py
[2025-08-05T03:39:50.326+0000] {processor.py:809} INFO - DAG(s) dict_keys(['saas_dag']) retrieved from /opt/airflow/dags/project_dag.py
[2025-08-05T03:39:50.399+0000] {logging_mixin.py:149} INFO - [2025-08-05T03:39:50.399+0000] {dag.py:2726} INFO - Sync 1 DAGs
[2025-08-05T03:39:50.419+0000] {logging_mixin.py:149} INFO - [2025-08-05T03:39:50.419+0000] {dag.py:3486} INFO - Setting next_dagrun for saas_dag to 2025-08-05T03:39:50.315663+00:00, run_after=2025-08-05T20:19:50.315663+00:00
[2025-08-05T03:39:50.452+0000] {processor.py:178} INFO - Processing /opt/airflow/dags/project_dag.py took 0.152 seconds
[2025-08-05T03:40:20.718+0000] {processor.py:156} INFO - Started process (PID=714) to work on /opt/airflow/dags/project_dag.py
[2025-08-05T03:40:20.719+0000] {processor.py:799} INFO - Processing file /opt/airflow/dags/project_dag.py for tasks to queue
[2025-08-05T03:40:20.721+0000] {logging_mixin.py:149} INFO - [2025-08-05T03:40:20.720+0000] {dagbag.py:541} INFO - Filling up the DagBag from /opt/airflow/dags/project_dag.py
[2025-08-05T03:40:20.738+0000] {processor.py:809} INFO - DAG(s) dict_keys(['saas_dag']) retrieved from /opt/airflow/dags/project_dag.py
[2025-08-05T03:40:20.798+0000] {logging_mixin.py:149} INFO - [2025-08-05T03:40:20.798+0000] {dag.py:2726} INFO - Sync 1 DAGs
[2025-08-05T03:40:20.820+0000] {logging_mixin.py:149} INFO - [2025-08-05T03:40:20.819+0000] {dag.py:3486} INFO - Setting next_dagrun for saas_dag to 2025-08-05T03:40:20.727202+00:00, run_after=2025-08-05T20:20:20.727202+00:00
[2025-08-05T03:40:20.852+0000] {processor.py:178} INFO - Processing /opt/airflow/dags/project_dag.py took 0.139 seconds
[2025-08-05T03:40:50.944+0000] {processor.py:156} INFO - Started process (PID=715) to work on /opt/airflow/dags/project_dag.py
[2025-08-05T03:40:50.946+0000] {processor.py:799} INFO - Processing file /opt/airflow/dags/project_dag.py for tasks to queue
[2025-08-05T03:40:50.947+0000] {logging_mixin.py:149} INFO - [2025-08-05T03:40:50.947+0000] {dagbag.py:541} INFO - Filling up the DagBag from /opt/airflow/dags/project_dag.py
[2025-08-05T03:40:50.964+0000] {processor.py:809} INFO - DAG(s) dict_keys(['saas_dag']) retrieved from /opt/airflow/dags/project_dag.py
[2025-08-05T03:40:51.028+0000] {logging_mixin.py:149} INFO - [2025-08-05T03:40:51.028+0000] {dag.py:2726} INFO - Sync 1 DAGs
[2025-08-05T03:40:51.049+0000] {logging_mixin.py:149} INFO - [2025-08-05T03:40:51.049+0000] {dag.py:3486} INFO - Setting next_dagrun for saas_dag to 2025-08-05T03:40:50.953841+00:00, run_after=2025-08-05T20:20:50.953841+00:00
[2025-08-05T03:40:51.078+0000] {processor.py:178} INFO - Processing /opt/airflow/dags/project_dag.py took 0.139 seconds
[2025-08-05T03:41:21.348+0000] {processor.py:156} INFO - Started process (PID=716) to work on /opt/airflow/dags/project_dag.py
[2025-08-05T03:41:21.350+0000] {processor.py:799} INFO - Processing file /opt/airflow/dags/project_dag.py for tasks to queue
[2025-08-05T03:41:21.351+0000] {logging_mixin.py:149} INFO - [2025-08-05T03:41:21.351+0000] {dagbag.py:541} INFO - Filling up the DagBag from /opt/airflow/dags/project_dag.py
[2025-08-05T03:41:21.371+0000] {processor.py:809} INFO - DAG(s) dict_keys(['saas_dag']) retrieved from /opt/airflow/dags/project_dag.py
[2025-08-05T03:41:21.448+0000] {logging_mixin.py:149} INFO - [2025-08-05T03:41:21.447+0000] {dag.py:2726} INFO - Sync 1 DAGs
[2025-08-05T03:41:21.471+0000] {logging_mixin.py:149} INFO - [2025-08-05T03:41:21.471+0000] {dag.py:3486} INFO - Setting next_dagrun for saas_dag to 2025-08-05T03:41:21.358727+00:00, run_after=2025-08-05T20:21:21.358727+00:00
[2025-08-05T03:41:21.497+0000] {processor.py:178} INFO - Processing /opt/airflow/dags/project_dag.py took 0.156 seconds
[2025-08-05T03:41:51.749+0000] {processor.py:156} INFO - Started process (PID=717) to work on /opt/airflow/dags/project_dag.py
[2025-08-05T03:41:51.750+0000] {processor.py:799} INFO - Processing file /opt/airflow/dags/project_dag.py for tasks to queue
[2025-08-05T03:41:51.751+0000] {logging_mixin.py:149} INFO - [2025-08-05T03:41:51.751+0000] {dagbag.py:541} INFO - Filling up the DagBag from /opt/airflow/dags/project_dag.py
[2025-08-05T03:41:51.770+0000] {processor.py:809} INFO - DAG(s) dict_keys(['saas_dag']) retrieved from /opt/airflow/dags/project_dag.py
[2025-08-05T03:41:51.844+0000] {logging_mixin.py:149} INFO - [2025-08-05T03:41:51.844+0000] {dag.py:2726} INFO - Sync 1 DAGs
[2025-08-05T03:41:51.866+0000] {logging_mixin.py:149} INFO - [2025-08-05T03:41:51.866+0000] {dag.py:3486} INFO - Setting next_dagrun for saas_dag to 2025-08-05T03:41:51.756888+00:00, run_after=2025-08-05T20:21:51.756888+00:00
[2025-08-05T03:41:51.898+0000] {processor.py:178} INFO - Processing /opt/airflow/dags/project_dag.py took 0.153 seconds
[2025-08-05T03:42:22.172+0000] {processor.py:156} INFO - Started process (PID=718) to work on /opt/airflow/dags/project_dag.py
[2025-08-05T03:42:22.173+0000] {processor.py:799} INFO - Processing file /opt/airflow/dags/project_dag.py for tasks to queue
[2025-08-05T03:42:22.174+0000] {logging_mixin.py:149} INFO - [2025-08-05T03:42:22.174+0000] {dagbag.py:541} INFO - Filling up the DagBag from /opt/airflow/dags/project_dag.py
[2025-08-05T03:42:22.193+0000] {processor.py:809} INFO - DAG(s) dict_keys(['saas_dag']) retrieved from /opt/airflow/dags/project_dag.py
[2025-08-05T03:42:22.249+0000] {logging_mixin.py:149} INFO - [2025-08-05T03:42:22.249+0000] {dag.py:2726} INFO - Sync 1 DAGs
[2025-08-05T03:42:22.268+0000] {logging_mixin.py:149} INFO - [2025-08-05T03:42:22.268+0000] {dag.py:3486} INFO - Setting next_dagrun for saas_dag to 2025-08-05T03:42:22.182044+00:00, run_after=2025-08-05T20:22:22.182044+00:00
[2025-08-05T03:42:22.294+0000] {processor.py:178} INFO - Processing /opt/airflow/dags/project_dag.py took 0.127 seconds
[2025-08-05T03:42:52.601+0000] {processor.py:156} INFO - Started process (PID=719) to work on /opt/airflow/dags/project_dag.py
[2025-08-05T03:42:52.602+0000] {processor.py:799} INFO - Processing file /opt/airflow/dags/project_dag.py for tasks to queue
[2025-08-05T03:42:52.603+0000] {logging_mixin.py:149} INFO - [2025-08-05T03:42:52.603+0000] {dagbag.py:541} INFO - Filling up the DagBag from /opt/airflow/dags/project_dag.py
[2025-08-05T03:42:52.623+0000] {processor.py:809} INFO - DAG(s) dict_keys(['saas_dag']) retrieved from /opt/airflow/dags/project_dag.py
[2025-08-05T03:42:52.688+0000] {logging_mixin.py:149} INFO - [2025-08-05T03:42:52.687+0000] {dag.py:2726} INFO - Sync 1 DAGs
[2025-08-05T03:42:52.710+0000] {logging_mixin.py:149} INFO - [2025-08-05T03:42:52.710+0000] {dag.py:3486} INFO - Setting next_dagrun for saas_dag to 2025-08-05T03:42:52.611755+00:00, run_after=2025-08-05T20:22:52.611755+00:00
[2025-08-05T03:42:52.736+0000] {processor.py:178} INFO - Processing /opt/airflow/dags/project_dag.py took 0.140 seconds
[2025-08-05T03:43:23.005+0000] {processor.py:156} INFO - Started process (PID=720) to work on /opt/airflow/dags/project_dag.py
[2025-08-05T03:43:23.006+0000] {processor.py:799} INFO - Processing file /opt/airflow/dags/project_dag.py for tasks to queue
[2025-08-05T03:43:23.007+0000] {logging_mixin.py:149} INFO - [2025-08-05T03:43:23.007+0000] {dagbag.py:541} INFO - Filling up the DagBag from /opt/airflow/dags/project_dag.py
[2025-08-05T03:43:23.027+0000] {processor.py:809} INFO - DAG(s) dict_keys(['saas_dag']) retrieved from /opt/airflow/dags/project_dag.py
[2025-08-05T03:43:23.097+0000] {logging_mixin.py:149} INFO - [2025-08-05T03:43:23.097+0000] {dag.py:2726} INFO - Sync 1 DAGs
[2025-08-05T03:43:23.122+0000] {logging_mixin.py:149} INFO - [2025-08-05T03:43:23.121+0000] {dag.py:3486} INFO - Setting next_dagrun for saas_dag to 2025-08-05T03:43:23.015772+00:00, run_after=2025-08-05T20:23:23.015772+00:00
[2025-08-05T03:43:23.148+0000] {processor.py:178} INFO - Processing /opt/airflow/dags/project_dag.py took 0.147 seconds
[2025-08-05T03:43:53.427+0000] {processor.py:156} INFO - Started process (PID=721) to work on /opt/airflow/dags/project_dag.py
[2025-08-05T03:43:53.429+0000] {processor.py:799} INFO - Processing file /opt/airflow/dags/project_dag.py for tasks to queue
[2025-08-05T03:43:53.430+0000] {logging_mixin.py:149} INFO - [2025-08-05T03:43:53.430+0000] {dagbag.py:541} INFO - Filling up the DagBag from /opt/airflow/dags/project_dag.py
[2025-08-05T03:43:53.455+0000] {processor.py:809} INFO - DAG(s) dict_keys(['saas_dag']) retrieved from /opt/airflow/dags/project_dag.py
[2025-08-05T03:43:53.536+0000] {logging_mixin.py:149} INFO - [2025-08-05T03:43:53.536+0000] {dag.py:2726} INFO - Sync 1 DAGs
[2025-08-05T03:43:53.562+0000] {logging_mixin.py:149} INFO - [2025-08-05T03:43:53.562+0000] {dag.py:3486} INFO - Setting next_dagrun for saas_dag to 2025-08-05T03:43:53.439418+00:00, run_after=2025-08-05T20:23:53.439418+00:00
[2025-08-05T03:43:53.593+0000] {processor.py:178} INFO - Processing /opt/airflow/dags/project_dag.py took 0.171 seconds
[2025-08-05T03:44:23.882+0000] {processor.py:156} INFO - Started process (PID=722) to work on /opt/airflow/dags/project_dag.py
[2025-08-05T03:44:23.884+0000] {processor.py:799} INFO - Processing file /opt/airflow/dags/project_dag.py for tasks to queue
[2025-08-05T03:44:23.886+0000] {logging_mixin.py:149} INFO - [2025-08-05T03:44:23.886+0000] {dagbag.py:541} INFO - Filling up the DagBag from /opt/airflow/dags/project_dag.py
[2025-08-05T03:44:23.926+0000] {processor.py:809} INFO - DAG(s) dict_keys(['saas_dag']) retrieved from /opt/airflow/dags/project_dag.py
[2025-08-05T03:44:24.097+0000] {logging_mixin.py:149} INFO - [2025-08-05T03:44:24.097+0000] {dag.py:2726} INFO - Sync 1 DAGs
[2025-08-05T03:44:24.138+0000] {logging_mixin.py:149} INFO - [2025-08-05T03:44:24.137+0000] {dag.py:3486} INFO - Setting next_dagrun for saas_dag to 2025-08-05T03:44:23.898437+00:00, run_after=2025-08-05T20:24:23.898437+00:00
[2025-08-05T03:44:24.181+0000] {processor.py:178} INFO - Processing /opt/airflow/dags/project_dag.py took 0.301 seconds
[2025-08-05T03:44:54.416+0000] {processor.py:156} INFO - Started process (PID=723) to work on /opt/airflow/dags/project_dag.py
[2025-08-05T03:44:54.417+0000] {processor.py:799} INFO - Processing file /opt/airflow/dags/project_dag.py for tasks to queue
[2025-08-05T03:44:54.418+0000] {logging_mixin.py:149} INFO - [2025-08-05T03:44:54.418+0000] {dagbag.py:541} INFO - Filling up the DagBag from /opt/airflow/dags/project_dag.py
[2025-08-05T03:44:54.436+0000] {processor.py:809} INFO - DAG(s) dict_keys(['saas_dag']) retrieved from /opt/airflow/dags/project_dag.py
[2025-08-05T03:44:54.500+0000] {logging_mixin.py:149} INFO - [2025-08-05T03:44:54.499+0000] {dag.py:2726} INFO - Sync 1 DAGs
[2025-08-05T03:44:54.519+0000] {logging_mixin.py:149} INFO - [2025-08-05T03:44:54.519+0000] {dag.py:3486} INFO - Setting next_dagrun for saas_dag to 2025-08-05T03:44:54.425754+00:00, run_after=2025-08-05T20:24:54.425754+00:00
[2025-08-05T03:44:54.545+0000] {processor.py:178} INFO - Processing /opt/airflow/dags/project_dag.py took 0.139 seconds
[2025-08-05T03:45:24.718+0000] {processor.py:156} INFO - Started process (PID=724) to work on /opt/airflow/dags/project_dag.py
[2025-08-05T03:45:24.720+0000] {processor.py:799} INFO - Processing file /opt/airflow/dags/project_dag.py for tasks to queue
[2025-08-05T03:45:24.722+0000] {logging_mixin.py:149} INFO - [2025-08-05T03:45:24.721+0000] {dagbag.py:541} INFO - Filling up the DagBag from /opt/airflow/dags/project_dag.py
[2025-08-05T03:45:24.742+0000] {processor.py:809} INFO - DAG(s) dict_keys(['saas_dag']) retrieved from /opt/airflow/dags/project_dag.py
[2025-08-05T03:45:24.812+0000] {logging_mixin.py:149} INFO - [2025-08-05T03:45:24.812+0000] {dag.py:2726} INFO - Sync 1 DAGs
[2025-08-05T03:45:24.847+0000] {logging_mixin.py:149} INFO - [2025-08-05T03:45:24.847+0000] {dag.py:3486} INFO - Setting next_dagrun for saas_dag to 2025-08-05T03:45:24.730432+00:00, run_after=2025-08-05T20:25:24.730432+00:00
[2025-08-05T03:45:24.889+0000] {processor.py:178} INFO - Processing /opt/airflow/dags/project_dag.py took 0.176 seconds
[2025-08-05T03:45:55.028+0000] {processor.py:156} INFO - Started process (PID=725) to work on /opt/airflow/dags/project_dag.py
[2025-08-05T03:45:55.030+0000] {processor.py:799} INFO - Processing file /opt/airflow/dags/project_dag.py for tasks to queue
[2025-08-05T03:45:55.031+0000] {logging_mixin.py:149} INFO - [2025-08-05T03:45:55.031+0000] {dagbag.py:541} INFO - Filling up the DagBag from /opt/airflow/dags/project_dag.py
[2025-08-05T03:45:55.047+0000] {processor.py:809} INFO - DAG(s) dict_keys(['saas_dag']) retrieved from /opt/airflow/dags/project_dag.py
[2025-08-05T03:45:55.103+0000] {logging_mixin.py:149} INFO - [2025-08-05T03:45:55.103+0000] {dag.py:2726} INFO - Sync 1 DAGs
[2025-08-05T03:45:55.121+0000] {logging_mixin.py:149} INFO - [2025-08-05T03:45:55.121+0000] {dag.py:3486} INFO - Setting next_dagrun for saas_dag to 2025-08-05T03:45:55.038099+00:00, run_after=2025-08-05T20:25:55.038099+00:00
[2025-08-05T03:45:55.146+0000] {processor.py:178} INFO - Processing /opt/airflow/dags/project_dag.py took 0.123 seconds
[2025-08-05T03:46:25.354+0000] {processor.py:156} INFO - Started process (PID=726) to work on /opt/airflow/dags/project_dag.py
[2025-08-05T03:46:25.356+0000] {processor.py:799} INFO - Processing file /opt/airflow/dags/project_dag.py for tasks to queue
[2025-08-05T03:46:25.357+0000] {logging_mixin.py:149} INFO - [2025-08-05T03:46:25.357+0000] {dagbag.py:541} INFO - Filling up the DagBag from /opt/airflow/dags/project_dag.py
[2025-08-05T03:46:25.375+0000] {processor.py:809} INFO - DAG(s) dict_keys(['saas_dag']) retrieved from /opt/airflow/dags/project_dag.py
[2025-08-05T03:46:25.431+0000] {logging_mixin.py:149} INFO - [2025-08-05T03:46:25.431+0000] {dag.py:2726} INFO - Sync 1 DAGs
[2025-08-05T03:46:25.448+0000] {logging_mixin.py:149} INFO - [2025-08-05T03:46:25.448+0000] {dag.py:3486} INFO - Setting next_dagrun for saas_dag to 2025-08-05T03:46:25.364293+00:00, run_after=2025-08-05T20:26:25.364293+00:00
[2025-08-05T03:46:25.474+0000] {processor.py:178} INFO - Processing /opt/airflow/dags/project_dag.py took 0.125 seconds
[2025-08-05T03:46:55.585+0000] {processor.py:156} INFO - Started process (PID=761) to work on /opt/airflow/dags/project_dag.py
[2025-08-05T03:46:55.587+0000] {processor.py:799} INFO - Processing file /opt/airflow/dags/project_dag.py for tasks to queue
[2025-08-05T03:46:55.589+0000] {logging_mixin.py:149} INFO - [2025-08-05T03:46:55.588+0000] {dagbag.py:541} INFO - Filling up the DagBag from /opt/airflow/dags/project_dag.py
[2025-08-05T03:46:55.610+0000] {processor.py:809} INFO - DAG(s) dict_keys(['saas_dag']) retrieved from /opt/airflow/dags/project_dag.py
[2025-08-05T03:46:55.697+0000] {logging_mixin.py:149} INFO - [2025-08-05T03:46:55.697+0000] {dag.py:2726} INFO - Sync 1 DAGs
[2025-08-05T03:46:55.724+0000] {logging_mixin.py:149} INFO - [2025-08-05T03:46:55.724+0000] {dag.py:3486} INFO - Setting next_dagrun for saas_dag to 2025-08-05T03:46:55.597380+00:00, run_after=2025-08-05T20:26:55.597380+00:00
[2025-08-05T03:46:55.754+0000] {processor.py:178} INFO - Processing /opt/airflow/dags/project_dag.py took 0.174 seconds
[2025-08-05T03:47:25.932+0000] {processor.py:156} INFO - Started process (PID=820) to work on /opt/airflow/dags/project_dag.py
[2025-08-05T03:47:25.933+0000] {processor.py:799} INFO - Processing file /opt/airflow/dags/project_dag.py for tasks to queue
[2025-08-05T03:47:25.935+0000] {logging_mixin.py:149} INFO - [2025-08-05T03:47:25.935+0000] {dagbag.py:541} INFO - Filling up the DagBag from /opt/airflow/dags/project_dag.py
[2025-08-05T03:47:25.956+0000] {processor.py:809} INFO - DAG(s) dict_keys(['saas_dag']) retrieved from /opt/airflow/dags/project_dag.py
[2025-08-05T03:47:26.122+0000] {logging_mixin.py:149} INFO - [2025-08-05T03:47:26.121+0000] {dag.py:2726} INFO - Sync 1 DAGs
[2025-08-05T03:47:26.203+0000] {logging_mixin.py:149} INFO - [2025-08-05T03:47:26.203+0000] {dag.py:3486} INFO - Setting next_dagrun for saas_dag to 2025-08-05T03:47:25.942672+00:00, run_after=2025-08-05T20:27:25.942672+00:00
[2025-08-05T03:47:26.287+0000] {processor.py:178} INFO - Processing /opt/airflow/dags/project_dag.py took 0.360 seconds
[2025-08-05T03:47:56.715+0000] {processor.py:156} INFO - Started process (PID=821) to work on /opt/airflow/dags/project_dag.py
[2025-08-05T03:47:56.716+0000] {processor.py:799} INFO - Processing file /opt/airflow/dags/project_dag.py for tasks to queue
[2025-08-05T03:47:56.717+0000] {logging_mixin.py:149} INFO - [2025-08-05T03:47:56.717+0000] {dagbag.py:541} INFO - Filling up the DagBag from /opt/airflow/dags/project_dag.py
[2025-08-05T03:47:56.736+0000] {processor.py:809} INFO - DAG(s) dict_keys(['saas_dag']) retrieved from /opt/airflow/dags/project_dag.py
[2025-08-05T03:47:56.797+0000] {logging_mixin.py:149} INFO - [2025-08-05T03:47:56.797+0000] {dag.py:2726} INFO - Sync 1 DAGs
[2025-08-05T03:47:56.818+0000] {logging_mixin.py:149} INFO - [2025-08-05T03:47:56.818+0000] {dag.py:3486} INFO - Setting next_dagrun for saas_dag to 2025-08-05T03:47:56.723778+00:00, run_after=2025-08-05T20:27:56.723778+00:00
[2025-08-05T03:47:56.843+0000] {processor.py:178} INFO - Processing /opt/airflow/dags/project_dag.py took 0.134 seconds
[2025-08-05T03:48:27.381+0000] {processor.py:156} INFO - Started process (PID=822) to work on /opt/airflow/dags/project_dag.py
[2025-08-05T03:48:27.382+0000] {processor.py:799} INFO - Processing file /opt/airflow/dags/project_dag.py for tasks to queue
[2025-08-05T03:48:27.383+0000] {logging_mixin.py:149} INFO - [2025-08-05T03:48:27.383+0000] {dagbag.py:541} INFO - Filling up the DagBag from /opt/airflow/dags/project_dag.py
[2025-08-05T03:48:27.399+0000] {processor.py:809} INFO - DAG(s) dict_keys(['saas_dag']) retrieved from /opt/airflow/dags/project_dag.py
[2025-08-05T03:48:27.468+0000] {logging_mixin.py:149} INFO - [2025-08-05T03:48:27.468+0000] {dag.py:2726} INFO - Sync 1 DAGs
[2025-08-05T03:48:27.491+0000] {logging_mixin.py:149} INFO - [2025-08-05T03:48:27.491+0000] {dag.py:3486} INFO - Setting next_dagrun for saas_dag to 2025-08-05T03:48:27.388953+00:00, run_after=2025-08-05T20:28:27.388953+00:00
[2025-08-05T03:48:27.516+0000] {processor.py:178} INFO - Processing /opt/airflow/dags/project_dag.py took 0.140 seconds
[2025-08-05T03:48:57.762+0000] {processor.py:156} INFO - Started process (PID=823) to work on /opt/airflow/dags/project_dag.py
[2025-08-05T03:48:57.764+0000] {processor.py:799} INFO - Processing file /opt/airflow/dags/project_dag.py for tasks to queue
[2025-08-05T03:48:57.765+0000] {logging_mixin.py:149} INFO - [2025-08-05T03:48:57.765+0000] {dagbag.py:541} INFO - Filling up the DagBag from /opt/airflow/dags/project_dag.py
[2025-08-05T03:48:57.781+0000] {processor.py:809} INFO - DAG(s) dict_keys(['saas_dag']) retrieved from /opt/airflow/dags/project_dag.py
[2025-08-05T03:48:57.836+0000] {logging_mixin.py:149} INFO - [2025-08-05T03:48:57.836+0000] {dag.py:2726} INFO - Sync 1 DAGs
[2025-08-05T03:48:57.854+0000] {logging_mixin.py:149} INFO - [2025-08-05T03:48:57.854+0000] {dag.py:3486} INFO - Setting next_dagrun for saas_dag to 2025-08-05T03:48:57.771648+00:00, run_after=2025-08-05T20:28:57.771648+00:00
[2025-08-05T03:48:57.877+0000] {processor.py:178} INFO - Processing /opt/airflow/dags/project_dag.py took 0.120 seconds
[2025-08-05T03:49:28.008+0000] {processor.py:156} INFO - Started process (PID=916) to work on /opt/airflow/dags/project_dag.py
[2025-08-05T03:49:28.010+0000] {processor.py:799} INFO - Processing file /opt/airflow/dags/project_dag.py for tasks to queue
[2025-08-05T03:49:28.011+0000] {logging_mixin.py:149} INFO - [2025-08-05T03:49:28.011+0000] {dagbag.py:541} INFO - Filling up the DagBag from /opt/airflow/dags/project_dag.py
[2025-08-05T03:49:28.028+0000] {processor.py:809} INFO - DAG(s) dict_keys(['saas_dag']) retrieved from /opt/airflow/dags/project_dag.py
[2025-08-05T03:49:28.091+0000] {logging_mixin.py:149} INFO - [2025-08-05T03:49:28.090+0000] {dag.py:2726} INFO - Sync 1 DAGs
[2025-08-05T03:49:28.109+0000] {logging_mixin.py:149} INFO - [2025-08-05T03:49:28.109+0000] {dag.py:3486} INFO - Setting next_dagrun for saas_dag to 2025-08-05T03:49:28.018100+00:00, run_after=2025-08-05T20:29:28.018100+00:00
[2025-08-05T03:49:28.134+0000] {processor.py:178} INFO - Processing /opt/airflow/dags/project_dag.py took 0.131 seconds
[2025-08-05T03:49:58.522+0000] {processor.py:156} INFO - Started process (PID=917) to work on /opt/airflow/dags/project_dag.py
[2025-08-05T03:49:58.523+0000] {processor.py:799} INFO - Processing file /opt/airflow/dags/project_dag.py for tasks to queue
[2025-08-05T03:49:58.525+0000] {logging_mixin.py:149} INFO - [2025-08-05T03:49:58.524+0000] {dagbag.py:541} INFO - Filling up the DagBag from /opt/airflow/dags/project_dag.py
[2025-08-05T03:49:58.542+0000] {processor.py:809} INFO - DAG(s) dict_keys(['saas_dag']) retrieved from /opt/airflow/dags/project_dag.py
[2025-08-05T03:49:58.597+0000] {logging_mixin.py:149} INFO - [2025-08-05T03:49:58.597+0000] {dag.py:2726} INFO - Sync 1 DAGs
[2025-08-05T03:49:58.615+0000] {logging_mixin.py:149} INFO - [2025-08-05T03:49:58.615+0000] {dag.py:3486} INFO - Setting next_dagrun for saas_dag to 2025-08-05T03:49:58.532288+00:00, run_after=2025-08-05T20:29:58.532288+00:00
[2025-08-05T03:49:58.639+0000] {processor.py:178} INFO - Processing /opt/airflow/dags/project_dag.py took 0.124 seconds
[2025-08-05T03:50:29.164+0000] {processor.py:156} INFO - Started process (PID=918) to work on /opt/airflow/dags/project_dag.py
[2025-08-05T03:50:29.166+0000] {processor.py:799} INFO - Processing file /opt/airflow/dags/project_dag.py for tasks to queue
[2025-08-05T03:50:29.168+0000] {logging_mixin.py:149} INFO - [2025-08-05T03:50:29.167+0000] {dagbag.py:541} INFO - Filling up the DagBag from /opt/airflow/dags/project_dag.py
[2025-08-05T03:50:29.186+0000] {processor.py:809} INFO - DAG(s) dict_keys(['saas_dag']) retrieved from /opt/airflow/dags/project_dag.py
[2025-08-05T03:50:29.248+0000] {logging_mixin.py:149} INFO - [2025-08-05T03:50:29.247+0000] {dag.py:2726} INFO - Sync 1 DAGs
[2025-08-05T03:50:29.271+0000] {logging_mixin.py:149} INFO - [2025-08-05T03:50:29.271+0000] {dag.py:3486} INFO - Setting next_dagrun for saas_dag to 2025-08-05T03:50:29.174901+00:00, run_after=2025-08-05T20:30:29.174901+00:00
[2025-08-05T03:50:29.294+0000] {processor.py:178} INFO - Processing /opt/airflow/dags/project_dag.py took 0.136 seconds
[2025-08-05T03:50:59.895+0000] {processor.py:156} INFO - Started process (PID=919) to work on /opt/airflow/dags/project_dag.py
[2025-08-05T03:50:59.897+0000] {processor.py:799} INFO - Processing file /opt/airflow/dags/project_dag.py for tasks to queue
[2025-08-05T03:50:59.899+0000] {logging_mixin.py:149} INFO - [2025-08-05T03:50:59.898+0000] {dagbag.py:541} INFO - Filling up the DagBag from /opt/airflow/dags/project_dag.py
[2025-08-05T03:50:59.916+0000] {processor.py:809} INFO - DAG(s) dict_keys(['saas_dag']) retrieved from /opt/airflow/dags/project_dag.py
[2025-08-05T03:50:59.970+0000] {logging_mixin.py:149} INFO - [2025-08-05T03:50:59.970+0000] {dag.py:2726} INFO - Sync 1 DAGs
[2025-08-05T03:50:59.989+0000] {logging_mixin.py:149} INFO - [2025-08-05T03:50:59.988+0000] {dag.py:3486} INFO - Setting next_dagrun for saas_dag to 2025-08-05T03:50:59.905907+00:00, run_after=2025-08-05T20:30:59.905907+00:00
[2025-08-05T03:51:00.017+0000] {processor.py:178} INFO - Processing /opt/airflow/dags/project_dag.py took 0.127 seconds
[2025-08-05T03:51:30.730+0000] {processor.py:156} INFO - Started process (PID=920) to work on /opt/airflow/dags/project_dag.py
[2025-08-05T03:51:30.732+0000] {processor.py:799} INFO - Processing file /opt/airflow/dags/project_dag.py for tasks to queue
[2025-08-05T03:51:30.733+0000] {logging_mixin.py:149} INFO - [2025-08-05T03:51:30.733+0000] {dagbag.py:541} INFO - Filling up the DagBag from /opt/airflow/dags/project_dag.py
[2025-08-05T03:51:30.749+0000] {processor.py:809} INFO - DAG(s) dict_keys(['saas_dag']) retrieved from /opt/airflow/dags/project_dag.py
[2025-08-05T03:51:30.806+0000] {logging_mixin.py:149} INFO - [2025-08-05T03:51:30.806+0000] {dag.py:2726} INFO - Sync 1 DAGs
[2025-08-05T03:51:30.826+0000] {logging_mixin.py:149} INFO - [2025-08-05T03:51:30.826+0000] {dag.py:3486} INFO - Setting next_dagrun for saas_dag to 2025-08-05T03:51:30.739458+00:00, run_after=2025-08-05T20:31:30.739458+00:00
[2025-08-05T03:51:30.850+0000] {processor.py:178} INFO - Processing /opt/airflow/dags/project_dag.py took 0.124 seconds
[2025-08-05T03:52:01.382+0000] {processor.py:156} INFO - Started process (PID=921) to work on /opt/airflow/dags/project_dag.py
[2025-08-05T03:52:01.384+0000] {processor.py:799} INFO - Processing file /opt/airflow/dags/project_dag.py for tasks to queue
[2025-08-05T03:52:01.385+0000] {logging_mixin.py:149} INFO - [2025-08-05T03:52:01.385+0000] {dagbag.py:541} INFO - Filling up the DagBag from /opt/airflow/dags/project_dag.py
[2025-08-05T03:52:01.402+0000] {processor.py:809} INFO - DAG(s) dict_keys(['saas_dag']) retrieved from /opt/airflow/dags/project_dag.py
[2025-08-05T03:52:01.464+0000] {logging_mixin.py:149} INFO - [2025-08-05T03:52:01.464+0000] {dag.py:2726} INFO - Sync 1 DAGs
[2025-08-05T03:52:01.486+0000] {logging_mixin.py:149} INFO - [2025-08-05T03:52:01.486+0000] {dag.py:3486} INFO - Setting next_dagrun for saas_dag to 2025-08-05T03:52:01.392092+00:00, run_after=2025-08-05T20:32:01.392092+00:00
[2025-08-05T03:52:01.518+0000] {processor.py:178} INFO - Processing /opt/airflow/dags/project_dag.py took 0.141 seconds
[2025-08-05T03:52:32.055+0000] {processor.py:156} INFO - Started process (PID=922) to work on /opt/airflow/dags/project_dag.py
[2025-08-05T03:52:32.056+0000] {processor.py:799} INFO - Processing file /opt/airflow/dags/project_dag.py for tasks to queue
[2025-08-05T03:52:32.057+0000] {logging_mixin.py:149} INFO - [2025-08-05T03:52:32.057+0000] {dagbag.py:541} INFO - Filling up the DagBag from /opt/airflow/dags/project_dag.py
[2025-08-05T03:52:32.073+0000] {processor.py:809} INFO - DAG(s) dict_keys(['saas_dag']) retrieved from /opt/airflow/dags/project_dag.py
[2025-08-05T03:52:32.140+0000] {logging_mixin.py:149} INFO - [2025-08-05T03:52:32.140+0000] {dag.py:2726} INFO - Sync 1 DAGs
[2025-08-05T03:52:32.172+0000] {logging_mixin.py:149} INFO - [2025-08-05T03:52:32.172+0000] {dag.py:3486} INFO - Setting next_dagrun for saas_dag to 2025-08-05T03:52:32.063105+00:00, run_after=2025-08-05T20:32:32.063105+00:00
[2025-08-05T03:52:32.203+0000] {processor.py:178} INFO - Processing /opt/airflow/dags/project_dag.py took 0.152 seconds
[2025-08-05T03:53:02.680+0000] {processor.py:156} INFO - Started process (PID=923) to work on /opt/airflow/dags/project_dag.py
[2025-08-05T03:53:02.681+0000] {processor.py:799} INFO - Processing file /opt/airflow/dags/project_dag.py for tasks to queue
[2025-08-05T03:53:02.682+0000] {logging_mixin.py:149} INFO - [2025-08-05T03:53:02.682+0000] {dagbag.py:541} INFO - Filling up the DagBag from /opt/airflow/dags/project_dag.py
[2025-08-05T03:53:02.700+0000] {processor.py:809} INFO - DAG(s) dict_keys(['saas_dag']) retrieved from /opt/airflow/dags/project_dag.py
[2025-08-05T03:53:02.780+0000] {logging_mixin.py:149} INFO - [2025-08-05T03:53:02.780+0000] {dag.py:2726} INFO - Sync 1 DAGs
[2025-08-05T03:53:02.805+0000] {logging_mixin.py:149} INFO - [2025-08-05T03:53:02.805+0000] {dag.py:3486} INFO - Setting next_dagrun for saas_dag to 2025-08-05T03:53:02.689599+00:00, run_after=2025-08-05T20:33:02.689599+00:00
[2025-08-05T03:53:02.830+0000] {processor.py:178} INFO - Processing /opt/airflow/dags/project_dag.py took 0.155 seconds
[2025-08-05T03:53:33.605+0000] {processor.py:156} INFO - Started process (PID=924) to work on /opt/airflow/dags/project_dag.py
[2025-08-05T03:53:33.607+0000] {processor.py:799} INFO - Processing file /opt/airflow/dags/project_dag.py for tasks to queue
[2025-08-05T03:53:33.608+0000] {logging_mixin.py:149} INFO - [2025-08-05T03:53:33.608+0000] {dagbag.py:541} INFO - Filling up the DagBag from /opt/airflow/dags/project_dag.py
[2025-08-05T03:53:33.628+0000] {processor.py:809} INFO - DAG(s) dict_keys(['saas_dag']) retrieved from /opt/airflow/dags/project_dag.py
[2025-08-05T03:53:33.689+0000] {logging_mixin.py:149} INFO - [2025-08-05T03:53:33.688+0000] {dag.py:2726} INFO - Sync 1 DAGs
[2025-08-05T03:53:33.710+0000] {logging_mixin.py:149} INFO - [2025-08-05T03:53:33.710+0000] {dag.py:3486} INFO - Setting next_dagrun for saas_dag to 2025-08-05T03:53:33.615446+00:00, run_after=2025-08-05T20:33:33.615446+00:00
[2025-08-05T03:53:33.737+0000] {processor.py:178} INFO - Processing /opt/airflow/dags/project_dag.py took 0.136 seconds
[2025-08-05T03:54:04.320+0000] {processor.py:156} INFO - Started process (PID=925) to work on /opt/airflow/dags/project_dag.py
[2025-08-05T03:54:04.323+0000] {processor.py:799} INFO - Processing file /opt/airflow/dags/project_dag.py for tasks to queue
[2025-08-05T03:54:04.325+0000] {logging_mixin.py:149} INFO - [2025-08-05T03:54:04.324+0000] {dagbag.py:541} INFO - Filling up the DagBag from /opt/airflow/dags/project_dag.py
[2025-08-05T03:54:04.344+0000] {processor.py:809} INFO - DAG(s) dict_keys(['saas_dag']) retrieved from /opt/airflow/dags/project_dag.py
[2025-08-05T03:54:04.396+0000] {logging_mixin.py:149} INFO - [2025-08-05T03:54:04.396+0000] {dag.py:2726} INFO - Sync 1 DAGs
[2025-08-05T03:54:04.414+0000] {logging_mixin.py:149} INFO - [2025-08-05T03:54:04.414+0000] {dag.py:3486} INFO - Setting next_dagrun for saas_dag to 2025-08-05T03:54:04.333789+00:00, run_after=2025-08-05T20:34:04.333789+00:00
[2025-08-05T03:54:04.439+0000] {processor.py:178} INFO - Processing /opt/airflow/dags/project_dag.py took 0.124 seconds
[2025-08-05T03:54:34.978+0000] {processor.py:156} INFO - Started process (PID=926) to work on /opt/airflow/dags/project_dag.py
[2025-08-05T03:54:34.980+0000] {processor.py:799} INFO - Processing file /opt/airflow/dags/project_dag.py for tasks to queue
[2025-08-05T03:54:34.981+0000] {logging_mixin.py:149} INFO - [2025-08-05T03:54:34.980+0000] {dagbag.py:541} INFO - Filling up the DagBag from /opt/airflow/dags/project_dag.py
[2025-08-05T03:54:34.998+0000] {processor.py:809} INFO - DAG(s) dict_keys(['saas_dag']) retrieved from /opt/airflow/dags/project_dag.py
[2025-08-05T03:54:35.064+0000] {logging_mixin.py:149} INFO - [2025-08-05T03:54:35.064+0000] {dag.py:2726} INFO - Sync 1 DAGs
[2025-08-05T03:54:35.084+0000] {logging_mixin.py:149} INFO - [2025-08-05T03:54:35.084+0000] {dag.py:3486} INFO - Setting next_dagrun for saas_dag to 2025-08-05T03:54:34.988133+00:00, run_after=2025-08-05T20:34:34.988133+00:00
[2025-08-05T03:54:35.110+0000] {processor.py:178} INFO - Processing /opt/airflow/dags/project_dag.py took 0.136 seconds
[2025-08-05T03:55:05.325+0000] {processor.py:156} INFO - Started process (PID=927) to work on /opt/airflow/dags/project_dag.py
[2025-08-05T03:55:05.327+0000] {processor.py:799} INFO - Processing file /opt/airflow/dags/project_dag.py for tasks to queue
[2025-08-05T03:55:05.329+0000] {logging_mixin.py:149} INFO - [2025-08-05T03:55:05.328+0000] {dagbag.py:541} INFO - Filling up the DagBag from /opt/airflow/dags/project_dag.py
[2025-08-05T03:55:05.347+0000] {processor.py:809} INFO - DAG(s) dict_keys(['saas_dag']) retrieved from /opt/airflow/dags/project_dag.py
[2025-08-05T03:55:05.408+0000] {logging_mixin.py:149} INFO - [2025-08-05T03:55:05.408+0000] {dag.py:2726} INFO - Sync 1 DAGs
[2025-08-05T03:55:05.444+0000] {logging_mixin.py:149} INFO - [2025-08-05T03:55:05.444+0000] {dag.py:3486} INFO - Setting next_dagrun for saas_dag to 2025-08-05T03:55:05.335875+00:00, run_after=2025-08-05T20:35:05.335875+00:00
[2025-08-05T03:55:05.473+0000] {processor.py:178} INFO - Processing /opt/airflow/dags/project_dag.py took 0.153 seconds
[2025-08-05T03:55:35.560+0000] {processor.py:156} INFO - Started process (PID=928) to work on /opt/airflow/dags/project_dag.py
[2025-08-05T03:55:35.561+0000] {processor.py:799} INFO - Processing file /opt/airflow/dags/project_dag.py for tasks to queue
[2025-08-05T03:55:35.563+0000] {logging_mixin.py:149} INFO - [2025-08-05T03:55:35.563+0000] {dagbag.py:541} INFO - Filling up the DagBag from /opt/airflow/dags/project_dag.py
[2025-08-05T03:55:35.581+0000] {processor.py:809} INFO - DAG(s) dict_keys(['saas_dag']) retrieved from /opt/airflow/dags/project_dag.py
[2025-08-05T03:55:35.643+0000] {logging_mixin.py:149} INFO - [2025-08-05T03:55:35.643+0000] {dag.py:2726} INFO - Sync 1 DAGs
[2025-08-05T03:55:35.665+0000] {logging_mixin.py:149} INFO - [2025-08-05T03:55:35.664+0000] {dag.py:3486} INFO - Setting next_dagrun for saas_dag to 2025-08-05T03:55:35.570433+00:00, run_after=2025-08-05T20:35:35.570433+00:00
[2025-08-05T03:55:35.689+0000] {processor.py:178} INFO - Processing /opt/airflow/dags/project_dag.py took 0.135 seconds
[2025-08-05T03:56:06.103+0000] {processor.py:156} INFO - Started process (PID=929) to work on /opt/airflow/dags/project_dag.py
[2025-08-05T03:56:06.105+0000] {processor.py:799} INFO - Processing file /opt/airflow/dags/project_dag.py for tasks to queue
[2025-08-05T03:56:06.106+0000] {logging_mixin.py:149} INFO - [2025-08-05T03:56:06.106+0000] {dagbag.py:541} INFO - Filling up the DagBag from /opt/airflow/dags/project_dag.py
[2025-08-05T03:56:06.123+0000] {processor.py:809} INFO - DAG(s) dict_keys(['saas_dag']) retrieved from /opt/airflow/dags/project_dag.py
[2025-08-05T03:56:06.175+0000] {logging_mixin.py:149} INFO - [2025-08-05T03:56:06.174+0000] {dag.py:2726} INFO - Sync 1 DAGs
[2025-08-05T03:56:06.194+0000] {logging_mixin.py:149} INFO - [2025-08-05T03:56:06.194+0000] {dag.py:3486} INFO - Setting next_dagrun for saas_dag to 2025-08-05T03:56:06.113663+00:00, run_after=2025-08-05T20:36:06.113663+00:00
[2025-08-05T03:56:06.219+0000] {processor.py:178} INFO - Processing /opt/airflow/dags/project_dag.py took 0.122 seconds
[2025-08-05T03:56:37.143+0000] {processor.py:156} INFO - Started process (PID=930) to work on /opt/airflow/dags/project_dag.py
[2025-08-05T03:56:37.145+0000] {processor.py:799} INFO - Processing file /opt/airflow/dags/project_dag.py for tasks to queue
[2025-08-05T03:56:37.147+0000] {logging_mixin.py:149} INFO - [2025-08-05T03:56:37.146+0000] {dagbag.py:541} INFO - Filling up the DagBag from /opt/airflow/dags/project_dag.py
[2025-08-05T03:56:37.168+0000] {processor.py:809} INFO - DAG(s) dict_keys(['saas_dag']) retrieved from /opt/airflow/dags/project_dag.py
[2025-08-05T03:56:37.236+0000] {logging_mixin.py:149} INFO - [2025-08-05T03:56:37.236+0000] {dag.py:2726} INFO - Sync 1 DAGs
[2025-08-05T03:56:37.262+0000] {logging_mixin.py:149} INFO - [2025-08-05T03:56:37.261+0000] {dag.py:3486} INFO - Setting next_dagrun for saas_dag to 2025-08-05T03:56:37.153890+00:00, run_after=2025-08-05T20:36:37.153890+00:00
[2025-08-05T03:56:37.291+0000] {processor.py:178} INFO - Processing /opt/airflow/dags/project_dag.py took 0.152 seconds
[2025-08-05T03:57:07.591+0000] {processor.py:156} INFO - Started process (PID=931) to work on /opt/airflow/dags/project_dag.py
[2025-08-05T03:57:07.593+0000] {processor.py:799} INFO - Processing file /opt/airflow/dags/project_dag.py for tasks to queue
[2025-08-05T03:57:07.595+0000] {logging_mixin.py:149} INFO - [2025-08-05T03:57:07.594+0000] {dagbag.py:541} INFO - Filling up the DagBag from /opt/airflow/dags/project_dag.py
[2025-08-05T03:57:07.613+0000] {processor.py:809} INFO - DAG(s) dict_keys(['saas_dag']) retrieved from /opt/airflow/dags/project_dag.py
[2025-08-05T03:57:07.685+0000] {logging_mixin.py:149} INFO - [2025-08-05T03:57:07.685+0000] {dag.py:2726} INFO - Sync 1 DAGs
[2025-08-05T03:57:07.711+0000] {logging_mixin.py:149} INFO - [2025-08-05T03:57:07.711+0000] {dag.py:3486} INFO - Setting next_dagrun for saas_dag to 2025-08-05T03:57:07.602539+00:00, run_after=2025-08-05T20:37:07.602539+00:00
[2025-08-05T03:57:07.741+0000] {processor.py:178} INFO - Processing /opt/airflow/dags/project_dag.py took 0.154 seconds
[2025-08-05T03:57:38.353+0000] {processor.py:156} INFO - Started process (PID=932) to work on /opt/airflow/dags/project_dag.py
[2025-08-05T03:57:38.354+0000] {processor.py:799} INFO - Processing file /opt/airflow/dags/project_dag.py for tasks to queue
[2025-08-05T03:57:38.355+0000] {logging_mixin.py:149} INFO - [2025-08-05T03:57:38.355+0000] {dagbag.py:541} INFO - Filling up the DagBag from /opt/airflow/dags/project_dag.py
[2025-08-05T03:57:38.374+0000] {processor.py:809} INFO - DAG(s) dict_keys(['saas_dag']) retrieved from /opt/airflow/dags/project_dag.py
[2025-08-05T03:57:38.451+0000] {logging_mixin.py:149} INFO - [2025-08-05T03:57:38.450+0000] {dag.py:2726} INFO - Sync 1 DAGs
[2025-08-05T03:57:38.474+0000] {logging_mixin.py:149} INFO - [2025-08-05T03:57:38.474+0000] {dag.py:3486} INFO - Setting next_dagrun for saas_dag to 2025-08-05T03:57:38.363512+00:00, run_after=2025-08-05T20:37:38.363512+00:00
[2025-08-05T03:57:38.504+0000] {processor.py:178} INFO - Processing /opt/airflow/dags/project_dag.py took 0.155 seconds
[2025-08-05T03:58:08.982+0000] {processor.py:156} INFO - Started process (PID=933) to work on /opt/airflow/dags/project_dag.py
[2025-08-05T03:58:08.984+0000] {processor.py:799} INFO - Processing file /opt/airflow/dags/project_dag.py for tasks to queue
[2025-08-05T03:58:08.985+0000] {logging_mixin.py:149} INFO - [2025-08-05T03:58:08.985+0000] {dagbag.py:541} INFO - Filling up the DagBag from /opt/airflow/dags/project_dag.py
[2025-08-05T03:58:09.002+0000] {processor.py:809} INFO - DAG(s) dict_keys(['saas_dag']) retrieved from /opt/airflow/dags/project_dag.py
[2025-08-05T03:58:09.159+0000] {logging_mixin.py:149} INFO - [2025-08-05T03:58:09.159+0000] {dag.py:2726} INFO - Sync 1 DAGs
[2025-08-05T03:58:09.185+0000] {logging_mixin.py:149} INFO - [2025-08-05T03:58:09.185+0000] {dag.py:3486} INFO - Setting next_dagrun for saas_dag to 2025-08-05T03:58:08.992455+00:00, run_after=2025-08-05T20:38:08.992455+00:00
[2025-08-05T03:58:09.216+0000] {processor.py:178} INFO - Processing /opt/airflow/dags/project_dag.py took 0.239 seconds
[2025-08-05T03:58:39.500+0000] {processor.py:156} INFO - Started process (PID=934) to work on /opt/airflow/dags/project_dag.py
[2025-08-05T03:58:39.502+0000] {processor.py:799} INFO - Processing file /opt/airflow/dags/project_dag.py for tasks to queue
[2025-08-05T03:58:39.504+0000] {logging_mixin.py:149} INFO - [2025-08-05T03:58:39.503+0000] {dagbag.py:541} INFO - Filling up the DagBag from /opt/airflow/dags/project_dag.py
[2025-08-05T03:58:39.521+0000] {processor.py:809} INFO - DAG(s) dict_keys(['saas_dag']) retrieved from /opt/airflow/dags/project_dag.py
[2025-08-05T03:58:39.578+0000] {logging_mixin.py:149} INFO - [2025-08-05T03:58:39.578+0000] {dag.py:2726} INFO - Sync 1 DAGs
[2025-08-05T03:58:39.598+0000] {logging_mixin.py:149} INFO - [2025-08-05T03:58:39.597+0000] {dag.py:3486} INFO - Setting next_dagrun for saas_dag to 2025-08-05T03:58:39.510822+00:00, run_after=2025-08-05T20:38:39.510822+00:00
[2025-08-05T03:58:39.625+0000] {processor.py:178} INFO - Processing /opt/airflow/dags/project_dag.py took 0.131 seconds
[2025-08-05T03:59:09.973+0000] {processor.py:156} INFO - Started process (PID=935) to work on /opt/airflow/dags/project_dag.py
[2025-08-05T03:59:09.974+0000] {processor.py:799} INFO - Processing file /opt/airflow/dags/project_dag.py for tasks to queue
[2025-08-05T03:59:09.975+0000] {logging_mixin.py:149} INFO - [2025-08-05T03:59:09.975+0000] {dagbag.py:541} INFO - Filling up the DagBag from /opt/airflow/dags/project_dag.py
[2025-08-05T03:59:09.992+0000] {processor.py:809} INFO - DAG(s) dict_keys(['saas_dag']) retrieved from /opt/airflow/dags/project_dag.py
[2025-08-05T03:59:10.045+0000] {logging_mixin.py:149} INFO - [2025-08-05T03:59:10.045+0000] {dag.py:2726} INFO - Sync 1 DAGs
[2025-08-05T03:59:10.065+0000] {logging_mixin.py:149} INFO - [2025-08-05T03:59:10.064+0000] {dag.py:3486} INFO - Setting next_dagrun for saas_dag to 2025-08-05T03:59:09.982351+00:00, run_after=2025-08-05T20:39:09.982351+00:00
[2025-08-05T03:59:10.092+0000] {processor.py:178} INFO - Processing /opt/airflow/dags/project_dag.py took 0.124 seconds
[2025-08-05T03:59:40.650+0000] {processor.py:156} INFO - Started process (PID=936) to work on /opt/airflow/dags/project_dag.py
[2025-08-05T03:59:40.652+0000] {processor.py:799} INFO - Processing file /opt/airflow/dags/project_dag.py for tasks to queue
[2025-08-05T03:59:40.655+0000] {logging_mixin.py:149} INFO - [2025-08-05T03:59:40.655+0000] {dagbag.py:541} INFO - Filling up the DagBag from /opt/airflow/dags/project_dag.py
[2025-08-05T03:59:40.678+0000] {processor.py:809} INFO - DAG(s) dict_keys(['saas_dag']) retrieved from /opt/airflow/dags/project_dag.py
[2025-08-05T03:59:40.748+0000] {logging_mixin.py:149} INFO - [2025-08-05T03:59:40.747+0000] {dag.py:2726} INFO - Sync 1 DAGs
[2025-08-05T03:59:40.779+0000] {logging_mixin.py:149} INFO - [2025-08-05T03:59:40.779+0000] {dag.py:3486} INFO - Setting next_dagrun for saas_dag to 2025-08-05T03:59:40.666742+00:00, run_after=2025-08-05T20:39:40.666742+00:00
[2025-08-05T03:59:40.807+0000] {processor.py:178} INFO - Processing /opt/airflow/dags/project_dag.py took 0.162 seconds
[2025-08-05T04:00:11.213+0000] {processor.py:156} INFO - Started process (PID=937) to work on /opt/airflow/dags/project_dag.py
[2025-08-05T04:00:11.214+0000] {processor.py:799} INFO - Processing file /opt/airflow/dags/project_dag.py for tasks to queue
[2025-08-05T04:00:11.215+0000] {logging_mixin.py:149} INFO - [2025-08-05T04:00:11.215+0000] {dagbag.py:541} INFO - Filling up the DagBag from /opt/airflow/dags/project_dag.py
[2025-08-05T04:00:11.232+0000] {processor.py:809} INFO - DAG(s) dict_keys(['saas_dag']) retrieved from /opt/airflow/dags/project_dag.py
[2025-08-05T04:00:11.286+0000] {logging_mixin.py:149} INFO - [2025-08-05T04:00:11.286+0000] {dag.py:2726} INFO - Sync 1 DAGs
[2025-08-05T04:00:11.306+0000] {logging_mixin.py:149} INFO - [2025-08-05T04:00:11.306+0000] {dag.py:3486} INFO - Setting next_dagrun for saas_dag to 2025-08-05T04:00:11.222148+00:00, run_after=2025-08-05T20:40:11.222148+00:00
[2025-08-05T04:00:11.328+0000] {processor.py:178} INFO - Processing /opt/airflow/dags/project_dag.py took 0.120 seconds
[2025-08-05T04:00:41.755+0000] {processor.py:156} INFO - Started process (PID=938) to work on /opt/airflow/dags/project_dag.py
[2025-08-05T04:00:41.756+0000] {processor.py:799} INFO - Processing file /opt/airflow/dags/project_dag.py for tasks to queue
[2025-08-05T04:00:41.758+0000] {logging_mixin.py:149} INFO - [2025-08-05T04:00:41.757+0000] {dagbag.py:541} INFO - Filling up the DagBag from /opt/airflow/dags/project_dag.py
[2025-08-05T04:00:41.776+0000] {processor.py:809} INFO - DAG(s) dict_keys(['saas_dag']) retrieved from /opt/airflow/dags/project_dag.py
[2025-08-05T04:00:41.827+0000] {logging_mixin.py:149} INFO - [2025-08-05T04:00:41.826+0000] {dag.py:2726} INFO - Sync 1 DAGs
[2025-08-05T04:00:41.847+0000] {logging_mixin.py:149} INFO - [2025-08-05T04:00:41.847+0000] {dag.py:3486} INFO - Setting next_dagrun for saas_dag to 2025-08-05T04:00:41.765529+00:00, run_after=2025-08-05T20:40:41.765529+00:00
[2025-08-05T04:00:41.871+0000] {processor.py:178} INFO - Processing /opt/airflow/dags/project_dag.py took 0.121 seconds
[2025-08-05T04:01:12.129+0000] {processor.py:156} INFO - Started process (PID=939) to work on /opt/airflow/dags/project_dag.py
[2025-08-05T04:01:12.131+0000] {processor.py:799} INFO - Processing file /opt/airflow/dags/project_dag.py for tasks to queue
[2025-08-05T04:01:12.132+0000] {logging_mixin.py:149} INFO - [2025-08-05T04:01:12.132+0000] {dagbag.py:541} INFO - Filling up the DagBag from /opt/airflow/dags/project_dag.py
[2025-08-05T04:01:12.153+0000] {processor.py:809} INFO - DAG(s) dict_keys(['saas_dag']) retrieved from /opt/airflow/dags/project_dag.py
[2025-08-05T04:01:12.214+0000] {logging_mixin.py:149} INFO - [2025-08-05T04:01:12.213+0000] {dag.py:2726} INFO - Sync 1 DAGs
[2025-08-05T04:01:12.234+0000] {logging_mixin.py:149} INFO - [2025-08-05T04:01:12.234+0000] {dag.py:3486} INFO - Setting next_dagrun for saas_dag to 2025-08-05T04:01:12.139026+00:00, run_after=2025-08-05T20:41:12.139026+00:00
[2025-08-05T04:01:12.263+0000] {processor.py:178} INFO - Processing /opt/airflow/dags/project_dag.py took 0.138 seconds
[2025-08-05T04:01:42.490+0000] {processor.py:156} INFO - Started process (PID=940) to work on /opt/airflow/dags/project_dag.py
[2025-08-05T04:01:42.492+0000] {processor.py:799} INFO - Processing file /opt/airflow/dags/project_dag.py for tasks to queue
[2025-08-05T04:01:42.493+0000] {logging_mixin.py:149} INFO - [2025-08-05T04:01:42.493+0000] {dagbag.py:541} INFO - Filling up the DagBag from /opt/airflow/dags/project_dag.py
[2025-08-05T04:01:42.510+0000] {processor.py:809} INFO - DAG(s) dict_keys(['saas_dag']) retrieved from /opt/airflow/dags/project_dag.py
[2025-08-05T04:01:42.577+0000] {logging_mixin.py:149} INFO - [2025-08-05T04:01:42.576+0000] {dag.py:2726} INFO - Sync 1 DAGs
[2025-08-05T04:01:42.599+0000] {logging_mixin.py:149} INFO - [2025-08-05T04:01:42.599+0000] {dag.py:3486} INFO - Setting next_dagrun for saas_dag to 2025-08-05T04:01:42.499380+00:00, run_after=2025-08-05T20:41:42.499380+00:00
[2025-08-05T04:01:42.625+0000] {processor.py:178} INFO - Processing /opt/airflow/dags/project_dag.py took 0.140 seconds
[2025-08-05T04:02:12.959+0000] {processor.py:156} INFO - Started process (PID=941) to work on /opt/airflow/dags/project_dag.py
[2025-08-05T04:02:12.961+0000] {processor.py:799} INFO - Processing file /opt/airflow/dags/project_dag.py for tasks to queue
[2025-08-05T04:02:12.962+0000] {logging_mixin.py:149} INFO - [2025-08-05T04:02:12.962+0000] {dagbag.py:541} INFO - Filling up the DagBag from /opt/airflow/dags/project_dag.py
[2025-08-05T04:02:12.981+0000] {processor.py:809} INFO - DAG(s) dict_keys(['saas_dag']) retrieved from /opt/airflow/dags/project_dag.py
[2025-08-05T04:02:13.047+0000] {logging_mixin.py:149} INFO - [2025-08-05T04:02:13.047+0000] {dag.py:2726} INFO - Sync 1 DAGs
[2025-08-05T04:02:13.076+0000] {logging_mixin.py:149} INFO - [2025-08-05T04:02:13.076+0000] {dag.py:3486} INFO - Setting next_dagrun for saas_dag to 2025-08-05T04:02:12.968841+00:00, run_after=2025-08-05T20:42:12.968841+00:00
[2025-08-05T04:02:13.117+0000] {processor.py:178} INFO - Processing /opt/airflow/dags/project_dag.py took 0.162 seconds
[2025-08-05T04:02:47.891+0000] {processor.py:156} INFO - Started process (PID=1034) to work on /opt/airflow/dags/project_dag.py
[2025-08-05T04:02:47.892+0000] {processor.py:799} INFO - Processing file /opt/airflow/dags/project_dag.py for tasks to queue
[2025-08-05T04:02:47.894+0000] {logging_mixin.py:149} INFO - [2025-08-05T04:02:47.893+0000] {dagbag.py:541} INFO - Filling up the DagBag from /opt/airflow/dags/project_dag.py
[2025-08-05T04:02:47.914+0000] {processor.py:809} INFO - DAG(s) dict_keys(['saas_dag']) retrieved from /opt/airflow/dags/project_dag.py
[2025-08-05T04:02:47.981+0000] {logging_mixin.py:149} INFO - [2025-08-05T04:02:47.980+0000] {dag.py:2726} INFO - Sync 1 DAGs
[2025-08-05T04:02:48.004+0000] {logging_mixin.py:149} INFO - [2025-08-05T04:02:48.004+0000] {dag.py:3486} INFO - Setting next_dagrun for saas_dag to 2025-08-05T04:02:47.903054+00:00, run_after=2025-08-05T20:42:47.903054+00:00
[2025-08-05T04:02:48.031+0000] {processor.py:178} INFO - Processing /opt/airflow/dags/project_dag.py took 0.146 seconds
[2025-08-05T04:03:18.100+0000] {processor.py:156} INFO - Started process (PID=1035) to work on /opt/airflow/dags/project_dag.py
[2025-08-05T04:03:18.103+0000] {processor.py:799} INFO - Processing file /opt/airflow/dags/project_dag.py for tasks to queue
[2025-08-05T04:03:18.104+0000] {logging_mixin.py:149} INFO - [2025-08-05T04:03:18.104+0000] {dagbag.py:541} INFO - Filling up the DagBag from /opt/airflow/dags/project_dag.py
[2025-08-05T04:03:18.122+0000] {processor.py:809} INFO - DAG(s) dict_keys(['saas_dag']) retrieved from /opt/airflow/dags/project_dag.py
[2025-08-05T04:03:18.178+0000] {logging_mixin.py:149} INFO - [2025-08-05T04:03:18.178+0000] {dag.py:2726} INFO - Sync 1 DAGs
[2025-08-05T04:03:18.197+0000] {logging_mixin.py:149} INFO - [2025-08-05T04:03:18.197+0000] {dag.py:3486} INFO - Setting next_dagrun for saas_dag to 2025-08-05T04:03:18.111590+00:00, run_after=2025-08-05T20:43:18.111590+00:00
[2025-08-05T04:03:18.223+0000] {processor.py:178} INFO - Processing /opt/airflow/dags/project_dag.py took 0.127 seconds
[2025-08-05T04:03:48.645+0000] {processor.py:156} INFO - Started process (PID=1036) to work on /opt/airflow/dags/project_dag.py
[2025-08-05T04:03:48.646+0000] {processor.py:799} INFO - Processing file /opt/airflow/dags/project_dag.py for tasks to queue
[2025-08-05T04:03:48.648+0000] {logging_mixin.py:149} INFO - [2025-08-05T04:03:48.647+0000] {dagbag.py:541} INFO - Filling up the DagBag from /opt/airflow/dags/project_dag.py
[2025-08-05T04:03:48.664+0000] {processor.py:809} INFO - DAG(s) dict_keys(['saas_dag']) retrieved from /opt/airflow/dags/project_dag.py
[2025-08-05T04:03:48.725+0000] {logging_mixin.py:149} INFO - [2025-08-05T04:03:48.725+0000] {dag.py:2726} INFO - Sync 1 DAGs
[2025-08-05T04:03:48.746+0000] {logging_mixin.py:149} INFO - [2025-08-05T04:03:48.745+0000] {dag.py:3486} INFO - Setting next_dagrun for saas_dag to 2025-08-05T04:03:48.654291+00:00, run_after=2025-08-05T20:43:48.654291+00:00
[2025-08-05T04:03:48.773+0000] {processor.py:178} INFO - Processing /opt/airflow/dags/project_dag.py took 0.133 seconds
[2025-08-05T04:04:18.951+0000] {processor.py:156} INFO - Started process (PID=1037) to work on /opt/airflow/dags/project_dag.py
[2025-08-05T04:04:18.957+0000] {processor.py:799} INFO - Processing file /opt/airflow/dags/project_dag.py for tasks to queue
[2025-08-05T04:04:18.960+0000] {logging_mixin.py:149} INFO - [2025-08-05T04:04:18.959+0000] {dagbag.py:541} INFO - Filling up the DagBag from /opt/airflow/dags/project_dag.py
[2025-08-05T04:04:18.985+0000] {processor.py:809} INFO - DAG(s) dict_keys(['saas_dag']) retrieved from /opt/airflow/dags/project_dag.py
[2025-08-05T04:04:19.070+0000] {logging_mixin.py:149} INFO - [2025-08-05T04:04:19.070+0000] {dag.py:2726} INFO - Sync 1 DAGs
[2025-08-05T04:04:19.094+0000] {logging_mixin.py:149} INFO - [2025-08-05T04:04:19.094+0000] {dag.py:3486} INFO - Setting next_dagrun for saas_dag to 2025-08-05T04:04:18.970784+00:00, run_after=2025-08-05T20:44:18.970784+00:00
[2025-08-05T04:04:19.120+0000] {processor.py:178} INFO - Processing /opt/airflow/dags/project_dag.py took 0.176 seconds
[2025-08-05T04:04:49.475+0000] {processor.py:156} INFO - Started process (PID=1038) to work on /opt/airflow/dags/project_dag.py
[2025-08-05T04:04:49.476+0000] {processor.py:799} INFO - Processing file /opt/airflow/dags/project_dag.py for tasks to queue
[2025-08-05T04:04:49.477+0000] {logging_mixin.py:149} INFO - [2025-08-05T04:04:49.477+0000] {dagbag.py:541} INFO - Filling up the DagBag from /opt/airflow/dags/project_dag.py
[2025-08-05T04:04:49.497+0000] {processor.py:809} INFO - DAG(s) dict_keys(['saas_dag']) retrieved from /opt/airflow/dags/project_dag.py
[2025-08-05T04:04:49.558+0000] {logging_mixin.py:149} INFO - [2025-08-05T04:04:49.558+0000] {dag.py:2726} INFO - Sync 1 DAGs
[2025-08-05T04:04:49.583+0000] {logging_mixin.py:149} INFO - [2025-08-05T04:04:49.583+0000] {dag.py:3486} INFO - Setting next_dagrun for saas_dag to 2025-08-05T04:04:49.484912+00:00, run_after=2025-08-05T20:44:49.484912+00:00
[2025-08-05T04:04:49.612+0000] {processor.py:178} INFO - Processing /opt/airflow/dags/project_dag.py took 0.141 seconds
[2025-08-05T04:05:19.970+0000] {processor.py:156} INFO - Started process (PID=1039) to work on /opt/airflow/dags/project_dag.py
[2025-08-05T04:05:19.972+0000] {processor.py:799} INFO - Processing file /opt/airflow/dags/project_dag.py for tasks to queue
[2025-08-05T04:05:19.973+0000] {logging_mixin.py:149} INFO - [2025-08-05T04:05:19.973+0000] {dagbag.py:541} INFO - Filling up the DagBag from /opt/airflow/dags/project_dag.py
[2025-08-05T04:05:19.993+0000] {processor.py:809} INFO - DAG(s) dict_keys(['saas_dag']) retrieved from /opt/airflow/dags/project_dag.py
[2025-08-05T04:05:20.061+0000] {logging_mixin.py:149} INFO - [2025-08-05T04:05:20.061+0000] {dag.py:2726} INFO - Sync 1 DAGs
[2025-08-05T04:05:20.087+0000] {logging_mixin.py:149} INFO - [2025-08-05T04:05:20.087+0000] {dag.py:3486} INFO - Setting next_dagrun for saas_dag to 2025-08-05T04:05:19.981382+00:00, run_after=2025-08-05T20:45:19.981382+00:00
[2025-08-05T04:05:20.121+0000] {processor.py:178} INFO - Processing /opt/airflow/dags/project_dag.py took 0.154 seconds
[2025-08-05T04:05:51.935+0000] {processor.py:156} INFO - Started process (PID=1132) to work on /opt/airflow/dags/project_dag.py
[2025-08-05T04:05:51.936+0000] {processor.py:799} INFO - Processing file /opt/airflow/dags/project_dag.py for tasks to queue
[2025-08-05T04:05:51.937+0000] {logging_mixin.py:149} INFO - [2025-08-05T04:05:51.937+0000] {dagbag.py:541} INFO - Filling up the DagBag from /opt/airflow/dags/project_dag.py
[2025-08-05T04:05:51.956+0000] {processor.py:809} INFO - DAG(s) dict_keys(['saas_dag']) retrieved from /opt/airflow/dags/project_dag.py
[2025-08-05T04:05:52.015+0000] {logging_mixin.py:149} INFO - [2025-08-05T04:05:52.015+0000] {dag.py:2726} INFO - Sync 1 DAGs
[2025-08-05T04:05:52.035+0000] {logging_mixin.py:149} INFO - [2025-08-05T04:05:52.035+0000] {dag.py:3486} INFO - Setting next_dagrun for saas_dag to 2025-08-05T04:05:51.943647+00:00, run_after=2025-08-05T20:45:51.943647+00:00
[2025-08-05T04:05:52.060+0000] {processor.py:178} INFO - Processing /opt/airflow/dags/project_dag.py took 0.130 seconds
[2025-08-05T04:06:22.191+0000] {processor.py:156} INFO - Started process (PID=1133) to work on /opt/airflow/dags/project_dag.py
[2025-08-05T04:06:22.193+0000] {processor.py:799} INFO - Processing file /opt/airflow/dags/project_dag.py for tasks to queue
[2025-08-05T04:06:22.194+0000] {logging_mixin.py:149} INFO - [2025-08-05T04:06:22.194+0000] {dagbag.py:541} INFO - Filling up the DagBag from /opt/airflow/dags/project_dag.py
[2025-08-05T04:06:22.215+0000] {processor.py:809} INFO - DAG(s) dict_keys(['saas_dag']) retrieved from /opt/airflow/dags/project_dag.py
[2025-08-05T04:06:22.313+0000] {logging_mixin.py:149} INFO - [2025-08-05T04:06:22.313+0000] {dag.py:2726} INFO - Sync 1 DAGs
[2025-08-05T04:06:22.344+0000] {logging_mixin.py:149} INFO - [2025-08-05T04:06:22.344+0000] {dag.py:3486} INFO - Setting next_dagrun for saas_dag to 2025-08-05T04:06:22.201655+00:00, run_after=2025-08-05T20:46:22.201655+00:00
[2025-08-05T04:06:22.380+0000] {processor.py:178} INFO - Processing /opt/airflow/dags/project_dag.py took 0.194 seconds
[2025-08-05T04:06:52.951+0000] {processor.py:156} INFO - Started process (PID=1134) to work on /opt/airflow/dags/project_dag.py
[2025-08-05T04:06:52.952+0000] {processor.py:799} INFO - Processing file /opt/airflow/dags/project_dag.py for tasks to queue
[2025-08-05T04:06:52.954+0000] {logging_mixin.py:149} INFO - [2025-08-05T04:06:52.954+0000] {dagbag.py:541} INFO - Filling up the DagBag from /opt/airflow/dags/project_dag.py
[2025-08-05T04:06:52.972+0000] {processor.py:809} INFO - DAG(s) dict_keys(['saas_dag']) retrieved from /opt/airflow/dags/project_dag.py
[2025-08-05T04:06:53.034+0000] {logging_mixin.py:149} INFO - [2025-08-05T04:06:53.034+0000] {dag.py:2726} INFO - Sync 1 DAGs
[2025-08-05T04:06:53.056+0000] {logging_mixin.py:149} INFO - [2025-08-05T04:06:53.055+0000] {dag.py:3486} INFO - Setting next_dagrun for saas_dag to 2025-08-05T04:06:52.962270+00:00, run_after=2025-08-05T20:46:52.962270+00:00
[2025-08-05T04:06:53.084+0000] {processor.py:178} INFO - Processing /opt/airflow/dags/project_dag.py took 0.138 seconds
[2025-08-05T04:07:23.378+0000] {processor.py:156} INFO - Started process (PID=1135) to work on /opt/airflow/dags/project_dag.py
[2025-08-05T04:07:23.379+0000] {processor.py:799} INFO - Processing file /opt/airflow/dags/project_dag.py for tasks to queue
[2025-08-05T04:07:23.380+0000] {logging_mixin.py:149} INFO - [2025-08-05T04:07:23.380+0000] {dagbag.py:541} INFO - Filling up the DagBag from /opt/airflow/dags/project_dag.py
[2025-08-05T04:07:23.398+0000] {processor.py:809} INFO - DAG(s) dict_keys(['saas_dag']) retrieved from /opt/airflow/dags/project_dag.py
[2025-08-05T04:07:23.463+0000] {logging_mixin.py:149} INFO - [2025-08-05T04:07:23.463+0000] {dag.py:2726} INFO - Sync 1 DAGs
[2025-08-05T04:07:23.493+0000] {logging_mixin.py:149} INFO - [2025-08-05T04:07:23.493+0000] {dag.py:3486} INFO - Setting next_dagrun for saas_dag to 2025-08-05T04:07:23.386388+00:00, run_after=2025-08-05T20:47:23.386388+00:00
[2025-08-05T04:07:23.520+0000] {processor.py:178} INFO - Processing /opt/airflow/dags/project_dag.py took 0.147 seconds
[2025-08-05T04:07:53.796+0000] {processor.py:156} INFO - Started process (PID=1136) to work on /opt/airflow/dags/project_dag.py
[2025-08-05T04:07:53.798+0000] {processor.py:799} INFO - Processing file /opt/airflow/dags/project_dag.py for tasks to queue
[2025-08-05T04:07:53.800+0000] {logging_mixin.py:149} INFO - [2025-08-05T04:07:53.799+0000] {dagbag.py:541} INFO - Filling up the DagBag from /opt/airflow/dags/project_dag.py
[2025-08-05T04:07:53.817+0000] {processor.py:809} INFO - DAG(s) dict_keys(['saas_dag']) retrieved from /opt/airflow/dags/project_dag.py
[2025-08-05T04:07:53.887+0000] {logging_mixin.py:149} INFO - [2025-08-05T04:07:53.887+0000] {dag.py:2726} INFO - Sync 1 DAGs
[2025-08-05T04:07:53.935+0000] {logging_mixin.py:149} INFO - [2025-08-05T04:07:53.934+0000] {dag.py:3486} INFO - Setting next_dagrun for saas_dag to 2025-08-05T04:07:53.805363+00:00, run_after=2025-08-05T20:47:53.805363+00:00
[2025-08-05T04:07:53.972+0000] {processor.py:178} INFO - Processing /opt/airflow/dags/project_dag.py took 0.180 seconds
[2025-08-05T04:08:24.275+0000] {processor.py:156} INFO - Started process (PID=1137) to work on /opt/airflow/dags/project_dag.py
[2025-08-05T04:08:24.278+0000] {processor.py:799} INFO - Processing file /opt/airflow/dags/project_dag.py for tasks to queue
[2025-08-05T04:08:24.280+0000] {logging_mixin.py:149} INFO - [2025-08-05T04:08:24.280+0000] {dagbag.py:541} INFO - Filling up the DagBag from /opt/airflow/dags/project_dag.py
[2025-08-05T04:08:24.313+0000] {processor.py:809} INFO - DAG(s) dict_keys(['saas_dag']) retrieved from /opt/airflow/dags/project_dag.py
[2025-08-05T04:08:24.388+0000] {logging_mixin.py:149} INFO - [2025-08-05T04:08:24.388+0000] {dag.py:2726} INFO - Sync 1 DAGs
[2025-08-05T04:08:24.409+0000] {logging_mixin.py:149} INFO - [2025-08-05T04:08:24.408+0000] {dag.py:3486} INFO - Setting next_dagrun for saas_dag to 2025-08-05T04:08:24.291449+00:00, run_after=2025-08-05T20:48:24.291449+00:00
[2025-08-05T04:08:24.437+0000] {processor.py:178} INFO - Processing /opt/airflow/dags/project_dag.py took 0.178 seconds
[2025-08-05T04:08:54.701+0000] {processor.py:156} INFO - Started process (PID=1138) to work on /opt/airflow/dags/project_dag.py
[2025-08-05T04:08:54.703+0000] {processor.py:799} INFO - Processing file /opt/airflow/dags/project_dag.py for tasks to queue
[2025-08-05T04:08:54.704+0000] {logging_mixin.py:149} INFO - [2025-08-05T04:08:54.704+0000] {dagbag.py:541} INFO - Filling up the DagBag from /opt/airflow/dags/project_dag.py
[2025-08-05T04:08:54.722+0000] {processor.py:809} INFO - DAG(s) dict_keys(['saas_dag']) retrieved from /opt/airflow/dags/project_dag.py
[2025-08-05T04:08:54.782+0000] {logging_mixin.py:149} INFO - [2025-08-05T04:08:54.782+0000] {dag.py:2726} INFO - Sync 1 DAGs
[2025-08-05T04:08:54.804+0000] {logging_mixin.py:149} INFO - [2025-08-05T04:08:54.803+0000] {dag.py:3486} INFO - Setting next_dagrun for saas_dag to 2025-08-05T04:08:54.711954+00:00, run_after=2025-08-05T20:48:54.711954+00:00
[2025-08-05T04:08:54.830+0000] {processor.py:178} INFO - Processing /opt/airflow/dags/project_dag.py took 0.134 seconds
[2025-08-05T04:09:25.192+0000] {processor.py:156} INFO - Started process (PID=1139) to work on /opt/airflow/dags/project_dag.py
[2025-08-05T04:09:25.195+0000] {processor.py:799} INFO - Processing file /opt/airflow/dags/project_dag.py for tasks to queue
[2025-08-05T04:09:25.196+0000] {logging_mixin.py:149} INFO - [2025-08-05T04:09:25.196+0000] {dagbag.py:541} INFO - Filling up the DagBag from /opt/airflow/dags/project_dag.py
[2025-08-05T04:09:25.215+0000] {processor.py:809} INFO - DAG(s) dict_keys(['saas_dag']) retrieved from /opt/airflow/dags/project_dag.py
[2025-08-05T04:09:25.281+0000] {logging_mixin.py:149} INFO - [2025-08-05T04:09:25.281+0000] {dag.py:2726} INFO - Sync 1 DAGs
[2025-08-05T04:09:25.308+0000] {logging_mixin.py:149} INFO - [2025-08-05T04:09:25.307+0000] {dag.py:3486} INFO - Setting next_dagrun for saas_dag to 2025-08-05T04:09:25.204161+00:00, run_after=2025-08-05T20:49:25.204161+00:00
[2025-08-05T04:09:25.334+0000] {processor.py:178} INFO - Processing /opt/airflow/dags/project_dag.py took 0.146 seconds
[2025-08-05T04:09:55.489+0000] {processor.py:156} INFO - Started process (PID=1140) to work on /opt/airflow/dags/project_dag.py
[2025-08-05T04:09:55.491+0000] {processor.py:799} INFO - Processing file /opt/airflow/dags/project_dag.py for tasks to queue
[2025-08-05T04:09:55.492+0000] {logging_mixin.py:149} INFO - [2025-08-05T04:09:55.492+0000] {dagbag.py:541} INFO - Filling up the DagBag from /opt/airflow/dags/project_dag.py
[2025-08-05T04:09:55.510+0000] {processor.py:809} INFO - DAG(s) dict_keys(['saas_dag']) retrieved from /opt/airflow/dags/project_dag.py
[2025-08-05T04:09:55.585+0000] {logging_mixin.py:149} INFO - [2025-08-05T04:09:55.584+0000] {dag.py:2726} INFO - Sync 1 DAGs
[2025-08-05T04:09:55.617+0000] {logging_mixin.py:149} INFO - [2025-08-05T04:09:55.617+0000] {dag.py:3486} INFO - Setting next_dagrun for saas_dag to 2025-08-05T04:09:55.499283+00:00, run_after=2025-08-05T20:49:55.499283+00:00
[2025-08-05T04:09:55.649+0000] {processor.py:178} INFO - Processing /opt/airflow/dags/project_dag.py took 0.165 seconds
[2025-08-05T04:10:25.827+0000] {processor.py:156} INFO - Started process (PID=1141) to work on /opt/airflow/dags/project_dag.py
[2025-08-05T04:10:25.830+0000] {processor.py:799} INFO - Processing file /opt/airflow/dags/project_dag.py for tasks to queue
[2025-08-05T04:10:25.832+0000] {logging_mixin.py:149} INFO - [2025-08-05T04:10:25.831+0000] {dagbag.py:541} INFO - Filling up the DagBag from /opt/airflow/dags/project_dag.py
[2025-08-05T04:10:25.855+0000] {processor.py:809} INFO - DAG(s) dict_keys(['saas_dag']) retrieved from /opt/airflow/dags/project_dag.py
[2025-08-05T04:10:25.936+0000] {logging_mixin.py:149} INFO - [2025-08-05T04:10:25.936+0000] {dag.py:2726} INFO - Sync 1 DAGs
[2025-08-05T04:10:25.964+0000] {logging_mixin.py:149} INFO - [2025-08-05T04:10:25.963+0000] {dag.py:3486} INFO - Setting next_dagrun for saas_dag to 2025-08-05T04:10:25.839267+00:00, run_after=2025-08-05T20:50:25.839267+00:00
[2025-08-05T04:10:25.990+0000] {processor.py:178} INFO - Processing /opt/airflow/dags/project_dag.py took 0.168 seconds
[2025-08-05T04:10:56.274+0000] {processor.py:156} INFO - Started process (PID=1142) to work on /opt/airflow/dags/project_dag.py
[2025-08-05T04:10:56.276+0000] {processor.py:799} INFO - Processing file /opt/airflow/dags/project_dag.py for tasks to queue
[2025-08-05T04:10:56.277+0000] {logging_mixin.py:149} INFO - [2025-08-05T04:10:56.277+0000] {dagbag.py:541} INFO - Filling up the DagBag from /opt/airflow/dags/project_dag.py
[2025-08-05T04:10:56.297+0000] {processor.py:809} INFO - DAG(s) dict_keys(['saas_dag']) retrieved from /opt/airflow/dags/project_dag.py
[2025-08-05T04:10:56.449+0000] {logging_mixin.py:149} INFO - [2025-08-05T04:10:56.449+0000] {dag.py:2726} INFO - Sync 1 DAGs
[2025-08-05T04:10:56.482+0000] {logging_mixin.py:149} INFO - [2025-08-05T04:10:56.482+0000] {dag.py:3486} INFO - Setting next_dagrun for saas_dag to 2025-08-05T04:10:56.283973+00:00, run_after=2025-08-05T20:50:56.283973+00:00
[2025-08-05T04:10:56.510+0000] {processor.py:178} INFO - Processing /opt/airflow/dags/project_dag.py took 0.241 seconds
[2025-08-05T04:11:26.811+0000] {processor.py:156} INFO - Started process (PID=1143) to work on /opt/airflow/dags/project_dag.py
[2025-08-05T04:11:26.813+0000] {processor.py:799} INFO - Processing file /opt/airflow/dags/project_dag.py for tasks to queue
[2025-08-05T04:11:26.815+0000] {logging_mixin.py:149} INFO - [2025-08-05T04:11:26.815+0000] {dagbag.py:541} INFO - Filling up the DagBag from /opt/airflow/dags/project_dag.py
[2025-08-05T04:11:26.832+0000] {processor.py:809} INFO - DAG(s) dict_keys(['saas_dag']) retrieved from /opt/airflow/dags/project_dag.py
[2025-08-05T04:11:26.900+0000] {logging_mixin.py:149} INFO - [2025-08-05T04:11:26.900+0000] {dag.py:2726} INFO - Sync 1 DAGs
[2025-08-05T04:11:26.922+0000] {logging_mixin.py:149} INFO - [2025-08-05T04:11:26.922+0000] {dag.py:3486} INFO - Setting next_dagrun for saas_dag to 2025-08-05T04:11:26.821732+00:00, run_after=2025-08-05T20:51:26.821732+00:00
[2025-08-05T04:11:26.947+0000] {processor.py:178} INFO - Processing /opt/airflow/dags/project_dag.py took 0.140 seconds
[2025-08-05T04:11:57.231+0000] {processor.py:156} INFO - Started process (PID=1144) to work on /opt/airflow/dags/project_dag.py
[2025-08-05T04:11:57.233+0000] {processor.py:799} INFO - Processing file /opt/airflow/dags/project_dag.py for tasks to queue
[2025-08-05T04:11:57.234+0000] {logging_mixin.py:149} INFO - [2025-08-05T04:11:57.234+0000] {dagbag.py:541} INFO - Filling up the DagBag from /opt/airflow/dags/project_dag.py
[2025-08-05T04:11:57.252+0000] {processor.py:809} INFO - DAG(s) dict_keys(['saas_dag']) retrieved from /opt/airflow/dags/project_dag.py
[2025-08-05T04:11:57.317+0000] {logging_mixin.py:149} INFO - [2025-08-05T04:11:57.317+0000] {dag.py:2726} INFO - Sync 1 DAGs
[2025-08-05T04:11:57.344+0000] {logging_mixin.py:149} INFO - [2025-08-05T04:11:57.344+0000] {dag.py:3486} INFO - Setting next_dagrun for saas_dag to 2025-08-05T04:11:57.240101+00:00, run_after=2025-08-05T20:51:57.240101+00:00
[2025-08-05T04:11:57.373+0000] {processor.py:178} INFO - Processing /opt/airflow/dags/project_dag.py took 0.146 seconds
[2025-08-05T04:12:27.660+0000] {processor.py:156} INFO - Started process (PID=1145) to work on /opt/airflow/dags/project_dag.py
[2025-08-05T04:12:27.661+0000] {processor.py:799} INFO - Processing file /opt/airflow/dags/project_dag.py for tasks to queue
[2025-08-05T04:12:27.662+0000] {logging_mixin.py:149} INFO - [2025-08-05T04:12:27.662+0000] {dagbag.py:541} INFO - Filling up the DagBag from /opt/airflow/dags/project_dag.py
[2025-08-05T04:12:27.681+0000] {processor.py:809} INFO - DAG(s) dict_keys(['saas_dag']) retrieved from /opt/airflow/dags/project_dag.py
[2025-08-05T04:12:27.751+0000] {logging_mixin.py:149} INFO - [2025-08-05T04:12:27.750+0000] {dag.py:2726} INFO - Sync 1 DAGs
[2025-08-05T04:12:27.774+0000] {logging_mixin.py:149} INFO - [2025-08-05T04:12:27.774+0000] {dag.py:3486} INFO - Setting next_dagrun for saas_dag to 2025-08-05T04:12:27.670533+00:00, run_after=2025-08-05T20:52:27.670533+00:00
[2025-08-05T04:12:27.804+0000] {processor.py:178} INFO - Processing /opt/airflow/dags/project_dag.py took 0.150 seconds
[2025-08-05T04:12:58.083+0000] {processor.py:156} INFO - Started process (PID=1146) to work on /opt/airflow/dags/project_dag.py
[2025-08-05T04:12:58.085+0000] {processor.py:799} INFO - Processing file /opt/airflow/dags/project_dag.py for tasks to queue
[2025-08-05T04:12:58.086+0000] {logging_mixin.py:149} INFO - [2025-08-05T04:12:58.086+0000] {dagbag.py:541} INFO - Filling up the DagBag from /opt/airflow/dags/project_dag.py
[2025-08-05T04:12:58.110+0000] {processor.py:809} INFO - DAG(s) dict_keys(['saas_dag']) retrieved from /opt/airflow/dags/project_dag.py
[2025-08-05T04:12:58.197+0000] {logging_mixin.py:149} INFO - [2025-08-05T04:12:58.196+0000] {dag.py:2726} INFO - Sync 1 DAGs
[2025-08-05T04:12:58.230+0000] {logging_mixin.py:149} INFO - [2025-08-05T04:12:58.230+0000] {dag.py:3486} INFO - Setting next_dagrun for saas_dag to 2025-08-05T04:12:58.096250+00:00, run_after=2025-08-05T20:52:58.096250+00:00
[2025-08-05T04:12:58.271+0000] {processor.py:178} INFO - Processing /opt/airflow/dags/project_dag.py took 0.193 seconds
[2025-08-05T04:13:28.534+0000] {processor.py:156} INFO - Started process (PID=1147) to work on /opt/airflow/dags/project_dag.py
[2025-08-05T04:13:28.537+0000] {processor.py:799} INFO - Processing file /opt/airflow/dags/project_dag.py for tasks to queue
[2025-08-05T04:13:28.539+0000] {logging_mixin.py:149} INFO - [2025-08-05T04:13:28.539+0000] {dagbag.py:541} INFO - Filling up the DagBag from /opt/airflow/dags/project_dag.py
[2025-08-05T04:13:28.567+0000] {processor.py:809} INFO - DAG(s) dict_keys(['saas_dag']) retrieved from /opt/airflow/dags/project_dag.py
[2025-08-05T04:13:28.649+0000] {logging_mixin.py:149} INFO - [2025-08-05T04:13:28.648+0000] {dag.py:2726} INFO - Sync 1 DAGs
[2025-08-05T04:13:28.683+0000] {logging_mixin.py:149} INFO - [2025-08-05T04:13:28.683+0000] {dag.py:3486} INFO - Setting next_dagrun for saas_dag to 2025-08-05T04:13:28.546758+00:00, run_after=2025-08-05T20:53:28.546758+00:00
[2025-08-05T04:13:28.717+0000] {processor.py:178} INFO - Processing /opt/airflow/dags/project_dag.py took 0.189 seconds
[2025-08-05T04:13:59.005+0000] {processor.py:156} INFO - Started process (PID=1148) to work on /opt/airflow/dags/project_dag.py
[2025-08-05T04:13:59.006+0000] {processor.py:799} INFO - Processing file /opt/airflow/dags/project_dag.py for tasks to queue
[2025-08-05T04:13:59.008+0000] {logging_mixin.py:149} INFO - [2025-08-05T04:13:59.007+0000] {dagbag.py:541} INFO - Filling up the DagBag from /opt/airflow/dags/project_dag.py
[2025-08-05T04:13:59.025+0000] {processor.py:809} INFO - DAG(s) dict_keys(['saas_dag']) retrieved from /opt/airflow/dags/project_dag.py
[2025-08-05T04:13:59.078+0000] {logging_mixin.py:149} INFO - [2025-08-05T04:13:59.078+0000] {dag.py:2726} INFO - Sync 1 DAGs
[2025-08-05T04:13:59.100+0000] {logging_mixin.py:149} INFO - [2025-08-05T04:13:59.099+0000] {dag.py:3486} INFO - Setting next_dagrun for saas_dag to 2025-08-05T04:13:59.014874+00:00, run_after=2025-08-05T20:53:59.014874+00:00
[2025-08-05T04:13:59.124+0000] {processor.py:178} INFO - Processing /opt/airflow/dags/project_dag.py took 0.125 seconds
[2025-08-05T04:14:29.526+0000] {processor.py:156} INFO - Started process (PID=1149) to work on /opt/airflow/dags/project_dag.py
[2025-08-05T04:14:29.528+0000] {processor.py:799} INFO - Processing file /opt/airflow/dags/project_dag.py for tasks to queue
[2025-08-05T04:14:29.529+0000] {logging_mixin.py:149} INFO - [2025-08-05T04:14:29.529+0000] {dagbag.py:541} INFO - Filling up the DagBag from /opt/airflow/dags/project_dag.py
[2025-08-05T04:14:29.547+0000] {processor.py:809} INFO - DAG(s) dict_keys(['saas_dag']) retrieved from /opt/airflow/dags/project_dag.py
[2025-08-05T04:14:29.607+0000] {logging_mixin.py:149} INFO - [2025-08-05T04:14:29.607+0000] {dag.py:2726} INFO - Sync 1 DAGs
[2025-08-05T04:14:29.630+0000] {logging_mixin.py:149} INFO - [2025-08-05T04:14:29.629+0000] {dag.py:3486} INFO - Setting next_dagrun for saas_dag to 2025-08-05T04:14:29.535972+00:00, run_after=2025-08-05T20:54:29.535972+00:00
[2025-08-05T04:14:29.659+0000] {processor.py:178} INFO - Processing /opt/airflow/dags/project_dag.py took 0.137 seconds
[2025-08-05T04:14:59.941+0000] {processor.py:156} INFO - Started process (PID=1150) to work on /opt/airflow/dags/project_dag.py
[2025-08-05T04:14:59.943+0000] {processor.py:799} INFO - Processing file /opt/airflow/dags/project_dag.py for tasks to queue
[2025-08-05T04:14:59.944+0000] {logging_mixin.py:149} INFO - [2025-08-05T04:14:59.943+0000] {dagbag.py:541} INFO - Filling up the DagBag from /opt/airflow/dags/project_dag.py
[2025-08-05T04:14:59.963+0000] {processor.py:809} INFO - DAG(s) dict_keys(['saas_dag']) retrieved from /opt/airflow/dags/project_dag.py
[2025-08-05T04:15:00.028+0000] {logging_mixin.py:149} INFO - [2025-08-05T04:15:00.028+0000] {dag.py:2726} INFO - Sync 1 DAGs
[2025-08-05T04:15:00.050+0000] {logging_mixin.py:149} INFO - [2025-08-05T04:15:00.050+0000] {dag.py:3486} INFO - Setting next_dagrun for saas_dag to 2025-08-05T04:14:59.950351+00:00, run_after=2025-08-05T20:54:59.950351+00:00
[2025-08-05T04:15:00.079+0000] {processor.py:178} INFO - Processing /opt/airflow/dags/project_dag.py took 0.142 seconds
[2025-08-05T04:15:30.395+0000] {processor.py:156} INFO - Started process (PID=1151) to work on /opt/airflow/dags/project_dag.py
[2025-08-05T04:15:30.398+0000] {processor.py:799} INFO - Processing file /opt/airflow/dags/project_dag.py for tasks to queue
[2025-08-05T04:15:30.399+0000] {logging_mixin.py:149} INFO - [2025-08-05T04:15:30.399+0000] {dagbag.py:541} INFO - Filling up the DagBag from /opt/airflow/dags/project_dag.py
[2025-08-05T04:15:30.418+0000] {processor.py:809} INFO - DAG(s) dict_keys(['saas_dag']) retrieved from /opt/airflow/dags/project_dag.py
[2025-08-05T04:15:30.509+0000] {logging_mixin.py:149} INFO - [2025-08-05T04:15:30.509+0000] {dag.py:2726} INFO - Sync 1 DAGs
[2025-08-05T04:15:30.551+0000] {logging_mixin.py:149} INFO - [2025-08-05T04:15:30.551+0000] {dag.py:3486} INFO - Setting next_dagrun for saas_dag to 2025-08-05T04:15:30.406890+00:00, run_after=2025-08-05T20:55:30.406890+00:00
[2025-08-05T04:15:30.604+0000] {processor.py:178} INFO - Processing /opt/airflow/dags/project_dag.py took 0.215 seconds
[2025-08-05T04:16:00.992+0000] {processor.py:156} INFO - Started process (PID=1152) to work on /opt/airflow/dags/project_dag.py
[2025-08-05T04:16:00.994+0000] {processor.py:799} INFO - Processing file /opt/airflow/dags/project_dag.py for tasks to queue
[2025-08-05T04:16:00.995+0000] {logging_mixin.py:149} INFO - [2025-08-05T04:16:00.995+0000] {dagbag.py:541} INFO - Filling up the DagBag from /opt/airflow/dags/project_dag.py
[2025-08-05T04:16:01.014+0000] {processor.py:809} INFO - DAG(s) dict_keys(['saas_dag']) retrieved from /opt/airflow/dags/project_dag.py
[2025-08-05T04:16:01.083+0000] {logging_mixin.py:149} INFO - [2025-08-05T04:16:01.082+0000] {dag.py:2726} INFO - Sync 1 DAGs
[2025-08-05T04:16:01.105+0000] {logging_mixin.py:149} INFO - [2025-08-05T04:16:01.105+0000] {dag.py:3486} INFO - Setting next_dagrun for saas_dag to 2025-08-05T04:16:01.002484+00:00, run_after=2025-08-05T20:56:01.002484+00:00
[2025-08-05T04:16:01.138+0000] {processor.py:178} INFO - Processing /opt/airflow/dags/project_dag.py took 0.151 seconds
[2025-08-05T04:16:37.188+0000] {processor.py:156} INFO - Started process (PID=1163) to work on /opt/airflow/dags/project_dag.py
[2025-08-05T04:16:37.189+0000] {processor.py:799} INFO - Processing file /opt/airflow/dags/project_dag.py for tasks to queue
[2025-08-05T04:16:37.192+0000] {logging_mixin.py:149} INFO - [2025-08-05T04:16:37.191+0000] {dagbag.py:541} INFO - Filling up the DagBag from /opt/airflow/dags/project_dag.py
[2025-08-05T04:16:37.211+0000] {processor.py:809} INFO - DAG(s) dict_keys(['saas_dag']) retrieved from /opt/airflow/dags/project_dag.py
[2025-08-05T04:16:37.290+0000] {logging_mixin.py:149} INFO - [2025-08-05T04:16:37.289+0000] {dag.py:2726} INFO - Sync 1 DAGs
[2025-08-05T04:16:37.317+0000] {logging_mixin.py:149} INFO - [2025-08-05T04:16:37.317+0000] {dag.py:3486} INFO - Setting next_dagrun for saas_dag to 2025-08-05T04:16:37.199020+00:00, run_after=2025-08-05T20:56:37.199020+00:00
[2025-08-05T04:16:37.355+0000] {processor.py:178} INFO - Processing /opt/airflow/dags/project_dag.py took 0.170 seconds
[2025-08-05T04:17:07.736+0000] {processor.py:156} INFO - Started process (PID=1246) to work on /opt/airflow/dags/project_dag.py
[2025-08-05T04:17:07.738+0000] {processor.py:799} INFO - Processing file /opt/airflow/dags/project_dag.py for tasks to queue
[2025-08-05T04:17:07.740+0000] {logging_mixin.py:149} INFO - [2025-08-05T04:17:07.739+0000] {dagbag.py:541} INFO - Filling up the DagBag from /opt/airflow/dags/project_dag.py
[2025-08-05T04:17:07.757+0000] {processor.py:809} INFO - DAG(s) dict_keys(['saas_dag']) retrieved from /opt/airflow/dags/project_dag.py
[2025-08-05T04:17:07.837+0000] {logging_mixin.py:149} INFO - [2025-08-05T04:17:07.837+0000] {dag.py:2726} INFO - Sync 1 DAGs
[2025-08-05T04:17:07.854+0000] {logging_mixin.py:149} INFO - [2025-08-05T04:17:07.853+0000] {dag.py:3486} INFO - Setting next_dagrun for saas_dag to 2025-08-05T04:17:07.747094+00:00, run_after=2025-08-05T20:57:07.747094+00:00
[2025-08-05T04:17:07.884+0000] {processor.py:178} INFO - Processing /opt/airflow/dags/project_dag.py took 0.153 seconds
[2025-08-05T04:17:38.391+0000] {processor.py:156} INFO - Started process (PID=1247) to work on /opt/airflow/dags/project_dag.py
[2025-08-05T04:17:38.392+0000] {processor.py:799} INFO - Processing file /opt/airflow/dags/project_dag.py for tasks to queue
[2025-08-05T04:17:38.394+0000] {logging_mixin.py:149} INFO - [2025-08-05T04:17:38.393+0000] {dagbag.py:541} INFO - Filling up the DagBag from /opt/airflow/dags/project_dag.py
[2025-08-05T04:17:38.410+0000] {processor.py:809} INFO - DAG(s) dict_keys(['saas_dag']) retrieved from /opt/airflow/dags/project_dag.py
[2025-08-05T04:17:38.466+0000] {logging_mixin.py:149} INFO - [2025-08-05T04:17:38.466+0000] {dag.py:2726} INFO - Sync 1 DAGs
[2025-08-05T04:17:38.488+0000] {logging_mixin.py:149} INFO - [2025-08-05T04:17:38.488+0000] {dag.py:3486} INFO - Setting next_dagrun for saas_dag to 2025-08-05T04:17:38.400504+00:00, run_after=2025-08-05T20:57:38.400504+00:00
[2025-08-05T04:17:38.519+0000] {processor.py:178} INFO - Processing /opt/airflow/dags/project_dag.py took 0.133 seconds
[2025-08-05T04:18:08.874+0000] {processor.py:156} INFO - Started process (PID=1248) to work on /opt/airflow/dags/project_dag.py
[2025-08-05T04:18:08.876+0000] {processor.py:799} INFO - Processing file /opt/airflow/dags/project_dag.py for tasks to queue
[2025-08-05T04:18:08.877+0000] {logging_mixin.py:149} INFO - [2025-08-05T04:18:08.877+0000] {dagbag.py:541} INFO - Filling up the DagBag from /opt/airflow/dags/project_dag.py
[2025-08-05T04:18:08.898+0000] {processor.py:809} INFO - DAG(s) dict_keys(['saas_dag']) retrieved from /opt/airflow/dags/project_dag.py
[2025-08-05T04:18:08.978+0000] {logging_mixin.py:149} INFO - [2025-08-05T04:18:08.978+0000] {dag.py:2726} INFO - Sync 1 DAGs
[2025-08-05T04:18:09.003+0000] {logging_mixin.py:149} INFO - [2025-08-05T04:18:09.003+0000] {dag.py:3486} INFO - Setting next_dagrun for saas_dag to 2025-08-05T04:18:08.885367+00:00, run_after=2025-08-05T20:58:08.885367+00:00
[2025-08-05T04:18:09.037+0000] {processor.py:178} INFO - Processing /opt/airflow/dags/project_dag.py took 0.169 seconds
[2025-08-05T04:18:39.375+0000] {processor.py:156} INFO - Started process (PID=1249) to work on /opt/airflow/dags/project_dag.py
[2025-08-05T04:18:39.376+0000] {processor.py:799} INFO - Processing file /opt/airflow/dags/project_dag.py for tasks to queue
[2025-08-05T04:18:39.377+0000] {logging_mixin.py:149} INFO - [2025-08-05T04:18:39.377+0000] {dagbag.py:541} INFO - Filling up the DagBag from /opt/airflow/dags/project_dag.py
[2025-08-05T04:18:39.394+0000] {processor.py:809} INFO - DAG(s) dict_keys(['saas_dag']) retrieved from /opt/airflow/dags/project_dag.py
[2025-08-05T04:18:39.468+0000] {logging_mixin.py:149} INFO - [2025-08-05T04:18:39.468+0000] {dag.py:2726} INFO - Sync 1 DAGs
[2025-08-05T04:18:39.489+0000] {logging_mixin.py:149} INFO - [2025-08-05T04:18:39.488+0000] {dag.py:3486} INFO - Setting next_dagrun for saas_dag to 2025-08-05T04:18:39.384079+00:00, run_after=2025-08-05T20:58:39.384079+00:00
[2025-08-05T04:18:39.516+0000] {processor.py:178} INFO - Processing /opt/airflow/dags/project_dag.py took 0.145 seconds
[2025-08-05T04:19:10.087+0000] {processor.py:156} INFO - Started process (PID=1250) to work on /opt/airflow/dags/project_dag.py
[2025-08-05T04:19:10.090+0000] {processor.py:799} INFO - Processing file /opt/airflow/dags/project_dag.py for tasks to queue
[2025-08-05T04:19:10.092+0000] {logging_mixin.py:149} INFO - [2025-08-05T04:19:10.092+0000] {dagbag.py:541} INFO - Filling up the DagBag from /opt/airflow/dags/project_dag.py
[2025-08-05T04:19:10.299+0000] {processor.py:809} INFO - DAG(s) dict_keys(['saas_dag']) retrieved from /opt/airflow/dags/project_dag.py
[2025-08-05T04:19:10.375+0000] {logging_mixin.py:149} INFO - [2025-08-05T04:19:10.375+0000] {dag.py:2726} INFO - Sync 1 DAGs
[2025-08-05T04:19:10.396+0000] {logging_mixin.py:149} INFO - [2025-08-05T04:19:10.396+0000] {dag.py:3486} INFO - Setting next_dagrun for saas_dag to 2025-08-05T04:19:10.221763+00:00, run_after=2025-08-05T20:59:10.221763+00:00
[2025-08-05T04:19:10.424+0000] {processor.py:178} INFO - Processing /opt/airflow/dags/project_dag.py took 0.342 seconds
[2025-08-05T04:19:40.884+0000] {processor.py:156} INFO - Started process (PID=1251) to work on /opt/airflow/dags/project_dag.py
[2025-08-05T04:19:40.885+0000] {processor.py:799} INFO - Processing file /opt/airflow/dags/project_dag.py for tasks to queue
[2025-08-05T04:19:40.886+0000] {logging_mixin.py:149} INFO - [2025-08-05T04:19:40.886+0000] {dagbag.py:541} INFO - Filling up the DagBag from /opt/airflow/dags/project_dag.py
[2025-08-05T04:19:40.907+0000] {processor.py:809} INFO - DAG(s) dict_keys(['saas_dag']) retrieved from /opt/airflow/dags/project_dag.py
[2025-08-05T04:19:40.986+0000] {logging_mixin.py:149} INFO - [2025-08-05T04:19:40.986+0000] {dag.py:2726} INFO - Sync 1 DAGs
[2025-08-05T04:19:41.010+0000] {logging_mixin.py:149} INFO - [2025-08-05T04:19:41.010+0000] {dag.py:3486} INFO - Setting next_dagrun for saas_dag to 2025-08-05T04:19:40.894748+00:00, run_after=2025-08-05T20:59:40.894748+00:00
[2025-08-05T04:19:41.042+0000] {processor.py:178} INFO - Processing /opt/airflow/dags/project_dag.py took 0.164 seconds
[2025-08-05T04:20:11.200+0000] {processor.py:156} INFO - Started process (PID=1252) to work on /opt/airflow/dags/project_dag.py
[2025-08-05T04:20:11.202+0000] {processor.py:799} INFO - Processing file /opt/airflow/dags/project_dag.py for tasks to queue
[2025-08-05T04:20:11.204+0000] {logging_mixin.py:149} INFO - [2025-08-05T04:20:11.203+0000] {dagbag.py:541} INFO - Filling up the DagBag from /opt/airflow/dags/project_dag.py
[2025-08-05T04:20:11.230+0000] {processor.py:809} INFO - DAG(s) dict_keys(['saas_dag']) retrieved from /opt/airflow/dags/project_dag.py
[2025-08-05T04:20:11.300+0000] {logging_mixin.py:149} INFO - [2025-08-05T04:20:11.300+0000] {dag.py:2726} INFO - Sync 1 DAGs
[2025-08-05T04:20:11.326+0000] {logging_mixin.py:149} INFO - [2025-08-05T04:20:11.326+0000] {dag.py:3486} INFO - Setting next_dagrun for saas_dag to 2025-08-05T04:20:11.214989+00:00, run_after=2025-08-05T21:00:11.214989+00:00
[2025-08-05T04:20:11.352+0000] {processor.py:178} INFO - Processing /opt/airflow/dags/project_dag.py took 0.165 seconds
[2025-08-05T04:20:41.749+0000] {processor.py:156} INFO - Started process (PID=1253) to work on /opt/airflow/dags/project_dag.py
[2025-08-05T04:20:41.751+0000] {processor.py:799} INFO - Processing file /opt/airflow/dags/project_dag.py for tasks to queue
[2025-08-05T04:20:41.752+0000] {logging_mixin.py:149} INFO - [2025-08-05T04:20:41.752+0000] {dagbag.py:541} INFO - Filling up the DagBag from /opt/airflow/dags/project_dag.py
[2025-08-05T04:20:41.778+0000] {processor.py:809} INFO - DAG(s) dict_keys(['saas_dag']) retrieved from /opt/airflow/dags/project_dag.py
[2025-08-05T04:20:41.857+0000] {logging_mixin.py:149} INFO - [2025-08-05T04:20:41.856+0000] {dag.py:2726} INFO - Sync 1 DAGs
[2025-08-05T04:20:41.880+0000] {logging_mixin.py:149} INFO - [2025-08-05T04:20:41.880+0000] {dag.py:3486} INFO - Setting next_dagrun for saas_dag to 2025-08-05T04:20:41.759739+00:00, run_after=2025-08-05T21:00:41.759739+00:00
[2025-08-05T04:20:41.906+0000] {processor.py:178} INFO - Processing /opt/airflow/dags/project_dag.py took 0.161 seconds
[2025-08-05T04:21:12.262+0000] {processor.py:156} INFO - Started process (PID=1254) to work on /opt/airflow/dags/project_dag.py
[2025-08-05T04:21:12.264+0000] {processor.py:799} INFO - Processing file /opt/airflow/dags/project_dag.py for tasks to queue
[2025-08-05T04:21:12.265+0000] {logging_mixin.py:149} INFO - [2025-08-05T04:21:12.265+0000] {dagbag.py:541} INFO - Filling up the DagBag from /opt/airflow/dags/project_dag.py
[2025-08-05T04:21:12.284+0000] {processor.py:809} INFO - DAG(s) dict_keys(['saas_dag']) retrieved from /opt/airflow/dags/project_dag.py
[2025-08-05T04:21:12.355+0000] {logging_mixin.py:149} INFO - [2025-08-05T04:21:12.355+0000] {dag.py:2726} INFO - Sync 1 DAGs
[2025-08-05T04:21:12.377+0000] {logging_mixin.py:149} INFO - [2025-08-05T04:21:12.377+0000] {dag.py:3486} INFO - Setting next_dagrun for saas_dag to 2025-08-05T04:21:12.272118+00:00, run_after=2025-08-05T21:01:12.272118+00:00
[2025-08-05T04:21:12.407+0000] {processor.py:178} INFO - Processing /opt/airflow/dags/project_dag.py took 0.149 seconds
[2025-08-05T04:21:42.878+0000] {processor.py:156} INFO - Started process (PID=1255) to work on /opt/airflow/dags/project_dag.py
[2025-08-05T04:21:42.880+0000] {processor.py:799} INFO - Processing file /opt/airflow/dags/project_dag.py for tasks to queue
[2025-08-05T04:21:42.882+0000] {logging_mixin.py:149} INFO - [2025-08-05T04:21:42.881+0000] {dagbag.py:541} INFO - Filling up the DagBag from /opt/airflow/dags/project_dag.py
[2025-08-05T04:21:42.898+0000] {processor.py:809} INFO - DAG(s) dict_keys(['saas_dag']) retrieved from /opt/airflow/dags/project_dag.py
[2025-08-05T04:21:42.955+0000] {logging_mixin.py:149} INFO - [2025-08-05T04:21:42.955+0000] {dag.py:2726} INFO - Sync 1 DAGs
[2025-08-05T04:21:42.976+0000] {logging_mixin.py:149} INFO - [2025-08-05T04:21:42.976+0000] {dag.py:3486} INFO - Setting next_dagrun for saas_dag to 2025-08-05T04:21:42.888371+00:00, run_after=2025-08-05T21:01:42.888371+00:00
[2025-08-05T04:21:43.009+0000] {processor.py:178} INFO - Processing /opt/airflow/dags/project_dag.py took 0.136 seconds
[2025-08-05T04:22:13.422+0000] {processor.py:156} INFO - Started process (PID=1256) to work on /opt/airflow/dags/project_dag.py
[2025-08-05T04:22:13.424+0000] {processor.py:799} INFO - Processing file /opt/airflow/dags/project_dag.py for tasks to queue
[2025-08-05T04:22:13.425+0000] {logging_mixin.py:149} INFO - [2025-08-05T04:22:13.425+0000] {dagbag.py:541} INFO - Filling up the DagBag from /opt/airflow/dags/project_dag.py
[2025-08-05T04:22:13.449+0000] {processor.py:809} INFO - DAG(s) dict_keys(['saas_dag']) retrieved from /opt/airflow/dags/project_dag.py
[2025-08-05T04:22:13.529+0000] {logging_mixin.py:149} INFO - [2025-08-05T04:22:13.529+0000] {dag.py:2726} INFO - Sync 1 DAGs
[2025-08-05T04:22:13.553+0000] {logging_mixin.py:149} INFO - [2025-08-05T04:22:13.553+0000] {dag.py:3486} INFO - Setting next_dagrun for saas_dag to 2025-08-05T04:22:13.433942+00:00, run_after=2025-08-05T21:02:13.433942+00:00
[2025-08-05T04:22:13.584+0000] {processor.py:178} INFO - Processing /opt/airflow/dags/project_dag.py took 0.165 seconds
[2025-08-05T04:22:43.983+0000] {processor.py:156} INFO - Started process (PID=1257) to work on /opt/airflow/dags/project_dag.py
[2025-08-05T04:22:43.985+0000] {processor.py:799} INFO - Processing file /opt/airflow/dags/project_dag.py for tasks to queue
[2025-08-05T04:22:43.987+0000] {logging_mixin.py:149} INFO - [2025-08-05T04:22:43.987+0000] {dagbag.py:541} INFO - Filling up the DagBag from /opt/airflow/dags/project_dag.py
[2025-08-05T04:22:44.009+0000] {processor.py:809} INFO - DAG(s) dict_keys(['saas_dag']) retrieved from /opt/airflow/dags/project_dag.py
[2025-08-05T04:22:44.086+0000] {logging_mixin.py:149} INFO - [2025-08-05T04:22:44.085+0000] {dag.py:2726} INFO - Sync 1 DAGs
[2025-08-05T04:22:44.114+0000] {logging_mixin.py:149} INFO - [2025-08-05T04:22:44.114+0000] {dag.py:3486} INFO - Setting next_dagrun for saas_dag to 2025-08-05T04:22:43.994101+00:00, run_after=2025-08-05T21:02:43.994101+00:00
[2025-08-05T04:22:44.143+0000] {processor.py:178} INFO - Processing /opt/airflow/dags/project_dag.py took 0.163 seconds
[2025-08-05T04:23:14.217+0000] {processor.py:156} INFO - Started process (PID=1258) to work on /opt/airflow/dags/project_dag.py
[2025-08-05T04:23:14.220+0000] {processor.py:799} INFO - Processing file /opt/airflow/dags/project_dag.py for tasks to queue
[2025-08-05T04:23:14.222+0000] {logging_mixin.py:149} INFO - [2025-08-05T04:23:14.222+0000] {dagbag.py:541} INFO - Filling up the DagBag from /opt/airflow/dags/project_dag.py
[2025-08-05T04:23:14.239+0000] {processor.py:809} INFO - DAG(s) dict_keys(['saas_dag']) retrieved from /opt/airflow/dags/project_dag.py
[2025-08-05T04:23:14.302+0000] {logging_mixin.py:149} INFO - [2025-08-05T04:23:14.302+0000] {dag.py:2726} INFO - Sync 1 DAGs
[2025-08-05T04:23:14.323+0000] {logging_mixin.py:149} INFO - [2025-08-05T04:23:14.322+0000] {dag.py:3486} INFO - Setting next_dagrun for saas_dag to 2025-08-05T04:23:14.229143+00:00, run_after=2025-08-05T21:03:14.229143+00:00
[2025-08-05T04:23:14.346+0000] {processor.py:178} INFO - Processing /opt/airflow/dags/project_dag.py took 0.133 seconds
[2025-08-05T04:23:44.751+0000] {processor.py:156} INFO - Started process (PID=1259) to work on /opt/airflow/dags/project_dag.py
[2025-08-05T04:23:44.752+0000] {processor.py:799} INFO - Processing file /opt/airflow/dags/project_dag.py for tasks to queue
[2025-08-05T04:23:44.753+0000] {logging_mixin.py:149} INFO - [2025-08-05T04:23:44.753+0000] {dagbag.py:541} INFO - Filling up the DagBag from /opt/airflow/dags/project_dag.py
[2025-08-05T04:23:44.776+0000] {processor.py:809} INFO - DAG(s) dict_keys(['saas_dag']) retrieved from /opt/airflow/dags/project_dag.py
[2025-08-05T04:23:44.889+0000] {logging_mixin.py:149} INFO - [2025-08-05T04:23:44.889+0000] {dag.py:2726} INFO - Sync 1 DAGs
[2025-08-05T04:23:44.912+0000] {logging_mixin.py:149} INFO - [2025-08-05T04:23:44.912+0000] {dag.py:3486} INFO - Setting next_dagrun for saas_dag to 2025-08-05T04:23:44.760998+00:00, run_after=2025-08-05T21:03:44.760998+00:00
[2025-08-05T04:23:44.949+0000] {processor.py:178} INFO - Processing /opt/airflow/dags/project_dag.py took 0.203 seconds
[2025-08-05T04:24:15.368+0000] {processor.py:156} INFO - Started process (PID=1260) to work on /opt/airflow/dags/project_dag.py
[2025-08-05T04:24:15.370+0000] {processor.py:799} INFO - Processing file /opt/airflow/dags/project_dag.py for tasks to queue
[2025-08-05T04:24:15.371+0000] {logging_mixin.py:149} INFO - [2025-08-05T04:24:15.371+0000] {dagbag.py:541} INFO - Filling up the DagBag from /opt/airflow/dags/project_dag.py
[2025-08-05T04:24:15.392+0000] {processor.py:809} INFO - DAG(s) dict_keys(['saas_dag']) retrieved from /opt/airflow/dags/project_dag.py
[2025-08-05T04:24:15.448+0000] {logging_mixin.py:149} INFO - [2025-08-05T04:24:15.448+0000] {dag.py:2726} INFO - Sync 1 DAGs
[2025-08-05T04:24:15.466+0000] {logging_mixin.py:149} INFO - [2025-08-05T04:24:15.466+0000] {dag.py:3486} INFO - Setting next_dagrun for saas_dag to 2025-08-05T04:24:15.378256+00:00, run_after=2025-08-05T21:04:15.378256+00:00
[2025-08-05T04:24:15.493+0000] {processor.py:178} INFO - Processing /opt/airflow/dags/project_dag.py took 0.130 seconds
[2025-08-05T04:24:45.914+0000] {processor.py:156} INFO - Started process (PID=1261) to work on /opt/airflow/dags/project_dag.py
[2025-08-05T04:24:45.918+0000] {processor.py:799} INFO - Processing file /opt/airflow/dags/project_dag.py for tasks to queue
[2025-08-05T04:24:45.919+0000] {logging_mixin.py:149} INFO - [2025-08-05T04:24:45.919+0000] {dagbag.py:541} INFO - Filling up the DagBag from /opt/airflow/dags/project_dag.py
[2025-08-05T04:24:45.937+0000] {processor.py:809} INFO - DAG(s) dict_keys(['saas_dag']) retrieved from /opt/airflow/dags/project_dag.py
[2025-08-05T04:24:45.992+0000] {logging_mixin.py:149} INFO - [2025-08-05T04:24:45.992+0000] {dag.py:2726} INFO - Sync 1 DAGs
[2025-08-05T04:24:46.010+0000] {logging_mixin.py:149} INFO - [2025-08-05T04:24:46.009+0000] {dag.py:3486} INFO - Setting next_dagrun for saas_dag to 2025-08-05T04:24:45.926808+00:00, run_after=2025-08-05T21:04:45.926808+00:00
[2025-08-05T04:24:46.033+0000] {processor.py:178} INFO - Processing /opt/airflow/dags/project_dag.py took 0.123 seconds
[2025-08-05T04:25:16.333+0000] {processor.py:156} INFO - Started process (PID=1262) to work on /opt/airflow/dags/project_dag.py
[2025-08-05T04:25:16.335+0000] {processor.py:799} INFO - Processing file /opt/airflow/dags/project_dag.py for tasks to queue
[2025-08-05T04:25:16.336+0000] {logging_mixin.py:149} INFO - [2025-08-05T04:25:16.336+0000] {dagbag.py:541} INFO - Filling up the DagBag from /opt/airflow/dags/project_dag.py
[2025-08-05T04:25:16.353+0000] {processor.py:809} INFO - DAG(s) dict_keys(['saas_dag']) retrieved from /opt/airflow/dags/project_dag.py
[2025-08-05T04:25:16.407+0000] {logging_mixin.py:149} INFO - [2025-08-05T04:25:16.407+0000] {dag.py:2726} INFO - Sync 1 DAGs
[2025-08-05T04:25:16.425+0000] {logging_mixin.py:149} INFO - [2025-08-05T04:25:16.425+0000] {dag.py:3486} INFO - Setting next_dagrun for saas_dag to 2025-08-05T04:25:16.343118+00:00, run_after=2025-08-05T21:05:16.343118+00:00
[2025-08-05T04:25:16.450+0000] {processor.py:178} INFO - Processing /opt/airflow/dags/project_dag.py took 0.122 seconds
[2025-08-05T04:25:46.760+0000] {processor.py:156} INFO - Started process (PID=1263) to work on /opt/airflow/dags/project_dag.py
[2025-08-05T04:25:46.762+0000] {processor.py:799} INFO - Processing file /opt/airflow/dags/project_dag.py for tasks to queue
[2025-08-05T04:25:46.763+0000] {logging_mixin.py:149} INFO - [2025-08-05T04:25:46.763+0000] {dagbag.py:541} INFO - Filling up the DagBag from /opt/airflow/dags/project_dag.py
[2025-08-05T04:25:46.780+0000] {processor.py:809} INFO - DAG(s) dict_keys(['saas_dag']) retrieved from /opt/airflow/dags/project_dag.py
[2025-08-05T04:25:46.831+0000] {logging_mixin.py:149} INFO - [2025-08-05T04:25:46.831+0000] {dag.py:2726} INFO - Sync 1 DAGs
[2025-08-05T04:25:46.858+0000] {logging_mixin.py:149} INFO - [2025-08-05T04:25:46.857+0000] {dag.py:3486} INFO - Setting next_dagrun for saas_dag to 2025-08-05T04:25:46.770224+00:00, run_after=2025-08-05T21:05:46.770224+00:00
[2025-08-05T04:25:46.881+0000] {processor.py:178} INFO - Processing /opt/airflow/dags/project_dag.py took 0.127 seconds
[2025-08-05T04:26:17.181+0000] {processor.py:156} INFO - Started process (PID=1264) to work on /opt/airflow/dags/project_dag.py
[2025-08-05T04:26:17.183+0000] {processor.py:799} INFO - Processing file /opt/airflow/dags/project_dag.py for tasks to queue
[2025-08-05T04:26:17.185+0000] {logging_mixin.py:149} INFO - [2025-08-05T04:26:17.185+0000] {dagbag.py:541} INFO - Filling up the DagBag from /opt/airflow/dags/project_dag.py
[2025-08-05T04:26:17.203+0000] {processor.py:809} INFO - DAG(s) dict_keys(['saas_dag']) retrieved from /opt/airflow/dags/project_dag.py
[2025-08-05T04:26:17.261+0000] {logging_mixin.py:149} INFO - [2025-08-05T04:26:17.261+0000] {dag.py:2726} INFO - Sync 1 DAGs
[2025-08-05T04:26:17.286+0000] {logging_mixin.py:149} INFO - [2025-08-05T04:26:17.286+0000] {dag.py:3486} INFO - Setting next_dagrun for saas_dag to 2025-08-05T04:26:17.192341+00:00, run_after=2025-08-05T21:06:17.192341+00:00
[2025-08-05T04:26:17.317+0000] {processor.py:178} INFO - Processing /opt/airflow/dags/project_dag.py took 0.142 seconds
[2025-08-05T04:26:47.606+0000] {processor.py:156} INFO - Started process (PID=1265) to work on /opt/airflow/dags/project_dag.py
[2025-08-05T04:26:47.608+0000] {processor.py:799} INFO - Processing file /opt/airflow/dags/project_dag.py for tasks to queue
[2025-08-05T04:26:47.609+0000] {logging_mixin.py:149} INFO - [2025-08-05T04:26:47.609+0000] {dagbag.py:541} INFO - Filling up the DagBag from /opt/airflow/dags/project_dag.py
[2025-08-05T04:26:47.627+0000] {processor.py:809} INFO - DAG(s) dict_keys(['saas_dag']) retrieved from /opt/airflow/dags/project_dag.py
[2025-08-05T04:26:47.680+0000] {logging_mixin.py:149} INFO - [2025-08-05T04:26:47.680+0000] {dag.py:2726} INFO - Sync 1 DAGs
[2025-08-05T04:26:47.697+0000] {logging_mixin.py:149} INFO - [2025-08-05T04:26:47.697+0000] {dag.py:3486} INFO - Setting next_dagrun for saas_dag to 2025-08-05T04:26:47.617095+00:00, run_after=2025-08-05T21:06:47.617095+00:00
[2025-08-05T04:26:47.720+0000] {processor.py:178} INFO - Processing /opt/airflow/dags/project_dag.py took 0.120 seconds
[2025-08-05T04:27:18.034+0000] {processor.py:156} INFO - Started process (PID=1266) to work on /opt/airflow/dags/project_dag.py
[2025-08-05T04:27:18.035+0000] {processor.py:799} INFO - Processing file /opt/airflow/dags/project_dag.py for tasks to queue
[2025-08-05T04:27:18.036+0000] {logging_mixin.py:149} INFO - [2025-08-05T04:27:18.036+0000] {dagbag.py:541} INFO - Filling up the DagBag from /opt/airflow/dags/project_dag.py
[2025-08-05T04:27:18.053+0000] {processor.py:809} INFO - DAG(s) dict_keys(['saas_dag']) retrieved from /opt/airflow/dags/project_dag.py
[2025-08-05T04:27:18.113+0000] {logging_mixin.py:149} INFO - [2025-08-05T04:27:18.113+0000] {dag.py:2726} INFO - Sync 1 DAGs
[2025-08-05T04:27:18.133+0000] {logging_mixin.py:149} INFO - [2025-08-05T04:27:18.133+0000] {dag.py:3486} INFO - Setting next_dagrun for saas_dag to 2025-08-05T04:27:18.043175+00:00, run_after=2025-08-05T21:07:18.043175+00:00
[2025-08-05T04:27:18.160+0000] {processor.py:178} INFO - Processing /opt/airflow/dags/project_dag.py took 0.131 seconds
[2025-08-05T04:27:48.436+0000] {processor.py:156} INFO - Started process (PID=1267) to work on /opt/airflow/dags/project_dag.py
[2025-08-05T04:27:48.439+0000] {processor.py:799} INFO - Processing file /opt/airflow/dags/project_dag.py for tasks to queue
[2025-08-05T04:27:48.440+0000] {logging_mixin.py:149} INFO - [2025-08-05T04:27:48.440+0000] {dagbag.py:541} INFO - Filling up the DagBag from /opt/airflow/dags/project_dag.py
[2025-08-05T04:27:48.457+0000] {processor.py:809} INFO - DAG(s) dict_keys(['saas_dag']) retrieved from /opt/airflow/dags/project_dag.py
[2025-08-05T04:27:48.518+0000] {logging_mixin.py:149} INFO - [2025-08-05T04:27:48.518+0000] {dag.py:2726} INFO - Sync 1 DAGs
[2025-08-05T04:27:48.541+0000] {logging_mixin.py:149} INFO - [2025-08-05T04:27:48.541+0000] {dag.py:3486} INFO - Setting next_dagrun for saas_dag to 2025-08-05T04:27:48.446955+00:00, run_after=2025-08-05T21:07:48.446955+00:00
[2025-08-05T04:27:48.567+0000] {processor.py:178} INFO - Processing /opt/airflow/dags/project_dag.py took 0.136 seconds
[2025-08-05T04:28:18.823+0000] {processor.py:156} INFO - Started process (PID=1268) to work on /opt/airflow/dags/project_dag.py
[2025-08-05T04:28:18.825+0000] {processor.py:799} INFO - Processing file /opt/airflow/dags/project_dag.py for tasks to queue
[2025-08-05T04:28:18.826+0000] {logging_mixin.py:149} INFO - [2025-08-05T04:28:18.826+0000] {dagbag.py:541} INFO - Filling up the DagBag from /opt/airflow/dags/project_dag.py
[2025-08-05T04:28:18.844+0000] {processor.py:809} INFO - DAG(s) dict_keys(['saas_dag']) retrieved from /opt/airflow/dags/project_dag.py
[2025-08-05T04:28:18.902+0000] {logging_mixin.py:149} INFO - [2025-08-05T04:28:18.901+0000] {dag.py:2726} INFO - Sync 1 DAGs
[2025-08-05T04:28:18.920+0000] {logging_mixin.py:149} INFO - [2025-08-05T04:28:18.920+0000] {dag.py:3486} INFO - Setting next_dagrun for saas_dag to 2025-08-05T04:28:18.833159+00:00, run_after=2025-08-05T21:08:18.833159+00:00
[2025-08-05T04:28:18.945+0000] {processor.py:178} INFO - Processing /opt/airflow/dags/project_dag.py took 0.127 seconds
[2025-08-05T04:28:49.244+0000] {processor.py:156} INFO - Started process (PID=1269) to work on /opt/airflow/dags/project_dag.py
[2025-08-05T04:28:49.245+0000] {processor.py:799} INFO - Processing file /opt/airflow/dags/project_dag.py for tasks to queue
[2025-08-05T04:28:49.246+0000] {logging_mixin.py:149} INFO - [2025-08-05T04:28:49.246+0000] {dagbag.py:541} INFO - Filling up the DagBag from /opt/airflow/dags/project_dag.py
[2025-08-05T04:28:49.264+0000] {processor.py:809} INFO - DAG(s) dict_keys(['saas_dag']) retrieved from /opt/airflow/dags/project_dag.py
[2025-08-05T04:28:49.326+0000] {logging_mixin.py:149} INFO - [2025-08-05T04:28:49.326+0000] {dag.py:2726} INFO - Sync 1 DAGs
[2025-08-05T04:28:49.344+0000] {logging_mixin.py:149} INFO - [2025-08-05T04:28:49.344+0000] {dag.py:3486} INFO - Setting next_dagrun for saas_dag to 2025-08-05T04:28:49.254011+00:00, run_after=2025-08-05T21:08:49.254011+00:00
[2025-08-05T04:28:49.370+0000] {processor.py:178} INFO - Processing /opt/airflow/dags/project_dag.py took 0.133 seconds
[2025-08-05T04:29:19.723+0000] {processor.py:156} INFO - Started process (PID=1270) to work on /opt/airflow/dags/project_dag.py
[2025-08-05T04:29:19.725+0000] {processor.py:799} INFO - Processing file /opt/airflow/dags/project_dag.py for tasks to queue
[2025-08-05T04:29:19.726+0000] {logging_mixin.py:149} INFO - [2025-08-05T04:29:19.726+0000] {dagbag.py:541} INFO - Filling up the DagBag from /opt/airflow/dags/project_dag.py
[2025-08-05T04:29:19.745+0000] {processor.py:809} INFO - DAG(s) dict_keys(['saas_dag']) retrieved from /opt/airflow/dags/project_dag.py
[2025-08-05T04:29:19.801+0000] {logging_mixin.py:149} INFO - [2025-08-05T04:29:19.801+0000] {dag.py:2726} INFO - Sync 1 DAGs
[2025-08-05T04:29:19.820+0000] {logging_mixin.py:149} INFO - [2025-08-05T04:29:19.820+0000] {dag.py:3486} INFO - Setting next_dagrun for saas_dag to 2025-08-05T04:29:19.733241+00:00, run_after=2025-08-05T21:09:19.733241+00:00
[2025-08-05T04:29:19.857+0000] {processor.py:178} INFO - Processing /opt/airflow/dags/project_dag.py took 0.138 seconds
[2025-08-05T04:29:50.174+0000] {processor.py:156} INFO - Started process (PID=1271) to work on /opt/airflow/dags/project_dag.py
[2025-08-05T04:29:50.175+0000] {processor.py:799} INFO - Processing file /opt/airflow/dags/project_dag.py for tasks to queue
[2025-08-05T04:29:50.177+0000] {logging_mixin.py:149} INFO - [2025-08-05T04:29:50.177+0000] {dagbag.py:541} INFO - Filling up the DagBag from /opt/airflow/dags/project_dag.py
[2025-08-05T04:29:50.194+0000] {processor.py:809} INFO - DAG(s) dict_keys(['saas_dag']) retrieved from /opt/airflow/dags/project_dag.py
[2025-08-05T04:29:50.247+0000] {logging_mixin.py:149} INFO - [2025-08-05T04:29:50.247+0000] {dag.py:2726} INFO - Sync 1 DAGs
[2025-08-05T04:29:50.267+0000] {logging_mixin.py:149} INFO - [2025-08-05T04:29:50.267+0000] {dag.py:3486} INFO - Setting next_dagrun for saas_dag to 2025-08-05T04:29:50.184440+00:00, run_after=2025-08-05T21:09:50.184440+00:00
[2025-08-05T04:29:50.293+0000] {processor.py:178} INFO - Processing /opt/airflow/dags/project_dag.py took 0.124 seconds
[2025-08-05T04:30:20.484+0000] {processor.py:156} INFO - Started process (PID=1272) to work on /opt/airflow/dags/project_dag.py
[2025-08-05T04:30:20.486+0000] {processor.py:799} INFO - Processing file /opt/airflow/dags/project_dag.py for tasks to queue
[2025-08-05T04:30:20.487+0000] {logging_mixin.py:149} INFO - [2025-08-05T04:30:20.487+0000] {dagbag.py:541} INFO - Filling up the DagBag from /opt/airflow/dags/project_dag.py
[2025-08-05T04:30:20.506+0000] {processor.py:809} INFO - DAG(s) dict_keys(['saas_dag']) retrieved from /opt/airflow/dags/project_dag.py
[2025-08-05T04:30:20.577+0000] {logging_mixin.py:149} INFO - [2025-08-05T04:30:20.577+0000] {dag.py:2726} INFO - Sync 1 DAGs
[2025-08-05T04:30:20.605+0000] {logging_mixin.py:149} INFO - [2025-08-05T04:30:20.604+0000] {dag.py:3486} INFO - Setting next_dagrun for saas_dag to 2025-08-05T04:30:20.494024+00:00, run_after=2025-08-05T21:10:20.494024+00:00
[2025-08-05T04:30:20.631+0000] {processor.py:178} INFO - Processing /opt/airflow/dags/project_dag.py took 0.152 seconds
[2025-08-05T04:30:50.922+0000] {processor.py:156} INFO - Started process (PID=1273) to work on /opt/airflow/dags/project_dag.py
[2025-08-05T04:30:50.924+0000] {processor.py:799} INFO - Processing file /opt/airflow/dags/project_dag.py for tasks to queue
[2025-08-05T04:30:50.926+0000] {logging_mixin.py:149} INFO - [2025-08-05T04:30:50.926+0000] {dagbag.py:541} INFO - Filling up the DagBag from /opt/airflow/dags/project_dag.py
[2025-08-05T04:30:50.944+0000] {processor.py:809} INFO - DAG(s) dict_keys(['saas_dag']) retrieved from /opt/airflow/dags/project_dag.py
[2025-08-05T04:30:51.003+0000] {logging_mixin.py:149} INFO - [2025-08-05T04:30:51.003+0000] {dag.py:2726} INFO - Sync 1 DAGs
[2025-08-05T04:30:51.025+0000] {logging_mixin.py:149} INFO - [2025-08-05T04:30:51.025+0000] {dag.py:3486} INFO - Setting next_dagrun for saas_dag to 2025-08-05T04:30:50.933099+00:00, run_after=2025-08-05T21:10:50.933099+00:00
[2025-08-05T04:30:51.051+0000] {processor.py:178} INFO - Processing /opt/airflow/dags/project_dag.py took 0.133 seconds
[2025-08-05T04:31:21.372+0000] {processor.py:156} INFO - Started process (PID=1274) to work on /opt/airflow/dags/project_dag.py
[2025-08-05T04:31:21.373+0000] {processor.py:799} INFO - Processing file /opt/airflow/dags/project_dag.py for tasks to queue
[2025-08-05T04:31:21.375+0000] {logging_mixin.py:149} INFO - [2025-08-05T04:31:21.374+0000] {dagbag.py:541} INFO - Filling up the DagBag from /opt/airflow/dags/project_dag.py
[2025-08-05T04:31:21.391+0000] {processor.py:809} INFO - DAG(s) dict_keys(['saas_dag']) retrieved from /opt/airflow/dags/project_dag.py
[2025-08-05T04:31:21.447+0000] {logging_mixin.py:149} INFO - [2025-08-05T04:31:21.446+0000] {dag.py:2726} INFO - Sync 1 DAGs
[2025-08-05T04:31:21.464+0000] {logging_mixin.py:149} INFO - [2025-08-05T04:31:21.464+0000] {dag.py:3486} INFO - Setting next_dagrun for saas_dag to 2025-08-05T04:31:21.381858+00:00, run_after=2025-08-05T21:11:21.381858+00:00
[2025-08-05T04:31:21.488+0000] {processor.py:178} INFO - Processing /opt/airflow/dags/project_dag.py took 0.121 seconds
[2025-08-05T04:31:51.797+0000] {processor.py:156} INFO - Started process (PID=1275) to work on /opt/airflow/dags/project_dag.py
[2025-08-05T04:31:51.800+0000] {processor.py:799} INFO - Processing file /opt/airflow/dags/project_dag.py for tasks to queue
[2025-08-05T04:31:51.801+0000] {logging_mixin.py:149} INFO - [2025-08-05T04:31:51.801+0000] {dagbag.py:541} INFO - Filling up the DagBag from /opt/airflow/dags/project_dag.py
[2025-08-05T04:31:51.820+0000] {processor.py:809} INFO - DAG(s) dict_keys(['saas_dag']) retrieved from /opt/airflow/dags/project_dag.py
[2025-08-05T04:31:51.879+0000] {logging_mixin.py:149} INFO - [2025-08-05T04:31:51.879+0000] {dag.py:2726} INFO - Sync 1 DAGs
[2025-08-05T04:31:51.899+0000] {logging_mixin.py:149} INFO - [2025-08-05T04:31:51.899+0000] {dag.py:3486} INFO - Setting next_dagrun for saas_dag to 2025-08-05T04:31:51.809056+00:00, run_after=2025-08-05T21:11:51.809056+00:00
[2025-08-05T04:31:51.925+0000] {processor.py:178} INFO - Processing /opt/airflow/dags/project_dag.py took 0.134 seconds
[2025-08-05T04:32:22.179+0000] {processor.py:156} INFO - Started process (PID=1276) to work on /opt/airflow/dags/project_dag.py
[2025-08-05T04:32:22.180+0000] {processor.py:799} INFO - Processing file /opt/airflow/dags/project_dag.py for tasks to queue
[2025-08-05T04:32:22.181+0000] {logging_mixin.py:149} INFO - [2025-08-05T04:32:22.181+0000] {dagbag.py:541} INFO - Filling up the DagBag from /opt/airflow/dags/project_dag.py
[2025-08-05T04:32:22.202+0000] {processor.py:809} INFO - DAG(s) dict_keys(['saas_dag']) retrieved from /opt/airflow/dags/project_dag.py
[2025-08-05T04:32:22.275+0000] {logging_mixin.py:149} INFO - [2025-08-05T04:32:22.275+0000] {dag.py:2726} INFO - Sync 1 DAGs
[2025-08-05T04:32:22.294+0000] {logging_mixin.py:149} INFO - [2025-08-05T04:32:22.294+0000] {dag.py:3486} INFO - Setting next_dagrun for saas_dag to 2025-08-05T04:32:22.188937+00:00, run_after=2025-08-05T21:12:22.188937+00:00
[2025-08-05T04:32:22.324+0000] {processor.py:178} INFO - Processing /opt/airflow/dags/project_dag.py took 0.148 seconds
[2025-08-05T04:32:52.604+0000] {processor.py:156} INFO - Started process (PID=1277) to work on /opt/airflow/dags/project_dag.py
[2025-08-05T04:32:52.606+0000] {processor.py:799} INFO - Processing file /opt/airflow/dags/project_dag.py for tasks to queue
[2025-08-05T04:32:52.607+0000] {logging_mixin.py:149} INFO - [2025-08-05T04:32:52.607+0000] {dagbag.py:541} INFO - Filling up the DagBag from /opt/airflow/dags/project_dag.py
[2025-08-05T04:32:52.626+0000] {processor.py:809} INFO - DAG(s) dict_keys(['saas_dag']) retrieved from /opt/airflow/dags/project_dag.py
[2025-08-05T04:32:52.689+0000] {logging_mixin.py:149} INFO - [2025-08-05T04:32:52.689+0000] {dag.py:2726} INFO - Sync 1 DAGs
[2025-08-05T04:32:52.709+0000] {logging_mixin.py:149} INFO - [2025-08-05T04:32:52.709+0000] {dag.py:3486} INFO - Setting next_dagrun for saas_dag to 2025-08-05T04:32:52.615603+00:00, run_after=2025-08-05T21:12:52.615603+00:00
[2025-08-05T04:32:52.737+0000] {processor.py:178} INFO - Processing /opt/airflow/dags/project_dag.py took 0.138 seconds
[2025-08-05T04:33:23.070+0000] {processor.py:156} INFO - Started process (PID=1278) to work on /opt/airflow/dags/project_dag.py
[2025-08-05T04:33:23.071+0000] {processor.py:799} INFO - Processing file /opt/airflow/dags/project_dag.py for tasks to queue
[2025-08-05T04:33:23.073+0000] {logging_mixin.py:149} INFO - [2025-08-05T04:33:23.072+0000] {dagbag.py:541} INFO - Filling up the DagBag from /opt/airflow/dags/project_dag.py
[2025-08-05T04:33:23.093+0000] {processor.py:809} INFO - DAG(s) dict_keys(['saas_dag']) retrieved from /opt/airflow/dags/project_dag.py
[2025-08-05T04:33:23.158+0000] {logging_mixin.py:149} INFO - [2025-08-05T04:33:23.158+0000] {dag.py:2726} INFO - Sync 1 DAGs
[2025-08-05T04:33:23.182+0000] {logging_mixin.py:149} INFO - [2025-08-05T04:33:23.182+0000] {dag.py:3486} INFO - Setting next_dagrun for saas_dag to 2025-08-05T04:33:23.080732+00:00, run_after=2025-08-05T21:13:23.080732+00:00
[2025-08-05T04:33:23.212+0000] {processor.py:178} INFO - Processing /opt/airflow/dags/project_dag.py took 0.145 seconds
[2025-08-05T04:33:53.510+0000] {processor.py:156} INFO - Started process (PID=1279) to work on /opt/airflow/dags/project_dag.py
[2025-08-05T04:33:53.512+0000] {processor.py:799} INFO - Processing file /opt/airflow/dags/project_dag.py for tasks to queue
[2025-08-05T04:33:53.513+0000] {logging_mixin.py:149} INFO - [2025-08-05T04:33:53.513+0000] {dagbag.py:541} INFO - Filling up the DagBag from /opt/airflow/dags/project_dag.py
[2025-08-05T04:33:53.531+0000] {processor.py:809} INFO - DAG(s) dict_keys(['saas_dag']) retrieved from /opt/airflow/dags/project_dag.py
[2025-08-05T04:33:53.594+0000] {logging_mixin.py:149} INFO - [2025-08-05T04:33:53.594+0000] {dag.py:2726} INFO - Sync 1 DAGs
[2025-08-05T04:33:53.616+0000] {logging_mixin.py:149} INFO - [2025-08-05T04:33:53.616+0000] {dag.py:3486} INFO - Setting next_dagrun for saas_dag to 2025-08-05T04:33:53.520373+00:00, run_after=2025-08-05T21:13:53.520373+00:00
[2025-08-05T04:33:53.642+0000] {processor.py:178} INFO - Processing /opt/airflow/dags/project_dag.py took 0.136 seconds
[2025-08-05T04:34:23.721+0000] {processor.py:156} INFO - Started process (PID=1280) to work on /opt/airflow/dags/project_dag.py
[2025-08-05T04:34:23.722+0000] {processor.py:799} INFO - Processing file /opt/airflow/dags/project_dag.py for tasks to queue
[2025-08-05T04:34:23.723+0000] {logging_mixin.py:149} INFO - [2025-08-05T04:34:23.723+0000] {dagbag.py:541} INFO - Filling up the DagBag from /opt/airflow/dags/project_dag.py
[2025-08-05T04:34:23.740+0000] {processor.py:809} INFO - DAG(s) dict_keys(['saas_dag']) retrieved from /opt/airflow/dags/project_dag.py
[2025-08-05T04:34:23.817+0000] {logging_mixin.py:149} INFO - [2025-08-05T04:34:23.816+0000] {dag.py:2726} INFO - Sync 1 DAGs
[2025-08-05T04:34:23.845+0000] {logging_mixin.py:149} INFO - [2025-08-05T04:34:23.845+0000] {dag.py:3486} INFO - Setting next_dagrun for saas_dag to 2025-08-05T04:34:23.729984+00:00, run_after=2025-08-05T21:14:23.729984+00:00
[2025-08-05T04:34:23.875+0000] {processor.py:178} INFO - Processing /opt/airflow/dags/project_dag.py took 0.158 seconds
[2025-08-05T04:34:54.319+0000] {processor.py:156} INFO - Started process (PID=1281) to work on /opt/airflow/dags/project_dag.py
[2025-08-05T04:34:54.321+0000] {processor.py:799} INFO - Processing file /opt/airflow/dags/project_dag.py for tasks to queue
[2025-08-05T04:34:54.323+0000] {logging_mixin.py:149} INFO - [2025-08-05T04:34:54.322+0000] {dagbag.py:541} INFO - Filling up the DagBag from /opt/airflow/dags/project_dag.py
[2025-08-05T04:34:54.343+0000] {processor.py:809} INFO - DAG(s) dict_keys(['saas_dag']) retrieved from /opt/airflow/dags/project_dag.py
[2025-08-05T04:34:54.422+0000] {logging_mixin.py:149} INFO - [2025-08-05T04:34:54.421+0000] {dag.py:2726} INFO - Sync 1 DAGs
[2025-08-05T04:34:54.444+0000] {logging_mixin.py:149} INFO - [2025-08-05T04:34:54.444+0000] {dag.py:3486} INFO - Setting next_dagrun for saas_dag to 2025-08-05T04:34:54.330656+00:00, run_after=2025-08-05T21:14:54.330656+00:00
[2025-08-05T04:34:54.477+0000] {processor.py:178} INFO - Processing /opt/airflow/dags/project_dag.py took 0.162 seconds
