[2025-08-05T01:15:02.006+0000] {manager.py:487} INFO - Processing files using up to 1 processes at a time 
[2025-08-05T01:15:02.008+0000] {manager.py:488} INFO - Process each file at most once every 30 seconds
[2025-08-05T01:15:02.009+0000] {manager.py:489} INFO - Checking for new files in /opt/airflow/dags every 300 seconds
[2025-08-05T01:15:02.010+0000] {manager.py:758} INFO - Searching for files in /opt/airflow/dags
[2025-08-05T01:15:02.021+0000] {manager.py:761} INFO - There are 1 files in /opt/airflow/dags
[2025-08-05T01:15:02.433+0000] {manager.py:889} INFO - 
================================================================================
DAG File Processing Stats

File Path                         PID    Runtime      # DAGs    # Errors  Last Runtime    Last Run
--------------------------------  -----  ---------  --------  ----------  --------------  -------------------
/opt/airflow/dags/project_dag.py                           1           0  0.31s           2025-08-05T01:15:02
================================================================================
[2025-08-05T01:15:33.565+0000] {manager.py:889} INFO - 
================================================================================
DAG File Processing Stats

File Path                         PID    Runtime      # DAGs    # Errors  Last Runtime    Last Run
--------------------------------  -----  ---------  --------  ----------  --------------  -------------------
/opt/airflow/dags/project_dag.py                           1           0  0.21s           2025-08-05T01:15:33
================================================================================
[2025-08-05T01:16:04.163+0000] {manager.py:889} INFO - 
================================================================================
DAG File Processing Stats

File Path                         PID    Runtime      # DAGs    # Errors  Last Runtime    Last Run
--------------------------------  -----  ---------  --------  ----------  --------------  -------------------
/opt/airflow/dags/project_dag.py                           1           0  0.41s           2025-08-05T01:16:04
================================================================================
[2025-08-05T01:16:35.349+0000] {manager.py:889} INFO - 
================================================================================
DAG File Processing Stats

File Path                         PID    Runtime      # DAGs    # Errors  Last Runtime    Last Run
--------------------------------  -----  ---------  --------  ----------  --------------  -------------------
/opt/airflow/dags/project_dag.py                           1           0  0.21s           2025-08-05T01:16:35
================================================================================
[2025-08-05T01:17:05.688+0000] {manager.py:889} INFO - 
================================================================================
DAG File Processing Stats

File Path                         PID    Runtime      # DAGs    # Errors  Last Runtime    Last Run
--------------------------------  -----  ---------  --------  ----------  --------------  -------------------
/opt/airflow/dags/project_dag.py                           1           0  0.21s           2025-08-05T01:17:05
================================================================================
[2025-08-05T01:17:36.040+0000] {manager.py:889} INFO - 
================================================================================
DAG File Processing Stats

File Path                         PID    Runtime      # DAGs    # Errors  Last Runtime    Last Run
--------------------------------  -----  ---------  --------  ----------  --------------  -------------------
/opt/airflow/dags/project_dag.py                           1           0  0.21s           2025-08-05T01:17:36
================================================================================
[2025-08-05T01:18:06.491+0000] {manager.py:889} INFO - 
================================================================================
DAG File Processing Stats

File Path                         PID    Runtime      # DAGs    # Errors  Last Runtime    Last Run
--------------------------------  -----  ---------  --------  ----------  --------------  -------------------
/opt/airflow/dags/project_dag.py                           1           0  0.22s           2025-08-05T01:18:06
================================================================================
[2025-08-05T01:18:37.386+0000] {manager.py:889} INFO - 
================================================================================
DAG File Processing Stats

File Path                         PID    Runtime      # DAGs    # Errors  Last Runtime    Last Run
--------------------------------  -----  ---------  --------  ----------  --------------  -------------------
/opt/airflow/dags/project_dag.py                           1           0  0.21s           2025-08-05T01:18:37
================================================================================
[2025-08-05T01:19:07.731+0000] {manager.py:889} INFO - 
================================================================================
DAG File Processing Stats

File Path                         PID    Runtime      # DAGs    # Errors  Last Runtime    Last Run
--------------------------------  -----  ---------  --------  ----------  --------------  -------------------
/opt/airflow/dags/project_dag.py                           1           0  0.21s           2025-08-05T01:19:07
================================================================================
[2025-08-05T01:19:38.081+0000] {manager.py:889} INFO - 
================================================================================
DAG File Processing Stats

File Path                         PID    Runtime      # DAGs    # Errors  Last Runtime    Last Run
--------------------------------  -----  ---------  --------  ----------  --------------  -------------------
/opt/airflow/dags/project_dag.py                           1           0  0.21s           2025-08-05T01:19:38
================================================================================
[2025-08-05T01:20:02.211+0000] {manager.py:758} INFO - Searching for files in /opt/airflow/dags
[2025-08-05T01:20:02.232+0000] {manager.py:761} INFO - There are 1 files in /opt/airflow/dags
[2025-08-05T01:20:08.366+0000] {manager.py:889} INFO - 
================================================================================
DAG File Processing Stats

File Path                         PID    Runtime      # DAGs    # Errors  Last Runtime    Last Run
--------------------------------  -----  ---------  --------  ----------  --------------  -------------------
/opt/airflow/dags/project_dag.py                           1           0  0.21s           2025-08-05T01:20:08
================================================================================
[2025-08-05T01:20:38.698+0000] {manager.py:889} INFO - 
================================================================================
DAG File Processing Stats

File Path                         PID    Runtime      # DAGs    # Errors  Last Runtime    Last Run
--------------------------------  -----  ---------  --------  ----------  --------------  -------------------
/opt/airflow/dags/project_dag.py                           1           0  0.21s           2025-08-05T01:20:38
================================================================================
[2025-08-05T01:21:09.050+0000] {manager.py:889} INFO - 
================================================================================
DAG File Processing Stats

File Path                         PID    Runtime      # DAGs    # Errors  Last Runtime    Last Run
--------------------------------  -----  ---------  --------  ----------  --------------  -------------------
/opt/airflow/dags/project_dag.py                           1           0  0.21s           2025-08-05T01:21:09
================================================================================
[2025-08-05T01:21:39.408+0000] {manager.py:889} INFO - 
================================================================================
DAG File Processing Stats

File Path                         PID    Runtime      # DAGs    # Errors  Last Runtime    Last Run
--------------------------------  -----  ---------  --------  ----------  --------------  -------------------
/opt/airflow/dags/project_dag.py                           1           0  0.21s           2025-08-05T01:21:39
================================================================================
[2025-08-05T01:22:09.739+0000] {manager.py:889} INFO - 
================================================================================
DAG File Processing Stats

File Path                         PID    Runtime      # DAGs    # Errors  Last Runtime    Last Run
--------------------------------  -----  ---------  --------  ----------  --------------  -------------------
/opt/airflow/dags/project_dag.py                           1           0  0.21s           2025-08-05T01:22:09
================================================================================
[2025-08-05T01:22:40.085+0000] {manager.py:889} INFO - 
================================================================================
DAG File Processing Stats

File Path                         PID    Runtime      # DAGs    # Errors  Last Runtime    Last Run
--------------------------------  -----  ---------  --------  ----------  --------------  -------------------
/opt/airflow/dags/project_dag.py                           1           0  0.21s           2025-08-05T01:22:40
================================================================================
[2025-08-05T01:23:10.458+0000] {manager.py:889} INFO - 
================================================================================
DAG File Processing Stats

File Path                         PID    Runtime      # DAGs    # Errors  Last Runtime    Last Run
--------------------------------  -----  ---------  --------  ----------  --------------  -------------------
/opt/airflow/dags/project_dag.py                           1           0  0.21s           2025-08-05T01:23:10
================================================================================
[2025-08-05T01:23:40.785+0000] {manager.py:889} INFO - 
================================================================================
DAG File Processing Stats

File Path                         PID    Runtime      # DAGs    # Errors  Last Runtime    Last Run
--------------------------------  -----  ---------  --------  ----------  --------------  -------------------
/opt/airflow/dags/project_dag.py                           1           0  0.21s           2025-08-05T01:23:40
================================================================================
[2025-08-05T01:24:11.139+0000] {manager.py:889} INFO - 
================================================================================
DAG File Processing Stats

File Path                         PID    Runtime      # DAGs    # Errors  Last Runtime    Last Run
--------------------------------  -----  ---------  --------  ----------  --------------  -------------------
/opt/airflow/dags/project_dag.py                           1           0  0.21s           2025-08-05T01:24:11
================================================================================
[2025-08-05T01:24:41.473+0000] {manager.py:889} INFO - 
================================================================================
DAG File Processing Stats

File Path                         PID    Runtime      # DAGs    # Errors  Last Runtime    Last Run
--------------------------------  -----  ---------  --------  ----------  --------------  -------------------
/opt/airflow/dags/project_dag.py                           1           0  0.21s           2025-08-05T01:24:41
================================================================================
[2025-08-05T01:25:02.243+0000] {manager.py:758} INFO - Searching for files in /opt/airflow/dags
[2025-08-05T01:25:02.261+0000] {manager.py:761} INFO - There are 1 files in /opt/airflow/dags
[2025-08-05T01:25:11.839+0000] {manager.py:889} INFO - 
================================================================================
DAG File Processing Stats

File Path                         PID    Runtime      # DAGs    # Errors  Last Runtime    Last Run
--------------------------------  -----  ---------  --------  ----------  --------------  -------------------
/opt/airflow/dags/project_dag.py                           1           0  0.31s           2025-08-05T01:25:11
================================================================================
[2025-08-05T01:25:42.191+0000] {manager.py:889} INFO - 
================================================================================
DAG File Processing Stats

File Path                         PID    Runtime      # DAGs    # Errors  Last Runtime    Last Run
--------------------------------  -----  ---------  --------  ----------  --------------  -------------------
/opt/airflow/dags/project_dag.py                           1           0  0.21s           2025-08-05T01:25:42
================================================================================
[2025-08-05T01:26:12.541+0000] {manager.py:889} INFO - 
================================================================================
DAG File Processing Stats

File Path                         PID    Runtime      # DAGs    # Errors  Last Runtime    Last Run
--------------------------------  -----  ---------  --------  ----------  --------------  -------------------
/opt/airflow/dags/project_dag.py                           1           0  0.20s           2025-08-05T01:26:12
================================================================================
[2025-08-05T01:26:42.894+0000] {manager.py:889} INFO - 
================================================================================
DAG File Processing Stats

File Path                         PID    Runtime      # DAGs    # Errors  Last Runtime    Last Run
--------------------------------  -----  ---------  --------  ----------  --------------  -------------------
/opt/airflow/dags/project_dag.py                           1           0  0.21s           2025-08-05T01:26:42
================================================================================
[2025-08-05T01:27:13.052+0000] {manager.py:889} INFO - 
================================================================================
DAG File Processing Stats

File Path                         PID    Runtime      # DAGs    # Errors  Last Runtime    Last Run
--------------------------------  -----  ---------  --------  ----------  --------------  -------------------
/opt/airflow/dags/project_dag.py                           1           0  0.21s           2025-08-05T01:27:04
================================================================================
[2025-08-05T01:27:43.177+0000] {manager.py:889} INFO - 
================================================================================
DAG File Processing Stats

File Path                         PID    Runtime      # DAGs    # Errors  Last Runtime    Last Run
--------------------------------  -----  ---------  --------  ----------  --------------  -------------------
/opt/airflow/dags/project_dag.py                           1           0  0.21s           2025-08-05T01:27:34
================================================================================
[2025-08-05T01:28:13.299+0000] {manager.py:889} INFO - 
================================================================================
DAG File Processing Stats

File Path                         PID    Runtime      # DAGs    # Errors  Last Runtime    Last Run
--------------------------------  -----  ---------  --------  ----------  --------------  -------------------
/opt/airflow/dags/project_dag.py                           1           0  0.31s           2025-08-05T01:28:05
================================================================================
[2025-08-05T01:28:43.441+0000] {manager.py:889} INFO - 
================================================================================
DAG File Processing Stats

File Path                         PID    Runtime      # DAGs    # Errors  Last Runtime    Last Run
--------------------------------  -----  ---------  --------  ----------  --------------  -------------------
/opt/airflow/dags/project_dag.py                           1           0  0.21s           2025-08-05T01:28:35
================================================================================
[2025-08-05T01:29:21.066+0000] {manager.py:889} INFO - 
================================================================================
DAG File Processing Stats

File Path                         PID    Runtime      # DAGs    # Errors  Last Runtime    Last Run
--------------------------------  -----  ---------  --------  ----------  --------------  -------------------
/opt/airflow/dags/project_dag.py                           1           0  0.31s           2025-08-05T01:29:06
================================================================================
[2025-08-05T01:29:51.140+0000] {manager.py:889} INFO - 
================================================================================
DAG File Processing Stats

File Path                         PID    Runtime      # DAGs    # Errors  Last Runtime    Last Run
--------------------------------  -----  ---------  --------  ----------  --------------  -------------------
/opt/airflow/dags/project_dag.py                           1           0  0.21s           2025-08-05T01:29:37
================================================================================
[2025-08-05T01:30:02.902+0000] {manager.py:758} INFO - Searching for files in /opt/airflow/dags
[2025-08-05T01:30:02.928+0000] {manager.py:761} INFO - There are 1 files in /opt/airflow/dags
[2025-08-05T01:30:21.328+0000] {manager.py:889} INFO - 
================================================================================
DAG File Processing Stats

File Path                         PID    Runtime      # DAGs    # Errors  Last Runtime    Last Run
--------------------------------  -----  ---------  --------  ----------  --------------  -------------------
/opt/airflow/dags/project_dag.py                           1           0  0.21s           2025-08-05T01:30:08
================================================================================
[2025-08-05T01:30:51.474+0000] {manager.py:889} INFO - 
================================================================================
DAG File Processing Stats

File Path                         PID    Runtime      # DAGs    # Errors  Last Runtime    Last Run
--------------------------------  -----  ---------  --------  ----------  --------------  -------------------
/opt/airflow/dags/project_dag.py                           1           0  0.21s           2025-08-05T01:30:38
================================================================================
[2025-08-05T01:31:21.620+0000] {manager.py:889} INFO - 
================================================================================
DAG File Processing Stats

File Path                         PID    Runtime      # DAGs    # Errors  Last Runtime    Last Run
--------------------------------  -----  ---------  --------  ----------  --------------  -------------------
/opt/airflow/dags/project_dag.py                           1           0  0.21s           2025-08-05T01:31:09
================================================================================
[2025-08-05T01:31:51.696+0000] {manager.py:889} INFO - 
================================================================================
DAG File Processing Stats

File Path                         PID    Runtime      # DAGs    # Errors  Last Runtime    Last Run
--------------------------------  -----  ---------  --------  ----------  --------------  -------------------
/opt/airflow/dags/project_dag.py                           1           0  0.21s           2025-08-05T01:31:39
================================================================================
[2025-08-05T01:32:21.878+0000] {manager.py:889} INFO - 
================================================================================
DAG File Processing Stats

File Path                         PID    Runtime      # DAGs    # Errors  Last Runtime    Last Run
--------------------------------  -----  ---------  --------  ----------  --------------  -------------------
/opt/airflow/dags/project_dag.py                           1           0  0.21s           2025-08-05T01:32:10
================================================================================
[2025-08-05T01:32:52.069+0000] {manager.py:889} INFO - 
================================================================================
DAG File Processing Stats

File Path                         PID    Runtime      # DAGs    # Errors  Last Runtime    Last Run
--------------------------------  -----  ---------  --------  ----------  --------------  -------------------
/opt/airflow/dags/project_dag.py                           1           0  0.21s           2025-08-05T01:32:40
================================================================================
[2025-08-05T01:33:25.049+0000] {manager.py:889} INFO - 
================================================================================
DAG File Processing Stats

File Path                         PID    Runtime      # DAGs    # Errors  Last Runtime    Last Run
--------------------------------  -----  ---------  --------  ----------  --------------  -------------------
/opt/airflow/dags/project_dag.py                           1           0  0.21s           2025-08-05T01:33:11
================================================================================
[2025-08-05T01:33:55.128+0000] {manager.py:889} INFO - 
================================================================================
DAG File Processing Stats

File Path                         PID    Runtime      # DAGs    # Errors  Last Runtime    Last Run
--------------------------------  -----  ---------  --------  ----------  --------------  -------------------
/opt/airflow/dags/project_dag.py                           1           0  0.21s           2025-08-05T01:33:42
================================================================================
[2025-08-05T01:34:25.240+0000] {manager.py:889} INFO - 
================================================================================
DAG File Processing Stats

File Path                         PID    Runtime      # DAGs    # Errors  Last Runtime    Last Run
--------------------------------  -----  ---------  --------  ----------  --------------  -------------------
/opt/airflow/dags/project_dag.py                           1           0  0.21s           2025-08-05T01:34:13
================================================================================
[2025-08-05T01:34:55.475+0000] {manager.py:889} INFO - 
================================================================================
DAG File Processing Stats

File Path                         PID    Runtime      # DAGs    # Errors  Last Runtime    Last Run
--------------------------------  -----  ---------  --------  ----------  --------------  -------------------
/opt/airflow/dags/project_dag.py                           1           0  0.21s           2025-08-05T01:34:43
================================================================================
[2025-08-05T01:35:03.262+0000] {manager.py:758} INFO - Searching for files in /opt/airflow/dags
[2025-08-05T01:35:03.282+0000] {manager.py:761} INFO - There are 1 files in /opt/airflow/dags
[2025-08-05T01:35:25.634+0000] {manager.py:889} INFO - 
================================================================================
DAG File Processing Stats

File Path                         PID    Runtime      # DAGs    # Errors  Last Runtime    Last Run
--------------------------------  -----  ---------  --------  ----------  --------------  -------------------
/opt/airflow/dags/project_dag.py                           1           0  0.21s           2025-08-05T01:35:15
================================================================================
[2025-08-05T01:35:55.841+0000] {manager.py:889} INFO - 
================================================================================
DAG File Processing Stats

File Path                         PID    Runtime      # DAGs    # Errors  Last Runtime    Last Run
--------------------------------  -----  ---------  --------  ----------  --------------  -------------------
/opt/airflow/dags/project_dag.py                           1           0  0.21s           2025-08-05T01:35:45
================================================================================
[2025-08-05T01:36:26.013+0000] {manager.py:889} INFO - 
================================================================================
DAG File Processing Stats

File Path                         PID    Runtime      # DAGs    # Errors  Last Runtime    Last Run
--------------------------------  -----  ---------  --------  ----------  --------------  -------------------
/opt/airflow/dags/project_dag.py                           1           0  0.21s           2025-08-05T01:36:15
================================================================================
[2025-08-05T01:36:56.163+0000] {manager.py:889} INFO - 
================================================================================
DAG File Processing Stats

File Path                         PID    Runtime      # DAGs    # Errors  Last Runtime    Last Run
--------------------------------  -----  ---------  --------  ----------  --------------  -------------------
/opt/airflow/dags/project_dag.py                           1           0  0.22s           2025-08-05T01:36:46
================================================================================
[2025-08-05T01:37:26.321+0000] {manager.py:889} INFO - 
================================================================================
DAG File Processing Stats

File Path                         PID    Runtime      # DAGs    # Errors  Last Runtime    Last Run
--------------------------------  -----  ---------  --------  ----------  --------------  -------------------
/opt/airflow/dags/project_dag.py                           1           0  0.21s           2025-08-05T01:37:16
================================================================================
[2025-08-05T01:37:56.367+0000] {manager.py:889} INFO - 
================================================================================
DAG File Processing Stats

File Path                         PID    Runtime      # DAGs    # Errors  Last Runtime    Last Run
--------------------------------  -----  ---------  --------  ----------  --------------  -------------------
/opt/airflow/dags/project_dag.py                           1           0  0.21s           2025-08-05T01:37:47
================================================================================
[2025-08-05T01:38:26.571+0000] {manager.py:889} INFO - 
================================================================================
DAG File Processing Stats

File Path                         PID    Runtime      # DAGs    # Errors  Last Runtime    Last Run
--------------------------------  -----  ---------  --------  ----------  --------------  -------------------
/opt/airflow/dags/project_dag.py                           1           0  0.21s           2025-08-05T01:38:17
================================================================================
[2025-08-05T01:38:56.680+0000] {manager.py:889} INFO - 
================================================================================
DAG File Processing Stats

File Path                         PID    Runtime      # DAGs    # Errors  Last Runtime    Last Run
--------------------------------  -----  ---------  --------  ----------  --------------  -------------------
/opt/airflow/dags/project_dag.py                           1           0  0.21s           2025-08-05T01:38:48
================================================================================
[2025-08-05T01:39:40.496+0000] {manager.py:889} INFO - 
================================================================================
DAG File Processing Stats

File Path                         PID    Runtime      # DAGs    # Errors  Last Runtime    Last Run
--------------------------------  -----  ---------  --------  ----------  --------------  -------------------
/opt/airflow/dags/project_dag.py                           1           0  0.21s           2025-08-05T01:39:25
================================================================================
[2025-08-05T01:40:03.411+0000] {manager.py:758} INFO - Searching for files in /opt/airflow/dags
[2025-08-05T01:40:03.432+0000] {manager.py:761} INFO - There are 1 files in /opt/airflow/dags
[2025-08-05T01:40:10.586+0000] {manager.py:889} INFO - 
================================================================================
DAG File Processing Stats

File Path                         PID    Runtime      # DAGs    # Errors  Last Runtime    Last Run
--------------------------------  -----  ---------  --------  ----------  --------------  -------------------
/opt/airflow/dags/project_dag.py                           1           0  0.31s           2025-08-05T01:39:55
================================================================================
[2025-08-05T01:40:40.844+0000] {manager.py:889} INFO - 
================================================================================
DAG File Processing Stats

File Path                         PID    Runtime      # DAGs    # Errors  Last Runtime    Last Run
--------------------------------  -----  ---------  --------  ----------  --------------  -------------------
/opt/airflow/dags/project_dag.py                           1           0  0.21s           2025-08-05T01:40:26
================================================================================
[2025-08-05T01:41:10.979+0000] {manager.py:889} INFO - 
================================================================================
DAG File Processing Stats

File Path                         PID    Runtime      # DAGs    # Errors  Last Runtime    Last Run
--------------------------------  -----  ---------  --------  ----------  --------------  -------------------
/opt/airflow/dags/project_dag.py                           1           0  0.21s           2025-08-05T01:40:56
================================================================================
[2025-08-05T01:41:41.142+0000] {manager.py:889} INFO - 
================================================================================
DAG File Processing Stats

File Path                         PID    Runtime      # DAGs    # Errors  Last Runtime    Last Run
--------------------------------  -----  ---------  --------  ----------  --------------  -------------------
/opt/airflow/dags/project_dag.py                           1           0  0.21s           2025-08-05T01:41:26
================================================================================
[2025-08-05T01:42:23.397+0000] {manager.py:889} INFO - 
================================================================================
DAG File Processing Stats

File Path                         PID    Runtime      # DAGs    # Errors  Last Runtime    Last Run
--------------------------------  -----  ---------  --------  ----------  --------------  -------------------
/opt/airflow/dags/project_dag.py                           1           0  0.21s           2025-08-05T01:41:59
================================================================================
[2025-08-05T01:42:53.483+0000] {manager.py:889} INFO - 
================================================================================
DAG File Processing Stats

File Path                         PID    Runtime      # DAGs    # Errors  Last Runtime    Last Run
--------------------------------  -----  ---------  --------  ----------  --------------  -------------------
/opt/airflow/dags/project_dag.py                           1           0  0.21s           2025-08-05T01:42:30
================================================================================
[2025-08-05T01:43:23.610+0000] {manager.py:889} INFO - 
================================================================================
DAG File Processing Stats

File Path                         PID    Runtime      # DAGs    # Errors  Last Runtime    Last Run
--------------------------------  -----  ---------  --------  ----------  --------------  -------------------
/opt/airflow/dags/project_dag.py                           1           0  0.21s           2025-08-05T01:43:01
================================================================================
[2025-08-05T01:43:53.795+0000] {manager.py:889} INFO - 
================================================================================
DAG File Processing Stats

File Path                         PID    Runtime      # DAGs    # Errors  Last Runtime    Last Run
--------------------------------  -----  ---------  --------  ----------  --------------  -------------------
/opt/airflow/dags/project_dag.py                           1           0  0.31s           2025-08-05T01:43:32
================================================================================
[2025-08-05T01:44:23.981+0000] {manager.py:889} INFO - 
================================================================================
DAG File Processing Stats

File Path                         PID    Runtime      # DAGs    # Errors  Last Runtime    Last Run
--------------------------------  -----  ---------  --------  ----------  --------------  -------------------
/opt/airflow/dags/project_dag.py                           1           0  0.21s           2025-08-05T01:44:02
================================================================================
[2025-08-05T01:44:54.158+0000] {manager.py:889} INFO - 
================================================================================
DAG File Processing Stats

File Path                         PID    Runtime      # DAGs    # Errors  Last Runtime    Last Run
--------------------------------  -----  ---------  --------  ----------  --------------  -------------------
/opt/airflow/dags/project_dag.py                           1           0  0.21s           2025-08-05T01:44:33
================================================================================
[2025-08-05T01:45:03.507+0000] {manager.py:758} INFO - Searching for files in /opt/airflow/dags
[2025-08-05T01:45:03.519+0000] {manager.py:761} INFO - There are 1 files in /opt/airflow/dags
[2025-08-05T01:45:24.333+0000] {manager.py:889} INFO - 
================================================================================
DAG File Processing Stats

File Path                         PID    Runtime      # DAGs    # Errors  Last Runtime    Last Run
--------------------------------  -----  ---------  --------  ----------  --------------  -------------------
/opt/airflow/dags/project_dag.py                           1           0  0.21s           2025-08-05T01:45:03
================================================================================
[2025-08-05T01:45:54.503+0000] {manager.py:889} INFO - 
================================================================================
DAG File Processing Stats

File Path                         PID    Runtime      # DAGs    # Errors  Last Runtime    Last Run
--------------------------------  -----  ---------  --------  ----------  --------------  -------------------
/opt/airflow/dags/project_dag.py                           1           0  0.21s           2025-08-05T01:45:34
================================================================================
[2025-08-05T01:46:24.701+0000] {manager.py:889} INFO - 
================================================================================
DAG File Processing Stats

File Path                         PID    Runtime      # DAGs    # Errors  Last Runtime    Last Run
--------------------------------  -----  ---------  --------  ----------  --------------  -------------------
/opt/airflow/dags/project_dag.py                           1           0  0.21s           2025-08-05T01:46:05
================================================================================
[2025-08-05T01:46:54.739+0000] {manager.py:889} INFO - 
================================================================================
DAG File Processing Stats

File Path                         PID    Runtime      # DAGs    # Errors  Last Runtime    Last Run
--------------------------------  -----  ---------  --------  ----------  --------------  -------------------
/opt/airflow/dags/project_dag.py                           1           0  0.21s           2025-08-05T01:46:35
================================================================================
[2025-08-05T01:47:25.057+0000] {manager.py:889} INFO - 
================================================================================
DAG File Processing Stats

File Path                         PID    Runtime      # DAGs    # Errors  Last Runtime    Last Run
--------------------------------  -----  ---------  --------  ----------  --------------  -------------------
/opt/airflow/dags/project_dag.py                           1           0  0.21s           2025-08-05T01:47:06
================================================================================
[2025-08-05T01:47:55.270+0000] {manager.py:889} INFO - 
================================================================================
DAG File Processing Stats

File Path                         PID    Runtime      # DAGs    # Errors  Last Runtime    Last Run
--------------------------------  -----  ---------  --------  ----------  --------------  -------------------
/opt/airflow/dags/project_dag.py                           1           0  0.21s           2025-08-05T01:47:36
================================================================================
[2025-08-05T01:48:25.454+0000] {manager.py:889} INFO - 
================================================================================
DAG File Processing Stats

File Path                         PID    Runtime      # DAGs    # Errors  Last Runtime    Last Run
--------------------------------  -----  ---------  --------  ----------  --------------  -------------------
/opt/airflow/dags/project_dag.py                           1           0  0.21s           2025-08-05T01:48:07
================================================================================
[2025-08-05T01:48:55.648+0000] {manager.py:889} INFO - 
================================================================================
DAG File Processing Stats

File Path                         PID    Runtime      # DAGs    # Errors  Last Runtime    Last Run
--------------------------------  -----  ---------  --------  ----------  --------------  -------------------
/opt/airflow/dags/project_dag.py                           1           0  0.21s           2025-08-05T01:48:37
================================================================================
[2025-08-05T01:49:25.826+0000] {manager.py:889} INFO - 
================================================================================
DAG File Processing Stats

File Path                         PID    Runtime      # DAGs    # Errors  Last Runtime    Last Run
--------------------------------  -----  ---------  --------  ----------  --------------  -------------------
/opt/airflow/dags/project_dag.py                           1           0  0.21s           2025-08-05T01:49:08
================================================================================
[2025-08-05T01:49:56.015+0000] {manager.py:889} INFO - 
================================================================================
DAG File Processing Stats

File Path                         PID    Runtime      # DAGs    # Errors  Last Runtime    Last Run
--------------------------------  -----  ---------  --------  ----------  --------------  -------------------
/opt/airflow/dags/project_dag.py                           1           0  0.22s           2025-08-05T01:49:38
================================================================================
[2025-08-05T01:50:03.601+0000] {manager.py:758} INFO - Searching for files in /opt/airflow/dags
[2025-08-05T01:50:03.621+0000] {manager.py:761} INFO - There are 1 files in /opt/airflow/dags
[2025-08-05T01:50:26.198+0000] {manager.py:889} INFO - 
================================================================================
DAG File Processing Stats

File Path                         PID    Runtime      # DAGs    # Errors  Last Runtime    Last Run
--------------------------------  -----  ---------  --------  ----------  --------------  -------------------
/opt/airflow/dags/project_dag.py                           1           0  0.21s           2025-08-05T01:50:09
================================================================================
[2025-08-05T01:50:56.373+0000] {manager.py:889} INFO - 
================================================================================
DAG File Processing Stats

File Path                         PID    Runtime      # DAGs    # Errors  Last Runtime    Last Run
--------------------------------  -----  ---------  --------  ----------  --------------  -------------------
/opt/airflow/dags/project_dag.py                           1           0  0.21s           2025-08-05T01:50:39
================================================================================
[2025-08-05T01:51:26.545+0000] {manager.py:889} INFO - 
================================================================================
DAG File Processing Stats

File Path                         PID    Runtime      # DAGs    # Errors  Last Runtime    Last Run
--------------------------------  -----  ---------  --------  ----------  --------------  -------------------
/opt/airflow/dags/project_dag.py                           1           0  0.21s           2025-08-05T01:51:10
================================================================================
[2025-08-05T01:51:56.548+0000] {manager.py:889} INFO - 
================================================================================
DAG File Processing Stats

File Path                         PID    Runtime      # DAGs    # Errors  Last Runtime    Last Run
--------------------------------  -----  ---------  --------  ----------  --------------  -------------------
/opt/airflow/dags/project_dag.py                           1           0  0.21s           2025-08-05T01:51:40
================================================================================
[2025-08-05T01:52:26.882+0000] {manager.py:889} INFO - 
================================================================================
DAG File Processing Stats

File Path                         PID    Runtime      # DAGs    # Errors  Last Runtime    Last Run
--------------------------------  -----  ---------  --------  ----------  --------------  -------------------
/opt/airflow/dags/project_dag.py                           1           0  0.21s           2025-08-05T01:52:11
================================================================================
[2025-08-05T01:52:57.056+0000] {manager.py:889} INFO - 
================================================================================
DAG File Processing Stats

File Path                         PID    Runtime      # DAGs    # Errors  Last Runtime    Last Run
--------------------------------  -----  ---------  --------  ----------  --------------  -------------------
/opt/airflow/dags/project_dag.py                           1           0  0.21s           2025-08-05T01:52:41
================================================================================
[2025-08-05T01:53:27.218+0000] {manager.py:889} INFO - 
================================================================================
DAG File Processing Stats

File Path                         PID    Runtime      # DAGs    # Errors  Last Runtime    Last Run
--------------------------------  -----  ---------  --------  ----------  --------------  -------------------
/opt/airflow/dags/project_dag.py                           1           0  0.21s           2025-08-05T01:53:11
================================================================================
[2025-08-05T01:53:57.555+0000] {manager.py:889} INFO - 
================================================================================
DAG File Processing Stats

File Path                         PID    Runtime      # DAGs    # Errors  Last Runtime    Last Run
--------------------------------  -----  ---------  --------  ----------  --------------  -------------------
/opt/airflow/dags/project_dag.py                           1           0  0.21s           2025-08-05T01:53:42
================================================================================
[2025-08-05T01:54:27.992+0000] {manager.py:889} INFO - 
================================================================================
DAG File Processing Stats

File Path                         PID    Runtime      # DAGs    # Errors  Last Runtime    Last Run
--------------------------------  -----  ---------  --------  ----------  --------------  -------------------
/opt/airflow/dags/project_dag.py                           1           0  0.21s           2025-08-05T01:54:12
================================================================================
[2025-08-05T01:54:58.401+0000] {manager.py:889} INFO - 
================================================================================
DAG File Processing Stats

File Path                         PID    Runtime      # DAGs    # Errors  Last Runtime    Last Run
--------------------------------  -----  ---------  --------  ----------  --------------  -------------------
/opt/airflow/dags/project_dag.py                           1           0  0.21s           2025-08-05T01:54:43
================================================================================
[2025-08-05T01:55:04.590+0000] {manager.py:758} INFO - Searching for files in /opt/airflow/dags
[2025-08-05T01:55:04.613+0000] {manager.py:761} INFO - There are 1 files in /opt/airflow/dags
[2025-08-05T01:55:28.530+0000] {manager.py:889} INFO - 
================================================================================
DAG File Processing Stats

File Path                         PID    Runtime      # DAGs    # Errors  Last Runtime    Last Run
--------------------------------  -----  ---------  --------  ----------  --------------  -------------------
/opt/airflow/dags/project_dag.py                           1           0  0.21s           2025-08-05T01:55:13
================================================================================
[2025-08-05T01:55:58.558+0000] {manager.py:889} INFO - 
================================================================================
DAG File Processing Stats

File Path                         PID    Runtime      # DAGs    # Errors  Last Runtime    Last Run
--------------------------------  -----  ---------  --------  ----------  --------------  -------------------
/opt/airflow/dags/project_dag.py                           1           0  0.21s           2025-08-05T01:55:44
================================================================================
[2025-08-05T01:56:29.123+0000] {manager.py:889} INFO - 
================================================================================
DAG File Processing Stats

File Path                         PID    Runtime      # DAGs    # Errors  Last Runtime    Last Run
--------------------------------  -----  ---------  --------  ----------  --------------  -------------------
/opt/airflow/dags/project_dag.py                           1           0  0.31s           2025-08-05T01:56:14
================================================================================
[2025-08-05T01:56:59.879+0000] {manager.py:889} INFO - 
================================================================================
DAG File Processing Stats

File Path                         PID    Runtime      # DAGs    # Errors  Last Runtime    Last Run
--------------------------------  -----  ---------  --------  ----------  --------------  -------------------
/opt/airflow/dags/project_dag.py                           1           0  0.21s           2025-08-05T01:56:44
================================================================================
[2025-08-05T01:57:30.283+0000] {manager.py:889} INFO - 
================================================================================
DAG File Processing Stats

File Path                         PID    Runtime      # DAGs    # Errors  Last Runtime    Last Run
--------------------------------  -----  ---------  --------  ----------  --------------  -------------------
/opt/airflow/dags/project_dag.py                           1           0  0.21s           2025-08-05T01:57:15
================================================================================
[2025-08-05T01:58:00.783+0000] {manager.py:889} INFO - 
================================================================================
DAG File Processing Stats

File Path                         PID    Runtime      # DAGs    # Errors  Last Runtime    Last Run
--------------------------------  -----  ---------  --------  ----------  --------------  -------------------
/opt/airflow/dags/project_dag.py                           1           0  0.21s           2025-08-05T01:57:45
================================================================================
[2025-08-05T01:58:31.198+0000] {manager.py:889} INFO - 
================================================================================
DAG File Processing Stats

File Path                         PID    Runtime      # DAGs    # Errors  Last Runtime    Last Run
--------------------------------  -----  ---------  --------  ----------  --------------  -------------------
/opt/airflow/dags/project_dag.py                           1           0  0.21s           2025-08-05T01:58:16
================================================================================
[2025-08-05T01:59:01.511+0000] {manager.py:889} INFO - 
================================================================================
DAG File Processing Stats

File Path                         PID    Runtime      # DAGs    # Errors  Last Runtime    Last Run
--------------------------------  -----  ---------  --------  ----------  --------------  -------------------
/opt/airflow/dags/project_dag.py                           1           0  0.21s           2025-08-05T01:58:46
================================================================================
[2025-08-05T01:59:31.812+0000] {manager.py:889} INFO - 
================================================================================
DAG File Processing Stats

File Path                         PID    Runtime      # DAGs    # Errors  Last Runtime    Last Run
--------------------------------  -----  ---------  --------  ----------  --------------  -------------------
/opt/airflow/dags/project_dag.py                           1           0  0.21s           2025-08-05T01:59:16
================================================================================
[2025-08-05T02:00:03.118+0000] {manager.py:889} INFO - 
================================================================================
DAG File Processing Stats

File Path                         PID    Runtime      # DAGs    # Errors  Last Runtime    Last Run
--------------------------------  -----  ---------  --------  ----------  --------------  -------------------
/opt/airflow/dags/project_dag.py                           1           0  0.21s           2025-08-05T01:59:47
================================================================================
[2025-08-05T02:00:07.402+0000] {manager.py:758} INFO - Searching for files in /opt/airflow/dags
[2025-08-05T02:00:07.411+0000] {manager.py:761} INFO - There are 1 files in /opt/airflow/dags
[2025-08-05T02:00:33.586+0000] {manager.py:889} INFO - 
================================================================================
DAG File Processing Stats

File Path                         PID    Runtime      # DAGs    # Errors  Last Runtime    Last Run
--------------------------------  -----  ---------  --------  ----------  --------------  -------------------
/opt/airflow/dags/project_dag.py                           1           0  0.21s           2025-08-05T02:00:23
================================================================================
[2025-08-05T02:01:03.761+0000] {manager.py:889} INFO - 
================================================================================
DAG File Processing Stats

File Path                         PID    Runtime      # DAGs    # Errors  Last Runtime    Last Run
--------------------------------  -----  ---------  --------  ----------  --------------  -------------------
/opt/airflow/dags/project_dag.py                           1           0  0.21s           2025-08-05T02:00:54
================================================================================
[2025-08-05T02:01:33.994+0000] {manager.py:889} INFO - 
================================================================================
DAG File Processing Stats

File Path                         PID    Runtime      # DAGs    # Errors  Last Runtime    Last Run
--------------------------------  -----  ---------  --------  ----------  --------------  -------------------
/opt/airflow/dags/project_dag.py                           1           0  0.21s           2025-08-05T02:01:25
================================================================================
[2025-08-05T02:02:04.028+0000] {manager.py:889} INFO - 
================================================================================
DAG File Processing Stats

File Path                         PID    Runtime      # DAGs    # Errors  Last Runtime    Last Run
--------------------------------  -----  ---------  --------  ----------  --------------  -------------------
/opt/airflow/dags/project_dag.py                           1           0  0.26s           2025-08-05T02:01:55
================================================================================
[2025-08-05T02:02:34.698+0000] {manager.py:889} INFO - 
================================================================================
DAG File Processing Stats

File Path                         PID    Runtime      # DAGs    # Errors  Last Runtime    Last Run
--------------------------------  -----  ---------  --------  ----------  --------------  -------------------
/opt/airflow/dags/project_dag.py                           1           0  0.21s           2025-08-05T02:02:26
================================================================================
[2025-08-05T02:03:04.998+0000] {manager.py:889} INFO - 
================================================================================
DAG File Processing Stats

File Path                         PID    Runtime      # DAGs    # Errors  Last Runtime    Last Run
--------------------------------  -----  ---------  --------  ----------  --------------  -------------------
/opt/airflow/dags/project_dag.py                           1           0  0.21s           2025-08-05T02:02:57
================================================================================
[2025-08-05T02:03:35.289+0000] {manager.py:889} INFO - 
================================================================================
DAG File Processing Stats

File Path                         PID    Runtime      # DAGs    # Errors  Last Runtime    Last Run
--------------------------------  -----  ---------  --------  ----------  --------------  -------------------
/opt/airflow/dags/project_dag.py                           1           0  0.21s           2025-08-05T02:03:27
================================================================================
[2025-08-05T02:04:05.564+0000] {manager.py:889} INFO - 
================================================================================
DAG File Processing Stats

File Path                         PID    Runtime      # DAGs    # Errors  Last Runtime    Last Run
--------------------------------  -----  ---------  --------  ----------  --------------  -------------------
/opt/airflow/dags/project_dag.py                           1           0  0.21s           2025-08-05T02:03:58
================================================================================
[2025-08-05T02:04:35.908+0000] {manager.py:889} INFO - 
================================================================================
DAG File Processing Stats

File Path                         PID    Runtime      # DAGs    # Errors  Last Runtime    Last Run
--------------------------------  -----  ---------  --------  ----------  --------------  -------------------
/opt/airflow/dags/project_dag.py                           1           0  0.21s           2025-08-05T02:04:29
================================================================================
[2025-08-05T02:05:06.119+0000] {manager.py:889} INFO - 
================================================================================
DAG File Processing Stats

File Path                         PID    Runtime      # DAGs    # Errors  Last Runtime    Last Run
--------------------------------  -----  ---------  --------  ----------  --------------  -------------------
/opt/airflow/dags/project_dag.py                           1           0  0.21s           2025-08-05T02:04:59
================================================================================
[2025-08-05T02:05:08.307+0000] {manager.py:758} INFO - Searching for files in /opt/airflow/dags
[2025-08-05T02:05:08.325+0000] {manager.py:761} INFO - There are 1 files in /opt/airflow/dags
[2025-08-05T02:05:36.425+0000] {manager.py:889} INFO - 
================================================================================
DAG File Processing Stats

File Path                         PID    Runtime      # DAGs    # Errors  Last Runtime    Last Run
--------------------------------  -----  ---------  --------  ----------  --------------  -------------------
/opt/airflow/dags/project_dag.py                           1           0  0.21s           2025-08-05T02:05:29
================================================================================
[2025-08-05T02:06:06.698+0000] {manager.py:889} INFO - 
================================================================================
DAG File Processing Stats

File Path                         PID    Runtime      # DAGs    # Errors  Last Runtime    Last Run
--------------------------------  -----  ---------  --------  ----------  --------------  -------------------
/opt/airflow/dags/project_dag.py                           1           0  0.21s           2025-08-05T02:06:00
================================================================================
[2025-08-05T02:06:36.792+0000] {manager.py:889} INFO - 
================================================================================
DAG File Processing Stats

File Path                         PID    Runtime      # DAGs    # Errors  Last Runtime    Last Run
--------------------------------  -----  ---------  --------  ----------  --------------  -------------------
/opt/airflow/dags/project_dag.py                           1           0  0.21s           2025-08-05T02:06:30
================================================================================
[2025-08-05T02:07:07.225+0000] {manager.py:889} INFO - 
================================================================================
DAG File Processing Stats

File Path                         PID    Runtime      # DAGs    # Errors  Last Runtime    Last Run
--------------------------------  -----  ---------  --------  ----------  --------------  -------------------
/opt/airflow/dags/project_dag.py                           1           0  0.21s           2025-08-05T02:07:00
================================================================================
[2025-08-05T02:07:37.548+0000] {manager.py:889} INFO - 
================================================================================
DAG File Processing Stats

File Path                         PID    Runtime      # DAGs    # Errors  Last Runtime    Last Run
--------------------------------  -----  ---------  --------  ----------  --------------  -------------------
/opt/airflow/dags/project_dag.py                           1           0  0.21s           2025-08-05T02:07:31
================================================================================
[2025-08-05T02:08:07.622+0000] {manager.py:889} INFO - 
================================================================================
DAG File Processing Stats

File Path                         PID    Runtime      # DAGs    # Errors  Last Runtime    Last Run
--------------------------------  -----  ---------  --------  ----------  --------------  -------------------
/opt/airflow/dags/project_dag.py                           1           0  0.21s           2025-08-05T02:08:01
================================================================================
[2025-08-05T02:08:38.167+0000] {manager.py:889} INFO - 
================================================================================
DAG File Processing Stats

File Path                         PID    Runtime      # DAGs    # Errors  Last Runtime    Last Run
--------------------------------  -----  ---------  --------  ----------  --------------  -------------------
/opt/airflow/dags/project_dag.py                           1           0  0.21s           2025-08-05T02:08:32
================================================================================
[2025-08-05T02:09:08.501+0000] {manager.py:889} INFO - 
================================================================================
DAG File Processing Stats

File Path                         PID    Runtime      # DAGs    # Errors  Last Runtime    Last Run
--------------------------------  -----  ---------  --------  ----------  --------------  -------------------
/opt/airflow/dags/project_dag.py                           1           0  0.21s           2025-08-05T02:09:02
================================================================================
[2025-08-05T02:09:38.811+0000] {manager.py:889} INFO - 
================================================================================
DAG File Processing Stats

File Path                         PID    Runtime      # DAGs    # Errors  Last Runtime    Last Run
--------------------------------  -----  ---------  --------  ----------  --------------  -------------------
/opt/airflow/dags/project_dag.py                           1           0  0.21s           2025-08-05T02:09:33
================================================================================
[2025-08-05T02:10:09.065+0000] {manager.py:758} INFO - Searching for files in /opt/airflow/dags
[2025-08-05T02:10:09.078+0000] {manager.py:761} INFO - There are 1 files in /opt/airflow/dags
[2025-08-05T02:10:09.089+0000] {manager.py:889} INFO - 
================================================================================
DAG File Processing Stats

File Path                         PID    Runtime      # DAGs    # Errors  Last Runtime    Last Run
--------------------------------  -----  ---------  --------  ----------  --------------  -------------------
/opt/airflow/dags/project_dag.py                           1           0  0.21s           2025-08-05T02:10:04
================================================================================
[2025-08-05T02:10:39.361+0000] {manager.py:889} INFO - 
================================================================================
DAG File Processing Stats

File Path                         PID    Runtime      # DAGs    # Errors  Last Runtime    Last Run
--------------------------------  -----  ---------  --------  ----------  --------------  -------------------
/opt/airflow/dags/project_dag.py                           1           0  0.21s           2025-08-05T02:10:34
================================================================================
[2025-08-05T02:11:09.655+0000] {manager.py:889} INFO - 
================================================================================
DAG File Processing Stats

File Path                         PID    Runtime      # DAGs    # Errors  Last Runtime    Last Run
--------------------------------  -----  ---------  --------  ----------  --------------  -------------------
/opt/airflow/dags/project_dag.py                           1           0  0.21s           2025-08-05T02:11:05
================================================================================
[2025-08-05T02:11:39.827+0000] {manager.py:889} INFO - 
================================================================================
DAG File Processing Stats

File Path                         PID    Runtime      # DAGs    # Errors  Last Runtime    Last Run
--------------------------------  -----  ---------  --------  ----------  --------------  -------------------
/opt/airflow/dags/project_dag.py                           1           0  0.31s           2025-08-05T02:11:36
================================================================================
[2025-08-05T02:12:10.227+0000] {manager.py:889} INFO - 
================================================================================
DAG File Processing Stats

File Path                         PID    Runtime      # DAGs    # Errors  Last Runtime    Last Run
--------------------------------  -----  ---------  --------  ----------  --------------  -------------------
/opt/airflow/dags/project_dag.py                           1           0  0.21s           2025-08-05T02:12:06
================================================================================
[2025-08-05T02:12:40.643+0000] {manager.py:889} INFO - 
================================================================================
DAG File Processing Stats

File Path                         PID    Runtime      # DAGs    # Errors  Last Runtime    Last Run
--------------------------------  -----  ---------  --------  ----------  --------------  -------------------
/opt/airflow/dags/project_dag.py                           1           0  0.21s           2025-08-05T02:12:37
================================================================================
[2025-08-05T02:13:10.949+0000] {manager.py:889} INFO - 
================================================================================
DAG File Processing Stats

File Path                         PID    Runtime      # DAGs    # Errors  Last Runtime    Last Run
--------------------------------  -----  ---------  --------  ----------  --------------  -------------------
/opt/airflow/dags/project_dag.py                           1           0  0.21s           2025-08-05T02:13:07
================================================================================
[2025-08-05T02:13:41.188+0000] {manager.py:889} INFO - 
================================================================================
DAG File Processing Stats

File Path                         PID    Runtime      # DAGs    # Errors  Last Runtime    Last Run
--------------------------------  -----  ---------  --------  ----------  --------------  -------------------
/opt/airflow/dags/project_dag.py                           1           0  0.21s           2025-08-05T02:13:38
================================================================================
[2025-08-05T02:14:11.485+0000] {manager.py:889} INFO - 
================================================================================
DAG File Processing Stats

File Path                         PID    Runtime      # DAGs    # Errors  Last Runtime    Last Run
--------------------------------  -----  ---------  --------  ----------  --------------  -------------------
/opt/airflow/dags/project_dag.py                           1           0  0.22s           2025-08-05T02:14:09
================================================================================
[2025-08-05T02:14:41.763+0000] {manager.py:889} INFO - 
================================================================================
DAG File Processing Stats

File Path                         PID    Runtime      # DAGs    # Errors  Last Runtime    Last Run
--------------------------------  -----  ---------  --------  ----------  --------------  -------------------
/opt/airflow/dags/project_dag.py                           1           0  0.21s           2025-08-05T02:14:39
================================================================================
[2025-08-05T02:15:09.989+0000] {manager.py:758} INFO - Searching for files in /opt/airflow/dags
[2025-08-05T02:15:10.014+0000] {manager.py:761} INFO - There are 1 files in /opt/airflow/dags
[2025-08-05T02:15:11.803+0000] {manager.py:889} INFO - 
================================================================================
DAG File Processing Stats

File Path                         PID    Runtime      # DAGs    # Errors  Last Runtime    Last Run
--------------------------------  -----  ---------  --------  ----------  --------------  -------------------
/opt/airflow/dags/project_dag.py                           1           0  0.21s           2025-08-05T02:15:10
================================================================================
[2025-08-05T02:15:41.933+0000] {manager.py:889} INFO - 
================================================================================
DAG File Processing Stats

File Path                         PID    Runtime      # DAGs    # Errors  Last Runtime    Last Run
--------------------------------  -----  ---------  --------  ----------  --------------  -------------------
/opt/airflow/dags/project_dag.py                           1           0  0.21s           2025-08-05T02:15:40
================================================================================
[2025-08-05T02:16:12.530+0000] {manager.py:889} INFO - 
================================================================================
DAG File Processing Stats

File Path                         PID    Runtime      # DAGs    # Errors  Last Runtime    Last Run
--------------------------------  -----  ---------  --------  ----------  --------------  -------------------
/opt/airflow/dags/project_dag.py                           1           0  0.21s           2025-08-05T02:16:11
================================================================================
[2025-08-05T02:16:42.818+0000] {manager.py:889} INFO - 
================================================================================
DAG File Processing Stats

File Path                         PID    Runtime      # DAGs    # Errors  Last Runtime    Last Run
--------------------------------  -----  ---------  --------  ----------  --------------  -------------------
/opt/airflow/dags/project_dag.py                           1           0  0.21s           2025-08-05T02:16:41
================================================================================
[2025-08-05T02:17:13.095+0000] {manager.py:889} INFO - 
================================================================================
DAG File Processing Stats

File Path                         PID    Runtime      # DAGs    # Errors  Last Runtime    Last Run
--------------------------------  -----  ---------  --------  ----------  --------------  -------------------
/opt/airflow/dags/project_dag.py                           1           0  0.21s           2025-08-05T02:17:12
================================================================================
[2025-08-05T02:17:43.473+0000] {manager.py:889} INFO - 
================================================================================
DAG File Processing Stats

File Path                         PID    Runtime      # DAGs    # Errors  Last Runtime    Last Run
--------------------------------  -----  ---------  --------  ----------  --------------  -------------------
/opt/airflow/dags/project_dag.py                           1           0  0.21s           2025-08-05T02:17:43
================================================================================
[2025-08-05T02:18:13.671+0000] {manager.py:889} INFO - 
================================================================================
DAG File Processing Stats

File Path                         PID    Runtime      # DAGs    # Errors  Last Runtime    Last Run
--------------------------------  -----  ---------  --------  ----------  --------------  -------------------
/opt/airflow/dags/project_dag.py                           1           0  0.21s           2025-08-05T02:18:13
================================================================================
[2025-08-05T02:18:44.189+0000] {manager.py:889} INFO - 
================================================================================
DAG File Processing Stats

File Path                         PID    Runtime      # DAGs    # Errors  Last Runtime    Last Run
--------------------------------  -----  ---------  --------  ----------  --------------  -------------------
/opt/airflow/dags/project_dag.py                           1           0  0.21s           2025-08-05T02:18:44
================================================================================
[2025-08-05T02:19:14.647+0000] {manager.py:889} INFO - 
================================================================================
DAG File Processing Stats

File Path                         PID    Runtime      # DAGs    # Errors  Last Runtime    Last Run
--------------------------------  -----  ---------  --------  ----------  --------------  -------------------
/opt/airflow/dags/project_dag.py                           1           0  0.21s           2025-08-05T02:19:14
================================================================================
[2025-08-05T02:19:45.153+0000] {manager.py:889} INFO - 
================================================================================
DAG File Processing Stats

File Path                         PID    Runtime      # DAGs    # Errors  Last Runtime    Last Run
--------------------------------  -----  ---------  --------  ----------  --------------  -------------------
/opt/airflow/dags/project_dag.py                           1           0  0.21s           2025-08-05T02:19:45
================================================================================
[2025-08-05T02:20:10.689+0000] {manager.py:758} INFO - Searching for files in /opt/airflow/dags
[2025-08-05T02:20:10.712+0000] {manager.py:761} INFO - There are 1 files in /opt/airflow/dags
[2025-08-05T02:20:15.661+0000] {manager.py:889} INFO - 
================================================================================
DAG File Processing Stats

File Path                         PID    Runtime      # DAGs    # Errors  Last Runtime    Last Run
--------------------------------  -----  ---------  --------  ----------  --------------  -------------------
/opt/airflow/dags/project_dag.py                           1           0  0.21s           2025-08-05T02:20:15
================================================================================
[2025-08-05T02:20:46.179+0000] {manager.py:889} INFO - 
================================================================================
DAG File Processing Stats

File Path                         PID    Runtime      # DAGs    # Errors  Last Runtime    Last Run
--------------------------------  -----  ---------  --------  ----------  --------------  -------------------
/opt/airflow/dags/project_dag.py                           1           0  0.21s           2025-08-05T02:20:46
================================================================================
[2025-08-05T02:21:16.780+0000] {manager.py:889} INFO - 
================================================================================
DAG File Processing Stats

File Path                         PID    Runtime      # DAGs    # Errors  Last Runtime    Last Run
--------------------------------  -----  ---------  --------  ----------  --------------  -------------------
/opt/airflow/dags/project_dag.py                           1           0  0.31s           2025-08-05T02:21:16
================================================================================
[2025-08-05T02:21:47.211+0000] {manager.py:889} INFO - 
================================================================================
DAG File Processing Stats

File Path                         PID    Runtime      # DAGs    # Errors  Last Runtime    Last Run
--------------------------------  -----  ---------  --------  ----------  --------------  -------------------
/opt/airflow/dags/project_dag.py                           1           0  0.21s           2025-08-05T02:21:47
================================================================================
[2025-08-05T02:22:17.620+0000] {manager.py:889} INFO - 
================================================================================
DAG File Processing Stats

File Path                         PID    Runtime      # DAGs    # Errors  Last Runtime    Last Run
--------------------------------  -----  ---------  --------  ----------  --------------  -------------------
/opt/airflow/dags/project_dag.py                           1           0  0.21s           2025-08-05T02:22:17
================================================================================
[2025-08-05T02:22:48.136+0000] {manager.py:889} INFO - 
================================================================================
DAG File Processing Stats

File Path                         PID    Runtime      # DAGs    # Errors  Last Runtime    Last Run
--------------------------------  -----  ---------  --------  ----------  --------------  -------------------
/opt/airflow/dags/project_dag.py                           1           0  0.21s           2025-08-05T02:22:48
================================================================================
[2025-08-05T02:23:18.363+0000] {manager.py:889} INFO - 
================================================================================
DAG File Processing Stats

File Path                         PID    Runtime      # DAGs    # Errors  Last Runtime    Last Run
--------------------------------  -----  ---------  --------  ----------  --------------  -------------------
/opt/airflow/dags/project_dag.py                           1           0  0.21s           2025-08-05T02:23:18
================================================================================
[2025-08-05T02:23:48.766+0000] {manager.py:889} INFO - 
================================================================================
DAG File Processing Stats

File Path                         PID    Runtime      # DAGs    # Errors  Last Runtime    Last Run
--------------------------------  -----  ---------  --------  ----------  --------------  -------------------
/opt/airflow/dags/project_dag.py                           1           0  0.21s           2025-08-05T02:23:48
================================================================================
[2025-08-05T02:24:19.180+0000] {manager.py:889} INFO - 
================================================================================
DAG File Processing Stats

File Path                         PID    Runtime      # DAGs    # Errors  Last Runtime    Last Run
--------------------------------  -----  ---------  --------  ----------  --------------  -------------------
/opt/airflow/dags/project_dag.py                           1           0  0.21s           2025-08-05T02:24:19
================================================================================
[2025-08-05T02:24:49.664+0000] {manager.py:889} INFO - 
================================================================================
DAG File Processing Stats

File Path                         PID    Runtime      # DAGs    # Errors  Last Runtime    Last Run
--------------------------------  -----  ---------  --------  ----------  --------------  -------------------
/opt/airflow/dags/project_dag.py                           1           0  0.21s           2025-08-05T02:24:49
================================================================================
[2025-08-05T02:25:10.968+0000] {manager.py:758} INFO - Searching for files in /opt/airflow/dags
[2025-08-05T02:25:11.041+0000] {manager.py:761} INFO - There are 1 files in /opt/airflow/dags
[2025-08-05T02:25:20.105+0000] {manager.py:889} INFO - 
================================================================================
DAG File Processing Stats

File Path                         PID    Runtime      # DAGs    # Errors  Last Runtime    Last Run
--------------------------------  -----  ---------  --------  ----------  --------------  -------------------
/opt/airflow/dags/project_dag.py                           1           0  0.21s           2025-08-05T02:25:20
================================================================================
[2025-08-05T02:25:50.511+0000] {manager.py:889} INFO - 
================================================================================
DAG File Processing Stats

File Path                         PID    Runtime      # DAGs    # Errors  Last Runtime    Last Run
--------------------------------  -----  ---------  --------  ----------  --------------  -------------------
/opt/airflow/dags/project_dag.py                           1           0  0.21s           2025-08-05T02:25:50
================================================================================
[2025-08-05T02:26:21.051+0000] {manager.py:889} INFO - 
================================================================================
DAG File Processing Stats

File Path                         PID    Runtime      # DAGs    # Errors  Last Runtime    Last Run
--------------------------------  -----  ---------  --------  ----------  --------------  -------------------
/opt/airflow/dags/project_dag.py                           1           0  0.21s           2025-08-05T02:26:21
================================================================================
[2025-08-05T02:26:52.117+0000] {manager.py:889} INFO - 
================================================================================
DAG File Processing Stats

File Path                         PID    Runtime      # DAGs    # Errors  Last Runtime    Last Run
--------------------------------  -----  ---------  --------  ----------  --------------  -------------------
/opt/airflow/dags/project_dag.py                           1           0  0.40s           2025-08-05T02:26:52
================================================================================
[2025-08-05T02:27:22.450+0000] {manager.py:889} INFO - 
================================================================================
DAG File Processing Stats

File Path                         PID    Runtime      # DAGs    # Errors  Last Runtime    Last Run
--------------------------------  -----  ---------  --------  ----------  --------------  -------------------
/opt/airflow/dags/project_dag.py                           1           0  0.21s           2025-08-05T02:27:22
================================================================================
[2025-08-05T02:27:52.876+0000] {manager.py:889} INFO - 
================================================================================
DAG File Processing Stats

File Path                         PID    Runtime      # DAGs    # Errors  Last Runtime    Last Run
--------------------------------  -----  ---------  --------  ----------  --------------  -------------------
/opt/airflow/dags/project_dag.py                           1           0  0.21s           2025-08-05T02:27:52
================================================================================
[2025-08-05T02:28:23.281+0000] {manager.py:889} INFO - 
================================================================================
DAG File Processing Stats

File Path                         PID    Runtime      # DAGs    # Errors  Last Runtime    Last Run
--------------------------------  -----  ---------  --------  ----------  --------------  -------------------
/opt/airflow/dags/project_dag.py                           1           0  0.21s           2025-08-05T02:28:23
================================================================================
[2025-08-05T02:28:53.678+0000] {manager.py:889} INFO - 
================================================================================
DAG File Processing Stats

File Path                         PID    Runtime      # DAGs    # Errors  Last Runtime    Last Run
--------------------------------  -----  ---------  --------  ----------  --------------  -------------------
/opt/airflow/dags/project_dag.py                           1           0  0.21s           2025-08-05T02:28:53
================================================================================
[2025-08-05T02:29:24.130+0000] {manager.py:889} INFO - 
================================================================================
DAG File Processing Stats

File Path                         PID    Runtime      # DAGs    # Errors  Last Runtime    Last Run
--------------------------------  -----  ---------  --------  ----------  --------------  -------------------
/opt/airflow/dags/project_dag.py                           1           0  0.21s           2025-08-05T02:29:24
================================================================================
[2025-08-05T02:29:54.534+0000] {manager.py:889} INFO - 
================================================================================
DAG File Processing Stats

File Path                         PID    Runtime      # DAGs    # Errors  Last Runtime    Last Run
--------------------------------  -----  ---------  --------  ----------  --------------  -------------------
/opt/airflow/dags/project_dag.py                           1           0  0.21s           2025-08-05T02:29:54
================================================================================
[2025-08-05T02:30:11.832+0000] {manager.py:758} INFO - Searching for files in /opt/airflow/dags
[2025-08-05T02:30:11.850+0000] {manager.py:761} INFO - There are 1 files in /opt/airflow/dags
[2025-08-05T02:30:24.921+0000] {manager.py:889} INFO - 
================================================================================
DAG File Processing Stats

File Path                         PID    Runtime      # DAGs    # Errors  Last Runtime    Last Run
--------------------------------  -----  ---------  --------  ----------  --------------  -------------------
/opt/airflow/dags/project_dag.py                           1           0  0.21s           2025-08-05T02:30:24
================================================================================
[2025-08-05T02:30:55.338+0000] {manager.py:889} INFO - 
================================================================================
DAG File Processing Stats

File Path                         PID    Runtime      # DAGs    # Errors  Last Runtime    Last Run
--------------------------------  -----  ---------  --------  ----------  --------------  -------------------
/opt/airflow/dags/project_dag.py                           1           0  0.21s           2025-08-05T02:30:55
================================================================================
[2025-08-05T02:31:25.765+0000] {manager.py:889} INFO - 
================================================================================
DAG File Processing Stats

File Path                         PID    Runtime      # DAGs    # Errors  Last Runtime    Last Run
--------------------------------  -----  ---------  --------  ----------  --------------  -------------------
/opt/airflow/dags/project_dag.py                           1           0  0.21s           2025-08-05T02:31:25
================================================================================
[2025-08-05T02:31:56.012+0000] {manager.py:889} INFO - 
================================================================================
DAG File Processing Stats

File Path                         PID    Runtime      # DAGs    # Errors  Last Runtime    Last Run
--------------------------------  -----  ---------  --------  ----------  --------------  -------------------
/opt/airflow/dags/project_dag.py                           1           0  0.21s           2025-08-05T02:31:56
================================================================================
[2025-08-05T02:32:26.418+0000] {manager.py:889} INFO - 
================================================================================
DAG File Processing Stats

File Path                         PID    Runtime      # DAGs    # Errors  Last Runtime    Last Run
--------------------------------  -----  ---------  --------  ----------  --------------  -------------------
/opt/airflow/dags/project_dag.py                           1           0  0.21s           2025-08-05T02:32:26
================================================================================
[2025-08-05T02:32:56.857+0000] {manager.py:889} INFO - 
================================================================================
DAG File Processing Stats

File Path                         PID    Runtime      # DAGs    # Errors  Last Runtime    Last Run
--------------------------------  -----  ---------  --------  ----------  --------------  -------------------
/opt/airflow/dags/project_dag.py                           1           0  0.21s           2025-08-05T02:32:56
================================================================================
[2025-08-05T02:33:27.269+0000] {manager.py:889} INFO - 
================================================================================
DAG File Processing Stats

File Path                         PID    Runtime      # DAGs    # Errors  Last Runtime    Last Run
--------------------------------  -----  ---------  --------  ----------  --------------  -------------------
/opt/airflow/dags/project_dag.py                           1           0  0.21s           2025-08-05T02:33:27
================================================================================
[2025-08-05T02:33:57.689+0000] {manager.py:889} INFO - 
================================================================================
DAG File Processing Stats

File Path                         PID    Runtime      # DAGs    # Errors  Last Runtime    Last Run
--------------------------------  -----  ---------  --------  ----------  --------------  -------------------
/opt/airflow/dags/project_dag.py                           1           0  0.21s           2025-08-05T02:33:57
================================================================================
[2025-08-05T02:34:27.940+0000] {manager.py:889} INFO - 
================================================================================
DAG File Processing Stats

File Path                         PID    Runtime      # DAGs    # Errors  Last Runtime    Last Run
--------------------------------  -----  ---------  --------  ----------  --------------  -------------------
/opt/airflow/dags/project_dag.py                           1           0  0.21s           2025-08-05T02:34:27
================================================================================
[2025-08-05T02:34:58.331+0000] {manager.py:889} INFO - 
================================================================================
DAG File Processing Stats

File Path                         PID    Runtime      # DAGs    # Errors  Last Runtime    Last Run
--------------------------------  -----  ---------  --------  ----------  --------------  -------------------
/opt/airflow/dags/project_dag.py                           1           0  0.21s           2025-08-05T02:34:58
================================================================================
[2025-08-05T02:35:12.580+0000] {manager.py:758} INFO - Searching for files in /opt/airflow/dags
[2025-08-05T02:35:12.587+0000] {manager.py:761} INFO - There are 1 files in /opt/airflow/dags
[2025-08-05T02:35:28.748+0000] {manager.py:889} INFO - 
================================================================================
DAG File Processing Stats

File Path                         PID    Runtime      # DAGs    # Errors  Last Runtime    Last Run
--------------------------------  -----  ---------  --------  ----------  --------------  -------------------
/opt/airflow/dags/project_dag.py                           1           0  0.21s           2025-08-05T02:35:28
================================================================================
[2025-08-05T02:35:59.279+0000] {manager.py:889} INFO - 
================================================================================
DAG File Processing Stats

File Path                         PID    Runtime      # DAGs    # Errors  Last Runtime    Last Run
--------------------------------  -----  ---------  --------  ----------  --------------  -------------------
/opt/airflow/dags/project_dag.py                           1           0  0.31s           2025-08-05T02:35:59
================================================================================
[2025-08-05T02:36:29.710+0000] {manager.py:889} INFO - 
================================================================================
DAG File Processing Stats

File Path                         PID    Runtime      # DAGs    # Errors  Last Runtime    Last Run
--------------------------------  -----  ---------  --------  ----------  --------------  -------------------
/opt/airflow/dags/project_dag.py                           1           0  0.21s           2025-08-05T02:36:29
================================================================================
[2025-08-05T02:37:00.219+0000] {manager.py:889} INFO - 
================================================================================
DAG File Processing Stats

File Path                         PID    Runtime      # DAGs    # Errors  Last Runtime    Last Run
--------------------------------  -----  ---------  --------  ----------  --------------  -------------------
/opt/airflow/dags/project_dag.py                           1           0  0.21s           2025-08-05T02:37:00
================================================================================
[2025-08-05T02:37:30.618+0000] {manager.py:889} INFO - 
================================================================================
DAG File Processing Stats

File Path                         PID    Runtime      # DAGs    # Errors  Last Runtime    Last Run
--------------------------------  -----  ---------  --------  ----------  --------------  -------------------
/opt/airflow/dags/project_dag.py                           1           0  0.20s           2025-08-05T02:37:30
================================================================================
[2025-08-05T02:38:01.053+0000] {manager.py:889} INFO - 
================================================================================
DAG File Processing Stats

File Path                         PID    Runtime      # DAGs    # Errors  Last Runtime    Last Run
--------------------------------  -----  ---------  --------  ----------  --------------  -------------------
/opt/airflow/dags/project_dag.py                           1           0  0.21s           2025-08-05T02:38:01
================================================================================
[2025-08-05T02:38:31.440+0000] {manager.py:889} INFO - 
================================================================================
DAG File Processing Stats

File Path                         PID    Runtime      # DAGs    # Errors  Last Runtime    Last Run
--------------------------------  -----  ---------  --------  ----------  --------------  -------------------
/opt/airflow/dags/project_dag.py                           1           0  0.21s           2025-08-05T02:38:31
================================================================================
[2025-08-05T02:39:01.858+0000] {manager.py:889} INFO - 
================================================================================
DAG File Processing Stats

File Path                         PID    Runtime      # DAGs    # Errors  Last Runtime    Last Run
--------------------------------  -----  ---------  --------  ----------  --------------  -------------------
/opt/airflow/dags/project_dag.py                           1           0  0.21s           2025-08-05T02:39:01
================================================================================
[2025-08-05T02:39:32.270+0000] {manager.py:889} INFO - 
================================================================================
DAG File Processing Stats

File Path                         PID    Runtime      # DAGs    # Errors  Last Runtime    Last Run
--------------------------------  -----  ---------  --------  ----------  --------------  -------------------
/opt/airflow/dags/project_dag.py                           1           0  0.21s           2025-08-05T02:39:32
================================================================================
[2025-08-05T02:40:02.687+0000] {manager.py:889} INFO - 
================================================================================
DAG File Processing Stats

File Path                         PID    Runtime      # DAGs    # Errors  Last Runtime    Last Run
--------------------------------  -----  ---------  --------  ----------  --------------  -------------------
/opt/airflow/dags/project_dag.py                           1           0  0.21s           2025-08-05T02:40:02
================================================================================
[2025-08-05T02:40:12.794+0000] {manager.py:758} INFO - Searching for files in /opt/airflow/dags
[2025-08-05T02:40:12.811+0000] {manager.py:761} INFO - There are 1 files in /opt/airflow/dags
[2025-08-05T02:40:33.102+0000] {manager.py:889} INFO - 
================================================================================
DAG File Processing Stats

File Path                         PID    Runtime      # DAGs    # Errors  Last Runtime    Last Run
--------------------------------  -----  ---------  --------  ----------  --------------  -------------------
/opt/airflow/dags/project_dag.py                           1           0  0.21s           2025-08-05T02:40:33
================================================================================
[2025-08-05T02:41:03.406+0000] {manager.py:889} INFO - 
================================================================================
DAG File Processing Stats

File Path                         PID    Runtime      # DAGs    # Errors  Last Runtime    Last Run
--------------------------------  -----  ---------  --------  ----------  --------------  -------------------
/opt/airflow/dags/project_dag.py                           1           0  0.21s           2025-08-05T02:41:03
================================================================================
[2025-08-05T02:41:33.819+0000] {manager.py:889} INFO - 
================================================================================
DAG File Processing Stats

File Path                         PID    Runtime      # DAGs    # Errors  Last Runtime    Last Run
--------------------------------  -----  ---------  --------  ----------  --------------  -------------------
/opt/airflow/dags/project_dag.py                           1           0  0.21s           2025-08-05T02:41:33
================================================================================
[2025-08-05T02:42:04.233+0000] {manager.py:889} INFO - 
================================================================================
DAG File Processing Stats

File Path                         PID    Runtime      # DAGs    # Errors  Last Runtime    Last Run
--------------------------------  -----  ---------  --------  ----------  --------------  -------------------
/opt/airflow/dags/project_dag.py                           1           0  0.21s           2025-08-05T02:42:04
================================================================================
[2025-08-05T02:42:34.691+0000] {manager.py:889} INFO - 
================================================================================
DAG File Processing Stats

File Path                         PID    Runtime      # DAGs    # Errors  Last Runtime    Last Run
--------------------------------  -----  ---------  --------  ----------  --------------  -------------------
/opt/airflow/dags/project_dag.py                           1           0  0.21s           2025-08-05T02:42:34
================================================================================
[2025-08-05T02:43:05.119+0000] {manager.py:889} INFO - 
================================================================================
DAG File Processing Stats

File Path                         PID    Runtime      # DAGs    # Errors  Last Runtime    Last Run
--------------------------------  -----  ---------  --------  ----------  --------------  -------------------
/opt/airflow/dags/project_dag.py                           1           0  0.21s           2025-08-05T02:43:05
================================================================================
[2025-08-05T02:43:35.551+0000] {manager.py:889} INFO - 
================================================================================
DAG File Processing Stats

File Path                         PID    Runtime      # DAGs    # Errors  Last Runtime    Last Run
--------------------------------  -----  ---------  --------  ----------  --------------  -------------------
/opt/airflow/dags/project_dag.py                           1           0  0.21s           2025-08-05T02:43:35
================================================================================
[2025-08-05T02:44:05.970+0000] {manager.py:889} INFO - 
================================================================================
DAG File Processing Stats

File Path                         PID    Runtime      # DAGs    # Errors  Last Runtime    Last Run
--------------------------------  -----  ---------  --------  ----------  --------------  -------------------
/opt/airflow/dags/project_dag.py                           1           0  0.21s           2025-08-05T02:44:05
================================================================================
[2025-08-05T02:44:36.223+0000] {manager.py:889} INFO - 
================================================================================
DAG File Processing Stats

File Path                         PID    Runtime      # DAGs    # Errors  Last Runtime    Last Run
--------------------------------  -----  ---------  --------  ----------  --------------  -------------------
/opt/airflow/dags/project_dag.py                           1           0  0.21s           2025-08-05T02:44:36
================================================================================
[2025-08-05T02:45:06.650+0000] {manager.py:889} INFO - 
================================================================================
DAG File Processing Stats

File Path                         PID    Runtime      # DAGs    # Errors  Last Runtime    Last Run
--------------------------------  -----  ---------  --------  ----------  --------------  -------------------
/opt/airflow/dags/project_dag.py                           1           0  0.21s           2025-08-05T02:45:06
================================================================================
[2025-08-05T02:45:12.870+0000] {manager.py:758} INFO - Searching for files in /opt/airflow/dags
[2025-08-05T02:45:12.880+0000] {manager.py:761} INFO - There are 1 files in /opt/airflow/dags
[2025-08-05T02:45:37.068+0000] {manager.py:889} INFO - 
================================================================================
DAG File Processing Stats

File Path                         PID    Runtime      # DAGs    # Errors  Last Runtime    Last Run
--------------------------------  -----  ---------  --------  ----------  --------------  -------------------
/opt/airflow/dags/project_dag.py                           1           0  0.21s           2025-08-05T02:45:37
================================================================================
[2025-08-05T02:46:07.387+0000] {manager.py:889} INFO - 
================================================================================
DAG File Processing Stats

File Path                         PID    Runtime      # DAGs    # Errors  Last Runtime    Last Run
--------------------------------  -----  ---------  --------  ----------  --------------  -------------------
/opt/airflow/dags/project_dag.py                           1           0  0.21s           2025-08-05T02:46:07
================================================================================
[2025-08-05T02:46:37.824+0000] {manager.py:889} INFO - 
================================================================================
DAG File Processing Stats

File Path                         PID    Runtime      # DAGs    # Errors  Last Runtime    Last Run
--------------------------------  -----  ---------  --------  ----------  --------------  -------------------
/opt/airflow/dags/project_dag.py                           1           0  0.21s           2025-08-05T02:46:37
================================================================================
[2025-08-05T02:47:08.285+0000] {manager.py:889} INFO - 
================================================================================
DAG File Processing Stats

File Path                         PID    Runtime      # DAGs    # Errors  Last Runtime    Last Run
--------------------------------  -----  ---------  --------  ----------  --------------  -------------------
/opt/airflow/dags/project_dag.py                           1           0  0.31s           2025-08-05T02:47:08
================================================================================
[2025-08-05T02:47:38.775+0000] {manager.py:889} INFO - 
================================================================================
DAG File Processing Stats

File Path                         PID    Runtime      # DAGs    # Errors  Last Runtime    Last Run
--------------------------------  -----  ---------  --------  ----------  --------------  -------------------
/opt/airflow/dags/project_dag.py                           1           0  0.21s           2025-08-05T02:47:38
================================================================================
[2025-08-05T02:48:09.210+0000] {manager.py:889} INFO - 
================================================================================
DAG File Processing Stats

File Path                         PID    Runtime      # DAGs    # Errors  Last Runtime    Last Run
--------------------------------  -----  ---------  --------  ----------  --------------  -------------------
/opt/airflow/dags/project_dag.py                           1           0  0.21s           2025-08-05T02:48:09
================================================================================
[2025-08-05T02:48:39.621+0000] {manager.py:889} INFO - 
================================================================================
DAG File Processing Stats

File Path                         PID    Runtime      # DAGs    # Errors  Last Runtime    Last Run
--------------------------------  -----  ---------  --------  ----------  --------------  -------------------
/opt/airflow/dags/project_dag.py                           1           0  0.21s           2025-08-05T02:48:39
================================================================================
[2025-08-05T02:49:10.069+0000] {manager.py:889} INFO - 
================================================================================
DAG File Processing Stats

File Path                         PID    Runtime      # DAGs    # Errors  Last Runtime    Last Run
--------------------------------  -----  ---------  --------  ----------  --------------  -------------------
/opt/airflow/dags/project_dag.py                           1           0  0.21s           2025-08-05T02:49:10
================================================================================
[2025-08-05T02:49:40.377+0000] {manager.py:889} INFO - 
================================================================================
DAG File Processing Stats

File Path                         PID    Runtime      # DAGs    # Errors  Last Runtime    Last Run
--------------------------------  -----  ---------  --------  ----------  --------------  -------------------
/opt/airflow/dags/project_dag.py                           1           0  0.21s           2025-08-05T02:49:40
================================================================================
[2025-08-05T02:50:10.858+0000] {manager.py:889} INFO - 
================================================================================
DAG File Processing Stats

File Path                         PID    Runtime      # DAGs    # Errors  Last Runtime    Last Run
--------------------------------  -----  ---------  --------  ----------  --------------  -------------------
/opt/airflow/dags/project_dag.py                           1           0  0.31s           2025-08-05T02:50:10
================================================================================
[2025-08-05T02:50:13.664+0000] {manager.py:758} INFO - Searching for files in /opt/airflow/dags
[2025-08-05T02:50:13.672+0000] {manager.py:761} INFO - There are 1 files in /opt/airflow/dags
[2025-08-05T02:50:41.277+0000] {manager.py:889} INFO - 
================================================================================
DAG File Processing Stats

File Path                         PID    Runtime      # DAGs    # Errors  Last Runtime    Last Run
--------------------------------  -----  ---------  --------  ----------  --------------  -------------------
/opt/airflow/dags/project_dag.py                           1           0  0.21s           2025-08-05T02:50:41
================================================================================
[2025-08-05T02:51:11.682+0000] {manager.py:889} INFO - 
================================================================================
DAG File Processing Stats

File Path                         PID    Runtime      # DAGs    # Errors  Last Runtime    Last Run
--------------------------------  -----  ---------  --------  ----------  --------------  -------------------
/opt/airflow/dags/project_dag.py                           1           0  0.21s           2025-08-05T02:51:11
================================================================================
[2025-08-05T02:51:42.116+0000] {manager.py:889} INFO - 
================================================================================
DAG File Processing Stats

File Path                         PID    Runtime      # DAGs    # Errors  Last Runtime    Last Run
--------------------------------  -----  ---------  --------  ----------  --------------  -------------------
/opt/airflow/dags/project_dag.py                           1           0  0.21s           2025-08-05T02:51:42
================================================================================
[2025-08-05T02:52:12.518+0000] {manager.py:889} INFO - 
================================================================================
DAG File Processing Stats

File Path                         PID    Runtime      # DAGs    # Errors  Last Runtime    Last Run
--------------------------------  -----  ---------  --------  ----------  --------------  -------------------
/opt/airflow/dags/project_dag.py                           1           0  0.21s           2025-08-05T02:52:12
================================================================================
[2025-08-05T02:52:42.830+0000] {manager.py:889} INFO - 
================================================================================
DAG File Processing Stats

File Path                         PID    Runtime      # DAGs    # Errors  Last Runtime    Last Run
--------------------------------  -----  ---------  --------  ----------  --------------  -------------------
/opt/airflow/dags/project_dag.py                           1           0  0.21s           2025-08-05T02:52:42
================================================================================
[2025-08-05T02:53:13.236+0000] {manager.py:889} INFO - 
================================================================================
DAG File Processing Stats

File Path                         PID    Runtime      # DAGs    # Errors  Last Runtime    Last Run
--------------------------------  -----  ---------  --------  ----------  --------------  -------------------
/opt/airflow/dags/project_dag.py                           1           0  0.21s           2025-08-05T02:53:13
================================================================================
[2025-08-05T02:53:43.637+0000] {manager.py:889} INFO - 
================================================================================
DAG File Processing Stats

File Path                         PID    Runtime      # DAGs    # Errors  Last Runtime    Last Run
--------------------------------  -----  ---------  --------  ----------  --------------  -------------------
/opt/airflow/dags/project_dag.py                           1           0  0.21s           2025-08-05T02:53:43
================================================================================
[2025-08-05T02:54:14.053+0000] {manager.py:889} INFO - 
================================================================================
DAG File Processing Stats

File Path                         PID    Runtime      # DAGs    # Errors  Last Runtime    Last Run
--------------------------------  -----  ---------  --------  ----------  --------------  -------------------
/opt/airflow/dags/project_dag.py                           1           0  0.21s           2025-08-05T02:54:14
================================================================================
[2025-08-05T02:54:44.466+0000] {manager.py:889} INFO - 
================================================================================
DAG File Processing Stats

File Path                         PID    Runtime      # DAGs    # Errors  Last Runtime    Last Run
--------------------------------  -----  ---------  --------  ----------  --------------  -------------------
/opt/airflow/dags/project_dag.py                           1           0  0.21s           2025-08-05T02:54:44
================================================================================
[2025-08-05T02:55:13.961+0000] {manager.py:758} INFO - Searching for files in /opt/airflow/dags
[2025-08-05T02:55:13.969+0000] {manager.py:761} INFO - There are 1 files in /opt/airflow/dags
[2025-08-05T02:55:14.865+0000] {manager.py:889} INFO - 
================================================================================
DAG File Processing Stats

File Path                         PID    Runtime      # DAGs    # Errors  Last Runtime    Last Run
--------------------------------  -----  ---------  --------  ----------  --------------  -------------------
/opt/airflow/dags/project_dag.py                           1           0  0.21s           2025-08-05T02:55:14
================================================================================
[2025-08-05T02:55:45.386+0000] {manager.py:889} INFO - 
================================================================================
DAG File Processing Stats

File Path                         PID    Runtime      # DAGs    # Errors  Last Runtime    Last Run
--------------------------------  -----  ---------  --------  ----------  --------------  -------------------
/opt/airflow/dags/project_dag.py                           1           0  0.31s           2025-08-05T02:55:45
================================================================================
[2025-08-05T02:56:15.808+0000] {manager.py:889} INFO - 
================================================================================
DAG File Processing Stats

File Path                         PID    Runtime      # DAGs    # Errors  Last Runtime    Last Run
--------------------------------  -----  ---------  --------  ----------  --------------  -------------------
/opt/airflow/dags/project_dag.py                           1           0  0.21s           2025-08-05T02:56:15
================================================================================
[2025-08-05T02:56:46.212+0000] {manager.py:889} INFO - 
================================================================================
DAG File Processing Stats

File Path                         PID    Runtime      # DAGs    # Errors  Last Runtime    Last Run
--------------------------------  -----  ---------  --------  ----------  --------------  -------------------
/opt/airflow/dags/project_dag.py                           1           0  0.21s           2025-08-05T02:56:46
================================================================================
[2025-08-05T02:57:16.617+0000] {manager.py:889} INFO - 
================================================================================
DAG File Processing Stats

File Path                         PID    Runtime      # DAGs    # Errors  Last Runtime    Last Run
--------------------------------  -----  ---------  --------  ----------  --------------  -------------------
/opt/airflow/dags/project_dag.py                           1           0  0.21s           2025-08-05T02:57:16
================================================================================
[2025-08-05T02:57:47.052+0000] {manager.py:889} INFO - 
================================================================================
DAG File Processing Stats

File Path                         PID    Runtime      # DAGs    # Errors  Last Runtime    Last Run
--------------------------------  -----  ---------  --------  ----------  --------------  -------------------
/opt/airflow/dags/project_dag.py                           1           0  0.21s           2025-08-05T02:57:47
================================================================================
[2025-08-05T02:58:17.439+0000] {manager.py:889} INFO - 
================================================================================
DAG File Processing Stats

File Path                         PID    Runtime      # DAGs    # Errors  Last Runtime    Last Run
--------------------------------  -----  ---------  --------  ----------  --------------  -------------------
/opt/airflow/dags/project_dag.py                           1           0  0.21s           2025-08-05T02:58:17
================================================================================
[2025-08-05T02:58:47.795+0000] {manager.py:889} INFO - 
================================================================================
DAG File Processing Stats

File Path                         PID    Runtime      # DAGs    # Errors  Last Runtime    Last Run
--------------------------------  -----  ---------  --------  ----------  --------------  -------------------
/opt/airflow/dags/project_dag.py                           1           0  0.21s           2025-08-05T02:58:47
================================================================================
[2025-08-05T02:59:18.218+0000] {manager.py:889} INFO - 
================================================================================
DAG File Processing Stats

File Path                         PID    Runtime      # DAGs    # Errors  Last Runtime    Last Run
--------------------------------  -----  ---------  --------  ----------  --------------  -------------------
/opt/airflow/dags/project_dag.py                           1           0  0.21s           2025-08-05T02:59:18
================================================================================
[2025-08-05T02:59:48.466+0000] {manager.py:889} INFO - 
================================================================================
DAG File Processing Stats

File Path                         PID    Runtime      # DAGs    # Errors  Last Runtime    Last Run
--------------------------------  -----  ---------  --------  ----------  --------------  -------------------
/opt/airflow/dags/project_dag.py                           1           0  0.21s           2025-08-05T02:59:48
================================================================================
[2025-08-05T03:00:14.403+0000] {manager.py:758} INFO - Searching for files in /opt/airflow/dags
[2025-08-05T03:00:14.421+0000] {manager.py:761} INFO - There are 1 files in /opt/airflow/dags
[2025-08-05T03:00:18.935+0000] {manager.py:889} INFO - 
================================================================================
DAG File Processing Stats

File Path                         PID    Runtime      # DAGs    # Errors  Last Runtime    Last Run
--------------------------------  -----  ---------  --------  ----------  --------------  -------------------
/opt/airflow/dags/project_dag.py                           1           0  0.21s           2025-08-05T03:00:18
================================================================================
[2025-08-05T03:00:49.359+0000] {manager.py:889} INFO - 
================================================================================
DAG File Processing Stats

File Path                         PID    Runtime      # DAGs    # Errors  Last Runtime    Last Run
--------------------------------  -----  ---------  --------  ----------  --------------  -------------------
/opt/airflow/dags/project_dag.py                           1           0  0.21s           2025-08-05T03:00:49
================================================================================
[2025-08-05T03:01:19.793+0000] {manager.py:889} INFO - 
================================================================================
DAG File Processing Stats

File Path                         PID    Runtime      # DAGs    # Errors  Last Runtime    Last Run
--------------------------------  -----  ---------  --------  ----------  --------------  -------------------
/opt/airflow/dags/project_dag.py                           1           0  0.21s           2025-08-05T03:01:19
================================================================================
[2025-08-05T03:01:50.208+0000] {manager.py:889} INFO - 
================================================================================
DAG File Processing Stats

File Path                         PID    Runtime      # DAGs    # Errors  Last Runtime    Last Run
--------------------------------  -----  ---------  --------  ----------  --------------  -------------------
/opt/airflow/dags/project_dag.py                           1           0  0.21s           2025-08-05T03:01:50
================================================================================
[2025-08-05T03:02:20.630+0000] {manager.py:889} INFO - 
================================================================================
DAG File Processing Stats

File Path                         PID    Runtime      # DAGs    # Errors  Last Runtime    Last Run
--------------------------------  -----  ---------  --------  ----------  --------------  -------------------
/opt/airflow/dags/project_dag.py                           1           0  0.21s           2025-08-05T03:02:20
================================================================================
[2025-08-05T03:02:50.880+0000] {manager.py:889} INFO - 
================================================================================
DAG File Processing Stats

File Path                         PID    Runtime      # DAGs    # Errors  Last Runtime    Last Run
--------------------------------  -----  ---------  --------  ----------  --------------  -------------------
/opt/airflow/dags/project_dag.py                           1           0  0.21s           2025-08-05T03:02:50
================================================================================
[2025-08-05T03:03:21.310+0000] {manager.py:889} INFO - 
================================================================================
DAG File Processing Stats

File Path                         PID    Runtime      # DAGs    # Errors  Last Runtime    Last Run
--------------------------------  -----  ---------  --------  ----------  --------------  -------------------
/opt/airflow/dags/project_dag.py                           1           0  0.21s           2025-08-05T03:03:21
================================================================================
[2025-08-05T03:03:51.750+0000] {manager.py:889} INFO - 
================================================================================
DAG File Processing Stats

File Path                         PID    Runtime      # DAGs    # Errors  Last Runtime    Last Run
--------------------------------  -----  ---------  --------  ----------  --------------  -------------------
/opt/airflow/dags/project_dag.py                           1           0  0.21s           2025-08-05T03:03:51
================================================================================
[2025-08-05T03:04:22.174+0000] {manager.py:889} INFO - 
================================================================================
DAG File Processing Stats

File Path                         PID    Runtime      # DAGs    # Errors  Last Runtime    Last Run
--------------------------------  -----  ---------  --------  ----------  --------------  -------------------
/opt/airflow/dags/project_dag.py                           1           0  0.21s           2025-08-05T03:04:22
================================================================================
[2025-08-05T03:04:52.594+0000] {manager.py:889} INFO - 
================================================================================
DAG File Processing Stats

File Path                         PID    Runtime      # DAGs    # Errors  Last Runtime    Last Run
--------------------------------  -----  ---------  --------  ----------  --------------  -------------------
/opt/airflow/dags/project_dag.py                           1           0  0.21s           2025-08-05T03:04:52
================================================================================
[2025-08-05T03:05:14.440+0000] {manager.py:758} INFO - Searching for files in /opt/airflow/dags
[2025-08-05T03:05:14.459+0000] {manager.py:761} INFO - There are 1 files in /opt/airflow/dags
[2025-08-05T03:05:22.831+0000] {manager.py:889} INFO - 
================================================================================
DAG File Processing Stats

File Path                         PID    Runtime      # DAGs    # Errors  Last Runtime    Last Run
--------------------------------  -----  ---------  --------  ----------  --------------  -------------------
/opt/airflow/dags/project_dag.py                           1           0  0.21s           2025-08-05T03:05:22
================================================================================
[2025-08-05T03:05:53.205+0000] {manager.py:889} INFO - 
================================================================================
DAG File Processing Stats

File Path                         PID    Runtime      # DAGs    # Errors  Last Runtime    Last Run
--------------------------------  -----  ---------  --------  ----------  --------------  -------------------
/opt/airflow/dags/project_dag.py                           1           0  0.21s           2025-08-05T03:05:53
================================================================================
[2025-08-05T03:06:23.611+0000] {manager.py:889} INFO - 
================================================================================
DAG File Processing Stats

File Path                         PID    Runtime      # DAGs    # Errors  Last Runtime    Last Run
--------------------------------  -----  ---------  --------  ----------  --------------  -------------------
/opt/airflow/dags/project_dag.py                           1           0  0.21s           2025-08-05T03:06:23
================================================================================
[2025-08-05T03:06:54.032+0000] {manager.py:889} INFO - 
================================================================================
DAG File Processing Stats

File Path                         PID    Runtime      # DAGs    # Errors  Last Runtime    Last Run
--------------------------------  -----  ---------  --------  ----------  --------------  -------------------
/opt/airflow/dags/project_dag.py                           1           0  0.21s           2025-08-05T03:06:54
================================================================================
[2025-08-05T03:07:24.451+0000] {manager.py:889} INFO - 
================================================================================
DAG File Processing Stats

File Path                         PID    Runtime      # DAGs    # Errors  Last Runtime    Last Run
--------------------------------  -----  ---------  --------  ----------  --------------  -------------------
/opt/airflow/dags/project_dag.py                           1           0  0.21s           2025-08-05T03:07:24
================================================================================
[2025-08-05T03:07:54.886+0000] {manager.py:889} INFO - 
================================================================================
DAG File Processing Stats

File Path                         PID    Runtime      # DAGs    # Errors  Last Runtime    Last Run
--------------------------------  -----  ---------  --------  ----------  --------------  -------------------
/opt/airflow/dags/project_dag.py                           1           0  0.21s           2025-08-05T03:07:54
================================================================================
[2025-08-05T03:08:25.307+0000] {manager.py:889} INFO - 
================================================================================
DAG File Processing Stats

File Path                         PID    Runtime      # DAGs    # Errors  Last Runtime    Last Run
--------------------------------  -----  ---------  --------  ----------  --------------  -------------------
/opt/airflow/dags/project_dag.py                           1           0  0.21s           2025-08-05T03:08:25
================================================================================
[2025-08-05T03:08:55.737+0000] {manager.py:889} INFO - 
================================================================================
DAG File Processing Stats

File Path                         PID    Runtime      # DAGs    # Errors  Last Runtime    Last Run
--------------------------------  -----  ---------  --------  ----------  --------------  -------------------
/opt/airflow/dags/project_dag.py                           1           0  0.21s           2025-08-05T03:08:55
================================================================================
[2025-08-05T03:09:26.054+0000] {manager.py:889} INFO - 
================================================================================
DAG File Processing Stats

File Path                         PID    Runtime      # DAGs    # Errors  Last Runtime    Last Run
--------------------------------  -----  ---------  --------  ----------  --------------  -------------------
/opt/airflow/dags/project_dag.py                           1           0  0.21s           2025-08-05T03:09:26
================================================================================
[2025-08-05T03:09:56.453+0000] {manager.py:889} INFO - 
================================================================================
DAG File Processing Stats

File Path                         PID    Runtime      # DAGs    # Errors  Last Runtime    Last Run
--------------------------------  -----  ---------  --------  ----------  --------------  -------------------
/opt/airflow/dags/project_dag.py                           1           0  0.21s           2025-08-05T03:09:56
================================================================================
[2025-08-05T03:10:14.868+0000] {manager.py:758} INFO - Searching for files in /opt/airflow/dags
[2025-08-05T03:10:14.885+0000] {manager.py:761} INFO - There are 1 files in /opt/airflow/dags
[2025-08-05T03:10:26.872+0000] {manager.py:889} INFO - 
================================================================================
DAG File Processing Stats

File Path                         PID    Runtime      # DAGs    # Errors  Last Runtime    Last Run
--------------------------------  -----  ---------  --------  ----------  --------------  -------------------
/opt/airflow/dags/project_dag.py                           1           0  0.21s           2025-08-05T03:10:26
================================================================================
[2025-08-05T03:10:57.313+0000] {manager.py:889} INFO - 
================================================================================
DAG File Processing Stats

File Path                         PID    Runtime      # DAGs    # Errors  Last Runtime    Last Run
--------------------------------  -----  ---------  --------  ----------  --------------  -------------------
/opt/airflow/dags/project_dag.py                           1           0  0.21s           2025-08-05T03:10:57
================================================================================
[2025-08-05T03:11:27.737+0000] {manager.py:889} INFO - 
================================================================================
DAG File Processing Stats

File Path                         PID    Runtime      # DAGs    # Errors  Last Runtime    Last Run
--------------------------------  -----  ---------  --------  ----------  --------------  -------------------
/opt/airflow/dags/project_dag.py                           1           0  0.21s           2025-08-05T03:11:27
================================================================================
[2025-08-05T03:11:57.974+0000] {manager.py:889} INFO - 
================================================================================
DAG File Processing Stats

File Path                         PID    Runtime      # DAGs    # Errors  Last Runtime    Last Run
--------------------------------  -----  ---------  --------  ----------  --------------  -------------------
/opt/airflow/dags/project_dag.py                           1           0  0.21s           2025-08-05T03:11:57
================================================================================
[2025-08-05T03:12:28.394+0000] {manager.py:889} INFO - 
================================================================================
DAG File Processing Stats

File Path                         PID    Runtime      # DAGs    # Errors  Last Runtime    Last Run
--------------------------------  -----  ---------  --------  ----------  --------------  -------------------
/opt/airflow/dags/project_dag.py                           1           0  0.21s           2025-08-05T03:12:28
================================================================================
[2025-08-05T03:12:58.834+0000] {manager.py:889} INFO - 
================================================================================
DAG File Processing Stats

File Path                         PID    Runtime      # DAGs    # Errors  Last Runtime    Last Run
--------------------------------  -----  ---------  --------  ----------  --------------  -------------------
/opt/airflow/dags/project_dag.py                           1           0  0.21s           2025-08-05T03:12:58
================================================================================
[2025-08-05T03:13:29.260+0000] {manager.py:889} INFO - 
================================================================================
DAG File Processing Stats

File Path                         PID    Runtime      # DAGs    # Errors  Last Runtime    Last Run
--------------------------------  -----  ---------  --------  ----------  --------------  -------------------
/opt/airflow/dags/project_dag.py                           1           0  0.21s           2025-08-05T03:13:29
================================================================================
[2025-08-05T03:13:59.663+0000] {manager.py:889} INFO - 
================================================================================
DAG File Processing Stats

File Path                         PID    Runtime      # DAGs    # Errors  Last Runtime    Last Run
--------------------------------  -----  ---------  --------  ----------  --------------  -------------------
/opt/airflow/dags/project_dag.py                           1           0  0.21s           2025-08-05T03:13:59
================================================================================
[2025-08-05T03:14:30.075+0000] {manager.py:889} INFO - 
================================================================================
DAG File Processing Stats

File Path                         PID    Runtime      # DAGs    # Errors  Last Runtime    Last Run
--------------------------------  -----  ---------  --------  ----------  --------------  -------------------
/opt/airflow/dags/project_dag.py                           1           0  0.21s           2025-08-05T03:14:30
================================================================================
[2025-08-05T03:15:00.491+0000] {manager.py:889} INFO - 
================================================================================
DAG File Processing Stats

File Path                         PID    Runtime      # DAGs    # Errors  Last Runtime    Last Run
--------------------------------  -----  ---------  --------  ----------  --------------  -------------------
/opt/airflow/dags/project_dag.py                           1           0  0.21s           2025-08-05T03:15:00
================================================================================
[2025-08-05T03:15:14.970+0000] {manager.py:758} INFO - Searching for files in /opt/airflow/dags
[2025-08-05T03:15:14.992+0000] {manager.py:761} INFO - There are 1 files in /opt/airflow/dags
[2025-08-05T03:15:30.903+0000] {manager.py:889} INFO - 
================================================================================
DAG File Processing Stats

File Path                         PID    Runtime      # DAGs    # Errors  Last Runtime    Last Run
--------------------------------  -----  ---------  --------  ----------  --------------  -------------------
/opt/airflow/dags/project_dag.py                           1           0  0.21s           2025-08-05T03:15:30
================================================================================
[2025-08-05T03:16:01.294+0000] {manager.py:889} INFO - 
================================================================================
DAG File Processing Stats

File Path                         PID    Runtime      # DAGs    # Errors  Last Runtime    Last Run
--------------------------------  -----  ---------  --------  ----------  --------------  -------------------
/opt/airflow/dags/project_dag.py                           1           0  0.21s           2025-08-05T03:16:01
================================================================================
[2025-08-05T03:16:31.686+0000] {manager.py:889} INFO - 
================================================================================
DAG File Processing Stats

File Path                         PID    Runtime      # DAGs    # Errors  Last Runtime    Last Run
--------------------------------  -----  ---------  --------  ----------  --------------  -------------------
/opt/airflow/dags/project_dag.py                           1           0  0.21s           2025-08-05T03:16:31
================================================================================
[2025-08-05T03:17:02.097+0000] {manager.py:889} INFO - 
================================================================================
DAG File Processing Stats

File Path                         PID    Runtime      # DAGs    # Errors  Last Runtime    Last Run
--------------------------------  -----  ---------  --------  ----------  --------------  -------------------
/opt/airflow/dags/project_dag.py                           1           0  0.21s           2025-08-05T03:17:02
================================================================================
[2025-08-05T03:17:32.366+0000] {manager.py:889} INFO - 
================================================================================
DAG File Processing Stats

File Path                         PID    Runtime      # DAGs    # Errors  Last Runtime    Last Run
--------------------------------  -----  ---------  --------  ----------  --------------  -------------------
/opt/airflow/dags/project_dag.py                           1           0  0.21s           2025-08-05T03:17:32
================================================================================
[2025-08-05T03:18:02.778+0000] {manager.py:889} INFO - 
================================================================================
DAG File Processing Stats

File Path                         PID    Runtime      # DAGs    # Errors  Last Runtime    Last Run
--------------------------------  -----  ---------  --------  ----------  --------------  -------------------
/opt/airflow/dags/project_dag.py                           1           0  0.21s           2025-08-05T03:18:02
================================================================================
[2025-08-05T03:18:33.177+0000] {manager.py:889} INFO - 
================================================================================
DAG File Processing Stats

File Path                         PID    Runtime      # DAGs    # Errors  Last Runtime    Last Run
--------------------------------  -----  ---------  --------  ----------  --------------  -------------------
/opt/airflow/dags/project_dag.py                           1           0  0.21s           2025-08-05T03:18:33
================================================================================
[2025-08-05T03:19:03.547+0000] {manager.py:889} INFO - 
================================================================================
DAG File Processing Stats

File Path                         PID    Runtime      # DAGs    # Errors  Last Runtime    Last Run
--------------------------------  -----  ---------  --------  ----------  --------------  -------------------
/opt/airflow/dags/project_dag.py                           1           0  0.21s           2025-08-05T03:19:03
================================================================================
[2025-08-05T03:19:33.876+0000] {manager.py:889} INFO - 
================================================================================
DAG File Processing Stats

File Path                         PID    Runtime      # DAGs    # Errors  Last Runtime    Last Run
--------------------------------  -----  ---------  --------  ----------  --------------  -------------------
/opt/airflow/dags/project_dag.py                           1           0  0.21s           2025-08-05T03:19:33
================================================================================
[2025-08-05T03:20:04.289+0000] {manager.py:889} INFO - 
================================================================================
DAG File Processing Stats

File Path                         PID    Runtime      # DAGs    # Errors  Last Runtime    Last Run
--------------------------------  -----  ---------  --------  ----------  --------------  -------------------
/opt/airflow/dags/project_dag.py                           1           0  0.21s           2025-08-05T03:20:04
================================================================================
[2025-08-05T03:20:15.472+0000] {manager.py:758} INFO - Searching for files in /opt/airflow/dags
[2025-08-05T03:20:15.489+0000] {manager.py:761} INFO - There are 1 files in /opt/airflow/dags
[2025-08-05T03:20:34.698+0000] {manager.py:889} INFO - 
================================================================================
DAG File Processing Stats

File Path                         PID    Runtime      # DAGs    # Errors  Last Runtime    Last Run
--------------------------------  -----  ---------  --------  ----------  --------------  -------------------
/opt/airflow/dags/project_dag.py                           1           0  0.21s           2025-08-05T03:20:34
================================================================================
[2025-08-05T03:21:05.119+0000] {manager.py:889} INFO - 
================================================================================
DAG File Processing Stats

File Path                         PID    Runtime      # DAGs    # Errors  Last Runtime    Last Run
--------------------------------  -----  ---------  --------  ----------  --------------  -------------------
/opt/airflow/dags/project_dag.py                           1           0  0.21s           2025-08-05T03:21:05
================================================================================
[2025-08-05T03:21:35.531+0000] {manager.py:889} INFO - 
================================================================================
DAG File Processing Stats

File Path                         PID    Runtime      # DAGs    # Errors  Last Runtime    Last Run
--------------------------------  -----  ---------  --------  ----------  --------------  -------------------
/opt/airflow/dags/project_dag.py                           1           0  0.21s           2025-08-05T03:21:35
================================================================================
[2025-08-05T03:22:05.945+0000] {manager.py:889} INFO - 
================================================================================
DAG File Processing Stats

File Path                         PID    Runtime      # DAGs    # Errors  Last Runtime    Last Run
--------------------------------  -----  ---------  --------  ----------  --------------  -------------------
/opt/airflow/dags/project_dag.py                           1           0  0.21s           2025-08-05T03:22:05
================================================================================
[2025-08-05T03:22:36.326+0000] {manager.py:889} INFO - 
================================================================================
DAG File Processing Stats

File Path                         PID    Runtime      # DAGs    # Errors  Last Runtime    Last Run
--------------------------------  -----  ---------  --------  ----------  --------------  -------------------
/opt/airflow/dags/project_dag.py                           1           0  0.21s           2025-08-05T03:22:36
================================================================================
[2025-08-05T03:23:06.702+0000] {manager.py:889} INFO - 
================================================================================
DAG File Processing Stats

File Path                         PID    Runtime      # DAGs    # Errors  Last Runtime    Last Run
--------------------------------  -----  ---------  --------  ----------  --------------  -------------------
/opt/airflow/dags/project_dag.py                           1           0  0.21s           2025-08-05T03:23:06
================================================================================
[2025-08-05T03:23:37.121+0000] {manager.py:889} INFO - 
================================================================================
DAG File Processing Stats

File Path                         PID    Runtime      # DAGs    # Errors  Last Runtime    Last Run
--------------------------------  -----  ---------  --------  ----------  --------------  -------------------
/opt/airflow/dags/project_dag.py                           1           0  0.21s           2025-08-05T03:23:37
================================================================================
[2025-08-05T03:24:07.541+0000] {manager.py:889} INFO - 
================================================================================
DAG File Processing Stats

File Path                         PID    Runtime      # DAGs    # Errors  Last Runtime    Last Run
--------------------------------  -----  ---------  --------  ----------  --------------  -------------------
/opt/airflow/dags/project_dag.py                           1           0  0.21s           2025-08-05T03:24:07
================================================================================
[2025-08-05T03:24:37.955+0000] {manager.py:889} INFO - 
================================================================================
DAG File Processing Stats

File Path                         PID    Runtime      # DAGs    # Errors  Last Runtime    Last Run
--------------------------------  -----  ---------  --------  ----------  --------------  -------------------
/opt/airflow/dags/project_dag.py                           1           0  0.21s           2025-08-05T03:24:37
================================================================================
[2025-08-05T03:25:08.364+0000] {manager.py:889} INFO - 
================================================================================
DAG File Processing Stats

File Path                         PID    Runtime      # DAGs    # Errors  Last Runtime    Last Run
--------------------------------  -----  ---------  --------  ----------  --------------  -------------------
/opt/airflow/dags/project_dag.py                           1           0  0.21s           2025-08-05T03:25:08
================================================================================
[2025-08-05T03:25:16.492+0000] {manager.py:758} INFO - Searching for files in /opt/airflow/dags
[2025-08-05T03:25:16.505+0000] {manager.py:761} INFO - There are 1 files in /opt/airflow/dags
[2025-08-05T03:25:38.676+0000] {manager.py:889} INFO - 
================================================================================
DAG File Processing Stats

File Path                         PID    Runtime      # DAGs    # Errors  Last Runtime    Last Run
--------------------------------  -----  ---------  --------  ----------  --------------  -------------------
/opt/airflow/dags/project_dag.py                           1           0  0.21s           2025-08-05T03:25:38
================================================================================
[2025-08-05T03:26:09.094+0000] {manager.py:889} INFO - 
================================================================================
DAG File Processing Stats

File Path                         PID    Runtime      # DAGs    # Errors  Last Runtime    Last Run
--------------------------------  -----  ---------  --------  ----------  --------------  -------------------
/opt/airflow/dags/project_dag.py                           1           0  0.21s           2025-08-05T03:26:09
================================================================================
[2025-08-05T03:26:39.515+0000] {manager.py:889} INFO - 
================================================================================
DAG File Processing Stats

File Path                         PID    Runtime      # DAGs    # Errors  Last Runtime    Last Run
--------------------------------  -----  ---------  --------  ----------  --------------  -------------------
/opt/airflow/dags/project_dag.py                           1           0  0.21s           2025-08-05T03:26:39
================================================================================
[2025-08-05T03:27:09.833+0000] {manager.py:889} INFO - 
================================================================================
DAG File Processing Stats

File Path                         PID    Runtime      # DAGs    # Errors  Last Runtime    Last Run
--------------------------------  -----  ---------  --------  ----------  --------------  -------------------
/opt/airflow/dags/project_dag.py                           1           0  0.21s           2025-08-05T03:27:09
================================================================================
[2025-08-05T03:27:40.229+0000] {manager.py:889} INFO - 
================================================================================
DAG File Processing Stats

File Path                         PID    Runtime      # DAGs    # Errors  Last Runtime    Last Run
--------------------------------  -----  ---------  --------  ----------  --------------  -------------------
/opt/airflow/dags/project_dag.py                           1           0  0.21s           2025-08-05T03:27:40
================================================================================
[2025-08-05T03:28:10.641+0000] {manager.py:889} INFO - 
================================================================================
DAG File Processing Stats

File Path                         PID    Runtime      # DAGs    # Errors  Last Runtime    Last Run
--------------------------------  -----  ---------  --------  ----------  --------------  -------------------
/opt/airflow/dags/project_dag.py                           1           0  0.21s           2025-08-05T03:28:10
================================================================================
[2025-08-05T03:28:41.043+0000] {manager.py:889} INFO - 
================================================================================
DAG File Processing Stats

File Path                         PID    Runtime      # DAGs    # Errors  Last Runtime    Last Run
--------------------------------  -----  ---------  --------  ----------  --------------  -------------------
/opt/airflow/dags/project_dag.py                           1           0  0.21s           2025-08-05T03:28:41
================================================================================
[2025-08-05T03:29:11.447+0000] {manager.py:889} INFO - 
================================================================================
DAG File Processing Stats

File Path                         PID    Runtime      # DAGs    # Errors  Last Runtime    Last Run
--------------------------------  -----  ---------  --------  ----------  --------------  -------------------
/opt/airflow/dags/project_dag.py                           1           0  0.21s           2025-08-05T03:29:11
================================================================================
[2025-08-05T03:29:41.865+0000] {manager.py:889} INFO - 
================================================================================
DAG File Processing Stats

File Path                         PID    Runtime      # DAGs    # Errors  Last Runtime    Last Run
--------------------------------  -----  ---------  --------  ----------  --------------  -------------------
/opt/airflow/dags/project_dag.py                           1           0  0.21s           2025-08-05T03:29:41
================================================================================
[2025-08-05T03:30:12.201+0000] {manager.py:889} INFO - 
================================================================================
DAG File Processing Stats

File Path                         PID    Runtime      # DAGs    # Errors  Last Runtime    Last Run
--------------------------------  -----  ---------  --------  ----------  --------------  -------------------
/opt/airflow/dags/project_dag.py                           1           0  0.21s           2025-08-05T03:30:12
================================================================================
[2025-08-05T03:30:17.061+0000] {manager.py:758} INFO - Searching for files in /opt/airflow/dags
[2025-08-05T03:30:17.077+0000] {manager.py:761} INFO - There are 1 files in /opt/airflow/dags
[2025-08-05T03:30:42.565+0000] {manager.py:889} INFO - 
================================================================================
DAG File Processing Stats

File Path                         PID    Runtime      # DAGs    # Errors  Last Runtime    Last Run
--------------------------------  -----  ---------  --------  ----------  --------------  -------------------
/opt/airflow/dags/project_dag.py                           1           0  0.21s           2025-08-05T03:30:42
================================================================================
[2025-08-05T03:31:12.980+0000] {manager.py:889} INFO - 
================================================================================
DAG File Processing Stats

File Path                         PID    Runtime      # DAGs    # Errors  Last Runtime    Last Run
--------------------------------  -----  ---------  --------  ----------  --------------  -------------------
/opt/airflow/dags/project_dag.py                           1           0  0.21s           2025-08-05T03:31:12
================================================================================
[2025-08-05T03:31:43.396+0000] {manager.py:889} INFO - 
================================================================================
DAG File Processing Stats

File Path                         PID    Runtime      # DAGs    # Errors  Last Runtime    Last Run
--------------------------------  -----  ---------  --------  ----------  --------------  -------------------
/opt/airflow/dags/project_dag.py                           1           0  0.21s           2025-08-05T03:31:43
================================================================================
[2025-08-05T03:32:13.813+0000] {manager.py:889} INFO - 
================================================================================
DAG File Processing Stats

File Path                         PID    Runtime      # DAGs    # Errors  Last Runtime    Last Run
--------------------------------  -----  ---------  --------  ----------  --------------  -------------------
/opt/airflow/dags/project_dag.py                           1           0  0.21s           2025-08-05T03:32:13
================================================================================
[2025-08-05T03:32:44.401+0000] {manager.py:889} INFO - 
================================================================================
DAG File Processing Stats

File Path                         PID    Runtime      # DAGs    # Errors  Last Runtime    Last Run
--------------------------------  -----  ---------  --------  ----------  --------------  -------------------
/opt/airflow/dags/project_dag.py                           1           0  0.34s           2025-08-05T03:32:44
================================================================================
[2025-08-05T03:33:15.067+0000] {manager.py:889} INFO - 
================================================================================
DAG File Processing Stats

File Path                         PID    Runtime      # DAGs    # Errors  Last Runtime    Last Run
--------------------------------  -----  ---------  --------  ----------  --------------  -------------------
/opt/airflow/dags/project_dag.py                           1           0  0.21s           2025-08-05T03:33:15
================================================================================
[2025-08-05T03:33:45.503+0000] {manager.py:889} INFO - 
================================================================================
DAG File Processing Stats

File Path                         PID    Runtime      # DAGs    # Errors  Last Runtime    Last Run
--------------------------------  -----  ---------  --------  ----------  --------------  -------------------
/opt/airflow/dags/project_dag.py                           1           0  0.21s           2025-08-05T03:33:45
================================================================================
[2025-08-05T03:34:15.913+0000] {manager.py:889} INFO - 
================================================================================
DAG File Processing Stats

File Path                         PID    Runtime      # DAGs    # Errors  Last Runtime    Last Run
--------------------------------  -----  ---------  --------  ----------  --------------  -------------------
/opt/airflow/dags/project_dag.py                           1           0  0.21s           2025-08-05T03:34:15
================================================================================
[2025-08-05T03:34:46.319+0000] {manager.py:889} INFO - 
================================================================================
DAG File Processing Stats

File Path                         PID    Runtime      # DAGs    # Errors  Last Runtime    Last Run
--------------------------------  -----  ---------  --------  ----------  --------------  -------------------
/opt/airflow/dags/project_dag.py                           1           0  0.21s           2025-08-05T03:34:46
================================================================================
[2025-08-05T03:35:16.762+0000] {manager.py:889} INFO - 
================================================================================
DAG File Processing Stats

File Path                         PID    Runtime      # DAGs    # Errors  Last Runtime    Last Run
--------------------------------  -----  ---------  --------  ----------  --------------  -------------------
/opt/airflow/dags/project_dag.py                           1           0  0.21s           2025-08-05T03:35:16
================================================================================
[2025-08-05T03:35:17.874+0000] {manager.py:758} INFO - Searching for files in /opt/airflow/dags
[2025-08-05T03:35:17.890+0000] {manager.py:761} INFO - There are 1 files in /opt/airflow/dags
[2025-08-05T03:35:47.182+0000] {manager.py:889} INFO - 
================================================================================
DAG File Processing Stats

File Path                         PID    Runtime      # DAGs    # Errors  Last Runtime    Last Run
--------------------------------  -----  ---------  --------  ----------  --------------  -------------------
/opt/airflow/dags/project_dag.py                           1           0  0.21s           2025-08-05T03:35:47
================================================================================
[2025-08-05T03:36:17.624+0000] {manager.py:889} INFO - 
================================================================================
DAG File Processing Stats

File Path                         PID    Runtime      # DAGs    # Errors  Last Runtime    Last Run
--------------------------------  -----  ---------  --------  ----------  --------------  -------------------
/opt/airflow/dags/project_dag.py                           1           0  0.21s           2025-08-05T03:36:17
================================================================================
[2025-08-05T03:36:48.107+0000] {manager.py:889} INFO - 
================================================================================
DAG File Processing Stats

File Path                         PID    Runtime      # DAGs    # Errors  Last Runtime    Last Run
--------------------------------  -----  ---------  --------  ----------  --------------  -------------------
/opt/airflow/dags/project_dag.py                           1           0  0.21s           2025-08-05T03:36:48
================================================================================
[2025-08-05T03:37:18.530+0000] {manager.py:889} INFO - 
================================================================================
DAG File Processing Stats

File Path                         PID    Runtime      # DAGs    # Errors  Last Runtime    Last Run
--------------------------------  -----  ---------  --------  ----------  --------------  -------------------
/opt/airflow/dags/project_dag.py                           1           0  0.21s           2025-08-05T03:37:18
================================================================================
[2025-08-05T03:37:48.973+0000] {manager.py:889} INFO - 
================================================================================
DAG File Processing Stats

File Path                         PID    Runtime      # DAGs    # Errors  Last Runtime    Last Run
--------------------------------  -----  ---------  --------  ----------  --------------  -------------------
/opt/airflow/dags/project_dag.py                           1           0  0.21s           2025-08-05T03:37:48
================================================================================
[2025-08-05T03:38:19.399+0000] {manager.py:889} INFO - 
================================================================================
DAG File Processing Stats

File Path                         PID    Runtime      # DAGs    # Errors  Last Runtime    Last Run
--------------------------------  -----  ---------  --------  ----------  --------------  -------------------
/opt/airflow/dags/project_dag.py                           1           0  0.21s           2025-08-05T03:38:19
================================================================================
[2025-08-05T03:38:49.816+0000] {manager.py:889} INFO - 
================================================================================
DAG File Processing Stats

File Path                         PID    Runtime      # DAGs    # Errors  Last Runtime    Last Run
--------------------------------  -----  ---------  --------  ----------  --------------  -------------------
/opt/airflow/dags/project_dag.py                           1           0  0.21s           2025-08-05T03:38:49
================================================================================
[2025-08-05T03:39:20.056+0000] {manager.py:889} INFO - 
================================================================================
DAG File Processing Stats

File Path                         PID    Runtime      # DAGs    # Errors  Last Runtime    Last Run
--------------------------------  -----  ---------  --------  ----------  --------------  -------------------
/opt/airflow/dags/project_dag.py                           1           0  0.21s           2025-08-05T03:39:20
================================================================================
[2025-08-05T03:39:50.498+0000] {manager.py:889} INFO - 
================================================================================
DAG File Processing Stats

File Path                         PID    Runtime      # DAGs    # Errors  Last Runtime    Last Run
--------------------------------  -----  ---------  --------  ----------  --------------  -------------------
/opt/airflow/dags/project_dag.py                           1           0  0.21s           2025-08-05T03:39:50
================================================================================
[2025-08-05T03:40:18.052+0000] {manager.py:758} INFO - Searching for files in /opt/airflow/dags
[2025-08-05T03:40:18.061+0000] {manager.py:761} INFO - There are 1 files in /opt/airflow/dags
[2025-08-05T03:40:20.912+0000] {manager.py:889} INFO - 
================================================================================
DAG File Processing Stats

File Path                         PID    Runtime      # DAGs    # Errors  Last Runtime    Last Run
--------------------------------  -----  ---------  --------  ----------  --------------  -------------------
/opt/airflow/dags/project_dag.py                           1           0  0.21s           2025-08-05T03:40:20
================================================================================
[2025-08-05T03:40:51.137+0000] {manager.py:889} INFO - 
================================================================================
DAG File Processing Stats

File Path                         PID    Runtime      # DAGs    # Errors  Last Runtime    Last Run
--------------------------------  -----  ---------  --------  ----------  --------------  -------------------
/opt/airflow/dags/project_dag.py                           1           0  0.21s           2025-08-05T03:40:51
================================================================================
[2025-08-05T03:41:21.539+0000] {manager.py:889} INFO - 
================================================================================
DAG File Processing Stats

File Path                         PID    Runtime      # DAGs    # Errors  Last Runtime    Last Run
--------------------------------  -----  ---------  --------  ----------  --------------  -------------------
/opt/airflow/dags/project_dag.py                           1           0  0.21s           2025-08-05T03:41:21
================================================================================
[2025-08-05T03:41:51.945+0000] {manager.py:889} INFO - 
================================================================================
DAG File Processing Stats

File Path                         PID    Runtime      # DAGs    # Errors  Last Runtime    Last Run
--------------------------------  -----  ---------  --------  ----------  --------------  -------------------
/opt/airflow/dags/project_dag.py                           1           0  0.21s           2025-08-05T03:41:51
================================================================================
[2025-08-05T03:42:22.366+0000] {manager.py:889} INFO - 
================================================================================
DAG File Processing Stats

File Path                         PID    Runtime      # DAGs    # Errors  Last Runtime    Last Run
--------------------------------  -----  ---------  --------  ----------  --------------  -------------------
/opt/airflow/dags/project_dag.py                           1           0  0.21s           2025-08-05T03:42:22
================================================================================
[2025-08-05T03:42:52.794+0000] {manager.py:889} INFO - 
================================================================================
DAG File Processing Stats

File Path                         PID    Runtime      # DAGs    # Errors  Last Runtime    Last Run
--------------------------------  -----  ---------  --------  ----------  --------------  -------------------
/opt/airflow/dags/project_dag.py                           1           0  0.21s           2025-08-05T03:42:52
================================================================================
[2025-08-05T03:43:23.200+0000] {manager.py:889} INFO - 
================================================================================
DAG File Processing Stats

File Path                         PID    Runtime      # DAGs    # Errors  Last Runtime    Last Run
--------------------------------  -----  ---------  --------  ----------  --------------  -------------------
/opt/airflow/dags/project_dag.py                           1           0  0.21s           2025-08-05T03:43:23
================================================================================
[2025-08-05T03:43:53.618+0000] {manager.py:889} INFO - 
================================================================================
DAG File Processing Stats

File Path                         PID    Runtime      # DAGs    # Errors  Last Runtime    Last Run
--------------------------------  -----  ---------  --------  ----------  --------------  -------------------
/opt/airflow/dags/project_dag.py                           1           0  0.21s           2025-08-05T03:43:53
================================================================================
[2025-08-05T03:44:24.283+0000] {manager.py:889} INFO - 
================================================================================
DAG File Processing Stats

File Path                         PID    Runtime      # DAGs    # Errors  Last Runtime    Last Run
--------------------------------  -----  ---------  --------  ----------  --------------  -------------------
/opt/airflow/dags/project_dag.py                           1           0  0.41s           2025-08-05T03:44:24
================================================================================
[2025-08-05T03:44:54.602+0000] {manager.py:889} INFO - 
================================================================================
DAG File Processing Stats

File Path                         PID    Runtime      # DAGs    # Errors  Last Runtime    Last Run
--------------------------------  -----  ---------  --------  ----------  --------------  -------------------
/opt/airflow/dags/project_dag.py                           1           0  0.21s           2025-08-05T03:44:54
================================================================================
[2025-08-05T03:45:18.905+0000] {manager.py:758} INFO - Searching for files in /opt/airflow/dags
[2025-08-05T03:45:18.914+0000] {manager.py:761} INFO - There are 1 files in /opt/airflow/dags
[2025-08-05T03:45:24.911+0000] {manager.py:889} INFO - 
================================================================================
DAG File Processing Stats

File Path                         PID    Runtime      # DAGs    # Errors  Last Runtime    Last Run
--------------------------------  -----  ---------  --------  ----------  --------------  -------------------
/opt/airflow/dags/project_dag.py                           1           0  0.21s           2025-08-05T03:45:24
================================================================================
[2025-08-05T03:45:55.224+0000] {manager.py:889} INFO - 
================================================================================
DAG File Processing Stats

File Path                         PID    Runtime      # DAGs    # Errors  Last Runtime    Last Run
--------------------------------  -----  ---------  --------  ----------  --------------  -------------------
/opt/airflow/dags/project_dag.py                           1           0  0.21s           2025-08-05T03:45:55
================================================================================
[2025-08-05T03:46:25.548+0000] {manager.py:889} INFO - 
================================================================================
DAG File Processing Stats

File Path                         PID    Runtime      # DAGs    # Errors  Last Runtime    Last Run
--------------------------------  -----  ---------  --------  ----------  --------------  -------------------
/opt/airflow/dags/project_dag.py                           1           0  0.21s           2025-08-05T03:46:25
================================================================================
[2025-08-05T03:46:55.777+0000] {manager.py:889} INFO - 
================================================================================
DAG File Processing Stats

File Path                         PID    Runtime      # DAGs    # Errors  Last Runtime    Last Run
--------------------------------  -----  ---------  --------  ----------  --------------  -------------------
/opt/airflow/dags/project_dag.py                           1           0  0.21s           2025-08-05T03:46:55
================================================================================
[2025-08-05T03:47:26.330+0000] {manager.py:889} INFO - 
================================================================================
DAG File Processing Stats

File Path                         PID    Runtime      # DAGs    # Errors  Last Runtime    Last Run
--------------------------------  -----  ---------  --------  ----------  --------------  -------------------
/opt/airflow/dags/project_dag.py                           1           0  0.41s           2025-08-05T03:47:26
================================================================================
[2025-08-05T03:47:56.911+0000] {manager.py:889} INFO - 
================================================================================
DAG File Processing Stats

File Path                         PID    Runtime      # DAGs    # Errors  Last Runtime    Last Run
--------------------------------  -----  ---------  --------  ----------  --------------  -------------------
/opt/airflow/dags/project_dag.py                           1           0  0.21s           2025-08-05T03:47:56
================================================================================
[2025-08-05T03:48:27.577+0000] {manager.py:889} INFO - 
================================================================================
DAG File Processing Stats

File Path                         PID    Runtime      # DAGs    # Errors  Last Runtime    Last Run
--------------------------------  -----  ---------  --------  ----------  --------------  -------------------
/opt/airflow/dags/project_dag.py                           1           0  0.21s           2025-08-05T03:48:27
================================================================================
[2025-08-05T03:48:57.957+0000] {manager.py:889} INFO - 
================================================================================
DAG File Processing Stats

File Path                         PID    Runtime      # DAGs    # Errors  Last Runtime    Last Run
--------------------------------  -----  ---------  --------  ----------  --------------  -------------------
/opt/airflow/dags/project_dag.py                           1           0  0.21s           2025-08-05T03:48:57
================================================================================
[2025-08-05T03:49:28.200+0000] {manager.py:889} INFO - 
================================================================================
DAG File Processing Stats

File Path                         PID    Runtime      # DAGs    # Errors  Last Runtime    Last Run
--------------------------------  -----  ---------  --------  ----------  --------------  -------------------
/opt/airflow/dags/project_dag.py                           1           0  0.21s           2025-08-05T03:49:28
================================================================================
[2025-08-05T03:49:58.715+0000] {manager.py:889} INFO - 
================================================================================
DAG File Processing Stats

File Path                         PID    Runtime      # DAGs    # Errors  Last Runtime    Last Run
--------------------------------  -----  ---------  --------  ----------  --------------  -------------------
/opt/airflow/dags/project_dag.py                           1           0  0.21s           2025-08-05T03:49:58
================================================================================
[2025-08-05T03:50:18.950+0000] {manager.py:758} INFO - Searching for files in /opt/airflow/dags
[2025-08-05T03:50:18.968+0000] {manager.py:761} INFO - There are 1 files in /opt/airflow/dags
[2025-08-05T03:50:29.357+0000] {manager.py:889} INFO - 
================================================================================
DAG File Processing Stats

File Path                         PID    Runtime      # DAGs    # Errors  Last Runtime    Last Run
--------------------------------  -----  ---------  --------  ----------  --------------  -------------------
/opt/airflow/dags/project_dag.py                           1           0  0.21s           2025-08-05T03:50:29
================================================================================
[2025-08-05T03:51:00.089+0000] {manager.py:889} INFO - 
================================================================================
DAG File Processing Stats

File Path                         PID    Runtime      # DAGs    # Errors  Last Runtime    Last Run
--------------------------------  -----  ---------  --------  ----------  --------------  -------------------
/opt/airflow/dags/project_dag.py                           1           0  0.21s           2025-08-05T03:51:00
================================================================================
[2025-08-05T03:51:30.927+0000] {manager.py:889} INFO - 
================================================================================
DAG File Processing Stats

File Path                         PID    Runtime      # DAGs    # Errors  Last Runtime    Last Run
--------------------------------  -----  ---------  --------  ----------  --------------  -------------------
/opt/airflow/dags/project_dag.py                           1           0  0.21s           2025-08-05T03:51:30
================================================================================
[2025-08-05T03:52:01.575+0000] {manager.py:889} INFO - 
================================================================================
DAG File Processing Stats

File Path                         PID    Runtime      # DAGs    # Errors  Last Runtime    Last Run
--------------------------------  -----  ---------  --------  ----------  --------------  -------------------
/opt/airflow/dags/project_dag.py                           1           0  0.21s           2025-08-05T03:52:01
================================================================================
[2025-08-05T03:52:32.254+0000] {manager.py:889} INFO - 
================================================================================
DAG File Processing Stats

File Path                         PID    Runtime      # DAGs    # Errors  Last Runtime    Last Run
--------------------------------  -----  ---------  --------  ----------  --------------  -------------------
/opt/airflow/dags/project_dag.py                           1           0  0.21s           2025-08-05T03:52:32
================================================================================
[2025-08-05T03:53:02.872+0000] {manager.py:889} INFO - 
================================================================================
DAG File Processing Stats

File Path                         PID    Runtime      # DAGs    # Errors  Last Runtime    Last Run
--------------------------------  -----  ---------  --------  ----------  --------------  -------------------
/opt/airflow/dags/project_dag.py                           1           0  0.21s           2025-08-05T03:53:02
================================================================================
[2025-08-05T03:53:33.801+0000] {manager.py:889} INFO - 
================================================================================
DAG File Processing Stats

File Path                         PID    Runtime      # DAGs    # Errors  Last Runtime    Last Run
--------------------------------  -----  ---------  --------  ----------  --------------  -------------------
/opt/airflow/dags/project_dag.py                           1           0  0.21s           2025-08-05T03:53:33
================================================================================
[2025-08-05T03:54:04.513+0000] {manager.py:889} INFO - 
================================================================================
DAG File Processing Stats

File Path                         PID    Runtime      # DAGs    # Errors  Last Runtime    Last Run
--------------------------------  -----  ---------  --------  ----------  --------------  -------------------
/opt/airflow/dags/project_dag.py                           1           0  0.21s           2025-08-05T03:54:04
================================================================================
[2025-08-05T03:54:35.172+0000] {manager.py:889} INFO - 
================================================================================
DAG File Processing Stats

File Path                         PID    Runtime      # DAGs    # Errors  Last Runtime    Last Run
--------------------------------  -----  ---------  --------  ----------  --------------  -------------------
/opt/airflow/dags/project_dag.py                           1           0  0.21s           2025-08-05T03:54:35
================================================================================
[2025-08-05T03:55:05.520+0000] {manager.py:889} INFO - 
================================================================================
DAG File Processing Stats

File Path                         PID    Runtime      # DAGs    # Errors  Last Runtime    Last Run
--------------------------------  -----  ---------  --------  ----------  --------------  -------------------
/opt/airflow/dags/project_dag.py                           1           0  0.21s           2025-08-05T03:55:05
================================================================================
[2025-08-05T03:55:19.417+0000] {manager.py:758} INFO - Searching for files in /opt/airflow/dags
[2025-08-05T03:55:19.433+0000] {manager.py:761} INFO - There are 1 files in /opt/airflow/dags
[2025-08-05T03:55:35.752+0000] {manager.py:889} INFO - 
================================================================================
DAG File Processing Stats

File Path                         PID    Runtime      # DAGs    # Errors  Last Runtime    Last Run
--------------------------------  -----  ---------  --------  ----------  --------------  -------------------
/opt/airflow/dags/project_dag.py                           1           0  0.21s           2025-08-05T03:55:35
================================================================================
[2025-08-05T03:56:06.295+0000] {manager.py:889} INFO - 
================================================================================
DAG File Processing Stats

File Path                         PID    Runtime      # DAGs    # Errors  Last Runtime    Last Run
--------------------------------  -----  ---------  --------  ----------  --------------  -------------------
/opt/airflow/dags/project_dag.py                           1           0  0.21s           2025-08-05T03:56:06
================================================================================
[2025-08-05T03:56:37.338+0000] {manager.py:889} INFO - 
================================================================================
DAG File Processing Stats

File Path                         PID    Runtime      # DAGs    # Errors  Last Runtime    Last Run
--------------------------------  -----  ---------  --------  ----------  --------------  -------------------
/opt/airflow/dags/project_dag.py                           1           0  0.21s           2025-08-05T03:56:37
================================================================================
[2025-08-05T03:57:07.784+0000] {manager.py:889} INFO - 
================================================================================
DAG File Processing Stats

File Path                         PID    Runtime      # DAGs    # Errors  Last Runtime    Last Run
--------------------------------  -----  ---------  --------  ----------  --------------  -------------------
/opt/airflow/dags/project_dag.py                           1           0  0.21s           2025-08-05T03:57:07
================================================================================
[2025-08-05T03:57:38.547+0000] {manager.py:889} INFO - 
================================================================================
DAG File Processing Stats

File Path                         PID    Runtime      # DAGs    # Errors  Last Runtime    Last Run
--------------------------------  -----  ---------  --------  ----------  --------------  -------------------
/opt/airflow/dags/project_dag.py                           1           0  0.21s           2025-08-05T03:57:38
================================================================================
[2025-08-05T03:58:09.304+0000] {manager.py:889} INFO - 
================================================================================
DAG File Processing Stats

File Path                         PID    Runtime      # DAGs    # Errors  Last Runtime    Last Run
--------------------------------  -----  ---------  --------  ----------  --------------  -------------------
/opt/airflow/dags/project_dag.py                           1           0  0.34s           2025-08-05T03:58:09
================================================================================
[2025-08-05T03:58:39.694+0000] {manager.py:889} INFO - 
================================================================================
DAG File Processing Stats

File Path                         PID    Runtime      # DAGs    # Errors  Last Runtime    Last Run
--------------------------------  -----  ---------  --------  ----------  --------------  -------------------
/opt/airflow/dags/project_dag.py                           1           0  0.21s           2025-08-05T03:58:39
================================================================================
[2025-08-05T03:59:10.166+0000] {manager.py:889} INFO - 
================================================================================
DAG File Processing Stats

File Path                         PID    Runtime      # DAGs    # Errors  Last Runtime    Last Run
--------------------------------  -----  ---------  --------  ----------  --------------  -------------------
/opt/airflow/dags/project_dag.py                           1           0  0.21s           2025-08-05T03:59:10
================================================================================
[2025-08-05T03:59:40.841+0000] {manager.py:889} INFO - 
================================================================================
DAG File Processing Stats

File Path                         PID    Runtime      # DAGs    # Errors  Last Runtime    Last Run
--------------------------------  -----  ---------  --------  ----------  --------------  -------------------
/opt/airflow/dags/project_dag.py                           1           0  0.21s           2025-08-05T03:59:40
================================================================================
[2025-08-05T04:00:11.404+0000] {manager.py:889} INFO - 
================================================================================
DAG File Processing Stats

File Path                         PID    Runtime      # DAGs    # Errors  Last Runtime    Last Run
--------------------------------  -----  ---------  --------  ----------  --------------  -------------------
/opt/airflow/dags/project_dag.py                           1           0  0.21s           2025-08-05T04:00:11
================================================================================
[2025-08-05T04:00:19.674+0000] {manager.py:758} INFO - Searching for files in /opt/airflow/dags
[2025-08-05T04:00:19.691+0000] {manager.py:761} INFO - There are 1 files in /opt/airflow/dags
[2025-08-05T04:00:41.952+0000] {manager.py:889} INFO - 
================================================================================
DAG File Processing Stats

File Path                         PID    Runtime      # DAGs    # Errors  Last Runtime    Last Run
--------------------------------  -----  ---------  --------  ----------  --------------  -------------------
/opt/airflow/dags/project_dag.py                           1           0  0.21s           2025-08-05T04:00:41
================================================================================
[2025-08-05T04:01:12.322+0000] {manager.py:889} INFO - 
================================================================================
DAG File Processing Stats

File Path                         PID    Runtime      # DAGs    # Errors  Last Runtime    Last Run
--------------------------------  -----  ---------  --------  ----------  --------------  -------------------
/opt/airflow/dags/project_dag.py                           1           0  0.21s           2025-08-05T04:01:12
================================================================================
[2025-08-05T04:01:42.684+0000] {manager.py:889} INFO - 
================================================================================
DAG File Processing Stats

File Path                         PID    Runtime      # DAGs    # Errors  Last Runtime    Last Run
--------------------------------  -----  ---------  --------  ----------  --------------  -------------------
/opt/airflow/dags/project_dag.py                           1           0  0.21s           2025-08-05T04:01:42
================================================================================
[2025-08-05T04:02:13.151+0000] {manager.py:889} INFO - 
================================================================================
DAG File Processing Stats

File Path                         PID    Runtime      # DAGs    # Errors  Last Runtime    Last Run
--------------------------------  -----  ---------  --------  ----------  --------------  -------------------
/opt/airflow/dags/project_dag.py                           1           0  0.21s           2025-08-05T04:02:13
================================================================================
[2025-08-05T04:02:48.065+0000] {manager.py:889} INFO - 
================================================================================
DAG File Processing Stats

File Path                         PID    Runtime      # DAGs    # Errors  Last Runtime    Last Run
--------------------------------  -----  ---------  --------  ----------  --------------  -------------------
/opt/airflow/dags/project_dag.py                           1           0  0.21s           2025-08-05T04:02:48
================================================================================
[2025-08-05T04:03:18.295+0000] {manager.py:889} INFO - 
================================================================================
DAG File Processing Stats

File Path                         PID    Runtime      # DAGs    # Errors  Last Runtime    Last Run
--------------------------------  -----  ---------  --------  ----------  --------------  -------------------
/opt/airflow/dags/project_dag.py                           1           0  0.21s           2025-08-05T04:03:18
================================================================================
[2025-08-05T04:03:48.840+0000] {manager.py:889} INFO - 
================================================================================
DAG File Processing Stats

File Path                         PID    Runtime      # DAGs    # Errors  Last Runtime    Last Run
--------------------------------  -----  ---------  --------  ----------  --------------  -------------------
/opt/airflow/dags/project_dag.py                           1           0  0.21s           2025-08-05T04:03:48
================================================================================
[2025-08-05T04:04:19.140+0000] {manager.py:889} INFO - 
================================================================================
DAG File Processing Stats

File Path                         PID    Runtime      # DAGs    # Errors  Last Runtime    Last Run
--------------------------------  -----  ---------  --------  ----------  --------------  -------------------
/opt/airflow/dags/project_dag.py                           1           0  0.21s           2025-08-05T04:04:19
================================================================================
[2025-08-05T04:04:49.669+0000] {manager.py:889} INFO - 
================================================================================
DAG File Processing Stats

File Path                         PID    Runtime      # DAGs    # Errors  Last Runtime    Last Run
--------------------------------  -----  ---------  --------  ----------  --------------  -------------------
/opt/airflow/dags/project_dag.py                           1           0  0.21s           2025-08-05T04:04:49
================================================================================
[2025-08-05T04:05:19.919+0000] {manager.py:758} INFO - Searching for files in /opt/airflow/dags
[2025-08-05T04:05:19.941+0000] {manager.py:761} INFO - There are 1 files in /opt/airflow/dags
[2025-08-05T04:05:20.165+0000] {manager.py:889} INFO - 
================================================================================
DAG File Processing Stats

File Path                         PID    Runtime      # DAGs    # Errors  Last Runtime    Last Run
--------------------------------  -----  ---------  --------  ----------  --------------  -------------------
/opt/airflow/dags/project_dag.py                           1           0  0.21s           2025-08-05T04:05:20
================================================================================
[2025-08-05T04:05:52.129+0000] {manager.py:889} INFO - 
================================================================================
DAG File Processing Stats

File Path                         PID    Runtime      # DAGs    # Errors  Last Runtime    Last Run
--------------------------------  -----  ---------  --------  ----------  --------------  -------------------
/opt/airflow/dags/project_dag.py                           1           0  0.21s           2025-08-05T04:05:52
================================================================================
[2025-08-05T04:06:22.387+0000] {manager.py:889} INFO - 
================================================================================
DAG File Processing Stats

File Path                         PID    Runtime      # DAGs    # Errors  Last Runtime    Last Run
--------------------------------  -----  ---------  --------  ----------  --------------  -------------------
/opt/airflow/dags/project_dag.py                           1           0  0.21s           2025-08-05T04:06:22
================================================================================
[2025-08-05T04:06:53.146+0000] {manager.py:889} INFO - 
================================================================================
DAG File Processing Stats

File Path                         PID    Runtime      # DAGs    # Errors  Last Runtime    Last Run
--------------------------------  -----  ---------  --------  ----------  --------------  -------------------
/opt/airflow/dags/project_dag.py                           1           0  0.21s           2025-08-05T04:06:53
================================================================================
[2025-08-05T04:07:23.572+0000] {manager.py:889} INFO - 
================================================================================
DAG File Processing Stats

File Path                         PID    Runtime      # DAGs    # Errors  Last Runtime    Last Run
--------------------------------  -----  ---------  --------  ----------  --------------  -------------------
/opt/airflow/dags/project_dag.py                           1           0  0.21s           2025-08-05T04:07:23
================================================================================
[2025-08-05T04:07:53.992+0000] {manager.py:889} INFO - 
================================================================================
DAG File Processing Stats

File Path                         PID    Runtime      # DAGs    # Errors  Last Runtime    Last Run
--------------------------------  -----  ---------  --------  ----------  --------------  -------------------
/opt/airflow/dags/project_dag.py                           1           0  0.21s           2025-08-05T04:07:53
================================================================================
[2025-08-05T04:08:24.445+0000] {manager.py:889} INFO - 
================================================================================
DAG File Processing Stats

File Path                         PID    Runtime      # DAGs    # Errors  Last Runtime    Last Run
--------------------------------  -----  ---------  --------  ----------  --------------  -------------------
/opt/airflow/dags/project_dag.py                           1           0  0.21s           2025-08-05T04:08:24
================================================================================
[2025-08-05T04:08:54.895+0000] {manager.py:889} INFO - 
================================================================================
DAG File Processing Stats

File Path                         PID    Runtime      # DAGs    # Errors  Last Runtime    Last Run
--------------------------------  -----  ---------  --------  ----------  --------------  -------------------
/opt/airflow/dags/project_dag.py                           1           0  0.21s           2025-08-05T04:08:54
================================================================================
[2025-08-05T04:09:25.384+0000] {manager.py:889} INFO - 
================================================================================
DAG File Processing Stats

File Path                         PID    Runtime      # DAGs    # Errors  Last Runtime    Last Run
--------------------------------  -----  ---------  --------  ----------  --------------  -------------------
/opt/airflow/dags/project_dag.py                           1           0  0.21s           2025-08-05T04:09:25
================================================================================
[2025-08-05T04:09:55.680+0000] {manager.py:889} INFO - 
================================================================================
DAG File Processing Stats

File Path                         PID    Runtime      # DAGs    # Errors  Last Runtime    Last Run
--------------------------------  -----  ---------  --------  ----------  --------------  -------------------
/opt/airflow/dags/project_dag.py                           1           0  0.21s           2025-08-05T04:09:55
================================================================================
[2025-08-05T04:10:20.796+0000] {manager.py:758} INFO - Searching for files in /opt/airflow/dags
[2025-08-05T04:10:20.809+0000] {manager.py:761} INFO - There are 1 files in /opt/airflow/dags
[2025-08-05T04:10:26.020+0000] {manager.py:889} INFO - 
================================================================================
DAG File Processing Stats

File Path                         PID    Runtime      # DAGs    # Errors  Last Runtime    Last Run
--------------------------------  -----  ---------  --------  ----------  --------------  -------------------
/opt/airflow/dags/project_dag.py                           1           0  0.21s           2025-08-05T04:10:26
================================================================================
[2025-08-05T04:10:56.569+0000] {manager.py:889} INFO - 
================================================================================
DAG File Processing Stats

File Path                         PID    Runtime      # DAGs    # Errors  Last Runtime    Last Run
--------------------------------  -----  ---------  --------  ----------  --------------  -------------------
/opt/airflow/dags/project_dag.py                           1           0  0.31s           2025-08-05T04:10:56
================================================================================
[2025-08-05T04:11:27.005+0000] {manager.py:889} INFO - 
================================================================================
DAG File Processing Stats

File Path                         PID    Runtime      # DAGs    # Errors  Last Runtime    Last Run
--------------------------------  -----  ---------  --------  ----------  --------------  -------------------
/opt/airflow/dags/project_dag.py                           1           0  0.21s           2025-08-05T04:11:27
================================================================================
[2025-08-05T04:11:57.425+0000] {manager.py:889} INFO - 
================================================================================
DAG File Processing Stats

File Path                         PID    Runtime      # DAGs    # Errors  Last Runtime    Last Run
--------------------------------  -----  ---------  --------  ----------  --------------  -------------------
/opt/airflow/dags/project_dag.py                           1           0  0.21s           2025-08-05T04:11:57
================================================================================
[2025-08-05T04:12:27.852+0000] {manager.py:889} INFO - 
================================================================================
DAG File Processing Stats

File Path                         PID    Runtime      # DAGs    # Errors  Last Runtime    Last Run
--------------------------------  -----  ---------  --------  ----------  --------------  -------------------
/opt/airflow/dags/project_dag.py                           1           0  0.21s           2025-08-05T04:12:27
================================================================================
[2025-08-05T04:12:58.280+0000] {manager.py:889} INFO - 
================================================================================
DAG File Processing Stats

File Path                         PID    Runtime      # DAGs    # Errors  Last Runtime    Last Run
--------------------------------  -----  ---------  --------  ----------  --------------  -------------------
/opt/airflow/dags/project_dag.py                           1           0  0.21s           2025-08-05T04:12:58
================================================================================
[2025-08-05T04:13:28.728+0000] {manager.py:889} INFO - 
================================================================================
DAG File Processing Stats

File Path                         PID    Runtime      # DAGs    # Errors  Last Runtime    Last Run
--------------------------------  -----  ---------  --------  ----------  --------------  -------------------
/opt/airflow/dags/project_dag.py                           1           0  0.21s           2025-08-05T04:13:28
================================================================================
[2025-08-05T04:13:59.197+0000] {manager.py:889} INFO - 
================================================================================
DAG File Processing Stats

File Path                         PID    Runtime      # DAGs    # Errors  Last Runtime    Last Run
--------------------------------  -----  ---------  --------  ----------  --------------  -------------------
/opt/airflow/dags/project_dag.py                           1           0  0.21s           2025-08-05T04:13:59
================================================================================
[2025-08-05T04:14:29.718+0000] {manager.py:889} INFO - 
================================================================================
DAG File Processing Stats

File Path                         PID    Runtime      # DAGs    # Errors  Last Runtime    Last Run
--------------------------------  -----  ---------  --------  ----------  --------------  -------------------
/opt/airflow/dags/project_dag.py                           1           0  0.21s           2025-08-05T04:14:29
================================================================================
[2025-08-05T04:15:00.135+0000] {manager.py:889} INFO - 
================================================================================
DAG File Processing Stats

File Path                         PID    Runtime      # DAGs    # Errors  Last Runtime    Last Run
--------------------------------  -----  ---------  --------  ----------  --------------  -------------------
/opt/airflow/dags/project_dag.py                           1           0  0.21s           2025-08-05T04:15:00
================================================================================
[2025-08-05T04:15:21.488+0000] {manager.py:758} INFO - Searching for files in /opt/airflow/dags
[2025-08-05T04:15:21.498+0000] {manager.py:761} INFO - There are 1 files in /opt/airflow/dags
[2025-08-05T04:15:30.687+0000] {manager.py:889} INFO - 
================================================================================
DAG File Processing Stats

File Path                         PID    Runtime      # DAGs    # Errors  Last Runtime    Last Run
--------------------------------  -----  ---------  --------  ----------  --------------  -------------------
/opt/airflow/dags/project_dag.py                           1           0  0.31s           2025-08-05T04:15:30
================================================================================
[2025-08-05T04:16:01.183+0000] {manager.py:889} INFO - 
================================================================================
DAG File Processing Stats

File Path                         PID    Runtime      # DAGs    # Errors  Last Runtime    Last Run
--------------------------------  -----  ---------  --------  ----------  --------------  -------------------
/opt/airflow/dags/project_dag.py                           1           0  0.21s           2025-08-05T04:16:01
================================================================================
[2025-08-05T04:16:37.381+0000] {manager.py:889} INFO - 
================================================================================
DAG File Processing Stats

File Path                         PID    Runtime      # DAGs    # Errors  Last Runtime    Last Run
--------------------------------  -----  ---------  --------  ----------  --------------  -------------------
/opt/airflow/dags/project_dag.py                           1           0  0.21s           2025-08-05T04:16:37
================================================================================
[2025-08-05T04:17:07.925+0000] {manager.py:889} INFO - 
================================================================================
DAG File Processing Stats

File Path                         PID    Runtime      # DAGs    # Errors  Last Runtime    Last Run
--------------------------------  -----  ---------  --------  ----------  --------------  -------------------
/opt/airflow/dags/project_dag.py                           1           0  0.21s           2025-08-05T04:17:07
================================================================================
[2025-08-05T04:17:38.584+0000] {manager.py:889} INFO - 
================================================================================
DAG File Processing Stats

File Path                         PID    Runtime      # DAGs    # Errors  Last Runtime    Last Run
--------------------------------  -----  ---------  --------  ----------  --------------  -------------------
/opt/airflow/dags/project_dag.py                           1           0  0.21s           2025-08-05T04:17:38
================================================================================
[2025-08-05T04:18:09.066+0000] {manager.py:889} INFO - 
================================================================================
DAG File Processing Stats

File Path                         PID    Runtime      # DAGs    # Errors  Last Runtime    Last Run
--------------------------------  -----  ---------  --------  ----------  --------------  -------------------
/opt/airflow/dags/project_dag.py                           1           0  0.21s           2025-08-05T04:18:09
================================================================================
[2025-08-05T04:18:39.671+0000] {manager.py:889} INFO - 
================================================================================
DAG File Processing Stats

File Path                         PID    Runtime      # DAGs    # Errors  Last Runtime    Last Run
--------------------------------  -----  ---------  --------  ----------  --------------  -------------------
/opt/airflow/dags/project_dag.py                           1           0  0.31s           2025-08-05T04:18:39
================================================================================
[2025-08-05T04:19:10.508+0000] {manager.py:889} INFO - 
================================================================================
DAG File Processing Stats

File Path                         PID    Runtime      # DAGs    # Errors  Last Runtime    Last Run
--------------------------------  -----  ---------  --------  ----------  --------------  -------------------
/opt/airflow/dags/project_dag.py                           1           0  0.43s           2025-08-05T04:19:10
================================================================================
[2025-08-05T04:19:41.076+0000] {manager.py:889} INFO - 
================================================================================
DAG File Processing Stats

File Path                         PID    Runtime      # DAGs    # Errors  Last Runtime    Last Run
--------------------------------  -----  ---------  --------  ----------  --------------  -------------------
/opt/airflow/dags/project_dag.py                           1           0  0.21s           2025-08-05T04:19:41
================================================================================
[2025-08-05T04:20:11.384+0000] {manager.py:889} INFO - 
================================================================================
DAG File Processing Stats

File Path                         PID    Runtime      # DAGs    # Errors  Last Runtime    Last Run
--------------------------------  -----  ---------  --------  ----------  --------------  -------------------
/opt/airflow/dags/project_dag.py                           1           0  0.21s           2025-08-05T04:20:11
================================================================================
[2025-08-05T04:20:21.523+0000] {manager.py:758} INFO - Searching for files in /opt/airflow/dags
[2025-08-05T04:20:21.534+0000] {manager.py:761} INFO - There are 1 files in /opt/airflow/dags
[2025-08-05T04:20:41.943+0000] {manager.py:889} INFO - 
================================================================================
DAG File Processing Stats

File Path                         PID    Runtime      # DAGs    # Errors  Last Runtime    Last Run
--------------------------------  -----  ---------  --------  ----------  --------------  -------------------
/opt/airflow/dags/project_dag.py                           1           0  0.20s           2025-08-05T04:20:41
================================================================================
[2025-08-05T04:21:12.456+0000] {manager.py:889} INFO - 
================================================================================
DAG File Processing Stats

File Path                         PID    Runtime      # DAGs    # Errors  Last Runtime    Last Run
--------------------------------  -----  ---------  --------  ----------  --------------  -------------------
/opt/airflow/dags/project_dag.py                           1           0  0.21s           2025-08-05T04:21:12
================================================================================
[2025-08-05T04:21:43.072+0000] {manager.py:889} INFO - 
================================================================================
DAG File Processing Stats

File Path                         PID    Runtime      # DAGs    # Errors  Last Runtime    Last Run
--------------------------------  -----  ---------  --------  ----------  --------------  -------------------
/opt/airflow/dags/project_dag.py                           1           0  0.21s           2025-08-05T04:21:43
================================================================================
[2025-08-05T04:22:13.614+0000] {manager.py:889} INFO - 
================================================================================
DAG File Processing Stats

File Path                         PID    Runtime      # DAGs    # Errors  Last Runtime    Last Run
--------------------------------  -----  ---------  --------  ----------  --------------  -------------------
/opt/airflow/dags/project_dag.py                           1           0  0.21s           2025-08-05T04:22:13
================================================================================
[2025-08-05T04:22:44.179+0000] {manager.py:889} INFO - 
================================================================================
DAG File Processing Stats

File Path                         PID    Runtime      # DAGs    # Errors  Last Runtime    Last Run
--------------------------------  -----  ---------  --------  ----------  --------------  -------------------
/opt/airflow/dags/project_dag.py                           1           0  0.21s           2025-08-05T04:22:44
================================================================================
[2025-08-05T04:23:14.412+0000] {manager.py:889} INFO - 
================================================================================
DAG File Processing Stats

File Path                         PID    Runtime      # DAGs    # Errors  Last Runtime    Last Run
--------------------------------  -----  ---------  --------  ----------  --------------  -------------------
/opt/airflow/dags/project_dag.py                           1           0  0.21s           2025-08-05T04:23:14
================================================================================
[2025-08-05T04:23:45.042+0000] {manager.py:889} INFO - 
================================================================================
DAG File Processing Stats

File Path                         PID    Runtime      # DAGs    # Errors  Last Runtime    Last Run
--------------------------------  -----  ---------  --------  ----------  --------------  -------------------
/opt/airflow/dags/project_dag.py                           1           0  0.31s           2025-08-05T04:23:45
================================================================================
[2025-08-05T04:24:15.563+0000] {manager.py:889} INFO - 
================================================================================
DAG File Processing Stats

File Path                         PID    Runtime      # DAGs    # Errors  Last Runtime    Last Run
--------------------------------  -----  ---------  --------  ----------  --------------  -------------------
/opt/airflow/dags/project_dag.py                           1           0  0.21s           2025-08-05T04:24:15
================================================================================
[2025-08-05T04:24:46.109+0000] {manager.py:889} INFO - 
================================================================================
DAG File Processing Stats

File Path                         PID    Runtime      # DAGs    # Errors  Last Runtime    Last Run
--------------------------------  -----  ---------  --------  ----------  --------------  -------------------
/opt/airflow/dags/project_dag.py                           1           0  0.21s           2025-08-05T04:24:46
================================================================================
[2025-08-05T04:25:16.528+0000] {manager.py:889} INFO - 
================================================================================
DAG File Processing Stats

File Path                         PID    Runtime      # DAGs    # Errors  Last Runtime    Last Run
--------------------------------  -----  ---------  --------  ----------  --------------  -------------------
/opt/airflow/dags/project_dag.py                           1           0  0.21s           2025-08-05T04:25:16
================================================================================
[2025-08-05T04:25:21.580+0000] {manager.py:758} INFO - Searching for files in /opt/airflow/dags
[2025-08-05T04:25:21.598+0000] {manager.py:761} INFO - There are 1 files in /opt/airflow/dags
[2025-08-05T04:25:46.954+0000] {manager.py:889} INFO - 
================================================================================
DAG File Processing Stats

File Path                         PID    Runtime      # DAGs    # Errors  Last Runtime    Last Run
--------------------------------  -----  ---------  --------  ----------  --------------  -------------------
/opt/airflow/dags/project_dag.py                           1           0  0.21s           2025-08-05T04:25:46
================================================================================
[2025-08-05T04:26:17.375+0000] {manager.py:889} INFO - 
================================================================================
DAG File Processing Stats

File Path                         PID    Runtime      # DAGs    # Errors  Last Runtime    Last Run
--------------------------------  -----  ---------  --------  ----------  --------------  -------------------
/opt/airflow/dags/project_dag.py                           1           0  0.21s           2025-08-05T04:26:17
================================================================================
[2025-08-05T04:26:47.796+0000] {manager.py:889} INFO - 
================================================================================
DAG File Processing Stats

File Path                         PID    Runtime      # DAGs    # Errors  Last Runtime    Last Run
--------------------------------  -----  ---------  --------  ----------  --------------  -------------------
/opt/airflow/dags/project_dag.py                           1           0  0.21s           2025-08-05T04:26:47
================================================================================
[2025-08-05T04:27:18.229+0000] {manager.py:889} INFO - 
================================================================================
DAG File Processing Stats

File Path                         PID    Runtime      # DAGs    # Errors  Last Runtime    Last Run
--------------------------------  -----  ---------  --------  ----------  --------------  -------------------
/opt/airflow/dags/project_dag.py                           1           0  0.21s           2025-08-05T04:27:18
================================================================================
[2025-08-05T04:27:48.630+0000] {manager.py:889} INFO - 
================================================================================
DAG File Processing Stats

File Path                         PID    Runtime      # DAGs    # Errors  Last Runtime    Last Run
--------------------------------  -----  ---------  --------  ----------  --------------  -------------------
/opt/airflow/dags/project_dag.py                           1           0  0.21s           2025-08-05T04:27:48
================================================================================
[2025-08-05T04:28:19.017+0000] {manager.py:889} INFO - 
================================================================================
DAG File Processing Stats

File Path                         PID    Runtime      # DAGs    # Errors  Last Runtime    Last Run
--------------------------------  -----  ---------  --------  ----------  --------------  -------------------
/opt/airflow/dags/project_dag.py                           1           0  0.21s           2025-08-05T04:28:19
================================================================================
[2025-08-05T04:28:49.436+0000] {manager.py:889} INFO - 
================================================================================
DAG File Processing Stats

File Path                         PID    Runtime      # DAGs    # Errors  Last Runtime    Last Run
--------------------------------  -----  ---------  --------  ----------  --------------  -------------------
/opt/airflow/dags/project_dag.py                           1           0  0.21s           2025-08-05T04:28:49
================================================================================
[2025-08-05T04:29:19.914+0000] {manager.py:889} INFO - 
================================================================================
DAG File Processing Stats

File Path                         PID    Runtime      # DAGs    # Errors  Last Runtime    Last Run
--------------------------------  -----  ---------  --------  ----------  --------------  -------------------
/opt/airflow/dags/project_dag.py                           1           0  0.21s           2025-08-05T04:29:19
================================================================================
[2025-08-05T04:29:50.367+0000] {manager.py:889} INFO - 
================================================================================
DAG File Processing Stats

File Path                         PID    Runtime      # DAGs    # Errors  Last Runtime    Last Run
--------------------------------  -----  ---------  --------  ----------  --------------  -------------------
/opt/airflow/dags/project_dag.py                           1           0  0.21s           2025-08-05T04:29:50
================================================================================
[2025-08-05T04:30:20.675+0000] {manager.py:889} INFO - 
================================================================================
DAG File Processing Stats

File Path                         PID    Runtime      # DAGs    # Errors  Last Runtime    Last Run
--------------------------------  -----  ---------  --------  ----------  --------------  -------------------
/opt/airflow/dags/project_dag.py                           1           0  0.21s           2025-08-05T04:30:20
================================================================================
[2025-08-05T04:30:21.789+0000] {manager.py:758} INFO - Searching for files in /opt/airflow/dags
[2025-08-05T04:30:21.806+0000] {manager.py:761} INFO - There are 1 files in /opt/airflow/dags
[2025-08-05T04:30:51.117+0000] {manager.py:889} INFO - 
================================================================================
DAG File Processing Stats

File Path                         PID    Runtime      # DAGs    # Errors  Last Runtime    Last Run
--------------------------------  -----  ---------  --------  ----------  --------------  -------------------
/opt/airflow/dags/project_dag.py                           1           0  0.21s           2025-08-05T04:30:51
================================================================================
[2025-08-05T04:31:21.565+0000] {manager.py:889} INFO - 
================================================================================
DAG File Processing Stats

File Path                         PID    Runtime      # DAGs    # Errors  Last Runtime    Last Run
--------------------------------  -----  ---------  --------  ----------  --------------  -------------------
/opt/airflow/dags/project_dag.py                           1           0  0.21s           2025-08-05T04:31:21
================================================================================
[2025-08-05T04:31:51.990+0000] {manager.py:889} INFO - 
================================================================================
DAG File Processing Stats

File Path                         PID    Runtime      # DAGs    # Errors  Last Runtime    Last Run
--------------------------------  -----  ---------  --------  ----------  --------------  -------------------
/opt/airflow/dags/project_dag.py                           1           0  0.21s           2025-08-05T04:31:51
================================================================================
[2025-08-05T04:32:22.374+0000] {manager.py:889} INFO - 
================================================================================
DAG File Processing Stats

File Path                         PID    Runtime      # DAGs    # Errors  Last Runtime    Last Run
--------------------------------  -----  ---------  --------  ----------  --------------  -------------------
/opt/airflow/dags/project_dag.py                           1           0  0.21s           2025-08-05T04:32:22
================================================================================
[2025-08-05T04:32:52.796+0000] {manager.py:889} INFO - 
================================================================================
DAG File Processing Stats

File Path                         PID    Runtime      # DAGs    # Errors  Last Runtime    Last Run
--------------------------------  -----  ---------  --------  ----------  --------------  -------------------
/opt/airflow/dags/project_dag.py                           1           0  0.21s           2025-08-05T04:32:52
================================================================================
[2025-08-05T04:33:23.265+0000] {manager.py:889} INFO - 
================================================================================
DAG File Processing Stats

File Path                         PID    Runtime      # DAGs    # Errors  Last Runtime    Last Run
--------------------------------  -----  ---------  --------  ----------  --------------  -------------------
/opt/airflow/dags/project_dag.py                           1           0  0.21s           2025-08-05T04:33:23
================================================================================
[2025-08-05T04:33:53.704+0000] {manager.py:889} INFO - 
================================================================================
DAG File Processing Stats

File Path                         PID    Runtime      # DAGs    # Errors  Last Runtime    Last Run
--------------------------------  -----  ---------  --------  ----------  --------------  -------------------
/opt/airflow/dags/project_dag.py                           1           0  0.21s           2025-08-05T04:33:53
================================================================================
[2025-08-05T04:34:23.916+0000] {manager.py:889} INFO - 
================================================================================
DAG File Processing Stats

File Path                         PID    Runtime      # DAGs    # Errors  Last Runtime    Last Run
--------------------------------  -----  ---------  --------  ----------  --------------  -------------------
/opt/airflow/dags/project_dag.py                           1           0  0.21s           2025-08-05T04:34:23
================================================================================
[2025-08-05T04:34:54.511+0000] {manager.py:889} INFO - 
================================================================================
DAG File Processing Stats

File Path                         PID    Runtime      # DAGs    # Errors  Last Runtime    Last Run
--------------------------------  -----  ---------  --------  ----------  --------------  -------------------
/opt/airflow/dags/project_dag.py                           1           0  0.21s           2025-08-05T04:34:54
================================================================================
