account_id,account_name,churn,industry,closed_won_usd,client_tenure_months,deal_status,feature_purchased,sessions_last_30d,region,csat_score,comment_sentiment_score,support_tickets_30d,last_login_days
A00001,"Rodriguez, Figueroa and Sanchez",True,Logistics,9298.25,6.0,Closed -Won,Analytics,8.166228128289317,Europe,,,0.0,1.0273388023052994
A00002,Doyle Ltd,True,MarTech,9127.64,46.0,Closed -Won,API,20.822555090955202,LATAM,,,1.0,3.2334935482459914
A00003,"Mcclain, Miller and Henderson",True,SMB SaaS,7649.86,39.0,Negotiation,Automation,13.300774522642921,North America,,,0.0,1.6879231819312426
A00004,Davis and Sons,True,FinTech,12539.16,26.0,Closed -Won,Premium Support,2.7589421198445487,Asia,,,4.0,25.23044850621111
A00005,"Guzman, Hoffman and Baldwin",True,HealthTech,31530.41,26.0,Closed -Won,Core,6.703918040356639,LATAM,,,2.0,26.97558150645915
A00006,"Gardner, Robinson and Lawrence",True,SMB SaaS,7550.16,51.0,Closed -Won,Core,2.093596707954496,LATAM,,,6.0,16.481373719354515
A00007,Blake and Sons,True,EdTech,8684.31,6.0,Closed -Lost,Core,14.124417609055172,North America,,,1.0,3.8757640278327723
A00008,"Henderson, Ramirez and Lewis",True,EdTech,40271.82,42.0,Closed -Won,Automation,13.81559776643514,LATAM,,,2.0,1.1123701159605788
A00009,Garcia-James,True,Logistics,8526.41,12.0,Closed -Won,Premium Support,2.966221355270362,North America,,,5.0,28.65240615636649
A00010,Abbott-Munoz,True,HealthTech,14846.98,6.0,Closed -Won,Core,14.221390441542281,Asia,,,2.0,2.3644243831678455
A00011,Blair PLC,True,E -Commerce,45505.64,32.0,Negotiation,Core,16.53748497144972,LATAM,,,1.0,2.016863499288711
A00012,Dudley Group,True,EdTech,12787.76,58.0,Closed -Won,Premium Support,13.291164093550433,Europe,,,2.0,2.4001238323252414
A00013,Arnold Ltd,True,HealthTech,54862.36,44.0,Closed -Won,Analytics,17.52259803693245,Asia,,,0.0,2.3905264989670156
A00014,"Mcclure, Ward and Lee",True,SMB SaaS,7183.51,45.0,Closed -Won,Analytics,17.39868551567409,Asia,,,0.0,3.857104419063244
A00015,Williams and Sons,True,HealthTech,52934.32,43.0,Closed -Won,Core,12.076713851777455,North America,,,1.0,2.5202207318217247
A00016,Galloway-Wyatt,True,FinTech,12394.25,47.0,Closed -Won,Core,0.0,North America,,,5.0,33.81056658207912
A00017,James Group,True,CyberSecurity,1851.71,31.0,Closed -Won,Core,3.880353251476821,Europe,,,2.0,25.499570343853083
A00018,"Flowers, Martin and Kelly",True,Logistics,2626.5,8.0,Closed -Lost,API,3.4242343861399394,North America,,,6.0,21.276956738832094
A00019,"Adams, Zuniga and Wong",True,HealthTech,10305.49,50.0,Closed -Won,API,14.296943667808193,LATAM,,,0.0,1.0431530263770141
A00020,"Reid, Ferguson and Sanchez",True,CyberSecurity,17500.27,27.0,Closed -Won,Core,14.207947252823377,LATAM,,,0.0,2.1090039895795942
A00021,Gray-Mayo,True,E -Commerce,13313.75,30.0,Closed -Won,API,6.1095999300244745,LATAM,,,2.0,4.883283555780828
A00022,"Watts, Robinson and Nguyen",True,Logistics,34497.09,22.0,Negotiation,Core,4.355614834654363,North America,,,4.0,33.33855529064691
A00023,Perez Inc,True,HealthTech,20354.14,11.0,Closed -Won,Core,9.908160585012638,Asia,,,2.0,2.2331469963354516
A00024,Morales-Jones,True,SMB SaaS,11859.74,55.0,Closed -Won,Core,5.996361260352986,Asia,,,1.0,32.278749567614064
A00025,"Walter, Edwards and Rios",True,E -Commerce,16427.68,47.0,Closed -Won,Core,18.7582489751636,LATAM,,,1.0,1.7719109575127974
A00026,Wilkerson-Day,True,Logistics,10807.29,38.0,Closed -Won,Premium Support,16.555814997366763,North America,,,1.0,1.795480738932569
A00027,Baker and Sons,True,EdTech,21036.92,24.0,Negotiation,Core,13.284597687983334,Europe,,,2.0,2.0914097731614834
A00028,"Hoffman, Baker and Richards",True,SMB SaaS,7857.99,49.0,Closed -Won,Core,10.975955190188905,LATAM,,,0.0,1.7479967245354686
A00029,"Ross, Robinson and Bright",True,CyberSecurity,21281.81,33.0,Closed -Won,Automation,5.0433755738709785,LATAM,,,4.0,17.38805543530207
A00030,"Snyder, Campos and Callahan",True,HealthTech,12956.45,27.0,Closed -Won,Core,19.8279257192781,North America,,,1.0,1.512389294183101
A00031,Burton Ltd,True,SMB SaaS,10533.2,27.0,Closed -Won,Core,11.923407840440118,Asia,,,1.0,4.022392818747079
A00032,Carlson-Cruz,True,Logistics,33860.55,14.0,Closed -Won,Core,6.933213936841809,Asia,,,2.0,1.7479862567026485
A00033,"Ferrell, Rice and Maddox",True,EdTech,45190.46,6.0,Negotiation,Core,6.833853583000657,LATAM,,,3.0,35.33201057407344
A00034,Frazier Inc,True,E -Commerce,16952.16,33.0,Closed -Won,Core,18.50150934085368,Europe,,,0.0,1.3309639001567832
A00035,"Dyer, Potter and Mack",True,MarTech,11354.3,53.0,Closed -Won,API,18.977647061499567,LATAM,,,0.0,2.9331430304011468
A00036,Rodriguez-Graham,True,E -Commerce,11571.43,4.0,Closed -Won,Analytics,17.115044012747987,North America,,,0.0,2.7334677873513344
A00037,Smith-Bowen,True,SMB SaaS,11488.77,51.0,Closed -Won,Core,17.604559031704344,LATAM,,,1.0,2.4192602365321703
A00038,"Baker, Mason and White",True,SMB SaaS,792.24,49.0,Closed -Won,Automation,14.158802222160626,North America,,,3.0,0.9726646437814801
A00039,Harrell LLC,True,HealthTech,22806.31,17.0,Closed -Won,Core,1.6075053411094282,North America,,,1.0,29.71362903664923
A00040,"Romero, Gonzalez and Brooks",True,SMB SaaS,18864.68,38.0,Closed -Won,Analytics,14.08364312450004,LATAM,,,1.0,3.6861729857461807
A00041,Ryan PLC,True,MarTech,15770.73,10.0,Negotiation,Core,15.864718317258252,LATAM,,,2.0,1.2365262922893203
A00042,George Group,True,CyberSecurity,27103.46,45.0,Closed -Won,Core,13.594189830301248,Asia,,,1.0,2.6409021702125046
A00043,Rodriguez LLC,True,Logistics,5963.27,42.0,Closed -Won,Analytics,13.457491643781154,LATAM,,,1.0,1.0553286698186977
A00044,Allen-Allen,True,MarTech,1946.73,21.0,Closed -Won,Core,11.107645882945032,Asia,,,2.0,3.008383235601769
A00045,"Arroyo, Miller and Tucker",True,MarTech,11130.92,5.0,Negotiation,Core,2.3884460428598424,Asia,,,2.0,19.07840498011824
A00046,Spence PLC,True,MarTech,24019.83,58.0,Closed -Won,Analytics,19.51444554429821,Europe,,,0.0,1.0368121124599998
A00047,Anderson Group,True,Logistics,16689.27,27.0,Closed -Won,Automation,19.623039109640427,Asia,,,3.0,1.2876575233030985
A00048,"Martin, Rose and Obrien",True,MarTech,13447.12,53.0,Closed -Won,Analytics,13.99205860626169,Europe,,,1.0,1.4461974033389766
A00049,Hickman Ltd,True,EdTech,46426.58,40.0,Closed -Won,Core,14.84457081527878,LATAM,,,0.0,2.4046733549242196
A00050,"Harris, Collins and Carney",True,EdTech,36323.51,46.0,Closed -Won,Core,11.057425828888944,North America,,,0.0,2.069383706137783
A00051,"Brooks, Lam and Hayes",True,HealthTech,25792.24,45.0,Closed -Won,Analytics,0.0,North America,,,4.0,12.04273541413631
A00052,Walker LLC,True,MarTech,12846.3,12.0,Closed -Won,Core,19.2789475148426,LATAM,,,1.0,1.9720529862011797
A00053,Chapman and Sons,True,FinTech,75439.12,22.0,Negotiation,Core,9.41230766016592,Europe,,,2.0,0.8564985927089037
A00054,"Robinson, Jones and Welch",True,FinTech,6420.2,28.0,Negotiation,Analytics,4.460433523922467,LATAM,,,4.0,33.95496678408523
A00055,Jones Inc,True,CyberSecurity,31175.85,30.0,Closed -Won,Premium Support,15.617066727935121,North America,,,0.0,2.826902898872407
A00056,Jones-Young,True,FinTech,32719.66,3.0,Closed -Won,Automation,15.582819544667773,Europe,,,1.0,1.9760526614506382
A00057,"Washington, Ryan and Cummings",True,E -Commerce,10545.09,33.0,Closed -Won,Core,4.994135773862526,LATAM,,,4.0,23.529253383106223
A00058,"Johnston, Sanchez and Kennedy",True,Logistics,37520.61,10.0,Closed -Won,Automation,8.359656392831152,LATAM,,,4.0,17.814410453470515
A00059,Lee-Davis,True,CyberSecurity,5977.97,44.0,Closed -Won,Core,13.299548966382012,Asia,,,1.0,1.842397007607881
A00060,Gomez-Jenkins,True,MarTech,20462.29,41.0,Negotiation,Automation,16.019521016469074,Asia,,,1.0,1.0557420499491104
A00061,"Brown, Valdez and Lucas",True,HealthTech,30005.83,55.0,Closed -Won,API,0.0,Asia,,,3.0,22.890346799916088
A00062,Powell LLC,True,SMB SaaS,19774.55,44.0,Closed -Won,API,12.103654121180913,North America,,,1.0,0.8673462342346552
A00063,Wright and Sons,True,Logistics,4159.45,22.0,Closed -Won,Core,14.812442470643044,LATAM,,,0.0,1.7894310367270574
A00064,"West, Henderson and Ramirez",True,E -Commerce,29596.11,58.0,Closed -Won,API,2.8482299819885553,North America,,,4.0,23.49102625234931
A00065,Baxter Inc,True,FinTech,36353.4,25.0,Closed -Won,Analytics,14.650786056250958,Europe,,,1.0,1.2981801667911297
A00066,Morton-Chase,True,FinTech,17769.41,20.0,Closed -Won,API,11.356456371541647,North America,,,1.0,1.7499124043554892
A00067,Williams PLC,True,EdTech,3057.46,54.0,Closed -Lost,Analytics,12.609318080432967,Europe,,,1.0,2.8998913262140826
A00068,Novak and Sons,True,HealthTech,17007.47,22.0,Closed -Won,Core,12.632277739476027,North America,,,0.0,3.105668788324186
A00069,Russell Group,True,Logistics,9808.64,5.0,Closed -Won,Analytics,11.472668135207886,LATAM,,,2.0,2.9262058630906704
A00070,Hancock Inc,True,HealthTech,16314.24,28.0,Closed -Won,Core,14.940618744817007,North America,,,2.0,2.3363540891284145
A00071,Gray Group,True,EdTech,25427.24,47.0,Closed -Lost,Core,15.254336288879234,LATAM,,,3.0,1.742283438612344
A00072,House-Glover,True,SMB SaaS,5547.15,12.0,Closed -Won,Analytics,2.422062594166589,LATAM,,,5.0,27.85262806916421
A00073,Henderson-Bernard,True,Logistics,41386.38,28.0,Closed -Won,Analytics,11.427132955518106,North America,,,1.0,2.3676609932772745
A00074,"Stanley, Tucker and Lee",True,HealthTech,12398.03,8.0,Closed -Won,Core,12.26756394131362,North America,,,1.0,0.0
A00075,Novak PLC,True,MarTech,18028.73,41.0,Closed -Won,Core,18.663708355793712,Asia,,,1.0,0.07663272352698702
A00076,"Daniels, Adkins and Brown",True,E -Commerce,10701.13,29.0,Closed -Won,Analytics,13.506512407781239,LATAM,,,1.0,1.8383323442130528
A00077,"Woods, Calhoun and Schmidt",True,CyberSecurity,25422.5,20.0,Closed -Won,Premium Support,14.090393087754903,Europe,,,2.0,2.2645772446304973
A00078,Yu Inc,True,SMB SaaS,41372.92,14.0,Closed -Won,Analytics,13.474688835813051,Asia,,,1.0,1.5489150961707394
A00079,Jones Inc,True,Logistics,8253.76,34.0,Closed -Won,Automation,17.39909245616493,North America,,,2.0,3.535531148593968
A00080,"Hensley, Powell and David",True,SMB SaaS,23107.96,40.0,Closed -Won,Analytics,1.2700810118331742,Asia,,,4.0,13.424291626130648
A00081,"Sanchez, Wheeler and Harvey",True,FinTech,9248.43,56.0,Closed -Won,Core,17.339624301766545,North America,,,1.0,1.7505920932047423
A00082,Sandoval-Cunningham,True,HealthTech,25001.03,26.0,Closed -Won,Core,14.079702834072643,LATAM,,,0.0,3.3863099451817957
A00083,Donovan-Harris,True,E -Commerce,16021.46,10.0,Closed -Lost,Core,1.7442915743185687,North America,,,8.0,28.857660360710288
A00084,"Edwards, Baker and Anderson",True,FinTech,28841.17,50.0,Closed -Won,Premium Support,19.775639233277765,North America,,,3.0,2.512558693474669
A00085,"Evans, Stewart and Walton",True,EdTech,19133.27,38.0,Closed -Won,Core,16.568926930866553,Europe,,,2.0,1.2247423402425035
A00086,Smith PLC,True,HealthTech,57037.97,42.0,Closed -Won,Core,5.1522245334360495,North America,,,4.0,24.352115909930127
A00087,"Ferrell, Jones and Lewis",True,SMB SaaS,10773.83,6.0,Negotiation,API,1.284474457743165,Europe,,,3.0,17.882710365580394
A00088,Anderson-Bailey,True,FinTech,5078.74,19.0,Closed -Won,API,12.393173254222715,North America,,,0.0,1.9575831201994869
A00089,Suarez LLC,True,HealthTech,10076.47,46.0,Closed -Won,API,18.232110209565967,North America,,,1.0,0.9499585585554677
A00090,Moore-Bass,True,HealthTech,10213.62,50.0,Closed -Won,Core,18.434853768153474,Asia,,,0.0,1.6709252308034817
A00091,"Turner, Riggs and Roman",True,HealthTech,14526.44,26.0,Closed -Won,Premium Support,11.235551684956832,Asia,,,2.0,2.260600303055161
A00092,"Smith, Montoya and Evans",True,E -Commerce,11710.85,48.0,Closed -Won,Core,2.5722386044358383,Asia,,,4.0,31.293527683255817
A00093,"Garcia, Humphrey and Baker",True,EdTech,18038.08,50.0,Closed -Won,Core,16.346572111883987,North America,,,1.0,0.736258731478763
A00094,Newton and Sons,True,SMB SaaS,3288.67,23.0,Closed -Won,Automation,2.784124406813188,Europe,,,4.0,35.328540934653404
A00095,Campbell-Clark,True,EdTech,11662.4,53.0,Closed -Won,Premium Support,11.773096647098429,Europe,,,3.0,1.9474726312768276
A00096,Harris-Walters,True,E -Commerce,11562.91,18.0,Closed -Won,Premium Support,18.297629830981485,Europe,,,1.0,1.506109200261892
A00097,Wagner-King,True,CyberSecurity,26416.14,15.0,Closed -Won,Analytics,14.052038054100663,Europe,,,1.0,1.729482068613623
A00098,Davis Group,True,CyberSecurity,7335.78,41.0,Closed -Won,Automation,0.0,LATAM,,,2.0,22.562595250642207
A00099,Williams-Cook,True,Logistics,7032.69,38.0,Negotiation,Core,13.640038490497139,Europe,,,2.0,0.5506001581913738
A00100,Walsh LLC,True,HealthTech,15769.36,9.0,Closed -Won,Automation,14.00739428329912,Europe,,,1.0,1.4652492226083014
A00101,Figueroa PLC,True,E -Commerce,27549.05,50.0,Closed -Won,Automation,10.823329420654133,Asia,,,0.0,1.7868314750696952
A00102,"Patterson, Smith and Jones",True,Logistics,677.91,12.0,Closed -Won,Core,14.936520856554589,Asia,,,0.0,1.6896098963937516
A00103,"Mckee, Gardner and Davenport",True,Logistics,25567.07,48.0,Negotiation,Core,16.873427766495745,Europe,,,1.0,2.111795918796453
A00104,"Tran, Jordan and Williams",False,E -Commerce,238041.31,1.0,Closed -Won,Premium Support,12.050926418627975,North America,8.2,0.49,0.9,4.636531641557016
A00105,Nolan-Flynn,True,CyberSecurity,14667.91,48.0,Closed -Won,Analytics,12.37446773186037,LATAM,,,1.0,2.6817262268966697
A00106,Nolan and Sons,True,Logistics,17559.64,47.0,Closed -Won,Premium Support,13.554583794779102,Europe,,,1.0,1.3664491644886092
A00107,"Wright, Garcia and Deleon",True,E -Commerce,31270.4,47.0,Closed -Won,Automation,13.986369929619647,Asia,,,1.0,0.42420319608021506
A00108,Dickson-Brady,True,SMB SaaS,10150.82,40.0,Closed -Won,Automation,14.651964882443146,Europe,,,1.0,3.271596365728607
A00109,Hancock and Sons,True,HealthTech,4666.4,28.0,Closed -Won,Core,1.9029804127648542,North America,,,5.0,23.443716631909247
A00110,Johnson-Doyle,True,EdTech,23008.67,42.0,Closed -Won,API,4.432776481700106,North America,,,1.0,35.24249657155846
A00111,Patton-Jenkins,True,FinTech,21670.51,17.0,Closed -Won,Automation,9.79191011411087,North America,,,0.0,2.2777050564924215
A00112,"Shields, Cochran and Adams",True,FinTech,2095.63,47.0,Closed -Won,Analytics,12.313036784033926,Europe,,,1.0,3.067994733268124
A00113,"Rodriguez, Brennan and Garrison",True,MarTech,42551.66,33.0,Closed -Won,Core,14.49806315268991,Europe,,,0.0,3.7291765252393914
A00114,Gonzalez Group,True,HealthTech,20686.42,28.0,Negotiation,API,2.4508208138664704,Asia,,,2.0,28.639263016077358
A00115,Torres-Pope,True,MarTech,7734.72,30.0,Closed -Won,Core,17.893539324609655,Asia,,,1.0,3.0596706373498606
A00116,Walker Ltd,True,MarTech,21912.65,34.0,Closed -Won,Core,19.324056024762367,North America,,,1.0,0.7903979276852757
A00117,Ross LLC,True,E -Commerce,19865.05,3.0,Closed -Won,Core,3.9948389895130805,Asia,,,1.0,29.42078029621823
A00118,Rasmussen LLC,True,SMB SaaS,11304.28,9.0,Closed -Won,Core,16.28992752650748,LATAM,,,1.0,1.6649873507436805
A00119,May-Ross,True,Logistics,17418.71,15.0,Closed -Won,Analytics,9.636615396791091,Europe,,,0.0,2.3425698517042095
A00120,"Rivera, Johnson and Wiley",True,MarTech,17522.81,7.0,Negotiation,Core,15.28964471948445,Europe,,,0.0,3.6111939354362215
A00121,White-Estes,True,EdTech,16088.52,26.0,Closed -Won,Analytics,10.774207695617415,Europe,,,2.0,2.249889394279258
A00122,Johnson-Carlson,True,Logistics,15080.32,40.0,Negotiation,Automation,13.81238241273575,North America,,,1.0,1.0623092607331233
A00123,Chandler-Edwards,True,FinTech,20023.91,39.0,Closed -Won,Analytics,2.780161365180475,Asia,,,1.0,19.04402405663056
A00124,"Joyce, Wilson and Lam",True,E -Commerce,17920.58,28.0,Closed -Won,Analytics,14.910662708571289,North America,,,0.0,3.6457800627539383
A00125,Scott Ltd,True,MarTech,10201.67,51.0,Closed -Won,Core,11.408560342459014,North America,,,1.0,2.513793412385233
A00126,Smith-Frost,True,HealthTech,6463.28,34.0,Closed -Won,Analytics,0.7041174350907791,Europe,,,6.0,19.98830241243651
A00127,"Mcdaniel, Bentley and Mclaughlin",True,E -Commerce,17352.06,5.0,Closed -Won,API,4.6404323097665205,North America,,,4.0,29.721557113386293
A00128,Diaz Inc,True,EdTech,25434.73,46.0,Closed -Won,Automation,11.117767660527345,North America,,,0.0,2.2678617846678435
A00129,"Mccall, Hanson and Alvarado",True,HealthTech,16866.27,34.0,Closed -Won,Automation,20.309418600171504,Europe,,,1.0,1.0130400938731898
A00130,Cortez LLC,True,CyberSecurity,10056.89,38.0,Closed -Won,Analytics,17.20043607880026,Europe,,,1.0,2.387198355703652
A00131,"Parker, Ortiz and Powell",True,HealthTech,3103.15,34.0,Closed -Won,Core,15.036609874987235,North America,,,2.0,0.8251298634259723
A00132,Spencer-Lee,True,CyberSecurity,43449.1,33.0,Negotiation,API,12.824530129257376,Asia,,,1.0,1.6407115549722406
A00133,"Bentley, Byrd and Orr",True,HealthTech,21056.02,6.0,Closed -Won,Premium Support,13.067631551083402,Asia,,,0.0,1.3571068513405944
A00134,"Carroll, Sullivan and Bass",True,MarTech,19990.99,33.0,Negotiation,Premium Support,4.024412028255664,LATAM,,,4.0,25.651342911549605
A00135,Mitchell-Jordan,True,Logistics,11372.03,47.0,Closed -Won,Premium Support,14.919732612993704,LATAM,,,1.0,1.653231373466593
A00136,"Lawson, Morris and Ramos",True,HealthTech,3238.99,18.0,Closed -Won,Core,4.751584571153561,Asia,,,0.0,1.1011335755370713
A00137,"Lewis, Kennedy and Santana",True,Logistics,9529.81,36.0,Closed -Won,Automation,21.262815546976512,Europe,,,0.0,1.7896101161092162
A00138,"Jackson, Miller and Robertson",True,CyberSecurity,39073.83,2.0,Closed -Won,Core,3.4095652205989966,Europe,,,3.0,16.581919962631208
A00139,"Harvey, Davis and Crane",True,SMB SaaS,5289.82,21.0,Closed -Won,Core,15.03010701720445,North America,,,2.0,3.7679319429815843
A00140,Chambers and Sons,True,HealthTech,2584.03,26.0,Closed -Won,API,17.26008444030439,LATAM,,,1.0,2.3047089971575088
A00141,Hernandez Inc,True,CyberSecurity,43064.73,58.0,Closed -Won,Core,15.39620848193476,North America,,,3.0,2.3341126329835378
A00142,Riggs PLC,True,SMB SaaS,7848.57,13.0,Closed -Won,Core,16.24072585315043,LATAM,,,3.0,2.495613835219245
A00143,Gibson Ltd,True,Logistics,13510.81,17.0,Closed -Won,Core,12.728829597905225,Asia,,,1.0,2.8718085122411257
A00144,"Lee, Horton and Snyder",True,HealthTech,20205.44,25.0,Closed -Lost,Core,0.14059242492557722,North America,,,2.0,29.834749577853124
A00145,Hernandez Ltd,True,Logistics,52138.84,59.0,Closed -Lost,Core,14.84069834441959,LATAM,,,2.0,2.281713024424119
A00146,Stafford Inc,True,FinTech,38469.44,51.0,Closed -Won,Analytics,18.29484395682377,Europe,,,1.0,2.7112469185631434
A00147,Robinson-Brock,False,E -Commerce,1311037.33,3.0,Closed -Won,Analytics,13.168953311444197,Europe,8.7,0.86,1.4210526315789473,5.478675291864662
A00148,"Holmes, Williams and Wright",True,MarTech,10012.57,14.0,Closed -Won,Analytics,11.81592801554067,LATAM,,,1.0,4.089051583278826
A00149,Bryant Group,True,E -Commerce,5939.01,49.0,Closed -Won,API,17.663057781139813,North America,,,1.0,3.5897298447133985
A00150,"Schmidt, Hansen and Stewart",False,E -Commerce,492727.95999999996,4.0,Closed -Won,Premium Support,12.116628979536364,Asia,,,1.0909090909090908,3.76067092470858
A00151,Salazar-Ball,True,FinTech,16942.13,51.0,Closed -Won,Automation,12.768320258496795,Europe,,,1.0,0.5869935495912335
A00152,"Simmons, Meadows and Griffin",True,E -Commerce,2995.27,17.0,Closed -Won,Core,12.880567181161274,Europe,,,0.0,3.2103504324929446
A00153,Manning Group,True,SMB SaaS,13450.62,55.0,Closed -Won,Automation,13.805057057028563,Asia,,,2.0,1.306123500935289
A00154,Green-Wright,True,MarTech,17259.51,18.0,Closed -Won,Premium Support,9.279085712293885,North America,,,1.0,2.5338410165749354
A00155,"Ramirez, Strickland and Washington",True,EdTech,22606.43,26.0,Closed -Won,Premium Support,12.38197966237512,Europe,,,0.0,0.7170943982145337
A00156,Hill Inc,True,SMB SaaS,6931.82,40.0,Closed -Won,Analytics,14.691104057419166,Asia,,,3.0,4.2264068989731225
A00157,"Mitchell, Nelson and Flores",True,FinTech,17623.81,8.0,Negotiation,Automation,14.669713808524488,Europe,,,2.0,0.5577832378913798
A00158,"Miller, Hernandez and Reyes",True,MarTech,5778.09,33.0,Closed -Won,Core,17.47397915773876,North America,,,0.0,2.0689860703165013
A00159,Mccarthy Inc,True,E -Commerce,20242.55,30.0,Closed -Won,Premium Support,19.518176666584413,Europe,,,1.0,0.0
A00160,Russell-Daniels,True,MarTech,13125.41,47.0,Closed -Won,Core,3.60758773529793,Asia,,,5.0,29.922995232278446
A00161,Brown-Wall,True,SMB SaaS,54726.93,59.0,Closed -Won,Analytics,16.743957152221803,Asia,,,1.0,1.5747147948617242
A00162,Stein-Silva,True,MarTech,8066.73,40.0,Closed -Won,Analytics,13.553796227698378,Asia,,,1.0,3.137183393905966
A00163,"Smith, Gilmore and Johnston",True,SMB SaaS,10794.78,25.0,Closed -Won,Automation,4.447328429483831,Europe,,,5.0,29.683158909475036
A00164,Smith-Bell,True,FinTech,3187.66,24.0,Closed -Won,API,14.053635297525206,Asia,,,2.0,3.1386235828463303
A00165,Castaneda-Ashley,True,CyberSecurity,15268.25,25.0,Negotiation,Core,15.756736309318693,Europe,,,1.0,0.9758794324113291
A00166,Medina-Navarro,True,E -Commerce,11908.8,49.0,Closed -Won,Core,16.465813394737005,Asia,,,0.0,1.7180383969552562
A00167,"Hurst, Freeman and Nelson",True,HealthTech,16405.08,19.0,Closed -Won,Automation,2.931529917832918,Asia,,,3.0,20.32715655532581
A00168,Johnson-Rogers,True,HealthTech,14665.17,10.0,On -Hold,Premium Support,13.636473585871842,North America,,,0.0,2.495588255632917
A00169,"Yates, Ramsey and Pittman",True,CyberSecurity,55378.18,20.0,Closed -Won,Core,16.360586719526786,Asia,,,2.0,2.3683744264070565
A00170,Hooper PLC,True,CyberSecurity,35366.83,2.0,Closed -Won,Automation,11.96131737135156,LATAM,,,2.5,19.270319628313285
A00171,Meadows PLC,True,E -Commerce,26623.99,7.0,Closed -Won,Analytics,16.640481152202625,LATAM,,,0.0,2.266830603289739
A00172,"Alvarado, Miller and Patterson",True,FinTech,16771.86,6.0,Closed -Won,Core,4.975787761896892,Asia,,,4.0,26.638974043241458
A00173,White-Green,True,E -Commerce,18696.47,46.0,Negotiation,Core,3.109916899344919,North America,,,4.0,18.529009977357966
A00174,Lewis-Murphy,True,SMB SaaS,16318.16,43.0,Closed -Won,API,11.427297711835678,LATAM,,,2.0,2.388798666881234
A00175,Ramirez-Bean,True,FinTech,16536.59,42.0,Closed -Won,Core,1.119255395128593,North America,,,4.0,28.306392107177796
A00176,King-Miller,True,MarTech,10013.95,28.0,Closed -Won,Automation,14.77122559602479,Europe,,,1.0,0.3200072326124028
A00177,Curry Inc,True,MarTech,26168.85,43.0,Negotiation,Core,15.5594112606669,North America,,,0.0,2.489007954968928
A00178,Walker-Jones,True,SMB SaaS,57627.45,10.0,Closed -Won,Analytics,9.756403046167911,North America,,,0.0,2.6767797779381173
A00179,"Williams, Johnson and Wright",True,EdTech,16743.96,54.0,Closed -Won,Core,12.488014674909348,Asia,,,2.0,3.461186377471683
A00180,Howell and Sons,True,MarTech,7261.09,30.0,Closed -Won,API,14.729856395916181,Europe,,,2.0,2.7260469332902093
A00181,Wells Inc,True,CyberSecurity,30309.68,56.0,Closed -Won,Core,11.300960269707193,Europe,,,0.0,2.1003159421587085
A00182,"Gould, Marshall and Scott",True,FinTech,42850.01,9.0,Negotiation,Core,15.301712459178814,Europe,,,1.0,2.4300731955100385
A00183,Jackson-Lawson,True,Logistics,10484.55,30.0,Negotiation,Analytics,13.077715127250302,LATAM,,,2.0,1.2649621654386598
A00184,"Higgins, Strickland and Martin",True,Logistics,5934.34,42.0,Negotiation,Analytics,11.82973918499223,LATAM,,,1.0,1.6120319276422541
A00185,Rodriguez-Johnson,True,CyberSecurity,24318.79,30.0,Closed -Lost,Analytics,2.879701298436887,LATAM,,,4.0,14.045366908999986
A00186,Johnston-Odonnell,True,CyberSecurity,17136.31,27.0,Closed -Won,Core,15.176840988737302,Asia,,,3.0,3.487029514344223
A00187,Sanders-Espinoza,True,CyberSecurity,22822.73,10.0,Closed -Won,Core,11.454413257190216,Europe,,,1.0,2.450157318950846
A00188,Vargas Ltd,True,Logistics,15835.53,23.0,Closed -Won,Core,13.272162860557858,Asia,,,1.0,1.0838875396753862
A00189,Garcia LLC,True,SMB SaaS,13459.42,15.0,Closed -Won,Core,15.403035131921325,Asia,,,3.0,2.2713569626625842
A00190,"Burke, Martinez and Riggs",True,MarTech,7686.96,18.0,Closed -Won,Core,11.713729450049698,LATAM,,,1.0,3.1593477099943326
A00191,Reed Group,True,MarTech,20829.69,41.0,On -Hold,Core,9.026729478728296,North America,,,1.0,2.992792325454384
A00192,"Wood, Hunter and Peterson",True,CyberSecurity,5160.92,38.0,Closed -Lost,Analytics,9.390278462930738,Europe,,,1.0,1.0723613868335988
A00193,Short-Garcia,True,HealthTech,26096.08,36.0,Closed -Won,Core,4.980322400210639,LATAM,,,3.0,30.86892909900717
A00194,Reid-Poole,True,Logistics,24948.53,22.0,Closed -Won,Analytics,10.044745171084585,Europe,,,1.0,2.39538608489638
A00195,"Hernandez, Thompson and Boyd",True,Logistics,20275.67,57.0,Negotiation,Automation,12.956834314471262,Europe,,,0.0,1.1131303681617668
A00196,"Nelson, Morton and Medina",True,CyberSecurity,35467.44,6.0,Negotiation,Automation,18.994828553518037,Europe,,,0.0,2.622327505980501
A00197,Marshall-Petersen,True,EdTech,12570.98,21.0,Closed -Won,Analytics,9.864204836933954,North America,,,3.0,2.950270388336241
A00198,"Adams, Christian and Rivas",True,EdTech,12238.83,7.0,Closed -Won,Core,13.152185445566898,North America,,,1.0,3.1136331111633826
A00199,Ramirez Group,True,MarTech,11553.36,20.0,Closed -Won,Analytics,20.396913662814153,Asia,,,4.0,3.7447404859785314
A00200,Christensen PLC,True,CyberSecurity,17718.57,57.0,Closed -Won,Core,15.22439024892713,North America,,,1.0,3.2363569180773037
A00201,"Barnett, Rogers and Snyder",True,Logistics,14314.39,22.0,Closed -Won,Analytics,12.896830137573202,Asia,,,0.0,3.7495488287840217
A00202,White-Lewis,True,CyberSecurity,11250.27,54.0,Closed -Won,Premium Support,13.529352096442285,Europe,,,0.0,3.3790603432353308
A00203,Peterson-Beard,True,SMB SaaS,11989.2,30.0,Closed -Won,Analytics,15.288087525179833,Asia,,,0.0,3.466217574022167
A00204,"Beard, Peters and Black",True,SMB SaaS,19648.95,42.0,Closed -Won,Premium Support,0.7460536552424006,Europe,,,3.0,24.545709605330263
A00205,Miller Ltd,True,CyberSecurity,33215.14,27.0,Closed -Won,Core,12.407439177568271,Asia,,,2.0,0.7106735687676227
A00206,Freeman-Chang,True,EdTech,9828.15,16.0,Negotiation,Core,11.727169151335152,LATAM,,,1.0,4.482270254482412
A00207,"Alvarez, Joseph and West",True,E -Commerce,1826.28,46.0,Closed -Won,Core,9.863573801659317,Asia,,,0.0,2.0629529352160203
A00208,Davis and Sons,True,MarTech,23954.69,58.0,Closed -Won,Core,14.309288097529413,North America,,,1.0,3.2287080639742345
A00209,Holt-Torres,True,CyberSecurity,7281.91,16.0,Closed -Won,Core,9.782937890546261,Asia,,,2.0,1.449725168975778
A00210,"Wood, Tran and Cooper",True,Logistics,33153.44,46.0,Closed -Won,Premium Support,12.608652125534617,Europe,,,1.0,2.9639224425456394
A00211,"Pierce, Bell and Chavez",True,EdTech,26745.34,16.0,Closed -Won,Analytics,11.273949676668943,Europe,,,0.0,0.0
A00212,King-Martinez,True,E -Commerce,28329.27,43.0,Closed -Won,Premium Support,17.222370530702317,North America,,,3.0,1.589556608999046
A00213,Stewart Ltd,True,FinTech,16393.4,47.0,Closed -Won,Automation,12.474810837899582,Asia,,,1.0,1.9015889166077116
A00214,"Tapia, Vaughn and Lee",True,CyberSecurity,32039.01,27.0,Closed -Won,API,15.190790984016848,LATAM,,,0.0,2.462608768305186
A00215,"Washington, Hardy and Bray",True,MarTech,20676.12,44.0,Closed -Won,Premium Support,9.187723994934311,Asia,,,0.0,3.072024676601108
A00216,"Carlson, Hooper and Wall",True,MarTech,19538.25,17.0,Closed -Lost,Core,14.394520863358537,LATAM,,,0.0,0.9058570783696847
A00217,Perez-White,True,E -Commerce,17301.35,5.0,Negotiation,Automation,10.390519082417754,North America,,,0.0,2.659968188920204
A00218,Erickson and Sons,True,HealthTech,22203.71,6.0,Closed -Won,API,12.723054500210422,Europe,,,0.0,3.2266669766367415
A00219,Williams-Brown,True,E -Commerce,4398.91,27.0,Closed -Lost,Analytics,20.633607722768673,Europe,,,1.0,4.345911582754257
A00220,Terry-Martinez,True,CyberSecurity,11145.63,54.0,Closed -Won,API,16.79652313172265,North America,,,0.0,2.706627983837534
A00221,Garcia-Smith,True,EdTech,11163.42,8.0,Closed -Won,Premium Support,4.608192784330897,Asia,,,6.0,19.942427191913573
A00222,Harrison-Alexander,True,HealthTech,14635.07,27.0,Closed -Lost,Premium Support,23.59682572934959,Asia,,,0.0,0.728235342891739
A00223,Sheppard LLC,True,MarTech,6963.77,42.0,Closed -Won,Core,11.254475928880048,LATAM,,,0.0,3.8292022978652303
A00224,Wilson-Jones,True,HealthTech,9453.19,12.0,Closed -Won,Core,17.495649146226086,LATAM,,,1.0,2.7373419355929416
A00225,Jones-Soto,True,EdTech,5529.63,43.0,Closed -Won,Core,9.401976629458657,LATAM,,,0.0,1.9780243684197605
A00226,Hernandez PLC,True,CyberSecurity,9364.69,19.0,Closed -Won,Automation,13.268231727056158,LATAM,,,2.0,0.3801817057781818
A00227,Miller-Wright,True,FinTech,7952.81,48.0,Closed -Won,Core,9.956630749458318,North America,,,0.0,1.0688160491019472
A00228,"Duran, Obrien and Gibbs",True,CyberSecurity,9190.16,35.0,Closed -Won,API,1.860213116293713,LATAM,,,7.0,34.19496382875409
A00229,Rowe Group,True,HealthTech,27121.94,33.0,Closed -Won,Core,14.16791076073627,Asia,,,0.0,2.3538330241259002
A00230,Kerr-Evans,True,SMB SaaS,14947.02,11.0,Closed -Won,Premium Support,0.0,Asia,,,5.0,15.625101575828019
A00231,"Branch, Torres and Oliver",True,CyberSecurity,13169.87,28.0,Closed -Won,Automation,17.27617107537892,LATAM,,,1.0,2.6326125565018286
A00232,"Choi, Garcia and Farmer",True,EdTech,35289.82,51.0,Closed -Won,Analytics,12.29870308099163,Asia,,,1.0,0.43156355178004
A00233,"Clark, Guerrero and Moore",False,E -Commerce,1288959.56,2.0,Closed -Won,API,13.324630219870892,LATAM,8.2,0.47,1.2105263157894737,2.9334642489359752
A00234,Arnold and Sons,True,FinTech,20939.01,45.0,On -Hold,Automation,16.461664820814015,Europe,,,0.0,2.208555914904957
A00235,Ortiz Ltd,True,FinTech,17345.81,30.0,Closed -Won,Core,9.55033637331145,Europe,,,2.0,1.5365785512507002
A00236,"Harrison, Johnson and Roberts",True,SMB SaaS,27552.42,43.0,Closed -Lost,Analytics,11.75475697497685,LATAM,,,2.0,2.990154339110673
A00237,Warner-Gibson,True,Logistics,30404.91,40.0,Negotiation,Premium Support,14.161582901947503,Asia,,,1.0,2.353499288445785
A00238,"Hall, Baker and Moody",True,HealthTech,19289.31,26.0,Closed -Won,API,15.890460258284955,North America,,,1.0,3.3249276085050186
A00239,"Guerrero, Peck and Coleman",True,EdTech,27332.96,19.0,Closed -Won,Premium Support,18.2637132977646,Europe,,,0.0,2.0804756133895674
A00240,"Walker, Hernandez and Baker",True,HealthTech,22175.27,38.0,Negotiation,Analytics,13.352360603816239,LATAM,,,2.0,2.1388193664057136
A00241,Jones and Sons,True,MarTech,19799.56,9.0,Closed -Won,API,13.050586872050348,Asia,,,2.0,1.7147495674020912
A00242,Larson-Holloway,True,EdTech,12348.63,35.0,Closed -Won,Premium Support,5.55852398996624,Europe,,,4.0,27.33820534234321
A00243,Gonzales-Harrison,True,EdTech,9005.47,6.0,Negotiation,API,14.989952276531099,LATAM,,,0.0,3.6979508797892535
A00244,Lyons-Bender,True,E -Commerce,4495.59,39.0,Closed -Won,Premium Support,13.108647278905725,North America,,,0.0,1.497235829938956
A00245,"Fernandez, Kim and George",True,HealthTech,41623.03,38.0,Closed -Won,Automation,13.177903211522844,Europe,,,1.0,2.647955149330636
A00246,Navarro-Munoz,True,SMB SaaS,27516.35,5.0,Closed -Won,Core,13.718334482334475,Asia,,,1.0,1.119556416992049
A00247,Davis Ltd,True,CyberSecurity,11427.82,45.0,Closed -Won,Core,15.654884186271017,LATAM,,,0.0,0.0
A00248,"Matthews, Smith and Hubbard",True,Logistics,3772.4,25.0,Closed -Won,API,12.308808340462218,Asia,,,0.0,2.2074587403701096
A00249,Johnston-Hines,True,HealthTech,22272.63,47.0,Closed -Won,Automation,11.683525733273285,North America,,,1.0,2.370405423469423
A00250,Ruiz Ltd,True,CyberSecurity,12665.25,3.0,Closed -Won,Automation,15.29517255840231,Europe,,,1.0,1.889948730557516
A00251,Moon-White,True,Logistics,28472.67,11.0,Negotiation,Core,4.922825294352245,Asia,,,2.0,0.5040150292277639
A00252,"Graham, Olsen and Costa",True,HealthTech,7501.3,30.0,Closed -Won,API,5.5810628904392034,Asia,,,5.0,30.024316530524874
A00253,Bailey-Cook,True,Logistics,11102.68,12.0,On -Hold,API,2.2276636559350806,Asia,,,3.0,12.42501426224283
A00254,"Garcia, Martin and Jenkins",True,EdTech,13629.0,20.0,Negotiation,Analytics,17.609774669050367,Europe,,,3.0,1.1112193689074266
A00255,Roberts-Landry,True,Logistics,24362.76,39.0,Closed -Won,Analytics,12.67720171237131,Asia,,,0.0,0.64650842852698
A00256,"Johnson, Miller and King",True,MarTech,9593.02,9.0,Closed -Won,Premium Support,12.317851654198307,Europe,,,2.0,1.7476120722940327
A00257,Cordova Group,True,Logistics,22463.99,40.0,Closed -Lost,Analytics,13.854132544240178,Asia,,,0.0,2.6529292467777683
A00258,"Bryan, Smith and Booth",True,HealthTech,4740.06,7.0,Closed -Won,Core,12.213882714605258,Asia,,,3.0,2.416654731791991
A00259,Gutierrez-Lopez,True,MarTech,15048.92,11.0,Closed -Won,Analytics,12.792055525539396,Europe,,,0.0,1.119163002165922
A00260,Dean-Jimenez,True,EdTech,38132.07,35.0,Closed -Won,Core,14.29133123126949,Europe,,,0.0,2.1369250850220074
A00261,Wolf-Harris,True,HealthTech,48562.13,47.0,Closed -Won,API,12.733878696481195,Asia,,,1.0,2.887126405475567
A00262,"Anderson, Roberts and Gilmore",True,EdTech,31570.26,11.0,Closed -Won,Premium Support,12.71234764318389,Europe,,,0.0,0.8273342907331853
A00263,Martinez-Dudley,True,MarTech,3674.42,18.0,Closed -Won,API,7.456919001411754,Europe,,,6.0,22.76408287923687
A00264,"Lloyd, Mckinney and Collins",True,HealthTech,14024.23,55.0,Closed -Won,Automation,3.359306303414385,LATAM,,,7.0,17.15584248306851
A00265,Tran Inc,True,CyberSecurity,15386.5,59.0,Negotiation,API,14.181910692770842,Asia,,,1.0,0.7250678447061019
A00266,Gay Inc,True,E -Commerce,29016.66,35.0,Closed -Won,Analytics,14.919801529357468,North America,,,1.0,3.155526291049509
A00267,Valentine-Holland,True,Logistics,17065.67,27.0,Closed -Won,Analytics,9.715530068648151,Asia,,,0.0,3.619187452322385
A00268,Jimenez Ltd,True,CyberSecurity,7100.92,21.0,Closed -Won,Analytics,16.279824246142542,Europe,,,2.0,1.7777944748291135
A00269,Hicks-Hill,True,HealthTech,31894.65,37.0,Closed -Won,Core,16.29214291947424,North America,,,3.0,1.6569913809837193
A00270,Baird-Sanchez,True,FinTech,44759.36,35.0,Closed -Won,Core,2.159059583914619,Europe,,,3.0,32.65830135444755
A00271,"Thomas, Lee and Greene",True,MarTech,26183.34,18.0,Closed -Won,API,14.899667254221793,Europe,,,1.0,1.8138696249704809
A00272,"Suarez, Shields and Hill",True,MarTech,28733.58,2.0,Closed -Won,Core,9.685841562683274,LATAM,,,1.0,14.974793392116174
A00273,Morgan-French,True,HealthTech,51482.92,9.0,Closed -Won,Core,1.0598867230512492,LATAM,,,0.0,20.640118964203925
A00274,Hoover-Campbell,True,Logistics,27743.92,57.0,Negotiation,Analytics,13.09543519736812,North America,,,2.0,2.470403968194563
A00275,Monroe-Carpenter,True,E -Commerce,24823.41,25.0,Closed -Won,Premium Support,10.86292549733133,Europe,,,0.0,2.740083853582468
A00276,"Burns, Hernandez and Ryan",True,CyberSecurity,43539.46,29.0,Closed -Won,Core,9.397820350335614,North America,,,1.0,1.1193708352480773
A00277,Cook-Hines,True,FinTech,28244.48,28.0,Closed -Won,Automation,19.26702179069695,Europe,,,1.0,1.7301988805273916
A00278,Gibson-Morris,True,Logistics,14423.44,47.0,Closed -Won,Analytics,19.306361776095972,LATAM,,,0.0,2.9769072641522993
A00279,Pollard and Sons,True,HealthTech,40103.06,4.0,Closed -Won,Core,11.22620077419731,Asia,,,0.0,1.9400013785866626
A00280,"Reyes, Chase and Jenkins",True,MarTech,7730.18,5.0,Closed -Won,Core,11.81803756196433,North America,,,0.0,0.4712620060390864
A00281,Garner-Thornton,True,MarTech,8936.07,17.0,Closed -Lost,Core,13.028026887406483,LATAM,,,1.0,3.237638009620376
A00282,Hughes-Alvarado,True,Logistics,10648.22,29.0,Closed -Won,Analytics,17.67277061643795,Europe,,,0.0,1.785888977622755
A00283,"Pollard, Simpson and Johnson",True,EdTech,17451.56,40.0,Closed -Won,Analytics,10.138093404559068,Europe,,,2.0,3.09121877718138
A00284,"Sanford, Rivera and Garcia",True,HealthTech,19284.85,29.0,Closed -Won,API,2.8184761130564615,LATAM,,,3.0,30.03640237587969
A00285,Garcia-Lozano,True,EdTech,13729.04,27.0,Closed -Won,Core,20.502543429686483,North America,,,3.0,1.879013252410915
A00286,Bowen Group,True,EdTech,14246.78,56.0,Closed -Won,Core,14.937119860760227,Asia,,,1.0,2.5097360236772346
A00287,"Booker, Jones and Harrington",True,HealthTech,19947.16,10.0,Closed -Won,Core,15.363239917755681,Europe,,,2.0,1.9128551384990122
A00288,Morgan-Schwartz,True,HealthTech,7743.51,34.0,Closed -Won,Automation,13.38468198440002,North America,,,3.0,0.8169937976790071
A00289,"Miller, Murphy and Craig",True,HealthTech,23422.17,32.0,Closed -Won,Core,15.39735477115407,Asia,,,1.0,0.0
A00290,"James, Stewart and Higgins",True,MarTech,1634.51,28.0,Closed -Won,Analytics,3.370458661872831,Asia,,,7.0,25.421459564251077
A00291,Brennan-Johnson,True,EdTech,15853.46,48.0,Negotiation,API,11.47723829941931,LATAM,,,1.0,2.248038201901325
A00292,Young Ltd,True,MarTech,10586.79,16.0,Closed -Won,Core,14.315473653567816,LATAM,,,1.0,3.166801052791138
A00293,Bright-Francis,True,CyberSecurity,50154.04,57.0,Closed -Won,Core,7.187327321299275,North America,,,2.0,2.928669099360449
A00294,Good-Hodges,True,HealthTech,12961.53,20.0,Closed -Won,Analytics,13.092447158557313,Europe,,,2.0,2.596846826119579
A00295,"Brennan, Wallace and Benson",True,SMB SaaS,17509.82,33.0,Closed -Won,Premium Support,12.907506888996778,Europe,,,0.0,1.678662644852932
A00296,Williams Inc,True,Logistics,13442.51,31.0,Closed -Won,Automation,13.091929304148916,Asia,,,0.0,2.4897669256391284
A00297,Howard-Jordan,True,HealthTech,6622.48,51.0,Closed -Won,Core,12.346754576537057,Europe,,,0.0,3.4325369463707247
A00298,Schmidt PLC,True,EdTech,6398.28,26.0,Closed -Won,Core,11.01232422237651,LATAM,,,1.0,2.0830109282737572
A00299,"Sparks, Jackson and Miller",True,HealthTech,5456.59,17.0,Closed -Won,Core,8.53390444918724,Europe,,,2.0,3.90170104439919
A00300,Harvey-Allen,True,EdTech,15685.33,2.0,Closed -Won,Core,14.434241141502236,LATAM,,,3.0,0.500578113533144
A00301,"Thomas, Murray and King",True,EdTech,12581.9,22.0,Closed -Won,Premium Support,13.09962803961127,North America,,,0.0,0.3930913887375531
A00302,Estrada-Nolan,True,HealthTech,3617.39,49.0,Closed -Won,Core,9.874155360293965,LATAM,,,3.0,2.988075214519394
A00303,Santana-Byrd,True,FinTech,45986.14,1.0,Closed -Won,Core,14.187600238501313,North America,,,1.0,1.1812570634791217
A00304,Jones LLC,True,MarTech,24830.9,53.0,Closed -Won,Core,13.115149414781882,LATAM,,,2.0,4.043336920428779
A00305,"Evans, Hayden and Vaughn",True,CyberSecurity,17757.53,33.0,Closed -Won,Automation,12.616928145013656,North America,,,0.0,3.3373413712329434
A00306,Bruce-Gonzalez,True,EdTech,2370.41,9.0,Negotiation,Analytics,7.529315339577648,Asia,,,0.0,3.5875715067580414
A00307,Castaneda-Rodriguez,True,Logistics,20924.58,18.0,Closed -Won,Core,16.04830253692368,Asia,,,0.0,2.8844363055512505
A00308,Armstrong-Andrews,True,EdTech,17059.56,33.0,Negotiation,Core,10.300846879672608,LATAM,,,0.0,1.0784163763297057
A00309,"Phillips, Spence and Barrett",True,SMB SaaS,28260.08,19.0,Closed -Won,Core,14.189810764523724,Asia,,,0.0,0.34065839986480806
A00310,Smith-Grimes,True,HealthTech,9083.52,7.0,Closed -Won,Core,11.575194669701922,Asia,,,0.0,3.495294669189022
A00311,"Beltran, Lozano and Mcgee",True,E -Commerce,11100.62,40.0,On -Hold,Premium Support,12.833820447356045,North America,,,2.0,0.5004317939879428
A00312,Parsons-Hall,True,Logistics,18937.78,40.0,Closed -Won,API,17.456877475249733,LATAM,,,0.0,3.58488568772752
A00313,Robinson-Lee,True,FinTech,10765.93,8.0,Negotiation,API,15.594854602410122,Europe,,,1.0,2.669614760229355
A00314,Byrd-Le,True,SMB SaaS,20727.99,17.0,Closed -Won,Analytics,17.39011983886841,Asia,,,0.0,1.9237473461798982
A00315,"Becker, Taylor and Davis",True,EdTech,6462.87,15.0,Negotiation,Analytics,14.991156483864719,Asia,,,2.0,2.442047684335311
A00316,"Lucas, Parker and Alexander",True,MarTech,14809.05,39.0,Closed -Lost,Automation,15.188430753022342,Asia,,,1.0,2.4652909354490995
A00317,"Diaz, Anderson and Browning",True,CyberSecurity,9199.65,44.0,Closed -Won,Core,8.656582999321467,Europe,,,0.0,1.7975896114129197
A00318,Burgess-Thompson,True,CyberSecurity,27336.8,43.0,Closed -Won,API,13.047425018400338,North America,,,0.0,3.425687234919314
A00319,Buchanan LLC,True,FinTech,53183.67,56.0,Negotiation,Analytics,13.325273204454176,North America,,,2.0,3.391400860599534
A00320,"Shaw, Nelson and Martin",True,Logistics,45015.18,46.0,Closed -Won,Core,17.670994461055926,North America,,,2.0,2.155659301820941
A00321,Coffey-Phillips,True,E -Commerce,3190.96,19.0,Closed -Won,Core,3.0973245567821572,Asia,,,0.0,24.404545535638167
A00322,Brock-Mcdonald,True,SMB SaaS,21971.67,7.0,Closed -Won,Automation,14.794578527168367,LATAM,,,2.0,3.305954044404291
A00323,Taylor and Sons,True,MarTech,9082.42,37.0,Closed -Won,Premium Support,14.677272029254256,Europe,,,0.0,0.0
A00324,"Ramsey, Whitney and Coffey",True,E -Commerce,6314.66,55.0,Closed -Won,Core,17.473025480842182,Europe,,,1.0,2.443892607011323
A00325,"Diaz, Gibbs and Smith",True,MarTech,21560.64,58.0,Closed -Won,Core,13.5987677530816,North America,,,0.0,2.7395751082089217
A00326,"Martinez, Richardson and Curry",True,SMB SaaS,6317.89,14.0,Closed -Won,API,5.37942000529921,LATAM,,,2.0,24.206761372602912
A00327,Richards-Carson,True,Logistics,33085.76,14.0,Closed -Won,Automation,3.6179811163497817,Europe,,,4.0,19.97465813184874
A00328,Rodriguez-Hall,False,SMB SaaS,66216.19,3.0,Closed -Lost,Premium Support,9.656617867827832,Asia,9.3,0.73,3.3333333333333335,7.974039958133144
A00329,Harvey PLC,True,E -Commerce,28728.01,9.0,Closed -Won,Premium Support,7.14996696612642,North America,,,2.0,1.454299878050882
A00330,Herman-Walker,True,Logistics,18965.34,33.0,Closed -Won,Automation,16.3579549254,Asia,,,0.0,2.963223339663672
A00331,Reid Group,True,EdTech,5671.31,33.0,Closed -Won,Core,16.021000813366207,North America,,,1.0,0.9143155713022508
A00332,"Turner, Ortiz and Taylor",True,MarTech,12225.01,22.0,Closed -Lost,Core,16.690482721697848,Europe,,,2.0,2.8691933365638795
A00333,Torres Group,True,Logistics,36928.93,19.0,Negotiation,Core,11.967914492881421,Europe,,,0.0,0.017653786180744202
A00334,Davis PLC,True,FinTech,14424.26,49.0,Closed -Won,Automation,12.309357027396,LATAM,,,0.0,2.2857044467311964
A00335,Price LLC,True,CyberSecurity,13688.91,28.0,Negotiation,Analytics,13.636857072013068,LATAM,,,1.0,2.0438439562134945
A00336,"Avery, Horton and Fernandez",True,FinTech,39563.12,48.0,Closed -Won,Premium Support,18.33109790884297,North America,,,3.0,1.4603042331342397
A00337,"Newton, Moore and Perry",True,E -Commerce,18534.86,57.0,Closed -Won,API,19.08148438286615,Europe,,,2.0,2.389624867889011
A00338,Bass PLC,True,MarTech,34412.51,19.0,Closed -Won,API,16.38142546952409,LATAM,,,1.0,1.9204298706322123
A00339,Crosby-Ramirez,True,MarTech,14595.7,12.0,Closed -Won,Core,14.993059174410503,Europe,,,1.0,3.054695627305547
A00340,"Wood, Ramos and Sampson",True,MarTech,7551.74,57.0,Closed -Won,Core,18.00614809310038,North America,,,0.0,2.560150988803435
A00341,Garcia-Jennings,True,MarTech,1924.82,38.0,Closed -Won,Premium Support,13.232472628551324,North America,,,1.0,2.452694232874353
A00342,"Winters, Newman and Brown",True,MarTech,14354.52,18.0,Closed -Won,Analytics,12.827175408553115,LATAM,,,0.0,2.2918612035602046
A00343,Lopez-Martinez,True,MarTech,17088.96,37.0,Negotiation,Premium Support,13.612933638158566,Europe,,,0.0,1.527833543452958
A00344,Davis-Lewis,True,E -Commerce,32279.29,31.0,Closed -Won,Core,11.063856891741267,LATAM,,,1.0,1.6981964500243028
A00345,"Harper, Smith and Buchanan",True,Logistics,270.38,54.0,Closed -Lost,API,13.474971906885163,North America,,,2.0,2.2482158402208894
A00346,Zhang PLC,True,E -Commerce,23257.33,16.0,Closed -Won,Analytics,10.647775868648178,LATAM,,,1.0,1.826640512892864
A00347,Jones PLC,True,CyberSecurity,16046.61,59.0,Closed -Won,Core,17.075023456698734,North America,,,6.0,3.111452830432996
A00348,Willis and Sons,True,Logistics,13980.59,56.0,Negotiation,Analytics,2.166759266951772,LATAM,,,2.0,27.85908797936308
A00349,Schroeder-Kramer,True,SMB SaaS,51590.52,11.0,Closed -Won,Premium Support,18.288687192643476,Asia,,,0.0,2.375966607825131
A00350,"Smith, Garrison and Thomas",True,FinTech,21984.11,10.0,Closed -Won,Analytics,9.112151591257431,Europe,,,1.0,0.597316066104439
A00351,Fernandez and Sons,True,CyberSecurity,40571.67,32.0,Closed -Won,Analytics,19.705090840766218,North America,,,1.0,2.9432302720603776
A00352,Guerrero Inc,True,HealthTech,8878.15,3.0,Closed -Won,API,9.28257375861968,North America,,,2.0,1.4188264063256564
A00353,Smith and Sons,True,HealthTech,11773.79,18.0,Closed -Won,Automation,10.405075774750383,Europe,,,0.0,0.9573464177032862
A00354,"Morris, Thompson and Williams",True,Logistics,32477.32,26.0,Closed -Won,Automation,3.0083182775623123,North America,,,3.0,30.675262532287732
A00355,"Fisher, Wilson and Brown",True,FinTech,7845.34,58.0,Closed -Won,Analytics,17.923162075909595,Asia,,,0.0,2.6976215224325917
A00356,Strickland-Palmer,True,Logistics,8206.15,59.0,Negotiation,Analytics,14.676720491685721,Asia,,,1.0,2.9770957188917753
A00357,Hayes and Sons,True,Logistics,7010.29,9.0,Closed -Won,Analytics,13.268512248435284,Asia,,,1.0,2.4544961829073175
A00358,"Williams, Logan and Camacho",True,SMB SaaS,10566.73,53.0,Closed -Won,Premium Support,11.622117696064517,Asia,,,1.0,1.906849204096289
A00359,"Turner, Schneider and Johnson",True,CyberSecurity,19080.29,6.0,Closed -Won,Premium Support,9.872194548017902,LATAM,,,1.0,1.7203959919437366
A00360,Boone-Simmons,True,Logistics,23094.08,45.0,Closed -Won,API,17.39788197107903,Europe,,,1.0,2.77911018545667
A00361,Henry Group,True,FinTech,17886.43,50.0,Closed -Won,Core,16.39591778314592,Europe,,,0.0,3.132519042238293
A00362,Lam LLC,True,SMB SaaS,12549.88,53.0,Closed -Won,Premium Support,18.057351131277052,Europe,,,1.0,1.9318162520741542
A00363,"Hernandez, Martinez and Weber",True,HealthTech,16494.88,14.0,Closed -Won,Core,15.190454380943372,Asia,,,1.0,4.072542864700802
A00364,"Kelley, Nguyen and Vang",True,EdTech,40831.95,53.0,Closed -Won,Core,6.073692624333395,Europe,,,1.0,1.8026814502891906
A00365,"Phillips, Wagner and Jordan",True,HealthTech,16155.18,7.0,Closed -Won,Analytics,10.266251201955644,Europe,,,1.0,0.6059915551100277
A00366,"Wilson, Pena and Rich",True,MarTech,11853.28,31.0,Closed -Won,API,15.394613917540127,LATAM,,,1.0,0.27847725900602316
A00367,"Le, Lewis and Hayes",True,CyberSecurity,1551.44,28.0,Closed -Lost,Core,12.890848924291939,Europe,,,0.0,0.3122246321206732
A00368,Gutierrez Group,True,EdTech,15104.99,19.0,Closed -Won,Core,3.7963798225779515,Europe,,,0.0,16.99870831861802
A00369,Perry-Davis,True,Logistics,31517.56,2.0,Closed -Won,Automation,10.690319705331415,North America,,,3.0,1.7679819788872169
A00370,Edwards-Scott,True,E -Commerce,3520.78,46.0,Negotiation,API,16.84276870224362,North America,,,1.0,2.6825996376798917
A00371,Mcdaniel Group,True,CyberSecurity,5497.88,20.0,Closed -Won,Core,15.368577912242923,North America,,,1.0,1.9713919647462286
A00372,Davis Inc,True,SMB SaaS,10842.88,40.0,Closed -Won,Core,4.183060091057451,Europe,,,3.0,28.94924786830998
A00373,Reynolds Ltd,True,MarTech,9652.8,25.0,Closed -Won,API,12.099193253644827,Asia,,,1.0,2.044892832622827
A00374,"Watson, Anderson and Brown",True,EdTech,17244.46,23.0,Closed -Won,Core,14.528863276699429,Europe,,,1.0,2.013521426126866
A00375,"Hoffman, Santiago and Jenkins",True,SMB SaaS,48220.36,53.0,Closed -Won,Core,9.986705221410556,LATAM,,,0.0,1.4224851259915527
A00376,"Pugh, Henderson and Moon",True,E -Commerce,6669.21,6.0,Closed -Won,Premium Support,13.61051605746142,Europe,,,1.0,3.4225884603978134
A00377,Schmitt PLC,True,E -Commerce,9486.04,44.0,Closed -Won,API,6.4162112642206734,Europe,,,1.0,0.4685157034220053
A00378,Bell-Lane,True,EdTech,14191.54,45.0,Closed -Won,Analytics,9.295651582596335,North America,,,0.0,2.301310290713882
A00379,Moore Group,True,HealthTech,8893.54,23.0,Closed -Won,Analytics,1.8327793202334999,LATAM,,,2.0,23.502891696823603
A00380,Boone LLC,True,HealthTech,17176.78,16.0,Closed -Won,API,21.125354438824793,LATAM,,,1.0,2.781754597504501
A00381,"Richardson, Farmer and Andrews",True,HealthTech,22573.45,1.0,Closed -Won,Analytics,8.597770779725407,Europe,,,1.0,1.9791705988441508
A00382,Bruce-Villegas,True,HealthTech,9696.71,56.0,Closed -Won,API,10.269258222380412,LATAM,,,2.0,2.0086437056158983
A00383,"Austin, Day and Johnson",True,CyberSecurity,28423.75,56.0,Closed -Won,API,3.6214264034858217,Europe,,,9.0,22.24235646717747
A00384,"Gallegos, Adams and White",True,FinTech,12088.35,15.0,Closed -Won,Core,19.30826871804381,Europe,,,0.0,3.3932564041319973
A00385,"Farmer, Dorsey and Bell",True,CyberSecurity,18991.489999999998,2.0,Closed -Won,Core,8.407610185866096,LATAM,,,2.0,12.464204203226437
A00386,Kane PLC,True,SMB SaaS,4386.41,8.0,Closed -Won,Core,16.10642555691247,LATAM,,,1.0,3.9696512116134723
A00387,"Morales, Thomas and Schultz",True,Logistics,24168.17,4.0,Negotiation,Automation,12.987188747970569,North America,,,0.0,2.272247081627536
A00388,Davis PLC,True,MarTech,19452.5,50.0,Closed -Won,Automation,12.46813523318187,Europe,,,0.0,2.021759840797327
A00389,Bennett Group,True,FinTech,6344.2,53.0,Closed -Won,Automation,14.24655305620327,Europe,,,1.0,1.854673040145562
A00390,Moore-Collins,True,Logistics,7984.55,10.0,Closed -Won,Analytics,1.9854595223819316,Asia,,,4.0,24.086272456225434
A00391,Frank-Bradley,True,FinTech,18326.73,45.0,Closed -Won,Analytics,1.8138954155138833,Europe,,,3.0,22.125927328920646
A00392,Ware and Sons,True,CyberSecurity,23126.99,11.0,Closed -Won,API,2.6340530324790867,Asia,,,3.0,24.742212628274824
A00393,Webster Inc,True,CyberSecurity,19933.69,22.0,Closed -Won,Core,16.6699610977005,LATAM,,,1.0,2.0081370141078185
A00394,"Miller, Ramos and Coleman",True,HealthTech,24082.15,36.0,Closed -Won,Premium Support,14.117939036908256,North America,,,2.0,2.32524769926519
A00395,"Ramos, Nelson and Fischer",True,CyberSecurity,57972.38,43.0,Closed -Won,Core,13.35583739419741,Europe,,,0.0,2.350030326261755
A00396,Reed Inc,True,HealthTech,28762.16,52.0,Closed -Won,Analytics,9.071046319440736,Asia,,,1.0,2.401994880183913
A00397,Gregory-Watkins,True,HealthTech,24599.2,3.0,Closed -Won,Automation,11.06063398400639,Europe,,,0.0,2.094904746173292
A00398,"Estrada, Williams and Foster",True,Logistics,10436.73,12.0,On -Hold,API,17.595954419399536,LATAM,,,1.0,3.5689434923493737
A00399,"Brown, Harris and Dougherty",True,SMB SaaS,5790.66,17.0,Closed -Won,Analytics,13.374203005899904,Asia,,,0.0,2.422568816182484
A00400,Duran LLC,True,EdTech,36979.43,19.0,Closed -Won,Analytics,14.835195397618463,LATAM,,,1.0,4.605986288359328
A00401,Wilson-Jimenez,True,SMB SaaS,10853.4,59.0,Closed -Won,API,11.361403960053961,North America,,,1.0,2.0498514085658726
A00402,Thompson-James,True,SMB SaaS,21273.63,46.0,Closed -Won,Analytics,13.912836091323648,Europe,,,1.0,2.9589132924551746
A00403,"Hall, Hansen and Barnett",True,Logistics,4185.01,19.0,Closed -Won,Analytics,9.883543855640061,Europe,,,2.0,1.2739507916253192
A00404,Jones-Hensley,True,HealthTech,2792.85,58.0,Closed -Won,Automation,14.299646762863661,Europe,,,2.0,3.4007892553113033
A00405,Graham Group,True,EdTech,28586.8,30.0,Closed -Won,Core,15.111922691810614,Asia,,,0.0,1.2957160632255305
A00406,Atkins PLC,True,CyberSecurity,8665.41,30.0,Closed -Won,API,14.961844181555053,North America,,,2.0,2.455878017956095
A00407,Berry-Mckinney,True,SMB SaaS,21147.34,26.0,Closed -Won,Core,11.289245508529515,LATAM,,,0.0,1.7355727984358738
A00408,Roberts-Sullivan,True,Logistics,8745.53,9.0,Closed -Won,API,12.973847047698495,Asia,,,0.0,2.4520077971168828
A00409,Jackson-Meza,True,MarTech,22774.15,56.0,Closed -Lost,Core,0.0,Asia,,,3.0,29.268932962362555
A00410,Collier-Gillespie,True,HealthTech,14836.88,1.0,Closed -Won,Analytics,1.0490635232594583,LATAM,,,4.0,22.928820706841964
A00411,Kim Inc,True,SMB SaaS,12960.36,11.0,Closed -Won,Core,3.5644942435343,Asia,,,4.0,30.889933807712936
A00412,Graham Group,True,EdTech,19784.52,14.0,Closed -Won,Core,0.0,Europe,,,1.0,15.476837191675777
A00413,"Miller, Harrell and Reese",True,EdTech,22016.75,17.0,Closed -Won,API,11.147032643401626,LATAM,,,1.0,2.4672762685051475
A00414,Cook and Sons,True,SMB SaaS,9357.2,8.0,Closed -Won,Analytics,0.0,LATAM,,,0.0,32.77093461896153
A00415,Dixon Inc,True,E -Commerce,21265.66,2.0,Negotiation,Analytics,2.5147516549373043,North America,,,5.0,38.41800408414185
A00416,"Hicks, Bullock and Bailey",True,EdTech,22436.92,40.0,Negotiation,Premium Support,15.964343257314244,North America,,,1.0,1.1084858196727208
A00417,"Mullen, Brewer and Hernandez",True,FinTech,28224.08,58.0,Closed -Lost,Core,2.5656480106717967,Asia,,,3.0,27.623407263191034
A00418,Thomas and Sons,True,MarTech,34459.03,8.0,Closed -Won,Core,12.468904534828862,North America,,,1.0,2.5531651475959056
A00419,Morrison Ltd,True,SMB SaaS,15277.87,18.0,Closed -Won,Analytics,10.34756944141368,Europe,,,0.0,2.6163104662513543
A00420,Thompson Ltd,True,MarTech,8806.41,30.0,Negotiation,Automation,3.042613115621147,LATAM,,,5.0,22.6275010497871
A00421,Marshall-Elliott,True,CyberSecurity,7161.73,55.0,Closed -Won,Core,12.154659473223994,LATAM,,,0.0,1.1713590750979845
A00422,"Cole, Glass and Cunningham",True,EdTech,9910.33,41.0,Closed -Won,Core,15.57865594385697,LATAM,,,1.0,2.610794775886829
A00423,"Downs, Morris and Maddox",True,Logistics,10561.23,46.0,Closed -Won,Automation,10.767115528701265,Asia,,,0.0,3.2595886124323865
A00424,Hernandez-Jones,True,Logistics,11878.5,35.0,Closed -Won,Analytics,14.290845742771184,Asia,,,1.0,1.3566582983751283
A00425,Welch-Hogan,True,E -Commerce,14949.43,25.0,Closed -Won,Automation,2.722439694865069,Asia,,,6.0,26.4192284692421
A00426,"Brown, Romero and Collins",True,Logistics,17519.58,12.0,Closed -Won,Core,2.307870590545873,LATAM,,,3.0,29.305182982455193
A00427,Johnson-Wood,True,E -Commerce,18263.86,51.0,Closed -Lost,Core,10.558868287403808,Asia,,,2.0,2.3247330358220677
A00428,Jones-Lin,True,MarTech,25690.89,48.0,Closed -Won,Analytics,2.327074760241654,LATAM,,,3.0,29.0225077166316
A00429,Gilbert PLC,False,CyberSecurity,2332381.37,2.0,Closed -Won,Automation,11.64348616364722,LATAM,8.2,0.49,1.6666666666666667,7.612705984681257
A00430,Ford-Spencer,True,Logistics,18375.79,43.0,Closed -Won,Analytics,0.9057072674214353,Asia,,,3.0,32.20277016090115
A00431,"Huang, Cole and Pacheco",True,Logistics,10580.2,5.0,Closed -Won,Core,12.023379566333178,Asia,,,0.0,3.2933308258074465
A00432,"Lopez, Jacobs and Mason",True,HealthTech,25337.64,44.0,Closed -Won,Analytics,11.19752941327402,North America,,,0.0,2.513766828090123
A00433,Hayes LLC,True,CyberSecurity,24282.99,49.0,Closed -Won,Premium Support,10.058225899287763,Asia,,,0.0,3.913139872135604
A00434,"Miller, Lucas and Williams",True,FinTech,9757.52,8.0,Closed -Won,Premium Support,17.24823747586825,LATAM,,,1.0,2.668783760609298
A00435,"Kim, Gonzales and Mills",True,E -Commerce,24557.56,26.0,Closed -Won,Core,12.919475406647226,Asia,,,1.0,1.695239548879008
A00436,Cox LLC,True,E -Commerce,1045.31,8.0,Closed -Won,Core,7.393323652779005,LATAM,,,0.0,1.2013228647823364
A00437,Ortiz-Morgan,True,EdTech,7116.86,34.0,Negotiation,Premium Support,12.130157577215943,Asia,,,2.0,2.2388910580778623
A00438,"Williams, Mccoy and Cook",True,SMB SaaS,5853.81,55.0,Negotiation,Analytics,16.744135141454795,Europe,,,1.0,1.9697494115221252
A00439,Davis-Gregory,True,SMB SaaS,7487.56,5.0,Negotiation,Analytics,11.71592410022787,North America,,,1.0,3.186139034877277
A00440,King-York,True,FinTech,25704.91,24.0,Negotiation,Automation,18.493231634400885,North America,,,2.0,1.0713811836451508
A00441,"Marks, Cook and Aguilar",True,HealthTech,12801.92,58.0,Closed -Won,Core,11.430013835115233,Europe,,,3.0,4.020902000460978
A00442,Rangel LLC,True,HealthTech,27828.5,18.0,Closed -Won,Analytics,15.510224167449365,North America,,,0.0,3.274776941714994
A00443,"Hale, Myers and Larson",True,SMB SaaS,38970.63,8.0,Negotiation,Automation,17.109915753773034,Europe,,,3.0,1.7964763697428558
A00444,Collins Group,True,E -Commerce,37678.51,29.0,Negotiation,Analytics,15.3505819169343,North America,,,4.0,3.7978208976376195
A00445,"Conner, Li and Santiago",True,CyberSecurity,9521.97,30.0,Closed -Lost,API,9.87651807607691,North America,,,2.0,1.2168719049427272
A00446,"Osborn, Gaines and Davis",True,Logistics,13215.22,40.0,Closed -Won,Premium Support,11.172594269235306,LATAM,,,0.0,2.205589789915228
A00447,"Henderson, Cox and Cox",True,Logistics,15272.3,19.0,Closed -Won,Core,4.626989874539191,Asia,,,2.0,32.08262426738407
A00448,Bean LLC,True,FinTech,42644.08,57.0,Closed -Won,Automation,11.586165631004068,North America,,,1.0,3.84656925630141
A00449,Lee-Cooke,True,HealthTech,9374.1,31.0,Closed -Won,Core,16.927029541706613,LATAM,,,2.0,0.3526131869190221
A00450,Jones Inc,True,MarTech,30887.95,17.0,Closed -Won,Premium Support,2.5443735725735057,LATAM,,,4.0,25.133563617491617
A00451,"Wise, Conley and Stephenson",True,EdTech,21155.24,57.0,On -Hold,Core,14.424311957657453,LATAM,,,0.0,1.3652868929387965
A00452,Stanley PLC,True,CyberSecurity,1547.38,55.0,Closed -Won,Core,9.841678168937145,North America,,,0.0,3.3223236746761615
A00453,Harper and Sons,True,HealthTech,12459.73,30.0,Closed -Won,API,12.175197275862505,LATAM,,,1.0,2.9548448860788854
A00454,White Ltd,True,EdTech,94866.95000000001,2.0,Negotiation,API,11.061101696930194,North America,,,1.75,8.698949799044957
A00455,"Lamb, Martin and Kim",True,HealthTech,12134.45,36.0,Closed -Won,Automation,14.67679895167452,North America,,,1.0,3.018926211167295
A00456,Diaz-Ball,True,HealthTech,1646.95,33.0,Closed -Won,API,14.279592739147647,Europe,,,0.0,1.884586275288851
A00457,Bishop-Goodwin,True,HealthTech,44385.5,9.0,Closed -Won,Premium Support,3.116521456533069,Asia,,,4.0,20.69626482207859
A00458,Young-Allen,True,HealthTech,11261.95,38.0,Closed -Won,Analytics,3.8052373587381796,North America,,,7.0,18.95187689721064
A00459,Mckee-Lee,True,E -Commerce,12228.31,50.0,Closed -Won,Automation,11.209309786116265,Asia,,,4.0,1.7533811267957866
A00460,"Valentine, Joyce and Murray",True,MarTech,41600.21,7.0,Closed -Won,Core,14.548187256632923,Asia,,,2.0,1.233627379228294
A00461,Strickland-Shaw,True,MarTech,4989.42,43.0,On -Hold,Core,10.911233290978897,Asia,,,0.0,2.4703717143269905
A00462,Burch-Montoya,True,MarTech,21734.55,9.0,Closed -Won,Core,17.235267579267763,Europe,,,1.0,2.7402743074915508
A00463,"Taylor, Wright and Davidson",True,CyberSecurity,8598.01,45.0,Negotiation,Premium Support,2.4228106766278996,North America,,,7.0,32.16829134994473
A00464,Spencer-Garcia,True,Logistics,2872.48,25.0,Closed -Won,Core,13.021594670885133,North America,,,0.0,3.003381313706033
A00465,"Rosales, Mitchell and Hines",False,E -Commerce,2103271.44,1.0,Closed -Won,Core,13.471524500832466,Asia,9.1,0.91,1.4583333333333333,3.853588301493145
A00466,Cole-Palmer,True,CyberSecurity,35135.29,58.0,Negotiation,Core,13.77090650170485,North America,,,1.0,2.127546009583492
A00467,Davis-Lozano,True,CyberSecurity,14611.64,10.0,Closed -Won,Core,9.02584484949441,LATAM,,,1.0,2.3745748825636097
A00468,Wilkerson-Arias,True,CyberSecurity,26152.97,36.0,Closed -Won,Analytics,10.8157103018317,Europe,,,1.0,2.2873610380374445
A00469,Brown-Shaw,True,HealthTech,9343.67,11.0,Negotiation,Core,17.173126111593845,Asia,,,1.0,3.613271629288849
A00470,Hughes Inc,True,SMB SaaS,22254.56,56.0,Closed -Won,Automation,14.251653043533748,LATAM,,,2.0,2.369556250000332
A00471,Walker-Flores,True,HealthTech,15653.86,44.0,Closed -Won,Automation,8.955296592909676,LATAM,,,1.0,1.6960978650786491
A00472,Combs Ltd,True,MarTech,10215.75,48.0,Closed -Won,API,0.8361551027046823,Asia,,,1.0,30.033517325829035
A00473,Moody-Taylor,True,CyberSecurity,6489.46,26.0,Closed -Won,Core,12.322223540390754,Asia,,,1.0,3.008850840270126
A00474,Lowery-Kennedy,True,MarTech,34701.51,28.0,Closed -Won,Automation,11.376500142473654,Europe,,,0.0,2.7742354415187958
A00475,Blake Group,True,HealthTech,16087.01,38.0,Closed -Won,Analytics,10.565381823098463,LATAM,,,1.0,2.7188075711629787
A00476,Gilbert-Bullock,True,SMB SaaS,11576.45,47.0,Negotiation,Core,16.99978841395606,LATAM,,,1.0,0.5019498564859652
A00477,Scott and Sons,True,FinTech,12749.56,50.0,Closed -Won,Core,2.347845628483546,Asia,,,4.0,32.48014628139253
A00478,"Bentley, Lynch and Henderson",True,HealthTech,22730.11,2.0,Closed -Won,Core,11.487403776681528,Europe,,,4.0,3.2752645386206236
A00479,Young-Martinez,True,SMB SaaS,25579.3,40.0,Closed -Won,Analytics,14.360380297733727,Europe,,,3.0,2.438857446206132
A00480,Barnes PLC,True,CyberSecurity,15725.8,7.0,Closed -Won,Analytics,18.73508920671049,Asia,,,0.0,1.97842258338473
A00481,Brown-Copeland,True,FinTech,21421.64,17.0,Closed -Won,Automation,15.661574589050957,Asia,,,0.0,2.694313027780155
A00482,Carlson-Smith,True,Logistics,12105.8,49.0,Closed -Lost,API,4.753163165465498,LATAM,,,2.0,27.56449699688517
A00483,"Andrews, Higgins and Carter",True,SMB SaaS,13304.54,15.0,Closed -Won,Core,18.588060362320444,North America,,,1.0,3.4135311658464103
A00484,Mendez and Sons,True,FinTech,23905.35,48.0,Closed -Won,Analytics,9.934629800885082,Europe,,,0.0,2.9622205728019577
A00485,"Butler, Beck and Miller",True,MarTech,11780.18,28.0,Closed -Won,API,14.796008496065463,Europe,,,0.0,1.1132743671673566
A00486,Jones-Fox,True,MarTech,6049.43,14.0,Closed -Won,Core,15.463353937256645,LATAM,,,0.0,1.2432091970301238
A00487,"Hartman, Romero and Smith",True,HealthTech,23049.69,20.0,Closed -Won,Core,11.356653250398677,LATAM,,,1.0,0.0
A00488,Williams-Hughes,True,HealthTech,20302.88,32.0,Closed -Won,API,16.09277915566476,Asia,,,1.0,2.63351347388492
A00489,King-Smith,True,HealthTech,28518.64,46.0,Closed -Won,Analytics,12.45832961317712,North America,,,0.0,3.108627197461166
A00490,Cooper Ltd,True,HealthTech,22817.58,36.0,Closed -Won,Core,16.085427282553894,Europe,,,1.0,3.190178046191512
A00491,"Fuller, Ingram and Moss",True,MarTech,19912.32,56.0,Closed -Won,Analytics,8.481213522241374,LATAM,,,2.0,2.675430471276776
A00492,Anderson-Bell,True,MarTech,5297.18,52.0,Closed -Won,Analytics,15.004928270686623,Asia,,,0.0,1.845933141772686
A00493,Li-Thompson,True,HealthTech,15412.47,45.0,Closed -Won,Core,12.763679981919184,North America,,,2.0,1.4357225380898562
A00494,"Marshall, Dominguez and Welch",True,EdTech,10622.39,36.0,Closed -Won,Automation,17.449111348903465,Asia,,,1.0,1.1746352039092351
A00495,Brown Group,True,HealthTech,22695.14,18.0,Closed -Won,Analytics,13.868057810687148,North America,,,0.0,1.836575150834801
A00496,Carter Inc,True,Logistics,44313.7,25.0,Closed -Won,Core,17.747688601160355,North America,,,1.0,1.0221737461035514
A00497,Blackwell LLC,True,HealthTech,25243.03,8.0,Closed -Won,Automation,15.522838295099156,Asia,,,0.0,3.755954065008587
A00498,Robertson-Hays,True,SMB SaaS,4969.01,23.0,Closed -Won,Analytics,13.617474622855529,Asia,,,0.0,0.6976284469343992
A00499,"Kennedy, Johnson and Lucas",True,E -Commerce,19129.15,55.0,Closed -Lost,Premium Support,16.363007928842883,Asia,,,2.0,1.802946723110777
A00500,Kelly-Norman,True,Logistics,10673.71,26.0,Negotiation,Core,16.382175393581363,LATAM,,,1.0,0.06378158656912603
A00501,"Rivera, Martinez and Richardson",True,CyberSecurity,24327.45,7.0,Closed -Won,Analytics,15.415730013473642,LATAM,,,1.0,2.296554861298065
A00502,Paul-Kline,True,EdTech,27060.86,39.0,Closed -Won,API,6.069966402278915,LATAM,,,3.0,16.259463298504212
A00503,Morgan-Lopez,True,E -Commerce,15083.34,57.0,Closed -Won,Premium Support,11.052318527706806,LATAM,,,3.0,1.6432096463604606
A00504,"Jimenez, Glass and Stone",True,EdTech,11877.54,52.0,Closed -Won,Automation,18.15231753951777,LATAM,,,0.0,1.067216733969946
A00505,Acosta Inc,True,FinTech,19877.41,17.0,Negotiation,API,2.649749723862556,Europe,,,5.0,30.060465123115595
A00506,Morrison-Short,True,EdTech,9729.14,27.0,Closed -Won,Automation,16.64738345019742,Asia,,,2.0,1.4555391099857622
A00507,"Carter, Garcia and Murphy",True,EdTech,27588.63,32.0,Closed -Lost,Core,16.119357970339006,Europe,,,0.0,1.8631321106333307
A00508,Parker-Morrison,True,HealthTech,22936.04,15.0,Closed -Won,API,3.8544308009167727,LATAM,,,2.0,28.202561098460173
A00509,Jackson-Wallace,True,FinTech,11510.83,16.0,Closed -Won,Analytics,8.014305118649826,LATAM,,,2.0,2.172177215892569
A00510,Williams-Berg,True,SMB SaaS,6812.33,14.0,Closed -Won,Core,12.29326220615622,LATAM,,,2.0,2.5328672079740326
A00511,Mendez-Graham,True,E -Commerce,18470.75,59.0,Closed -Won,Core,20.234045130899034,LATAM,,,0.0,1.535535224319505
A00512,"Whitney, Gould and Jones",True,MarTech,30995.42,45.0,Closed -Won,Core,11.410168123371935,North America,,,0.0,1.2155644903252378
A00513,"Sullivan, Palmer and Brady",True,SMB SaaS,26329.08,50.0,Closed -Won,Core,11.617227966202188,Europe,,,1.0,1.9770422865513522
A00514,Cisneros and Sons,True,HealthTech,5961.96,49.0,Closed -Won,Core,11.007252769070519,Europe,,,1.0,4.503926004852224
A00515,"Gregory, Kim and Martinez",True,MarTech,21378.21,57.0,Closed -Won,Core,17.644353429648557,Europe,,,1.0,1.7125723051060395
A00516,Osborne LLC,True,Logistics,22935.42,7.0,Closed -Won,API,13.271252865124682,Asia,,,1.0,2.3614378033648222
A00517,Reyes-Bradley,True,CyberSecurity,13432.76,53.0,Closed -Won,Analytics,12.122281313152584,Asia,,,2.0,1.17160148490946
A00518,"Hernandez, Cole and Watson",True,MarTech,16136.55,4.0,Closed -Lost,Core,18.24042205158605,LATAM,,,2.0,0.0
A00519,Hines-Berry,True,EdTech,25424.29,29.0,Closed -Won,API,6.243613856617634,Europe,,,6.0,36.637368144692196
A00520,"Richardson, Edwards and Ramirez",True,FinTech,17375.77,36.0,Negotiation,Core,11.242129274869221,North America,,,2.0,4.380709527353762
A00521,Johnson and Sons,True,FinTech,2356.05,22.0,Closed -Won,Analytics,10.329248266814659,Asia,,,0.0,2.595390294724766
A00522,Holmes-Mcintyre,True,HealthTech,8338.76,9.0,Closed -Lost,Premium Support,17.47450989463992,Asia,,,0.0,3.6409242010534517
A00523,Green LLC,True,Logistics,11357.81,12.0,Closed -Won,Automation,14.050364491225148,Europe,,,1.0,1.6522777650680243
A00524,"Griffin, Davies and Mitchell",True,CyberSecurity,8529.78,49.0,Closed -Won,Analytics,9.352807940431662,Asia,,,0.0,0.0
A00525,Gonzalez-Taylor,True,MarTech,27459.73,19.0,On -Hold,Analytics,8.650652939319354,Asia,,,1.0,0.8912909965375546
A00526,Hayes Ltd,True,Logistics,20830.03,19.0,Negotiation,Core,10.651883854400724,LATAM,,,0.0,2.3970247610441686
A00527,Osborn-Cochran,True,HealthTech,5266.87,55.0,Closed -Won,Analytics,10.28154623569091,North America,,,3.0,2.2376138609364506
A00528,Contreras-Mckinney,True,HealthTech,20525.09,9.0,Negotiation,Core,0.08257880738484369,North America,,,4.0,14.480621159216767
A00529,"Daniels, Vance and York",True,MarTech,28860.21,55.0,Closed -Won,Analytics,10.701479040054512,Asia,,,0.0,1.4697509875636812
A00530,"Mckinney, Graves and Thompson",True,SMB SaaS,13501.4,55.0,Closed -Won,Premium Support,11.24275831506844,LATAM,,,0.0,2.939715686803244
A00531,Hicks-Martinez,True,E -Commerce,19618.03,36.0,Closed -Won,Automation,12.611956134846288,North America,,,1.0,1.4986533259990384
A00532,Conner and Sons,True,Logistics,16853.83,10.0,Closed -Won,API,19.07873013538314,North America,,,1.0,2.3078168701627
A00533,Johnson-Spencer,True,HealthTech,6474.89,10.0,Closed -Won,API,13.199470183705179,Asia,,,1.0,2.1953281650326035
A00534,Mcdonald-Bird,True,Logistics,20577.59,17.0,Negotiation,API,0.0,Europe,,,4.0,28.011982527497672
A00535,Salazar Inc,True,FinTech,10474.11,35.0,Negotiation,Analytics,8.735925068703402,Europe,,,7.0,19.3552331062146
A00536,Parker Ltd,True,HealthTech,38348.03,10.0,Closed -Won,Automation,4.053846037075006,LATAM,,,8.0,26.062475675570912
A00537,"Mendoza, Jenkins and Ortiz",True,E -Commerce,6124.67,27.0,Closed -Won,API,15.200458891660125,Europe,,,0.0,3.873621782697747
A00538,"Jones, Compton and Day",True,FinTech,15565.84,7.0,Closed -Won,API,14.8418446308552,Asia,,,0.0,3.112447863266178
A00539,Owens-Holmes,True,Logistics,29939.25,32.0,Closed -Won,Core,14.367765696797731,LATAM,,,0.0,3.0203887312819786
A00540,Humphrey PLC,True,Logistics,11499.35,2.0,Closed -Lost,Analytics,1.4102560180739068,Europe,,,8.0,28.24846666502752
A00541,"Matthews, Saunders and Anderson",True,E -Commerce,20311.74,42.0,Closed -Won,Core,16.733377532133055,Europe,,,2.0,0.5623107270331105
A00542,"Bartlett, Brown and Martinez",True,EdTech,88508.32,4.0,Closed -Won,Core,10.754834045879807,Asia,,,0.0,3.0964942157586206
A00543,Torres and Sons,True,FinTech,28540.84,12.0,Closed -Won,API,15.110666558567491,LATAM,,,0.0,2.9047672604499444
A00544,Donovan-Perez,True,E -Commerce,21038.3,11.0,Closed -Won,Premium Support,11.624789580020838,Asia,,,2.0,2.137248976682552
A00545,"Jacobson, Singleton and King",True,E -Commerce,26203.2,50.0,Closed -Won,API,15.33875229217956,Europe,,,0.0,1.629460112416539
A00546,"Huber, Hill and Weber",True,Logistics,21788.76,4.0,Closed -Won,Core,9.874437748675192,North America,,,1.0,0.5360553457649684
A00547,"Ferguson, Shaw and Jackson",True,E -Commerce,8048.25,26.0,Closed -Won,Core,10.676661655748063,Asia,,,0.0,2.8674004443785024
A00548,"Moore, Hopkins and Le",True,HealthTech,19890.95,35.0,Closed -Won,Core,15.031722687470381,North America,,,0.0,3.18613511496591
A00549,"Morgan, Bradshaw and Williams",True,FinTech,55737.95,31.0,Closed -Won,Core,16.993007340794076,Asia,,,0.0,1.3209075715088052
A00550,Miller Ltd,True,Logistics,34135.12,41.0,Closed -Won,Core,15.507933046259039,LATAM,,,2.0,1.237400399260377
A00551,"Baker, Clark and Armstrong",True,HealthTech,12783.02,48.0,Closed -Won,Core,16.562352003605653,North America,,,2.0,3.241061925008803
A00552,"Fowler, Jimenez and Burton",True,SMB SaaS,13923.36,24.0,Closed -Won,Core,15.121455676291538,Asia,,,2.0,1.3581355371065182
A00553,May-Turner,True,FinTech,58162.99,49.0,Closed -Won,Core,14.517488297096996,North America,,,0.0,3.779060207856382
A00554,Ballard Ltd,True,CyberSecurity,15552.78,19.0,Closed -Lost,Core,5.4178319045431405,Europe,,,7.0,21.36707808869838
A00555,Evans-Jones,True,SMB SaaS,11665.5,59.0,Closed -Lost,Automation,16.43900542615039,Europe,,,1.0,1.6134382931333504
A00556,Moore Group,True,MarTech,8247.79,30.0,Closed -Won,Premium Support,17.074637698479926,LATAM,,,0.0,2.0451080012133964
A00557,Marshall-Peterson,True,FinTech,17781.23,44.0,Closed -Won,Automation,13.810652926010675,LATAM,,,1.0,1.6133682656359802
A00558,Edwards Ltd,True,SMB SaaS,11118.42,52.0,Closed -Lost,Core,13.649221874664025,LATAM,,,0.0,3.1262123863476816
A00559,Gross-Valencia,True,HealthTech,17269.26,47.0,Closed -Won,Core,18.77421743516671,Europe,,,2.0,2.885810139575387
A00560,Anderson-Wood,True,E -Commerce,20648.43,51.0,Closed -Won,Analytics,13.938734660551331,LATAM,,,0.0,3.0881062927508314
A00561,"Rodriguez, Allen and Martinez",True,SMB SaaS,36900.35,32.0,Closed -Lost,Automation,14.227057611097907,North America,,,0.0,2.184519740694063
A00562,Wright-Davis,True,CyberSecurity,22588.989999999998,3.0,Closed -Won,Core,9.155833589061098,LATAM,,,2.0,14.336929629232504
A00563,Dougherty-Lin,True,FinTech,2268.44,30.0,Closed -Won,Automation,13.70658123213754,North America,,,0.0,1.990935992572267
A00564,Wright-Grimes,True,Logistics,13213.43,11.0,Closed -Won,Analytics,11.538979031770715,North America,,,0.0,1.574303208429726
A00565,Li PLC,True,HealthTech,13345.63,53.0,Negotiation,Premium Support,15.133896726570566,LATAM,,,0.0,3.4665965131829597
A00566,"Edwards, Hines and Jimenez",True,CyberSecurity,12556.2,14.0,Closed -Won,Automation,13.883734969933036,North America,,,1.0,3.0022737237986012
A00567,"Owens, Koch and Jimenez",True,E -Commerce,15075.58,14.0,Closed -Won,Core,19.52674926942349,Asia,,,1.0,1.90847693314279
A00568,Landry PLC,True,EdTech,3223.39,15.0,Closed -Won,Core,16.365345650877128,North America,,,0.0,1.073525043228729
A00569,Levy-Lewis,True,MarTech,6352.72,38.0,Closed -Won,Analytics,6.247424391116574,North America,,,4.0,41.06591933755104
A00570,Williams-Campbell,True,FinTech,12139.74,34.0,Negotiation,Core,16.187180657571126,Asia,,,3.0,2.136684135544301
A00571,"Khan, Pena and Ruiz",True,SMB SaaS,28510.33,56.0,Closed -Won,Analytics,2.5810213440754444,North America,,,1.0,28.095296632758444
A00572,"Smith, Rodriguez and Anderson",True,HealthTech,15808.39,25.0,Closed -Won,API,17.92827890583654,Asia,,,0.0,3.5496527197189582
A00573,Luna-Gallagher,True,EdTech,22962.42,17.0,Closed -Won,Analytics,3.6993678498335916,Europe,,,1.0,36.03722593297447
A00574,Williams-Williams,True,E -Commerce,5617.17,3.0,Closed -Won,Automation,14.566028445078572,Asia,,,1.0,1.6810730986704652
A00575,"Lee, Tran and Jones",False,CyberSecurity,1721848.93,1.0,Closed -Won,Core,11.956595490532269,Asia,7.9,0.63,1.263157894736842,6.093641566801167
A00576,"Cole, Pierce and Bryan",True,E -Commerce,583.5,23.0,Closed -Won,Premium Support,14.175438269174899,North America,,,1.0,0.6834308283581589
A00577,"Becker, Wilson and Hester",True,E -Commerce,2778.07,55.0,Negotiation,Core,11.344403152988152,Europe,,,1.0,2.3157353654259483
A00578,Brooks-Hatfield,True,E -Commerce,52472.09,31.0,Closed -Won,Premium Support,5.661962888095369,LATAM,,,3.0,30.0890425032658
A00579,"Mcmillan, Fischer and Gonzalez",True,Logistics,5298.07,53.0,Closed -Won,Core,15.25389282754849,Asia,,,1.0,1.4292782676888773
A00580,"Morales, Williams and Williams",True,MarTech,7386.21,6.0,Negotiation,Analytics,17.855670850765385,North America,,,1.0,1.2955645205983362
A00581,"Cook, Wells and Bryant",True,Logistics,8802.43,6.0,Closed -Won,Premium Support,13.969922444039659,North America,,,0.0,1.4129297966960563
A00582,"Barry, Taylor and Velazquez",True,Logistics,42655.42,50.0,On -Hold,Core,12.764481475255595,Europe,,,0.0,1.1610855359841854
A00583,Martin-Ewing,True,SMB SaaS,5476.79,7.0,Closed -Won,Automation,16.367883133832112,North America,,,1.0,2.2472141776199717
A00584,"Kirby, Wheeler and Romero",True,SMB SaaS,14296.53,4.0,Closed -Won,Analytics,2.005286539249129,Europe,,,2.0,34.56517817655889
A00585,"Patel, Erickson and Evans",True,Logistics,9366.82,24.0,Closed -Won,Analytics,17.254953605251877,North America,,,1.0,2.048008138208116
A00586,Richardson Ltd,True,HealthTech,11045.31,55.0,Closed -Won,API,17.24852599224111,Asia,,,1.0,4.353788076462314
A00587,Whitney PLC,True,Logistics,4386.61,41.0,Negotiation,Core,17.771836703403224,Asia,,,0.0,1.8444388189008025
A00588,Robles-Swanson,True,CyberSecurity,9597.62,6.0,Closed -Won,API,1.597399551636214,North America,,,0.0,28.410820982076913
A00589,"Soto, Carlson and Baker",True,EdTech,24082.9,50.0,Closed -Won,Core,12.540510852206701,LATAM,,,1.0,2.718749599335979
A00590,"Patton, Parsons and Lane",True,CyberSecurity,14186.18,50.0,Closed -Won,API,14.327563178916087,LATAM,,,2.0,1.9371433756357261
A00591,"Williams, Castillo and Warren",True,EdTech,20130.34,48.0,Closed -Won,API,5.7862601916990695,LATAM,,,2.0,21.67166365236927
A00592,"Harvey, Randall and Hernandez",True,E -Commerce,6044.83,54.0,Closed -Won,Core,12.319575064436371,Asia,,,0.0,2.0206981902624257
A00593,"Allen, Armstrong and Graves",True,Logistics,26079.87,15.0,Closed -Won,Core,17.999348866775648,LATAM,,,2.0,2.2025583957114785
A00594,Smith LLC,True,HealthTech,14908.61,58.0,Negotiation,API,15.74025250270563,LATAM,,,1.0,1.4134832106518629
A00595,Hernandez-Vaughn,True,EdTech,11239.9,19.0,Closed -Won,Core,11.323331134033985,North America,,,0.0,1.505788690420176
A00596,Shaw-Carr,True,Logistics,12485.77,48.0,Negotiation,API,1.7693780527365166,North America,,,1.0,21.21659879873818
A00597,Salas-Fitzgerald,True,MarTech,16353.55,35.0,Closed -Won,Premium Support,3.575642016637776,LATAM,,,10.0,26.921669144194126
A00598,Thornton PLC,True,SMB SaaS,15884.8,46.0,Closed -Lost,Core,10.717690871450042,Asia,,,0.0,3.4960727897653245
A00599,Hoffman Ltd,True,FinTech,36897.26,38.0,Closed -Lost,Analytics,3.399538669311587,Europe,,,1.0,40.1154148926701
A00600,Fox-Edwards,True,CyberSecurity,16825.04,38.0,Closed -Won,Premium Support,18.463350791496033,LATAM,,,1.0,2.170350259924714
A00601,Stevens PLC,True,Logistics,16369.28,37.0,Closed -Won,Premium Support,4.735879716050528,North America,,,4.0,24.338554111380724
A00602,Payne-Lowe,True,SMB SaaS,13731.45,46.0,Closed -Won,Core,17.028455160442753,Europe,,,1.0,3.0810576700504964
A00603,"Becker, Lara and Baker",True,HealthTech,18836.44,44.0,Closed -Won,Automation,17.957925945761406,Asia,,,2.0,0.675330260421731
A00604,Lee-Wright,True,SMB SaaS,27832.49,8.0,Closed -Won,Core,17.649846376395832,LATAM,,,1.0,2.9282779452844236
A00605,"Evans, David and Hendrix",True,MarTech,2734.03,49.0,Closed -Won,API,15.670748458292199,North America,,,0.0,1.573560205565775
A00606,Bush-Vaughn,True,EdTech,2398.1,32.0,On -Hold,Core,14.987125363432778,Asia,,,1.0,4.290724229816844
A00607,Stewart-Bailey,True,EdTech,13332.16,20.0,Closed -Won,Core,15.619589583429823,Asia,,,0.0,1.8117404300013054
A00608,"Hill, Martinez and Rhodes",True,CyberSecurity,8342.75,31.0,Closed -Won,Analytics,16.208046329429884,Europe,,,1.0,2.9081822231716603
A00609,Huang-Foster,True,CyberSecurity,15738.58,58.0,Closed -Won,Core,11.775205980420806,Europe,,,1.0,1.8215870696398668
A00610,Blevins-Ballard,True,MarTech,16010.67,51.0,Closed -Won,Analytics,16.19587618793633,LATAM,,,1.0,4.196692756330447
A00611,Williams-Moses,True,FinTech,13188.42,50.0,Negotiation,Core,18.375850541891054,Asia,,,1.0,1.4876497829610948
A00612,Reed Group,True,SMB SaaS,32903.67,28.0,Closed -Won,Premium Support,13.380882715012907,Europe,,,1.0,3.165088787327389
A00613,"Scott, Mendoza and Harris",True,HealthTech,7673.91,47.0,Closed -Won,Analytics,4.623997025570349,North America,,,3.0,30.24946036165419
A00614,"Nelson, Hoffman and Nelson",True,FinTech,9040.99,23.0,Closed -Won,API,15.429638927715999,North America,,,3.0,2.4043099616641603
A00615,Gilbert PLC,True,E -Commerce,39228.29,41.0,Closed -Lost,Core,0.8621576261814154,Asia,,,3.0,33.37628379961413
A00616,Sanchez Ltd,True,MarTech,5271.75,38.0,Closed -Lost,Premium Support,5.301169553986052,Asia,,,6.0,27.968378586833985
A00617,"Perez, Hall and Garcia",True,E -Commerce,12539.99,15.0,Negotiation,Analytics,17.443157120315533,Asia,,,1.0,0.0
A00618,Love-Garcia,True,SMB SaaS,11561.74,16.0,Closed -Won,Core,12.6471462199297,North America,,,2.0,3.074392108461615
A00619,Smith PLC,True,FinTech,21143.01,4.0,Closed -Won,API,14.055345736160628,North America,,,2.0,1.5111608896557156
A00620,Russell Group,True,EdTech,14389.5,9.0,Closed -Won,Core,7.35977861656393,Europe,,,3.0,37.622079332384715
A00621,Santos-Avila,True,E -Commerce,4606.21,26.0,Closed -Lost,Core,17.830264444738997,North America,,,0.0,2.351697767915665
A00622,Morris-Brewer,True,Logistics,10232.11,29.0,On -Hold,Core,1.5518408762503586,Europe,,,4.0,38.10673536475452
A00623,Pearson and Sons,True,E -Commerce,9296.6,10.0,Closed -Won,Analytics,3.9405359344631656,LATAM,,,7.0,19.783929641916206
A00624,"Rodgers, Jefferson and Johnson",True,MarTech,23934.21,25.0,Closed -Won,Core,10.460307905711744,Europe,,,1.0,0.0
A00625,Butler and Sons,True,E -Commerce,39108.87,36.0,Closed -Won,Automation,12.9592105854254,North America,,,0.0,2.6148956162479973
A00626,Osborn Group,True,SMB SaaS,32933.29,14.0,Closed -Won,Core,15.710458099849141,Europe,,,1.0,1.6563245143855159
A00627,Lopez-Curry,True,MarTech,14049.99,20.0,Closed -Won,Core,14.565907112239296,LATAM,,,1.0,3.1650111872681763
A00628,Mcdowell-Smith,True,SMB SaaS,28922.6,22.0,Closed -Won,Core,4.0900685770694,LATAM,,,7.0,26.114957219502884
A00629,"Morrison, Hebert and Rogers",True,Logistics,29267.05,30.0,Negotiation,Analytics,14.635096278409435,Europe,,,1.0,2.602969037965607
A00630,Hays-Daniels,True,EdTech,44623.25,22.0,Closed -Won,Core,16.27638869449448,Europe,,,2.0,1.7277572042917497
A00631,Small-Anderson,True,HealthTech,288.86,44.0,Closed -Won,Core,13.874422387804866,LATAM,,,0.0,1.0873938078922087
A00632,"Mcdonald, Lee and Rodriguez",True,Logistics,11113.74,20.0,Closed -Won,Core,7.223691870961134,North America,,,3.0,17.304447998209714
A00633,Simon Ltd,True,HealthTech,23133.38,26.0,Closed -Won,Premium Support,11.039242376764705,Asia,,,0.0,0.2001077384690515
A00634,Higgins-Smith,True,EdTech,8649.75,23.0,Closed -Won,Core,1.3518616608002274,Asia,,,3.0,22.716209209190577
A00635,Gibbs-Bradley,True,HealthTech,4769.61,11.0,Closed -Won,Core,13.148422042051235,North America,,,2.0,0.5358409004605678
A00636,Thompson Ltd,True,E -Commerce,5871.81,41.0,Closed -Won,Analytics,14.610779023651933,Asia,,,2.0,0.5622591962421892
A00637,Wilcox-Robertson,True,EdTech,19382.0,14.0,Closed -Won,Analytics,4.24092471929179,North America,,,7.0,30.875555819522763
A00638,Morales Inc,True,CyberSecurity,9287.39,18.0,Closed -Lost,Core,12.767628462798378,Europe,,,0.0,2.5340489395039607
A00639,Holden Group,True,SMB SaaS,5976.53,47.0,Negotiation,Automation,14.023474382748388,LATAM,,,1.0,1.9682065198247842
A00640,Boyle-Smith,True,Logistics,39782.73,56.0,Closed -Won,API,13.987025823970326,Europe,,,1.0,1.5012095026615981
A00641,Young-Molina,True,SMB SaaS,19112.11,40.0,Closed -Won,Analytics,11.25788572227987,North America,,,1.0,1.0525918377610743
A00642,Turner-Sharp,True,FinTech,35714.94,55.0,Negotiation,Analytics,15.315768276618915,North America,,,2.0,1.6828070076352892
A00643,Green LLC,True,MarTech,11334.38,51.0,Closed -Won,Automation,9.052334485223806,LATAM,,,0.0,1.1777769587722542
A00644,"Young, Contreras and Marshall",True,HealthTech,26575.28,29.0,Closed -Lost,Core,19.258125327249843,North America,,,3.0,1.9371692578786888
A00645,Sullivan PLC,True,SMB SaaS,6968.58,46.0,Closed -Won,Premium Support,16.378912654935178,Europe,,,2.0,0.4784682259210944
A00646,"Carrillo, Vaughn and Fowler",True,CyberSecurity,9273.44,20.0,Closed -Won,Core,15.917367072960129,Europe,,,2.0,2.701317578205728
A00647,Richardson-Walker,True,EdTech,11004.49,28.0,Closed -Won,Analytics,8.790073662700275,Asia,,,1.0,1.4329688779243077
A00648,Mendoza Group,True,E -Commerce,9411.07,32.0,Closed -Won,Core,11.622413980120939,Asia,,,0.0,2.376256900282338
A00649,"Zhang, Brooks and Miles",True,E -Commerce,5626.17,57.0,Closed -Won,API,0.21942988011568865,Asia,,,7.0,29.88008460968078
A00650,Todd-Pham,True,MarTech,9941.73,51.0,Closed -Won,Automation,26.453724191118802,LATAM,,,2.0,2.327870881931
A00651,Gill Ltd,True,MarTech,3868.87,29.0,Closed -Won,API,17.584077395171093,LATAM,,,0.0,2.7991267895980827
A00652,"Marks, Miller and Griffin",True,FinTech,15677.84,39.0,Closed -Lost,Core,17.110830230752853,Europe,,,1.0,0.0
A00653,"Cox, Stark and Rodriguez",True,MarTech,31104.74,12.0,Closed -Won,Automation,0.6233078477647727,North America,,,6.0,28.18094745694937
A00654,"Leach, Harris and Herrera",True,EdTech,8452.75,48.0,Closed -Won,Premium Support,11.457508412869489,Asia,,,1.0,3.103076666789084
A00655,Murphy PLC,True,Logistics,13131.87,33.0,Closed -Won,Core,4.190527022883461,Europe,,,1.0,19.211229938394595
A00656,Wilson-Harris,True,Logistics,29247.26,32.0,Closed -Won,Core,0.868706531087025,Europe,,,3.0,35.58897270762161
A00657,"Burns, Nolan and Griffin",True,Logistics,40425.73,46.0,Closed -Won,Analytics,10.368244504580439,North America,,,2.0,3.7043804799670172
A00658,Chavez PLC,True,FinTech,27738.22,38.0,Closed -Won,API,3.2729839880114513,Europe,,,3.0,28.84787246171733
A00659,Bryant-Brown,True,Logistics,15990.2,5.0,Closed -Won,Core,16.92716793950478,LATAM,,,1.0,1.7480213811151932
A00660,Chambers-Parker,True,MarTech,21573.42,18.0,Closed -Won,Core,3.3573239653935767,Europe,,,3.0,32.04988536602363
A00661,Foster Inc,True,MarTech,22951.91,11.0,Closed -Lost,Analytics,5.936093057232124,LATAM,,,5.0,15.05079610840553
A00662,"Robinson, Jones and Henderson",True,SMB SaaS,21814.87,44.0,Closed -Won,Automation,2.8803546375433715,North America,,,4.0,30.34724195527709
A00663,"Brown, Mcknight and Michael",True,Logistics,9227.41,3.0,Closed -Won,Core,10.622850376405324,North America,,,2.0,1.4067508076182853
A00664,Andersen Group,True,FinTech,25564.87,12.0,On -Hold,Analytics,11.987807281947788,Asia,,,1.0,1.0816622522589538
A00665,Mitchell and Sons,True,EdTech,30760.77,36.0,Closed -Won,Automation,12.138721381239643,Europe,,,1.0,2.4015765875220447
A00666,Cannon Ltd,True,CyberSecurity,1503.96,41.0,Closed -Won,Core,9.784185658323917,Europe,,,1.0,3.696639678142234
A00667,"Stuart, Brooks and Vance",True,E -Commerce,11082.62,30.0,Closed -Won,Core,12.487369714098946,Europe,,,1.0,2.9332567682302586
A00668,Kane-Knox,True,EdTech,20310.5,51.0,Closed -Won,Core,10.756080630811283,LATAM,,,1.0,1.6775799417296766
A00669,Miller-Brandt,True,E -Commerce,17417.54,55.0,Negotiation,API,15.733026886600978,LATAM,,,1.0,3.0140288476007093
A00670,"Anderson, Dalton and Wilson",True,Logistics,20602.25,8.0,Closed -Won,API,15.982913191900472,Europe,,,0.0,2.346650866838882
A00671,"Long, Anderson and Irwin",True,HealthTech,6347.23,57.0,Closed -Lost,Automation,10.119082632080332,Asia,,,1.0,1.9592956490631575
A00672,Avila LLC,True,CyberSecurity,1404.53,37.0,Closed -Won,Analytics,13.110104707255998,Asia,,,1.0,1.8968772743525957
A00673,Nunez-Stephens,True,CyberSecurity,16505.33,38.0,Closed -Won,Core,19.56817964395011,North America,,,2.0,1.800059862011736
A00674,"Gray, Hall and Murray",True,SMB SaaS,13993.37,6.0,Negotiation,Analytics,11.057711306965121,LATAM,,,1.0,2.6510661227372703
A00675,Hill Ltd,True,EdTech,30343.41,37.0,Closed -Won,Core,15.279913453385197,Asia,,,2.0,2.1396700822764214
A00676,Johnson Ltd,True,HealthTech,20480.84,43.0,Closed -Won,API,14.316565802008654,Europe,,,2.0,1.27157720242301
A00677,Mendez-Mayer,True,E -Commerce,1533.85,35.0,Closed -Won,Premium Support,3.288588293436043,North America,,,3.0,18.63378836880203
A00678,Allen Inc,True,E -Commerce,20837.11,5.0,Closed -Won,Analytics,14.886400524072219,North America,,,0.0,2.305903981281668
A00679,Wheeler Group,True,MarTech,36339.52,31.0,Closed -Won,API,12.70611356622875,LATAM,,,1.0,2.428651215683275
A00680,"Powers, Brennan and Sanchez",True,Logistics,29618.51,56.0,Closed -Won,Core,14.200292364418655,Asia,,,1.0,1.6868673556832157
A00681,Morales and Sons,True,Logistics,20524.88,43.0,Closed -Won,Analytics,14.244109831861207,North America,,,1.0,0.8679943772537557
A00682,"Robinson, Shields and Brown",True,HealthTech,10098.74,9.0,Closed -Won,API,13.724914453151529,LATAM,,,0.0,3.250965117085132
A00683,"Holder, Young and Hendricks",True,Logistics,12883.61,57.0,Closed -Won,Automation,10.042665634027948,Europe,,,0.0,3.0386046095271007
A00684,"Flores, Harper and Chambers",True,HealthTech,12631.58,57.0,Closed -Won,Premium Support,17.72926582279368,Europe,,,0.0,0.01262349902650195
A00685,Young-Walter,True,MarTech,23052.78,10.0,Closed -Won,Premium Support,17.199300763592973,LATAM,,,0.0,3.33958292331353
A00686,"Boyd, Gutierrez and Hill",True,FinTech,22068.08,48.0,Closed -Won,Analytics,10.867432919390428,Asia,,,1.0,1.791024202666986
A00687,"Fry, Hobbs and Buck",True,EdTech,15621.01,24.0,Closed -Lost,Automation,13.09782310344874,North America,,,2.0,2.1899870800271426
A00688,"Shelton, Peters and Williams",True,SMB SaaS,28148.43,36.0,Closed -Won,API,1.5147093209614204,North America,,,4.0,28.243074363245714
A00689,David-Powers,True,MarTech,8340.13,27.0,Closed -Lost,Analytics,10.530443598501254,Europe,,,3.0,3.6525387866290533
A00690,"Flores, Butler and Hernandez",True,CyberSecurity,26614.3,47.0,Negotiation,Core,8.399611196713199,Europe,,,0.0,3.00286528504553
A00691,White-Medina,True,FinTech,40919.42,59.0,Closed -Won,Premium Support,11.988222044262992,LATAM,,,0.0,2.241030498950559
A00692,Atkinson LLC,True,CyberSecurity,33834.23,47.0,Closed -Won,Premium Support,12.930792979246425,LATAM,,,1.0,0.6243593136970016
A00693,"Thomas, Ford and Brown",True,EdTech,26780.72,55.0,Closed -Won,Analytics,9.676299999907943,North America,,,1.0,0.0
A00694,Faulkner-Grant,True,CyberSecurity,9886.14,56.0,Closed -Won,Core,14.530933292256437,Europe,,,0.0,2.8781589390245035
A00695,Price LLC,True,SMB SaaS,18628.45,6.0,Negotiation,Core,17.48856890994902,LATAM,,,1.0,3.342030345744477
A00696,Rivera Inc,True,E -Commerce,22804.53,15.0,Closed -Won,Core,16.526348438495802,Europe,,,1.0,1.1853551391619521
A00697,Boone-Davis,True,FinTech,17961.74,43.0,Negotiation,Automation,13.619943040523845,LATAM,,,1.0,1.7302200352612702
A00698,"Calderon, Williams and Bennett",True,MarTech,22677.61,35.0,Closed -Won,Analytics,8.47876491043641,Europe,,,0.0,1.4427341116145451
A00699,"Morrison, Russo and Lopez",True,FinTech,48594.5,3.0,Closed -Won,Analytics,16.147107021977142,Europe,,,2.0,1.4160999265109966
A00700,"Ramsey, Hansen and Mendoza",True,MarTech,33089.74,6.0,Closed -Won,Core,0.0,North America,,,1.0,19.96181501542361
A00701,Turner-Stout,True,FinTech,43516.78,31.0,Closed -Won,API,15.273053327654061,North America,,,0.0,2.2183731327536425
A00702,Giles Ltd,True,CyberSecurity,31988.85,37.0,Closed -Won,Automation,19.808308400907542,North America,,,2.0,1.7708216886043309
A00703,Burgess Group,True,EdTech,13021.11,10.0,Closed -Won,Automation,11.52556511140804,LATAM,,,0.0,4.657520020510372
A00704,Dominguez Ltd,True,HealthTech,6828.14,11.0,Closed -Won,Analytics,5.375552200633873,North America,,,0.0,0.5655791009924398
A00705,Sanders and Sons,True,FinTech,12759.52,8.0,Closed -Won,Core,10.839636266570729,LATAM,,,1.0,2.5479110814957853
A00706,"Morris, Campbell and Owens",True,SMB SaaS,17385.04,34.0,Closed -Won,Core,15.458135204803463,Asia,,,1.0,0.9510217148278051
A00707,"Howard, Green and Hunt",True,Logistics,30709.85,1.0,Closed -Won,Automation,14.080777705244122,LATAM,,,1.0,1.8425631280057586
A00708,Owens-Lang,True,Logistics,27290.84,34.0,Closed -Won,Automation,10.353091611203954,LATAM,,,0.0,2.1486383844626733
A00709,"Harrison, Franco and Rocha",True,FinTech,8289.91,29.0,Closed -Lost,Core,5.8228116129588425,North America,,,9.0,31.07223385236763
A00710,Edwards-Williams,True,EdTech,18293.2,28.0,Closed -Won,Core,12.936172952547814,Europe,,,0.0,1.7388181048389777
A00711,Figueroa Inc,True,SMB SaaS,36445.0,41.0,Closed -Won,API,3.2691834589047586,Asia,,,3.0,25.26205249250904
A00712,Tran-Silva,True,E -Commerce,8538.37,31.0,Negotiation,Automation,15.561900254763575,Europe,,,1.0,1.7209149021864922
A00713,"Butler, Hernandez and Rivera",True,HealthTech,14455.46,43.0,Closed -Lost,API,12.765719334121194,Asia,,,0.0,0.9200473136988243
A00714,Hudson-Sanchez,True,HealthTech,12403.11,46.0,Closed -Won,Core,12.118646347004864,LATAM,,,0.0,2.6323098020916866
A00715,"Pena, Cohen and Scott",True,EdTech,28763.74,55.0,Closed -Won,Premium Support,11.72517079123098,Europe,,,2.0,2.2813343707819085
A00716,Levy-May,True,SMB SaaS,44650.18,48.0,Closed -Won,Analytics,6.6206587595294835,North America,,,3.0,18.96979760881441
A00717,Murray-Oconnor,True,HealthTech,11784.09,31.0,Negotiation,API,14.127827671280107,North America,,,0.0,1.9304569974669192
A00718,Jackson-Cortez,True,SMB SaaS,9844.92,30.0,Closed -Won,Core,14.605871809587782,Europe,,,2.0,1.8071220401099068
A00719,White-Preston,True,CyberSecurity,5478.51,14.0,Closed -Won,Core,14.540388331417434,Europe,,,0.0,3.1756003382308515
A00720,"Bernard, Warren and Combs",True,SMB SaaS,16726.51,36.0,Negotiation,Core,3.25423551472896,LATAM,,,4.0,23.99022931114774
A00721,Landry Ltd,True,Logistics,29910.05,9.0,Closed -Won,Core,10.900608249625728,LATAM,,,2.0,3.4148005861843878
A00722,Duran Group,True,EdTech,3657.31,55.0,Closed -Won,Premium Support,3.4932062839650726,Europe,,,4.0,18.640287002336805
A00723,Kirby and Sons,True,Logistics,15131.85,50.0,Closed -Lost,API,0.0,LATAM,,,2.0,26.331186030263076
A00724,Mann Inc,True,HealthTech,20524.54,8.0,Closed -Won,Premium Support,20.195585714264965,Asia,,,2.0,1.583917360279586
A00725,Wagner LLC,True,EdTech,27263.42,47.0,Closed -Lost,API,0.8796702564139895,LATAM,,,4.0,22.117672635674325
A00726,Williamson Ltd,True,HealthTech,19770.91,7.0,Negotiation,Core,3.092594518554678,Asia,,,2.0,37.20078507500714
A00727,"Durham, Hopkins and Smith",True,HealthTech,6469.6,43.0,Closed -Won,API,14.294801180331467,Europe,,,0.0,2.843421538260239
A00728,"Arnold, Smith and Moreno",True,FinTech,10202.63,6.0,Closed -Won,API,13.090001740182522,Asia,,,0.0,1.7095495930851035
A00729,Nichols-Mitchell,True,HealthTech,38931.18,29.0,Closed -Won,Automation,17.221908624313212,Europe,,,1.0,0.9537417639802892
A00730,"Li, Craig and Drake",True,FinTech,24701.79,39.0,Closed -Won,Analytics,13.074506208491401,North America,,,1.0,1.7960357930075272
A00731,Rodriguez Inc,True,MarTech,11638.08,43.0,Closed -Won,Core,13.296375802548171,North America,,,0.0,1.3151315587229653
A00732,"Hernandez, Lee and Fox",True,FinTech,14951.76,25.0,Closed -Won,API,16.443885540848953,North America,,,0.0,3.7245034824886747
A00733,Adams-Sanders,True,FinTech,7518.07,55.0,Closed -Won,Automation,19.43213498875513,Asia,,,2.0,2.760040643519751
A00734,Chung-Stevens,True,SMB SaaS,3201.75,46.0,Negotiation,Analytics,18.222495121844986,North America,,,0.0,1.2340774226132343
A00735,Branch and Sons,True,FinTech,15821.24,13.0,Closed -Won,Core,13.59003834767257,Asia,,,2.0,0.9550090393349875
A00736,Sutton-Abbott,True,FinTech,9555.98,40.0,Closed -Won,Analytics,13.85145736480279,Asia,,,2.0,1.2216867262154445
A00737,"Frey, Santos and Johnson",True,FinTech,21021.67,44.0,Closed -Won,Automation,14.140157734352611,Europe,,,0.0,1.441174761533666
A00738,Gray-Tran,True,HealthTech,51234.94,20.0,Negotiation,Core,14.440998225387757,Asia,,,1.0,1.8332996062028055
A00739,Walsh Ltd,True,E -Commerce,20121.48,44.0,Closed -Won,API,11.457955656956555,Asia,,,2.0,3.1145464908808873
A00740,Miller Group,True,Logistics,20116.26,54.0,Closed -Won,Core,16.809781396566315,Asia,,,0.0,1.0334831086469964
A00741,"Mueller, Knight and Hodge",True,CyberSecurity,29619.61,49.0,Negotiation,Core,14.61982738316836,Europe,,,1.0,4.289537244846549
A00742,Jacobson Inc,True,E -Commerce,5405.05,45.0,Closed -Won,Core,1.8142745414406538,Europe,,,4.0,27.859502819287542
A00743,Lewis Ltd,True,FinTech,22797.59,38.0,Closed -Won,Core,10.186563870322782,North America,,,0.0,0.590952268905401
A00744,"Alvarez, Williams and Jones",True,Logistics,7360.51,16.0,Closed -Won,Core,14.186858625471837,Asia,,,1.0,3.688304825323471
A00745,Lam-Elliott,True,FinTech,29198.75,47.0,Negotiation,API,8.320363090337583,Asia,,,0.0,3.321255599836956
A00746,White LLC,True,CyberSecurity,20064.31,22.0,Closed -Won,Analytics,12.255051967903304,LATAM,,,1.0,1.8176512022437148
A00747,Ali PLC,True,MarTech,5927.12,32.0,Closed -Won,Core,12.310706880562403,North America,,,1.0,2.3813323151245265
A00748,Goodwin Ltd,True,SMB SaaS,20308.92,19.0,Closed -Won,API,14.860985579262858,Asia,,,1.0,2.4065691191020138
A00749,Hickman-Evans,True,EdTech,4713.54,19.0,Closed -Won,Analytics,19.63955007483589,Europe,,,0.0,2.1367124287435586
A00750,"Allen, Davenport and Price",True,CyberSecurity,5752.73,10.0,Closed -Won,Analytics,15.715722396996311,LATAM,,,0.0,0.703520461529527
A00751,"Rivera, Campos and Taylor",True,MarTech,4311.58,57.0,Closed -Won,Automation,18.345206217906842,LATAM,,,2.0,0.0
A00752,"Ramsey, Mason and Mccann",True,E -Commerce,30491.08,9.0,Closed -Lost,Core,15.93563651931073,North America,,,0.0,1.155273817676583
A00753,Davis and Sons,True,SMB SaaS,21546.07,6.0,Closed -Won,Analytics,17.37516046906285,North America,,,0.0,3.8161544113709476
A00754,Peterson PLC,True,CyberSecurity,17474.16,56.0,Closed -Won,Core,0.0,North America,,,4.0,23.462737458225533
A00755,"Sanders, Ayala and Johnson",True,MarTech,8118.81,33.0,Closed -Won,Core,11.804489503093235,Asia,,,0.0,1.7381630355076911
A00756,Bowers-Hayes,True,MarTech,23001.66,26.0,Closed -Won,Core,4.9444250084399775,Asia,,,7.0,18.391419702869452
A00757,Kelly Group,True,CyberSecurity,17819.57,44.0,Closed -Won,Automation,16.006432701431965,Europe,,,1.0,2.27812121972938
A00758,Lopez-Willis,True,EdTech,10736.72,23.0,Closed -Won,Core,13.988964637813263,Europe,,,1.0,2.4389811954670257
A00759,Miller-Montgomery,True,HealthTech,18994.61,8.0,Closed -Won,API,14.661061498420882,Europe,,,0.0,2.6007195192940578
A00760,Marquez Inc,True,MarTech,21671.47,44.0,Negotiation,Automation,13.253999323677919,Europe,,,1.0,0.0
A00761,Moore-Dawson,True,FinTech,6327.37,11.0,Closed -Won,Core,12.211223848925847,LATAM,,,4.0,5.157756183825162
A00762,"Moore, Price and Ward",True,HealthTech,35850.44,33.0,Negotiation,Core,0.47282287599814854,Europe,,,3.0,42.53681985542819
A00763,Smith LLC,True,MarTech,14289.38,56.0,Closed -Won,Core,10.700416658540256,LATAM,,,0.0,1.8021362962603336
A00764,Ward-Nelson,True,Logistics,22352.2,56.0,Closed -Won,Core,16.059176777724634,Europe,,,1.0,1.2815223698391467
A00765,Miller Group,True,Logistics,13467.87,22.0,Closed -Won,Premium Support,15.57268485719135,LATAM,,,1.0,2.9873056940796046
A00766,Hawkins-Hunt,True,EdTech,20262.54,47.0,Negotiation,Core,9.262960107289267,Asia,,,0.0,2.495394615034541
A00767,Johnson LLC,True,MarTech,11979.78,37.0,Closed -Won,Analytics,11.507659010019218,North America,,,2.0,2.0921474880345112
A00768,"Davis, George and Nguyen",True,HealthTech,12758.9,29.0,Closed -Won,Core,12.011928317150398,North America,,,0.0,2.4583346336408116
A00769,Smith-Gutierrez,True,Logistics,11800.24,9.0,On -Hold,API,15.693752339949775,LATAM,,,1.0,1.8872803957753856
A00770,Hardy PLC,True,HealthTech,17320.25,23.0,Closed -Won,Core,12.898894682208347,North America,,,2.0,2.401862265717302
A00771,Armstrong and Sons,True,Logistics,25395.84,39.0,Negotiation,Core,13.743230580167584,North America,,,0.0,2.7263628509535036
A00772,"James, Taylor and Turner",True,Logistics,25755.82,59.0,Negotiation,Core,9.627057929045817,Asia,,,0.0,2.343316874082027
A00773,Thomas-Jackson,False,CyberSecurity,636914.11,1.0,Closed -Won,Automation,9.908028684623241,Europe,8.4,0.61,2.090909090909091,11.812407204007782
A00774,Fisher-Washington,True,EdTech,18570.73,43.0,Closed -Won,Analytics,14.213586856218491,LATAM,,,1.0,3.3928601332111814
A00775,Ward and Sons,True,SMB SaaS,10870.5,50.0,Closed -Won,Core,1.5482782962884905,Asia,,,3.0,28.867781966583465
A00776,"Weber, Wheeler and Gonzalez",True,CyberSecurity,1578.37,57.0,Closed -Won,Automation,5.087821992832963,North America,,,3.0,24.562614371907213
A00777,Taylor Inc,True,CyberSecurity,25063.42,26.0,Negotiation,Automation,12.042118018796447,Europe,,,1.0,2.0265606859810226
A00778,Cook-Oliver,True,Logistics,17192.24,7.0,Closed -Won,Analytics,19.738053964860594,North America,,,0.0,1.270132417070759
A00779,Alexander-Jordan,True,SMB SaaS,9777.37,16.0,Closed -Won,Premium Support,8.249835178980113,Europe,,,0.0,1.603967461756059
A00780,"Mccann, Taylor and Flores",True,FinTech,14142.0,51.0,Closed -Won,Core,14.835941205292329,North America,,,0.0,3.287741782890044
A00781,"Harris, Edwards and Oconnell",True,SMB SaaS,27030.63,52.0,Closed -Won,Automation,10.36548832667632,Asia,,,0.0,1.851029026042275
A00782,Carter-Neal,True,Logistics,6669.41,38.0,Closed -Won,Automation,12.784996536808986,Europe,,,4.0,0.17078897228602608
A00783,Faulkner-Casey,True,HealthTech,37137.06,8.0,Closed -Won,Analytics,12.085716596977937,North America,,,0.0,1.576658270665721
A00784,Bennett-Velasquez,True,EdTech,54845.32,8.0,Negotiation,Analytics,3.177440827435324,North America,,,4.0,14.736685022889798
A00785,Diaz-Frederick,True,Logistics,10914.14,29.0,Closed -Won,Core,14.106325189118982,North America,,,0.0,2.0396895324563267
A00786,Vargas PLC,True,HealthTech,12022.32,35.0,Closed -Won,Core,2.0835802515610227,North America,,,5.0,27.77808908775808
A00787,Maldonado PLC,True,MarTech,13567.57,2.0,Closed -Won,Analytics,13.053534554243909,North America,,,1.0,2.4743885747554737
A00788,Benton Group,True,CyberSecurity,10572.85,41.0,Closed -Won,Premium Support,13.729130073950074,LATAM,,,0.0,1.8611739014740143
A00789,"Clark, Salinas and Guerra",True,CyberSecurity,45215.81,33.0,Closed -Won,Core,9.922170360781962,Asia,,,2.0,0.8069602417545667
A00790,Fuentes Group,False,SMB SaaS,929906.4,1.0,Negotiation,Core,10.185635165398072,Asia,8.3,0.71,2.1666666666666665,9.834521493628912
A00791,"Porter, Schultz and Allen",True,FinTech,6103.44,6.0,Closed -Won,Core,12.216624875608055,Asia,,,0.0,1.3772234433782018
A00792,"Moore, Henderson and Bennett",True,EdTech,17970.05,27.0,Negotiation,Core,13.287547272605488,Asia,,,2.0,1.714896197313744
A00793,Ewing-Mendoza,True,SMB SaaS,8282.76,43.0,Negotiation,Core,12.223342508255893,Europe,,,0.0,2.691168535257887
A00794,Ferguson-Mclean,True,E -Commerce,4839.35,49.0,Closed -Won,Premium Support,13.755301638708241,Europe,,,0.0,2.4041027495637524
A00795,"Barnes, Johnson and Schmitt",True,HealthTech,9122.96,26.0,Closed -Won,Core,17.924432280518147,LATAM,,,2.0,2.824005713741686
A00796,"Woodard, Herrera and Little",True,EdTech,9894.32,18.0,Closed -Won,Core,21.419047411770425,Europe,,,0.0,1.615916796397206
A00797,Rodriguez and Sons,True,EdTech,13617.87,58.0,Closed -Won,Core,16.236917611101976,LATAM,,,0.0,3.5083607682847333
A00798,"Ortega, Jackson and Salazar",True,E -Commerce,3514.87,28.0,Closed -Won,Analytics,17.26398130091531,Asia,,,2.0,2.6728385125967202
A00799,"Terrell, Byrd and Ross",True,EdTech,42859.22,19.0,Negotiation,Analytics,19.149282444431247,North America,,,0.0,2.112234681841957
A00800,Sheppard-Jordan,True,E -Commerce,19579.83,27.0,Closed -Won,Core,14.74661323029937,Asia,,,1.0,2.6033465843779693
A00801,Garcia and Sons,False,MarTech,2396731.66,1.0,Closed -Won,Core,11.789248268101325,Asia,8.5,0.38,1.7916666666666667,6.10451358602224
A00802,"Burgess, Grant and Watts",True,E -Commerce,16767.39,18.0,Closed -Won,Core,1.6378593104660848,LATAM,,,3.0,20.346057448207883
A00803,Griffin Group,True,HealthTech,32575.99,31.0,Closed -Won,Core,14.431962077934715,Europe,,,1.0,1.3933036309302218
A00804,Barton-Chapman,True,E -Commerce,11866.2,55.0,Closed -Won,Automation,15.051023103354403,Europe,,,3.0,2.7474569572421683
A00805,"Hernandez, Cuevas and Webb",True,SMB SaaS,16687.9,44.0,Closed -Won,Automation,8.535749109896527,North America,,,1.0,2.0802160396889637
A00806,Perry-Nixon,True,HealthTech,7676.59,47.0,Negotiation,Core,0.17932362783715172,Europe,,,7.0,23.55422602972528
A00807,Guerra Ltd,True,EdTech,14357.75,33.0,Closed -Won,Analytics,9.368757438661111,LATAM,,,1.0,1.1521599292222722
A00808,Bailey LLC,True,CyberSecurity,15691.99,7.0,Closed -Won,Core,9.124192545166677,LATAM,,,1.0,0.044174174083464246
A00809,Mueller-Boyd,True,E -Commerce,8276.44,24.0,Closed -Won,Core,14.578636067075674,North America,,,1.0,3.42484562081479
A00810,Alvarez-Kim,True,CyberSecurity,19396.78,59.0,Closed -Won,Analytics,10.657764214399837,LATAM,,,1.0,1.7921052581883927
A00811,"Chavez, Jones and Williams",True,E -Commerce,20552.23,3.0,Closed -Won,API,2.2350332034643534,Asia,,,4.0,21.996622340654444
A00812,"Wilson, Sweeney and Wong",True,CyberSecurity,23983.2,52.0,Closed -Lost,Core,14.415303558049594,North America,,,1.0,1.3283537329081279
A00813,"Marsh, Spears and Yang",True,E -Commerce,20272.92,41.0,Negotiation,Core,14.549148802451406,North America,,,0.0,3.254522477626629
A00814,"Thompson, Moore and Castro",True,FinTech,14765.55,17.0,Closed -Won,Core,11.287635778873696,Asia,,,0.0,2.8813508123793845
A00815,Hall-Sullivan,True,Logistics,26960.68,46.0,Closed -Won,Core,16.696047147443597,LATAM,,,1.0,1.0327605357890461
A00816,Lopez Ltd,True,MarTech,16596.1,50.0,Negotiation,Analytics,13.732294290601763,LATAM,,,2.0,3.164542965043535
A00817,Foster-Mclaughlin,True,FinTech,2649.58,3.0,Closed -Won,Automation,1.865440401023474,Asia,,,6.0,22.389153576016312
A00818,Cole Group,True,MarTech,5079.29,7.0,Closed -Won,Core,6.741805590894442,LATAM,,,4.0,30.21645914659633
A00819,Smith-Lewis,True,MarTech,7551.53,40.0,Closed -Won,API,13.465017329612039,LATAM,,,1.0,1.7063876132024496
A00820,Goodwin-Stokes,True,FinTech,9127.5,59.0,Closed -Won,Premium Support,17.29188344981036,North America,,,1.0,1.216702749485103
A00821,Ray PLC,True,SMB SaaS,19452.43,2.0,Closed -Won,Core,1.5183125871422978,Asia,,,3.0,24.285496974392846
A00822,Diaz and Sons,True,HealthTech,33432.07,40.0,Closed -Won,Analytics,11.608121951226819,Asia,,,0.0,2.7761309655085893
A00823,Wilson-Lambert,True,EdTech,21844.9,9.0,Closed -Lost,Core,12.363325428275463,Europe,,,3.0,1.779295140968532
A00824,Rose-Fowler,True,MarTech,18770.4,39.0,Closed -Won,API,11.033939809808544,LATAM,,,1.0,2.6172095336452705
A00825,"Price, Long and Wilson",True,Logistics,3386.45,37.0,Negotiation,Automation,12.030761245217354,LATAM,,,1.0,2.2872133311295464
A00826,Bruce-Williamson,True,CyberSecurity,1747.61,6.0,Closed -Won,Automation,5.361055830257813,North America,,,6.0,35.869943119215705
A00827,"Mccarthy, Evans and Mendez",True,Logistics,36495.43,41.0,Closed -Won,Analytics,4.25880322412413,North America,,,5.0,29.023684514730576
A00828,Powers LLC,True,HealthTech,11396.63,53.0,Closed -Lost,Automation,15.899415194548531,LATAM,,,0.0,1.133239750642983
A00829,Allen Inc,True,Logistics,19721.92,51.0,On -Hold,Analytics,11.644841408596765,LATAM,,,1.0,2.569364755401848
A00830,Brooks and Sons,True,Logistics,21300.91,2.0,Closed -Won,Automation,13.72818115201647,LATAM,,,4.0,0.725169305864032
A00831,"Price, Carlson and Andrews",True,MarTech,53260.21,15.0,On -Hold,Automation,13.33850477710593,Europe,,,0.0,2.3730650838122314
A00832,Lopez-Reid,True,E -Commerce,43443.33,15.0,On -Hold,API,17.165356194794658,Asia,,,0.0,0.6092954199814251
A00833,"Ellison, Arias and Thompson",True,FinTech,59290.13,27.0,Closed -Won,Core,12.165224489586736,Europe,,,1.0,2.0164439834946943
A00834,Burns and Sons,True,Logistics,23825.58,9.0,Closed -Won,Core,0.4706154006000425,North America,,,5.0,40.551682286428516
A00835,Edwards Group,True,SMB SaaS,39013.36,51.0,Closed -Won,Automation,11.461936615122916,North America,,,1.0,2.7746001153316247
A00836,"Brown, Howard and Smith",True,MarTech,6381.38,46.0,Closed -Won,Core,10.587471439764537,Asia,,,2.0,0.14925905255926564
A00837,Lee Group,True,E -Commerce,53920.6,48.0,Closed -Won,Analytics,15.58755497434091,LATAM,,,1.0,2.8483714043161847
A00838,"Wagner, Simpson and Cohen",True,MarTech,26501.96,12.0,Closed -Won,API,13.594667611008564,Europe,,,0.0,3.822238226729583
A00839,Mckinney-Wallace,True,FinTech,48275.86,1.0,Negotiation,Analytics,9.412897671667007,North America,,,1.5,16.796924102129243
A00840,Miller Inc,True,E -Commerce,28357.17,54.0,Closed -Won,Automation,2.1591585699748244,North America,,,1.0,34.03423356887775
A00841,Carter LLC,True,CyberSecurity,33700.25,18.0,Closed -Won,Core,17.996242177783614,North America,,,2.0,0.6355800761146451
A00842,Medina and Sons,True,SMB SaaS,22436.64,39.0,Closed -Lost,API,9.06129707649559,North America,,,2.0,2.434677978024429
A00843,Cunningham-Barton,True,SMB SaaS,1011.57,54.0,Closed -Won,Automation,15.943504019286703,LATAM,,,0.0,3.5960335983414646
A00844,Dunn-Wilson,False,MarTech,58644.99,3.0,Negotiation,Core,13.029146242361222,North America,8.6,0.78,0.25,2.0310760747753673
A00845,Adams PLC,False,SMB SaaS,437961.93,1.0,Closed -Won,API,12.91012041252418,North America,8.3,0.8,0.8,2.527204476294425
A00846,Weaver-Sherman,False,E -Commerce,1189992.43,1.0,Closed -Won,Core,11.369655515420469,Europe,7.8,0.64,2.0,8.001946909528858
A00847,"Alexander, Robinson and Coleman",True,CyberSecurity,7338.8,10.0,Closed -Won,Core,8.820850294337642,LATAM,,,0.0,2.3723532531268505
A00848,"Greer, Potter and Evans",True,E -Commerce,12885.33,4.0,Closed -Won,Core,18.387927028329198,Europe,,,3.0,0.0
A00849,Cole LLC,True,SMB SaaS,11148.79,49.0,Closed -Won,Core,15.544832291215723,North America,,,2.0,1.0496646181632818
A00850,Gonzales Inc,True,CyberSecurity,6232.55,36.0,Closed -Won,Automation,6.589427382829177,LATAM,,,3.0,20.229017382008802
A00851,Clark Ltd,True,FinTech,2645.26,58.0,Closed -Won,Core,12.243769334541428,Europe,,,1.0,1.6366432694235642
A00852,"Norris, Callahan and Bishop",True,FinTech,13209.92,48.0,Closed -Won,Analytics,8.890560573357678,North America,,,0.0,0.6993825057242535
A00853,Martin-Taylor,True,MarTech,7707.16,57.0,Negotiation,Analytics,13.058128250491238,LATAM,,,2.0,1.5003438019150441
A00854,Li Inc,True,E -Commerce,18260.91,15.0,Closed -Lost,Core,12.551804068278251,Asia,,,0.0,2.3296550484679965
A00855,"Bell, Campbell and Ryan",True,CyberSecurity,20141.82,17.0,Closed -Won,Analytics,3.440016611460167,LATAM,,,4.0,24.411191336718744
A00856,Werner-Carter,True,MarTech,43958.46,51.0,Closed -Won,Core,16.330106701129335,North America,,,2.0,2.0609375698708687
A00857,"Adams, Hodge and Duke",True,E -Commerce,10663.68,15.0,Closed -Won,Core,17.830391569083424,Europe,,,0.0,2.7319688030857385
A00858,"Ochoa, Taylor and Brady",True,SMB SaaS,33860.41,4.0,Closed -Won,Core,0.0,LATAM,,,8.0,28.884527003375624
A00859,Sellers-Riddle,True,EdTech,19571.44,40.0,Closed -Won,Analytics,13.083059351460896,Asia,,,2.0,3.3591778830519146
A00860,"Martinez, Cline and Wright",True,MarTech,21808.0,48.0,Closed -Won,Analytics,15.304953806395382,Asia,,,2.0,1.0107289338985874
A00861,"Morris, Wright and Bridges",True,E -Commerce,17653.29,58.0,Closed -Won,Core,2.9809696290330554,Asia,,,3.0,32.550829384084246
A00862,Burns-Ray,True,MarTech,30332.63,55.0,Negotiation,Core,10.75346235130644,Asia,,,2.0,3.1130386304942625
A00863,Burton-Brooks,True,SMB SaaS,17577.85,8.0,Closed -Won,Core,12.041966040238217,LATAM,,,1.0,1.6440022194877781
A00864,Schultz Inc,True,SMB SaaS,17229.27,46.0,Closed -Lost,Core,2.8786195981368374,LATAM,,,4.0,30.241963058196472
A00865,Robertson-Ramirez,True,E -Commerce,7523.64,50.0,Closed -Won,Core,14.744559783430088,LATAM,,,0.0,2.2067355916117357
A00866,Gibson-Freeman,True,MarTech,8577.74,42.0,Closed -Won,Core,14.028010153629404,LATAM,,,1.0,2.598670929871977
A00867,"Smith, Schroeder and Oconnor",True,E -Commerce,19702.27,49.0,Closed -Won,Analytics,14.631108139961349,LATAM,,,1.0,3.094548275233457
A00868,"Stanton, Reid and Terry",True,HealthTech,12041.35,50.0,Closed -Won,Premium Support,5.0044148288757295,North America,,,3.0,23.234119753980234
A00869,Flynn Group,True,MarTech,4616.93,27.0,Closed -Won,Core,3.6641989562799755,Asia,,,4.0,12.94843118679757
A00870,Donaldson and Sons,True,HealthTech,11161.36,3.0,Closed -Won,API,1.941312607253388,North America,,,5.0,27.640638952679915
A00871,Adams-Clayton,True,HealthTech,27105.45,27.0,Closed -Won,Core,21.658127162450462,Europe,,,1.0,1.8226995141645166
A00872,Kelley-Anderson,True,FinTech,18403.69,12.0,On -Hold,Core,12.83709688947076,Europe,,,0.0,3.453912503787458
A00873,Kramer-Shannon,True,E -Commerce,9975.95,7.0,Negotiation,Analytics,0.8163107661436855,Asia,,,2.0,15.788162187032759
A00874,Williams Ltd,True,FinTech,15474.04,8.0,Closed -Won,Core,22.487657486625505,North America,,,0.0,0.40076221396833756
A00875,Smith-Noble,True,CyberSecurity,29016.46,42.0,Closed -Won,API,14.582274888509536,Europe,,,1.0,2.220795099547976
A00876,Alexander Inc,True,MarTech,7383.88,30.0,Closed -Won,Core,13.79710838217195,Europe,,,1.0,3.3874291641726018
A00877,Harris-Barker,True,EdTech,6844.97,32.0,Closed -Won,Automation,0.09388360730062173,North America,,,5.0,21.79890964008444
A00878,Khan LLC,True,Logistics,17972.11,44.0,Closed -Lost,Analytics,18.584799101626956,North America,,,1.0,0.09538210311844875
A00879,Baxter LLC,True,E -Commerce,11286.0,33.0,On -Hold,API,10.52269524147029,Europe,,,1.0,0.31687158695372597
A00880,Pena LLC,True,CyberSecurity,17962.91,38.0,Negotiation,Core,2.601139973360723,Asia,,,3.0,23.698158467596873
A00881,Watson Ltd,True,CyberSecurity,16153.25,6.0,Closed -Won,Core,1.760958712625804,Europe,,,8.0,29.743363363896034
A00882,Williams Ltd,True,FinTech,17929.44,51.0,Negotiation,API,2.4046330289195583,Asia,,,1.0,18.928720305012792
A00883,Barber-Fischer,True,HealthTech,45016.0,27.0,Closed -Won,Analytics,9.728203194169826,LATAM,,,0.0,2.1959951132669393
A00884,Rios-Padilla,True,E -Commerce,5719.41,10.0,Closed -Won,API,18.029381665201683,Asia,,,1.0,1.5102424893422892
A00885,Lewis Inc,True,SMB SaaS,24528.15,48.0,Closed -Won,Analytics,13.16660808224517,Asia,,,0.0,3.814754293948813
A00886,Wheeler PLC,True,HealthTech,21065.44,44.0,Closed -Won,API,10.354731023320898,LATAM,,,0.0,2.590467204934292
A00887,"Wallace, Smith and Cooper",True,FinTech,23753.5,4.0,Closed -Won,API,1.7816635769165554,LATAM,,,7.0,15.033758451774272
A00888,Mcneil Group,True,SMB SaaS,3157.23,12.0,Closed -Won,Core,12.48758956088809,North America,,,0.0,2.9205817582716223
A00889,"Anderson, Jones and Reyes",True,SMB SaaS,123745.58,1.0,Closed -Won,Premium Support,14.012099388333766,LATAM,,,1.5,7.169736901837454
A00890,"Shaffer, Garcia and Richardson",True,HealthTech,13291.0,16.0,Closed -Won,API,16.524249146403097,North America,,,0.0,1.805552748660652
A00891,Taylor-Ayala,True,MarTech,17434.24,6.0,Closed -Won,Core,15.42210299172296,LATAM,,,0.0,1.7023799631712295
A00892,May Ltd,True,CyberSecurity,14512.76,42.0,Closed -Won,Core,3.948083334892769,LATAM,,,5.0,27.549632114779556
A00893,Jones PLC,True,HealthTech,8191.17,31.0,Closed -Lost,API,16.086070102933363,Asia,,,0.0,1.3496348226281363
A00894,Bishop and Sons,True,EdTech,13609.55,58.0,On -Hold,API,13.698158712004615,LATAM,,,1.0,3.725032942034568
A00895,Bell-Lewis,True,MarTech,16117.59,45.0,Negotiation,Premium Support,13.012913909590003,Europe,,,0.0,1.254130696327607
A00896,"Hernandez, Jenkins and Parks",True,CyberSecurity,22353.3,37.0,Closed -Won,API,13.672775153074333,Europe,,,0.0,2.2144750722970286
A00897,Miller Inc,True,EdTech,19964.33,31.0,Closed -Won,Core,9.169901618176755,LATAM,,,0.0,1.7709191879540513
A00898,Goodwin PLC,True,MarTech,14899.54,4.0,Closed -Won,Core,4.636381810145583,Europe,,,7.0,34.402138048039475
A00899,"Cruz, Richmond and Edwards",True,EdTech,16602.42,5.0,Closed -Won,Analytics,9.90682587887207,Europe,,,3.0,4.172346852463613
A00900,Wright Ltd,True,Logistics,16463.14,37.0,Closed -Won,Analytics,13.142480871330106,Europe,,,1.0,1.5609456585875368
A00901,Wright PLC,True,HealthTech,21949.41,1.0,Closed -Won,Premium Support,14.468793294614631,LATAM,,,4.0,1.6952788190075734
A00902,"Griffith, Mitchell and Pugh",True,HealthTech,26045.44,3.0,Closed -Won,API,17.222111263962844,North America,,,1.0,1.3358664015441102
A00903,Abbott Ltd,True,HealthTech,27732.86,13.0,Closed -Won,Premium Support,11.541160520420856,LATAM,,,1.0,2.0410406156889227
A00904,Harris-Lawson,True,SMB SaaS,12441.52,53.0,Closed -Won,Automation,18.354762115537966,Europe,,,2.0,1.898693632657306
A00905,Adkins LLC,True,SMB SaaS,13264.0,28.0,Closed -Won,API,16.840559760545442,Europe,,,1.0,0.8807468692956955
A00906,"Brown, Hurst and Blevins",True,E -Commerce,11622.48,42.0,Negotiation,Analytics,12.711770772528391,Europe,,,1.0,1.5756301356523437
A00907,Cruz-Allen,True,HealthTech,16215.02,25.0,Closed -Lost,Analytics,2.48653214715829,North America,,,5.0,35.70375507322944
A00908,"Wheeler, Rice and Levine",True,Logistics,52884.36,11.0,Closed -Won,Analytics,2.1387492996304145,LATAM,,,5.0,28.01153979832972
A00909,Peck-Anderson,True,MarTech,12367.8,22.0,Closed -Lost,Automation,14.815261554599418,LATAM,,,1.0,2.02400061296548
A00910,"Fisher, Payne and Thompson",True,Logistics,23770.75,6.0,Negotiation,Core,11.788147551377559,Asia,,,1.0,2.0589947906532093
A00911,Best-Townsend,True,EdTech,24086.68,46.0,Closed -Won,Premium Support,17.598070415845147,Europe,,,0.0,1.6390049282347234
A00912,Matthews Inc,True,SMB SaaS,20470.81,11.0,Closed -Won,Analytics,11.961428510515189,LATAM,,,2.0,1.497558298042117
A00913,Lewis-Livingston,True,Logistics,2973.7,23.0,Closed -Won,Analytics,11.297987059844083,LATAM,,,6.0,1.0804269701176974
A00914,Hunter-Fuller,True,HealthTech,15187.37,58.0,Negotiation,Core,14.70087905373294,LATAM,,,0.0,0.4433505457610487
A00915,"Wang, Henderson and Morales",True,CyberSecurity,21801.41,35.0,Closed -Won,Core,11.941859428521731,LATAM,,,3.0,1.297553325893463
A00916,"Herrera, Jensen and Ramirez",True,EdTech,9185.9,28.0,Negotiation,Analytics,2.7624755502651817,Asia,,,3.0,16.27496035356084
A00917,Miller-Mccall,True,EdTech,3539.12,33.0,Closed -Won,Core,6.688608346409593,Asia,,,2.0,23.90815437826117
A00918,Herrera Group,True,EdTech,22120.16,47.0,Closed -Won,Core,14.351687995006172,North America,,,0.0,1.653981316305958
A00919,"Walters, Davenport and Becker",True,CyberSecurity,26774.88,16.0,Closed -Won,Core,14.362893382108172,Europe,,,1.0,1.634514800285353
A00920,Collins Group,True,EdTech,14446.73,38.0,Closed -Won,Core,14.615440126725254,LATAM,,,2.0,3.244707665832734
A00921,"Ashley, Allen and Sanchez",True,CyberSecurity,10917.5,52.0,Closed -Won,Premium Support,8.92070302914382,LATAM,,,0.0,1.0716174294686625
A00922,Wilson-Salazar,True,E -Commerce,37113.49,34.0,Negotiation,Analytics,15.175513249791472,Europe,,,2.0,2.2770533383899934
A00923,Parker Ltd,True,Logistics,27372.33,27.0,Closed -Won,Analytics,14.479794730177689,North America,,,1.0,1.931533866429836
A00924,"Yang, Wilson and Zimmerman",True,SMB SaaS,7062.37,9.0,Closed -Won,Premium Support,16.678691980950262,LATAM,,,2.0,2.067926825094769
A00925,"Smith, Crawford and Reed",True,FinTech,17636.66,15.0,Negotiation,Core,15.817432403411358,LATAM,,,0.0,2.2443504071164506
A00926,"Logan, Le and Jackson",True,SMB SaaS,7770.17,56.0,Closed -Lost,Premium Support,13.394154105183457,North America,,,1.0,2.05716494026807
A00927,Brady LLC,True,FinTech,12660.92,32.0,Closed -Won,Premium Support,17.09717867453207,LATAM,,,0.0,2.7930218866509193
A00928,"Tanner, Wise and Johnson",True,E -Commerce,33658.13,18.0,Closed -Won,API,13.122107907161839,Asia,,,0.0,1.970742672037071
A00929,Nelson-Brown,True,EdTech,33825.23,25.0,Closed -Won,Analytics,14.741471312233115,LATAM,,,0.0,3.7443763934256973
A00930,"Proctor, Burton and Crawford",True,CyberSecurity,10654.68,35.0,Closed -Won,Automation,13.066551708561931,Asia,,,0.0,2.044479938966846
A00931,"Ward, Porter and Bradley",True,CyberSecurity,23259.81,32.0,Closed -Won,Core,15.385273414769635,Europe,,,3.0,0.2965331173997303
A00932,Moore-Ayala,True,Logistics,7203.51,42.0,Closed -Won,Core,12.870530652086714,North America,,,1.0,2.6383103581437317
A00933,"Craig, Wilson and Yang",True,MarTech,51587.3,16.0,On -Hold,Core,18.9426548268247,LATAM,,,1.0,2.392096805259782
A00934,Williams Inc,True,SMB SaaS,3511.85,39.0,Closed -Won,Core,20.052088211676917,North America,,,2.0,2.0325450317619245
A00935,Williams LLC,True,EdTech,12347.39,27.0,Closed -Lost,Core,16.621814762558014,North America,,,0.0,1.7404286843788555
A00936,Mora-White,True,HealthTech,23212.53,56.0,Closed -Won,Automation,0.0,North America,,,8.0,25.196301467777452
A00937,Tran Ltd,True,MarTech,8245.93,10.0,Closed -Won,Core,9.38235655742286,Asia,,,1.0,0.0531559377343247
A00938,"Rios, Walker and Wright",True,E -Commerce,7119.41,9.0,Closed -Won,Analytics,9.735866770175017,Asia,,,2.0,3.647519220497481
A00939,"Flores, Mckenzie and Duncan",True,CyberSecurity,15537.05,28.0,Closed -Won,Core,13.035318300106361,Europe,,,2.0,1.4144973969006132
A00940,Shaw Inc,True,Logistics,9881.47,30.0,Closed -Won,Core,14.123692895776632,LATAM,,,2.0,2.9656204275522082
A00941,Walker PLC,True,HealthTech,3030.8,41.0,Closed -Won,Automation,13.405377745701003,Europe,,,4.0,0.39696672675953826
A00942,Finley Inc,True,EdTech,15514.17,24.0,Closed -Won,Automation,9.07359425110114,North America,,,4.0,0.9531417046317343
A00943,Cline-Ayala,True,SMB SaaS,22616.46,54.0,Closed -Won,API,3.4950257116101953,Asia,,,3.0,18.84722454974087
A00944,Murphy-Tran,True,MarTech,13722.72,28.0,Closed -Won,API,20.46259470007081,Asia,,,3.0,1.897498964301367
A00945,Wood LLC,True,HealthTech,15216.3,8.0,Closed -Won,Automation,17.84296303751787,Europe,,,0.0,2.537667171989379
A00946,"Mueller, Stevenson and Sanchez",True,SMB SaaS,20482.97,8.0,Closed -Won,Core,17.256569806359416,Europe,,,1.0,1.9863674340701922
A00947,Vargas-Snyder,True,MarTech,42758.9,58.0,Negotiation,Analytics,14.678358815436809,Asia,,,2.0,1.7923280359933913
A00948,Oconnor PLC,True,SMB SaaS,11871.84,8.0,Closed -Won,Core,2.5883412910384473,Europe,,,1.0,18.199378701152142
A00949,Hernandez Group,True,SMB SaaS,19526.64,56.0,Closed -Won,Core,14.217584157907902,Europe,,,0.0,0.8059973440699992
A00950,Hall LLC,True,SMB SaaS,15300.2,17.0,Negotiation,Premium Support,20.31676411052451,Europe,,,1.0,3.402701289732499
A00951,"Franco, Wiley and Tapia",True,E -Commerce,6757.02,6.0,Negotiation,Automation,12.944035662478832,Europe,,,0.0,3.567309106129881
A00952,Blake Group,True,Logistics,25158.86,18.0,Negotiation,Analytics,12.635128256528175,LATAM,,,1.0,0.961297045255816
A00953,"Acosta, Garcia and Moreno",True,SMB SaaS,36089.83,37.0,Closed -Won,Core,17.32191097731174,North America,,,1.0,0.8959208979930517
A00954,Barnes Inc,True,EdTech,22636.59,26.0,Closed -Won,API,17.521058152236787,Europe,,,1.0,1.6522268575779075
A00955,Dawson Inc,True,FinTech,2169.22,47.0,Closed -Won,Premium Support,11.45629458267559,Europe,,,1.0,2.340435014863152
A00956,Morse PLC,True,EdTech,12389.85,37.0,Negotiation,Premium Support,13.215546160287733,Europe,,,0.0,1.8181817920433305
A00957,Haynes-Watson,True,CyberSecurity,22582.93,24.0,Closed -Won,API,5.550092236411651,Europe,,,6.0,23.39418201352443
A00958,"Miller, Davis and Anderson",True,E -Commerce,29924.69,38.0,Closed -Won,API,14.209068137183271,Europe,,,0.0,1.9507510523886344
A00959,Jones-Bradley,True,FinTech,4354.04,58.0,Closed -Won,Core,17.31106001285448,Europe,,,1.0,1.8853688585507666
A00960,Bates-Anderson,True,E -Commerce,6603.38,25.0,Closed -Won,Core,11.587917436615726,Asia,,,2.0,4.413078736769869
A00961,Green-Edwards,True,HealthTech,19961.17,10.0,Closed -Won,Core,17.26899443671081,LATAM,,,0.0,1.474796748404693
A00962,Haynes-Moss,True,E -Commerce,16785.95,25.0,Closed -Won,Analytics,14.304953746763925,LATAM,,,1.0,3.639946892824547
A00963,Chavez-Hall,True,E -Commerce,15549.83,50.0,Negotiation,Premium Support,20.978576408942835,Europe,,,1.0,3.446863067680864
A00964,Taylor PLC,True,CyberSecurity,41291.43,13.0,Negotiation,Automation,14.95649265311262,Asia,,,2.0,2.504093506584649
A00965,Moore and Sons,True,MarTech,43802.42,56.0,Closed -Won,Core,13.709244291112205,North America,,,0.0,0.07386816355047454
A00966,Owens-Russell,True,MarTech,7835.24,35.0,Closed -Won,Core,15.724144181347977,LATAM,,,2.0,2.031057490362962
A00967,"Howard, Townsend and Hayes",True,CyberSecurity,3349.89,36.0,Closed -Won,Core,12.98856128633837,North America,,,2.0,1.485305242604453
A00968,Baker-Wilson,True,CyberSecurity,14822.03,19.0,Negotiation,Analytics,3.417496735627822,Asia,,,2.0,19.243690950992814
A00969,Aguirre LLC,True,Logistics,24821.55,55.0,Closed -Won,Automation,13.278436477186705,Europe,,,0.0,0.9370332076121177
A00970,"Terry, Williams and Huff",True,EdTech,31741.35,3.0,Closed -Won,Automation,13.231119172792324,Europe,,,1.0,2.7562579490500525
A00971,Hernandez-Dawson,True,MarTech,12013.45,18.0,Closed -Won,Automation,3.3090064982555454,North America,,,6.0,24.695249932026382
A00972,Foster-Williams,True,EdTech,9283.2,25.0,Closed -Won,Analytics,13.780894430616522,Asia,,,2.0,3.1700243020669414
A00973,Green-Ewing,True,E -Commerce,20732.74,29.0,Closed -Won,API,7.798669326171808,Europe,,,2.0,1.617821283615466
A00974,Crane Group,True,HealthTech,13374.83,28.0,Negotiation,Premium Support,0.0,Europe,,,3.0,19.11354105209261
A00975,"Adkins, Wright and Murray",True,MarTech,16204.92,9.0,Closed -Won,API,14.730787976134017,Asia,,,0.0,2.3516814164707847
A00976,Martinez Inc,True,HealthTech,22720.7,14.0,Closed -Won,Core,14.290988531414698,North America,,,0.0,3.7560743221487414
A00977,Anderson Group,True,E -Commerce,13998.39,6.0,Negotiation,Core,0.8012929870193788,Europe,,,6.0,21.996966038776247
A00978,Parks-Pace,True,Logistics,5034.15,34.0,Closed -Won,Core,13.743408794155785,North America,,,1.0,2.4522970861121
A00979,Aguilar LLC,True,SMB SaaS,9479.65,21.0,Closed -Won,Core,11.647806687566508,North America,,,3.0,1.765076554118002
A00980,Johnson Inc,True,MarTech,9854.19,34.0,Closed -Won,Analytics,14.032449558267604,North America,,,2.0,1.496529794104237
A00981,Orr Group,True,FinTech,9931.08,35.0,Negotiation,API,14.174259219775312,North America,,,1.0,2.6582759386044987
A00982,Davis LLC,True,HealthTech,2823.84,42.0,Negotiation,Core,11.299250066295471,Asia,,,0.0,1.8939332326611342
A00983,Williams Group,True,FinTech,47975.54,33.0,Closed -Won,Core,14.803097601527293,Europe,,,1.0,2.40352291152933
A00984,Jackson PLC,True,Logistics,6556.8,39.0,Closed -Won,Core,3.3888761401070653,Asia,,,2.0,11.60651121789222
A00985,Underwood-Foster,True,SMB SaaS,25751.22,35.0,Closed -Won,Automation,13.501370259256786,Europe,,,0.0,2.3475168391389083
A00986,Reyes Group,True,E -Commerce,8407.61,39.0,Negotiation,Core,21.263141108860452,Asia,,,1.0,2.5578553193877402
A00987,Gomez and Sons,True,HealthTech,11929.55,37.0,Closed -Won,Core,3.8418840478103986,North America,,,3.0,31.74381132620617
A00988,Ramirez-Stephenson,True,FinTech,15909.39,19.0,Closed -Won,API,5.794062749758698,North America,,,3.0,25.92564882518618
A00989,Mendez PLC,True,SMB SaaS,10335.45,15.0,Closed -Won,Analytics,12.732820672376802,North America,,,1.0,1.9573783933927436
A00990,Holland Group,True,EdTech,38851.62,47.0,Closed -Won,Core,11.087182330770801,Asia,,,0.0,1.9814386797387524
A00991,Andrade-Mendoza,True,FinTech,90850.36,21.0,Closed -Won,Automation,16.05769207953021,LATAM,,,2.0,1.4776771732803713
A00992,Ramirez and Sons,True,HealthTech,3150.7,33.0,Closed -Won,Analytics,3.761381937033323,LATAM,,,2.0,29.819483638284304
A00993,Gonzalez-Wilkerson,True,EdTech,30459.12,12.0,Closed -Won,Analytics,12.296155559006742,Asia,,,1.0,2.9082174308340396
A00994,"Wright, Mcknight and Stephens",True,CyberSecurity,17715.13,26.0,Closed -Won,API,12.385275321384206,Europe,,,0.0,3.1875118741534862
A00995,Mayo Ltd,True,SMB SaaS,12398.37,32.0,Closed -Won,Core,11.045169452454466,LATAM,,,0.0,3.4122618726471563
A00996,Castillo-Harrington,True,EdTech,27238.89,37.0,Closed -Won,Core,8.74675000236583,LATAM,,,1.0,0.685198336942815
A00997,Durham-Shaw,True,CyberSecurity,32254.42,32.0,Closed -Won,Analytics,12.61118039852242,LATAM,,,0.0,0.8370014262915746
A00998,Nelson-Johnson,True,FinTech,14796.68,22.0,Closed -Won,Core,2.8355664117600865,LATAM,,,1.0,29.425471196999244
A00999,"Robinson, Huang and Osborne",True,FinTech,35878.68,57.0,Closed -Won,Core,14.59093941639573,Europe,,,1.0,2.0802865410073763
A01000,Stokes Group,True,FinTech,2470.87,31.0,Closed -Won,Core,18.681725810564377,North America,,,2.0,1.7615819961430113
A01001,"Howard, Silva and Hall",True,SMB SaaS,24717.93,48.0,Negotiation,Analytics,16.25286891496755,North America,,,1.0,1.4473606698174506
A01002,Garcia Ltd,True,E -Commerce,16237.29,44.0,Closed -Won,Automation,15.571894430822134,LATAM,,,0.0,1.6955817598026277
A01003,Adams Ltd,True,Logistics,18461.41,33.0,Closed -Won,Analytics,19.647947067958146,LATAM,,,1.0,2.483313822432503
A01004,Gallagher and Sons,True,FinTech,30028.92,53.0,Negotiation,Premium Support,13.708563214990367,LATAM,,,1.0,0.6703775532079677
A01005,"Bradford, Salinas and Kelly",True,FinTech,23038.56,8.0,Closed -Won,Analytics,14.189227020514856,LATAM,,,0.0,4.343357172587103
A01006,Thompson PLC,True,Logistics,48755.56,55.0,Closed -Won,Analytics,13.965606735019588,North America,,,1.0,2.020993543384299
A01007,Drake-Wolfe,True,FinTech,54057.75,51.0,Closed -Won,Core,18.63136019355065,Europe,,,1.0,3.0508473942287253
A01008,"Johnson, Haynes and Meza",True,HealthTech,13927.55,30.0,Closed -Won,Core,14.007545949377272,Europe,,,1.0,1.4199951050354924
A01009,"Thomas, Vaughan and Copeland",True,E -Commerce,5816.57,44.0,Closed -Lost,Core,12.055167877768687,Asia,,,4.0,2.5743495925247686
A01010,Weaver-Thompson,True,E -Commerce,15667.25,31.0,Closed -Won,Core,15.763026613888556,LATAM,,,0.0,2.1000910728285755
A01011,Davis and Sons,True,HealthTech,7813.32,16.0,Closed -Won,API,11.551220566828917,LATAM,,,2.0,2.856808393888293
A01012,"Robinson, Fox and Smith",True,MarTech,11477.78,48.0,Closed -Won,Core,15.600414537841775,LATAM,,,2.0,1.801353082176248
A01013,"Harris, Anderson and Love",True,CyberSecurity,17312.41,15.0,Closed -Won,Core,15.241522802425505,Europe,,,0.0,3.551563567089678
A01014,Brown-Hernandez,True,MarTech,4266.92,19.0,On -Hold,Automation,1.9670071641823421,Asia,,,4.0,22.911711778530744
A01015,"Stark, Schroeder and Mathis",True,MarTech,22204.81,31.0,Closed -Won,Core,1.170567629297342,LATAM,,,5.0,27.927837136679017
A01016,Yu-Brooks,True,FinTech,14841.14,50.0,Closed -Won,Automation,9.536630209074945,Asia,,,0.0,2.118719755533048
A01017,"Foster, Garcia and Turner",True,MarTech,9018.66,23.0,Closed -Won,Automation,14.488886363974958,LATAM,,,1.0,0.9816733016270565
A01018,Daugherty Ltd,True,Logistics,1509.39,30.0,Closed -Lost,Core,12.611703845999804,LATAM,,,1.0,3.95206587004711
A01019,Conner-Yu,True,CyberSecurity,29398.08,3.0,Closed -Won,Core,22.58679073185356,North America,,,1.0,3.8486977265675786
A01020,"Stewart, Mann and Hoffman",True,SMB SaaS,32399.81,7.0,Closed -Won,Premium Support,3.590700793242108,LATAM,,,3.0,18.961470770189326
A01021,"Buchanan, Walker and Chapman",True,HealthTech,30224.89,4.0,Negotiation,Automation,12.210823850649689,North America,,,0.0,2.176784387345825
A01022,Gray Ltd,True,FinTech,7768.87,5.0,Closed -Won,Premium Support,9.865094791840754,LATAM,,,0.0,2.7056625547307367
A01023,"Phillips, Thompson and Smith",True,E -Commerce,20849.75,52.0,Closed -Won,Core,17.916218590382798,LATAM,,,1.0,2.441704808317815
A01024,"Fry, Myers and Gamble",True,HealthTech,33200.65,50.0,Closed -Won,Analytics,12.949901841428666,LATAM,,,3.0,3.515529608278433
A01025,"Johnson, Guzman and Mccall",True,E -Commerce,19556.94,49.0,On -Hold,Core,11.625943798773742,Europe,,,1.0,3.307632707514615
A01026,"Walker, Cunningham and Zuniga",True,SMB SaaS,18399.57,4.0,Closed -Won,Core,15.00889764202718,North America,,,2.0,2.265187356317182
A01027,Rivera Inc,True,EdTech,44828.28,5.0,Closed -Won,Core,15.949156494216961,LATAM,,,3.0,4.277103612411636
A01028,Reed LLC,True,E -Commerce,42830.08,17.0,Negotiation,API,15.901858799628586,LATAM,,,0.0,2.936846522707577
A01029,Fields Inc,True,CyberSecurity,11482.04,34.0,Closed -Won,Analytics,14.059251269178084,Europe,,,0.0,1.6485855048220777
A01030,"Santiago, Daniel and Rogers",True,HealthTech,10044.52,20.0,Closed -Won,Automation,3.973895520993616,LATAM,,,5.0,22.740139881670558
A01031,Baker and Sons,True,SMB SaaS,8507.38,29.0,Negotiation,Core,14.696111227042108,Asia,,,2.0,3.2433415029736077
A01032,"Jones, Scott and Rodriguez",True,HealthTech,2976.99,11.0,Closed -Won,Premium Support,15.00918879688662,LATAM,,,1.0,1.207045773469558
A01033,Williams Group,True,Logistics,38778.92,44.0,Closed -Won,Core,15.274655587704448,North America,,,0.0,1.5902617205415228
A01034,"Barnes, Jackson and Gutierrez",True,CyberSecurity,19357.54,19.0,Closed -Won,Premium Support,17.28335825391664,Asia,,,0.0,1.7604281085451519
A01035,Bell-Bennett,True,HealthTech,11658.83,4.0,Negotiation,API,14.16924458607755,Europe,,,2.0,2.3556533932761505
A01036,Kramer-Lane,True,CyberSecurity,16897.81,44.0,Closed -Won,Core,11.549590202508915,LATAM,,,0.0,1.8065416370384182
A01037,"Perez, Hayes and Lloyd",True,HealthTech,41019.05,54.0,Closed -Won,Automation,13.567124890687897,Asia,,,1.0,0.6830291035198615
A01038,Phillips LLC,True,E -Commerce,136339.13999999998,1.0,Closed -Won,Analytics,11.988015102856927,Europe,,,0.5,8.045083580579302
A01039,Lynn-Jones,True,SMB SaaS,37924.22,26.0,Negotiation,Core,8.640416124845462,LATAM,,,2.0,1.595601351214885
A01040,Barron and Sons,True,SMB SaaS,15822.27,49.0,Closed -Won,Core,8.657743413884116,North America,,,2.0,4.019935268799491
A01041,"Jones, Mcmahon and Spence",True,Logistics,21810.96,42.0,Closed -Won,Premium Support,16.754828364176973,Asia,,,2.0,2.3039900072598396
A01042,Wheeler-Austin,True,MarTech,22669.37,51.0,Closed -Won,Premium Support,1.146291270592409,North America,,,6.0,22.324467025379978
A01043,Bush-Reynolds,True,E -Commerce,42537.65,25.0,Closed -Won,Analytics,10.204399894941579,LATAM,,,1.0,2.6308615141807925
A01044,"Martin, Preston and Moore",True,EdTech,8164.37,22.0,Closed -Won,Core,14.301377812498686,Europe,,,0.0,3.3150562714566263
A01045,Rivera and Sons,True,SMB SaaS,60445.24,42.0,Closed -Won,Core,12.801364661248956,North America,,,1.0,2.5703389962644323
A01046,Terry-Bowen,True,MarTech,5501.46,10.0,Closed -Won,Core,13.217509663275129,Europe,,,0.0,2.2351688339918065
A01047,"Fernandez, Guerrero and Evans",True,Logistics,9449.62,15.0,Closed -Won,API,14.916593026269247,Asia,,,0.0,3.093234091856517
A01048,Williams PLC,True,EdTech,25188.75,36.0,Closed -Won,Analytics,10.121389312967754,North America,,,2.0,4.485972114592053
A01049,"Larsen, Hernandez and Ward",True,CyberSecurity,39306.49,40.0,Closed -Won,Core,10.678347498522797,Europe,,,2.0,1.7302030613951247
A01050,Miller-Colon,True,HealthTech,8490.34,8.0,Closed -Won,Automation,13.096246481236324,North America,,,1.0,2.794926987725014
A01051,"Greene, Gonzalez and Johnson",True,CyberSecurity,4871.85,30.0,Closed -Won,Premium Support,2.535472483922272,North America,,,1.0,36.74186387949073
A01052,Little Inc,True,FinTech,40679.89,22.0,Closed -Won,Core,10.622134682947486,North America,,,1.0,2.5060590204930344
A01053,Anthony-Parker,True,FinTech,11892.04,30.0,Closed -Won,Analytics,5.481466498282421,LATAM,,,3.0,33.37468575212324
A01054,Ruiz-Jacobson,True,EdTech,12545.21,57.0,Closed -Won,Analytics,12.7473170806669,Asia,,,2.0,0.0
A01055,Davis-Stephens,True,MarTech,17608.29,5.0,Closed -Won,Core,12.734547181799464,LATAM,,,1.0,1.7998132822618231
A01056,Watson Group,True,CyberSecurity,15243.79,59.0,Closed -Won,Analytics,14.847976370689702,Asia,,,1.0,2.9995550728085343
A01057,Lopez-Williams,True,EdTech,25737.54,27.0,Closed -Won,Core,13.613275171797502,LATAM,,,0.0,1.2347933767314294
A01058,Marshall-Perez,True,FinTech,5753.97,46.0,Closed -Won,Core,16.512430438717438,Europe,,,0.0,2.9209464430715433
A01059,Elliott-Hernandez,True,EdTech,4329.65,26.0,Negotiation,Automation,11.199732386598,Asia,,,0.0,2.183609164390345
A01060,"Contreras, Miller and Cooper",True,MarTech,21606.81,19.0,Closed -Won,Core,0.8493027527663446,North America,,,8.0,24.401142200838276
A01061,"Gutierrez, Avila and Perez",True,E -Commerce,22453.41,46.0,Closed -Won,API,3.844383300288629,LATAM,,,3.0,24.77136425290713
A01062,Randall PLC,True,CyberSecurity,25672.13,41.0,Closed -Won,Core,14.180708518805039,North America,,,1.0,2.6810315435642615
A01063,Sheppard-Mcdaniel,True,HealthTech,24728.38,9.0,Closed -Won,API,10.277732167707438,Asia,,,0.0,2.420547071198035
A01064,Armstrong-Young,True,E -Commerce,4407.02,42.0,Closed -Won,API,9.836739314899223,North America,,,1.0,3.015900202780414
A01065,Miller-Orr,True,CyberSecurity,24461.37,45.0,Closed -Won,Automation,2.199613576605496,North America,,,2.0,26.898649749275386
A01066,"Johnson, Duncan and Black",True,Logistics,23757.14,23.0,Closed -Won,Core,11.726658298055114,Europe,,,1.0,0.3553339670109761
A01067,"Byrd, Oliver and Martinez",True,E -Commerce,5120.52,55.0,Closed -Won,Analytics,9.642464848979241,LATAM,,,0.0,1.6218791268676807
A01068,Thompson-Joyce,True,Logistics,32313.3,38.0,Closed -Won,Premium Support,16.896023876942188,North America,,,1.0,0.19559757722013416
A01069,Stokes and Sons,True,HealthTech,8260.91,20.0,Closed -Won,Core,12.104615981218723,Europe,,,1.0,2.657364826208634
A01070,Henderson Ltd,True,CyberSecurity,62156.39000000001,1.0,Closed -Won,API,11.03602228395765,Europe,,,3.0,13.063522586127291
A01071,Harris-Carson,True,FinTech,26105.29,40.0,Closed -Won,Core,14.085412373328282,LATAM,,,0.0,2.941702242133042
A01072,Flowers LLC,True,FinTech,6219.97,13.0,Closed -Won,Premium Support,14.88427658616591,Asia,,,0.0,2.489094699229804
A01073,Bartlett-Sloan,True,Logistics,13706.85,45.0,Closed -Won,Core,13.365500761709441,LATAM,,,1.0,2.9679251293892985
A01074,Miller PLC,True,MarTech,12175.95,31.0,Closed -Lost,Core,6.034513266362909,LATAM,,,0.0,0.4233966617325391
A01075,Arnold-Gates,True,E -Commerce,10585.35,28.0,Closed -Won,Premium Support,10.589640526838888,Europe,,,2.0,1.8924330782057124
A01076,"Ellis, Marks and Buchanan",True,E -Commerce,8800.43,10.0,Closed -Won,Core,1.9292823934581311,Asia,,,2.0,19.215760452095033
A01077,"Matthews, Harrington and Rodriguez",True,CyberSecurity,55193.76,42.0,Closed -Won,Core,15.094187411878114,North America,,,1.0,1.641670387194111
A01078,Hernandez PLC,True,HealthTech,25086.98,10.0,Negotiation,Analytics,8.630977932835638,North America,,,2.0,3.6162517359327575
A01079,"Chang, Ayers and Buckley",True,HealthTech,9654.31,25.0,Negotiation,Core,13.839194876418617,North America,,,0.0,3.093237182354694
A01080,"Chan, Floyd and Dillon",True,FinTech,9867.04,50.0,Closed -Won,Analytics,10.633207738357905,Europe,,,0.0,2.662285406474422
A01081,Humphrey-Baker,True,Logistics,20191.5,55.0,Closed -Won,Core,0.022477909131497498,Europe,,,3.0,24.651250269787074
A01082,"Washington, Lynch and Johnson",True,HealthTech,12127.58,59.0,Closed -Won,Analytics,13.941797642900525,Asia,,,1.0,1.0064052155544183
A01083,Powell-Montgomery,True,E -Commerce,21088.87,57.0,Negotiation,API,2.3765479740897777,LATAM,,,5.0,25.241605547465266
A01084,"Steele, Williams and Preston",True,MarTech,6672.3,33.0,Closed -Won,Core,17.200468790562557,Europe,,,0.0,3.1106758318223067
A01085,Vaughn-Williams,True,HealthTech,17560.67,12.0,Closed -Won,Analytics,15.376969697822087,North America,,,0.0,2.4098714892592343
A01086,Mccall-Prince,True,MarTech,27214.5,50.0,Closed -Won,Premium Support,16.581180766911725,LATAM,,,0.0,0.41430921081543803
A01087,Morgan LLC,True,FinTech,16881.8,48.0,Negotiation,Core,12.948972572228485,Europe,,,1.0,2.104610897115835
A01088,Ramirez-Vasquez,True,HealthTech,12804.8,59.0,Closed -Won,Premium Support,22.469352233801438,Asia,,,0.0,0.08667180793365192
A01089,"Cohen, Compton and Perez",True,HealthTech,22588.77,39.0,Closed -Won,Premium Support,2.9775463118267456,Europe,,,3.0,32.08735501832291
A01090,Mccann-Ramos,True,Logistics,2288.64,9.0,Negotiation,Core,0.43989965089648875,LATAM,,,4.0,27.774725056287096
A01091,Adams-Butler,True,E -Commerce,27158.7,30.0,Closed -Won,Analytics,16.70407574824068,Asia,,,0.0,0.7768786001470671
A01092,"Davis, Alexander and Mcintyre",True,SMB SaaS,2715.89,27.0,Closed -Won,Automation,2.7103578439807063,Europe,,,2.0,26.773496600664338
A01093,Figueroa-Malone,True,MarTech,30217.53,50.0,Closed -Lost,API,7.95826914945067,Europe,,,6.0,27.037176377349347
A01094,Nicholson-Robertson,True,HealthTech,12433.48,24.0,Closed -Won,Automation,16.025955973979322,LATAM,,,1.0,2.232398962414211
A01095,Jones Ltd,True,E -Commerce,28666.65,20.0,Closed -Won,Core,7.749328536181878,Europe,,,1.0,4.191707947151051
A01096,"Powell, Deleon and Warren",True,SMB SaaS,33021.38,5.0,Closed -Won,Premium Support,18.7678960836135,North America,,,0.0,2.6349998362559557
A01097,"Johnson, Lee and Whitaker",True,E -Commerce,13062.4,50.0,Closed -Won,Core,13.388327123400154,Europe,,,2.0,1.3550430700726328
A01098,Wright Group,True,FinTech,31392.09,45.0,Closed -Won,API,17.737682546812557,North America,,,1.0,2.5192038674849417
A01099,Hull Ltd,True,EdTech,19255.03,3.0,Closed -Won,Automation,1.1574043677402068,LATAM,,,3.0,26.007293708952353
A01100,Hill Group,True,SMB SaaS,22469.35,26.0,Closed -Won,Core,14.769705510443574,North America,,,0.0,3.2667588218970023
A01101,"Sanders, Leblanc and Maldonado",True,E -Commerce,36391.95,29.0,Closed -Lost,Analytics,12.309493162565454,Europe,,,0.0,2.2809772068304284
A01102,Watson PLC,True,SMB SaaS,20755.27,28.0,Negotiation,API,15.71636045474391,Asia,,,1.0,2.3799232868004485
A01103,Thompson-Harrell,True,E -Commerce,28711.38,55.0,Closed -Won,Premium Support,14.951211357406537,LATAM,,,0.0,0.557631589804706
A01104,"Arnold, Cooper and Monroe",True,FinTech,52382.42,9.0,Closed -Won,Analytics,15.098143392497535,LATAM,,,1.0,2.061351619502952
A01105,Curry-Barker,True,Logistics,28550.18,19.0,Closed -Won,API,10.823174935305525,LATAM,,,0.0,1.9437341457347408
A01106,Johnson-Williams,True,Logistics,12183.17,11.0,Closed -Won,Core,13.829092637544166,Europe,,,1.0,0.9757865447894489
A01107,"Chan, Lewis and Walker",True,CyberSecurity,19698.83,15.0,Closed -Won,Core,13.459498856211978,LATAM,,,2.0,1.778498513611155
A01108,Byrd LLC,True,SMB SaaS,9815.03,54.0,Closed -Won,Core,15.485930125122298,North America,,,1.0,2.4357524435840783
A01109,"Ortiz, Smith and Deleon",True,HealthTech,20333.87,56.0,Closed -Won,Analytics,16.9678909863004,LATAM,,,1.0,1.9956504006559868
A01110,"Smith, Buck and Holland",True,SMB SaaS,13457.36,3.0,Closed -Won,Analytics,14.451427766025844,LATAM,,,1.0,0.5879003084159664
A01111,"Owen, Walker and Franklin",True,HealthTech,21744.65,38.0,Closed -Won,Core,10.171483134834205,Asia,,,1.0,1.7267831668030567
A01112,Marquez-Fletcher,True,SMB SaaS,28957.37,14.0,Closed -Won,Core,14.322736428700305,Asia,,,1.0,1.531975210960126
A01113,Coleman-Bennett,True,HealthTech,9546.02,12.0,Closed -Won,Core,21.833228685227787,North America,,,2.0,2.1935135230311826
A01114,Stevens-Robinson,True,E -Commerce,17195.74,18.0,Closed -Won,Automation,4.408566040799006,Europe,,,5.0,26.903064798231416
A01115,Byrd-Holloway,True,Logistics,7698.51,12.0,Closed -Lost,Core,5.0768013117269035,LATAM,,,3.0,1.5883869378881532
A01116,Silva-Smith,True,FinTech,9942.35,29.0,Closed -Won,Analytics,3.4625051102117816,Europe,,,4.0,23.12084984775607
A01117,"Levy, Franco and Hoffman",True,FinTech,19143.37,59.0,Closed -Won,Automation,2.517388634633457,LATAM,,,10.0,31.743910876826668
A01118,"Lynch, Evans and Rodriguez",True,Logistics,12728.46,35.0,Closed -Won,Automation,13.453018962296062,Asia,,,2.0,2.962976754986563
A01119,Rogers LLC,True,FinTech,40645.81,43.0,Closed -Won,API,12.619727239568348,Europe,,,1.0,2.278640522708186
A01120,"Nguyen, Hill and Douglas",True,E -Commerce,3706.71,30.0,Negotiation,Core,13.199107354749534,Asia,,,0.0,3.423069325290714
A01121,"Evans, Hernandez and Cannon",True,SMB SaaS,46064.26,1.0,Closed -Won,Core,2.6241797308973585,Asia,,,1.0,22.284733346659603
A01122,Trujillo PLC,True,E -Commerce,28588.18,5.0,Closed -Won,Core,10.554590076874973,Asia,,,0.0,3.496682496209152
A01123,Guerrero-Becker,True,MarTech,24901.19,16.0,Closed -Won,Automation,17.56606595482811,North America,,,0.0,3.368627651803056
A01124,"Johnson, Jimenez and Phillips",True,MarTech,27375.01,15.0,Closed -Won,Core,13.832021024905792,Europe,,,2.0,3.562949516740723
A01125,Sullivan-Doyle,True,CyberSecurity,26999.16,50.0,Closed -Won,Core,11.194927177665353,North America,,,2.0,0.846857189528766
A01126,"Erickson, Armstrong and Lee",True,E -Commerce,12015.51,50.0,Closed -Won,Core,17.373050484196085,North America,,,2.0,2.6474262779104683
A01127,"Reeves, Parks and Little",True,E -Commerce,29575.36,51.0,Closed -Won,Analytics,9.364607284665077,North America,,,1.0,3.2183205528638963
A01128,Knox-Powers,True,HealthTech,20245.09,38.0,Closed -Won,Core,12.334369708995249,Europe,,,3.0,3.399027321856619
A01129,"Evans, Jackson and Sandoval",True,CyberSecurity,4335.08,33.0,Negotiation,Core,1.7927405787104775,North America,,,4.0,22.970493377898272
A01130,"White, Davis and Anderson",True,CyberSecurity,10066.92,39.0,Closed -Won,Core,20.431825814708393,Europe,,,0.0,2.6573805249314377
A01131,Hardy-Hansen,True,CyberSecurity,7765.84,25.0,Closed -Won,Analytics,11.94493769408167,Asia,,,0.0,2.075203064950419
A01132,Arroyo LLC,True,FinTech,14650.81,40.0,Negotiation,Core,7.535104338499685,Asia,,,3.0,3.847060233007612
A01133,"Davis, Kelly and Garner",True,CyberSecurity,2754.03,47.0,Closed -Lost,Analytics,0.08683576998563014,Asia,,,6.0,25.04984195620782
A01134,Fisher-Eaton,True,CyberSecurity,26502.37,46.0,Closed -Lost,API,15.366651042214334,North America,,,3.0,1.2307104185771345
A01135,Green-Carter,True,HealthTech,29639.67,37.0,Negotiation,Analytics,3.664450658031637,LATAM,,,4.0,28.61605178267698
A01136,Ruiz Ltd,True,Logistics,11740.87,4.0,Closed -Won,Core,20.829619080328317,LATAM,,,0.0,2.1446162870330823
A01137,"Carpenter, Oliver and Kennedy",True,E -Commerce,22013.52,43.0,Closed -Won,API,1.4832929799941794,North America,,,2.0,37.518979500839485
A01138,Mason Ltd,True,MarTech,41642.47,22.0,Closed -Won,Analytics,14.563767781745456,Asia,,,1.0,1.955658381466708
A01139,Moreno-Gutierrez,True,CyberSecurity,12586.99,44.0,Closed -Won,Core,11.325753597275668,Europe,,,1.0,2.101033322524254
A01140,Taylor and Sons,True,E -Commerce,12592.41,32.0,Closed -Won,Core,18.872082294042077,Asia,,,0.0,2.5502387706232046
A01141,Ortiz-Hudson,True,E -Commerce,14018.8,52.0,Closed -Won,Premium Support,2.8916902715549284,North America,,,4.0,17.865719412296873
A01142,Thomas-Huffman,True,EdTech,25097.5,20.0,Closed -Won,Core,2.242687430921327,LATAM,,,3.0,14.173743337982415
A01143,Maxwell Group,True,SMB SaaS,12409.09,55.0,On -Hold,Analytics,12.74877859353779,North America,,,0.0,2.392211669327814
A01144,Welch-Thompson,True,SMB SaaS,14207.2,50.0,Closed -Won,Core,10.243135283309572,Asia,,,2.0,1.154443347906473
A01145,"Brown, Hayes and Clark",True,HealthTech,24490.22,20.0,Closed -Lost,API,12.604939726487073,LATAM,,,0.0,1.9059532884503316
A01146,Johnston and Sons,True,CyberSecurity,23544.62,29.0,Negotiation,Core,13.300675010064754,North America,,,0.0,2.741932926490246
A01147,Glover-Chan,True,FinTech,11277.0,32.0,Closed -Won,API,16.191969817436355,North America,,,0.0,2.9285761165630952
A01148,Mendez Ltd,True,EdTech,7504.26,46.0,Closed -Won,Core,12.835734994696944,Europe,,,0.0,3.298501656194275
A01149,Powell-Sanford,True,SMB SaaS,13016.16,41.0,Closed -Won,Core,10.197622274484454,North America,,,1.0,2.335436066782794
A01150,Smith-Ferguson,True,HealthTech,15267.77,51.0,Closed -Won,API,9.1886835342299,North America,,,2.0,2.3557857112444407
A01151,"Watson, Smith and Morris",True,MarTech,19368.81,22.0,Negotiation,Core,8.102697907242204,Asia,,,7.0,24.518908173502737
A01152,"Lee, Rhodes and Sims",True,HealthTech,17005.07,30.0,Closed -Won,Core,14.217877560407674,Asia,,,0.0,1.405229786428692
A01153,Perez LLC,True,CyberSecurity,6108.45,26.0,Closed -Lost,Automation,12.337061866360497,LATAM,,,2.0,1.3642209480108378
A01154,Anderson-Reyes,True,MarTech,12194.3,54.0,Closed -Won,Premium Support,12.597630618523787,Asia,,,3.0,1.8752021423456013
A01155,"Torres, Brown and Williams",True,E -Commerce,2936.8,18.0,Closed -Won,Core,15.16546079839751,LATAM,,,2.0,0.7249823004458964
A01156,Bryant-Meyer,True,SMB SaaS,19299.28,35.0,Closed -Won,API,18.171638761068042,North America,,,2.0,2.406900771699909
A01157,"Morgan, Barron and Cowan",True,E -Commerce,7204.75,8.0,On -Hold,Core,11.659566247568037,LATAM,,,0.0,3.049082036168264
A01158,Ferrell-Henry,True,CyberSecurity,4776.89,51.0,Closed -Won,Analytics,14.266708508646298,North America,,,0.0,1.2899563551616458
A01159,Martin Group,True,FinTech,13456.6,23.0,Closed -Won,API,16.87481121201597,Asia,,,0.0,2.435149189885271
A01160,Perez Ltd,True,HealthTech,21376.63,21.0,Closed -Won,API,11.671657129408251,Europe,,,0.0,1.3708689490580066
A01161,Clark Inc,True,SMB SaaS,16690.51,35.0,Closed -Won,Core,13.953103656310084,North America,,,2.0,0.9834244980050739
A01162,"Wagner, Martinez and Dawson",True,Logistics,44507.74,30.0,Closed -Won,Core,13.886013190737001,Europe,,,0.0,4.055561043759667
A01163,Brooks Ltd,True,CyberSecurity,3720.11,51.0,Closed -Won,Analytics,10.066114294869443,LATAM,,,1.0,0.9977668639827577
A01164,Wise-Dean,True,MarTech,3530.05,32.0,Closed -Won,API,14.505496384296869,Asia,,,2.0,0.720680681912155
A01165,"Vang, Stanley and Valdez",True,HealthTech,10633.86,31.0,Closed -Won,Analytics,14.094634035813295,LATAM,,,0.0,2.2147153970553126
A01166,Williams Inc,True,Logistics,28826.06,7.0,Closed -Won,Core,15.665252748788173,North America,,,0.0,2.2685214784607663
A01167,Wallace-Martinez,True,Logistics,11346.13,2.0,Closed -Won,Core,10.439340576017862,Asia,,,1.0,2.667232141189941
A01168,Wells-Hernandez,True,HealthTech,8268.61,24.0,Closed -Won,API,0.2235733269093254,Asia,,,3.0,18.070069985857106
A01169,"Jennings, Smith and Fisher",True,E -Commerce,22332.82,59.0,Closed -Won,Core,18.145202190967424,Europe,,,1.0,1.2228701848053696
A01170,Bates LLC,True,E -Commerce,12246.86,55.0,Closed -Won,Automation,20.23249949573686,LATAM,,,1.0,1.4215631620260996
A01171,"Obrien, Taylor and Rivas",True,MarTech,35776.3,38.0,On -Hold,Analytics,17.840387806914826,Asia,,,1.0,3.6088054973068573
A01172,Hunt PLC,True,SMB SaaS,13771.09,38.0,Negotiation,Automation,10.468785483049274,Europe,,,2.0,2.9391237655057845
A01173,Campbell Inc,True,FinTech,29132.03,24.0,Closed -Won,Core,15.35315804613088,North America,,,1.0,2.800081337761732
A01174,Gonzalez-Gonzalez,True,EdTech,14601.88,11.0,Closed -Won,Core,12.55056027511666,North America,,,1.0,1.410131304492681
A01175,Decker-Dudley,False,FinTech,202314.97,1.0,Closed -Won,Premium Support,9.990544702552603,LATAM,7.9,0.62,1.2,7.914085160226456
A01176,Warner-Phillips,True,CyberSecurity,31979.99,20.0,Closed -Won,Analytics,11.68334988266923,Asia,,,1.0,2.8031828201810356
A01177,Kelley and Sons,True,CyberSecurity,3508.13,19.0,Closed -Won,Core,8.8595796744431,LATAM,,,2.0,2.1895372681193654
A01178,"Fitzpatrick, Rivera and Smith",True,SMB SaaS,2533.39,12.0,Closed -Lost,Premium Support,12.966448283900501,LATAM,,,1.0,1.4150721897665077
A01179,"Davis, Rodriguez and Andrews",True,E -Commerce,3941.64,16.0,Closed -Won,Core,16.167808089830046,Europe,,,2.0,2.106695554388445
A01180,Hernandez-Davis,False,HealthTech,666582.65,2.0,Negotiation,Premium Support,11.752994777955962,Europe,7.8,0.49,1.5,8.386078736691353
A01181,"Jones, Cummings and Conway",True,MarTech,32892.75,36.0,Closed -Won,Core,15.20884357974306,North America,,,0.0,0.9060322473963196
A01182,"Hall, Hinton and Phillips",True,FinTech,48420.86,55.0,Closed -Lost,Automation,14.649050968938134,Europe,,,2.0,1.2002009319365299
A01183,Williams-Li,True,CyberSecurity,15355.72,41.0,Negotiation,Premium Support,15.213582424537133,LATAM,,,0.0,1.3721975649293348
A01184,Phelps LLC,True,CyberSecurity,11868.2,27.0,Closed -Won,Core,5.371604085698651,Asia,,,4.0,26.86116726430569
A01185,"Edwards, Rodgers and Davis",True,Logistics,20736.65,25.0,Closed -Won,Core,6.911121677135377,Asia,,,2.0,26.820730505137217
A01186,Smith and Sons,True,EdTech,9479.65,19.0,Closed -Lost,Analytics,6.1139626709813975,Asia,,,6.0,12.639027075811088
A01187,"Holland, Murphy and Kline",True,EdTech,19943.17,9.0,Closed -Lost,Core,19.22977512460907,North America,,,0.0,2.4614141144174626
A01188,"Adams, Quinn and Watson",True,FinTech,32065.32,36.0,Negotiation,Analytics,14.426093087003418,Asia,,,4.0,2.060841050503429
A01189,White-Morales,True,MarTech,20861.16,34.0,Closed -Won,API,14.127690489361754,North America,,,1.0,2.2769934750803453
A01190,Nelson-Cruz,False,MarTech,2617346.88,1.0,Closed -Won,Core,11.266713720824535,LATAM,8.9,0.55,1.9583333333333333,8.459955611740439
A01191,Marsh-Banks,True,Logistics,14975.33,25.0,Closed -Won,Premium Support,13.34627444505134,Asia,,,3.0,0.3182940537704053
A01192,Wilson Ltd,True,Logistics,52027.46,17.0,Closed -Won,API,12.693932108837592,Asia,,,0.0,3.0715841917546007
A01193,"Brown, Dunlap and Moore",True,HealthTech,22458.84,11.0,Closed -Won,Core,1.3681397174825403,LATAM,,,3.0,16.1187758377558
A01194,Pruitt-Webb,True,EdTech,11103.02,42.0,Closed -Won,Analytics,12.482854394122546,Europe,,,0.0,1.556489628822512
A01195,"Gregory, White and James",True,E -Commerce,9275.64,32.0,Closed -Won,Automation,13.563455211568353,LATAM,,,2.0,2.3404353217035867
A01196,Carr-Huffman,True,EdTech,10849.55,38.0,Closed -Won,Analytics,11.62845588042114,LATAM,,,0.0,1.9245941719960826
A01197,"Mcpherson, Anderson and Knapp",True,FinTech,26968.58,43.0,Closed -Won,Premium Support,14.324035413602953,LATAM,,,2.0,2.4869304410933397
A01198,Clay Group,True,Logistics,18872.58,58.0,Closed -Won,Core,15.752584832528083,Europe,,,1.0,2.1418279184564057
A01199,Brown Ltd,True,CyberSecurity,7320.11,48.0,Negotiation,Core,13.364255420267254,Europe,,,2.0,1.7106677129383785
A01200,Smith-Oneill,True,E -Commerce,30883.07,37.0,Negotiation,Analytics,7.974864689332053,LATAM,,,1.0,3.5287581693762817
A01201,"Saunders, Ray and Cunningham",True,EdTech,51020.29,52.0,Closed -Won,Core,15.771114632166416,North America,,,0.0,2.708065532010135
A01202,"Marks, Stone and Watts",True,Logistics,19543.48,29.0,Closed -Won,Core,14.36055152827928,Asia,,,1.0,2.3021173251356197
A01203,"Davis, Stanley and Wright",True,FinTech,34700.07,59.0,Closed -Lost,Analytics,11.02030564995962,North America,,,1.0,2.6925198408593665
A01204,Alvarado-Davidson,True,MarTech,6499.9,45.0,Closed -Won,Core,16.31981072696982,Asia,,,0.0,1.2946705072925044
A01205,Combs PLC,True,Logistics,14263.2,39.0,Closed -Won,Core,9.804724397852457,North America,,,1.0,4.174771741816684
A01206,"Brown, Schneider and Moore",True,SMB SaaS,5881.36,54.0,Negotiation,Core,0.5777988194801362,LATAM,,,5.0,19.0430078331664
A01207,Christian-Booth,True,EdTech,27722.28,31.0,Closed -Won,Core,13.827900141058361,Europe,,,0.0,2.1131686582934015
A01208,Walton LLC,True,CyberSecurity,16271.64,43.0,Negotiation,Core,7.193404773868009,LATAM,,,0.0,1.7135737213822597
A01209,Rivera LLC,True,HealthTech,2537.86,17.0,Closed -Won,Core,1.891012511408709,Europe,,,1.0,21.039441592215937
A01210,Hunter PLC,True,FinTech,6594.24,57.0,Negotiation,Premium Support,12.781422895727193,Asia,,,1.0,1.5457432436852405
A01211,"Gray, Montoya and Miller",True,EdTech,14910.67,37.0,Closed -Won,Core,4.378113633947621,North America,,,8.0,20.41510865847209
A01212,Solis-West,True,SMB SaaS,3997.22,47.0,Closed -Won,Core,11.786822715631345,Asia,,,1.0,3.1883422048081194
A01213,West-Wilson,True,CyberSecurity,6948.11,28.0,Closed -Won,Premium Support,13.618352627420382,LATAM,,,0.0,0.7952972054171159
A01214,Mcgee-Smith,True,MarTech,32924.22,52.0,Closed -Won,Automation,12.544433956498576,Asia,,,2.0,2.98356389868382
A01215,Gutierrez-Hawkins,True,EdTech,8987.26,5.0,Closed -Won,Core,8.429929270434844,North America,,,2.0,2.648537734720982
A01216,Petersen PLC,True,HealthTech,19371.35,7.0,Closed -Won,Automation,17.816203660031615,North America,,,0.0,1.6191088683206538
A01217,"Walsh, Wu and Hart",True,EdTech,29823.06,30.0,Closed -Won,Automation,13.266927032114584,Europe,,,1.0,2.532607283793853
A01218,"Powers, Clements and Cox",True,HealthTech,26360.48,44.0,Closed -Lost,API,11.804194952365211,Europe,,,1.0,1.8421009823034253
A01219,Velasquez Group,True,HealthTech,42676.65,48.0,Closed -Won,Analytics,10.614728952364008,Asia,,,0.0,0.8989936614906482
A01220,Castro-Harvey,True,CyberSecurity,31340.83,26.0,Closed -Won,Analytics,16.312196202358763,Asia,,,2.0,0.9095663453290936
A01221,Moran-Cox,True,HealthTech,18900.47,39.0,Closed -Won,Premium Support,10.104704092710424,Europe,,,0.0,2.6554415164696907
A01222,Wilson-Malone,True,FinTech,4519.57,33.0,Negotiation,Analytics,14.4019619055739,Asia,,,2.0,2.6035703236850227
A01223,Smith LLC,True,E -Commerce,15431.64,57.0,Closed -Lost,Automation,6.465855516470446,North America,,,4.0,24.35676102214415
A01224,"Brandt, Carter and Boyd",True,EdTech,26511.37,39.0,Closed -Won,Core,12.423741018313002,LATAM,,,1.0,1.6084834606594933
A01225,"Rodriguez, Prince and Vasquez",True,MarTech,7951.78,25.0,Closed -Won,API,10.6893214070723,North America,,,0.0,1.8095684663689786
A01226,"Newton, Ortiz and King",True,HealthTech,33238.3,58.0,Closed -Won,Premium Support,12.13904170243502,LATAM,,,0.0,1.6744468428359736
A01227,Lopez Group,True,HealthTech,16297.48,7.0,Closed -Won,Core,14.026437174520574,Europe,,,0.0,0.2530558648231327
A01228,Bryant and Sons,True,MarTech,26415.52,59.0,Closed -Lost,Core,14.705936679046978,Europe,,,1.0,2.0612532502562795
A01229,"Morgan, Sherman and Williams",True,CyberSecurity,26297.13,10.0,Closed -Won,Automation,2.1000339767416385,Europe,,,6.0,14.991429101969025
A01230,"Monroe, Chapman and Barton",True,MarTech,27141.11,18.0,Closed -Won,API,13.727196792687758,Europe,,,0.0,2.0676087987782057
A01231,Ellis-Lawrence,True,E -Commerce,11292.39,49.0,Closed -Won,API,16.665363292911266,Asia,,,2.0,3.769149172019202
A01232,"Taylor, Porter and Moreno",True,E -Commerce,43053.39,44.0,Closed -Won,Premium Support,0.0,Asia,,,5.0,26.615234791139123
A01233,Tran Group,True,EdTech,37382.98,58.0,Closed -Won,Core,13.981193079224422,Europe,,,2.0,1.3388962831062796
A01234,"Webb, Romero and Morse",True,EdTech,17747.15,45.0,Closed -Won,API,11.14764816379348,Europe,,,1.0,2.13301899568367
A01235,Holt and Sons,True,MarTech,6239.62,38.0,Closed -Lost,API,10.841947483650406,LATAM,,,1.0,2.2437668101924317
A01236,"Ochoa, Garcia and Sandoval",True,FinTech,11665.77,21.0,Closed -Won,Core,14.783034538994302,LATAM,,,0.0,0.0987913749737277
A01237,"Andrade, Gordon and Cruz",False,CyberSecurity,665989.57,1.0,Closed -Won,Automation,11.340753211876654,North America,9.4,0.79,1.5,8.086743077593558
A01238,"Moon, Farmer and Hill",True,E -Commerce,4241.97,8.0,Closed -Won,API,1.4354661559526605,LATAM,,,3.0,23.040758839054256
A01239,Waller-Chavez,True,EdTech,9544.85,18.0,Closed -Won,API,17.972849576209963,Asia,,,2.0,0.0
A01240,Taylor PLC,True,EdTech,274.57,3.0,Closed -Won,API,16.760268542995487,Asia,,,1.0,1.8832907311150782
A01241,"Tanner, Hunt and Cameron",True,EdTech,23248.47,30.0,Closed -Won,Analytics,8.203082130922493,LATAM,,,2.0,1.1914584780613322
A01242,"Valencia, Joseph and Walls",True,CyberSecurity,14313.43,46.0,Closed -Won,API,9.576715615993797,Europe,,,0.0,1.54667673568621
A01243,"Robinson, Clark and Klein",True,Logistics,27429.15,57.0,Closed -Won,Core,3.1113308070189345,Europe,,,5.0,23.04923650333391
A01244,"Reed, Chambers and Zavala",True,FinTech,12875.64,29.0,Closed -Won,Core,13.145378500887592,LATAM,,,0.0,2.4161886786735725
A01245,"Hester, Thompson and Daniels",True,MarTech,4001.9,52.0,Closed -Won,Analytics,2.3413018815267703,Europe,,,4.0,24.16751591498963
A01246,"Morris, Wilson and Bell",True,FinTech,6007.79,59.0,Closed -Won,API,15.849009195623031,North America,,,1.0,2.2650235741702827
A01247,Aguilar-Bender,True,MarTech,15766.54,51.0,Closed -Won,Automation,14.898396571561994,LATAM,,,0.0,0.0
A01248,"Butler, Adkins and Skinner",True,HealthTech,15666.16,28.0,Negotiation,Analytics,10.934411924523689,North America,,,1.0,2.2855960373327986
A01249,Rich-Henderson,True,EdTech,9497.44,20.0,Closed -Won,Automation,15.474320884593414,Asia,,,0.0,1.8053612078009649
A01250,Mills Inc,True,MarTech,9184.46,58.0,Closed -Won,Premium Support,10.1727081357486,Europe,,,0.0,0.8989874652458969
A01251,Thomas-Santiago,True,EdTech,28372.84,15.0,Negotiation,Analytics,5.090085086522908,Europe,,,4.0,31.3344300617172
A01252,Adams and Sons,True,MarTech,2895.5,25.0,Closed -Won,Analytics,2.8437099963784553,North America,,,2.0,16.948416569035
A01253,Vega-Thomas,True,Logistics,20371.73,5.0,Closed -Won,Premium Support,11.525508269727222,North America,,,0.0,1.3315065181068624
A01254,Vaughn LLC,True,Logistics,13152.69,47.0,Closed -Won,Core,16.414032284396946,Asia,,,0.0,0.35626718918810907
A01255,Molina Inc,True,FinTech,28312.03,39.0,Closed -Won,API,1.875390848886912,LATAM,,,4.0,29.624427552735614
A01256,Cervantes-Garcia,True,MarTech,53832.1,6.0,Closed -Won,Analytics,3.8385493268005186,Asia,,,5.0,21.885186685351297
A01257,"Stevenson, Hancock and Newton",True,Logistics,5305.15,14.0,Closed -Won,Analytics,15.651239569073878,Asia,,,1.0,1.8444965307401904
A01258,"Price, Dixon and Robles",True,E -Commerce,25164.15,33.0,Closed -Won,Automation,12.704512040926996,North America,,,1.0,1.4839944363625208
A01259,"Roberts, Beck and House",True,HealthTech,24327.79,32.0,Closed -Won,Core,1.0206947071431995,Europe,,,5.0,29.115260000521843
A01260,Butler-French,True,E -Commerce,8331.68,48.0,Closed -Won,Core,9.478296319905658,Asia,,,2.0,2.567899527128155
A01261,"Edwards, Arnold and Smith",True,HealthTech,11013.15,16.0,Closed -Won,Core,13.998411459482405,Europe,,,3.0,2.462826046145924
A01262,Harris-Melton,True,FinTech,13905.22,55.0,Closed -Won,Automation,14.130731989491835,LATAM,,,1.0,2.199593402760192
A01263,Greer-Pruitt,True,CyberSecurity,23638.55,27.0,Closed -Won,Core,19.396993330534244,LATAM,,,2.0,2.816487784344106
A01264,"Mckinney, Richardson and Chapman",True,E -Commerce,17198.83,49.0,Closed -Won,API,3.880221406531236,LATAM,,,6.0,23.423644838464607
A01265,"Morrison, Parsons and Brandt",True,Logistics,38585.29,15.0,Closed -Lost,Core,13.157349622676662,Asia,,,2.0,0.905440764941432
A01266,Cole-Lucero,False,EdTech,441291.2,3.0,Closed -Won,Analytics,14.127290332707917,Asia,8.5,0.89,0.8181818181818182,3.4703963308721866
A01267,Lopez and Sons,True,Logistics,15427.25,4.0,Closed -Won,Analytics,3.8151941108432683,LATAM,,,3.0,21.93222916216251
A01268,"Palmer, Bennett and Patterson",True,MarTech,19844.3,22.0,Closed -Lost,Core,3.9507251673284047,LATAM,,,2.0,30.250501308752057
A01269,"Baker, Martin and Singleton",True,CyberSecurity,12567.75,57.0,Closed -Won,Core,0.19115566854523802,Europe,,,0.0,15.942010859632283
A01270,Rivera Ltd,True,FinTech,6728.51,3.0,Closed -Won,Core,1.419505708111523,North America,,,5.0,28.774314810063558
A01271,Williams LLC,True,FinTech,33736.8,22.0,Closed -Won,Core,8.522438702500544,LATAM,,,0.0,2.8008534306178623
A01272,"Williams, Randolph and Gilbert",True,Logistics,19273.23,7.0,Negotiation,Analytics,5.214290015308018,North America,,,2.0,23.738197631278336
A01273,"Turner, Tyler and Pierce",True,Logistics,2896.95,55.0,Closed -Won,Analytics,6.308200207167225,LATAM,,,4.0,24.122526516295864
A01274,Bowers LLC,True,SMB SaaS,9893.98,40.0,Closed -Won,Core,14.354116500971221,Europe,,,2.0,3.448898526142031
A01275,"Robinson, White and Jones",True,EdTech,8051.06,45.0,Closed -Won,Core,11.636995392728805,Asia,,,1.0,0.9398321051320389
A01276,"Moore, Daniels and Powell",True,FinTech,44645.58,43.0,Closed -Won,Analytics,12.56122704485448,Asia,,,0.0,1.0351728780371334
A01277,Walker-Lewis,True,SMB SaaS,13345.49,39.0,Closed -Won,Premium Support,12.64338382082702,LATAM,,,0.0,3.124295273688533
A01278,Rivera-Carter,True,E -Commerce,39642.14,46.0,Closed -Won,API,13.855504453128884,LATAM,,,1.0,2.027604896838709
A01279,"Moreno, Barajas and Colon",False,HealthTech,2835551.07,1.0,Closed -Won,API,13.347714386115745,Europe,7.8,0.83,1.3333333333333333,4.5453819784073595
A01280,"Smith, Caldwell and Griffin",True,Logistics,21345.99,52.0,Closed -Won,Analytics,10.814641730188605,Europe,,,1.0,2.5519246267564704
A01281,"Austin, Oliver and Haley",True,SMB SaaS,9599.68,44.0,Closed -Won,Automation,14.257299331843516,North America,,,0.0,1.561533038312015
A01282,"Blackwell, James and Hogan",True,EdTech,13208.76,44.0,Closed -Won,Core,17.202449648793834,North America,,,0.0,1.1624745045272653
A01283,Cruz PLC,True,Logistics,5103.89,24.0,Closed -Won,Analytics,4.031312092213612,LATAM,,,3.0,21.152972749831793
A01284,"Campbell, Pruitt and Short",True,Logistics,30774.03,48.0,Closed -Won,Core,12.170538685284134,Asia,,,0.0,2.3215493610260163
A01285,Robertson-Hicks,True,E -Commerce,30971.58,23.0,Closed -Won,API,13.630560784719124,North America,,,0.0,2.2058154966306627
A01286,Williams-Villanueva,True,CyberSecurity,21351.83,3.0,Negotiation,Automation,7.848101688930384,Europe,,,0.0,3.5167467666559507
A01287,Flores Inc,True,EdTech,17126.41,54.0,Closed -Won,API,1.80898136177026,LATAM,,,5.0,25.34984822478932
A01288,Jackson PLC,True,SMB SaaS,14629.71,14.0,Closed -Won,Core,0.8280432333769183,LATAM,,,2.0,23.323655034578746
A01289,"Smith, Jones and Santiago",True,SMB SaaS,44442.33,7.0,On -Hold,API,11.199618925980463,LATAM,,,0.0,3.4396335305269163
A01290,Hancock Group,True,SMB SaaS,34113.48,37.0,Closed -Won,API,11.743704943004097,LATAM,,,0.0,2.9856467932775907
A01291,Harris Ltd,True,CyberSecurity,19346.07,14.0,Closed -Won,Core,12.76929649538106,North America,,,0.0,2.144898303762739
A01292,"Rowe, Lucas and Case",True,FinTech,11173.87,51.0,Closed -Won,Core,16.97737482801947,Europe,,,2.0,0.4389872774186896
A01293,"Parks, Johnson and Love",True,EdTech,10334.83,27.0,Closed -Won,API,17.27618125034028,Europe,,,0.0,1.1881452177167675
A01294,Miller Inc,True,MarTech,167482.55,1.0,Closed -Lost,Analytics,9.20587601484473,North America,,,3.4,5.95820081256943
A01295,Bauer PLC,True,SMB SaaS,8653.73,57.0,Closed -Won,Core,12.44576788026982,Europe,,,0.0,2.0364517768993693
A01296,Andrews and Sons,True,E -Commerce,15405.05,31.0,Negotiation,Automation,12.522230128134266,Europe,,,0.0,1.4916588854584558
A01297,Russell-Hayes,True,E -Commerce,24215.31,16.0,Closed -Won,Premium Support,16.428636546650374,Asia,,,3.0,3.6029048928422998
A01298,Hamilton-Smith,True,HealthTech,29175.11,40.0,Closed -Won,Core,14.43651965789485,Europe,,,0.0,0.4285627862259913
A01299,"Wilson, Smith and Cortez",True,Logistics,20498.91,32.0,Negotiation,Premium Support,14.278369587923125,Asia,,,1.0,0.8386602830872871
A01300,Avila PLC,False,EdTech,52044.43,2.0,Closed -Won,Analytics,12.18063834389435,LATAM,,,1.6666666666666667,11.498079304557995
A01301,Haynes Inc,True,FinTech,16772.75,45.0,Closed -Lost,Analytics,12.210759774767205,LATAM,,,2.0,2.5214360497641697
A01302,Reilly-Rodriguez,True,SMB SaaS,14040.37,24.0,Closed -Lost,API,18.091659723062172,Asia,,,0.0,0.0
A01303,"Turner, Miller and Hubbard",True,HealthTech,6784.3,42.0,Closed -Won,Premium Support,0.0,Asia,,,7.0,26.054651495440268
A01304,James-Short,True,FinTech,26830.13,53.0,Negotiation,API,11.43226266142426,North America,,,2.0,1.7363963068593857
A01305,Wells PLC,True,FinTech,11377.25,37.0,Negotiation,Core,13.31107926860648,Europe,,,0.0,3.3560436314849675
A01306,Taylor Group,True,MarTech,5735.9,40.0,Closed -Won,Core,17.695784972623617,LATAM,,,1.0,3.8877608852169696
A01307,"Phillips, Walters and Evans",True,FinTech,7370.0,16.0,Negotiation,Analytics,12.724573592048683,Asia,,,0.0,1.585502509836974
A01308,"Wong, Bernard and Smith",True,Logistics,19196.48,15.0,Closed -Won,Core,3.3867909687232918,North America,,,6.0,22.271020262774048
A01309,"Thomas, Williams and Armstrong",True,E -Commerce,25907.74,25.0,Closed -Won,Core,12.123962621685436,Europe,,,2.0,1.163134242715357
A01310,Medina-Arroyo,True,EdTech,18724.78,51.0,Closed -Won,Analytics,11.703008909668082,North America,,,2.0,2.6332063998861224
A01311,Clark-Figueroa,True,FinTech,15030.64,31.0,Closed -Lost,Core,2.8550502477319974,North America,,,3.0,14.259518815256131
A01312,"Cooper, Gutierrez and Brewer",True,MarTech,16000.02,21.0,Closed -Won,Core,11.378082318062777,Asia,,,1.0,3.25602073738005
A01313,"Thomas, White and Jensen",True,HealthTech,8879.66,46.0,Closed -Won,Automation,3.559414816769926,North America,,,1.0,20.90952978078624
A01314,Lee-White,True,SMB SaaS,31339.46,51.0,Closed -Won,Core,15.054877997070047,Asia,,,3.0,1.1614682948647754
A01315,"Phelps, York and Randolph",True,EdTech,7486.12,54.0,Closed -Won,API,11.379218196597224,Asia,,,0.0,2.008197004309821
A01316,"Murray, Dunn and Roberts",True,MarTech,20891.12,18.0,Closed -Won,Analytics,13.785671768016998,Asia,,,0.0,3.3807867044335773
A01317,King and Sons,True,FinTech,29946.95,42.0,Negotiation,Premium Support,12.353677128321388,North America,,,0.0,1.5994829016533816
A01318,"Carpenter, Lynn and Howard",True,HealthTech,19660.84,35.0,Closed -Won,Core,15.046929670007179,North America,,,3.0,0.18457097065224692
A01319,"Rios, Garcia and Harvey",True,HealthTech,24643.93,27.0,On -Hold,Core,0.9151133598785512,Europe,,,7.0,29.2609748695945
A01320,Stewart Group,True,FinTech,9546.57,24.0,Closed -Won,API,12.887886191337733,LATAM,,,0.0,1.7209742465116609
A01321,Jensen-Torres,True,CyberSecurity,20419.27,7.0,Closed -Won,Analytics,15.601328821575521,Asia,,,0.0,0.17870183873050238
A01322,"Hernandez, Knight and Aguirre",True,SMB SaaS,28766.55,17.0,Closed -Won,Automation,3.1931094925996666,Europe,,,2.0,22.60280836935698
A01323,Jackson-Edwards,True,SMB SaaS,26960.33,33.0,Closed -Won,Core,14.07217310918954,North America,,,0.0,2.506004663255398
A01324,Joseph Ltd,True,EdTech,28983.34,53.0,Closed -Won,Core,13.504384637805428,Asia,,,1.0,3.8598926148183104
A01325,Hill-Ward,True,Logistics,13383.49,52.0,Negotiation,Core,11.427747660945338,Asia,,,0.0,0.6676230431568875
A01326,"Quinn, Humphrey and Ford",True,E -Commerce,32459.66,12.0,Negotiation,API,5.305978610684779,LATAM,,,1.0,24.673464938308516
A01327,Hampton-Tucker,True,FinTech,18153.65,41.0,Closed -Won,Core,13.133774750241834,LATAM,,,2.0,2.966836151175877
A01328,Thompson PLC,True,FinTech,12857.3,6.0,On -Hold,Core,11.285599748783822,Asia,,,4.0,2.51962093093531
A01329,Wilkinson and Sons,True,E -Commerce,42643.74,40.0,Negotiation,API,17.042519786744897,Europe,,,1.0,0.9931983671558755
A01330,"Gonzalez, Gross and Sims",True,MarTech,2996.3,21.0,Closed -Won,Core,6.483447657400307,North America,,,5.0,19.52092507728863
A01331,"Jones, Smith and Hunter",True,FinTech,17207.01,27.0,Closed -Won,Core,13.315703127970282,LATAM,,,0.0,2.097196752283815
A01332,Hess PLC,True,SMB SaaS,9997.39,43.0,Closed -Won,Core,18.020169844238893,Europe,,,4.0,2.090177659846292
A01333,Hammond-Lewis,True,CyberSecurity,26854.24,26.0,Closed -Won,Automation,5.01493346733165,Asia,,,2.0,18.85892048694449
A01334,Arnold PLC,True,E -Commerce,9379.6,48.0,Closed -Won,Analytics,17.818462411187266,Asia,,,0.0,3.2916370135332556
A01335,"Kennedy, Rowe and Diaz",True,SMB SaaS,4339.61,32.0,Closed -Won,Analytics,11.359436152591348,Europe,,,1.0,1.5992484175079396
A01336,Vance PLC,True,SMB SaaS,12216.49,59.0,Closed -Lost,Analytics,14.63459761824656,Europe,,,2.0,0.10629925588096323
A01337,"Vincent, Anderson and Mason",True,SMB SaaS,13196.11,38.0,Negotiation,Premium Support,12.235808737637868,Europe,,,3.0,1.7759434854951626
A01338,Sanders PLC,True,EdTech,10810.86,18.0,Closed -Won,Core,11.230996878642728,LATAM,,,2.0,2.480273348245706
A01339,Bates PLC,True,SMB SaaS,5849.96,46.0,Negotiation,Core,17.941659577905305,LATAM,,,0.0,2.341961152061046
A01340,"Martin, Palmer and Griffin",True,E -Commerce,14926.54,25.0,Closed -Won,Automation,19.568649702185855,LATAM,,,0.0,2.334222587139946
A01341,Knight PLC,True,CyberSecurity,3549.02,32.0,Closed -Lost,Analytics,13.336323048046765,LATAM,,,0.0,3.4939890143566776
A01342,"Brennan, Thomas and Dennis",True,Logistics,14909.44,9.0,Closed -Won,Premium Support,15.006424106582884,Asia,,,1.0,0.8852094282978757
A01343,Williams-Juarez,True,HealthTech,15361.01,8.0,Closed -Won,API,14.1709737549875,Europe,,,2.0,1.5762916516493255
A01344,Brown LLC,True,MarTech,39874.18,34.0,On -Hold,API,19.191520512058567,North America,,,0.0,3.5450540380104028
A01345,Williams and Sons,True,HealthTech,19120.15,12.0,Closed -Won,Analytics,4.81073608329315,Asia,,,3.0,18.808906934651393
A01346,"Velez, Ward and Harrison",True,EdTech,3733.1,59.0,Closed -Won,Core,15.13137032381066,Asia,,,3.0,1.9463055527972306
A01347,Keith-Williams,True,MarTech,22532.08,51.0,Closed -Won,Premium Support,11.8186210575682,LATAM,,,0.0,3.228921115237034
A01348,"Nguyen, Padilla and Boyd",True,Logistics,43857.94,42.0,Closed -Won,Analytics,2.0892010383187047,Europe,,,6.0,32.85703782599666
A01349,Davenport-Baker,True,Logistics,9458.83,44.0,Closed -Won,Core,1.4715037120299033,Europe,,,6.0,36.23719417955918
A01350,"Hudson, Bennett and Gray",True,MarTech,15404.78,36.0,On -Hold,Core,19.54414637273166,Europe,,,0.0,2.685439301761694
A01351,"Valdez, Houston and Black",True,EdTech,13312.03,4.0,Closed -Won,Core,4.838336366616338,North America,,,4.0,20.105365356300005
A01352,Kaufman-Walker,True,E -Commerce,16030.74,24.0,Closed -Won,Core,2.8992359890325163,LATAM,,,3.0,25.41888148904831
A01353,Gomez-Parrish,True,SMB SaaS,15655.44,30.0,Closed -Won,Core,17.5960165911901,Europe,,,2.0,0.7999382887142059
A01354,Sparks-Eaton,True,SMB SaaS,15219.46,55.0,Closed -Won,Core,13.961909592141433,Europe,,,1.0,0.859586980626625
A01355,Shaw and Sons,True,HealthTech,10248.12,13.0,Closed -Won,Automation,14.361366855233875,LATAM,,,2.0,2.3878741311637457
A01356,Martin-Jones,True,HealthTech,14048.0,30.0,Closed -Won,Analytics,8.851106280376666,Asia,,,2.0,1.5069855042828004
A01357,"Campbell, Hernandez and Moore",True,CyberSecurity,17230.72,21.0,Closed -Won,Core,11.85150841048206,North America,,,1.0,2.206696699039759
A01358,"Love, Wilson and Hall",True,EdTech,18500.5,8.0,Closed -Won,Core,16.721022872989987,Asia,,,2.0,2.4307670792802267
A01359,Cortez-Olson,True,HealthTech,20636.75,7.0,Closed -Won,Automation,14.182037291111202,LATAM,,,1.0,3.778109739375549
A01360,Mendoza-Garza,True,FinTech,34991.06,22.0,Closed -Won,API,15.102024324331046,Asia,,,0.0,2.4337245855664094
A01361,"Whitaker, Johnson and Williams",True,MarTech,24536.81,5.0,Closed -Won,Core,4.109008168288214,Europe,,,5.0,14.579492034939872
A01362,"Vargas, Taylor and Hunt",False,MarTech,885432.44,4.0,Closed -Won,Automation,11.872944334089881,Asia,7.5,0.67,1.1428571428571428,5.598587033847197
A01363,"Thomas, Jackson and Nielsen",True,E -Commerce,13003.72,21.0,Closed -Won,Core,12.708440506434197,LATAM,,,0.0,1.1682457999178877
A01364,"Mullen, Greene and Elliott",True,HealthTech,56106.73,12.0,Closed -Lost,Core,18.816230128958928,LATAM,,,3.0,2.913155524376041
A01365,Johns Ltd,True,CyberSecurity,3606.67,33.0,Closed -Won,Core,14.400509666620197,LATAM,,,0.0,2.064627919569255
A01366,"Nicholson, Valentine and Robinson",True,CyberSecurity,20470.88,2.0,Closed -Won,Premium Support,19.082596923742393,Europe,,,1.0,2.400543816156948
A01367,"Haney, Dillon and Jackson",True,MarTech,27556.54,18.0,Closed -Won,Automation,10.32506573222555,LATAM,,,2.0,0.21934602288531968
A01368,Burke-Norton,True,HealthTech,17337.49,27.0,Closed -Won,API,14.553956622892581,Asia,,,1.0,0.0
A01369,Hanson PLC,True,E -Commerce,9794.96,57.0,Closed -Won,Analytics,12.818939648229591,Asia,,,0.0,0.4985757675865674
A01370,Jackson-Jennings,True,CyberSecurity,22339.14,38.0,Closed -Won,Core,14.418417007550119,North America,,,1.0,3.745770855698467
A01371,Carlson-Jones,True,EdTech,7330.97,52.0,Closed -Won,Core,17.667128787998383,LATAM,,,0.0,0.8518451771529094
A01372,Cruz-Rodriguez,True,EdTech,27668.61,21.0,Closed -Won,Core,15.136428816073837,Asia,,,1.0,2.7323098019889316
A01373,Mills PLC,True,E -Commerce,6746.99,27.0,Closed -Won,Automation,17.661148070080813,LATAM,,,3.0,1.3580922010892946
A01374,"Barnes, Hernandez and Davis",True,EdTech,37313.3,25.0,Closed -Won,API,11.989336720178164,Europe,,,2.0,1.7599699007807597
A01375,Valenzuela-Greene,True,MarTech,22390.61,53.0,On -Hold,Analytics,11.53149662742885,Europe,,,0.0,1.9552797449307404
A01376,"Gordon, Wilson and Olson",True,EdTech,17911.99,57.0,Closed -Won,Premium Support,14.048315219411798,LATAM,,,0.0,3.6437784278114957
A01377,Winters PLC,True,EdTech,14613.08,57.0,Closed -Lost,Core,13.884043464826744,LATAM,,,0.0,2.5845055307914246
A01378,Prince Ltd,True,CyberSecurity,15823.16,45.0,Closed -Won,Core,13.442421893527422,Europe,,,1.0,2.3850331403203513
A01379,"Reynolds, Fisher and Golden",True,MarTech,8016.64,30.0,Closed -Won,Core,11.124104822987944,Europe,,,2.0,3.2966984321111963
A01380,"Moreno, Perez and Lang",True,MarTech,17080.03,32.0,Closed -Won,Premium Support,0.05434980306062931,Europe,,,3.0,26.65719571715445
A01381,Bell-Ballard,True,CyberSecurity,12218.56,58.0,Negotiation,Core,12.911488398099538,North America,,,0.0,3.0683429769514334
A01382,"Johnston, Coleman and Scott",True,EdTech,11433.8,17.0,Closed -Won,Core,18.278234366638046,North America,,,1.0,2.9013025951587315
A01383,Kent Inc,True,FinTech,53862.47,21.0,Closed -Won,Core,14.038230095612175,North America,,,2.0,2.889899363243533
A01384,George-Stephens,True,Logistics,12399.34,53.0,Closed -Lost,Premium Support,15.945286792442134,Europe,,,3.0,1.8449832970884923
A01385,Lopez-Fletcher,True,FinTech,13726.15,23.0,Closed -Won,Core,15.673128928891048,LATAM,,,1.0,1.5626851042225713
A01386,Lane Inc,True,E -Commerce,31394.43,14.0,Closed -Won,API,11.527175778947443,Europe,,,1.0,1.1301763548305845
A01387,"Smith, Pena and Watts",True,EdTech,7977.75,34.0,Closed -Won,Automation,15.101608764657467,Asia,,,1.0,1.192817635033462
A01388,Ortiz-Rodriguez,True,HealthTech,36707.47,20.0,Closed -Won,API,19.784998833401318,North America,,,1.0,1.0829868489415082
A01389,Pearson-King,True,FinTech,13382.8,53.0,Closed -Won,Core,14.754836759301071,Europe,,,1.0,2.366847761826076
A01390,"Henderson, Diaz and Hill",True,SMB SaaS,8997.7,54.0,Closed -Won,Core,2.113861755797682,North America,,,5.0,9.667689341521406
A01391,"Sanders, Harris and Arnold",True,MarTech,3527.31,19.0,Closed -Won,Core,16.079815533776554,Europe,,,4.0,2.4314001976800195
A01392,"Olson, Wood and Peters",True,EdTech,33830.52,32.0,Closed -Won,Automation,14.921148975094962,LATAM,,,5.0,2.487882019652804
A01393,Hinton-Lane,True,CyberSecurity,10913.93,59.0,Closed -Won,Automation,14.55943615317424,Europe,,,1.0,0.9402439457116669
A01394,"Sanders, Taylor and Shields",True,FinTech,13120.87,44.0,Closed -Won,Core,15.6419466773639,Europe,,,1.0,0.9102314678907706
A01395,Adkins Group,True,E -Commerce,13279.39,13.0,Closed -Won,Core,16.28984763942684,LATAM,,,2.0,1.7713396168266875
A01396,"Avery, Garcia and Romero",True,MarTech,10888.51,35.0,Closed -Won,Core,9.943507828846782,Asia,,,0.0,1.2248792763862189
A01397,Owen-Mendez,True,E -Commerce,22264.86,37.0,Closed -Won,Analytics,14.741908667289364,North America,,,0.0,1.1195878604737142
A01398,"Mann, Martin and Oconnell",True,FinTech,28896.56,39.0,Closed -Won,Core,13.447766357758049,North America,,,1.0,3.6956870090748706
A01399,Brock and Sons,False,SMB SaaS,2007218.73,2.0,On -Hold,Analytics,12.473270911392454,North America,7.0,0.6,1.7916666666666667,4.351283915031808
A01400,Frost-Graham,True,HealthTech,38663.69,18.0,Negotiation,Core,17.88789313708572,LATAM,,,0.0,4.02306442727801
A01401,Baker LLC,True,CyberSecurity,17637.97,51.0,Negotiation,Core,11.80056125580844,Asia,,,0.0,2.2888763833590886
A01402,Lynch Ltd,True,CyberSecurity,27839.91,15.0,Closed -Won,Analytics,9.815692819069994,North America,,,0.0,2.986238283017926
A01403,Arias-Morales,True,EdTech,45583.15,18.0,Closed -Won,Premium Support,16.38714867615756,North America,,,0.0,2.8683328173302316
A01404,"Meyer, Dawson and Harper",True,HealthTech,30612.49,20.0,Closed -Won,Core,9.738818430338332,LATAM,,,3.0,2.616959177266036
A01405,Bowman Group,True,EdTech,18314.43,11.0,Negotiation,Automation,8.216170766124309,Asia,,,0.0,3.6618317991431857
A01406,Harris Ltd,True,Logistics,22521.23,10.0,Closed -Won,Analytics,2.9226234658394223,LATAM,,,5.0,29.056258744935967
A01407,"Mitchell, Johnson and Greene",True,SMB SaaS,36999.7,21.0,Closed -Lost,Analytics,14.476166751687465,Asia,,,1.0,1.8436216222215913
A01408,"Hale, Gilbert and Craig",True,SMB SaaS,2666.83,52.0,Negotiation,Analytics,15.418158882106328,LATAM,,,0.0,1.1471530874992526
A01409,Allen-Smith,False,HealthTech,1974467.9,1.0,Closed -Won,API,13.080611113506384,North America,8.9,0.95,1.2083333333333333,4.955930177977565
A01410,Miller LLC,True,E -Commerce,1980.68,17.0,Closed -Won,Analytics,9.846781605172943,Europe,,,1.0,1.3387588814417763
A01411,Gomez-Foster,True,HealthTech,6412.43,4.0,Closed -Won,Core,10.442638359146997,Asia,,,1.0,3.8725477782238213
A01412,"Gonzalez, Smith and Padilla",True,CyberSecurity,1226.57,34.0,Closed -Lost,Automation,13.183433301706149,LATAM,,,0.0,1.8265333025822854
A01413,Dunn Ltd,True,MarTech,13663.28,15.0,Closed -Won,Core,10.182791426245874,North America,,,1.0,3.9835157133335595
A01414,"Herman, Bailey and Richmond",True,CyberSecurity,43076.62,47.0,Closed -Won,Core,14.92115872113696,North America,,,0.0,4.085827163443204
A01415,Perez-Mccarty,True,CyberSecurity,34203.97,35.0,Closed -Won,Core,1.3230200877562854,LATAM,,,4.0,18.516750198656823
A01416,Spears-Andrews,True,SMB SaaS,8997.91,47.0,Closed -Won,Analytics,14.555108142095916,Europe,,,0.0,3.905493019098306
A01417,Thompson-Hunter,True,MarTech,22398.71,38.0,Closed -Won,Automation,14.465444384679293,LATAM,,,2.0,4.358131865333807
A01418,"Jones, Phillips and Arroyo",True,EdTech,7609.18,26.0,Closed -Won,Analytics,15.16039866327358,Europe,,,2.0,2.325167541055724
A01419,"Frye, Walter and Li",True,E -Commerce,17699.47,51.0,Closed -Won,Analytics,15.498447581866996,Europe,,,1.0,2.2283282336866734
A01420,"Wright, Ramos and Bennett",True,HealthTech,39714.02,29.0,Closed -Won,Core,3.6889549534501063,LATAM,,,3.0,30.545825600944752
A01421,Carrillo-Todd,True,FinTech,5717.76,57.0,Closed -Won,Premium Support,5.163567334328247,North America,,,6.0,28.899681466142404
A01422,Maldonado-Mosley,True,E -Commerce,20175.35,59.0,Closed -Won,Core,0.9076887430296394,Europe,,,6.0,20.38326719916397
A01423,Olson LLC,True,Logistics,27223.16,35.0,Closed -Won,Core,6.713329072719905,Europe,,,2.0,2.752182565153418
A01424,Reyes and Sons,True,E -Commerce,10501.25,40.0,Closed -Won,Automation,15.93957723757847,Asia,,,0.0,1.5341821447034616
A01425,"Haynes, Mcbride and Gutierrez",True,Logistics,20049.4,16.0,Closed -Won,Automation,14.449826588660754,LATAM,,,0.0,0.6223757621912893
A01426,Black-Smith,True,HealthTech,8739.69,49.0,Closed -Won,Core,15.692146595730712,Europe,,,1.0,2.3636187975725265
A01427,Wright-Davis,True,MarTech,18370.85,40.0,Closed -Won,Analytics,0.997264483314841,Europe,,,5.0,20.080218400593388
A01428,"Goodman, Peterson and Spencer",True,E -Commerce,18371.67,54.0,Closed -Won,Automation,13.05268047451282,North America,,,0.0,1.4107265025286613
A01429,Woods LLC,True,EdTech,4959.53,16.0,On -Hold,Core,10.72541163030326,North America,,,0.0,1.8572467696858286
A01430,Shannon LLC,True,FinTech,4146.33,47.0,Closed -Won,Premium Support,16.233804128638624,Europe,,,1.0,1.6278567804661253
A01431,Valentine Ltd,True,FinTech,3515.97,28.0,Negotiation,Core,9.784650373794518,Asia,,,0.0,3.1100424925166923
A01432,Porter and Sons,True,SMB SaaS,23381.36,11.0,Closed -Won,Analytics,11.214035654233037,North America,,,0.0,1.8332584604766564
A01433,Moss LLC,True,E -Commerce,20819.38,11.0,Closed -Won,Core,15.602942384815943,North America,,,0.0,3.1604496378767175
A01434,Perez and Sons,True,EdTech,17105.94,34.0,Closed -Won,Core,12.111876403168257,LATAM,,,0.0,2.2060162489421535
A01435,"Kelly, Maxwell and Wilson",True,EdTech,13962.11,19.0,On -Hold,Core,4.668838484550299,North America,,,4.0,31.41126151169351
A01436,Lowe Ltd,True,FinTech,28677.09,7.0,Closed -Won,Core,16.72015828862055,Asia,,,1.0,2.158220486286794
A01437,Austin-Duran,True,SMB SaaS,12759.31,26.0,Closed -Won,Premium Support,16.843135269775605,Asia,,,0.0,0.7083701359792662
A01438,"Rubio, Charles and Watson",True,FinTech,9397.74,39.0,Closed -Won,Analytics,16.166213577622997,Asia,,,2.0,2.3380771894706958
A01439,Vasquez-Galloway,True,Logistics,6266.21,19.0,Negotiation,Core,0.0,Europe,,,1.0,28.274331971541862
A01440,"Melton, Henry and Joyce",True,HealthTech,16340.76,57.0,On -Hold,Analytics,0.7130313087030702,Europe,,,6.0,23.833172132026597
A01441,"Ramirez, Walker and Ray",True,EdTech,18968.91,46.0,Closed -Won,Core,13.386221076090154,Europe,,,0.0,0.6478259146221321
A01442,Fox Group,True,EdTech,15732.53,31.0,Closed -Won,API,12.055756164399192,North America,,,0.0,0.48101979775702364
A01443,Ayers-Johnson,True,Logistics,26269.17,56.0,On -Hold,Analytics,14.503187503147933,LATAM,,,5.0,1.4631814749191634
A01444,Long-Parks,True,FinTech,13082.4,26.0,Closed -Won,Core,12.416305018022456,Asia,,,2.0,3.384662357992878
A01445,Bryant Inc,True,EdTech,64472.15,9.0,Closed -Won,API,12.700801382219069,Europe,,,3.0,2.220975393580246
A01446,"Holmes, Stewart and Smith",True,EdTech,16398.07,3.0,Closed -Won,Core,15.7997013019487,North America,,,2.0,1.2253047602517977
A01447,"Clark, Carpenter and Nguyen",True,EdTech,11372.44,56.0,Closed -Won,Automation,5.649311353097264,LATAM,,,1.0,30.709939394349192
A01448,"Hensley, Lopez and Baker",True,HealthTech,12189.77,57.0,Closed -Lost,Analytics,15.194780762810286,Europe,,,0.0,1.316010695546384
A01449,Ruiz-Austin,True,SMB SaaS,21111.61,44.0,Closed -Won,Core,19.382947595727703,Asia,,,0.0,1.2484488714869222
A01450,White-Coleman,True,MarTech,55337.16,7.0,Closed -Won,Core,11.883453283901755,Asia,,,2.0,2.9356177186452563
A01451,Haynes-Watson,True,MarTech,9500.67,18.0,Closed -Won,Core,8.486076082372225,Asia,,,0.0,3.0125442493870445
A01452,Ramirez-White,False,MarTech,123067.72,3.0,Closed -Lost,Analytics,10.003827887121803,Europe,,,0.8,4.14147673008808
A01453,Krause Ltd,True,SMB SaaS,20176.45,4.0,Closed -Lost,Automation,11.684499342059805,Asia,,,2.0,2.7531660615815996
A01454,Olsen Ltd,True,EdTech,40472.8,15.0,Closed -Won,Premium Support,13.17892327467391,North America,,,0.0,2.6507568986754277
A01455,Brock-Peters,True,EdTech,9105.92,34.0,Closed -Won,API,8.690610469636628,Europe,,,0.0,0.8203191852370681
A01456,Gonzalez-Marsh,True,EdTech,22536.76,4.0,Closed -Won,Premium Support,11.302369257962521,Europe,,,2.0,1.9161813011720983
A01457,"Hernandez, Shaffer and Thompson",True,EdTech,31188.57,59.0,Closed -Won,Core,9.493317750262293,Asia,,,0.0,2.340819988157417
A01458,Taylor-Barry,True,FinTech,24390.94,27.0,Negotiation,API,12.69709020973909,LATAM,,,0.0,2.1632354187173592
A01459,"Holmes, Le and Floyd",True,E -Commerce,29009.79,16.0,Closed -Won,Core,12.816345518351149,Europe,,,0.0,0.2894589231914435
A01460,King-Garrison,True,FinTech,12660.58,31.0,Closed -Won,Automation,14.269881234644627,North America,,,0.0,2.1311824545166185
A01461,Ross Ltd,True,HealthTech,19336.31,47.0,On -Hold,Premium Support,17.719168893065525,Asia,,,1.0,2.636264891431676
A01462,Brown LLC,True,HealthTech,35451.29,19.0,Closed -Won,API,16.030718794693456,LATAM,,,1.0,3.5795941688675237
A01463,Combs-Davis,True,EdTech,4280.25,3.0,Closed -Won,Automation,9.133491091368558,Asia,,,0.0,1.3312087998528517
A01464,"Cook, Ward and Castro",True,Logistics,12851.66,4.0,Closed -Lost,Automation,6.275494918409545,Europe,,,5.0,21.236773514739344
A01465,Cooper-Jenkins,True,E -Commerce,8581.59,51.0,Closed -Won,Core,14.33526409232438,North America,,,1.0,1.7911332341273898
A01466,Dillon-Mccarty,True,SMB SaaS,8266.61,7.0,Closed -Won,Analytics,13.706520703891705,Europe,,,0.0,2.2912159213168892
A01467,Ray Ltd,True,EdTech,20549.41,38.0,Closed -Won,API,13.931901410188322,LATAM,,,0.0,2.097017767622855
A01468,"Ryan, Krause and Mitchell",True,SMB SaaS,20292.36,23.0,Negotiation,API,14.613657284258766,North America,,,1.0,2.6043079879670907
A01469,Nunez-Freeman,True,FinTech,13271.49,46.0,Closed -Won,Analytics,11.924339626959304,North America,,,1.0,0.8748134577848579
A01470,"Griffin, Miller and Austin",True,E -Commerce,18425.88,4.0,Closed -Won,Core,3.852856308251992,Asia,,,7.0,24.093386332978355
A01471,Welch-Thomas,True,Logistics,15663.89,53.0,Closed -Won,Core,17.5518173716755,LATAM,,,0.0,1.257784619774346
A01472,Davidson LLC,True,E -Commerce,3625.49,42.0,Closed -Won,Premium Support,2.5679034231160442,Europe,,,5.0,28.263041175003075
A01473,Welch-Duncan,True,SMB SaaS,6179.84,27.0,Closed -Won,API,10.910336071474713,LATAM,,,1.0,3.7080136272562063
A01474,Miller LLC,True,EdTech,24718.69,13.0,Closed -Won,API,13.814877956378448,LATAM,,,2.0,0.6017571912339914
A01475,Edwards Ltd,True,FinTech,7428.54,58.0,Closed -Won,Core,10.608300629730957,North America,,,0.0,1.7205325315606292
A01476,Page-Jacobs,True,Logistics,13107.82,18.0,On -Hold,Core,8.831650635636985,Europe,,,1.0,0.7253542276893752
A01477,Nelson-Wallace,True,FinTech,21664.46,29.0,Negotiation,Analytics,2.5199656963664543,Europe,,,3.0,28.723425196797127
A01478,Adkins-Meyer,True,Logistics,20118.87,24.0,Closed -Won,Core,2.252486092361779,North America,,,5.0,29.320439039256563
A01479,Gutierrez-White,True,CyberSecurity,9979.11,14.0,Closed -Won,Core,13.884187712369322,North America,,,1.0,2.1696551188442696
A01480,Martinez and Sons,True,Logistics,16468.57,25.0,Closed -Won,Core,14.53573128334464,Europe,,,0.0,1.883284146664337
A01481,"King, Manning and Brady",True,MarTech,12736.43,9.0,Closed -Won,Core,7.6095549255466235,LATAM,,,0.0,3.328402329052052
A01482,Jackson Inc,False,SMB SaaS,83467.88,1.0,Closed -Won,Core,10.305659538508122,LATAM,7.5,1.0,1.3333333333333333,9.595483539102561
A01483,Brown Group,True,HealthTech,39575.15,18.0,Closed -Won,API,14.280097583929376,Asia,,,0.0,2.8195660563118103
A01484,"Brown, Wise and Warren",True,MarTech,22420.57,7.0,Closed -Won,Analytics,12.005255515881936,Europe,,,1.0,2.715257386845135
A01485,Garcia PLC,True,FinTech,14963.92,25.0,Closed -Won,Analytics,14.540151414207122,LATAM,,,0.0,0.0
A01486,Miller Group,True,Logistics,16771.04,51.0,Closed -Won,Premium Support,3.6339079878116656,Asia,,,7.0,24.705703496035984
A01487,Perez-Rojas,True,CyberSecurity,1943.85,10.0,Closed -Won,Analytics,10.821536214926194,LATAM,,,0.0,0.9219255311186476
A01488,Sims-Anderson,True,Logistics,73276.36,1.0,Closed -Won,Automation,14.99556118033973,Asia,,,4.0,1.1706831058431382
A01489,Johnson Ltd,True,Logistics,35162.84,7.0,Closed -Won,Core,17.591406267581462,North America,,,0.0,3.474586107325293
A01490,Dalton-Nguyen,True,EdTech,12113.29,30.0,Closed -Won,Core,3.341201354434671,Asia,,,4.0,28.263737648818665
A01491,Mcdonald-Pitts,True,FinTech,3480.58,17.0,Closed -Won,Core,11.397217392688678,LATAM,,,2.0,3.8925681958060077
A01492,Dunn-Taylor,True,SMB SaaS,12571.39,29.0,Closed -Won,Premium Support,13.467259790594815,LATAM,,,2.0,0.5923115797291445
A01493,"Ryan, Garza and Bryant",True,MarTech,31408.37,2.0,Closed -Won,Premium Support,16.563839585193286,North America,,,2.0,0.916329219722632
A01494,"Fields, Elliott and Mills",True,FinTech,29096.44,20.0,Closed -Won,Analytics,2.2955297620106823,LATAM,,,3.0,29.917571550610976
A01495,"Ferguson, Stout and Olson",True,SMB SaaS,16281.67,25.0,Closed -Won,Automation,15.735674776352543,Asia,,,0.0,1.6586284802414915
A01496,Ballard Group,True,SMB SaaS,48654.69,26.0,Closed -Won,Core,3.6248858841561336,LATAM,,,2.0,30.057579548632468
A01497,Diaz-Green,True,MarTech,14131.35,33.0,Negotiation,Analytics,14.726189244139212,North America,,,1.0,1.8876931736302498
A01498,Smith-Mills,True,Logistics,13148.57,47.0,On -Hold,Core,12.307006174863309,Europe,,,2.0,1.8574237620339924
A01499,Cooper Group,True,FinTech,21584.21,28.0,Closed -Won,Analytics,12.298949134755317,LATAM,,,1.0,1.6957639312679236
A01500,"Smith, Weeks and Arroyo",True,FinTech,9226.65,50.0,Closed -Won,Core,5.307612260497134,Asia,,,3.0,15.692039803603407
A01501,Evans-Cannon,True,EdTech,11012.32,32.0,Closed -Won,Analytics,9.772740228399524,Europe,,,2.0,2.6416382875279028
A01502,Harper-Robles,True,CyberSecurity,25034.14,16.0,On -Hold,Analytics,15.456098532636632,Asia,,,2.0,3.6144221509724765
A01503,"Brooks, Jenkins and Castro",True,HealthTech,8448.49,14.0,Closed -Won,Analytics,19.19397323276386,Asia,,,2.0,1.7974874646571823
A01504,Wright-Espinoza,True,FinTech,21578.02,20.0,Closed -Won,Core,16.05656577941847,Europe,,,0.0,1.6063617043641245
A01505,"Price, Gray and Baker",True,CyberSecurity,29992.37,36.0,Closed -Won,Analytics,10.006708942882454,North America,,,1.0,1.4775384435408678
A01506,Garrett-Black,True,Logistics,12209.9,15.0,Closed -Won,Core,10.155258473253785,Asia,,,0.0,3.4697838550324986
A01507,"Aguirre, Cohen and Mitchell",True,CyberSecurity,13947.47,54.0,Closed -Won,Core,11.745123870060796,LATAM,,,1.0,2.690324897113818
A01508,"Patel, Adams and Lopez",True,Logistics,17702.49,29.0,Closed -Won,Analytics,14.473723734559623,Asia,,,1.0,0.1009665735618297
A01509,White LLC,True,Logistics,8430.7,51.0,Closed -Won,Core,14.677828082267157,Asia,,,0.0,0.05687929720361806
A01510,Walsh PLC,True,E -Commerce,11884.48,41.0,Closed -Won,Analytics,1.5384831140948703,Europe,,,4.0,18.63569852122525
A01511,Nelson-Dean,True,E -Commerce,4687.71,20.0,Closed -Won,Core,11.3817276246591,North America,,,1.0,2.230145444054375
A01512,Flores and Sons,True,Logistics,7096.18,14.0,Closed -Won,Analytics,11.56555253905994,Asia,,,3.0,1.9665298607813095
A01513,Booker Inc,True,EdTech,15291.88,44.0,Closed -Lost,Analytics,3.170765119407629,LATAM,,,3.0,19.8043830503548
A01514,Compton LLC,True,FinTech,20571.61,20.0,Closed -Won,Core,19.954086371873224,North America,,,1.0,1.8245565578167202
A01515,Martinez-Gonzales,True,Logistics,20681.13,15.0,Closed -Won,Core,11.200438803129657,LATAM,,,1.0,3.3974187713789425
A01516,Hall and Sons,True,EdTech,9990.72,55.0,Closed -Lost,Analytics,11.069126500592635,North America,,,1.0,2.772111378774016
A01517,Snyder LLC,True,SMB SaaS,10131.58,29.0,Closed -Won,Automation,10.600579114568468,Europe,,,2.0,2.0775766071156863
A01518,Collins-Lloyd,True,MarTech,11170.77,3.0,Closed -Won,Core,15.906633713726695,Europe,,,1.0,3.145339430534105
A01519,Ford-Moody,True,Logistics,16268.55,30.0,Negotiation,Core,13.875975210934694,Europe,,,2.0,0.3510937756847792
A01520,Miller-Christensen,True,FinTech,7054.54,28.0,Closed -Won,Automation,2.655397290423635,LATAM,,,4.0,27.91686080966484
A01521,Brown Group,True,CyberSecurity,4050.47,51.0,Negotiation,Core,12.911613248665004,Asia,,,2.0,2.1375123061279853
A01522,Daniels and Sons,True,MarTech,18065.15,42.0,Closed -Won,Core,11.625469097126896,Europe,,,1.0,2.6020364999525096
A01523,Huang LLC,True,MarTech,10445.32,12.0,Negotiation,Core,14.887673843567736,LATAM,,,1.0,0.28483399717137936
A01524,Clayton-Martinez,True,EdTech,20770.6,9.0,Closed -Won,Premium Support,22.053129820389007,Asia,,,4.0,1.7395930931255184
A01525,"Wright, Wise and Ramos",True,SMB SaaS,50135.08,36.0,Closed -Won,Analytics,15.65259321707671,LATAM,,,3.0,2.4004607963510747
A01526,"Vang, Gonzalez and Moss",True,MarTech,10734.8,3.0,Negotiation,Core,2.6898004962022557,Europe,,,7.0,23.729499578578356
A01527,Boyd and Sons,True,Logistics,21884.27,19.0,Closed -Won,Analytics,12.005073537536141,LATAM,,,1.0,3.186129841454201
A01528,Price-Ali,True,MarTech,2525.08,9.0,Closed -Won,Core,9.969799754345452,Europe,,,1.0,2.761505332406745
A01529,Moore-Chandler,True,FinTech,12271.39,2.0,Closed -Won,Core,16.201069194209108,Europe,,,2.0,1.939153950627959
A01530,"Pineda, Meyer and King",True,SMB SaaS,17336.88,55.0,Closed -Won,Premium Support,16.03806253509896,LATAM,,,1.0,2.6749737489487546
A01531,"Evans, Ward and Williams",True,HealthTech,2069.59,6.0,Closed -Won,Analytics,12.601697009927582,Europe,,,0.0,1.7986363644453676
A01532,"Robinson, Rodriguez and Chen",False,EdTech,2634193.25,1.0,Closed -Won,API,13.26791552892511,North America,7.7,0.66,1.4166666666666667,4.60742751632894
A01533,Smith-Bauer,True,Logistics,8685.2,56.0,Closed -Won,Automation,14.063320816655255,Asia,,,1.0,2.7948023501473624
A01534,"Wilson, Mccormick and Smith",True,SMB SaaS,27268.44,12.0,Closed -Lost,Core,16.324282206185405,LATAM,,,0.0,1.9546992068119575
A01535,Perkins Ltd,True,SMB SaaS,23093.46,49.0,Closed -Won,Core,4.3002713911605674,North America,,,5.0,19.416830267809075
A01536,Barker-Moore,True,MarTech,42288.84,2.0,Closed -Won,Core,13.468592360367085,Europe,,,1.0,2.9613087693170126
A01537,Wright Group,True,Logistics,2562.11,10.0,Closed -Lost,API,11.13534616607754,Europe,,,2.0,2.712164860739053
A01538,Parks LLC,True,EdTech,19249.6,7.0,Closed -Won,Core,13.563390222911986,Asia,,,1.0,3.2334718558813695
A01539,"Brown, Kelly and Moore",True,CyberSecurity,14906.07,42.0,Closed -Won,Analytics,16.52615200668454,Asia,,,0.0,4.32844829795291
A01540,"Moody, Martinez and Hall",True,E -Commerce,1870.53,37.0,On -Hold,Core,12.475594664301719,LATAM,,,0.0,2.7029277733569432
A01541,"Kramer, Sherman and Trujillo",True,FinTech,14028.55,29.0,Closed -Won,Core,1.7071228778205656,Europe,,,2.0,27.344711741655107
A01542,Quinn-Smith,True,MarTech,12898.04,15.0,Negotiation,Analytics,10.75179235392799,North America,,,0.0,2.5118230478198007
A01543,Howard-Taylor,True,MarTech,5703.67,6.0,Closed -Won,Core,16.340175008391075,North America,,,1.0,2.4688184164904174
A01544,Washington Group,True,EdTech,13361.5,34.0,Closed -Won,Automation,14.938824009469885,North America,,,0.0,2.6135106935103813
A01545,"Phillips, Terry and Lopez",True,EdTech,12454.51,14.0,Negotiation,Premium Support,10.393667723490497,Asia,,,1.0,3.4950162472373716
A01546,Stephens LLC,True,E -Commerce,10788.46,35.0,On -Hold,Premium Support,13.327956429435163,North America,,,0.0,0.3158884910159936
A01547,"Mcdonald, Dillon and George",True,FinTech,19679.73,41.0,Closed -Won,Analytics,5.381583647693256,LATAM,,,5.0,21.674833395880015
A01548,"Martin, Schmidt and Cole",True,HealthTech,25485.24,51.0,Closed -Won,Core,10.222902378040327,Asia,,,2.0,3.8504168680581126
A01549,Weaver-Gibson,True,Logistics,8777.07,30.0,Closed -Won,Analytics,10.787149284125197,Europe,,,1.0,2.5680706632702144
A01550,"Hunter, Gross and Andrade",False,EdTech,144789.97999999998,1.0,Closed -Won,Core,10.806969629496326,LATAM,,,2.25,8.26854282309342
A01551,"Vincent, Parsons and Allen",True,E -Commerce,41577.13,17.0,Closed -Won,Premium Support,20.399992191296583,Asia,,,0.0,1.7583551927405012
A01552,"Brown, Coffey and Fuentes",True,E -Commerce,14267.4,51.0,Closed -Won,API,2.2235354150349282,Europe,,,1.0,23.456228635064434
A01553,Warren Group,True,E -Commerce,8554.45,32.0,Closed -Won,Core,2.7775657525346618,Europe,,,7.0,25.800616947008166
A01554,"Moore, Campbell and Ortiz",True,MarTech,6469.05,37.0,Negotiation,Automation,14.780406222804054,North America,,,2.0,2.633552392770324
A01555,Rodriguez-Mills,True,MarTech,22367.04,28.0,Closed -Lost,Core,12.231440299203369,Europe,,,1.0,2.7207097300033873
A01556,Williams and Sons,True,Logistics,9116.51,10.0,Closed -Won,Automation,14.483400055354625,Asia,,,0.0,2.6266685716032834
A01557,Russo and Sons,True,SMB SaaS,7766.19,53.0,On -Hold,Analytics,12.656496013715135,LATAM,,,2.0,2.8983899741423698
A01558,Washington Inc,True,EdTech,21389.27,46.0,Closed -Won,Automation,12.926585629650464,North America,,,1.0,2.7866486699856474
A01559,Duncan Group,True,CyberSecurity,4987.56,59.0,Closed -Lost,Premium Support,9.0161842916806,LATAM,,,0.0,0.9756513347398683
A01560,"Burns, Hanson and Garza",True,SMB SaaS,20556.01,51.0,Closed -Won,Core,13.926691295401035,LATAM,,,0.0,2.83226804350788
A01561,Diaz PLC,True,FinTech,6751.52,18.0,Closed -Won,Analytics,16.697280519867654,North America,,,0.0,3.8585866164162272
A01562,"Jones, Conrad and Clark",True,Logistics,7824.45,16.0,On -Hold,Core,14.172277324339056,Asia,,,2.0,1.9733732480445978
A01563,Hebert-Collier,True,MarTech,4859.14,15.0,Closed -Won,Automation,17.27152328246729,North America,,,1.0,3.4994799479824774
A01564,Owen-Brown,True,SMB SaaS,8144.17,55.0,Negotiation,Analytics,4.099627560742644,Europe,,,2.0,23.675648465341908
A01565,"Paul, Zamora and Short",True,E -Commerce,31631.55,33.0,Closed -Won,Premium Support,13.82137608100934,Europe,,,0.0,1.970237380389565
A01566,"Brown, Jensen and Rice",True,Logistics,69204.51,27.0,Closed -Won,Automation,12.116223340979545,LATAM,,,0.0,1.3588418481901416
A01567,"Jones, Torres and Blackburn",True,HealthTech,13489.58,58.0,Closed -Won,Core,12.541208853915787,Asia,,,1.0,3.379221252423799
A01568,"Davis, Hardy and Schmidt",True,HealthTech,11789.52,36.0,Closed -Won,Core,9.588468578188635,North America,,,3.0,3.6404765544088513
A01569,Lee Ltd,True,SMB SaaS,25634.55,54.0,Closed -Won,API,13.198763329705022,Europe,,,1.0,1.9008038799124378
A01570,Hudson and Sons,True,E -Commerce,20794.16,59.0,Closed -Lost,Core,14.437996275692461,Europe,,,0.0,3.1710615226618506
A01571,"Curry, Perry and Garcia",True,E -Commerce,29190.98,5.0,Closed -Won,Core,19.146263293397702,Asia,,,1.0,3.6506266279033337
A01572,"Ray, Craig and Park",True,HealthTech,19463.57,22.0,Closed -Won,Analytics,15.58496096983663,Asia,,,2.0,1.9670811420383305
A01573,Andrade-Jackson,True,HealthTech,31835.42,44.0,Closed -Won,Analytics,1.5670372197589215,Europe,,,2.0,26.754670000474153
A01574,Pierce PLC,True,Logistics,18737.63,48.0,Closed -Won,Analytics,9.681895173443582,LATAM,,,2.0,2.7336153696269836
A01575,Sandoval-Ferguson,True,EdTech,41622.2,9.0,Closed -Won,Core,13.380343738386282,Asia,,,1.0,1.1574620184797157
A01576,"Ramos, Gomez and Edwards",True,E -Commerce,25150.27,19.0,Closed -Won,Core,16.43529334048325,Asia,,,1.0,2.110097595214561
A01577,Kirk-Gutierrez,True,EdTech,39246.85,33.0,Closed -Lost,Core,13.338150989916837,LATAM,,,1.0,4.142787106201938
A01578,"Jordan, Swanson and Franklin",True,EdTech,11819.55,48.0,Closed -Won,API,3.1373090889246162,LATAM,,,0.0,16.025795742897273
A01579,"Gardner, Brooks and Pierce",True,HealthTech,13059.86,7.0,Closed -Won,Analytics,13.456623652243435,Asia,,,2.0,2.853826240706514
A01580,"King, Nixon and West",True,SMB SaaS,17877.43,36.0,Closed -Lost,Analytics,16.151001304146796,North America,,,0.0,2.523804446137012
A01581,Smith-Johnson,True,SMB SaaS,18590.45,18.0,Closed -Lost,Premium Support,9.208225931883018,Europe,,,2.0,1.8362340912970478
A01582,Larson-Holmes,True,FinTech,14856.66,13.0,Closed -Won,Premium Support,18.8125463604383,LATAM,,,0.0,2.221655092909392
A01583,Smith-Joyce,True,EdTech,15940.93,31.0,Negotiation,Core,2.2752619308728423,North America,,,0.0,14.570127936853416
A01584,Foley Inc,True,E -Commerce,12773.13,25.0,On -Hold,Automation,16.38119698918933,LATAM,,,0.0,2.553597146579301
A01585,"Short, Ellison and Dixon",True,MarTech,17785.77,38.0,Closed -Won,Core,13.183448015993134,Asia,,,4.0,2.709818623261263
A01586,"Howe, Moore and Johnson",True,CyberSecurity,10988.55,19.0,Closed -Won,API,5.714392128503958,North America,,,6.0,14.858302527977283
A01587,Moore-Baker,True,EdTech,31056.78,49.0,Closed -Won,Core,5.303806878528611,Asia,,,4.0,24.74876007936897
A01588,"Wright, Scott and Evans",True,FinTech,24235.58,5.0,Closed -Won,Core,5.102573730348934,Europe,,,5.0,25.102672170682283
A01589,"Ross, Hardin and Navarro",True,EdTech,17950.54,51.0,Negotiation,Premium Support,15.372573629842686,Asia,,,1.0,3.768347391590279
A01590,"Nguyen, Olson and Freeman",False,E -Commerce,248383.15999999997,2.0,Closed -Won,Core,11.95260852478962,LATAM,,,1.7142857142857142,8.77452131036029
A01591,"Warner, Weiss and Davis",True,HealthTech,3508.13,44.0,Closed -Won,Core,18.223846647792136,North America,,,3.0,2.8936008501490136
A01592,"Evans, Cross and Johnston",True,Logistics,15985.66,21.0,Closed -Won,Automation,14.995464640330107,LATAM,,,0.0,1.2376708143806396
A01593,Deleon LLC,True,FinTech,7345.33,23.0,Negotiation,Core,19.141022717504914,North America,,,2.0,2.388526305246165
A01594,Hobbs-Hamilton,True,FinTech,22233.33,2.0,Closed -Won,Core,14.278917628467434,North America,,,1.0,0.9030672151381427
A01595,Kane and Sons,True,E -Commerce,2016.27,42.0,Closed -Won,Core,17.232321086758773,Asia,,,0.0,2.0637398397280924
A01596,"Delgado, Guzman and Smith",True,E -Commerce,46058.56,10.0,Closed -Won,API,15.286159018718442,Asia,,,2.0,1.3520768148217204
A01597,"Reyes, Torres and Williams",True,EdTech,5526.12,39.0,Closed -Won,API,12.352386105723902,North America,,,0.0,1.1223456650874484
A01598,"Cunningham, Murphy and Wolfe",True,EdTech,29329.78,43.0,Closed -Won,Analytics,14.543702463139532,Europe,,,1.0,1.6968773306340765
A01599,Williams Ltd,True,FinTech,12374.94,50.0,Negotiation,Analytics,15.509515632527375,North America,,,0.0,0.0
A01600,Maddox-Mullins,True,CyberSecurity,3814.38,42.0,Closed -Won,Analytics,13.903405605792178,Europe,,,2.0,0.8400975622224669
A01601,"Wagner, Walker and Roberts",True,MarTech,13092.43,18.0,Closed -Won,Core,15.238569553992669,Asia,,,2.0,2.7824141562603284
A01602,Hernandez-Rogers,True,FinTech,36675.66,44.0,Closed -Won,Core,16.596088877980684,North America,,,0.0,2.3476663895477268
A01603,Duncan-Williams,True,MarTech,12229.27,49.0,Closed -Won,Core,13.929880574012321,LATAM,,,0.0,0.9258130530373925
A01604,Baker-Ross,True,SMB SaaS,34646.4,19.0,On -Hold,API,5.168336993952558,Asia,,,4.0,2.5478735694650663
A01605,Ayala-Anderson,True,EdTech,15202.83,8.0,Closed -Won,Automation,19.034810454480112,Asia,,,0.0,1.121786927848115
A01606,Castillo and Sons,True,SMB SaaS,23899.1,53.0,Closed -Won,Core,13.107225709339014,Europe,,,0.0,2.7219638704134184
A01607,Foster-Duncan,True,EdTech,9622.77,9.0,Closed -Won,Core,11.530159337503108,LATAM,,,2.0,1.8843609265381742
A01608,"Gilbert, Fitzgerald and Sanchez",True,HealthTech,8079.65,36.0,Closed -Won,API,3.541467420270318,Europe,,,8.0,28.785404184085955
A01609,Adams Group,True,EdTech,5871.33,14.0,Negotiation,Core,12.990662292999065,North America,,,0.0,1.9089363762725453
A01610,Cohen-Johnston,True,EdTech,18036.84,8.0,Negotiation,Analytics,12.311756506049054,North America,,,3.0,4.559528456665708
A01611,Powers Group,True,FinTech,21305.17,46.0,Closed -Won,Analytics,11.788971608345927,LATAM,,,1.0,1.2411984804776495
A01612,Bailey-Flores,True,E -Commerce,12863.83,9.0,Closed -Won,Analytics,11.953621190466281,LATAM,,,0.0,2.2265586662663788
A01613,"Rios, Carrillo and Jackson",True,EdTech,8942.05,40.0,Closed -Won,Core,15.589228472179467,LATAM,,,3.0,2.781368709492371
A01614,Jensen-Branch,True,CyberSecurity,40945.19,41.0,Closed -Won,Premium Support,20.091090323009304,Asia,,,0.0,1.0375871509110655
A01615,Hanson-Alexander,True,MarTech,15259.66,4.0,Closed -Won,Core,1.4781730403849647,LATAM,,,2.0,16.514813143690155
A01616,Gonzalez LLC,True,MarTech,19967.5,11.0,Negotiation,Core,17.36779455426371,Europe,,,0.0,1.398901857037827
A01617,Todd Inc,True,MarTech,10877.93,47.0,Closed -Won,Core,12.867769905659783,Europe,,,1.0,2.759463201108868
A01618,Singh and Sons,True,HealthTech,3980.73,30.0,Closed -Won,Automation,14.313996096651733,Asia,,,0.0,1.6579965482717172
A01619,"Mcintosh, Melton and Wilkins",True,CyberSecurity,7871.93,8.0,Closed -Won,Automation,15.279447212690862,Asia,,,1.0,1.7688940686389751
A01620,Cooper Inc,True,FinTech,14494.76,59.0,Closed -Won,Analytics,12.02132631907169,North America,,,2.0,2.91076965129208
A01621,Cole-Johnson,True,CyberSecurity,4727.21,16.0,Closed -Won,Analytics,12.722809788352649,Asia,,,1.0,1.1936569205051406
A01622,Singh and Sons,True,SMB SaaS,22341.34,1.0,Closed -Won,Analytics,16.56365587499923,North America,,,2.0,1.9112446888538837
A01623,Payne LLC,True,Logistics,14799.22,55.0,Closed -Won,Core,17.270878265300325,Asia,,,2.0,0.48615895868318115
A01624,"Webb, Blair and Thomas",True,MarTech,13601.24,1.0,Negotiation,Core,5.339628902838186,LATAM,,,0.0,29.160435317359827
A01625,"Barnett, Bennett and Escobar",True,EdTech,2298.26,33.0,Closed -Won,Core,10.41452845766382,LATAM,,,2.0,2.22950707456841
A01626,"Williams, Jackson and Campbell",True,Logistics,14405.85,59.0,Closed -Won,Analytics,13.113224050347025,LATAM,,,1.0,2.7955362981672174
A01627,"Williamson, Brown and Pena",True,EdTech,16820.85,35.0,Closed -Won,API,1.664233700424815,LATAM,,,6.0,25.181134837061702
A01628,Jones Ltd,True,MarTech,7059.21,35.0,On -Hold,Premium Support,14.225607229504181,Europe,,,0.0,1.8081124192275833
A01629,Alvarado-Durham,True,Logistics,10247.5,23.0,Closed -Won,Analytics,2.217729498460683,Asia,,,6.0,23.79595785924776
A01630,Lin-Smith,True,SMB SaaS,16587.03,8.0,Closed -Won,API,13.18786873688667,LATAM,,,0.0,1.7538933138442012
A01631,"Hughes, Whitney and Romero",True,SMB SaaS,7560.4,34.0,Closed -Won,Premium Support,14.725133667149613,LATAM,,,1.0,3.4817880754412247
A01632,"Garcia, Stewart and Delacruz",True,FinTech,10085.61,53.0,Closed -Won,Core,15.250703717251518,Europe,,,2.0,1.6792472440260173
A01633,"Miller, Gonzalez and Rasmussen",True,SMB SaaS,8461.82,6.0,Closed -Won,Analytics,14.770586128721371,North America,,,4.0,0.6340801757550967
A01634,"House, Smith and Wright",True,FinTech,21606.61,52.0,Negotiation,API,10.39540912310921,LATAM,,,1.0,1.3201207350251838
A01635,"Torres, Burns and Garner",True,E -Commerce,30000.27,25.0,Closed -Won,Analytics,6.198295168963308,Europe,,,4.0,31.207862039953497
A01636,Reed LLC,True,SMB SaaS,16891.14,32.0,Closed -Won,Automation,4.1786616229959375,LATAM,,,2.0,29.74437603153606
A01637,Garrett-Young,True,CyberSecurity,11874.38,10.0,Closed -Won,Analytics,2.21771638268423,Europe,,,3.0,20.949411812584522
A01638,"Hill, Brown and Scott",True,SMB SaaS,23932.7,37.0,Closed -Won,Premium Support,13.184222749283908,Asia,,,1.0,0.5537167626378965
A01639,Zamora-Briggs,True,EdTech,3858.63,11.0,Closed -Won,Core,15.65252060134433,LATAM,,,0.0,2.312328590354878
A01640,Raymond LLC,True,EdTech,14171.34,17.0,Closed -Won,Automation,16.63445573577147,Europe,,,0.0,2.025742675882573
A01641,Hernandez Group,True,EdTech,31073.82,43.0,Closed -Won,Core,13.41011690488232,LATAM,,,0.0,1.4684717509066658
A01642,"Taylor, Blair and Meyer",False,EdTech,374119.52999999997,3.0,Closed -Won,API,10.984627313134292,LATAM,,,1.9,6.335810829145986
A01643,"Salazar, Garrett and Perez",True,CyberSecurity,19890.61,27.0,Closed -Won,Core,17.60652149429269,LATAM,,,1.0,1.0623384906527447
A01644,Berry Group,True,MarTech,25050.22,36.0,Closed -Lost,Analytics,18.14115420218357,LATAM,,,0.0,2.8408444008270464
A01645,Browning-Murphy,True,CyberSecurity,16444.86,8.0,Closed -Won,Core,15.375296506956595,Asia,,,1.0,1.3016597014276687
A01646,"Anderson, Delgado and Carpenter",True,MarTech,7685.73,18.0,Closed -Won,Core,21.080411748972608,Europe,,,1.0,1.613633111393113
A01647,"Mcbride, Huffman and Parker",True,EdTech,10124.85,21.0,Closed -Won,API,12.154150661706977,Europe,,,1.0,1.494648994602893
A01648,"Roach, Browning and Jordan",True,HealthTech,21822.91,40.0,Closed -Won,Analytics,20.372232758536818,Europe,,,2.0,2.689473564407766
A01649,Douglas PLC,True,E -Commerce,21506.98,58.0,Closed -Won,Core,3.016993536276444,LATAM,,,5.0,27.342600695314857
A01650,Stewart PLC,True,SMB SaaS,15654.54,50.0,Negotiation,Analytics,18.021161999080157,Asia,,,1.0,0.0
A01651,"Fry, Wilson and Stewart",True,Logistics,2839.02,12.0,Closed -Won,Automation,13.039886736374866,LATAM,,,0.0,2.254242936278179
A01652,Acosta LLC,True,EdTech,5174.59,2.0,Closed -Won,API,16.53342410889129,North America,,,1.0,0.255407168174419
A01653,Ali-Turner,True,MarTech,72987.43000000001,4.0,Closed -Won,Core,9.951398246677622,Asia,,,2.0,16.198422173135693
A01654,"Peck, Shannon and Mahoney",True,CyberSecurity,8800.78,36.0,Negotiation,Automation,10.737924068828384,Asia,,,1.0,1.8918259782532998
A01655,Hernandez-Lopez,True,E -Commerce,6172.29,10.0,Closed -Won,Automation,6.9142562312761715,Europe,,,1.0,25.378451310449726
A01656,Lopez PLC,True,FinTech,6240.52,14.0,Closed -Won,Core,7.576241935306436,North America,,,1.0,2.5008192220989165
A01657,"Adams, Bradley and Hall",True,E -Commerce,53442.23,50.0,Closed -Won,Core,13.46500106945253,Europe,,,1.0,2.7200765660795323
A01658,Hall Inc,True,FinTech,17632.06,52.0,On -Hold,Core,11.55197541961974,Asia,,,2.0,1.2265342071807095
A01659,Miller-Chan,True,FinTech,21652.16,50.0,Closed -Lost,API,13.346696936099795,LATAM,,,0.0,1.190202997502679
A01660,Shaw PLC,True,CyberSecurity,12392.4,15.0,Negotiation,Premium Support,0.0,North America,,,3.0,25.547132163810105
A01661,Joseph-Brooks,True,FinTech,27630.0,37.0,Closed -Won,Core,5.749729611416495,North America,,,4.0,23.82017033468821
A01662,Henry-Taylor,True,EdTech,20367.67,37.0,Closed -Won,Analytics,9.681657389898103,Asia,,,1.0,1.5230220248123214
A01663,Perez Group,True,E -Commerce,16549.65,11.0,Closed -Won,Core,3.3396298174921943,Europe,,,8.0,27.876932759344268
A01664,Schaefer Group,True,CyberSecurity,16794.67,33.0,Closed -Won,Analytics,16.396793261177713,LATAM,,,2.0,0.49369943478928446
A01665,Newton and Sons,True,MarTech,8156.88,31.0,Closed -Won,Automation,12.98630873988623,Europe,,,0.0,1.6598826406865919
A01666,Jones Group,True,FinTech,7763.58,24.0,Closed -Won,Automation,1.4292079281196042,North America,,,4.0,29.230268872119016
A01667,"Burns, Nguyen and Ellis",True,Logistics,17388.34,45.0,Closed -Lost,Premium Support,14.827946622244994,Europe,,,3.0,4.005267881387758
A01668,Patterson Inc,True,SMB SaaS,25619.09,40.0,Closed -Won,Analytics,3.3886869289634127,LATAM,,,4.0,23.986672358311132
A01669,"Moss, James and Edwards",True,SMB SaaS,32143.31,32.0,Closed -Won,API,10.906011937741557,Europe,,,0.0,1.520189114641504
A01670,"Crosby, Armstrong and Herrera",True,CyberSecurity,22984.07,43.0,Closed -Won,Automation,14.51689015532297,LATAM,,,2.0,0.9692350721982694
A01671,"Liu, Buchanan and Meyer",True,MarTech,34544.64,46.0,Closed -Lost,API,14.2982075839453,Europe,,,3.0,2.009321803567251
A01672,Bryant-Rich,True,SMB SaaS,31070.79,34.0,Negotiation,Premium Support,4.599978907268834,Europe,,,6.0,28.333232212344882
A01673,Stone Group,True,MarTech,13236.79,16.0,Closed -Won,Core,11.616871580438467,Europe,,,1.0,1.1141801523804058
A01674,"Williams, Hughes and Hubbard",True,HealthTech,39857.21,45.0,Negotiation,Core,1.0176150520170006,Europe,,,2.0,18.53589425623931
A01675,Lee Group,True,Logistics,15085.68,43.0,Closed -Won,Core,16.65845285894982,Europe,,,0.0,2.271063584288509
A01676,Wilkerson-Ayala,True,EdTech,14375.96,59.0,Closed -Won,Automation,13.77054268715939,LATAM,,,1.0,2.8518992687651816
A01677,Murray-Henderson,True,SMB SaaS,21749.46,9.0,Closed -Won,Core,18.868192491906946,Europe,,,2.0,1.6718644721600806
A01678,"Ellison, Vaughn and Mckee",True,EdTech,32096.18,25.0,Closed -Won,Automation,11.912538357012316,LATAM,,,5.0,2.2431843308913333
A01679,Gallegos-Hayes,True,Logistics,9260.73,55.0,Closed -Won,Analytics,14.579329404364477,Europe,,,0.0,1.7869035051259181
A01680,"Mason, White and Richards",True,E -Commerce,15031.47,31.0,Closed -Won,API,12.937113712687982,Europe,,,3.0,3.4576815494911495
A01681,"Payne, Long and Morris",True,MarTech,13148.02,56.0,Closed -Won,API,15.763882839239331,Asia,,,0.0,2.1162641373710622
A01682,White PLC,True,EdTech,7110.27,1.0,Closed -Won,Analytics,11.655236353324412,Asia,,,2.0,2.008753948314999
A01683,"Huang, Khan and Davis",True,Logistics,9239.29,3.0,Closed -Won,Core,19.782193261981266,Europe,,,2.0,1.5417580009790859
A01684,Holt-Meadows,True,FinTech,7385.66,47.0,Closed -Won,API,3.7622001892197194,Europe,,,7.0,29.91564889197622
A01685,Higgins Inc,True,MarTech,21042.01,22.0,Closed -Won,Premium Support,19.14644071904074,LATAM,,,1.0,2.237722074823827
A01686,Wilson Group,True,EdTech,12704.28,31.0,Closed -Won,Core,1.4815364909800948,North America,,,7.0,33.103646674040974
A01687,"Cox, Mills and Cruz",True,E -Commerce,11248.49,26.0,Closed -Won,Core,15.65727374524074,Europe,,,1.0,1.315441902089912
A01688,"Salazar, Moore and Pierce",True,EdTech,19456.14,25.0,Closed -Won,Automation,6.0988399074795545,LATAM,,,5.0,15.372733863124495
A01689,Tate LLC,True,CyberSecurity,19804.1,56.0,Closed -Won,Core,16.572984485498207,LATAM,,,1.0,2.184169491019115
A01690,"Savage, Huffman and Martin",True,MarTech,31085.91,6.0,Closed -Won,Core,11.809919336620815,North America,,,2.0,2.3583635163756105
A01691,White Ltd,True,HealthTech,2699.88,46.0,Closed -Won,Automation,15.800268665787806,North America,,,0.0,0.2925035981392814
A01692,Barnes LLC,True,HealthTech,27171.55,53.0,Closed -Won,Automation,19.60242191790385,Europe,,,3.0,1.0752673002890119
A01693,"Mack, Griffin and Sims",True,CyberSecurity,6779.21,39.0,Negotiation,Core,11.338124863517532,North America,,,0.0,0.6341554798780993
A01694,Roach and Sons,True,EdTech,18523.04,24.0,Closed -Won,Premium Support,20.355285533581934,LATAM,,,0.0,2.0328844266517456
A01695,Dean LLC,True,EdTech,6359.25,10.0,Closed -Won,API,2.4050179036016237,Asia,,,8.0,29.244674797419872
A01696,Ellis Group,True,CyberSecurity,22794.97,41.0,Closed -Lost,Core,12.700316684239228,Europe,,,1.0,1.503758881573252
A01697,"Aguirre, Franklin and Snyder",True,EdTech,9792.15,28.0,Closed -Won,Analytics,11.320131846175236,Europe,,,0.0,0.805719476089154
A01698,Chapman Group,True,MarTech,20576.35,9.0,Closed -Won,Automation,4.042702099189229,North America,,,4.0,12.763240720839725
A01699,Ortiz-Miller,True,HealthTech,8638.2,22.0,Closed -Won,API,8.134165006788514,North America,,,1.0,0.8758963987812312
A01700,"Smith, Khan and Ramirez",True,EdTech,3591.07,57.0,Closed -Lost,Analytics,12.754266592823637,LATAM,,,0.0,2.7579084420329507
A01701,"Grant, Bryan and Williams",True,CyberSecurity,8853.41,16.0,Closed -Won,Analytics,0.21153661489956743,Europe,,,4.0,25.992257838372808
A01702,Brown LLC,True,E -Commerce,19817.77,11.0,Closed -Won,Core,10.77675905266274,LATAM,,,0.0,2.1502292814743527
A01703,Thomas Inc,True,SMB SaaS,12484.06,41.0,Closed -Won,API,0.18214315026410777,LATAM,,,3.0,24.770151207214
A01704,"Lane, Morrison and Rivera",True,Logistics,24563.26,12.0,On -Hold,Core,2.8871411416073207,Asia,,,4.0,27.028651028272108
A01705,Williams Group,True,FinTech,13777.28,55.0,Closed -Won,Automation,12.092616366156717,North America,,,0.0,1.5417933745051542
A01706,Martin LLC,True,MarTech,17901.55,51.0,Closed -Lost,Core,13.02399819479437,LATAM,,,0.0,1.2385434563126259
A01707,"Guerrero, Graves and Armstrong",True,EdTech,4270.08,59.0,Negotiation,Core,15.065322419947542,Asia,,,0.0,2.2472742172655216
A01708,"Thompson, Gibson and Riley",True,E -Commerce,19872.19,54.0,Negotiation,Core,5.959352459077648,Europe,,,3.0,28.067442822578073
A01709,Davis LLC,True,EdTech,26378.42,15.0,Closed -Won,Automation,1.018639295648322,North America,,,4.0,35.2813287293805
A01710,Richardson-Gray,True,SMB SaaS,2671.71,13.0,Closed -Won,Analytics,14.376960422121332,Europe,,,0.0,3.263038309126588
A01711,Chang PLC,True,EdTech,5352.56,21.0,Closed -Won,Core,13.847972127301228,Asia,,,2.0,1.43168576561491
A01712,Carter and Sons,True,E -Commerce,43790.46,28.0,Closed -Won,Analytics,10.581607330553563,Asia,,,1.0,1.3902241186793565
A01713,Neal LLC,True,FinTech,17407.79,52.0,Closed -Won,Analytics,13.134485919478218,Europe,,,2.0,3.037878228902577
A01714,Rose-Warren,True,SMB SaaS,12663.53,44.0,On -Hold,Automation,2.9225613870458718,North America,,,10.0,24.158315255734557
A01715,"Clark, Brown and Duncan",True,SMB SaaS,11490.42,39.0,Closed -Won,Core,15.716414779689526,Europe,,,1.0,1.753001259457784
A01716,"Rice, Miller and Ramsey",True,Logistics,1167.55,52.0,Negotiation,Core,13.310107002789819,North America,,,0.0,3.8465211448947825
A01717,"Peck, Andersen and Mitchell",True,EdTech,22555.24,39.0,Closed -Won,Automation,3.850829969223785,LATAM,,,5.0,18.219733404058964
A01718,"Abbott, Green and Andrews",True,FinTech,12108.14,23.0,Negotiation,Analytics,11.060133509046135,Asia,,,1.0,1.8094558260659166
A01719,"Gomez, Anderson and Hart",True,CyberSecurity,15629.12,25.0,Negotiation,Analytics,11.153036485420023,North America,,,2.0,1.3140551863527
A01720,"Daniel, Jimenez and Morton",True,MarTech,26574.31,31.0,Closed -Won,Core,13.246235110118958,LATAM,,,0.0,3.3265126715838687
A01721,"Hall, Roberts and Lee",True,SMB SaaS,13689.6,6.0,Closed -Won,Automation,18.492698408261408,Asia,,,1.0,2.206997020889669
A01722,Johnson Ltd,True,CyberSecurity,29861.68,44.0,Closed -Won,Premium Support,14.489754879614617,LATAM,,,0.0,2.024516919538427
A01723,Mclaughlin and Sons,True,E -Commerce,3682.32,39.0,Closed -Won,Analytics,13.173902571002683,Asia,,,0.0,2.67627642745509
A01724,"Duarte, Gutierrez and Cook",True,SMB SaaS,19053.43,44.0,Closed -Won,Core,18.632414003619942,North America,,,0.0,2.880087856853974
A01725,"Shaffer, Lewis and Davidson",True,Logistics,10034.29,32.0,Closed -Won,Core,13.139184694389385,LATAM,,,1.0,2.549869984490897
A01726,"Campbell, Tyler and Parker",True,MarTech,19590.13,47.0,Closed -Won,Core,20.70419971185798,North America,,,3.0,2.883975575631944
A01727,"Pierce, Wang and Wilson",True,FinTech,12515.6,57.0,Negotiation,Analytics,12.466150629137763,Asia,,,2.0,2.451374358902682
A01728,Peterson-Ramsey,True,FinTech,31207.94,34.0,Closed -Won,Analytics,2.6566019373225656,Europe,,,3.0,18.53419931958706
A01729,"Choi, Collier and Lee",True,MarTech,23542.35,27.0,Closed -Won,Analytics,13.500914075444374,North America,,,0.0,1.268362145156565
A01730,Nielsen-Mendoza,True,E -Commerce,10308.86,7.0,On -Hold,Core,13.252747217488949,LATAM,,,1.0,3.810353881617559
A01731,Robles-Brewer,True,FinTech,9676.3,46.0,Closed -Lost,Core,6.534590476310711,LATAM,,,2.0,33.93639274857322
A01732,Moore-Murray,True,HealthTech,18878.21,54.0,Closed -Won,Premium Support,21.80592223447531,Europe,,,1.0,2.3093776144974743
A01733,"Huang, Ford and Olsen",True,CyberSecurity,13150.7,42.0,On -Hold,Core,14.95587970341575,Europe,,,0.0,0.6632329418213923
A01734,"Brown, Meyer and Cunningham",True,Logistics,17086.7,52.0,On -Hold,Premium Support,0.9648891619630238,North America,,,4.0,18.765275013546734
A01735,"Stewart, Herrera and Clark",True,FinTech,21353.34,51.0,Closed -Won,Analytics,12.614362198589236,Asia,,,0.0,1.4287063621319152
A01736,"Rivera, Hendricks and Flynn",True,E -Commerce,27018.4,48.0,Negotiation,Core,12.266991845764611,North America,,,0.0,2.1357558713439837
A01737,Montes LLC,True,FinTech,11802.64,30.0,Closed -Won,Analytics,17.0766750671531,Asia,,,0.0,2.3417576813576453
A01738,Morgan Group,True,CyberSecurity,7669.37,6.0,Closed -Won,Premium Support,8.972474682230718,LATAM,,,1.0,1.0436662970054078
A01739,"Ferguson, Martin and Obrien",False,Logistics,732132.9199999999,1.0,Closed -Won,Core,13.313447210464346,LATAM,8.9,0.84,1.6428571428571428,4.600100652109929
A01740,Larson LLC,True,Logistics,26544.42,13.0,Closed -Won,Core,13.258074483177337,LATAM,,,3.0,3.393674222456282
A01741,"Hodge, Mckinney and Nelson",True,E -Commerce,19818.12,26.0,Closed -Won,Core,18.053141916902934,Asia,,,1.0,0.6877349024985393
A01742,Crawford and Sons,True,CyberSecurity,22294.34,44.0,Closed -Won,Analytics,5.9379876324645675,North America,,,4.0,28.08941665092236
A01743,Hayes-Sampson,True,SMB SaaS,14304.71,27.0,Closed -Won,Core,15.24845467182259,Asia,,,1.0,2.8607546479153347
A01744,Warren and Sons,False,E -Commerce,1646500.3800000001,2.0,Closed -Won,Core,10.641584855074543,North America,,,1.4782608695652173,8.075142084110956
A01745,Brooks Inc,True,MarTech,34878.51,13.0,Closed -Won,Premium Support,17.888775238810425,Asia,,,1.0,2.1511549298245645
A01746,Gentry Group,True,Logistics,6910.87,58.0,Negotiation,API,4.476208487752511,Europe,,,4.0,32.98816715449148
A01747,"Johnson, Webb and Porter",True,E -Commerce,8329.14,59.0,Negotiation,Automation,16.20788961116833,Asia,,,1.0,1.2059312982017074
A01748,Peterson Group,True,Logistics,23622.95,23.0,Closed -Won,Analytics,13.403303210772208,North America,,,0.0,1.4806647699024045
A01749,"Russo, Collins and Murphy",True,E -Commerce,2113.5,48.0,Closed -Won,Core,16.774652581758225,Europe,,,3.0,1.3573581335331615
A01750,Short PLC,True,Logistics,36212.27,43.0,Closed -Won,Core,11.542153681699054,LATAM,,,0.0,1.6517969526644374
A01751,"Haney, Harris and Johnson",True,FinTech,40872.42,55.0,Closed -Won,Automation,14.073179209588515,Asia,,,1.0,3.3395220849476783
A01752,Reeves-Boyd,True,FinTech,7720.84,53.0,Closed -Won,Analytics,2.2901440548281644,North America,,,8.0,19.845694069938975
A01753,Collins Inc,True,FinTech,7812.77,38.0,Closed -Won,Analytics,10.992693586038762,North America,,,1.0,0.8057811890899269
A01754,"Charles, Wiggins and Cook",True,E -Commerce,1047.71,24.0,Closed -Won,Core,10.158760961159109,LATAM,,,2.0,0.6343169327068208
A01755,Garcia Ltd,True,CyberSecurity,7665.32,37.0,Closed -Won,Core,12.258765914410573,North America,,,0.0,3.401693950685968
A01756,"Edwards, Lane and Collins",True,HealthTech,14921.46,19.0,Closed -Won,Core,14.389793386984998,Asia,,,1.0,1.3856000653002367
A01757,Flores and Sons,True,HealthTech,3393.18,21.0,Closed -Won,Core,11.729263327086521,North America,,,0.0,1.6733263539150014
A01758,Hill-Flores,True,Logistics,28356.21,36.0,Closed -Won,Automation,13.009779310916546,Asia,,,1.0,0.38536582207906367
A01759,Lambert-Nelson,True,Logistics,27039.63,34.0,Closed -Won,API,8.342607936549287,LATAM,,,3.0,1.7376139638340813
A01760,Hill Inc,True,CyberSecurity,17597.7,35.0,Closed -Won,Automation,12.88805023854881,Asia,,,0.0,2.8665217208419667
A01761,"Castro, Garcia and Daniels",True,MarTech,9935.0,23.0,Closed -Won,Automation,17.07075993987502,North America,,,0.0,2.2529570482729633
A01762,"Flores, Thomas and Bush",True,MarTech,8931.74,25.0,Closed -Won,Analytics,16.11554097791025,Europe,,,0.0,1.8921359487013745
A01763,Andrews-Jackson,False,FinTech,258653.91,1.0,Closed -Won,Automation,9.40813313040501,Europe,,,2.111111111111111,11.08925358969781
A01764,Austin-Morgan,True,HealthTech,32415.2,36.0,Closed -Won,Analytics,14.73095817504249,North America,,,0.0,1.672047912692028
A01765,Williams-Johnson,True,SMB SaaS,9877.55,34.0,Negotiation,Core,11.515218813217528,North America,,,0.0,2.146914763925882
A01766,"Williams, Reyes and Miller",True,EdTech,33036.56,56.0,Closed -Won,Automation,8.353015813368293,Europe,,,5.0,26.43324594966907
A01767,White-Carlson,True,CyberSecurity,20091.45,30.0,Closed -Won,Automation,5.436134140097417,LATAM,,,0.0,23.47572748357652
A01768,"Soto, Vaughn and Griffin",True,CyberSecurity,33615.11,28.0,Closed -Won,Analytics,2.822511726729437,LATAM,,,12.0,19.391042718013328
A01769,Edwards-Roth,True,EdTech,11797.29,4.0,Closed -Won,Core,1.176641425306261,North America,,,7.0,15.462956537365736
A01770,"Chang, Lamb and Miller",True,HealthTech,5437.35,12.0,Closed -Won,Core,11.959452885393974,North America,,,0.0,2.7258321937717045
A01771,Bradley-Davis,True,CyberSecurity,33637.93,20.0,Closed -Won,Core,10.246762279793142,LATAM,,,0.0,1.8902604025159668
A01772,"Mcdonald, Bryant and Cohen",True,FinTech,9248.09,23.0,Closed -Won,Core,11.871128737717646,Europe,,,2.0,3.147137981578813
A01773,"Miranda, Ruiz and Meza",True,MarTech,28795.89,22.0,Closed -Won,Premium Support,1.5994875096214014,Asia,,,2.0,20.63053339904942
A01774,Callahan PLC,True,SMB SaaS,2137.96,24.0,Closed -Won,Core,20.936199653608888,Europe,,,0.0,0.9063345180667532
A01775,Durham-Myers,True,CyberSecurity,15523.03,46.0,Closed -Won,Premium Support,13.156522617782121,Europe,,,1.0,2.7694844035466657
A01776,"Stark, Rivera and Valencia",True,Logistics,20237.46,8.0,Closed -Won,Analytics,11.421032561587936,North America,,,0.0,3.3049645661627274
A01777,Chavez-Johnson,True,FinTech,17438.36,20.0,Closed -Won,Analytics,11.304623421267689,Europe,,,4.0,1.0293196596481677
A01778,Rodriguez-Mendoza,True,HealthTech,17682.43,10.0,Closed -Won,Core,17.420066336129842,LATAM,,,2.0,1.42487933178134
A01779,Campbell LLC,True,EdTech,14015.91,19.0,Closed -Won,Core,16.991905244927107,Europe,,,3.0,1.4136229017707962
A01780,"Andrews, Romero and Sullivan",True,EdTech,13201.47,41.0,Closed -Won,Analytics,12.543565440939169,LATAM,,,0.0,1.867218761463878
A01781,"Robles, Nguyen and Banks",True,HealthTech,18966.3,3.0,Closed -Won,Analytics,1.4770283418421544,North America,,,4.0,22.807642983500585
A01782,Patel-Morales,True,SMB SaaS,31786.22,21.0,Closed -Won,Analytics,10.614219365872145,LATAM,,,2.0,1.801715411944918
A01783,Allen-Sanchez,True,HealthTech,85693.65,2.0,Closed -Won,Core,17.7175011846382,Europe,,,1.0,2.750275774443823
A01784,Dickson Group,True,CyberSecurity,23498.44,57.0,Closed -Won,Core,16.06642365364841,Asia,,,1.0,0.10418827811384368
A01785,Peterson Ltd,True,E -Commerce,5587.35,43.0,Closed -Won,Core,14.196384126674916,Europe,,,0.0,1.026106578358624
A01786,"Reynolds, Baird and Bradley",True,E -Commerce,21268.41,15.0,Negotiation,API,19.606499519453173,North America,,,0.0,2.6699280762098665
A01787,Stephens-Young,True,HealthTech,10651.38,12.0,Closed -Won,API,19.87497881843455,LATAM,,,1.0,2.5527761486208744
A01788,"Caldwell, Stevenson and Joseph",True,EdTech,8102.53,6.0,Negotiation,Core,13.892181194116104,North America,,,0.0,0.9414578059666094
A01789,Wilson-Carlson,True,E -Commerce,18695.03,28.0,Closed -Won,Automation,13.947284718405,Asia,,,2.0,2.559701950303669
A01790,Peters-Short,True,EdTech,35111.1,45.0,Closed -Won,Core,12.25385995366377,Europe,,,1.0,3.3268669568197757
A01791,Parker Group,True,CyberSecurity,7186.19,35.0,Closed -Won,Automation,3.962497240118157,Asia,,,3.0,34.02858941198566
A01792,George Ltd,True,FinTech,6057.88,52.0,Closed -Won,Analytics,9.541025072599638,LATAM,,,1.0,0.9920389779361136
A01793,"Wise, Gray and Snyder",True,FinTech,15393.71,21.0,Negotiation,API,9.52884087144782,Europe,,,2.0,2.8749542563142474
A01794,"Brown, Robinson and Taylor",True,CyberSecurity,8372.57,17.0,Closed -Won,Core,8.832023393282295,LATAM,,,0.0,3.723045430970873
A01795,"Berger, Fields and Smith",True,E -Commerce,15760.22,29.0,Closed -Won,API,17.253011020758333,North America,,,1.0,1.1138596965604355
A01796,Guerrero Group,True,FinTech,11690.44,12.0,Closed -Won,API,3.6783797382552876,North America,,,6.0,23.13339058193133
A01797,"Carter, Gilbert and West",True,SMB SaaS,6126.94,58.0,Closed -Won,Core,19.849886896118463,Asia,,,1.0,3.0901556348870205
A01798,Maldonado LLC,True,FinTech,9312.2,11.0,Closed -Won,Core,11.808866326401784,Asia,,,2.0,2.1153587149631865
A01799,Hudson-Gentry,True,SMB SaaS,29033.29,29.0,Closed -Won,API,19.212049720347608,Asia,,,0.0,0.2527036669919147
A01800,Sellers-Zuniga,True,CyberSecurity,12718.57,31.0,Closed -Won,Analytics,4.6126448520577235,Europe,,,4.0,27.27023216952908
A01801,"Haas, Cooper and Davis",True,SMB SaaS,14950.11,4.0,Closed -Won,API,9.301439687238569,Europe,,,1.0,1.0211913636771008
A01802,Carr PLC,True,SMB SaaS,8110.36,28.0,Closed -Won,Core,17.85133669419641,Europe,,,1.0,0.7292774010059864
A01803,Abbott-Phelps,True,EdTech,18608.24,27.0,Closed -Won,Core,18.205596882899677,LATAM,,,3.0,0.2722520090142049
A01804,Wood PLC,True,Logistics,24185.9,16.0,Closed -Won,API,11.281846999198969,LATAM,,,1.0,3.1904072931656806
A01805,Smith PLC,True,HealthTech,16636.09,8.0,Negotiation,Core,13.005043200207648,Asia,,,1.0,1.1652886809825738
A01806,Rodriguez-Campbell,True,MarTech,12294.41,3.0,Closed -Won,Core,11.282612190317064,Asia,,,1.0,2.333336180247872
A01807,Young Ltd,False,HealthTech,236353.74,1.0,Closed -Won,Automation,10.712913214774469,Europe,6.1,0.12,1.0,5.196031536212425
A01808,"Long, Flores and Reyes",True,MarTech,15322.46,29.0,Negotiation,Automation,14.323487442322564,LATAM,,,1.0,2.1618189898152
A01809,Graham-Clark,True,Logistics,31297.82,6.0,On -Hold,Core,12.945850822653714,LATAM,,,0.0,2.2965707799739716
A01810,Wells and Sons,True,MarTech,22119.47,57.0,Closed -Won,Analytics,8.54332581382744,Asia,,,2.0,2.381048087399497
A01811,"Cruz, Middleton and Larsen",True,FinTech,12077.08,15.0,Closed -Won,Analytics,12.257362054729933,Europe,,,1.0,2.1380976866453936
A01812,Roberts Ltd,True,EdTech,4413.07,39.0,Closed -Won,Core,16.110556290662124,North America,,,1.0,1.2398404856839762
A01813,Taylor Inc,True,Logistics,22515.18,40.0,Closed -Won,Core,13.373301372212252,Europe,,,1.0,1.1506628378484107
A01814,"Smith, Griffith and Tucker",True,E -Commerce,31419.3,30.0,Closed -Won,Core,13.017678117314883,LATAM,,,3.0,1.8950184558240737
A01815,Proctor-Taylor,True,E -Commerce,6987.62,53.0,Negotiation,Core,11.207670364907706,Asia,,,0.0,1.8738359519509835
A01816,May Group,True,MarTech,14300.45,7.0,Closed -Lost,Premium Support,12.16984589240715,Asia,,,0.0,2.429319732426575
A01817,English-Dominguez,True,EdTech,22347.25,14.0,Closed -Won,API,18.22684431974588,North America,,,1.0,3.10165006716516
A01818,Hanson-Gibson,True,E -Commerce,12149.78,15.0,Negotiation,Automation,10.580668229593677,LATAM,,,0.0,2.3439053605694906
A01819,Arnold-Cole,True,CyberSecurity,15479.05,8.0,Closed -Won,Automation,16.16246929005569,North America,,,1.0,1.189116280882839
A01820,Perez-Coleman,True,SMB SaaS,39267.39,18.0,Closed -Won,Core,14.141165662710574,Europe,,,0.0,0.0
A01821,Lane Ltd,True,E -Commerce,18424.1,19.0,Negotiation,API,0.9440165847947437,Asia,,,7.0,31.37800312147325
A01822,Joseph LLC,True,SMB SaaS,8374.28,46.0,Closed -Won,Analytics,11.802931156956147,Asia,,,1.0,0.6555096384734744
A01823,House-Johnston,True,Logistics,15305.14,18.0,Closed -Won,Automation,12.94466790185625,North America,,,2.0,1.269627797639201
A01824,Good PLC,True,FinTech,15486.41,52.0,Closed -Won,Premium Support,13.982839459484127,North America,,,1.0,2.2422769888652114
A01825,Bush-Wilson,True,MarTech,7082.03,46.0,Closed -Won,Core,12.437999106172411,LATAM,,,1.0,2.084390507838676
A01826,Nixon-Miller,True,MarTech,48909.81,54.0,Negotiation,API,14.994296312109649,Europe,,,3.0,3.8581776169382103
A01827,"Simon, Terrell and Terrell",True,FinTech,1653.27,7.0,Closed -Won,Core,15.372317048369213,Europe,,,0.0,2.483081552082186
A01828,Marshall-Miller,True,HealthTech,4467.55,59.0,Closed -Won,Automation,20.518119870859763,Asia,,,1.0,3.909167283314702
A01829,"Davis, Kennedy and Harmon",True,Logistics,6939.04,37.0,Closed -Lost,Core,14.834570088087114,Asia,,,0.0,2.7151394039899266
A01830,"Miller, Schultz and Yates",True,EdTech,4505.89,58.0,Closed -Won,Core,8.263272033443489,Asia,,,4.0,3.0857067433050345
A01831,Austin-Berger,True,HealthTech,3165.88,21.0,Negotiation,Automation,17.48905724251604,Asia,,,1.0,1.6410977283790416
A01832,"Osborne, Harrison and Hunt",True,EdTech,39319.13,57.0,Closed -Won,Core,13.388388075091422,Asia,,,1.0,0.9254907166707083
A01833,Berry-Rivera,True,EdTech,23283.03,35.0,Closed -Won,Analytics,20.035776088810564,LATAM,,,2.0,1.5510401091991204
A01834,Yu-Yates,True,HealthTech,27798.68,5.0,Closed -Lost,Analytics,18.412773357515924,Asia,,,0.0,1.9881304693220012
A01835,Jackson-Neal,True,FinTech,11567.1,25.0,Closed -Lost,Analytics,12.4841978488653,LATAM,,,1.0,1.3718411159949788
A01836,"Curry, Acosta and Elliott",True,Logistics,32362.36,9.0,Closed -Won,Core,16.165708351613524,North America,,,1.0,0.9988575755291487
A01837,Soto PLC,True,Logistics,22522.6,56.0,Closed -Won,Core,0.0,Asia,,,2.0,29.335336338400804
A01838,Berry Ltd,True,MarTech,11197.3,18.0,Closed -Won,Analytics,14.008072479244081,Asia,,,0.0,0.9946028338027477
A01839,Lamb-Weber,True,E -Commerce,20936.53,14.0,Closed -Won,Analytics,16.027954443061862,Europe,,,0.0,0.4665080518814695
A01840,Washington-Martinez,True,SMB SaaS,4980.07,33.0,Closed -Won,Premium Support,17.33900061813953,Europe,,,3.0,0.8779138861024043
A01841,York LLC,True,Logistics,18834.17,26.0,Closed -Won,Automation,16.68561748665872,LATAM,,,0.0,1.7656445117367516
A01842,Anderson-Campbell,True,FinTech,13405.55,6.0,Closed -Won,Analytics,14.224968895738483,LATAM,,,0.0,1.0090808922354768
A01843,Smith-Rodriguez,True,SMB SaaS,39023.26,49.0,Closed -Lost,Core,21.450271700243647,LATAM,,,1.0,1.77191009668149
A01844,Kent Ltd,True,FinTech,29173.19,50.0,Closed -Won,Premium Support,12.904938780418732,Europe,,,0.0,2.60044430527921
A01845,Hopkins LLC,True,FinTech,4898.37,44.0,Closed -Won,Core,9.178398104902108,Asia,,,1.0,2.574443046863351
A01846,Green Ltd,True,MarTech,7561.77,37.0,Closed -Won,Premium Support,9.755902114372025,Asia,,,1.0,1.339174090910689
A01847,Washington PLC,True,CyberSecurity,50262.54,24.0,Closed -Won,Premium Support,18.422023190367028,Asia,,,1.0,0.6960584129610505
A01848,Cooper Inc,True,FinTech,11528.14,32.0,Closed -Won,Premium Support,13.770041240459587,LATAM,,,1.0,1.4243765348507926
A01849,Larson and Sons,True,EdTech,4792.35,31.0,Closed -Won,Core,14.477172494162277,North America,,,0.0,2.65564480978355
A01850,Mullins-Gutierrez,True,EdTech,24038.03,10.0,Closed -Won,Core,2.940706022157254,Asia,,,3.0,16.952566056190747
A01851,Young-Alexander,True,MarTech,35443.66,5.0,Closed -Won,API,12.64189256210243,North America,,,0.0,2.352889921033353
A01852,"Jackson, Lane and Wilkinson",True,SMB SaaS,13009.77,15.0,Closed -Lost,Analytics,3.0616213634983835,North America,,,5.0,22.505954398324512
A01853,May Inc,True,EdTech,20453.77,27.0,Negotiation,Core,0.6881479115545215,Europe,,,4.0,22.09584460051583
A01854,Jackson Group,True,HealthTech,14391.69,10.0,Closed -Won,Analytics,13.707860247388698,North America,,,0.0,1.516772071870472
A01855,Turner-Reese,True,FinTech,24250.35,7.0,Closed -Lost,API,15.305016133410204,LATAM,,,0.0,3.48656325398649
A01856,"Hall, Vega and Price",True,HealthTech,8346.87,51.0,Negotiation,Core,15.01831515595245,Europe,,,1.0,1.7394504792082564
A01857,Thomas-Berg,True,HealthTech,17862.18,23.0,Closed -Won,Core,3.8808273754795923,North America,,,2.0,16.712023264709874
A01858,Roberts Group,True,E -Commerce,28678.4,35.0,Closed -Lost,API,9.623808124091639,North America,,,1.0,2.708572468672762
A01859,Gregory-Nixon,True,MarTech,11221.07,31.0,Closed -Won,Core,9.362601212001927,North America,,,0.0,0.022941580747375623
A01860,"Blanchard, Davis and Schmidt",True,MarTech,27307.53,44.0,Closed -Lost,API,2.328719469698965,LATAM,,,5.0,26.89879544224367
A01861,Blanchard-Reynolds,True,Logistics,23461.06,44.0,Closed -Won,Automation,4.582281276988471,Asia,,,5.0,27.922859654955545
A01862,"Garrison, Rogers and Adams",True,E -Commerce,6007.58,18.0,Closed -Won,Automation,1.8736456753583954,Europe,,,6.0,30.69560353436478
A01863,Scott PLC,True,HealthTech,8582.2,51.0,Closed -Won,Automation,11.976179579039314,North America,,,2.0,2.879314983395656
A01864,Murray-Leonard,True,MarTech,25415.91,22.0,Closed -Won,Analytics,14.028529201289361,LATAM,,,3.0,4.068771855120065
A01865,Navarro PLC,True,EdTech,8504.77,50.0,Closed -Won,Automation,11.553911622850489,Asia,,,2.0,1.7423274953009469
A01866,Meyer Ltd,True,Logistics,1715.31,24.0,Closed -Won,Analytics,10.063753714502328,North America,,,1.0,2.8541566653663795
A01867,"Kaiser, Edwards and Smith",True,EdTech,16904.47,7.0,Closed -Won,Automation,12.233679438872898,Asia,,,0.0,3.4846253176907442
A01868,Decker Inc,True,HealthTech,16043.24,45.0,Closed -Won,Core,17.978554890288738,North America,,,0.0,2.2083317001827596
A01869,Davis-Garcia,True,CyberSecurity,24532.07,2.0,Closed -Won,API,16.52223610077191,Europe,,,0.0,1.9746869350849603
A01870,Bell-Hardy,True,MarTech,33748.28,46.0,Closed -Won,Core,11.089855995133934,LATAM,,,0.0,1.7543120722579078
A01871,Lee-Johnson,False,FinTech,399747.49,3.0,Closed -Won,API,13.850723238480208,North America,4.6,-0.17,0.8333333333333334,2.4574006396559684
A01872,Brown PLC,True,CyberSecurity,19170.99,13.0,Closed -Won,Analytics,5.650392217307897,Europe,,,6.0,29.36025502802657
A01873,"Shannon, Robinson and Greene",True,HealthTech,4572.75,36.0,Closed -Won,Core,12.287085814437988,North America,,,1.0,2.4618049060391805
A01874,Erickson Inc,True,Logistics,11746.71,56.0,Closed -Won,Core,14.238758734498191,North America,,,0.0,2.427463075816867
A01875,Gates and Sons,True,Logistics,58740.58,25.0,Closed -Won,Automation,15.205542341194436,Asia,,,2.0,1.948797098792045
A01876,Douglas-Yoder,True,EdTech,21984.73,8.0,On -Hold,Analytics,15.172791655532393,North America,,,1.0,0.4070454749272234
A01877,"Pratt, Lopez and Rodriguez",True,E -Commerce,34608.96,14.0,Closed -Won,API,14.762436283070858,North America,,,1.0,2.8977163887565967
A01878,King Group,True,E -Commerce,11672.09,53.0,Negotiation,Automation,12.03890847865247,North America,,,0.0,0.7153748803851521
A01879,"Mayer, Fowler and Livingston",True,CyberSecurity,10381.14,43.0,Closed -Won,Analytics,12.347076237443554,North America,,,1.0,2.6193856420858213
A01880,Hammond-Schwartz,True,FinTech,10163.6,6.0,Closed -Lost,Premium Support,3.9490733702779597,LATAM,,,6.0,26.39594443628862
A01881,"Carrillo, Morris and Martin",True,EdTech,28111.8,23.0,Closed -Won,Core,9.315990219493184,Asia,,,0.0,0.8595678955092736
A01882,Ramirez Inc,True,HealthTech,13351.2,16.0,Closed -Won,Core,0.36882139801993485,North America,,,5.0,26.444321743478802
A01883,Price-Ferrell,True,CyberSecurity,4439.24,11.0,Closed -Lost,Core,16.448778843761573,LATAM,,,3.0,4.121474551389745
A01884,Sosa-Baker,True,FinTech,14216.34,50.0,Closed -Won,Automation,1.0571133665590577,Europe,,,2.0,20.947957381383578
A01885,Jones-Krause,True,E -Commerce,10572.02,37.0,Closed -Won,Core,14.818919732372771,North America,,,2.0,0.7797863245654812
A01886,Bishop and Sons,True,CyberSecurity,29244.58,11.0,Closed -Won,Analytics,16.353893640150183,LATAM,,,0.0,2.8008792397130406
A01887,"Vasquez, Thomas and Mack",True,SMB SaaS,48397.98,39.0,Closed -Won,Analytics,3.457076666822827,North America,,,4.0,27.77852089697361
A01888,Mendez Inc,True,EdTech,4565.95,25.0,Closed -Won,Automation,3.1066915725983004,LATAM,,,3.0,16.509058363084492
A01889,Baldwin-Garcia,True,FinTech,22475.4,4.0,Negotiation,Automation,18.93863060137512,LATAM,,,4.0,2.519769548046467
A01890,Jones Ltd,True,CyberSecurity,31974.49,27.0,Closed -Won,Core,15.655823053272119,LATAM,,,2.0,1.0833821842168714
A01891,Waters-Smith,True,FinTech,25430.27,11.0,Closed -Won,Core,8.388628552813135,North America,,,2.0,2.321188342222438
A01892,Hernandez-Bowman,True,FinTech,10471.91,15.0,Closed -Won,API,15.975018387234833,Europe,,,1.0,1.1873099618976357
A01893,Ortega LLC,True,SMB SaaS,12386.69,52.0,Closed -Won,Automation,6.00403249090045,LATAM,,,4.0,26.467048802970044
A01894,Graves Group,True,Logistics,15715.35,42.0,Closed -Won,Core,16.07392079027828,Asia,,,2.0,2.1834983246059356
A01895,"Smith, Zimmerman and Wise",True,CyberSecurity,9167.9,8.0,Closed -Won,API,11.929754700197678,North America,,,2.0,0.0
A01896,Graham-Anthony,True,Logistics,17998.7,51.0,Closed -Won,Core,13.840902666764105,Europe,,,0.0,2.3820125407045882
A01897,Fernandez Inc,True,FinTech,36117.24,34.0,Closed -Won,Core,12.387371694311152,Asia,,,0.0,1.7102686715696098
A01898,Finley-Meyers,True,FinTech,22271.39,52.0,Closed -Won,Core,14.009473168215516,Europe,,,2.0,3.416717642190805
A01899,Martinez-Nichols,True,EdTech,3534.73,45.0,Closed -Won,Automation,12.298159478266964,Europe,,,2.0,2.3952078490158515
A01900,Cook-Turner,True,FinTech,14433.33,21.0,Negotiation,API,3.0341600004063576,Asia,,,4.0,23.580628038710834
A01901,Chen Ltd,True,SMB SaaS,45281.23,32.0,Closed -Won,Analytics,10.473184975067968,Asia,,,0.0,1.289459198979075
A01902,Diaz LLC,True,FinTech,8299.46,32.0,Closed -Won,API,15.471978786241975,LATAM,,,2.0,1.2099322491820366
A01903,Randall LLC,True,E -Commerce,25384.3,43.0,Closed -Won,Analytics,14.525855625931776,LATAM,,,1.0,1.9743506689394348
A01904,"Harris, Spencer and Ponce",True,Logistics,6039.05,15.0,Negotiation,Core,9.150403477687547,LATAM,,,1.0,1.6393838732061505
A01905,"Lee, Dominguez and Mosley",True,CyberSecurity,22136.86,20.0,Closed -Won,Automation,2.815862510561831,Europe,,,3.0,20.719773297159534
A01906,"Barker, Tucker and Mcclure",True,HealthTech,12395.21,15.0,Closed -Won,Core,13.47113612103651,Asia,,,2.0,1.8466809412766725
A01907,Moss-Taylor,True,MarTech,39089.63,18.0,Closed -Won,Premium Support,14.48528718870773,North America,,,2.0,0.7751782500162716
A01908,Johnson PLC,True,E -Commerce,38931.6,10.0,Closed -Won,Automation,16.293685016087558,North America,,,0.0,1.1724190863113393
A01909,Burns Inc,True,Logistics,4719.52,3.0,Closed -Won,API,14.984726727079952,LATAM,,,2.0,2.9650510846140046
A01910,"Schneider, Porter and Hanna",True,MarTech,14133.75,56.0,Closed -Won,Analytics,17.4956094753827,Asia,,,0.0,1.8327426557370732
A01911,Levy-Smith,True,EdTech,11487.53,5.0,Closed -Won,Automation,13.120113433383768,Asia,,,2.0,1.7792882320502388
A01912,Brown-French,True,Logistics,24924.21,53.0,Closed -Won,Core,17.103288158681117,LATAM,,,0.0,3.0601875692177964
A01913,Sullivan and Sons,False,SMB SaaS,652800.51,1.0,Closed -Lost,Automation,11.167723184329882,Europe,,,1.25,4.933327662079603
A01914,"Contreras, Ellis and Gregory",True,MarTech,13537.95,46.0,Closed -Lost,Core,2.230169625508227,Europe,,,8.0,17.249777828212615
A01915,"Hernandez, Riley and Buckley",True,FinTech,36381.78,20.0,Negotiation,API,15.210887518393713,Europe,,,3.0,1.147133353643358
A01916,Moss Group,True,E -Commerce,12837.03,31.0,Negotiation,API,3.271828804615127,Europe,,,2.0,22.88086667722173
A01917,"Smith, Meadows and Montgomery",True,SMB SaaS,17284.79,17.0,Closed -Lost,Core,16.164237120677882,Europe,,,1.0,1.7504884796619105
A01918,Haynes and Sons,True,SMB SaaS,13714.34,29.0,Closed -Won,Core,12.671163559070461,North America,,,2.0,0.43957037991556724
A01919,Jackson Inc,True,MarTech,25037.03,27.0,Closed -Won,Analytics,3.6032654659253556,Europe,,,6.0,33.86508725165957
A01920,Hoover-Davis,True,HealthTech,40697.14,32.0,Closed -Won,Premium Support,13.850737557215503,Asia,,,0.0,2.1634969460844484
A01921,"Jackson, Garza and Meyers",True,E -Commerce,28549.56,24.0,Closed -Won,API,4.804367855910843,LATAM,,,2.0,31.657348400480455
A01922,Wilson PLC,True,Logistics,12156.99,32.0,Closed -Won,Analytics,10.84342339602096,North America,,,0.0,2.4196102597833704
A01923,"Walker, Brock and Simmons",True,SMB SaaS,5959.9,49.0,Closed -Won,Premium Support,7.615842592105875,Europe,,,1.0,0.7014757541501049
A01924,"Gregory, Nguyen and Daugherty",True,FinTech,9134.78,26.0,Closed -Won,Automation,9.352211726513868,Europe,,,1.0,2.3028789164294907
A01925,"Gardner, Morris and Oconnell",True,EdTech,34399.32,22.0,Negotiation,API,19.956219083334574,Europe,,,0.0,2.907453783202006
A01926,Duran PLC,True,MarTech,17712.93,8.0,Negotiation,Analytics,12.030499251110669,LATAM,,,1.0,3.1403102303706545
A01927,Rogers Inc,True,FinTech,18963.07,22.0,Closed -Lost,Analytics,19.710380899463434,Asia,,,3.0,2.7212633250129525
A01928,Thomas-Perry,True,SMB SaaS,27472.72,8.0,Closed -Won,Core,15.20946380346674,LATAM,,,1.0,2.5131296585920246
A01929,"Wood, Martin and Sanchez",True,FinTech,15971.92,11.0,Negotiation,Automation,13.850725935091685,Europe,,,1.0,0.26257873522958586
A01930,"Williams, Garcia and Boone",True,CyberSecurity,29877.07,57.0,Closed -Won,Core,4.39991770347102,North America,,,4.0,22.95437530486516
A01931,"Bennett, Moore and Hobbs",True,SMB SaaS,13816.17,6.0,Closed -Won,API,14.014006686728147,North America,,,0.0,1.0434256505635537
A01932,Smith and Sons,True,CyberSecurity,11727.96,29.0,Closed -Won,Automation,1.4512229286344818,Asia,,,2.0,22.17926705427479
A01933,Mann PLC,True,Logistics,6608.19,50.0,Closed -Won,Analytics,18.672910232050217,LATAM,,,0.0,3.13037949237705
A01934,Butler-Aguirre,True,EdTech,2182.07,57.0,Negotiation,Core,14.822715958092736,LATAM,,,0.0,1.0494711892798065
A01935,Schwartz-Harris,True,Logistics,17992.66,9.0,Negotiation,Core,10.553994902284952,LATAM,,,1.0,1.9540218162939844
A01936,"Nelson, Cole and Allen",True,MarTech,26308.61,10.0,Closed -Won,API,4.491728999566864,Asia,,,2.0,23.580888088994048
A01937,Bishop Inc,True,FinTech,26184.31,22.0,Closed -Won,Core,11.44222446982262,Asia,,,2.0,2.9007912574890335
A01938,"White, Porter and Clements",True,EdTech,35271.4,33.0,Negotiation,Core,4.835570689791464,North America,,,4.0,27.977991887095275
A01939,"Serrano, Turner and Barnes",True,EdTech,15165.66,57.0,Closed -Won,Core,18.895161308326276,Europe,,,3.0,0.0
A01940,"Young, Wilson and Moreno",True,E -Commerce,34933.41,13.0,Closed -Won,Analytics,14.587678504902756,North America,,,3.0,2.0381485108408217
A01941,Montgomery PLC,True,EdTech,16548.89,10.0,Closed -Won,Analytics,13.090758693430539,Europe,,,0.0,0.0
A01942,"Robinson, Townsend and Hopkins",True,MarTech,6517.49,15.0,Closed -Won,Core,2.4153166535849735,LATAM,,,4.0,27.120238140515244
A01943,Brown-Rodriguez,True,MarTech,21782.65,52.0,Negotiation,API,11.064279377405136,North America,,,0.0,2.592207773582742
A01944,Jennings Group,True,EdTech,6877.75,2.0,Negotiation,Analytics,6.8770510846806925,North America,,,3.0,29.695965263081263
A01945,Thompson-Santiago,True,CyberSecurity,15153.91,23.0,Closed -Won,Analytics,15.388897998638392,Europe,,,2.0,1.3774317487440073
A01946,Brown LLC,True,EdTech,31282.91,8.0,Closed -Won,Automation,1.012734576029971,LATAM,,,6.0,24.027906196640583
A01947,Clark-King,True,Logistics,1331.35,10.0,Closed -Won,Core,12.092257335826078,LATAM,,,0.0,2.6515098396603243
A01948,"Trujillo, Chang and Williams",True,EdTech,17152.87,55.0,Closed -Won,Analytics,11.85878726243719,North America,,,0.0,0.8242799915856425
A01949,"Williams, Medina and Moore",True,Logistics,104236.12,1.0,Closed -Won,Core,12.49000513766938,North America,,,2.75,10.238271125978955
A01950,Washington Inc,True,EdTech,31394.98,19.0,On -Hold,Core,5.339767229150898,Asia,,,3.0,37.015221872058135
A01951,Jacobson Ltd,True,FinTech,43083.42,55.0,On -Hold,API,14.344377590709684,LATAM,,,0.0,1.39455366929419
A01952,Watkins-Nguyen,True,HealthTech,13063.36,36.0,Closed -Won,API,13.195344238871638,Asia,,,1.0,2.141380572225596
A01953,Burgess LLC,True,Logistics,24174.43,5.0,Closed -Lost,API,12.20047677502011,Asia,,,0.0,1.8606655148202607
A01954,Maxwell LLC,True,Logistics,4779.85,28.0,Closed -Won,Premium Support,14.005238940350987,Asia,,,3.0,2.780073950247865
A01955,Garcia Ltd,True,HealthTech,19569.45,58.0,Closed -Won,Automation,12.349334745689632,LATAM,,,2.0,1.6395399098530674
A01956,Kane-Bennett,True,E -Commerce,7412.12,24.0,Closed -Won,Core,13.708909272934338,Asia,,,0.0,2.2270904933788596
A01957,Jones PLC,True,E -Commerce,8199.41,32.0,Closed -Won,API,15.23969846901177,Europe,,,1.0,1.3790683818466873
A01958,Brown-Graham,True,HealthTech,14403.86,32.0,Closed -Won,API,12.784061171628895,Asia,,,0.0,1.0621571613082674
A01959,Reilly Group,True,MarTech,8285.58,39.0,Closed -Won,API,13.431235812157707,Europe,,,1.0,2.1715327919098484
A01960,Hughes and Sons,True,CyberSecurity,20136.87,12.0,Closed -Won,Analytics,13.443636544783086,Europe,,,2.0,1.1032323329814306
A01961,Cortez-Chen,True,SMB SaaS,16017.68,50.0,Closed -Won,Premium Support,2.9971907846353703,LATAM,,,7.0,21.863873891730623
A01962,Harris-Martinez,True,Logistics,9868.83,59.0,Closed -Won,Analytics,12.675656368951367,Europe,,,1.0,2.592232532177124
A01963,"Carroll, Ramirez and Rodriguez",True,FinTech,9276.81,9.0,Closed -Won,Automation,16.28658980881042,North America,,,4.0,1.2348855436561128
A01964,Ellis-Jackson,True,HealthTech,22435.61,49.0,Closed -Won,Analytics,8.687791913070672,Asia,,,0.0,2.2137804318731824
A01965,Robinson-Phillips,True,MarTech,26050.8,49.0,Closed -Won,Automation,18.72283957700379,Europe,,,0.0,1.2303000996659834
A01966,Clarke Ltd,True,HealthTech,17126.07,44.0,Closed -Won,Core,14.406588389608991,Asia,,,1.0,0.395687194198324
A01967,"Whitehead, Lane and Tran",True,E -Commerce,24697.25,22.0,Closed -Won,Core,15.830052727959544,Europe,,,0.0,1.4027748325529632
A01968,Miller PLC,True,FinTech,6734.96,28.0,Closed -Won,Analytics,16.17523334944663,Asia,,,1.0,1.9496831707272897
A01969,Atkins-Robinson,True,FinTech,7616.53,50.0,Closed -Won,Analytics,11.875822519908287,LATAM,,,0.0,2.5214087249135337
A01970,Hood-Ramirez,True,FinTech,10168.55,10.0,Closed -Won,Core,0.0,Asia,,,4.0,27.383528080202467
A01971,"Patterson, Salas and Wright",True,EdTech,6266.7,49.0,Closed -Won,API,10.903192146038519,Asia,,,0.0,2.9076746150282284
A01972,Riley-Snow,True,Logistics,1510.0,55.0,Closed -Won,Automation,13.258795910514234,North America,,,0.0,1.0188338285834257
A01973,"Shah, Mcintyre and Villanueva",True,HealthTech,13335.46,41.0,Negotiation,Automation,16.097614074653087,Asia,,,0.0,1.62330161208784
A01974,Baird-Williams,True,SMB SaaS,8840.15,21.0,Negotiation,Core,12.248713924337528,Asia,,,0.0,3.6443667017663253
A01975,Quinn-Gordon,True,EdTech,11728.92,33.0,Closed -Won,Analytics,15.823794920534915,LATAM,,,1.0,0.06891994704917526
A01976,Schmidt-Mendoza,True,FinTech,8134.62,3.0,Closed -Won,Automation,6.896236343416403,Asia,,,4.0,1.5480456940740055
A01977,"Nicholson, Chavez and Allen",True,EdTech,11286.28,55.0,On -Hold,Premium Support,12.843298394074251,Asia,,,0.0,0.9285060522373514
A01978,"Mullins, Steele and Russell",True,CyberSecurity,15921.21,21.0,Closed -Lost,Core,17.50141210283469,LATAM,,,0.0,1.804601595745921
A01979,Anderson LLC,True,FinTech,23938.61,4.0,On -Hold,Core,13.487086132901194,Europe,,,0.0,1.5655525125638834
A01980,Holland Inc,True,FinTech,33422.72,47.0,Closed -Won,Core,11.5125690915015,Asia,,,2.0,2.602155438090083
A01981,Castillo LLC,True,Logistics,12881.9,39.0,Closed -Won,Analytics,12.02947033358721,North America,,,0.0,2.255520659409505
A01982,Warner PLC,True,E -Commerce,8709.87,37.0,Closed -Won,Automation,4.915932310795359,LATAM,,,2.0,0.6943824280897197
A01983,"Silva, Bray and Ford",True,EdTech,3516.38,4.0,Closed -Won,Core,10.964594088764237,Asia,,,2.0,1.4118379268209127
A01984,Sawyer Group,True,Logistics,52863.89,45.0,Closed -Won,API,2.341572561247552,Asia,,,5.0,35.37975421193741
A01985,Clarke LLC,True,Logistics,25693.57,38.0,Closed -Won,Core,12.252191699311306,Europe,,,0.0,2.739380884039014
A01986,"Marshall, Schultz and Dalton",True,EdTech,17625.12,47.0,Closed -Won,Core,12.606366913996323,North America,,,3.0,4.432956284679927
A01987,Cruz Ltd,True,E -Commerce,5087.33,49.0,Closed -Won,Analytics,7.004563438890776,Europe,,,1.0,2.702795788955417
A01988,Schmidt-Phillips,True,FinTech,1820.31,13.0,Closed -Won,Analytics,9.107486620662314,Asia,,,0.0,0.9875000794505144
A01989,Wolfe-Salazar,True,EdTech,3380.95,13.0,Closed -Won,Core,17.570147535799258,LATAM,,,1.0,1.9061547446008034
A01990,"Norton, French and Miller",True,E -Commerce,10457.89,55.0,Closed -Won,Core,15.851882241984683,North America,,,1.0,2.180976195033809
A01991,Fitzgerald-Brown,True,HealthTech,9047.66,32.0,Closed -Lost,Core,10.107682905681706,North America,,,0.0,1.4806091296564787
A01992,"Cox, Williams and Reyes",True,SMB SaaS,8509.51,26.0,Closed -Won,Premium Support,3.376244487211644,Europe,,,3.0,23.28027190751756
A01993,Harvey-Diaz,True,SMB SaaS,9536.26,17.0,Closed -Won,Automation,13.91248297100365,Europe,,,1.0,0.0
A01994,Wong Ltd,True,EdTech,28464.5,38.0,Closed -Won,Analytics,10.411616803529732,North America,,,0.0,2.5531496213279996
A01995,Castro and Sons,True,MarTech,5049.75,45.0,Closed -Won,Premium Support,7.987568349459197,Europe,,,1.0,1.5236125775695273
A01996,Zavala and Sons,True,HealthTech,6484.92,1.0,Closed -Won,Analytics,13.522368837681693,Europe,,,3.0,1.8902947683044753
A01997,"Wilson, Mendoza and Crosby",True,E -Commerce,6685.9,33.0,On -Hold,Core,15.717825686519722,North America,,,2.0,3.4657229390265
A01998,"Pitts, Warner and Mullins",True,FinTech,10236.57,59.0,Closed -Won,Analytics,15.775571959189861,North America,,,1.0,0.7384828243910779
A01999,Flores LLC,True,MarTech,3472.2,17.0,Closed -Won,Automation,1.5345113052905845,LATAM,,,1.0,22.733043624336002
A02000,"Frazier, Ramirez and Brown",True,E -Commerce,21387.21,17.0,Negotiation,API,1.938652153177787,Asia,,,3.0,26.10254429074421
A02001,Chavez-Mason,True,E -Commerce,8632.43,52.0,Closed -Won,Premium Support,1.875083373419624,Asia,,,3.0,26.290415035345127
A02002,Harrison PLC,True,E -Commerce,13509.85,4.0,Closed -Won,Analytics,13.194645907312635,LATAM,,,0.0,0.3858076944798239
A02003,"Bryan, Lam and Hayes",True,HealthTech,15354.69,24.0,Closed -Won,Premium Support,13.738337943508423,North America,,,1.0,3.3503966273013273
A02004,Marsh-Dougherty,True,Logistics,11629.84,28.0,Closed -Won,Automation,13.364655099097588,Asia,,,0.0,1.788645949593644
A02005,Lopez Group,True,CyberSecurity,25990.61,48.0,Closed -Won,Automation,12.018655458177452,Asia,,,2.0,1.4724591499219715
A02006,Miller and Sons,True,Logistics,32812.01,8.0,Closed -Won,Premium Support,4.946628637353186,Europe,,,0.0,1.6895171178070802
A02007,Mullen-Jones,True,MarTech,5507.43,26.0,Closed -Won,Core,17.48548706171202,Europe,,,3.0,1.6178536089944164
A02008,Hill Ltd,True,SMB SaaS,8305.43,9.0,Closed -Won,API,14.989970496425267,North America,,,2.0,0.8098203272502238
A02009,Crawford and Sons,True,MarTech,7030.97,47.0,Closed -Won,Core,9.547130637390477,Asia,,,2.0,2.1649505860773184
A02010,"Crane, Johnson and Butler",True,Logistics,4419.18,38.0,Closed -Won,Automation,15.419394958978266,Asia,,,0.0,1.4027669920859993
A02011,"Weaver, Anderson and Reed",True,HealthTech,23322.95,30.0,Negotiation,Analytics,12.65808557899559,North America,,,2.0,2.6708882721498295
A02012,Rojas-Smith,True,HealthTech,20104.16,24.0,Closed -Won,Core,12.74308305074681,LATAM,,,0.0,2.5175954936151803
A02013,Brown and Sons,True,E -Commerce,8518.85,10.0,Closed -Won,Analytics,11.694756195532902,Europe,,,0.0,3.62566941176381
A02014,"Newman, Jenkins and Cooper",True,E -Commerce,8254.73,55.0,Closed -Won,Core,15.610791417956793,LATAM,,,1.0,1.7883668566273194
A02015,"Buchanan, Tucker and Wade",True,CyberSecurity,17281.01,39.0,Closed -Won,Analytics,11.600529285451403,North America,,,4.0,1.1967502489551836
A02016,"Wilkinson, Wallace and Torres",True,EdTech,12234.84,19.0,Negotiation,Core,3.877703579191197,Asia,,,4.0,28.543706093310252
A02017,Villanueva LLC,True,Logistics,17517.17,25.0,Closed -Won,Premium Support,17.395234431817986,Europe,,,0.0,4.1933433860748135
A02018,Mccormick and Sons,True,EdTech,9624.7,43.0,Closed -Won,Analytics,13.463355770699826,Asia,,,0.0,2.6621079965161334
A02019,Watson-Roberts,True,E -Commerce,16316.23,43.0,Closed -Won,Premium Support,13.557540830023376,North America,,,1.0,1.3075800788202088
A02020,Hernandez LLC,True,SMB SaaS,26840.98,28.0,Closed -Won,Core,16.077392360829997,LATAM,,,1.0,3.693155089267136
A02021,Huber-Montgomery,True,E -Commerce,13567.77,18.0,Closed -Won,Core,11.997239897461471,Europe,,,1.0,3.356162383886032
A02022,Joseph LLC,True,CyberSecurity,38363.9,39.0,Closed -Won,Premium Support,12.595540482059343,Asia,,,0.0,0.6487224975448627
A02023,Mcpherson Ltd,True,SMB SaaS,17782.06,39.0,Closed -Won,API,14.917145809168506,LATAM,,,1.0,1.246525124916028
A02024,"Conway, Bauer and Martin",True,SMB SaaS,2130.4,36.0,Closed -Won,Core,9.375867192608702,LATAM,,,3.0,1.86767515483963
A02025,Williams LLC,False,MarTech,161520.48,5.0,Closed -Won,Automation,10.89973931658011,North America,,,2.142857142857143,9.805412211364281
A02026,"Martinez, Green and Lopez",True,MarTech,22181.59,28.0,Closed -Won,Core,11.732865622455899,LATAM,,,1.0,1.903420537089146
A02027,"Mann, Wade and Spence",True,HealthTech,19197.45,37.0,Closed -Won,Core,16.566417777365444,North America,,,2.0,2.711961946439788
A02028,Watson PLC,True,E -Commerce,21919.73,57.0,Negotiation,API,15.639989980549727,Europe,,,1.0,0.6267391416777066
A02029,Ferguson Inc,True,SMB SaaS,15939.42,32.0,Closed -Won,API,15.24364507092509,North America,,,0.0,2.293000547973937
A02030,Sullivan Group,True,MarTech,37103.05,21.0,Negotiation,API,9.179124054336329,North America,,,1.0,3.168497975432705
A02031,Gould LLC,True,EdTech,23859.25,33.0,Closed -Won,Core,13.68981381447854,LATAM,,,1.0,2.400220239270522
A02032,Smith Ltd,True,FinTech,15044.04,11.0,Closed -Won,Core,10.468200318757168,North America,,,1.0,1.9243836452199086
A02033,"Cantrell, Rivera and Thornton",True,MarTech,17822.94,6.0,On -Hold,Core,13.889408291068921,LATAM,,,0.0,1.3318982404237438
A02034,Kemp-Montes,True,HealthTech,49913.35,41.0,Closed -Won,Analytics,7.054160969330784,Asia,,,2.0,2.8308418720993513
A02035,"Estrada, Marsh and Chandler",True,SMB SaaS,35085.4,59.0,Closed -Won,Core,9.377503194874272,North America,,,1.0,0.8230798879519645
A02036,Morgan-Rodriguez,True,E -Commerce,12493.06,50.0,Negotiation,API,0.0,LATAM,,,3.0,22.126492883007046
A02037,Mccullough-Taylor,True,HealthTech,18114.35,35.0,Closed -Won,Automation,15.107159528019682,Europe,,,1.0,2.0255157330533153
A02038,"Wilson, Johnson and Williamson",True,FinTech,36879.94,3.0,Closed -Won,Premium Support,2.6527162696545954,Europe,,,5.0,27.333076929901456
A02039,Griffin Inc,True,Logistics,6464.17,59.0,Closed -Won,Automation,1.7316921198078126,LATAM,,,3.0,34.78888068665632
A02040,Brown-Davidson,True,SMB SaaS,10654.61,27.0,Closed -Won,Core,10.74723824723872,LATAM,,,2.0,1.5022641881068828
A02041,"Fox, Harrington and Wang",True,Logistics,28011.76,18.0,Closed -Lost,Analytics,14.600467265265577,LATAM,,,3.0,0.7581351293685767
A02042,Johnson PLC,True,FinTech,8022.82,53.0,Closed -Won,Premium Support,12.969103071222962,North America,,,2.0,2.437284274600409
A02043,Rhodes-Rosario,True,FinTech,12394.46,45.0,Closed -Won,Core,5.0527885882039705,LATAM,,,4.0,25.127628208600736
A02044,"Foster, Henry and Morrison",True,HealthTech,17404.42,45.0,Closed -Won,Core,13.445708839968951,Europe,,,1.0,1.1379260227301486
A02045,"Harding, Kerr and Ward",True,Logistics,25431.64,17.0,Closed -Won,Core,14.1761614767336,Europe,,,3.0,1.233183733322718
A02046,Baldwin Group,True,Logistics,5001.03,59.0,Closed -Won,API,9.834489595833887,Asia,,,1.0,2.5371054964629085
A02047,Hughes-Smith,True,Logistics,26622.34,27.0,Closed -Won,Premium Support,4.990314706730932,North America,,,4.0,28.64873739497246
A02048,Bell-Madden,True,FinTech,16299.81,32.0,Closed -Lost,Analytics,14.530974215203958,Europe,,,1.0,0.985834035020317
A02049,"Miller, Luna and Wallace",True,HealthTech,17091.09,45.0,Closed -Won,Analytics,12.88164286636044,Europe,,,1.0,2.896361425517383
A02050,Lara-Roberts,True,SMB SaaS,3619.65,39.0,Closed -Won,API,12.543114399277304,North America,,,1.0,1.8338794241705276
A02051,"Waller, Coleman and Mosley",True,SMB SaaS,14334.32,11.0,On -Hold,Automation,14.98072887684597,Asia,,,0.0,2.955445085984307
A02052,Houston PLC,True,CyberSecurity,5679.97,18.0,Closed -Won,Core,0.823990833867414,Europe,,,6.0,26.795905740930575
A02053,Thomas LLC,True,FinTech,39201.43,22.0,Closed -Won,API,14.434908110923482,LATAM,,,3.0,1.998874100603368
A02054,Mcneil-Fox,True,FinTech,11681.57,56.0,Closed -Lost,Premium Support,17.43255885041941,Europe,,,2.0,2.156299271936217
A02055,Jones-Choi,True,FinTech,33766.42,43.0,Closed -Won,Premium Support,15.864807132556347,Asia,,,1.0,3.3872862671468233
A02056,Davis-Ortiz,True,CyberSecurity,16791.86,22.0,Closed -Won,Core,17.253060124003554,LATAM,,,0.0,3.30587282621027
A02057,Perry-Peters,True,Logistics,34122.82,44.0,Negotiation,Core,12.170840229960087,Europe,,,1.0,3.1532370381923354
A02058,"Bradley, Melendez and Gonzalez",True,CyberSecurity,2472.31,44.0,Closed -Won,Premium Support,13.379217515046795,Asia,,,0.0,1.371181130064608
A02059,Roberts-Henry,True,EdTech,7628.21,24.0,Closed -Won,Premium Support,13.391679287706006,Asia,,,0.0,1.0131704306167826
A02060,Davenport-Torres,True,Logistics,32518.13,24.0,On -Hold,Core,15.638831709691928,LATAM,,,3.0,2.7607914630609067
A02061,"Singh, Walker and Moody",True,FinTech,44389.28,53.0,Closed -Won,Core,1.792992169011158,North America,,,4.0,26.472507399204137
A02062,Baker Ltd,True,Logistics,12922.23,34.0,On -Hold,Core,14.375168573335674,LATAM,,,1.0,3.162818732118737
A02063,"Kennedy, Valdez and Stafford",True,SMB SaaS,9773.32,9.0,Closed -Won,API,16.630119732127593,LATAM,,,2.0,2.01304925733342
A02064,White-Knox,True,CyberSecurity,4684.34,43.0,Closed -Won,Core,12.310005569055882,Europe,,,3.0,2.72780854487415
A02065,"Sanchez, Wilson and Ramirez",True,SMB SaaS,3135.37,35.0,On -Hold,Core,16.656132658697373,North America,,,0.0,2.745387653085129
A02066,George LLC,True,E -Commerce,2867.47,31.0,Negotiation,Automation,5.0434072234402265,LATAM,,,4.0,20.240135721104597
A02067,"Castillo, Graham and Scott",True,MarTech,15236.23,43.0,Closed -Won,Core,16.032489037773992,Asia,,,0.0,2.1923736247369994
A02068,"Alvarez, Benson and Wilson",True,EdTech,14564.71,54.0,Closed -Won,Premium Support,14.402509350443639,Europe,,,2.0,2.098195336802805
A02069,"Quinn, Smith and Green",True,SMB SaaS,5649.53,20.0,Negotiation,Analytics,16.139969997214898,Europe,,,0.0,1.2119034667210977
A02070,"Brown, Flores and Johns",True,CyberSecurity,8654.83,25.0,Closed -Won,Analytics,11.317986604284531,North America,,,0.0,1.3139475624440473
A02071,Howard Inc,True,HealthTech,11873.14,12.0,Closed -Won,Premium Support,14.595086793080625,LATAM,,,1.0,1.2985096384903616
A02072,Ward-Fields,True,SMB SaaS,2318.26,39.0,Closed -Won,Core,14.901531430475368,Asia,,,1.0,0.400763223217496
A02073,Williams-Carter,True,FinTech,17400.43,24.0,On -Hold,Core,10.011453010545544,Asia,,,0.0,2.14285992734841
A02074,"Mayer, Palmer and Miranda",True,E -Commerce,18979.7,21.0,Closed -Won,Analytics,0.13770841016302748,Europe,,,4.0,23.57726786815218
A02075,Duran PLC,True,HealthTech,22320.38,42.0,Closed -Won,Analytics,10.253543822954555,North America,,,0.0,2.7619641356837024
A02076,Stephens LLC,True,CyberSecurity,20943.27,25.0,Closed -Won,Analytics,12.716245106271707,Europe,,,1.0,3.2607172829791122
A02077,"Marsh, Nelson and Wolfe",True,MarTech,13574.65,28.0,Closed -Won,Premium Support,14.119282877828896,Asia,,,1.0,3.324294364846529
A02078,Davis-Carpenter,True,MarTech,38924.73,26.0,Closed -Won,Premium Support,11.80779084610158,North America,,,1.0,3.4184654583097513
A02079,Smith PLC,True,CyberSecurity,10123.34,16.0,Closed -Won,Core,14.247662115860955,North America,,,1.0,1.2429189727109922
A02080,Watson-Washington,True,Logistics,20655.92,8.0,Closed -Won,Core,0.0,Asia,,,5.0,24.051917580865982
A02081,Mccall-Martin,True,MarTech,5360.32,49.0,Negotiation,Analytics,3.0363010558909305,LATAM,,,6.0,26.104406924617134
A02082,Moore and Sons,True,SMB SaaS,5469.71,6.0,Closed -Won,Premium Support,15.703923376472993,North America,,,0.0,3.3821334382009005
A02083,Pope PLC,True,MarTech,19571.17,20.0,Closed -Won,Core,11.707530490081304,North America,,,1.0,3.555992447210426
A02084,"Norris, Cisneros and Mathis",True,HealthTech,6820.03,40.0,Closed -Won,Core,20.863923124204085,Europe,,,0.0,2.4849962096923757
A02085,"Arnold, Avila and Wilson",True,FinTech,19412.72,8.0,Closed -Lost,Core,13.671563530008186,LATAM,,,0.0,0.0032960523963729838
A02086,Moon-Wilson,True,HealthTech,20162.22,39.0,Closed -Won,Premium Support,10.486117565029902,Asia,,,2.0,2.3656094634335925
A02087,Mclean Group,True,CyberSecurity,41568.81,44.0,Closed -Won,Core,11.046974701358684,Asia,,,0.0,2.55544086790941
A02088,Collins-Cox,True,E -Commerce,5037.65,40.0,Closed -Won,Analytics,17.442741394094902,Europe,,,1.0,3.252075021258589
A02089,Preston-Harper,True,EdTech,4321.06,18.0,Closed -Won,Core,4.126508444494965,Europe,,,1.0,14.37169352881188
A02090,Jackson-Torres,True,MarTech,15820.96,2.0,Closed -Won,API,9.908708576510096,Asia,,,1.0,2.9096334033853344
A02091,"Olsen, Walker and Vincent",True,Logistics,31892.24,53.0,On -Hold,Core,16.5611382413833,Asia,,,0.0,1.4127211017041448
A02092,Watts LLC,True,E -Commerce,15270.51,20.0,Closed -Won,Analytics,12.753278336665751,North America,,,2.0,0.9708826854473418
A02093,Clark Inc,True,FinTech,71180.11,48.0,Closed -Won,Core,0.3668763599158398,LATAM,,,4.0,20.487532781766276
A02094,Vazquez-Bowers,True,FinTech,19126.88,12.0,Closed -Won,Core,16.80669807696838,LATAM,,,0.0,1.2075848895744348
A02095,Smith Group,True,MarTech,18165.61,10.0,Closed -Won,Core,4.415119505091972,North America,,,2.0,30.782792815356764
A02096,Williams-Rodriguez,True,MarTech,11806.35,46.0,Closed -Won,Automation,4.684065902748415,Asia,,,2.0,19.45015544057122
A02097,"Palmer, Brown and Wilson",True,Logistics,21234.26,56.0,Closed -Won,API,8.825772521200328,Europe,,,0.0,2.566886612394667
A02098,Williams-Turner,True,E -Commerce,31208.35,51.0,Closed -Won,Core,11.546149774184574,LATAM,,,1.0,2.319534974742489
A02099,Webster Inc,True,Logistics,16843.73,45.0,Closed -Won,Core,13.232149986188128,Europe,,,1.0,1.7932333324688372
A02100,"Harris, Santana and Lopez",True,E -Commerce,29228.16,15.0,Closed -Won,Analytics,20.783520585824363,LATAM,,,2.0,1.0748837256952586
A02101,Johnson-Thomas,True,EdTech,16708.65,54.0,Closed -Won,Core,19.394007410306635,Asia,,,2.0,0.0
A02102,"Mcmahon, Rush and Bailey",True,CyberSecurity,4686.88,40.0,Closed -Won,Automation,17.86607260218175,Europe,,,2.0,1.4685713139273164
A02103,Wyatt Ltd,True,E -Commerce,3809.37,11.0,Closed -Lost,Core,11.61762817776227,Europe,,,0.0,1.4861168187660134
A02104,"Allen, Hudson and Garcia",True,CyberSecurity,24196.62,8.0,Negotiation,API,11.967455780688711,Asia,,,0.0,3.111736658848456
A02105,"Hines, Rice and Baldwin",True,HealthTech,17179.53,52.0,Closed -Won,API,11.514319894578637,Asia,,,0.0,1.2171443617198743
A02106,Jackson-Webster,True,CyberSecurity,30488.81,17.0,Closed -Won,Premium Support,11.649719335877712,Asia,,,0.0,2.452770613563792
A02107,Beltran Inc,True,EdTech,24798.81,46.0,Closed -Lost,API,18.478113821827925,Asia,,,0.0,0.7077601965582048
A02108,Knapp Ltd,True,Logistics,3786.28,9.0,Closed -Won,Core,13.26869862981247,LATAM,,,1.0,2.480248194083588
A02109,Richardson-Lawrence,True,Logistics,10431.64,17.0,Closed -Won,Core,13.665505506068174,Asia,,,1.0,0.0
A02110,Nunez-Rodriguez,True,E -Commerce,7021.9,17.0,Closed -Won,Analytics,16.323160360770295,Asia,,,1.0,4.095296177930695
A02111,Zavala-Coleman,True,SMB SaaS,14795.51,17.0,Closed -Won,Core,9.009416077898077,North America,,,1.0,1.858932473202148
A02112,"Perez, Rodriguez and Rollins",True,E -Commerce,13804.97,40.0,Closed -Won,Core,14.157937463807418,LATAM,,,1.0,0.0
A02113,Owens PLC,True,FinTech,3415.03,54.0,Closed -Lost,Premium Support,10.709384813981238,North America,,,1.0,1.2822505244401237
A02114,Simpson LLC,True,E -Commerce,9647.65,54.0,Closed -Won,Core,13.116755238325045,LATAM,,,0.0,1.1243377669141337
A02115,"Roberts, Bowen and Miller",True,Logistics,9680.35,44.0,On -Hold,API,4.56545133375834,Europe,,,4.0,19.710383199441804
A02116,Wilson-Campbell,True,FinTech,20257.53,12.0,Closed -Won,Core,12.086057761906229,Europe,,,0.0,1.6353586042011572
A02117,"Fitzgerald, Mcdaniel and Randall",True,FinTech,14285.81,57.0,Closed -Lost,Core,14.676745420119094,Asia,,,1.0,1.3373828466744078
A02118,Spencer LLC,True,EdTech,8551.63,32.0,Closed -Won,Core,14.663640207177535,LATAM,,,0.0,1.1835879229317876
A02119,Lopez-Jones,True,Logistics,7475.13,33.0,Negotiation,Core,13.340538232298044,LATAM,,,0.0,0.8413170480011565
A02120,Crosby-Richardson,True,E -Commerce,3335.53,42.0,Negotiation,Core,4.263460154886884,Asia,,,4.0,28.861816003622444
A02121,Lutz Group,True,SMB SaaS,24138.97,46.0,Closed -Won,Premium Support,0.6261338585983514,North America,,,3.0,23.618074232647057
A02122,"Garcia, Kim and Barrett",True,Logistics,24581.4,57.0,Closed -Won,API,16.04475760711828,LATAM,,,1.0,1.7454261767637123
A02123,Wilson Group,True,E -Commerce,32387.58,35.0,Closed -Won,Core,13.381402933527182,North America,,,2.0,1.9823633499677245
A02124,Neal-Madden,True,CyberSecurity,9215.59,36.0,Closed -Won,Core,12.549009313586309,North America,,,1.0,0.8736691398074221
A02125,"Schaefer, Levine and Brown",True,EdTech,38882.33,44.0,On -Hold,Premium Support,3.56143540997493,North America,,,3.0,16.701202217516812
A02126,Morgan PLC,True,FinTech,24422.54,16.0,Closed -Won,Core,13.275807618599956,LATAM,,,1.0,2.2299637621538198
A02127,Martinez-Massey,True,MarTech,26548.48,19.0,Closed -Won,Core,0.0,LATAM,,,5.0,20.24740702565327
A02128,"Porter, Hubbard and Miranda",True,E -Commerce,11229.18,37.0,Closed -Won,Automation,13.81005868969223,Asia,,,2.0,2.396074977769448
A02129,"Nelson, Clarke and Schneider",False,HealthTech,411107.24,4.0,Closed -Won,Core,12.411287719997901,Europe,8.0,0.59,1.7,9.188215070672694
A02130,Kelly-Estrada,True,HealthTech,22410.4,19.0,Closed -Won,Core,16.75645720035514,Asia,,,0.0,0.9458606109094203
A02131,Archer-Dixon,True,FinTech,33134.89,43.0,Closed -Won,API,12.584214692624737,Europe,,,0.0,3.193047513728957
A02132,Tate Inc,True,CyberSecurity,38981.28,58.0,Closed -Won,Core,14.851277013057413,North America,,,0.0,1.7923537401704246
A02133,King Group,True,SMB SaaS,35485.51,31.0,Closed -Won,Analytics,12.183018348720266,North America,,,2.0,3.6755716019169853
A02134,Fuller and Sons,True,Logistics,19940.77,24.0,Closed -Won,Core,17.84231994842951,North America,,,1.0,2.420420589419226
A02135,Garcia Inc,True,MarTech,5354.14,26.0,Closed -Won,Automation,12.227720730062108,Europe,,,2.0,3.970933130371833
A02136,Jimenez Inc,True,E -Commerce,660.11,41.0,Closed -Won,Analytics,18.19357393573261,Europe,,,0.0,3.1752691693064463
A02137,Reyes Ltd,True,SMB SaaS,25744.62,33.0,Closed -Won,Core,10.852218246413642,Asia,,,0.0,2.2271896281408616
A02138,Hernandez-Howell,False,E -Commerce,201129.06,2.0,Closed -Won,Core,8.759058001450114,North America,9.2,0.76,2.5,11.72127324579561
A02139,Wolf Ltd,True,EdTech,47634.94,32.0,Negotiation,Core,18.199987357720346,Europe,,,3.0,1.2984325252305047
A02140,"Saunders, Sparks and Harris",True,EdTech,34661.45,24.0,Closed -Won,Premium Support,0.0,Asia,,,3.0,42.507105051506834
A02141,"Jimenez, Wagner and Daniels",True,CyberSecurity,15208.33,42.0,Closed -Won,Core,8.601368894686575,North America,,,6.0,24.243269584531703
A02142,"Payne, Cisneros and Johnson",True,MarTech,16412.64,52.0,Negotiation,Core,13.192578652285949,Europe,,,1.0,1.4109737640089142
A02143,Beard-Wilson,True,Logistics,22716.99,57.0,Closed -Won,Automation,14.77112855888202,North America,,,0.0,2.8330599476100415
A02144,Edwards-Bennett,True,Logistics,16036.51,37.0,Closed -Won,Core,19.71544781614645,LATAM,,,0.0,2.0387713303560324
A02145,Johnson-Thompson,True,FinTech,23731.58,22.0,Closed -Won,Core,9.458230349773196,Asia,,,2.0,2.8390098153007264
A02146,"Dalton, Turner and Mccarthy",True,CyberSecurity,14991.41,27.0,Closed -Won,Automation,3.385026024262215,North America,,,4.0,22.87903713962031
A02147,Jordan-Edwards,True,EdTech,10571.82,11.0,Closed -Won,API,11.613475468371774,Europe,,,2.0,2.9994716680081686
A02148,Freeman-Rodriguez,True,E -Commerce,7477.32,56.0,Closed -Won,Core,16.440118068419977,Europe,,,0.0,2.50099556934728
A02149,"Henry, Spencer and Ryan",True,EdTech,11044.41,50.0,Closed -Won,Analytics,9.170446450004183,Asia,,,2.0,3.1975696644619034
A02150,Alvarez-Dickerson,True,EdTech,17482.41,51.0,Closed -Won,Analytics,15.79114716968606,Asia,,,1.0,2.977430500716338
A02151,"Brown, Baker and Garza",True,EdTech,6960.2,20.0,Closed -Won,Automation,3.882078206627081,North America,,,8.0,35.468121336702595
A02152,Jensen-Gomez,True,FinTech,28207.59,20.0,Negotiation,API,20.04317069960587,Europe,,,1.0,1.8346254593566846
A02153,Flores-Johnson,True,Logistics,17570.98,51.0,Closed -Won,Analytics,1.078585701048849,Asia,,,3.0,21.03827477728778
A02154,Anderson LLC,True,HealthTech,12701.6,33.0,Closed -Won,Automation,15.092150712493329,North America,,,3.0,1.7094315306180412
A02155,Pacheco-Silva,True,MarTech,6696.35,42.0,Closed -Won,Core,18.07739880545888,Asia,,,1.0,2.748433698837844
A02156,"Peterson, Davis and Reed",True,HealthTech,30009.82,29.0,Closed -Won,Analytics,0.7397960005310571,North America,,,8.0,34.04736652586966
A02157,Jenkins-Brown,True,HealthTech,37827.54,27.0,Closed -Won,API,12.619789836118393,LATAM,,,2.0,0.13811691986235086
A02158,Wright Ltd,True,EdTech,1433.53,38.0,Closed -Won,Analytics,10.566182668853415,Asia,,,2.0,0.7726609021940467
A02159,Watkins-Lozano,True,SMB SaaS,16595.96,48.0,Negotiation,Analytics,3.012761313989097,LATAM,,,1.0,34.53112566154629
A02160,Melton Inc,True,SMB SaaS,33598.21,20.0,Closed -Won,Core,3.310798593302781,Asia,,,3.0,33.37465098982304
A02161,Jackson-Ryan,True,MarTech,22888.63,48.0,Closed -Won,API,14.525055216048811,LATAM,,,1.0,2.4092134092201607
A02162,Murray Group,True,E -Commerce,3840.9,15.0,Closed -Won,API,7.594413205739723,North America,,,1.0,3.1459495013935026
A02163,"Robertson, Fisher and Smith",True,SMB SaaS,12121.19,24.0,Closed -Won,Automation,1.5956765938155497,LATAM,,,4.0,23.51546106643895
A02164,Chapman-Odom,True,HealthTech,6043.04,54.0,Closed -Won,Core,14.085745308648335,LATAM,,,2.0,1.2247652936659152
A02165,Hudson-Morris,True,SMB SaaS,6875.0,57.0,Closed -Won,Automation,15.642612334639521,Europe,,,1.0,2.594302181473764
A02166,Stokes Inc,True,FinTech,15522.75,55.0,Negotiation,Core,18.880402647519052,North America,,,0.0,2.169607960929963
A02167,"Leonard, Rogers and Shaw",True,HealthTech,21048.6,19.0,Closed -Won,API,14.55696060633581,LATAM,,,2.0,1.424441995050461
A02168,"Morgan, Mendez and Cox",True,EdTech,9551.72,50.0,Closed -Won,Analytics,2.7573760792170976,LATAM,,,4.0,27.768209895502128
A02169,Harris-Reid,True,FinTech,14469.2,56.0,Closed -Won,Analytics,8.545761849195584,Asia,,,0.0,2.079370166017446
A02170,Pittman PLC,True,Logistics,21022.08,58.0,Closed -Won,Premium Support,5.453676894218781,North America,,,6.0,30.711110808287646
A02171,Mitchell Inc,True,Logistics,75766.1,2.0,Negotiation,Analytics,13.263532502570756,LATAM,,,1.0,1.7900515707025395
A02172,Davies-Morales,True,MarTech,6802.92,44.0,Closed -Won,Core,16.600510931484042,Asia,,,0.0,3.413567135542141
A02173,Weber Inc,True,Logistics,7836.2,59.0,Negotiation,Analytics,18.192260456487706,Asia,,,2.0,3.380887816069647
A02174,"Richard, Davis and Rogers",True,Logistics,11210.15,46.0,Closed -Lost,Analytics,9.367775702062477,Asia,,,2.0,2.188144139270541
A02175,Knight PLC,True,Logistics,12308.84,14.0,Closed -Won,API,2.5117597630334227,North America,,,7.0,30.321858089422193
A02176,Simmons-Reed,True,Logistics,15812.3,45.0,Negotiation,Core,17.877867231018033,North America,,,1.0,0.5669540127361592
A02177,Pearson LLC,True,E -Commerce,9582.78,7.0,Negotiation,Core,17.057117975840846,LATAM,,,0.0,3.7193651133662833
A02178,"Brock, Reynolds and Fernandez",True,FinTech,22092.19,29.0,Closed -Won,Core,7.710861689268633,Europe,,,0.0,3.036341887367967
A02179,Perry LLC,True,SMB SaaS,10229.36,37.0,Negotiation,API,11.439043865618887,North America,,,0.0,2.7519515707043265
A02180,"Robertson, Powers and Kelley",True,E -Commerce,5389.04,27.0,Closed -Won,Analytics,10.15945848274873,North America,,,2.0,0.0
A02181,Burton PLC,True,SMB SaaS,8699.01,42.0,Closed -Won,Automation,15.570418265441152,North America,,,0.0,2.040922650655796
A02182,Ray and Sons,True,SMB SaaS,6016.38,15.0,Closed -Won,Core,15.239979870456493,Europe,,,2.0,1.8728712916809123
A02183,"Hayden, Harmon and Mcdonald",True,HealthTech,1886.41,36.0,On -Hold,Analytics,5.906324366178124,LATAM,,,1.0,2.6828154383005987
A02184,"Patel, Mendez and Hammond",True,MarTech,44381.59,39.0,Closed -Won,Premium Support,13.097505136016474,North America,,,2.0,1.5489691864542037
A02185,Michael-Barber,True,HealthTech,1857.96,38.0,Closed -Won,Core,16.40215949102332,North America,,,3.0,1.768289783546481
A02186,Boyd LLC,True,FinTech,10733.49,18.0,Closed -Won,Analytics,14.443927973672366,Europe,,,2.0,2.6194129389547034
A02187,Hernandez-Hernandez,True,SMB SaaS,14290.28,19.0,Closed -Won,Premium Support,14.438800758499584,Asia,,,1.0,1.2264216329113213
A02188,"Cannon, Richard and Jenkins",True,SMB SaaS,13906.04,16.0,Negotiation,Core,3.669304755930616,Asia,,,8.0,28.460883849976735
A02189,Walters Group,True,SMB SaaS,1628.39,28.0,Closed -Won,Analytics,10.823177176775964,Europe,,,0.0,2.1933266397609614
A02190,Colon-Lucas,True,SMB SaaS,15441.67,35.0,Closed -Won,Core,13.948832528328548,North America,,,0.0,3.3384857033495736
A02191,Mcdaniel-Young,True,CyberSecurity,29934.92,22.0,Closed -Won,Core,14.156280353705373,North America,,,1.0,2.8084697372233474
A02192,Wilson and Sons,True,E -Commerce,3917.31,25.0,Closed -Won,Automation,2.9259787590238484,Asia,,,0.0,23.482043413509416
A02193,Sanchez LLC,True,SMB SaaS,15182.63,17.0,Closed -Won,Core,16.089499772886384,Europe,,,1.0,2.0633168062152905
A02194,Washington-Esparza,True,E -Commerce,15435.97,13.0,Closed -Won,Automation,14.257584257489723,North America,,,1.0,3.495078023782975
A02195,Lucas-Johnson,True,CyberSecurity,12878.87,39.0,Closed -Won,Analytics,2.653714061981592,Asia,,,7.0,33.71161780377115
A02196,Nelson Inc,True,HealthTech,48503.04,49.0,Closed -Won,Core,12.875225995592688,LATAM,,,6.0,4.022239218401348
A02197,Clarke-Ramirez,True,CyberSecurity,12608.91,18.0,Closed -Won,Core,9.6679262903608,Europe,,,1.0,4.1517589751800354
A02198,"Thompson, Phelps and Stuart",True,Logistics,8960.26,51.0,Closed -Won,Automation,15.431161008254616,Europe,,,2.0,2.4566163495368905
A02199,Casey-Brown,True,CyberSecurity,2933.43,34.0,Closed -Lost,Core,14.379138663167764,North America,,,2.0,2.8322626374355124
A02200,Edwards LLC,True,MarTech,32901.68,10.0,Closed -Won,Core,2.135154111975788,Asia,,,2.0,20.329418936968448
A02201,Lester Group,True,HealthTech,5931.8,22.0,Closed -Won,Core,10.206645955151217,Asia,,,0.0,1.7904316369266635
A02202,Powers-Blackwell,True,FinTech,16921.17,1.0,Negotiation,Analytics,19.372388265833134,North America,,,2.0,1.3891296246356628
A02203,Hahn-Ramsey,True,CyberSecurity,35342.31,3.0,Closed -Won,Core,5.390304609423357,LATAM,,,5.0,30.605814466191855
A02204,Young PLC,True,CyberSecurity,19824.99,20.0,Closed -Won,Premium Support,13.136009327002622,North America,,,1.0,2.5559334756057037
A02205,"Mason, Martinez and Beck",True,Logistics,3644.46,27.0,Closed -Won,Core,11.193640562106063,Europe,,,1.0,2.4198838471634216
A02206,"Herring, Huynh and King",True,SMB SaaS,22901.0,48.0,Closed -Won,Core,17.231460231296747,LATAM,,,1.0,3.9866030716912384
A02207,Young Inc,True,MarTech,8485.05,8.0,Closed -Won,Analytics,10.694690653808431,North America,,,2.0,2.100274545802552
A02208,Murphy-Silva,True,Logistics,21661.99,50.0,Negotiation,Core,2.6079799227988785,LATAM,,,5.0,14.89889845233613
A02209,Shaffer-Manning,True,CyberSecurity,44146.18,14.0,Closed -Won,Automation,5.182508355859964,North America,,,2.0,24.788095862877718
A02210,Robinson-Rodriguez,True,EdTech,20357.3,9.0,Closed -Won,Premium Support,19.161515643816834,LATAM,,,0.0,0.7790457217402309
A02211,Booker Group,True,Logistics,13670.09,42.0,Closed -Won,API,13.446578644781852,Europe,,,0.0,1.4406090744945756
A02212,King-Lawrence,True,FinTech,981.68,46.0,Closed -Lost,Automation,18.742240126460924,North America,,,3.0,2.271743141350903
A02213,Ferguson-Lyons,True,E -Commerce,7640.99,36.0,Negotiation,Automation,2.231989431310386,Asia,,,3.0,26.541326095114343
A02214,Stewart Group,True,SMB SaaS,5655.92,7.0,Closed -Won,Core,14.0565091356401,Europe,,,1.0,0.5545616810694478
A02215,Vega-Richmond,True,CyberSecurity,20133.98,7.0,Negotiation,Core,16.4142479905117,Asia,,,2.0,1.25352776362638
A02216,Cox Ltd,True,SMB SaaS,33944.17,24.0,Closed -Won,API,15.986231410087468,Asia,,,0.0,0.5192175387274651
A02217,Underwood-Smith,True,FinTech,18700.66,27.0,Closed -Won,Premium Support,17.30228550097365,North America,,,0.0,2.6217130633225603
A02218,"Johnson, Stevenson and Lindsey",True,E -Commerce,15261.51,59.0,Closed -Won,Automation,12.537583655595306,LATAM,,,4.0,3.1833798847028856
A02219,Vazquez Ltd,True,Logistics,15119.07,17.0,Closed -Won,API,4.219958892746103,Europe,,,1.0,20.65785127078136
A02220,King Group,True,CyberSecurity,13253.42,12.0,Closed -Won,Core,17.745165727994213,LATAM,,,0.0,2.9956599530478654
A02221,Fowler-Haynes,True,SMB SaaS,31439.29,56.0,Closed -Won,Automation,11.884233494843146,LATAM,,,0.0,2.930778744324663
A02222,"Martinez, Camacho and Mathews",True,MarTech,23987.26,10.0,Closed -Won,API,15.717623183355206,Europe,,,0.0,1.3409292100884969
A02223,Smith-Yu,True,CyberSecurity,37662.98,2.0,Closed -Won,Premium Support,3.752451102622094,LATAM,,,4.0,18.271867495596666
A02224,Turner-Mayer,True,MarTech,35246.67,25.0,Closed -Lost,API,14.617622319747817,Europe,,,0.0,0.9287439808052709
A02225,Evans and Sons,True,Logistics,53543.58,24.0,Closed -Won,Core,14.253650649243346,Asia,,,2.0,1.4047424130912076
A02226,Welch-Suarez,True,FinTech,27094.05,37.0,Closed -Won,API,11.635150547645107,Asia,,,0.0,3.5416708468091938
A02227,"Sullivan, Johnson and Delacruz",True,EdTech,24403.99,52.0,Closed -Won,Analytics,13.217920423632657,North America,,,2.0,1.881697424983779
A02228,Ruiz-Gutierrez,True,FinTech,13842.14,56.0,Closed -Won,Analytics,14.434796756230117,LATAM,,,1.0,0.9931720240096962
A02229,Love-Mcdowell,True,CyberSecurity,15633.72,18.0,Closed -Won,API,0.8777460637443912,Asia,,,1.0,14.358000248545078
A02230,Holloway Ltd,True,HealthTech,29143.51,58.0,Closed -Won,Automation,18.718207849382715,North America,,,2.0,0.7046523291344176
A02231,Hunter-Bell,True,EdTech,11398.55,38.0,Closed -Won,Automation,17.029866670449085,LATAM,,,0.0,2.514340050206349
A02232,"Daniel, Kelley and Murphy",True,Logistics,32349.86,5.0,Closed -Won,Core,14.86994149548049,Asia,,,0.0,1.0223359407282357
A02233,"Johnson, Williams and May",True,EdTech,13730.9,56.0,Closed -Won,Core,3.5536379073844606,North America,,,2.0,20.241506115476845
A02234,"Ramos, Davidson and Smith",True,HealthTech,16302.77,9.0,Closed -Won,Core,11.52793072430614,LATAM,,,1.0,2.375492048431892
A02235,Fuller LLC,True,FinTech,42089.03,35.0,Closed -Won,API,19.92143310584123,Asia,,,0.0,3.75023368280222
A02236,"Miller, Moore and Black",True,HealthTech,24816.74,47.0,Closed -Won,API,10.970343691783416,Europe,,,1.0,4.197787560235897
A02237,"Hines, Bradford and Jennings",True,SMB SaaS,16695.73,15.0,Negotiation,Analytics,2.0126208576028843,North America,,,8.0,30.985702462411005
A02238,Hayes-Russo,True,E -Commerce,49517.84,16.0,Closed -Won,Analytics,4.76829306963088,Europe,,,2.0,22.640292572361652
A02239,Green Ltd,True,SMB SaaS,9581.41,29.0,Closed -Won,Automation,13.066029045550081,Europe,,,0.0,2.515532285037359
A02240,"Serrano, Marsh and Gonzalez",True,HealthTech,7914.81,53.0,Closed -Won,Core,10.993388706267922,LATAM,,,3.0,3.1687893483087053
A02241,Richardson-Long,True,EdTech,7541.16,14.0,Closed -Won,Analytics,11.64531008298054,Europe,,,2.0,0.0
A02242,Duffy-Wilkerson,True,HealthTech,18229.09,40.0,Closed -Won,Automation,3.4540004023296698,Europe,,,3.0,29.408902400372256
A02243,Smith Inc,True,MarTech,15952.96,27.0,Closed -Won,Core,11.871521392706663,Asia,,,1.0,1.5128570234361045
A02244,"Holland, Sims and Meadows",True,E -Commerce,20493.96,7.0,Closed -Won,Core,3.63392880296941,LATAM,,,7.0,20.71235617808577
A02245,Gonzalez-Haynes,True,Logistics,3132.49,42.0,Closed -Won,API,13.972622019582113,Asia,,,1.0,0.66283222000763
A02246,Williams PLC,True,EdTech,3442.72,50.0,Closed -Won,Core,12.428596696557165,LATAM,,,1.0,1.4322255403590534
A02247,Burke-Hernandez,True,Logistics,7904.02,34.0,Closed -Won,Analytics,14.320874131601617,Asia,,,2.0,2.0588150199824553
A02248,Jackson-Bradley,True,CyberSecurity,18264.82,11.0,Closed -Won,Premium Support,0.1447221944942796,North America,,,0.0,26.67546837499014
A02249,Higgins Group,True,EdTech,11214.82,10.0,Closed -Won,Core,12.966140881827261,Asia,,,0.0,2.3543481150820647
A02250,Wilcox-Snyder,True,SMB SaaS,5765.03,25.0,Closed -Won,Premium Support,16.705943885527745,Asia,,,0.0,2.9475394371676527
A02251,Reeves and Sons,True,MarTech,7008.99,30.0,Closed -Won,Core,10.186559676930324,North America,,,2.0,2.026724335847262
A02252,Roberts-Snyder,True,HealthTech,25461.67,33.0,Closed -Won,Analytics,17.51391089634924,Europe,,,1.0,1.2950540530630017
A02253,Reynolds and Sons,True,SMB SaaS,37710.94,15.0,Closed -Won,Core,1.3582619774050537,Europe,,,7.0,30.582760418729393
A02254,"Lewis, Holloway and Acosta",True,SMB SaaS,11944.33,30.0,Closed -Won,API,13.855962944744816,Europe,,,3.0,2.695517347469211
A02255,Barnes Group,True,FinTech,5933.93,18.0,Negotiation,Premium Support,11.920957026605443,Asia,,,0.0,3.0325621693267832
A02256,Johnson LLC,True,SMB SaaS,18930.91,41.0,Negotiation,Core,10.31644960845976,LATAM,,,2.0,1.852125315556153
A02257,Williamson and Sons,True,SMB SaaS,45817.04,47.0,Closed -Won,Premium Support,8.999984192553827,North America,,,2.0,1.0708847376169615
A02258,Aguilar-Holland,True,Logistics,16855.35,39.0,Closed -Won,API,11.711669993150641,LATAM,,,0.0,2.3356581594872363
A02259,Smith and Sons,True,EdTech,264501.04,1.0,Negotiation,API,11.149257237865012,Asia,,,1.6,8.621758769975497
A02260,Mccann-Sanders,True,CyberSecurity,14045.53,59.0,Closed -Won,API,11.116164733086014,Europe,,,0.0,3.232719086053118
A02261,Reeves Ltd,False,E -Commerce,632808.07,2.0,Closed -Won,Core,12.349755742826822,Asia,7.7,0.49,1.1538461538461537,2.350387285942968
A02262,Fitzgerald-Scott,True,E -Commerce,17905.94,59.0,Closed -Won,Premium Support,11.272804067486641,LATAM,,,0.0,1.332202745734313
A02263,Hawkins Inc,True,E -Commerce,2719.74,2.0,Closed -Won,API,2.303517597492549,Asia,,,4.0,26.04133927406822
A02264,Galvan-Ruiz,True,CyberSecurity,21231.03,31.0,Closed -Won,Automation,12.96349633201294,Asia,,,0.0,1.592566428990891
A02265,Barajas-Crosby,True,E -Commerce,16981.98,7.0,Closed -Lost,Core,13.613321275271707,North America,,,0.0,1.5503158173208957
A02266,"Mckinney, Pacheco and Smith",True,CyberSecurity,6425.49,6.0,Closed -Won,Core,17.097819038155635,Asia,,,2.0,3.2541398701402438
A02267,"Harvey, Turner and Foster",True,E -Commerce,9158.21,41.0,Closed -Won,API,17.74776331427447,North America,,,1.0,0.6289943937188274
A02268,Anderson-Mcclain,True,FinTech,4106.13,43.0,Closed -Won,Core,20.016387516167967,Asia,,,1.0,4.056203139775511
A02269,Carpenter LLC,True,FinTech,23543.31,7.0,Closed -Won,Analytics,9.125278049904296,Asia,,,0.0,1.3873645868921731
A02270,Gordon LLC,True,SMB SaaS,27794.56,58.0,Negotiation,Automation,11.432348238990997,Europe,,,0.0,2.866728402800712
A02271,Anderson-Stewart,True,SMB SaaS,19014.19,19.0,Closed -Won,API,16.095455471179264,North America,,,0.0,1.8912003380746252
A02272,"Hamilton, Green and Edwards",True,E -Commerce,11553.15,19.0,Closed -Won,Premium Support,12.637906353424924,Europe,,,0.0,2.271362284872136
A02273,Porter LLC,True,HealthTech,15638.05,18.0,Closed -Won,Core,16.582359409547696,Europe,,,1.0,1.7372135002382376
A02274,"Ward, Jordan and Orr",True,Logistics,18682.52,28.0,Closed -Won,Core,14.621340290344481,LATAM,,,0.0,2.856576652032974
A02275,Austin-Juarez,True,HealthTech,18421.49,11.0,Negotiation,Core,3.0618617346694537,North America,,,3.0,21.935655752644887
A02276,Black-Graham,True,MarTech,25143.05,26.0,Closed -Won,Premium Support,17.12814834179806,North America,,,2.0,1.4270535281548988
A02277,Stewart Group,True,EdTech,9499.09,13.0,Closed -Won,Analytics,17.183049879676943,Europe,,,0.0,3.8133418258699914
A02278,Peters Ltd,True,FinTech,16936.01,4.0,Closed -Won,Premium Support,12.764385173918912,Asia,,,1.0,2.0293826970136917
A02279,"Yates, Brown and Hernandez",True,Logistics,7746.33,22.0,Closed -Won,Core,13.707617462095184,Europe,,,2.0,1.3243044389804595
A02280,White Group,True,E -Commerce,23550.11,40.0,Closed -Won,Core,13.084239627297931,Europe,,,0.0,0.5097134100881013
A02281,Martin-Mcdonald,True,EdTech,8360.4,46.0,Closed -Won,Automation,9.48232356905028,North America,,,2.0,3.86557803103598
A02282,Carney Group,True,E -Commerce,49560.58,21.0,Closed -Won,API,1.886083779653256,Europe,,,10.0,27.629499952443062
A02283,Alexander Ltd,True,FinTech,15889.95,20.0,Closed -Lost,Analytics,0.021940506944391203,Europe,,,4.0,33.765105026968016
A02284,"Washington, Vasquez and Singleton",True,MarTech,11451.53,47.0,Closed -Won,Analytics,5.209922549796653,Europe,,,2.0,30.350853903719596
A02285,Martinez Inc,True,E -Commerce,9819.97,41.0,Closed -Won,Analytics,17.91377752237992,Europe,,,1.0,2.142885200302451
A02286,Oneill and Sons,True,EdTech,15711.57,50.0,Negotiation,Automation,12.108897059758533,Europe,,,0.0,2.1698438123279975
A02287,Brady LLC,True,Logistics,42486.46,54.0,Closed -Won,Core,7.7051993662891425,LATAM,,,6.0,25.219046636600012
A02288,"Macdonald, Willis and Silva",True,HealthTech,6628.32,49.0,Closed -Won,Core,4.603019083466618,Europe,,,4.0,20.406113924403126
A02289,Fox PLC,True,HealthTech,23847.43,56.0,Closed -Won,Core,10.164319300652007,Asia,,,1.0,2.214341519507505
A02290,Butler Inc,True,E -Commerce,7998.02,25.0,Closed -Won,Analytics,1.9237503749177027,LATAM,,,7.0,26.976705454643483
A02291,Tate Ltd,True,SMB SaaS,5773.21,24.0,Closed -Won,Automation,5.141952793640414,LATAM,,,6.0,30.759028032405443
A02292,Clay Inc,True,MarTech,20570.78,19.0,Negotiation,API,15.156396034216286,LATAM,,,0.0,2.1493118521419037
A02293,Maldonado-Becker,True,FinTech,11751.59,14.0,Closed -Lost,Premium Support,16.545203168611387,Asia,,,2.0,1.7337458505038734
A02294,Brooks-Hickman,True,SMB SaaS,14923.93,45.0,On -Hold,API,15.742554278802537,Europe,,,0.0,2.1881306671883056
A02295,Hood and Sons,True,MarTech,19401.59,43.0,Closed -Won,Analytics,15.649677579686081,Asia,,,0.0,1.9764225378449458
A02296,Miller Ltd,True,HealthTech,42480.27,48.0,Closed -Won,Analytics,11.627744653830526,North America,,,0.0,0.686441821815351
A02297,"Castillo, Fuller and Adams",True,E -Commerce,23305.36,10.0,Closed -Won,Automation,14.882730671802971,North America,,,0.0,2.381366037810879
A02298,"Smith, Booker and Douglas",True,EdTech,11729.74,29.0,Closed -Won,Core,9.483350089849683,Asia,,,0.0,2.7160544516995806
A02299,Nguyen-Dennis,True,SMB SaaS,25161.4,14.0,Negotiation,Analytics,1.8787462034267284,Asia,,,5.0,15.835638627201886
A02300,"Meadows, Robles and Anderson",True,EdTech,5060.67,53.0,Closed -Won,Analytics,5.045420831637758,North America,,,5.0,37.50853574024809
A02301,Solis LLC,True,E -Commerce,13238.51,16.0,Closed -Won,Premium Support,12.960680483730966,LATAM,,,0.0,3.335571745664094
A02302,Yates-Manning,True,E -Commerce,10429.45,9.0,Closed -Won,Core,10.04337728291965,LATAM,,,2.0,2.843952299171171
A02303,"Crane, James and Ross",True,HealthTech,55357.56,34.0,Closed -Won,Core,11.809501142403043,North America,,,1.0,2.8318207440280143
A02304,Allen Group,True,MarTech,7847.54,52.0,Negotiation,API,14.040285246296152,LATAM,,,0.0,2.0300969526098878
A02305,Smith and Sons,True,FinTech,23141.21,55.0,Closed -Won,API,12.413725704451995,LATAM,,,1.0,3.1413721047344207
A02306,Price Group,True,CyberSecurity,9916.17,6.0,Closed -Won,Core,17.432738774436864,LATAM,,,1.0,3.570754612062102
A02307,Holland-Best,True,Logistics,7444.34,20.0,Closed -Won,Analytics,2.2268807662480103,LATAM,,,1.0,20.920677231085403
A02308,Martinez Group,True,SMB SaaS,8664.93,10.0,Closed -Won,Analytics,12.61127081231422,Asia,,,0.0,1.4297166581876346
A02309,Fitzgerald-Dorsey,True,EdTech,16743.55,19.0,Closed -Won,Core,13.599254210077861,North America,,,1.0,1.9603185617133996
A02310,"Munoz, Howard and Davis",True,EdTech,14439.52,32.0,Closed -Won,Analytics,17.659101371167807,LATAM,,,1.0,2.5736700329760898
A02311,Hunt-Burns,True,E -Commerce,11656.43,17.0,Closed -Won,Core,2.465842722534405,Europe,,,7.0,30.36924387181668
A02312,Alvarez-Hart,True,CyberSecurity,28543.38,4.0,Closed -Won,Automation,10.583687317953768,Asia,,,2.0,1.9225227854564493
A02313,Davis-Henderson,True,SMB SaaS,12599.84,31.0,Closed -Won,Core,11.958044857581186,Europe,,,1.0,1.4331914528929284
A02314,Austin-Hamilton,True,FinTech,27047.6,4.0,Closed -Won,API,15.424369456053114,Asia,,,1.0,3.584206987377832
A02315,Davis-Palmer,True,HealthTech,15188.4,14.0,Closed -Won,Analytics,15.060099758081119,LATAM,,,2.0,0.9276802854810424
A02316,Rhodes-Holland,False,EdTech,288095.47000000003,1.0,Closed -Won,Core,11.92526661939632,North America,8.5,0.56,1.2222222222222223,7.885258686509657
A02317,"Moore, Simpson and Soto",True,EdTech,16310.46,6.0,Closed -Won,API,16.24737976791987,Asia,,,1.0,0.6728721904985862
A02318,"Miller, Mcdonald and Miller",True,MarTech,16191.59,26.0,Negotiation,Analytics,11.327377579440812,North America,,,0.0,1.056449180375676
A02319,Evans-Joyce,True,Logistics,62665.86,51.0,Closed -Won,Core,17.911480321569023,Europe,,,0.0,3.247344877119003
A02320,"Leach, Skinner and Mills",True,FinTech,35170.33,46.0,Negotiation,Premium Support,15.588347468748864,Europe,,,1.0,3.2808327565132034
A02321,Carroll-Arnold,True,Logistics,39374.79,6.0,Closed -Won,Automation,10.604226648062836,LATAM,,,0.0,1.9259544655348302
A02322,Palmer PLC,True,E -Commerce,14411.35,3.0,Closed -Won,API,12.412769895609765,Europe,,,0.0,2.4963143955567806
A02323,Gutierrez-Marshall,True,E -Commerce,9805.34,20.0,Closed -Won,Analytics,12.360618156414128,LATAM,,,1.0,1.9894954223760841
A02324,"Carroll, King and Scott",True,CyberSecurity,12780.96,39.0,Closed -Won,API,14.479630163906993,LATAM,,,1.0,0.8080231740470449
A02325,Mack Inc,True,FinTech,12226.73,45.0,Closed -Won,Core,1.6120176976912528,North America,,,4.0,27.3890283319486
A02326,Yang Group,True,CyberSecurity,27597.84,49.0,Closed -Lost,Core,3.15878592932733,North America,,,5.0,22.618797431637898
A02327,Hartman Group,True,HealthTech,10306.25,21.0,Closed -Won,Analytics,9.817222561332272,Europe,,,0.0,2.3544194053297085
A02328,Miller Ltd,True,E -Commerce,25401.27,10.0,Closed -Won,API,15.647070003193583,North America,,,1.0,1.1441100776077302
A02329,Edwards-Ramsey,True,CyberSecurity,30438.92,2.0,Closed -Won,Analytics,14.85871059369249,Asia,,,1.0,1.7750656228302204
A02330,"Cole, Morton and Peterson",True,E -Commerce,21594.38,9.0,Closed -Won,Automation,1.4078790363497697,Europe,,,5.0,18.883454209494808
A02331,Clark Inc,False,EdTech,82447.25,4.0,Closed -Won,Core,15.865407967142588,Europe,4.9,-0.16,1.1666666666666667,1.8106324239463982
A02332,"Hendrix, Green and Nunez",True,MarTech,20639.22,51.0,Closed -Won,Core,12.143242557424895,LATAM,,,1.0,2.3099231745993483
A02333,Ferguson-Smith,True,MarTech,4916.03,16.0,Closed -Won,Analytics,14.551977073325432,Asia,,,2.0,1.6588745061896377
A02334,Smith Ltd,True,FinTech,15935.3,49.0,Closed -Won,API,5.655177609899324,LATAM,,,2.0,25.91690556375146
A02335,Stevens-Sullivan,True,CyberSecurity,13029.97,33.0,Closed -Won,Core,17.52370136224143,LATAM,,,0.0,4.132058985715884
A02336,"Church, Guzman and Tucker",True,FinTech,22390.13,32.0,Closed -Won,Core,13.134774647120489,Asia,,,1.0,2.237526746831351
A02337,"Li, Jensen and Vazquez",True,MarTech,11115.19,27.0,Negotiation,API,12.42988475869628,Asia,,,2.0,2.4565920001944272
A02338,"Leonard, Ballard and Miller",True,CyberSecurity,10113.37,49.0,Closed -Won,Analytics,5.418681807525299,North America,,,1.0,1.5775906139250142
A02339,Smith Inc,False,FinTech,172049.72,3.0,Closed -Won,Core,10.319421270888174,North America,8.6,1.0,1.6666666666666667,11.489462344665549
A02340,Horton and Sons,True,SMB SaaS,11931.14,6.0,Closed -Won,API,16.359816061324437,Europe,,,1.0,1.9166994691021633
A02341,Clark Ltd,True,MarTech,4812.35,25.0,Closed -Lost,Premium Support,2.7834231017431392,Asia,,,7.0,33.95803052174895
A02342,Santos Group,True,FinTech,31338.98,24.0,Closed -Won,Analytics,9.704876951368618,Asia,,,1.0,2.7095343807195773
A02343,"Garrison, Ryan and Miller",True,CyberSecurity,12498.49,33.0,Closed -Won,API,10.534197670430823,LATAM,,,0.0,2.90607757337617
A02344,Hernandez-Henderson,True,E -Commerce,25428.69,44.0,Closed -Won,Core,1.6270277170268306,LATAM,,,5.0,21.322625372979132
A02345,Martin and Sons,True,CyberSecurity,20200.63,35.0,Negotiation,Analytics,13.731977799012457,North America,,,0.0,2.988272335917149
A02346,"Park, Maynard and Ruiz",True,Logistics,12938.31,16.0,Closed -Won,Core,16.074776052821843,LATAM,,,1.0,3.803665807476598
A02347,Richards-Harris,True,MarTech,10693.57,20.0,Closed -Lost,Premium Support,14.25932941510455,North America,,,3.0,2.389851739535556
A02348,"Gallegos, Myers and Cook",True,Logistics,4472.57,45.0,Closed -Won,Core,4.61203545621349,LATAM,,,3.0,29.822968570981708
A02349,Mccoy Ltd,True,EdTech,9334.25,12.0,Closed -Won,Premium Support,15.108725421176741,North America,,,0.0,2.4938605738357285
A02350,Petty-Allison,True,E -Commerce,5583.08,30.0,Closed -Won,Analytics,16.486386140482043,North America,,,2.0,0.09996460002208263
A02351,"Lane, Simon and Duarte",True,HealthTech,7001.57,32.0,Closed -Won,Analytics,7.730949767234188,Asia,,,3.0,1.845479717312291
A02352,Freeman Group,True,E -Commerce,25026.31,45.0,Closed -Won,Analytics,10.29696328850762,Asia,,,2.0,1.1322884930962165
A02353,"Garza, Carr and Gregory",True,EdTech,10817.18,43.0,Closed -Won,Core,12.906944990337118,LATAM,,,1.0,2.231433330704361
A02354,Hall-Brown,True,CyberSecurity,8421.69,28.0,Closed -Won,Core,17.238706354700724,LATAM,,,3.0,1.208989840686363
A02355,Henderson LLC,True,Logistics,11125.97,19.0,Closed -Won,Core,19.64158917820322,North America,,,1.0,2.6056808900303365
A02356,"Brown, Orozco and Butler",True,Logistics,5534.99,22.0,Closed -Won,API,13.507292652839366,LATAM,,,1.0,2.981028098139595
A02357,Wilson-Dean,True,SMB SaaS,6197.92,25.0,Closed -Won,API,2.2226682255052386,LATAM,,,1.0,28.12642248748744
A02358,"Reed, Terry and Smith",True,FinTech,27185.85,13.0,Closed -Won,Premium Support,8.135094367226591,LATAM,,,4.0,3.6192615615242674
A02359,Barber-Harrison,True,HealthTech,37133.0,37.0,Closed -Lost,Core,2.1465962165943715,Europe,,,2.0,24.033988650476807
A02360,Hall-Robinson,True,SMB SaaS,14584.84,13.0,Closed -Won,Automation,4.426925521950417,Europe,,,2.0,18.263983568260286
A02361,"Morgan, Guzman and Kirby",True,MarTech,3034.58,39.0,Closed -Lost,Core,22.875004008074463,Asia,,,1.0,4.9278151862331185
A02362,"Mcdonald, Ware and Sharp",True,FinTech,35557.52,45.0,Closed -Won,Analytics,11.78178823989646,Europe,,,2.0,3.0095237198595437
A02363,Moyer-Whitaker,True,EdTech,47227.14,57.0,Closed -Won,Core,20.315825290581994,Asia,,,0.0,2.2244479710470118
A02364,"Delgado, Ward and Kennedy",True,Logistics,18236.03,8.0,Closed -Won,Premium Support,1.1363769378037953,Asia,,,6.0,21.70144380545512
A02365,Howell LLC,True,EdTech,8897.66,45.0,Closed -Won,Analytics,10.9152068020359,Asia,,,1.0,1.9431398529050807
A02366,"Curry, Estrada and Anderson",True,FinTech,25411.51,6.0,Closed -Won,Analytics,14.69643136593076,LATAM,,,2.0,0.06625344246457998
A02367,Moore Group,True,CyberSecurity,14020.93,20.0,Closed -Won,Core,16.314141579651398,North America,,,3.0,1.2276708953765079
A02368,Leon Group,True,HealthTech,23549.29,11.0,Negotiation,Analytics,13.324243422450252,North America,,,2.0,1.8881524054953411
A02369,Young-Hawkins,True,EdTech,3863.37,10.0,Negotiation,Core,7.5114876382666145,LATAM,,,4.0,30.276014784631364
A02370,Howard LLC,True,FinTech,10371.38,11.0,Closed -Won,API,16.44787147804598,Europe,,,1.0,1.414864009450585
A02371,Rhodes-Thompson,True,E -Commerce,5348.02,3.0,Closed -Won,Analytics,15.789015501782394,North America,,,2.0,4.558731421980618
A02372,"Johnson, Brown and Jordan",True,MarTech,7060.79,49.0,Closed -Won,Core,13.950579895857484,Asia,,,4.0,1.748346958433599
A02373,"Perez, Hoffman and Tucker",True,Logistics,3694.41,4.0,Closed -Won,Core,10.475179732081621,Asia,,,3.0,2.2781200082667312
A02374,Glover-Hammond,True,EdTech,7102.09,24.0,Closed -Won,Core,13.7696438735743,Europe,,,1.0,2.242536285003722
A02375,"Adams, Hernandez and Vaughn",True,HealthTech,30979.55,42.0,Closed -Won,Analytics,14.528193991147528,LATAM,,,0.0,2.5894594986230834
A02376,"Munoz, Garcia and Williams",True,HealthTech,7856.27,59.0,Closed -Won,Core,8.371847386886525,Europe,,,1.0,1.5227172341298978
A02377,Lloyd-Estes,True,HealthTech,3602.61,51.0,Closed -Won,Core,2.6783882813286835,Europe,,,8.0,23.088071665578582
A02378,Villegas PLC,True,MarTech,7779.17,9.0,Closed -Won,Core,13.70959620556957,LATAM,,,2.0,2.4435621936067355
A02379,"Casey, Meza and Colon",True,FinTech,3894.57,59.0,Closed -Won,Core,10.110121787645138,Europe,,,2.0,0.7128356262753337
A02380,Romero and Sons,True,MarTech,15029.13,39.0,Closed -Won,API,13.00098082792473,Asia,,,2.0,1.8924960007703713
A02381,"Wilson, Harris and Ward",True,Logistics,8031.14,11.0,Closed -Won,API,13.064460959497103,North America,,,1.0,1.8278516793282094
A02382,"Carter, Alexander and Hunter",True,Logistics,12091.16,27.0,Closed -Won,Core,19.790283600480258,LATAM,,,0.0,1.7818345446693773
A02383,"Harrell, Moore and Cox",True,CyberSecurity,8956.82,55.0,Closed -Won,Analytics,14.660355038532101,Asia,,,0.0,2.509296802223084
A02384,Martinez and Sons,True,SMB SaaS,12049.46,24.0,Closed -Won,API,17.108135753943795,Asia,,,1.0,2.6347251891792207
A02385,Montes-Hammond,True,Logistics,3424.65,11.0,Closed -Won,Core,1.8472309171965184,North America,,,2.0,21.017990995398108
A02386,Sanchez Group,True,CyberSecurity,7419.88,52.0,Closed -Won,Premium Support,4.761103466793061,North America,,,4.0,20.888009056534763
A02387,Mitchell-Jackson,True,Logistics,20621.56,57.0,Closed -Won,API,16.017025546464872,LATAM,,,3.0,2.085637707656175
A02388,Watson-Fischer,True,FinTech,21896.37,58.0,Closed -Won,Analytics,12.025439811237376,Asia,,,0.0,0.0
A02389,Soto-Sanchez,True,Logistics,12599.63,57.0,Closed -Won,Analytics,12.993199610036267,Asia,,,0.0,2.777892628938173
A02390,"Fisher, Perez and Pham",True,EdTech,13308.46,52.0,Closed -Won,Analytics,10.84108625265359,Asia,,,0.0,2.4883540951064766
A02391,Hardin-Villanueva,True,CyberSecurity,2613.58,27.0,Negotiation,Core,2.7133518023023364,North America,,,12.0,31.121140836804667
A02392,"Norton, Cox and Johnson",True,SMB SaaS,17899.83,12.0,Closed -Won,Core,2.1038211503825917,LATAM,,,2.0,32.69076424074025
A02393,Carrillo Ltd,True,MarTech,30745.24,37.0,Negotiation,Automation,16.798214325423878,LATAM,,,1.0,2.6479384810802236
A02394,"Acevedo, Miller and Edwards",True,FinTech,3922.81,14.0,Closed -Lost,Premium Support,0.09145135028945717,LATAM,,,2.0,26.35782663267626
A02395,Hamilton Group,True,EdTech,24196.55,28.0,Closed -Won,Premium Support,19.183878373862335,Asia,,,2.0,2.510301443173887
A02396,Keller Ltd,True,MarTech,3803.8,39.0,Closed -Won,Analytics,7.862377309225329,North America,,,1.0,2.3216018068163673
A02397,Orr Inc,True,SMB SaaS,14788.71,56.0,Closed -Won,Premium Support,10.419138317212603,Europe,,,1.0,2.9467723175007428
A02398,"Whitney, Lloyd and Liu",True,SMB SaaS,3319.73,18.0,Closed -Won,API,8.57542526502034,Europe,,,1.0,1.6934599798058838
A02399,Barnes-Blackwell,True,E -Commerce,4386.2,15.0,Closed -Won,Analytics,4.02728991162474,Asia,,,3.0,26.531576263376362
A02400,"Spencer, Torres and Newton",True,SMB SaaS,6940.14,44.0,Closed -Won,Premium Support,4.500744480561647,North America,,,4.0,28.234069296442108
A02401,Smith-Ramirez,True,MarTech,6020.98,1.0,Closed -Won,Premium Support,12.532459004468212,Europe,,,1.0,3.1102967076213037
A02402,"Bishop, Thomas and Powell",True,MarTech,28679.91,34.0,Closed -Won,Analytics,13.350207704217635,North America,,,0.0,0.39028888574332776
A02403,"Harris, Stephens and Kramer",True,Logistics,15565.29,45.0,Closed -Won,Automation,15.147712064272255,North America,,,1.0,2.816737174150324
A02404,"Ramos, Reed and Cain",True,CyberSecurity,6278.24,33.0,On -Hold,Automation,9.544036855980632,Asia,,,2.0,2.0177089618480073
A02405,"Sullivan, Gonzalez and Turner",True,E -Commerce,20717.69,23.0,Closed -Won,API,10.22340961209774,Asia,,,0.0,2.9653873307262932
A02406,Medina Group,True,MarTech,23139.43,49.0,Closed -Won,Analytics,14.00388861959332,Europe,,,2.0,1.2194556296087022
A02407,"Higgins, Hobbs and Meyer",True,CyberSecurity,18539.74,22.0,Negotiation,Core,17.596237808463403,LATAM,,,1.0,2.089983578816296
A02408,"Campbell, Davis and Arnold",True,Logistics,16811.37,42.0,On -Hold,Premium Support,13.923807790246746,LATAM,,,2.0,2.060630089731278
A02409,"Peterson, Reid and Johnson",True,MarTech,16906.47,28.0,Closed -Won,Core,11.625020880853903,Asia,,,2.0,2.4338835600504556
A02410,"Vargas, Allen and Schroeder",True,FinTech,5975.15,2.0,Negotiation,Core,0.12603129966615523,Europe,,,4.0,28.909379594316874
A02411,"Henderson, Wagner and Dennis",True,FinTech,14669.01,32.0,Closed -Won,Core,16.858026755180838,Asia,,,0.0,2.6362150880843536
A02412,Green-Romero,True,HealthTech,28808.88,3.0,Closed -Won,Core,11.79220505182856,Europe,,,2.0,0.15410587192764313
A02413,Williams Ltd,True,MarTech,40718.58,55.0,Closed -Won,Core,10.557689252744836,LATAM,,,0.0,1.3321579428826364
A02414,West PLC,True,E -Commerce,13274.99,36.0,Closed -Won,Core,8.854024320623656,Europe,,,0.0,0.43726999286080104
A02415,"Smith, Morgan and Young",True,Logistics,8522.36,22.0,Closed -Lost,Automation,9.682697566574104,LATAM,,,1.0,2.828219399685626
A02416,"Zhang, Cunningham and Kline",True,HealthTech,6788.97,29.0,Closed -Won,Analytics,11.11635733863844,Europe,,,0.0,2.400130777509036
A02417,"Wade, Richard and Hall",True,Logistics,27356.32,37.0,Closed -Lost,Premium Support,13.283453791417546,Asia,,,0.0,2.4560386468987367
A02418,Mitchell-Glover,True,CyberSecurity,6819.34,16.0,Closed -Won,Automation,10.373774885718028,LATAM,,,1.0,3.4731893962485594
A02419,"Armstrong, Taylor and Gray",True,FinTech,11711.33,18.0,Closed -Won,Analytics,14.557124112642912,Europe,,,1.0,1.6840583308381976
A02420,"Wright, Murphy and Aguilar",True,EdTech,11543.6,25.0,Closed -Won,Core,13.260656780245693,Asia,,,0.0,2.60958568141266
A02421,Gibson-Thomas,True,EdTech,22605.47,16.0,Closed -Won,Core,3.1603984329394432,LATAM,,,4.0,23.286387808772474
A02422,Poole-Miller,True,SMB SaaS,17724.61,45.0,Closed -Won,Premium Support,8.886670650822015,Europe,,,0.0,1.913765445331392
A02423,Coleman and Sons,True,SMB SaaS,47011.66,7.0,Closed -Won,API,14.484438290937145,North America,,,2.0,3.306625832078896
A02424,Lewis-Miller,True,Logistics,17371.3,49.0,Closed -Won,Automation,14.522014967122871,Asia,,,0.0,4.081879363402042
A02425,"Fox, Chapman and Stone",True,E -Commerce,27976.65,21.0,Closed -Won,Premium Support,10.908327788230554,Asia,,,0.0,1.5685333371365855
A02426,Wiggins-Silva,True,MarTech,9670.11,34.0,Closed -Won,Core,14.285757192342382,LATAM,,,3.0,2.833719591519883
A02427,"Henderson, Alexander and Galvan",True,EdTech,17463.1,10.0,Closed -Won,Premium Support,16.308783099220147,Asia,,,2.0,2.3191169126468107
A02428,Dennis-Butler,True,Logistics,29111.49,23.0,Closed -Won,Automation,14.289474447673497,LATAM,,,1.0,2.331112422450442
A02429,Thomas and Sons,True,FinTech,26595.48,45.0,Closed -Won,Analytics,18.153388654459512,North America,,,1.0,2.2471777290334876
A02430,Dawson-Anderson,True,EdTech,4608.21,16.0,Closed -Won,Premium Support,7.466937145713985,North America,,,0.0,1.666922008538842
A02431,"Palmer, Rice and Benson",True,HealthTech,6152.5,8.0,Negotiation,Analytics,11.47329976159184,North America,,,2.0,0.0
A02432,Kennedy-Francis,True,MarTech,17872.07,31.0,Closed -Won,Core,18.425168141692833,North America,,,1.0,3.5348093245984886
A02433,"Wood, Crane and Guzman",True,EdTech,11906.67,10.0,Closed -Won,Core,16.736078999791552,LATAM,,,1.0,1.305267412327601
A02434,Rodriguez-Wood,True,HealthTech,14164.81,19.0,Closed -Won,API,15.621535133798863,Asia,,,3.0,1.7584428550493918
A02435,Williams-Hernandez,True,MarTech,11494.06,27.0,Negotiation,Automation,17.699646219558378,North America,,,1.0,1.779707099981912
A02436,Torres-Brooks,True,Logistics,25251.96,34.0,Closed -Won,Core,8.25032636389469,LATAM,,,3.0,1.2161966067466223
A02437,Tucker-Moody,True,E -Commerce,16078.22,38.0,Closed -Won,Core,16.386831988168463,North America,,,1.0,2.240240141995622
A02438,Bowers Group,True,Logistics,12628.01,40.0,Closed -Won,Core,17.193110487258267,Europe,,,1.0,1.9556875645779153
A02439,Zuniga LLC,True,SMB SaaS,57230.64,50.0,Closed -Won,Analytics,12.02389950147279,Asia,,,3.0,1.2834640211704618
A02440,Lewis-Fuentes,True,SMB SaaS,28715.64,4.0,Closed -Won,API,21.88771135367368,Asia,,,0.0,2.149302016651355
A02441,Smith-Kelley,True,EdTech,33012.93,22.0,Closed -Won,Automation,14.589046892186172,Asia,,,0.0,1.9669533070416354
A02442,Harrell Group,True,SMB SaaS,5650.77,1.0,Closed -Won,Core,7.421692872474377,Europe,,,3.0,2.927838571288102
A02443,Berry-Knight,True,SMB SaaS,108121.56,1.0,Closed -Won,Core,9.465818671563353,Asia,,,1.0,9.786482433560055
A02444,Harrington-Alvarez,True,SMB SaaS,55258.89,13.0,Closed -Won,Core,5.89569044036056,Asia,,,1.0,30.116884789929173
A02445,"Bass, Anderson and Taylor",True,EdTech,24914.59,36.0,Closed -Won,Premium Support,17.494985821788553,Europe,,,1.0,2.725297610837405
A02446,"Murray, Cole and Cole",True,HealthTech,15729.23,53.0,Closed -Won,Analytics,4.215977556343219,Europe,,,6.0,27.3582204300657
A02447,"Nguyen, Marsh and Beck",True,E -Commerce,8142.38,46.0,Closed -Won,Core,12.206233783171427,North America,,,0.0,1.0965977374549167
A02448,Hughes-Mccullough,True,SMB SaaS,26723.62,39.0,Closed -Won,Core,18.507355754788687,Asia,,,1.0,1.409709058991389
A02449,Weaver-Rubio,True,SMB SaaS,48157.22,46.0,On -Hold,Core,16.81835391793793,North America,,,0.0,1.899021283310617
A02450,Fitzgerald-Brewer,True,E -Commerce,16179.43,11.0,Closed -Won,API,11.516240036953695,Europe,,,1.0,1.9028210639329581
A02451,Mann PLC,True,HealthTech,6174.97,50.0,On -Hold,Analytics,13.543864758317458,Europe,,,2.0,1.7900415638976668
A02452,"Hogan, Zimmerman and Hoffman",True,MarTech,14453.19,53.0,Negotiation,API,15.55075037229224,North America,,,2.0,0.9714348515513502
A02453,Schneider Inc,True,CyberSecurity,10082.73,6.0,Negotiation,Core,12.907210211682134,Asia,,,1.0,2.7731589272535317
A02454,Friedman PLC,True,E -Commerce,7005.48,28.0,Closed -Won,Analytics,12.996801788458235,LATAM,,,0.0,3.3262197622576775
A02455,"Todd, Bernard and Boyd",True,EdTech,3570.94,49.0,Closed -Won,API,1.947929178913772,North America,,,5.0,10.912132370026804
A02456,Shaw-Smith,True,EdTech,44516.12,29.0,Closed -Won,Core,10.802604247887832,North America,,,2.0,0.4464593825764738
A02457,"Mayer, White and Smith",True,FinTech,34934.58,50.0,Closed -Won,Core,7.301703984269096,North America,,,1.0,3.0028569747749874
A02458,Sanchez Ltd,True,EdTech,11138.62,56.0,Closed -Won,Core,14.717404586996112,Asia,,,0.0,3.569796340625739
A02459,"Wallace, Roman and Lawson",True,CyberSecurity,1628.26,29.0,Closed -Lost,API,8.033300152114442,Europe,,,1.0,0.0
A02460,Chapman-Henry,True,HealthTech,20071.39,4.0,Closed -Won,Analytics,11.020883890565838,LATAM,,,0.0,2.8154365012788336
A02461,Morgan and Sons,True,SMB SaaS,36988.09,21.0,Negotiation,Analytics,8.685252923154284,North America,,,0.0,3.6378798864487796
A02462,Johnson-Rice,True,FinTech,47556.68,13.0,Closed -Won,Analytics,9.05466665671609,North America,,,1.0,1.1375877341671885
A02463,Scott-Wilson,True,E -Commerce,19862.5,28.0,Closed -Won,Core,15.279065522357875,LATAM,,,1.0,3.5796678268932105
A02464,Weaver LLC,True,MarTech,8234.52,35.0,Closed -Won,Automation,13.33307550481978,North America,,,1.0,1.822005719119994
A02465,White Inc,True,Logistics,17884.16,28.0,Closed -Won,Automation,13.22479863359563,LATAM,,,0.0,2.31463709057312
A02466,Parker Group,True,SMB SaaS,13039.45,12.0,Closed -Won,Core,10.052294649127973,Asia,,,0.0,1.2807666854529112
A02467,"Jackson, Mendez and Nguyen",True,E -Commerce,11660.48,18.0,Negotiation,Automation,12.032452733484316,Europe,,,1.0,3.001028526021389
A02468,Reeves LLC,True,CyberSecurity,31870.73,41.0,Closed -Won,Core,15.129365477630563,LATAM,,,0.0,2.834452117615467
A02469,Garcia-Thomas,True,CyberSecurity,20599.37,2.0,Closed -Won,Analytics,13.843738204080498,Asia,,,1.0,3.724709355729823
A02470,Scott-David,True,E -Commerce,4774.97,13.0,Closed -Won,Analytics,2.112972644050715,Asia,,,6.0,33.803292430137446
A02471,Williams and Sons,True,HealthTech,32103.67,53.0,Closed -Won,Automation,16.895276036377744,North America,,,0.0,1.9908499557827648
A02472,"Willis, Vasquez and Goodwin",True,MarTech,44602.5,6.0,Negotiation,Core,13.243340425225368,North America,,,3.0,5.108378615181897
A02473,Avery-Adams,True,HealthTech,7796.28,25.0,Negotiation,Core,6.244398998012086,Asia,,,4.0,15.764284010288458
A02474,Marshall-Russell,True,MarTech,20154.6,13.0,Closed -Won,Premium Support,11.730065302801352,Asia,,,2.0,2.540516035045657
A02475,Johnson-Schultz,True,E -Commerce,12732.38,7.0,Closed -Won,Premium Support,6.15007154982504,Europe,,,7.0,27.019293790960695
A02476,Adams PLC,True,HealthTech,3266.34,25.0,Closed -Lost,Automation,11.670538843987657,LATAM,,,0.0,0.469967270772365
A02477,"Garcia, Hines and Pearson",True,HealthTech,17870.01,31.0,Closed -Won,Core,10.83612736599874,LATAM,,,2.0,0.5549721429233394
A02478,Torres Group,True,Logistics,25805.84,11.0,Closed -Won,Analytics,14.209256852670459,LATAM,,,2.0,1.0663345130754545
A02479,Miller-Fields,True,MarTech,17956.72,5.0,Closed -Won,Analytics,21.290909308199844,Asia,,,2.0,3.377302655890228
A02480,Patton and Sons,True,HealthTech,35777.88,8.0,Closed -Won,Core,12.535435813890874,Europe,,,1.0,2.4870889133375234
A02481,Fernandez-Jackson,True,CyberSecurity,17068.76,39.0,Closed -Won,Core,13.991582442524676,Asia,,,2.0,1.3866268166315419
A02482,Medina Group,True,CyberSecurity,3327.63,51.0,Negotiation,Automation,2.0847532906074875,North America,,,5.0,19.491379203744465
A02483,"Hayes, Smith and Marshall",True,Logistics,8826.47,11.0,Closed -Won,Core,17.73020316512454,North America,,,0.0,1.742253597072114
A02484,"Roberts, Stanton and Smith",True,Logistics,29698.97,19.0,Closed -Won,Core,0.4016400124822952,Asia,,,4.0,27.981229464354545
A02485,Nelson-King,True,SMB SaaS,927.74,21.0,On -Hold,Core,1.9218246116563666,North America,,,7.0,22.150700529465446
A02486,"James, Bell and Chen",True,E -Commerce,9306.97,22.0,Closed -Won,Analytics,18.079387433914235,Asia,,,0.0,2.3496863861162427
A02487,"Pittman, Campbell and Martin",True,EdTech,17484.61,15.0,Negotiation,Automation,12.717975935915579,Europe,,,0.0,2.3000857759467
A02488,"Hart, Turner and Foster",True,Logistics,29932.52,4.0,Closed -Won,Core,5.959119291276528,Europe,,,3.0,21.23439894343479
A02489,Rivas Ltd,True,EdTech,38368.58,31.0,Closed -Won,Automation,19.12963559565995,North America,,,0.0,3.588006029210349
A02490,"Lutz, Johns and Clark",True,EdTech,12527.69,22.0,Closed -Won,Core,15.898184308833676,Asia,,,0.0,1.7044287934768716
A02491,"Bernard, Flores and Fleming",True,Logistics,15022.67,21.0,Closed -Won,Core,7.342334535967517,Europe,,,1.0,1.007249875443764
A02492,Reid-Petty,True,SMB SaaS,9840.31,16.0,Negotiation,Core,15.36446292691103,North America,,,1.0,2.852879979520193
A02493,"Chavez, Sanchez and Bird",True,EdTech,15921.35,55.0,On -Hold,Analytics,2.618683677661608,Europe,,,6.0,25.478200232648657
A02494,Clark-Haley,True,CyberSecurity,5465.59,37.0,Closed -Won,Premium Support,16.69451547396997,North America,,,1.0,2.4084283126590544
A02495,Smith-Holt,True,SMB SaaS,20989.58,25.0,Closed -Won,API,15.224571408260521,Asia,,,2.0,0.81532019980846
A02496,"Nielsen, Lynch and Smith",True,Logistics,1201.97,13.0,Closed -Won,Core,3.155509726031922,North America,,,0.0,19.98696079666297
A02497,Chambers Group,True,FinTech,19572.06,48.0,Closed -Won,Premium Support,14.806490511486432,Europe,,,1.0,4.172428364524555
A02498,"Woodard, Warner and Farmer",True,CyberSecurity,12917.08,53.0,Closed -Won,API,14.631883181754823,Europe,,,2.0,0.7371662702155368
A02499,"Miller, Mcdowell and Curtis",False,HealthTech,479546.02,2.0,Closed -Won,Core,10.995475710185573,North America,8.7,1.0,1.8571428571428572,9.519490292058753
A02500,"Johnson, Collier and Powers",True,Logistics,25371.86,55.0,Closed -Lost,Premium Support,15.726586555739926,North America,,,1.0,1.2146903046499875
A02501,"Martinez, Stanton and Bennett",True,FinTech,11253.91,42.0,Closed -Won,Automation,18.487897879465194,LATAM,,,1.0,4.6896060595974625
A02502,"Howard, Thompson and Tate",True,SMB SaaS,24278.18,6.0,Closed -Won,API,15.241666968842896,Europe,,,1.0,3.2396324781502503
A02503,"Terrell, Martinez and Wood",True,HealthTech,5882.8,45.0,Closed -Won,Core,14.068695381423394,North America,,,0.0,2.28210734302997
A02504,Wallace and Sons,True,MarTech,3755.84,7.0,Closed -Won,Core,17.443902662564675,North America,,,2.0,0.7721325241305794
A02505,"Smith, Campbell and Morse",True,HealthTech,19240.46,4.0,Closed -Won,Automation,20.728222170769303,Asia,,,2.0,1.0139439252237419
A02506,Lee-Velasquez,True,Logistics,3485.8,7.0,Negotiation,API,16.745212262504268,LATAM,,,2.0,2.7462745056817885
A02507,"Turner, Robbins and Young",True,MarTech,40690.2,28.0,Closed -Won,Automation,14.618618380424271,LATAM,,,2.0,0.6375078022825091
A02508,Coffey-Johnson,True,CyberSecurity,2570.36,37.0,Closed -Won,Automation,15.297591649306757,Asia,,,0.0,0.6688861552579319
A02509,Conway-Mann,True,FinTech,28864.81,25.0,Negotiation,Premium Support,0.6356983840912038,North America,,,5.0,29.1617333780265
A02510,Smith Ltd,True,MarTech,12874.13,8.0,Closed -Won,Core,4.948068137779473,LATAM,,,2.0,20.553434262450605
A02511,Rodriguez-Ramirez,True,SMB SaaS,21566.62,12.0,Negotiation,Core,20.49551249451914,Asia,,,1.0,2.3800314071942936
A02512,"Snyder, Arnold and Keller",True,SMB SaaS,16177.44,51.0,Negotiation,Core,11.752839877050702,North America,,,3.0,1.5604747021828862
A02513,"Chambers, Morrison and Thompson",True,HealthTech,9362.97,57.0,Negotiation,Core,17.464717484728098,LATAM,,,1.0,2.920146546131085
A02514,"Anderson, Brown and Green",True,MarTech,8176.6,45.0,Closed -Won,Analytics,13.622429171898279,Asia,,,0.0,1.1381852870235734
A02515,"Foley, Ibarra and Daniel",True,MarTech,22626.22,7.0,Closed -Lost,Analytics,5.000489124833518,LATAM,,,4.0,29.964050778543875
A02516,Lee-Gregory,True,E -Commerce,30865.07,49.0,Negotiation,Core,7.437428929034796,North America,,,2.0,16.75375622881609
A02517,"Byrd, Mendez and Becker",True,E -Commerce,17796.35,41.0,Closed -Lost,API,12.359672498738256,LATAM,,,1.0,2.6006490856285325
A02518,Smith-Simmons,True,FinTech,21021.05,32.0,Closed -Won,Core,15.732731955252978,Asia,,,1.0,3.1819980519255386
A02519,"Hahn, Williams and Mcmillan",True,Logistics,16941.92,9.0,Closed -Won,Analytics,4.05753527141927,North America,,,2.0,22.654467150704875
A02520,Richard-Russell,True,HealthTech,4784.45,59.0,On -Hold,Analytics,10.933919409056093,LATAM,,,1.0,1.3389224681805714
A02521,Frazier Group,True,EdTech,5173.43,27.0,Closed -Won,Core,18.413023740469146,LATAM,,,1.0,0.3116062438484166
A02522,Ward-Blake,False,Logistics,266207.43,3.0,Closed -Won,Automation,12.908305399523575,Europe,,,1.0,8.004933798088564
A02523,"Walker, Ramirez and Fisher",True,CyberSecurity,12914.81,13.0,Closed -Won,Analytics,18.758166596289204,North America,,,0.0,1.824025841930522
A02524,Stewart-Myers,True,MarTech,28154.4,24.0,Closed -Won,Analytics,14.71089399220435,North America,,,0.0,1.8924771191303864
A02525,Miller-Armstrong,True,SMB SaaS,10721.61,4.0,Closed -Won,Analytics,13.892800795157928,Asia,,,2.0,0.9139168760561733
A02526,Mooney and Sons,True,MarTech,7356.67,20.0,Closed -Won,Core,16.110681447855864,Asia,,,2.0,1.1289003001315583
A02527,"Coleman, Jones and Wright",True,E -Commerce,10540.14,28.0,Closed -Won,Automation,12.267574937237294,Europe,,,2.0,3.523453857295929
A02528,Murphy Inc,True,HealthTech,23725.4,56.0,On -Hold,Premium Support,5.394527642659288,Asia,,,6.0,21.048681833912354
A02529,"Garrett, Johnson and Reynolds",True,HealthTech,8059.65,6.0,Closed -Won,Core,0.0,Asia,,,5.0,16.807914011289096
A02530,Watkins Ltd,True,MarTech,17028.57,35.0,Closed -Won,Core,9.616897048430237,LATAM,,,1.0,1.557651948881095
A02531,Pittman-Wright,True,E -Commerce,21200.73,55.0,Closed -Won,Automation,14.382366514517217,LATAM,,,2.0,2.4060026916564032
A02532,Allen-Peterson,True,Logistics,14956.92,48.0,Closed -Won,API,12.677099324770094,Asia,,,1.0,1.3735489756394588
A02533,Underwood PLC,True,MarTech,16750.29,55.0,Closed -Won,Core,13.272343507945088,LATAM,,,0.0,1.1913046845945674
A02534,Harding PLC,True,SMB SaaS,17055.91,11.0,Closed -Won,API,15.091354836949863,Asia,,,2.0,1.6617542162174683
A02535,"Gonzales, Davis and Griffin",True,E -Commerce,7908.49,48.0,Closed -Won,Premium Support,17.817599401959875,Asia,,,0.0,3.0906608853324737
A02536,Miller Inc,True,FinTech,12020.19,58.0,On -Hold,Core,11.453689728356064,North America,,,2.0,3.181401302518739
A02537,Bennett Ltd,True,CyberSecurity,7487.91,20.0,Closed -Won,API,12.99032535461193,LATAM,,,2.0,1.2645531822077298
A02538,Patton Inc,True,E -Commerce,11554.6,30.0,Closed -Won,Automation,11.704751910920567,LATAM,,,3.0,2.460551094634311
A02539,Brown-Bishop,True,MarTech,25124.78,32.0,Closed -Won,Core,11.509458236603026,Asia,,,2.0,1.9935882471222495
A02540,Jones-Byrd,True,MarTech,24930.32,30.0,Closed -Won,Premium Support,3.163854510260618,Europe,,,3.0,14.468509784197666
A02541,"Williams, Horn and Morales",True,EdTech,17234.84,18.0,Closed -Won,Premium Support,13.410649151554416,Asia,,,0.0,1.7029254867499568
A02542,"Walton, Hall and Greene",True,E -Commerce,14535.64,58.0,Closed -Won,API,2.951819495604722,Europe,,,4.0,18.38350484853772
A02543,"Hanson, Chavez and Marshall",True,E -Commerce,20280.0,57.0,Closed -Won,Analytics,14.961337294354514,Europe,,,1.0,3.1630552371530958
A02544,Hobbs-Harvey,True,MarTech,16688.79,23.0,Closed -Won,API,10.829429002750253,North America,,,2.0,3.552472042655303
A02545,Curtis-Lowe,True,EdTech,11467.26,48.0,Closed -Won,API,0.0903943328035064,Europe,,,5.0,35.046549655160284
A02546,Gibson LLC,True,MarTech,14027.66,24.0,Closed -Won,Core,1.618620119450751,Asia,,,1.0,15.164675939332511
A02547,"Lee, Garcia and Larson",True,MarTech,6040.22,47.0,Closed -Won,Core,4.718504228152129,LATAM,,,1.0,17.800392225177212
A02548,Watkins and Sons,True,MarTech,5408.7,35.0,Closed -Won,Core,3.4661405874534905,LATAM,,,4.0,26.794342227646005
A02549,"Martinez, Hicks and Kelly",True,EdTech,34921.8,28.0,Closed -Won,Core,14.980815237788828,Asia,,,2.0,0.8855885981074847
A02550,Hardy-Wallace,True,E -Commerce,23597.94,8.0,On -Hold,API,13.530634091224261,Europe,,,0.0,1.8519553312473498
A02551,Taylor Inc,True,HealthTech,9687.84,39.0,Closed -Won,Automation,15.074240133437936,LATAM,,,0.0,1.9410616121287658
A02552,Anderson PLC,True,E -Commerce,14023.81,19.0,Closed -Won,Core,4.4743151167144255,Europe,,,4.0,20.22067448346364
A02553,Palmer-Pearson,True,FinTech,10890.64,13.0,Negotiation,API,15.63523596344422,Asia,,,2.0,2.385981694087448
A02554,Collins-Mcclure,True,MarTech,13831.76,12.0,Closed -Won,Analytics,14.561946569393502,Europe,,,0.0,1.300054664916049
A02555,Hernandez LLC,True,Logistics,23913.32,58.0,Closed -Won,Analytics,0.0,Asia,,,4.0,21.769624850930498
A02556,"Cooper, Wood and Smith",True,Logistics,1223.68,7.0,Closed -Won,API,1.650304739676837,LATAM,,,3.0,13.39492855365266
A02557,"Sandoval, Thomas and Young",True,CyberSecurity,19570.21,48.0,Closed -Won,Core,2.0346109647787243,Asia,,,3.0,24.851997600949034
A02558,"Trevino, Henderson and Gonzalez",True,CyberSecurity,4790.7,52.0,Closed -Won,Core,12.8790341648398,Asia,,,3.0,0.0
A02559,Davidson and Sons,False,FinTech,331050.99,2.0,Negotiation,Analytics,12.155080775023144,Asia,7.8,0.73,0.8888888888888888,6.834381883553617
A02560,Peterson Ltd,True,EdTech,27679.68,35.0,Closed -Won,Premium Support,4.633100256390437,Europe,,,4.0,17.284333505776637
A02561,Neal-Holden,True,CyberSecurity,4143.58,35.0,Closed -Won,Premium Support,12.957007366531972,LATAM,,,0.0,4.13486408302504
A02562,"Schwartz, Christian and Knight",True,Logistics,4289.93,22.0,Closed -Won,API,17.068964573232005,Europe,,,1.0,3.9718379250836606
A02563,Jensen-Barnes,True,E -Commerce,8584.2,40.0,On -Hold,Analytics,0.0,North America,,,3.0,26.759733167706113
A02564,Garcia Inc,True,Logistics,13804.14,25.0,Closed -Won,API,14.490928542134261,LATAM,,,1.0,4.339052995582627
A02565,Robinson-Smith,True,EdTech,8103.84,26.0,Closed -Won,Analytics,13.585667939710573,Europe,,,0.0,2.937574529387576
A02566,Steele Group,True,HealthTech,9056.31,26.0,Closed -Won,Core,19.050667136719394,Europe,,,0.0,1.3546861970569237
A02567,"Lewis, Castillo and Tate",True,FinTech,1605.72,48.0,Closed -Won,Core,11.860199812713025,North America,,,0.0,0.0
A02568,Aguirre-Bennett,True,E -Commerce,57254.41,38.0,Closed -Won,Core,5.562505666856764,LATAM,,,7.0,25.549243947881905
A02569,Lopez-Fritz,True,CyberSecurity,13528.13,23.0,Closed -Won,Premium Support,10.28799456476001,LATAM,,,0.0,2.0312958748811454
A02570,Smith-Howard,True,EdTech,42070.48,55.0,Negotiation,API,16.18019323197352,North America,,,1.0,2.4313615857436988
A02571,"Wilson, Roberts and Lee",True,Logistics,8983.0,48.0,Closed -Won,API,12.25355298092698,LATAM,,,1.0,1.7711638234955507
A02572,"Durham, Ward and Hester",True,CyberSecurity,52546.37,56.0,Closed -Won,Automation,0.9605638057667139,North America,,,1.0,24.340378141490255
A02573,Gonzalez and Sons,True,EdTech,21045.65,44.0,Closed -Won,API,0.8968740109231228,North America,,,2.0,27.221086010534314
A02574,Mcclure Ltd,True,HealthTech,14668.33,24.0,Closed -Won,API,14.188165748187163,Europe,,,1.0,2.7066372859450394
A02575,Morgan PLC,True,CyberSecurity,37617.63,46.0,Closed -Won,Automation,10.247721246022563,Europe,,,2.0,1.645624632625789
A02576,White Inc,True,CyberSecurity,4355.42,20.0,Closed -Won,Core,7.270264201693217,Asia,,,1.0,1.6395821426573927
A02577,Cameron Inc,True,HealthTech,14134.44,16.0,Closed -Won,Core,15.373112112178315,North America,,,2.0,0.4806129119423539
A02578,Decker and Sons,True,EdTech,11949.96,27.0,Closed -Won,Analytics,7.6593268813888695,Europe,,,2.0,2.091200481778275
A02579,Pena-Dyer,True,MarTech,27821.43,58.0,Closed -Won,Core,16.562413351932136,LATAM,,,1.0,0.8880680585124705
A02580,Boyle-Torres,True,E -Commerce,2511.89,34.0,Closed -Won,API,18.67558324860544,North America,,,1.0,2.9185261996981122
A02581,Wood LLC,True,HealthTech,10073.04,23.0,Closed -Won,Automation,13.5073285881949,Asia,,,2.0,1.2658990997698183
A02582,"Jackson, Rose and Lloyd",True,SMB SaaS,1637.67,28.0,Closed -Won,Automation,17.89847884016147,LATAM,,,1.0,1.7042959095042431
A02583,"Keith, Johns and Jones",True,MarTech,10562.26,18.0,Closed -Won,Core,13.927230741370343,Asia,,,1.0,4.163983565744372
A02584,Andrade and Sons,True,MarTech,33304.74,39.0,Closed -Won,Core,18.79772347723361,Asia,,,1.0,1.6934257772994121
A02585,Lee Group,True,FinTech,10576.56,21.0,Closed -Won,Premium Support,12.631346443660368,North America,,,0.0,1.559425183866924
A02586,"Brooks, Greene and Rowland",True,SMB SaaS,7261.98,33.0,Negotiation,Premium Support,6.905354571706635,Europe,,,0.0,2.5856219858989307
A02587,Mccall PLC,True,HealthTech,23360.26,22.0,Closed -Won,Core,13.760264767680495,LATAM,,,1.0,0.214738197774347
A02588,"Lopez, Nichols and Clarke",True,SMB SaaS,7731.21,19.0,Closed -Won,Automation,5.064440521109731,North America,,,4.0,24.95678869459119
A02589,Wright-Soto,True,MarTech,30470.19,58.0,Closed -Won,Automation,15.604904917821255,Europe,,,5.0,2.993940043455595
A02590,Salas-York,True,Logistics,40940.52,21.0,Closed -Won,Core,4.897455871629937,LATAM,,,4.0,12.284095515143537
A02591,"Blackwell, Clark and Miller",True,HealthTech,15370.76,5.0,Closed -Won,Core,14.986703507854195,Asia,,,0.0,0.0
A02592,Gibbs-Mendez,True,HealthTech,20580.47,23.0,Closed -Won,Premium Support,16.91337451535766,Europe,,,0.0,1.7405883015242234
A02593,Romero Ltd,True,Logistics,32276.06,32.0,Closed -Won,API,13.743150683256587,Asia,,,4.0,0.727133773994667
A02594,"Brooks, Stone and White",True,Logistics,15016.21,6.0,Closed -Won,API,21.879170256027137,LATAM,,,1.0,3.1241067839595402
A02595,"Brooks, Neal and Baldwin",True,E -Commerce,3432.41,19.0,Closed -Won,Premium Support,3.4140402565596357,North America,,,6.0,26.685748396897033
A02596,Wells-Perkins,True,FinTech,34522.24,10.0,Closed -Won,Automation,0.8189063843073034,Europe,,,2.0,28.78087192476307
A02597,"Morse, Silva and Johnson",True,SMB SaaS,20878.06,30.0,Negotiation,Core,16.285811709445397,Asia,,,2.0,0.7968888028599872
A02598,Jacobson Group,True,MarTech,11379.59,43.0,Negotiation,Analytics,11.900517725905827,North America,,,2.0,3.4942942105249304
A02599,Foster LLC,True,SMB SaaS,4807.06,58.0,Negotiation,Automation,12.726679197956981,North America,,,3.0,1.7377388609805122
A02600,Oneal-Duncan,True,Logistics,10580.61,23.0,Closed -Won,Core,1.4950807916940392,Europe,,,2.0,24.51287589676358
A02601,Scott-Miller,True,Logistics,18187.87,51.0,Closed -Won,Core,5.212853611937035,Asia,,,3.0,22.896073106582314
A02602,Phillips PLC,True,CyberSecurity,19831.79,13.0,Closed -Won,Automation,15.014215180181818,LATAM,,,1.0,2.506808018916648
A02603,Hall-Williams,True,CyberSecurity,25290.03,47.0,Closed -Lost,Automation,2.7795084260470095,North America,,,1.0,23.978075674120728
A02604,"Oliver, Simmons and Mcdonald",True,E -Commerce,36019.53,34.0,Negotiation,Core,5.146745640261258,Europe,,,4.0,28.749618343189628
A02605,Richardson-Jimenez,True,FinTech,24372.38,45.0,Negotiation,Core,14.861890532247703,Asia,,,0.0,2.6084338842936083
A02606,Reyes-White,True,MarTech,14772.63,45.0,Closed -Won,Automation,13.80826993207654,North America,,,1.0,3.4428916925146216
A02607,Baker Inc,True,CyberSecurity,9055.08,32.0,Closed -Won,Core,0.2222280582749283,LATAM,,,6.0,34.31240392844421
A02608,Valenzuela-Phillips,True,Logistics,6938.56,16.0,Closed -Won,Core,12.772346878627252,Europe,,,0.0,1.9529613407442004
A02609,"Hunt, Schneider and Hartman",True,E -Commerce,26775.57,32.0,Closed -Won,Premium Support,12.224292488349578,Asia,,,0.0,2.595130162898811
A02610,Garcia Inc,True,CyberSecurity,14080.02,49.0,Closed -Won,Automation,1.6148669734413401,Asia,,,2.0,25.98202868397357
A02611,Johnson-Gonzalez,True,FinTech,5742.5,58.0,Closed -Won,Analytics,12.607390465045107,Asia,,,1.0,3.0167343072391724
A02612,Leonard LLC,True,MarTech,19943.86,55.0,Closed -Won,API,2.4588537497022656,North America,,,3.0,25.699711013823197
A02613,Mcgee-Mack,True,E -Commerce,19206.65,11.0,Closed -Lost,Analytics,16.73561218653077,Europe,,,1.0,0.14278149237210003
A02614,Lee-Munoz,True,SMB SaaS,55917.84,36.0,Closed -Won,Core,11.094593228084896,LATAM,,,1.0,2.8103860393713234
A02615,Murillo Ltd,True,EdTech,1811.92,7.0,Closed -Won,Premium Support,1.6746319560948755,Europe,,,0.0,30.281049149338905
A02616,"Daniels, Green and Carrillo",True,HealthTech,3710.9,40.0,Closed -Won,Analytics,12.701430165691061,LATAM,,,2.0,2.0350057561523385
A02617,Short-Logan,True,EdTech,2038.95,59.0,Closed -Won,API,14.088366102392854,LATAM,,,1.0,1.884233812629425
A02618,Bautista-Underwood,True,HealthTech,7244.87,4.0,Negotiation,Analytics,16.69225158479396,Europe,,,0.0,0.5822315169343868
A02619,"Smith, Valdez and Hays",True,E -Commerce,13850.04,39.0,Closed -Won,Analytics,8.090034368307155,North America,,,0.0,2.3725030898738333
A02620,Grimes and Sons,True,CyberSecurity,11318.37,56.0,Closed -Won,Core,13.288922459177092,Asia,,,2.0,4.1543177402072775
A02621,Cummings and Sons,True,Logistics,38465.18,50.0,Closed -Won,Analytics,12.279998447098498,Asia,,,0.0,1.6873944688200804
A02622,Hall-Matthews,True,SMB SaaS,11659.11,24.0,Closed -Won,API,4.725873211970263,Asia,,,4.0,26.60332058918138
A02623,"Todd, Sharp and Murray",True,FinTech,2341.14,7.0,Closed -Won,Automation,4.392431103660488,Europe,,,5.0,15.608701195214659
A02624,Edwards and Sons,True,HealthTech,50092.82,55.0,Closed -Won,Automation,13.768221904002946,Europe,,,1.0,2.8626132190088738
A02625,Carrillo-Wolfe,True,EdTech,26905.5,55.0,Negotiation,Core,13.629058105463036,Europe,,,2.0,1.3551566923422715
A02626,Gonzales PLC,True,HealthTech,25829.76,35.0,Closed -Won,Analytics,17.195394117906336,North America,,,1.0,2.2370147961227485
A02627,Brooks PLC,True,Logistics,4812.49,58.0,Negotiation,Core,14.904457791002114,North America,,,1.0,2.480780183109315
A02628,Torres Ltd,True,HealthTech,15933.31,1.0,Closed -Won,API,4.102697174572264,Europe,,,7.0,15.5249145080935
A02629,Porter Ltd,True,FinTech,33784.97,37.0,Closed -Won,Automation,14.443611774380418,Asia,,,2.0,3.2140503406380856
A02630,Morgan-Barnes,True,Logistics,29596.86,3.0,Closed -Won,Automation,6.05079533774918,North America,,,6.0,28.50482260633128
A02631,"Goodwin, Farmer and Vaughn",True,SMB SaaS,7832.42,56.0,On -Hold,Core,14.518021930952319,LATAM,,,1.0,1.1437954478038233
A02632,Nguyen-Johnson,True,HealthTech,13896.35,41.0,Negotiation,API,12.456654485102884,LATAM,,,1.0,1.9299732773863985
A02633,Weeks and Sons,True,EdTech,29688.18,54.0,Negotiation,Core,3.329136890769958,Europe,,,7.0,15.218990745507892
A02634,Carroll-Lloyd,True,E -Commerce,16010.4,34.0,Closed -Won,Core,9.698187877895139,Asia,,,2.0,0.0
A02635,"Berry, Myers and James",True,E -Commerce,11135.87,5.0,Closed -Lost,Core,2.5700291000634437,North America,,,4.0,24.7945790965413
A02636,Brown-Hughes,True,SMB SaaS,5544.26,2.0,Closed -Won,Core,2.299169287693758,Asia,,,1.0,27.88280258201947
A02637,Rodriguez-Hudson,True,MarTech,13883.57,20.0,Closed -Won,Analytics,12.333135621169284,LATAM,,,0.0,1.4747153171885607
A02638,Fowler-Torres,True,FinTech,36499.42,44.0,Closed -Won,Core,15.053431931137428,Europe,,,3.0,1.0030567449236594
A02639,Garcia PLC,True,MarTech,33338.82,9.0,Closed -Won,API,12.294475866475075,Asia,,,0.0,2.0414646247848287
A02640,Johnson Ltd,True,E -Commerce,18845.92,51.0,Closed -Won,Core,5.691224572828516,Europe,,,4.0,28.15858163527287
A02641,"Burns, Lopez and Jones",True,E -Commerce,17306.99,15.0,Closed -Won,Analytics,4.465018750216919,Asia,,,6.0,31.044729775798228
A02642,Campbell-Hall,True,E -Commerce,24815.44,30.0,On -Hold,Core,18.10818349063404,North America,,,1.0,3.3717438224736718
A02643,"Warren, Gibson and Wood",True,SMB SaaS,17749.9,12.0,Closed -Lost,Core,10.678497206760357,North America,,,1.0,2.057714415879476
A02644,Jackson Group,True,Logistics,17731.83,28.0,Negotiation,Analytics,14.731147591123435,LATAM,,,0.0,1.1284863303651198
A02645,Moore-Rodriguez,True,EdTech,3611.0,27.0,Closed -Won,Core,8.284986025538545,Asia,,,0.0,0.8754626776501657
A02646,"Barnes, Paul and Price",True,EdTech,5992.19,1.0,Closed -Won,Core,0.0,North America,,,1.0,24.667672503734693
A02647,Anderson and Sons,True,CyberSecurity,22752.44,34.0,Closed -Lost,Automation,3.751361845045664,Asia,,,6.0,14.620604183235528
A02648,Reynolds-Mckinney,True,MarTech,16466.3,47.0,Negotiation,Core,17.40473129713158,Asia,,,1.0,1.1763112908568663
A02649,Moore-Andrews,True,MarTech,14957.88,56.0,Closed -Won,Automation,11.663881910883577,Europe,,,1.0,2.5958794839967014
A02650,Matthews-Shaw,True,HealthTech,11002.64,20.0,Closed -Won,Core,11.551698575703352,Asia,,,0.0,2.0945569100143127
A02651,"Stevens, Harris and Ritter",True,EdTech,36260.85,52.0,Closed -Won,Automation,14.10826184568335,Asia,,,0.0,3.993232969504677
A02652,Brown-Ross,True,CyberSecurity,23186.84,52.0,Negotiation,Core,14.111250833449551,North America,,,0.0,2.3902514636605696
A02653,Fox PLC,True,Logistics,20283.16,59.0,Closed -Won,Premium Support,4.60489670956165,Asia,,,5.0,30.20862142938769
A02654,Stevens-Johnston,True,Logistics,5593.8,23.0,Closed -Won,Core,19.958664701789715,LATAM,,,2.0,2.736369528764686
A02655,"Davis, Lucas and Ellison",True,EdTech,20245.02,51.0,Closed -Won,Premium Support,13.20390988065388,North America,,,1.0,2.77002199089597
A02656,Graves-Dawson,True,HealthTech,64294.8,34.0,Closed -Won,Core,14.34075494725424,LATAM,,,1.0,1.6029889877041854
A02657,Myers-Colon,False,HealthTech,2501134.3600000003,4.0,Closed -Lost,Premium Support,11.462880413494302,LATAM,9.5,0.86,1.7083333333333333,5.625069569502608
A02658,Perry and Sons,True,MarTech,26735.3,16.0,Closed -Won,Core,15.319914686453538,Asia,,,1.0,2.5360351912265706
A02659,"Quinn, Ellis and Bartlett",True,E -Commerce,14981.65,40.0,Closed -Won,Core,5.336977861656937,Asia,,,3.0,31.127498415245142
A02660,Hale Inc,True,SMB SaaS,14729.75,10.0,Closed -Won,Core,18.990991090863716,Europe,,,0.0,0.4834499082624464
A02661,Hale-Williams,True,SMB SaaS,31350.93,26.0,Closed -Won,Core,11.71320297420836,Europe,,,0.0,2.2545209989906128
A02662,Hill Ltd,True,FinTech,7738.77,46.0,Negotiation,Analytics,17.302385528903635,North America,,,0.0,1.3630071019787937
A02663,"Carter, Hendricks and Wolfe",True,CyberSecurity,10970.07,9.0,Closed -Won,Analytics,15.649042458653053,North America,,,1.0,0.48439795813751907
A02664,"Barrera, Kerr and Jenkins",True,EdTech,12663.87,30.0,Closed -Won,Analytics,16.923609828380233,LATAM,,,0.0,1.6478836566116981
A02665,"Martinez, Wood and Campos",True,HealthTech,7231.68,13.0,Closed -Lost,API,13.724362181921608,Asia,,,0.0,3.2829187342068633
A02666,"Miranda, Nguyen and Hayes",True,E -Commerce,12297.71,32.0,Closed -Won,Core,13.438877680153459,North America,,,0.0,3.208061500088057
A02667,Clark-Williams,True,FinTech,8053.19,15.0,Negotiation,API,2.5198718692031896,LATAM,,,5.0,23.060213796406703
A02668,Jones Ltd,True,EdTech,15350.63,57.0,Closed -Won,Automation,16.864077518168862,LATAM,,,0.0,2.2692328900921233
A02669,"Brady, James and Reese",True,E -Commerce,27300.32,5.0,Closed -Won,Core,18.69716169158566,North America,,,0.0,2.5957972033550996
A02670,Sanders Inc,True,EdTech,6971.81,57.0,Negotiation,Automation,14.595642666351468,North America,,,0.0,2.0986445814780015
A02671,Wilson-Stark,True,E -Commerce,16784.44,47.0,Closed -Lost,Core,7.442053592950239,Europe,,,5.0,21.835193319076403
A02672,Santiago-Marshall,True,MarTech,14341.12,51.0,Closed -Won,Analytics,6.620439260017388,LATAM,,,2.0,1.0944981011475654
A02673,Jones-Kelley,True,Logistics,13914.22,51.0,Closed -Won,Automation,5.2250637007249185,Europe,,,4.0,22.899693910534378
A02674,Reeves Group,True,HealthTech,6576.79,12.0,Closed -Won,API,12.81724518444982,Asia,,,1.0,3.4013590766363295
A02675,Ruiz LLC,True,FinTech,31642.27,55.0,Negotiation,Analytics,2.996702635202508,Europe,,,7.0,32.651467162494825
A02676,Jackson Inc,True,E -Commerce,31637.05,36.0,Closed -Won,Core,16.442391696299737,North America,,,1.0,0.9201224366731746
A02677,"Garcia, Phillips and Nichols",True,EdTech,13652.5,57.0,Negotiation,Analytics,10.069937115263139,North America,,,3.0,2.0533911154161997
A02678,Jackson-Powers,True,CyberSecurity,25577.31,52.0,Closed -Won,Analytics,12.496087014949136,Europe,,,3.0,1.5973928572472724
A02679,Byrd and Sons,True,FinTech,9020.65,35.0,Closed -Won,Premium Support,12.613920520584534,Europe,,,1.0,1.8448994606993165
A02680,Howard-Robinson,True,E -Commerce,27594.47,23.0,Closed -Won,Automation,17.61422925019834,LATAM,,,3.0,1.463957181047773
A02681,Stafford PLC,True,SMB SaaS,6838.93,7.0,Negotiation,Core,12.175283752941068,Europe,,,0.0,3.4056916228062777
A02682,Ramos Inc,True,FinTech,5926.44,6.0,Closed -Lost,Analytics,15.357236354143964,North America,,,0.0,1.9810934631263646
A02683,"Cain, Davidson and Moran",True,EdTech,15882.6,23.0,Closed -Won,Analytics,14.58711838256815,North America,,,0.0,2.2161568046012734
A02684,Myers LLC,True,Logistics,45349.8,48.0,Closed -Won,API,16.709865456341838,LATAM,,,3.0,2.224258206133323
A02685,Williams-Smith,True,E -Commerce,5523.92,30.0,Closed -Won,Core,16.55064515634944,Europe,,,3.0,0.97222982503898
A02686,Wang-Mcfarland,True,HealthTech,2970.47,29.0,Closed -Won,Automation,1.345080288873158,LATAM,,,4.0,24.762144317886495
A02687,Kerr-Gonzalez,True,HealthTech,27272.49,15.0,Closed -Won,API,8.911116462178459,Asia,,,0.0,3.0623168217868413
A02688,Fisher Inc,True,Logistics,16520.31,34.0,On -Hold,Core,13.304777340063112,Europe,,,2.0,3.472690985480706
A02689,Hoover-Frazier,True,Logistics,17839.43,38.0,Closed -Won,Core,3.0931883342120687,LATAM,,,7.0,17.9009272586813
A02690,Walker Inc,True,EdTech,11289.23,58.0,Closed -Won,API,14.858027699458335,Asia,,,0.0,0.48139876261127124
A02691,"Jackson, Jackson and Perry",True,MarTech,21751.93,44.0,Closed -Won,Automation,11.78733456433757,North America,,,2.0,2.062134580041522
A02692,Ochoa LLC,True,Logistics,25639.56,36.0,Closed -Won,Core,17.42270335522584,LATAM,,,0.0,3.1091875757350342
A02693,"Sims, Weber and Villa",True,HealthTech,4384.55,54.0,Closed -Won,Core,14.040858254944977,Europe,,,0.0,2.359596454283688
A02694,Mcmillan-Martinez,True,HealthTech,3574.72,26.0,Closed -Won,Core,11.238507956563623,LATAM,,,0.0,2.6802960760798054
A02695,Rodriguez LLC,True,Logistics,6134.63,56.0,Closed -Won,Core,12.62531648377496,LATAM,,,1.0,0.6397509790934774
A02696,Smith Ltd,True,HealthTech,8722.72,22.0,Closed -Lost,API,5.2844230990832965,North America,,,1.0,28.723376209786505
A02697,Smith-Lewis,True,Logistics,12804.11,8.0,Closed -Won,Core,15.993133678839495,North America,,,2.0,0.0
A02698,Jones LLC,True,MarTech,16194.27,25.0,Closed -Won,Automation,17.145369666693213,North America,,,0.0,1.8575119507540416
A02699,"Hanson, Williams and Mcclure",True,SMB SaaS,23154.89,8.0,Negotiation,Core,10.875239090859758,North America,,,2.0,0.0
A02700,Turner-George,True,FinTech,8672.56,7.0,Closed -Won,Automation,11.933510923448598,North America,,,0.0,3.3326617018404776
A02701,Marquez PLC,True,SMB SaaS,26421.64,52.0,Closed -Won,Premium Support,3.836694645905817,LATAM,,,3.0,24.941392321029955
A02702,King Inc,True,HealthTech,16448.64,47.0,Closed -Won,Core,14.553181212765866,Asia,,,2.0,2.140643492061766
A02703,"Nguyen, Mccoy and Price",True,FinTech,18469.72,14.0,Closed -Won,Premium Support,13.477994506743322,Europe,,,2.0,0.4874268923220697
A02704,"Anderson, Thompson and Gill",True,CyberSecurity,4376.1,50.0,Closed -Won,API,12.531516766228938,Asia,,,0.0,2.3757126539131765
A02705,"Stewart, York and Olson",True,E -Commerce,7215.33,5.0,Closed -Won,Automation,1.4616530521500484,LATAM,,,4.0,35.29057405924105
A02706,Smith-Barr,True,Logistics,10745.66,17.0,Closed -Won,Core,11.61789443997479,Asia,,,1.0,2.475735499686927
A02707,Reyes-Davidson,True,FinTech,78620.94,42.0,Negotiation,Automation,13.46048213929577,LATAM,,,1.0,3.1849839904909203
A02708,Gordon Ltd,True,FinTech,26025.31,18.0,Closed -Lost,Analytics,17.339646751501242,North America,,,0.0,1.5148346883037802
A02709,Hall PLC,True,E -Commerce,13397.23,44.0,Closed -Won,Core,9.460581945350738,LATAM,,,2.0,1.1287899521666165
A02710,Parker Ltd,True,SMB SaaS,9281.41,52.0,Negotiation,Premium Support,15.03943830090569,LATAM,,,0.0,1.9291379908373507
A02711,Todd-Harvey,True,MarTech,46848.06,4.0,Negotiation,Premium Support,18.140278084638872,LATAM,,,2.0,0.07329464505927019
A02712,Taylor Group,True,Logistics,17141.25,2.0,Closed -Won,Core,13.450438704303298,Asia,,,1.0,4.264088561313945
A02713,Harris-Bennett,True,SMB SaaS,7393.15,56.0,Closed -Won,Analytics,12.413371912562312,North America,,,0.0,2.1396500464804933
A02714,"Johnson, Mclean and George",True,Logistics,5935.71,31.0,Closed -Won,Premium Support,16.772694457851767,LATAM,,,0.0,2.8667729543670077
A02715,Stevenson-Murphy,True,E -Commerce,20755.2,30.0,Closed -Won,Analytics,11.04733436939347,Asia,,,2.0,1.5384914716037934
A02716,Stewart-Buchanan,True,CyberSecurity,13305.64,28.0,Closed -Won,Analytics,13.931925410183807,North America,,,4.0,0.45691363014171227
A02717,Meyer Group,True,E -Commerce,30087.46,26.0,Closed -Won,Core,10.880467698842818,Europe,,,1.0,3.425814830680876
A02718,"Hess, Christensen and Perez",True,CyberSecurity,5397.01,41.0,Closed -Won,Analytics,8.38969708992716,Asia,,,1.0,0.8758997187233681
A02719,"Rivera, Allen and Ryan",True,E -Commerce,26648.73,35.0,Closed -Won,Analytics,13.544047205615614,North America,,,1.0,2.348838763569242
A02720,"Mcneil, Solis and Horton",True,E -Commerce,28255.07,10.0,Closed -Won,API,10.209814810199049,North America,,,2.0,2.4430848113194528
A02721,Franklin Group,True,MarTech,34533.92,37.0,Closed -Won,Analytics,6.095804031105436,Asia,,,2.0,23.333589625956414
A02722,"Morris, Ramos and Smith",True,CyberSecurity,8179.9,40.0,Closed -Won,API,17.345088873142117,North America,,,2.0,1.2154157638178016
A02723,Jones-Lee,True,Logistics,26711.87,7.0,Closed -Won,Core,19.56276622003887,LATAM,,,1.0,1.850367762973769
A02724,"Braun, Mays and Martinez",True,SMB SaaS,11035.21,23.0,Closed -Won,Automation,14.280587851829626,Asia,,,0.0,1.0499491739576197
A02725,Watkins and Sons,True,E -Commerce,6647.43,47.0,Closed -Won,Core,1.4967264043477808,Europe,,,7.0,25.993016038146205
A02726,Romero Group,True,FinTech,13567.84,37.0,Closed -Won,API,15.1968879503199,Europe,,,1.0,2.571546927498214
A02727,"Mcdonald, Martin and Gonzalez",True,E -Commerce,2004.04,9.0,Closed -Won,Automation,12.850659158374823,Europe,,,1.0,1.9785975669021028
A02728,Thompson-Wright,False,EdTech,1027536.8300000001,3.0,Closed -Won,Core,11.816667298269357,Europe,6.2,0.29,1.9375,7.1452527331402145
A02729,Ray-Faulkner,True,FinTech,13960.67,35.0,On -Hold,Core,18.879476981246356,Europe,,,3.0,4.107317899782016
A02730,Nelson Group,True,FinTech,4007.12,28.0,Closed -Won,Automation,10.85269343215663,LATAM,,,1.0,0.6979360138466639
A02731,Tapia LLC,True,E -Commerce,18764.22,57.0,Closed -Won,Core,18.14831273425331,Asia,,,0.0,0.45538690313915775
A02732,Gray-Ruiz,True,SMB SaaS,25680.1,31.0,Negotiation,Core,15.610422887786752,Asia,,,0.0,1.9179940193719769
A02733,Wagner-Moss,True,E -Commerce,12771.96,55.0,Closed -Won,Automation,11.071961644257923,Asia,,,1.0,1.7419526734290935
A02734,Weiss Group,True,MarTech,10096.54,13.0,Closed -Won,Core,3.934842134706864,North America,,,6.0,20.31770258461637
A02735,Gill Group,True,FinTech,21244.43,27.0,Negotiation,Analytics,20.398733183855988,Europe,,,0.0,2.6461164549466725
A02736,Blake LLC,True,CyberSecurity,37540.33,9.0,Closed -Won,Premium Support,6.50670598521965,Asia,,,5.0,22.10613126884899
A02737,"Medina, Tran and Thompson",True,FinTech,12270.02,34.0,Closed -Won,Core,5.138079183257891,LATAM,,,4.0,25.775323304104354
A02738,Ford-Chavez,True,Logistics,50103.81,12.0,Closed -Won,Automation,4.7929772473477685,Europe,,,4.0,12.637988523769783
A02739,Hart-Castillo,True,Logistics,31478.46,30.0,Closed -Won,Analytics,14.300624111948215,Europe,,,0.0,4.103556720181951
A02740,Taylor-Harrison,True,SMB SaaS,10491.56,21.0,Closed -Won,Analytics,13.503458813090491,North America,,,1.0,2.2533633904954344
A02741,Hendricks Inc,True,EdTech,7582.66,11.0,Closed -Won,Analytics,17.59921215692819,Europe,,,2.0,1.3189228673205058
A02742,Hensley Ltd,True,HealthTech,21799.69,6.0,Closed -Won,Analytics,16.218767409265414,Europe,,,0.0,2.198501099828211
A02743,"Brooks, Sullivan and Perry",True,EdTech,5526.81,31.0,Closed -Won,Automation,8.923275195414734,Europe,,,1.0,0.0
A02744,Waller-Brooks,True,Logistics,5523.17,56.0,Closed -Lost,Automation,15.376025766271734,LATAM,,,2.0,1.9673524585796378
A02745,Parker-Archer,True,HealthTech,10979.41,12.0,Closed -Won,Core,13.462727117397895,Europe,,,0.0,3.092982471105988
A02746,Ortiz Inc,True,SMB SaaS,10417.08,24.0,Closed -Won,API,14.111324408084199,North America,,,2.0,2.6021841188704213
A02747,Cruz PLC,True,HealthTech,43939.22,14.0,Closed -Won,Analytics,14.746829042781977,Asia,,,1.0,2.2985560436456747
A02748,Lee Group,True,FinTech,27852.83,48.0,Closed -Won,API,17.596187015829805,Europe,,,2.0,2.649239155570494
A02749,Wise-Walton,True,HealthTech,28612.85,25.0,Closed -Won,Core,16.933378890638064,Europe,,,0.0,3.1032565448777163
A02750,Hicks-Burns,True,Logistics,21248.28,58.0,Closed -Won,Core,11.750771777938112,LATAM,,,1.0,3.4252334072981876
A02751,"Richardson, Brown and Cruz",True,E -Commerce,10955.78,15.0,Closed -Won,Core,13.824164096930991,LATAM,,,0.0,2.4474559002894587
A02752,Fitzgerald-Allen,False,EdTech,1646412.94,5.0,Closed -Won,API,13.960823189822332,LATAM,9.2,0.6,1.0909090909090908,4.126679926410966
A02753,Dorsey LLC,True,CyberSecurity,19948.26,35.0,Negotiation,Core,8.954462093280206,North America,,,1.0,0.0
A02754,"Mann, Johnson and Wade",True,CyberSecurity,6559.06,39.0,Closed -Won,Analytics,13.67188847719673,LATAM,,,0.0,2.978173427007729
A02755,Green Group,True,E -Commerce,6517.97,59.0,Closed -Won,Premium Support,19.534263282677287,North America,,,2.0,2.5152025136039033
A02756,"Hernandez, Wright and Lane",True,E -Commerce,25953.02,52.0,Closed -Won,Core,8.863869818750759,Asia,,,0.0,2.152659487515801
A02757,"Skinner, Smith and Wise",True,FinTech,22859.56,53.0,Closed -Won,Analytics,3.339556925426198,Europe,,,1.0,17.768715298247585
A02758,"Dawson, Cruz and Mccarthy",True,EdTech,6101.79,38.0,Closed -Won,Core,3.215629452505748,Europe,,,2.0,31.85412858105284
A02759,Stone and Sons,True,E -Commerce,5935.03,22.0,Closed -Lost,Analytics,14.863206415292959,Europe,,,1.0,1.742763574171868
A02760,Martin-Simmons,True,HealthTech,6233.58,26.0,Closed -Won,Core,11.111825127818209,Europe,,,0.0,1.965577888954016
A02761,"Turner, Ponce and Barrett",True,MarTech,25555.39,8.0,Negotiation,Premium Support,9.724668227600139,LATAM,,,2.0,1.9440114108317568
A02762,Willis-Gross,True,FinTech,30648.7,26.0,Closed -Won,Core,9.864207029616122,Europe,,,0.0,2.449851718165498
A02763,"Booth, Rodriguez and Armstrong",True,Logistics,6719.78,22.0,Closed -Won,Premium Support,17.992801274994434,North America,,,0.0,0.8513679889698713
A02764,Olsen-Adams,True,FinTech,16851.57,3.0,Closed -Won,Core,2.749601115768803,LATAM,,,8.0,14.616447259730446
A02765,Conrad Group,True,FinTech,6466.78,13.0,Closed -Won,Automation,6.127337348723111,Europe,,,2.0,35.433861257763915
A02766,"Parker, Benitez and Velasquez",True,CyberSecurity,35327.4,32.0,Closed -Won,Core,20.313897795838923,North America,,,0.0,1.3141962931008444
A02767,Davis Ltd,True,HealthTech,3240.23,22.0,Closed -Won,Core,11.797233029670632,Asia,,,0.0,2.8852400475577493
A02768,Warren-Pena,True,EdTech,18393.73,59.0,Negotiation,Automation,6.727244754314614,Europe,,,2.0,18.685469282949555
A02769,"Jordan, Thompson and Lopez",True,EdTech,10862.12,29.0,Closed -Won,Core,17.19143502987652,LATAM,,,1.0,2.883442401010466
A02770,Gonzalez and Sons,True,HealthTech,6665.63,57.0,Closed -Won,Analytics,17.04716056093773,North America,,,0.0,2.101366724708905
A02771,"Fry, Hayes and Olsen",True,Logistics,4263.07,39.0,Closed -Won,API,10.005270928868958,Europe,,,0.0,0.35172325112992775
A02772,Harris Ltd,True,CyberSecurity,5511.35,3.0,Closed -Won,Analytics,11.859942656895504,Europe,,,2.0,3.3644758516464996
A02773,Lamb and Sons,True,HealthTech,12515.87,13.0,Closed -Won,Core,3.5531852036148903,North America,,,3.0,24.787404311636887
A02774,Bird-Savage,True,CyberSecurity,8724.09,42.0,Closed -Won,Premium Support,3.3947768926229416,Asia,,,4.0,16.108559661413018
A02775,Sims-Weber,True,CyberSecurity,16366.12,33.0,Negotiation,API,11.715468024076413,Europe,,,2.0,3.0072423105847594
A02776,"Martin, Carter and Gray",True,E -Commerce,45389.52,18.0,Closed -Won,Automation,12.519161047666769,LATAM,,,1.0,3.499220744561298
A02777,Brown-Johnson,True,E -Commerce,27171.07,31.0,Closed -Won,Automation,15.258723264203013,LATAM,,,3.0,2.2010268962161272
A02778,Woods Ltd,True,SMB SaaS,25809.35,54.0,Closed -Lost,Automation,15.85897468204513,Europe,,,1.0,2.617287322496068
A02779,Smith LLC,True,MarTech,25259.45,23.0,Closed -Won,Analytics,1.028045479021624,LATAM,,,5.0,27.81046006136052
A02780,Ortega Inc,False,MarTech,969220.6900000001,3.0,Closed -Won,Analytics,13.561729583043098,LATAM,8.0,0.7,0.4,1.7363759675737502
A02781,Clark Inc,True,E -Commerce,30381.48,19.0,Closed -Won,Automation,12.403855589196784,North America,,,3.0,0.41656369710485563
A02782,Morrison-Hatfield,True,Logistics,9770.91,56.0,Closed -Won,Automation,14.646503599405905,LATAM,,,0.0,2.2149220591042083
A02783,Frederick-Kennedy,True,CyberSecurity,20696.87,45.0,Closed -Won,API,17.786933937884843,North America,,,1.0,3.3789378306445563
A02784,Munoz-Rogers,True,FinTech,2993.9,50.0,Closed -Lost,Automation,2.4688298418416195,Europe,,,6.0,24.92630618016409
A02785,"Wu, Key and Montoya",True,MarTech,25496.57,54.0,Closed -Won,Core,13.933094299748541,Europe,,,2.0,0.9325768090235582
A02786,Ortega-Gray,True,CyberSecurity,16022.22,7.0,Negotiation,Core,10.922214688581771,Europe,,,2.0,3.0975215056449055
A02787,Hester LLC,True,HealthTech,14205.14,17.0,Closed -Won,Core,2.1595044950776217,North America,,,2.0,23.76513665451227
A02788,Smith Ltd,True,SMB SaaS,6143.5,4.0,Closed -Won,API,14.46278884142513,LATAM,,,1.0,0.0
A02789,Hardy-Barron,False,Logistics,873274.28,1.0,Closed -Won,Analytics,9.405574321884322,Europe,7.0,0.28,2.2,9.414199842506264
A02790,Johnson Inc,True,Logistics,10388.08,50.0,Closed -Won,Core,14.089691624202802,North America,,,1.0,1.0546193759068871
A02791,"Ramirez, Lyons and Briggs",True,FinTech,15990.2,56.0,Closed -Lost,Analytics,14.255801195730236,North America,,,1.0,3.7807283731179098
A02792,Hayes-Parks,True,E -Commerce,27543.76,10.0,Closed -Won,Core,9.499073327443817,LATAM,,,1.0,3.1477734005974183
A02793,Robertson-Keller,True,E -Commerce,30421.13,43.0,Closed -Won,Analytics,7.547714390922299,LATAM,,,2.0,1.77220072633684
A02794,Andersen LLC,True,CyberSecurity,28114.69,32.0,Negotiation,Core,17.755715635507876,LATAM,,,2.0,2.459359845754463
A02795,Schultz Inc,True,Logistics,21688.58,5.0,Closed -Won,Core,14.234174642787261,LATAM,,,1.0,4.423918565655104
A02796,"Nguyen, Wallace and Lawson",True,EdTech,4525.96,55.0,Closed -Won,Analytics,14.619284368959855,Asia,,,2.0,3.000007037836985
A02797,Stevenson-Bauer,True,E -Commerce,14248.91,52.0,Negotiation,Core,10.252838743398769,Asia,,,2.0,2.2382000247845895
A02798,Patterson-Huynh,True,CyberSecurity,37874.61,34.0,Closed -Won,Analytics,11.290807466619128,Asia,,,4.0,4.88915399420627
A02799,Hatfield-Vincent,True,Logistics,45466.95,42.0,Closed -Won,Core,17.186906003404953,Asia,,,0.0,2.1175810109564885
A02800,Navarro LLC,True,Logistics,4409.63,24.0,Closed -Won,Premium Support,19.220431312524312,Asia,,,0.0,2.5818148188788363
