account_id,month,actual_usd,closed_won_usd,churn,active_customer,csat_score,comment_sentiment_score,account_name,industry,contract_length_months,region,client_tenure_months,deal_value_usd,deal_status,feature_purchased,sessions_last_30d,last_login_days,support_tickets_30d,month_period
A00001,2023-01-31,0.0,9298.25,True,False,,,"Rodriguez, Figueroa and Sanchez",Logistics,35.0,Europe,6.0,14472.26,Closed -Won,Analytics,8.166228128289317,1.0273388023052994,0.0,2023-01
A00002,2023-01-31,0.0,9127.64,True,False,,,Doyle Ltd,MarTech,21.0,LATAM,46.0,16908.38,Closed -Won,API,20.822555090955202,3.2334935482459914,1.0,2023-01
A00003,2023-01-31,0.0,7649.86,True,False,,,"Mcclain, Miller and Henderson",SMB SaaS,18.0,North America,39.0,19211.09,Negotiation,Automation,13.300774522642921,1.6879231819312426,0.0,2023-01
A00004,2023-01-31,0.0,12539.16,True,False,,,Davis and Sons,FinTech,8.0,Asia,26.0,13068.02,Closed -Won,Premium Support,2.7589421198445487,25.23044850621111,4.0,2023-01
A00006,2023-01-31,0.0,7550.16,True,False,,,"Gardner, Robinson and Lawrence",SMB SaaS,32.0,LATAM,51.0,14593.38,Closed -Won,Core,2.093596707954496,16.481373719354515,6.0,2023-01
A00009,2023-01-31,0.0,8526.41,True,False,,,Garcia-James,Logistics,21.0,North America,12.0,17258.21,Closed -Won,Premium Support,2.966221355270362,28.65240615636649,5.0,2023-01
A00010,2023-01-31,0.0,14846.98,True,False,,,Abbott-Munoz,HealthTech,22.0,Asia,6.0,17107.53,Closed -Won,Core,14.221390441542281,2.3644243831678455,2.0,2023-01
A00011,2023-01-31,0.0,45505.64,True,False,,,Blair PLC,E -Commerce,18.0,LATAM,32.0,13740.34,Negotiation,Core,16.53748497144972,2.016863499288711,1.0,2023-01
A00013,2023-01-31,0.0,54862.36,True,False,,,Arnold Ltd,HealthTech,8.0,Asia,44.0,11025.08,Closed -Won,Analytics,17.52259803693245,2.3905264989670156,0.0,2023-01
A00014,2023-01-31,0.0,7183.51,True,False,,,"Mcclure, Ward and Lee",SMB SaaS,7.0,Asia,45.0,16916.67,Closed -Won,Analytics,17.39868551567409,3.857104419063244,0.0,2023-01
A00015,2023-01-31,0.0,52934.32,True,False,,,Williams and Sons,HealthTech,20.0,North America,43.0,6872.28,Closed -Won,Core,12.076713851777455,2.5202207318217247,1.0,2023-01
A00017,2023-01-31,0.0,1851.71,True,False,,,James Group,CyberSecurity,22.0,Europe,31.0,7263.17,Closed -Won,Core,3.880353251476821,25.499570343853083,2.0,2023-01
A00018,2023-01-31,0.0,2626.5,True,False,,,"Flowers, Martin and Kelly",Logistics,18.0,North America,8.0,22527.47,Closed -Lost,API,3.4242343861399394,21.276956738832094,6.0,2023-01
A00019,2023-01-31,0.0,10305.49,True,False,,,"Adams, Zuniga and Wong",HealthTech,14.0,LATAM,50.0,14367.0,Closed -Won,API,14.296943667808193,1.0431530263770141,0.0,2023-01
A00020,2023-01-31,0.0,17500.27,True,False,,,"Reid, Ferguson and Sanchez",CyberSecurity,27.0,LATAM,27.0,9589.75,Closed -Won,Core,14.207947252823377,2.1090039895795942,0.0,2023-01
A00021,2023-01-31,0.0,13313.75,True,False,,,Gray-Mayo,E -Commerce,24.0,LATAM,30.0,24749.52,Closed -Won,API,6.1095999300244745,4.883283555780828,2.0,2023-01
A00022,2023-01-31,0.0,34497.09,True,False,,,"Watts, Robinson and Nguyen",Logistics,7.0,North America,22.0,11899.49,Negotiation,Core,4.355614834654363,33.33855529064691,4.0,2023-01
A00023,2023-01-31,0.0,20354.14,True,False,,,Perez Inc,HealthTech,19.0,Asia,11.0,17103.83,Closed -Won,Core,9.908160585012638,2.2331469963354516,2.0,2023-01
A00025,2023-01-31,0.0,16427.68,True,False,,,"Walter, Edwards and Rios",E -Commerce,29.0,LATAM,47.0,18175.24,Closed -Won,Core,18.7582489751636,1.7719109575127974,1.0,2023-01
A00026,2023-01-31,0.0,10807.29,True,False,,,Wilkerson-Day,Logistics,14.0,North America,38.0,14940.29,Closed -Won,Premium Support,16.555814997366763,1.795480738932569,1.0,2023-01
A00027,2023-01-31,0.0,21036.92,True,False,,,Baker and Sons,EdTech,33.0,Europe,24.0,12012.72,Negotiation,Core,13.284597687983334,2.0914097731614834,2.0,2023-01
A00028,2023-01-31,0.0,7857.99,True,False,,,"Hoffman, Baker and Richards",SMB SaaS,25.0,LATAM,49.0,9657.21,Closed -Won,Core,10.975955190188905,1.7479967245354686,0.0,2023-01
A00029,2023-01-31,0.0,21281.81,True,False,,,"Ross, Robinson and Bright",CyberSecurity,19.0,LATAM,33.0,12162.67,Closed -Won,Automation,5.0433755738709785,17.38805543530207,4.0,2023-01
A00031,2023-01-31,0.0,10533.2,True,False,,,Burton Ltd,SMB SaaS,32.0,Asia,27.0,7953.98,Closed -Won,Core,11.923407840440118,4.022392818747079,1.0,2023-01
A00032,2023-01-31,0.0,33860.55,True,False,,,Carlson-Cruz,Logistics,12.0,Asia,14.0,17937.48,Closed -Won,Core,6.933213936841809,1.7479862567026485,2.0,2023-01
A00033,2023-01-31,0.0,45190.46,True,False,,,"Ferrell, Rice and Maddox",EdTech,10.0,LATAM,6.0,19464.89,Negotiation,Core,6.833853583000657,35.33201057407344,3.0,2023-01
A00034,2023-01-31,0.0,16952.16,True,False,,,Frazier Inc,E -Commerce,19.0,Europe,33.0,12277.01,Closed -Won,Core,18.50150934085368,1.3309639001567832,0.0,2023-01
A00036,2023-01-31,0.0,11571.43,True,False,,,Rodriguez-Graham,E -Commerce,31.0,North America,4.0,16452.19,Closed -Won,Analytics,17.115044012747987,2.7334677873513344,0.0,2023-01
A00037,2023-01-31,0.0,11488.77,True,False,,,Smith-Bowen,SMB SaaS,35.0,LATAM,51.0,15620.97,Closed -Won,Core,17.604559031704344,2.4192602365321703,1.0,2023-01
A00038,2023-01-31,0.0,792.24,True,False,,,"Baker, Mason and White",SMB SaaS,24.0,North America,49.0,10998.35,Closed -Won,Automation,14.158802222160626,0.9726646437814801,3.0,2023-01
A00040,2023-01-31,0.0,18864.68,True,False,,,"Romero, Gonzalez and Brooks",SMB SaaS,8.0,LATAM,38.0,3969.57,Closed -Won,Analytics,14.08364312450004,3.6861729857461807,1.0,2023-01
A00042,2023-01-31,0.0,27103.46,True,False,,,George Group,CyberSecurity,19.0,Asia,45.0,14387.95,Closed -Won,Core,13.594189830301248,2.6409021702125046,1.0,2023-01
A00043,2023-01-31,0.0,5963.27,True,False,,,Rodriguez LLC,Logistics,14.0,LATAM,42.0,20317.66,Closed -Won,Analytics,13.457491643781154,1.0553286698186977,1.0,2023-01
A00044,2023-01-31,0.0,1946.73,True,False,,,Allen-Allen,MarTech,15.0,Asia,21.0,16015.54,Closed -Won,Core,11.107645882945032,3.008383235601769,2.0,2023-01
A00045,2023-01-31,0.0,11130.92,True,False,,,"Arroyo, Miller and Tucker",MarTech,22.0,Asia,5.0,15363.46,Negotiation,Core,2.3884460428598424,19.07840498011824,2.0,2023-01
A00047,2023-01-31,0.0,16689.27,True,False,,,Anderson Group,Logistics,10.0,Asia,27.0,11825.49,Closed -Won,Automation,19.623039109640427,1.2876575233030985,3.0,2023-01
A00049,2023-01-31,0.0,46426.58,True,False,,,Hickman Ltd,EdTech,33.0,LATAM,40.0,18651.81,Closed -Won,Core,14.84457081527878,2.4046733549242196,0.0,2023-01
A00051,2023-01-31,0.0,25792.24,True,False,,,"Brooks, Lam and Hayes",HealthTech,32.0,North America,45.0,19276.74,Closed -Won,Analytics,0.0,12.04273541413631,4.0,2023-01
A00052,2023-01-31,0.0,12846.3,True,False,,,Walker LLC,MarTech,24.0,LATAM,12.0,14068.34,Closed -Won,Core,19.2789475148426,1.9720529862011797,1.0,2023-01
A00053,2023-01-31,0.0,75439.12,True,False,,,Chapman and Sons,FinTech,16.0,Europe,22.0,12155.52,Negotiation,Core,9.41230766016592,0.8564985927089037,2.0,2023-01
A00054,2023-01-31,0.0,6420.2,True,False,,,"Robinson, Jones and Welch",FinTech,28.0,LATAM,28.0,10027.57,Negotiation,Analytics,4.460433523922467,33.95496678408523,4.0,2023-01
A00055,2023-01-31,0.0,31175.85,True,False,,,Jones Inc,CyberSecurity,24.0,North America,30.0,11450.46,Closed -Won,Premium Support,15.617066727935121,2.826902898872407,0.0,2023-01
A00056,2023-01-31,0.0,32719.66,True,False,,,Jones-Young,FinTech,29.0,Europe,3.0,8980.03,Closed -Won,Automation,15.582819544667773,1.9760526614506382,1.0,2023-01
A00058,2023-01-31,0.0,37520.61,True,False,,,"Johnston, Sanchez and Kennedy",Logistics,7.0,LATAM,10.0,21636.91,Closed -Won,Automation,8.359656392831152,17.814410453470515,4.0,2023-01
A00059,2023-01-31,0.0,5977.97,True,False,,,Lee-Davis,CyberSecurity,25.0,Asia,44.0,12820.98,Closed -Won,Core,13.299548966382012,1.842397007607881,1.0,2023-01
A00060,2023-01-31,0.0,20462.29,True,False,,,Gomez-Jenkins,MarTech,15.0,Asia,41.0,15513.65,Negotiation,Automation,16.019521016469074,1.0557420499491104,1.0,2023-01
A00062,2023-01-31,0.0,19774.55,True,False,,,Powell LLC,SMB SaaS,18.0,North America,44.0,13556.08,Closed -Won,API,12.103654121180913,0.8673462342346552,1.0,2023-01
A00064,2023-01-31,0.0,29596.11,True,False,,,"West, Henderson and Ramirez",E -Commerce,11.0,North America,58.0,20143.6,Closed -Won,API,2.8482299819885553,23.49102625234931,4.0,2023-01
A00065,2023-01-31,0.0,36353.4,True,False,,,Baxter Inc,FinTech,35.0,Europe,25.0,15745.69,Closed -Won,Analytics,14.650786056250958,1.2981801667911297,1.0,2023-01
A00066,2023-01-31,0.0,17769.41,True,False,,,Morton-Chase,FinTech,18.0,North America,20.0,19516.95,Closed -Won,API,11.356456371541647,1.7499124043554892,1.0,2023-01
A00067,2023-01-31,0.0,3057.46,True,False,,,Williams PLC,EdTech,10.0,Europe,54.0,24551.24,Closed -Lost,Analytics,12.609318080432967,2.8998913262140826,1.0,2023-01
A00068,2023-01-31,0.0,17007.47,True,False,,,Novak and Sons,HealthTech,8.0,North America,22.0,11520.4,Closed -Won,Core,12.632277739476027,3.105668788324186,0.0,2023-01
A00069,2023-01-31,0.0,9808.64,True,False,,,Russell Group,Logistics,31.0,LATAM,5.0,14377.61,Closed -Won,Analytics,11.472668135207886,2.9262058630906704,2.0,2023-01
A00070,2023-01-31,0.0,16314.24,True,False,,,Hancock Inc,HealthTech,9.0,North America,28.0,14331.91,Closed -Won,Core,14.940618744817007,2.3363540891284145,2.0,2023-01
A00071,2023-01-31,0.0,25427.24,True,False,,,Gray Group,EdTech,18.0,LATAM,47.0,13017.72,Closed -Lost,Core,15.254336288879234,1.742283438612344,3.0,2023-01
A00072,2023-01-31,0.0,5547.15,True,False,,,House-Glover,SMB SaaS,26.0,LATAM,12.0,13273.93,Closed -Won,Analytics,2.422062594166589,27.85262806916421,5.0,2023-01
A00075,2023-01-31,0.0,18028.73,True,False,,,Novak PLC,MarTech,9.0,Asia,41.0,24957.85,Closed -Won,Core,18.663708355793712,0.07663272352698702,1.0,2023-01
A00078,2023-01-31,0.0,41372.92,True,False,,,Yu Inc,SMB SaaS,7.0,Asia,14.0,22035.8,Closed -Won,Analytics,13.474688835813051,1.5489150961707394,1.0,2023-01
A00079,2023-01-31,0.0,8253.76,True,False,,,Jones Inc,Logistics,11.0,North America,34.0,14668.15,Closed -Won,Automation,17.39909245616493,3.535531148593968,2.0,2023-01
A00080,2023-01-31,0.0,23107.96,True,False,,,"Hensley, Powell and David",SMB SaaS,22.0,Asia,40.0,16788.88,Closed -Won,Analytics,1.2700810118331742,13.424291626130648,4.0,2023-01
A00083,2023-01-31,0.0,16021.46,True,False,,,Donovan-Harris,E -Commerce,9.0,North America,10.0,21654.85,Closed -Lost,Core,1.7442915743185687,28.857660360710288,8.0,2023-01
A00086,2023-01-31,0.0,57037.97,True,False,,,Smith PLC,HealthTech,29.0,North America,42.0,12961.37,Closed -Won,Core,5.1522245334360495,24.352115909930127,4.0,2023-01
A00087,2023-01-31,0.0,10773.83,True,False,,,"Ferrell, Jones and Lewis",SMB SaaS,7.0,Europe,6.0,15901.02,Negotiation,API,1.284474457743165,17.882710365580394,3.0,2023-01
A00088,2023-01-31,0.0,5078.74,True,False,,,Anderson-Bailey,FinTech,17.0,North America,19.0,16311.34,Closed -Won,API,12.393173254222715,1.9575831201994869,0.0,2023-01
A00089,2023-01-31,0.0,10076.47,True,False,,,Suarez LLC,HealthTech,14.0,North America,46.0,12454.37,Closed -Won,API,18.232110209565967,0.9499585585554677,1.0,2023-01
A00090,2023-01-31,0.0,10213.62,True,False,,,Moore-Bass,HealthTech,24.0,Asia,50.0,14547.38,Closed -Won,Core,18.434853768153474,1.6709252308034817,0.0,2023-01
A00091,2023-01-31,0.0,14526.44,True,False,,,"Turner, Riggs and Roman",HealthTech,30.0,Asia,26.0,10542.03,Closed -Won,Premium Support,11.235551684956832,2.260600303055161,2.0,2023-01
A00092,2023-01-31,0.0,11710.85,True,False,,,"Smith, Montoya and Evans",E -Commerce,12.0,Asia,48.0,19658.15,Closed -Won,Core,2.5722386044358383,31.293527683255817,4.0,2023-01
A00093,2023-01-31,0.0,18038.08,True,False,,,"Garcia, Humphrey and Baker",EdTech,29.0,North America,50.0,17779.99,Closed -Won,Core,16.346572111883987,0.736258731478763,1.0,2023-01
A00095,2023-01-31,0.0,11662.4,True,False,,,Campbell-Clark,EdTech,30.0,Europe,53.0,14231.14,Closed -Won,Premium Support,11.773096647098429,1.9474726312768276,3.0,2023-01
A00096,2023-01-31,0.0,11562.91,True,False,,,Harris-Walters,E -Commerce,8.0,Europe,18.0,12347.48,Closed -Won,Premium Support,18.297629830981485,1.506109200261892,1.0,2023-01
A00099,2023-01-31,0.0,7032.69,True,False,,,Williams-Cook,Logistics,14.0,Europe,38.0,11296.52,Negotiation,Core,13.640038490497139,0.5506001581913738,2.0,2023-01
A00100,2023-01-31,0.0,15769.36,True,False,,,Walsh LLC,HealthTech,11.0,Europe,9.0,18834.02,Closed -Won,Automation,14.00739428329912,1.4652492226083014,1.0,2023-01
A00102,2023-01-31,0.0,677.91,True,False,,,"Patterson, Smith and Jones",Logistics,32.0,Asia,12.0,9522.19,Closed -Won,Core,14.936520856554589,1.6896098963937516,0.0,2023-01
A00103,2023-01-31,0.0,25567.07,True,False,,,"Mckee, Gardner and Davenport",Logistics,9.0,Europe,48.0,17794.68,Negotiation,Core,16.873427766495745,2.111795918796453,1.0,2023-01
A00105,2023-01-31,0.0,14667.91,True,False,,,Nolan-Flynn,CyberSecurity,28.0,LATAM,48.0,18058.11,Closed -Won,Analytics,12.37446773186037,2.6817262268966697,1.0,2023-01
A00106,2023-01-31,0.0,17559.64,True,False,,,Nolan and Sons,Logistics,23.0,Europe,47.0,15336.27,Closed -Won,Premium Support,13.554583794779102,1.3664491644886092,1.0,2023-01
A00108,2023-01-31,0.0,10150.82,True,False,,,Dickson-Brady,SMB SaaS,16.0,Europe,40.0,16783.44,Closed -Won,Automation,14.651964882443146,3.271596365728607,1.0,2023-01
A00109,2023-01-31,0.0,4666.4,True,False,,,Hancock and Sons,HealthTech,17.0,North America,28.0,20394.47,Closed -Won,Core,1.9029804127648542,23.443716631909247,5.0,2023-01
A00110,2023-01-31,0.0,23008.67,True,False,,,Johnson-Doyle,EdTech,14.0,North America,42.0,7501.18,Closed -Won,API,4.432776481700106,35.24249657155846,1.0,2023-01
A00111,2023-01-31,0.0,21670.51,True,False,,,Patton-Jenkins,FinTech,34.0,North America,17.0,19551.82,Closed -Won,Automation,9.79191011411087,2.2777050564924215,0.0,2023-01
A00112,2023-01-31,0.0,2095.63,True,False,,,"Shields, Cochran and Adams",FinTech,12.0,Europe,47.0,11818.63,Closed -Won,Analytics,12.313036784033926,3.067994733268124,1.0,2023-01
A00113,2023-01-31,0.0,42551.66,True,False,,,"Rodriguez, Brennan and Garrison",MarTech,27.0,Europe,33.0,20694.58,Closed -Won,Core,14.49806315268991,3.7291765252393914,0.0,2023-01
A00114,2023-01-31,0.0,20686.42,True,False,,,Gonzalez Group,HealthTech,33.0,Asia,28.0,18466.27,Negotiation,API,2.4508208138664704,28.639263016077358,2.0,2023-01
A00115,2023-01-31,0.0,7734.72,True,False,,,Torres-Pope,MarTech,29.0,Asia,30.0,10514.69,Closed -Won,Core,17.893539324609655,3.0596706373498606,1.0,2023-01
A00116,2023-01-31,0.0,21912.65,True,False,,,Walker Ltd,MarTech,29.0,North America,34.0,12671.78,Closed -Won,Core,19.324056024762367,0.7903979276852757,1.0,2023-01
A00117,2023-01-31,0.0,19865.05,True,False,,,Ross LLC,E -Commerce,10.0,Asia,3.0,16921.53,Closed -Won,Core,3.9948389895130805,29.42078029621823,1.0,2023-01
A00118,2023-01-31,0.0,11304.28,True,False,,,Rasmussen LLC,SMB SaaS,9.0,LATAM,9.0,18787.56,Closed -Won,Core,16.28992752650748,1.6649873507436805,1.0,2023-01
A00119,2023-01-31,0.0,17418.71,True,False,,,May-Ross,Logistics,29.0,Europe,15.0,16904.41,Closed -Won,Analytics,9.636615396791091,2.3425698517042095,0.0,2023-01
A00120,2023-01-31,0.0,17522.81,True,False,,,"Rivera, Johnson and Wiley",MarTech,28.0,Europe,7.0,16560.26,Negotiation,Core,15.28964471948445,3.6111939354362215,0.0,2023-01
A00121,2023-01-31,0.0,16088.52,True,False,,,White-Estes,EdTech,28.0,Europe,26.0,12444.77,Closed -Won,Analytics,10.774207695617415,2.249889394279258,2.0,2023-01
A00122,2023-01-31,0.0,15080.32,True,False,,,Johnson-Carlson,Logistics,18.0,North America,40.0,15135.21,Negotiation,Automation,13.81238241273575,1.0623092607331233,1.0,2023-01
A00123,2023-01-31,0.0,20023.91,True,False,,,Chandler-Edwards,FinTech,21.0,Asia,39.0,14706.53,Closed -Won,Analytics,2.780161365180475,19.04402405663056,1.0,2023-01
A00124,2023-01-31,0.0,17920.58,True,False,,,"Joyce, Wilson and Lam",E -Commerce,6.0,North America,28.0,8995.33,Closed -Won,Analytics,14.910662708571289,3.6457800627539383,0.0,2023-01
A00126,2023-01-31,0.0,6463.28,True,False,,,Smith-Frost,HealthTech,21.0,Europe,34.0,13531.97,Closed -Won,Analytics,0.7041174350907791,19.98830241243651,6.0,2023-01
A00127,2023-01-31,0.0,17352.06,True,False,,,"Mcdaniel, Bentley and Mclaughlin",E -Commerce,9.0,North America,5.0,20503.67,Closed -Won,API,4.6404323097665205,29.721557113386293,4.0,2023-01
A00129,2023-01-31,0.0,16866.27,True,False,,,"Mccall, Hanson and Alvarado",HealthTech,7.0,Europe,34.0,15737.06,Closed -Won,Automation,20.309418600171504,1.0130400938731898,1.0,2023-01
A00130,2023-01-31,0.0,10056.89,True,False,,,Cortez LLC,CyberSecurity,12.0,Europe,38.0,19416.84,Closed -Won,Analytics,17.20043607880026,2.387198355703652,1.0,2023-01
A00132,2023-01-31,0.0,43449.1,True,False,,,Spencer-Lee,CyberSecurity,26.0,Asia,33.0,14910.5,Negotiation,API,12.824530129257376,1.6407115549722406,1.0,2023-01
A00133,2023-01-31,0.0,21056.02,True,False,,,"Bentley, Byrd and Orr",HealthTech,34.0,Asia,6.0,9337.01,Closed -Won,Premium Support,13.067631551083402,1.3571068513405944,0.0,2023-01
A00134,2023-01-31,0.0,19990.99,True,False,,,"Carroll, Sullivan and Bass",MarTech,13.0,LATAM,33.0,14361.79,Negotiation,Premium Support,4.024412028255664,25.651342911549605,4.0,2023-01
A00135,2023-01-31,0.0,11372.03,True,False,,,Mitchell-Jordan,Logistics,23.0,LATAM,47.0,13664.88,Closed -Won,Premium Support,14.919732612993704,1.653231373466593,1.0,2023-01
A00137,2023-01-31,0.0,9529.81,True,False,,,"Lewis, Kennedy and Santana",Logistics,16.0,Europe,36.0,14084.65,Closed -Won,Automation,21.262815546976512,1.7896101161092162,0.0,2023-01
A00138,2023-01-31,0.0,39073.83,True,False,,,"Jackson, Miller and Robertson",CyberSecurity,25.0,Europe,2.0,19413.58,Closed -Won,Core,3.4095652205989966,16.581919962631208,3.0,2023-01
A00139,2023-01-31,0.0,5289.82,True,False,,,"Harvey, Davis and Crane",SMB SaaS,26.0,North America,21.0,19855.84,Closed -Won,Core,15.03010701720445,3.7679319429815843,2.0,2023-01
A00140,2023-01-31,0.0,2584.03,True,False,,,Chambers and Sons,HealthTech,30.0,LATAM,26.0,13047.46,Closed -Won,API,17.26008444030439,2.3047089971575088,1.0,2023-01
A00141,2023-01-31,0.0,43064.73,True,False,,,Hernandez Inc,CyberSecurity,35.0,North America,58.0,9701.92,Closed -Won,Core,15.39620848193476,2.3341126329835378,3.0,2023-01
A00142,2023-01-31,0.0,7848.57,True,False,,,Riggs PLC,SMB SaaS,24.0,LATAM,13.0,11117.17,Closed -Won,Core,16.24072585315043,2.495613835219245,3.0,2023-01
A00145,2023-01-31,0.0,52138.84,True,False,,,Hernandez Ltd,Logistics,26.0,LATAM,59.0,10441.63,Closed -Lost,Core,14.84069834441959,2.281713024424119,2.0,2023-01
A00146,2023-01-31,0.0,38469.44,True,False,,,Stafford Inc,FinTech,16.0,Europe,51.0,9132.69,Closed -Won,Analytics,18.29484395682377,2.7112469185631434,1.0,2023-01
A00147,2023-01-31,14779.71,14779.71,False,True,,,Robinson-Brock,E -Commerce,24.0,Europe,3.0,12634.99,Closed -Won,Core,12.056592324850648,0.0,0.0,2023-01
A00148,2023-01-31,0.0,10012.57,True,False,,,"Holmes, Williams and Wright",MarTech,22.0,LATAM,14.0,22183.25,Closed -Won,Analytics,11.81592801554067,4.089051583278826,1.0,2023-01
A00149,2023-01-31,0.0,5939.01,True,False,,,Bryant Group,E -Commerce,12.0,North America,49.0,16676.87,Closed -Won,API,17.663057781139813,3.5897298447133985,1.0,2023-01
A00150,2023-01-31,21278.03,21278.03,False,True,,,"Schmidt, Hansen and Stewart",E -Commerce,21.0,Asia,4.0,14054.51,Closed -Won,Core,12.628264384576726,2.2171357518592902,1.0,2023-01
A00151,2023-01-31,0.0,16942.13,True,False,,,Salazar-Ball,FinTech,24.0,Europe,51.0,14497.31,Closed -Won,Automation,12.768320258496795,0.5869935495912335,1.0,2023-01
A00152,2023-01-31,0.0,2995.27,True,False,,,"Simmons, Meadows and Griffin",E -Commerce,33.0,Europe,17.0,7474.7,Closed -Won,Core,12.880567181161274,3.2103504324929446,0.0,2023-01
A00154,2023-01-31,0.0,17259.51,True,False,,,Green-Wright,MarTech,10.0,North America,18.0,19960.69,Closed -Won,Premium Support,9.279085712293885,2.5338410165749354,1.0,2023-01
A00155,2023-01-31,0.0,22606.43,True,False,,,"Ramirez, Strickland and Washington",EdTech,35.0,Europe,26.0,13422.54,Closed -Won,Premium Support,12.38197966237512,0.7170943982145337,0.0,2023-01
A00156,2023-01-31,0.0,6931.82,True,False,,,Hill Inc,SMB SaaS,23.0,Asia,40.0,14023.5,Closed -Won,Analytics,14.691104057419166,4.2264068989731225,3.0,2023-01
A00158,2023-01-31,0.0,5778.09,True,False,,,"Miller, Hernandez and Reyes",MarTech,28.0,North America,33.0,10503.7,Closed -Won,Core,17.47397915773876,2.0689860703165013,0.0,2023-01
A00159,2023-01-31,0.0,20242.55,True,False,,,Mccarthy Inc,E -Commerce,17.0,Europe,30.0,16331.78,Closed -Won,Premium Support,19.518176666584413,0.0,1.0,2023-01
A00160,2023-01-31,0.0,13125.41,True,False,,,Russell-Daniels,MarTech,17.0,Asia,47.0,11688.88,Closed -Won,Core,3.60758773529793,29.922995232278446,5.0,2023-01
A00161,2023-01-31,0.0,54726.93,True,False,,,Brown-Wall,SMB SaaS,31.0,Asia,59.0,13002.83,Closed -Won,Analytics,16.743957152221803,1.5747147948617242,1.0,2023-01
A00162,2023-01-31,0.0,8066.73,True,False,,,Stein-Silva,MarTech,32.0,Asia,40.0,13487.04,Closed -Won,Analytics,13.553796227698378,3.137183393905966,1.0,2023-01
A00163,2023-01-31,0.0,10794.78,True,False,,,"Smith, Gilmore and Johnston",SMB SaaS,21.0,Europe,25.0,13489.79,Closed -Won,Automation,4.447328429483831,29.683158909475036,5.0,2023-01
A00164,2023-01-31,0.0,3187.66,True,False,,,Smith-Bell,FinTech,17.0,Asia,24.0,15408.56,Closed -Won,API,14.053635297525206,3.1386235828463303,2.0,2023-01
A00167,2023-01-31,0.0,16405.08,True,False,,,"Hurst, Freeman and Nelson",HealthTech,28.0,Asia,19.0,15487.57,Closed -Won,Automation,2.931529917832918,20.32715655532581,3.0,2023-01
A00169,2023-01-31,0.0,55378.18,True,False,,,"Yates, Ramsey and Pittman",CyberSecurity,31.0,Asia,20.0,6369.07,Closed -Won,Core,16.360586719526786,2.3683744264070565,2.0,2023-01
A00170,2023-01-31,21577.27,21577.27,False,True,,,Hooper PLC,CyberSecurity,18.0,LATAM,2.0,14965.5,Closed -Won,API,17.782617515250507,2.7222251549233616,2.0,2023-01
A00171,2023-01-31,0.0,26623.99,True,False,,,Meadows PLC,E -Commerce,30.0,LATAM,7.0,12249.81,Closed -Won,Analytics,16.640481152202625,2.266830603289739,0.0,2023-01
A00172,2023-01-31,0.0,16771.86,True,False,,,"Alvarado, Miller and Patterson",FinTech,6.0,Asia,6.0,16818.53,Closed -Won,Core,4.975787761896892,26.638974043241458,4.0,2023-01
A00173,2023-01-31,0.0,18696.47,True,False,,,White-Green,E -Commerce,28.0,North America,46.0,12792.21,Negotiation,Core,3.109916899344919,18.529009977357966,4.0,2023-01
A00176,2023-01-31,0.0,10013.95,True,False,,,King-Miller,MarTech,11.0,Europe,28.0,19206.19,Closed -Won,Automation,14.77122559602479,0.3200072326124028,1.0,2023-01
A00177,2023-01-31,0.0,26168.85,True,False,,,Curry Inc,MarTech,34.0,North America,43.0,16251.37,Negotiation,Core,15.5594112606669,2.489007954968928,0.0,2023-01
A00179,2023-01-31,0.0,16743.96,True,False,,,"Williams, Johnson and Wright",EdTech,9.0,Asia,54.0,12498.36,Closed -Won,Core,12.488014674909348,3.461186377471683,2.0,2023-01
A00180,2023-01-31,0.0,7261.09,True,False,,,Howell and Sons,MarTech,32.0,Europe,30.0,13013.24,Closed -Won,API,14.729856395916181,2.7260469332902093,2.0,2023-01
A00182,2023-01-31,0.0,42850.01,True,False,,,"Gould, Marshall and Scott",FinTech,22.0,Europe,9.0,12652.03,Negotiation,Core,15.301712459178814,2.4300731955100385,1.0,2023-01
A00183,2023-01-31,0.0,10484.55,True,False,,,Jackson-Lawson,Logistics,8.0,LATAM,30.0,7975.25,Negotiation,Analytics,13.077715127250302,1.2649621654386598,2.0,2023-01
A00184,2023-01-31,0.0,5934.34,True,False,,,"Higgins, Strickland and Martin",Logistics,9.0,LATAM,42.0,14449.98,Negotiation,Analytics,11.82973918499223,1.6120319276422541,1.0,2023-01
A00185,2023-01-31,0.0,24318.79,True,False,,,Rodriguez-Johnson,CyberSecurity,13.0,LATAM,30.0,20729.32,Closed -Lost,Analytics,2.879701298436887,14.045366908999986,4.0,2023-01
A00186,2023-01-31,0.0,17136.31,True,False,,,Johnston-Odonnell,CyberSecurity,22.0,Asia,27.0,12386.11,Closed -Won,Core,15.176840988737302,3.487029514344223,3.0,2023-01
A00187,2023-01-31,0.0,22822.73,True,False,,,Sanders-Espinoza,CyberSecurity,22.0,Europe,10.0,10025.63,Closed -Won,Core,11.454413257190216,2.450157318950846,1.0,2023-01
A00188,2023-01-31,0.0,15835.53,True,False,,,Vargas Ltd,Logistics,31.0,Asia,23.0,20698.41,Closed -Won,Core,13.272162860557858,1.0838875396753862,1.0,2023-01
A00189,2023-01-31,0.0,13459.42,True,False,,,Garcia LLC,SMB SaaS,10.0,Asia,15.0,22683.74,Closed -Won,Core,15.403035131921325,2.2713569626625842,3.0,2023-01
A00190,2023-01-31,0.0,7686.96,True,False,,,"Burke, Martinez and Riggs",MarTech,28.0,LATAM,18.0,13369.02,Closed -Won,Core,11.713729450049698,3.1593477099943326,1.0,2023-01
A00192,2023-01-31,0.0,5160.92,True,False,,,"Wood, Hunter and Peterson",CyberSecurity,14.0,Europe,38.0,15882.95,Closed -Lost,Analytics,9.390278462930738,1.0723613868335988,1.0,2023-01
A00194,2023-01-31,0.0,24948.53,True,False,,,Reid-Poole,Logistics,9.0,Europe,22.0,10531.98,Closed -Won,Analytics,10.044745171084585,2.39538608489638,1.0,2023-01
A00195,2023-01-31,0.0,20275.67,True,False,,,"Hernandez, Thompson and Boyd",Logistics,23.0,Europe,57.0,14880.53,Negotiation,Automation,12.956834314471262,1.1131303681617668,0.0,2023-01
A00196,2023-01-31,0.0,35467.44,True,False,,,"Nelson, Morton and Medina",CyberSecurity,33.0,Europe,6.0,10640.05,Negotiation,Automation,18.994828553518037,2.622327505980501,0.0,2023-01
A00197,2023-01-31,0.0,12570.98,True,False,,,Marshall-Petersen,EdTech,26.0,North America,21.0,16381.26,Closed -Won,Analytics,9.864204836933954,2.950270388336241,3.0,2023-01
A00199,2023-01-31,0.0,11553.36,True,False,,,Ramirez Group,MarTech,23.0,Asia,20.0,16333.32,Closed -Won,Analytics,20.396913662814153,3.7447404859785314,4.0,2023-01
A00201,2023-01-31,0.0,14314.39,True,False,,,"Barnett, Rogers and Snyder",Logistics,16.0,Asia,22.0,18982.78,Closed -Won,Analytics,12.896830137573202,3.7495488287840217,0.0,2023-01
A00203,2023-01-31,0.0,11989.2,True,False,,,Peterson-Beard,SMB SaaS,7.0,Asia,30.0,16893.81,Closed -Won,Analytics,15.288087525179833,3.466217574022167,0.0,2023-01
A00204,2023-01-31,0.0,19648.95,True,False,,,"Beard, Peters and Black",SMB SaaS,8.0,Europe,42.0,11894.24,Closed -Won,Premium Support,0.7460536552424006,24.545709605330263,3.0,2023-01
A00208,2023-01-31,0.0,23954.69,True,False,,,Davis and Sons,MarTech,28.0,North America,58.0,10664.78,Closed -Won,Core,14.309288097529413,3.2287080639742345,1.0,2023-01
A00209,2023-01-31,0.0,7281.91,True,False,,,Holt-Torres,CyberSecurity,25.0,Asia,16.0,23565.29,Closed -Won,Core,9.782937890546261,1.449725168975778,2.0,2023-01
A00210,2023-01-31,0.0,33153.44,True,False,,,"Wood, Tran and Cooper",Logistics,22.0,Europe,46.0,3723.49,Closed -Won,Premium Support,12.608652125534617,2.9639224425456394,1.0,2023-01
A00211,2023-01-31,0.0,26745.34,True,False,,,"Pierce, Bell and Chavez",EdTech,8.0,Europe,16.0,8717.16,Closed -Won,Analytics,11.273949676668943,0.0,0.0,2023-01
A00212,2023-01-31,0.0,28329.27,True,False,,,King-Martinez,E -Commerce,18.0,North America,43.0,21966.56,Closed -Won,Premium Support,17.222370530702317,1.589556608999046,3.0,2023-01
A00214,2023-01-31,0.0,32039.01,True,False,,,"Tapia, Vaughn and Lee",CyberSecurity,33.0,LATAM,27.0,13386.84,Closed -Won,API,15.190790984016848,2.462608768305186,0.0,2023-01
A00215,2023-01-31,0.0,20676.12,True,False,,,"Washington, Hardy and Bray",MarTech,19.0,Asia,44.0,14938.71,Closed -Won,Premium Support,9.187723994934311,3.072024676601108,0.0,2023-01
A00216,2023-01-31,0.0,19538.25,True,False,,,"Carlson, Hooper and Wall",MarTech,31.0,LATAM,17.0,8407.21,Closed -Lost,Core,14.394520863358537,0.9058570783696847,0.0,2023-01
A00217,2023-01-31,0.0,17301.35,True,False,,,Perez-White,E -Commerce,29.0,North America,5.0,19175.02,Negotiation,Automation,10.390519082417754,2.659968188920204,0.0,2023-01
A00219,2023-01-31,0.0,4398.91,True,False,,,Williams-Brown,E -Commerce,24.0,Europe,27.0,12460.24,Closed -Lost,Analytics,20.633607722768673,4.345911582754257,1.0,2023-01
A00220,2023-01-31,0.0,11145.63,True,False,,,Terry-Martinez,CyberSecurity,24.0,North America,54.0,18776.04,Closed -Won,API,16.79652313172265,2.706627983837534,0.0,2023-01
A00221,2023-01-31,0.0,11163.42,True,False,,,Garcia-Smith,EdTech,22.0,Asia,8.0,9676.88,Closed -Won,Premium Support,4.608192784330897,19.942427191913573,6.0,2023-01
A00222,2023-01-31,0.0,14635.07,True,False,,,Harrison-Alexander,HealthTech,29.0,Asia,27.0,15153.58,Closed -Lost,Premium Support,23.59682572934959,0.728235342891739,0.0,2023-01
A00224,2023-01-31,0.0,9453.19,True,False,,,Wilson-Jones,HealthTech,22.0,LATAM,12.0,9977.54,Closed -Won,Core,17.495649146226086,2.7373419355929416,1.0,2023-01
A00225,2023-01-31,0.0,5529.63,True,False,,,Jones-Soto,EdTech,15.0,LATAM,43.0,23010.07,Closed -Won,Core,9.401976629458657,1.9780243684197605,0.0,2023-01
A00229,2023-01-31,0.0,27121.94,True,False,,,Rowe Group,HealthTech,25.0,Asia,33.0,10883.87,Closed -Won,Core,14.16791076073627,2.3538330241259002,0.0,2023-01
A00230,2023-01-31,0.0,14947.02,True,False,,,Kerr-Evans,SMB SaaS,9.0,Asia,11.0,2533.35,Closed -Won,Premium Support,0.0,15.625101575828019,5.0,2023-01
A00231,2023-01-31,0.0,13169.87,True,False,,,"Branch, Torres and Oliver",CyberSecurity,18.0,LATAM,28.0,13732.02,Closed -Won,Automation,17.27617107537892,2.6326125565018286,1.0,2023-01
A00232,2023-01-31,0.0,35289.82,True,False,,,"Choi, Garcia and Farmer",EdTech,11.0,Asia,51.0,8366.69,Closed -Won,Analytics,12.29870308099163,0.43156355178004,1.0,2023-01
A00233,2023-01-31,19835.43,19835.43,False,True,,,"Clark, Guerrero and Moore",E -Commerce,21.0,LATAM,2.0,15377.88,Closed -Won,Core,14.980555243421971,3.35400906860226,0.0,2023-01
A00234,2023-01-31,0.0,20939.01,True,False,,,Arnold and Sons,FinTech,30.0,Europe,45.0,9829.31,On -Hold,Automation,16.461664820814015,2.208555914904957,0.0,2023-01
A00235,2023-01-31,0.0,17345.81,True,False,,,Ortiz Ltd,FinTech,12.0,Europe,30.0,16871.51,Closed -Won,Core,9.55033637331145,1.5365785512507002,2.0,2023-01
A00237,2023-01-31,0.0,30404.91,True,False,,,Warner-Gibson,Logistics,9.0,Asia,40.0,26304.04,Negotiation,Premium Support,14.161582901947503,2.353499288445785,1.0,2023-01
A00238,2023-01-31,0.0,19289.31,True,False,,,"Hall, Baker and Moody",HealthTech,8.0,North America,26.0,16282.28,Closed -Won,API,15.890460258284955,3.3249276085050186,1.0,2023-01
A00241,2023-01-31,0.0,19799.56,True,False,,,Jones and Sons,MarTech,28.0,Asia,9.0,11873.83,Closed -Won,API,13.050586872050348,1.7147495674020912,2.0,2023-01
A00242,2023-01-31,0.0,12348.63,True,False,,,Larson-Holloway,EdTech,28.0,Europe,35.0,11325.53,Closed -Won,Premium Support,5.55852398996624,27.33820534234321,4.0,2023-01
A00243,2023-01-31,0.0,9005.47,True,False,,,Gonzales-Harrison,EdTech,15.0,LATAM,6.0,20930.19,Negotiation,API,14.989952276531099,3.6979508797892535,0.0,2023-01
A00244,2023-01-31,0.0,4495.59,True,False,,,Lyons-Bender,E -Commerce,7.0,North America,39.0,13432.17,Closed -Won,Premium Support,13.108647278905725,1.497235829938956,0.0,2023-01
A00246,2023-01-31,0.0,27516.35,True,False,,,Navarro-Munoz,SMB SaaS,8.0,Asia,5.0,11284.94,Closed -Won,Core,13.718334482334475,1.119556416992049,1.0,2023-01
A00250,2023-01-31,0.0,12665.25,True,False,,,Ruiz Ltd,CyberSecurity,30.0,Europe,3.0,14188.64,Closed -Won,Automation,15.29517255840231,1.889948730557516,1.0,2023-01
A00251,2023-01-31,0.0,28472.67,True,False,,,Moon-White,Logistics,29.0,Asia,11.0,14866.16,Negotiation,Core,4.922825294352245,0.5040150292277639,2.0,2023-01
A00253,2023-01-31,0.0,11102.68,True,False,,,Bailey-Cook,Logistics,29.0,Asia,12.0,17226.58,On -Hold,API,2.2276636559350806,12.42501426224283,3.0,2023-01
A00255,2023-01-31,0.0,24362.76,True,False,,,Roberts-Landry,Logistics,35.0,Asia,39.0,18324.23,Closed -Won,Analytics,12.67720171237131,0.64650842852698,0.0,2023-01
A00257,2023-01-31,0.0,22463.99,True,False,,,Cordova Group,Logistics,18.0,Asia,40.0,16283.88,Closed -Lost,Analytics,13.854132544240178,2.6529292467777683,0.0,2023-01
A00258,2023-01-31,0.0,4740.06,True,False,,,"Bryan, Smith and Booth",HealthTech,33.0,Asia,7.0,13010.4,Closed -Won,Core,12.213882714605258,2.416654731791991,3.0,2023-01
A00259,2023-01-31,0.0,15048.92,True,False,,,Gutierrez-Lopez,MarTech,15.0,Europe,11.0,20314.4,Closed -Won,Analytics,12.792055525539396,1.119163002165922,0.0,2023-01
A00260,2023-01-31,0.0,38132.07,True,False,,,Dean-Jimenez,EdTech,14.0,Europe,35.0,15989.49,Closed -Won,Core,14.29133123126949,2.1369250850220074,0.0,2023-01
A00261,2023-01-31,0.0,48562.13,True,False,,,Wolf-Harris,HealthTech,10.0,Asia,47.0,16200.93,Closed -Won,API,12.733878696481195,2.887126405475567,1.0,2023-01
A00262,2023-01-31,0.0,31570.26,True,False,,,"Anderson, Roberts and Gilmore",EdTech,14.0,Europe,11.0,13892.76,Closed -Won,Premium Support,12.71234764318389,0.8273342907331853,0.0,2023-01
A00263,2023-01-31,0.0,3674.42,True,False,,,Martinez-Dudley,MarTech,23.0,Europe,18.0,11746.07,Closed -Won,API,7.456919001411754,22.76408287923687,6.0,2023-01
A00264,2023-01-31,0.0,14024.23,True,False,,,"Lloyd, Mckinney and Collins",HealthTech,32.0,LATAM,55.0,15293.8,Closed -Won,Automation,3.359306303414385,17.15584248306851,7.0,2023-01
A00266,2023-01-31,0.0,29016.66,True,False,,,Gay Inc,E -Commerce,26.0,North America,35.0,11922.17,Closed -Won,Analytics,14.919801529357468,3.155526291049509,1.0,2023-01
A00267,2023-01-31,0.0,17065.67,True,False,,,Valentine-Holland,Logistics,28.0,Asia,27.0,20279.15,Closed -Won,Analytics,9.715530068648151,3.619187452322385,0.0,2023-01
A00270,2023-01-31,0.0,44759.36,True,False,,,Baird-Sanchez,FinTech,10.0,Europe,35.0,11337.53,Closed -Won,Core,2.159059583914619,32.65830135444755,3.0,2023-01
A00271,2023-01-31,0.0,26183.34,True,False,,,"Thomas, Lee and Greene",MarTech,20.0,Europe,18.0,24153.55,Closed -Won,API,14.899667254221793,1.8138696249704809,1.0,2023-01
A00272,2023-01-31,9266.02,9266.02,False,True,,,"Suarez, Shields and Hill",MarTech,34.0,LATAM,2.0,14514.51,Closed -Won,Core,15.911246300866988,0.0,1.0,2023-01
A00276,2023-01-31,0.0,43539.46,True,False,,,"Burns, Hernandez and Ryan",CyberSecurity,26.0,North America,29.0,18672.51,Closed -Won,Core,9.397820350335614,1.1193708352480773,1.0,2023-01
A00277,2023-01-31,0.0,28244.48,True,False,,,Cook-Hines,FinTech,7.0,Europe,28.0,13649.26,Closed -Won,Automation,19.26702179069695,1.7301988805273916,1.0,2023-01
A00278,2023-01-31,0.0,14423.44,True,False,,,Gibson-Morris,Logistics,33.0,LATAM,47.0,11897.91,Closed -Won,Analytics,19.306361776095972,2.9769072641522993,0.0,2023-01
A00279,2023-01-31,0.0,40103.06,True,False,,,Pollard and Sons,HealthTech,11.0,Asia,4.0,5937.96,Closed -Won,Core,11.22620077419731,1.9400013785866626,0.0,2023-01
A00280,2023-01-31,0.0,7730.18,True,False,,,"Reyes, Chase and Jenkins",MarTech,17.0,North America,5.0,11360.52,Closed -Won,Core,11.81803756196433,0.4712620060390864,0.0,2023-01
A00281,2023-01-31,0.0,8936.07,True,False,,,Garner-Thornton,MarTech,13.0,LATAM,17.0,12206.93,Closed -Lost,Core,13.028026887406483,3.237638009620376,1.0,2023-01
A00282,2023-01-31,0.0,10648.22,True,False,,,Hughes-Alvarado,Logistics,27.0,Europe,29.0,16285.67,Closed -Won,Analytics,17.67277061643795,1.785888977622755,0.0,2023-01
A00284,2023-01-31,0.0,19284.85,True,False,,,"Sanford, Rivera and Garcia",HealthTech,25.0,LATAM,29.0,20755.32,Closed -Won,API,2.8184761130564615,30.03640237587969,3.0,2023-01
A00285,2023-01-31,0.0,13729.04,True,False,,,Garcia-Lozano,EdTech,31.0,North America,27.0,10238.49,Closed -Won,Core,20.502543429686483,1.879013252410915,3.0,2023-01
A00288,2023-01-31,0.0,7743.51,True,False,,,Morgan-Schwartz,HealthTech,32.0,North America,34.0,11000.21,Closed -Won,Automation,13.38468198440002,0.8169937976790071,3.0,2023-01
A00289,2023-01-31,0.0,23422.17,True,False,,,"Miller, Murphy and Craig",HealthTech,16.0,Asia,32.0,18651.46,Closed -Won,Core,15.39735477115407,0.0,1.0,2023-01
A00291,2023-01-31,0.0,15853.46,True,False,,,Brennan-Johnson,EdTech,21.0,LATAM,48.0,15095.39,Negotiation,API,11.47723829941931,2.248038201901325,1.0,2023-01
A00292,2023-01-31,0.0,10586.79,True,False,,,Young Ltd,MarTech,8.0,LATAM,16.0,13090.32,Closed -Won,Core,14.315473653567816,3.166801052791138,1.0,2023-01
A00293,2023-01-31,0.0,50154.04,True,False,,,Bright-Francis,CyberSecurity,6.0,North America,57.0,20975.51,Closed -Won,Core,7.187327321299275,2.928669099360449,2.0,2023-01
A00294,2023-01-31,0.0,12961.53,True,False,,,Good-Hodges,HealthTech,11.0,Europe,20.0,16746.87,Closed -Won,Analytics,13.092447158557313,2.596846826119579,2.0,2023-01
A00295,2023-01-31,0.0,17509.82,True,False,,,"Brennan, Wallace and Benson",SMB SaaS,34.0,Europe,33.0,10139.67,Closed -Won,Premium Support,12.907506888996778,1.678662644852932,0.0,2023-01
A00298,2023-01-31,0.0,6398.28,True,False,,,Schmidt PLC,EdTech,35.0,LATAM,26.0,11616.67,Closed -Won,Core,11.01232422237651,2.0830109282737572,1.0,2023-01
A00299,2023-01-31,0.0,5456.59,True,False,,,"Sparks, Jackson and Miller",HealthTech,7.0,Europe,17.0,11803.16,Closed -Won,Core,8.53390444918724,3.90170104439919,2.0,2023-01
A00300,2023-01-31,0.0,15685.33,True,False,,,Harvey-Allen,EdTech,35.0,LATAM,2.0,12322.29,Closed -Won,Core,14.434241141502236,0.500578113533144,3.0,2023-01
A00301,2023-01-31,0.0,12581.9,True,False,,,"Thomas, Murray and King",EdTech,12.0,North America,22.0,18242.83,Closed -Won,Premium Support,13.09962803961127,0.3930913887375531,0.0,2023-01
A00302,2023-01-31,0.0,3617.39,True,False,,,Estrada-Nolan,HealthTech,7.0,LATAM,49.0,13822.55,Closed -Won,Core,9.874155360293965,2.988075214519394,3.0,2023-01
A00303,2023-01-31,0.0,45986.14,True,False,,,Santana-Byrd,FinTech,28.0,North America,1.0,15344.13,Closed -Won,Core,14.187600238501313,1.1812570634791217,1.0,2023-01
A00304,2023-01-31,0.0,24830.9,True,False,,,Jones LLC,MarTech,17.0,LATAM,53.0,18870.29,Closed -Won,Core,13.115149414781882,4.043336920428779,2.0,2023-01
A00305,2023-01-31,0.0,17757.53,True,False,,,"Evans, Hayden and Vaughn",CyberSecurity,14.0,North America,33.0,13804.69,Closed -Won,Automation,12.616928145013656,3.3373413712329434,0.0,2023-01
A00308,2023-01-31,0.0,17059.56,True,False,,,Armstrong-Andrews,EdTech,28.0,LATAM,33.0,13478.26,Negotiation,Core,10.300846879672608,1.0784163763297057,0.0,2023-01
A00309,2023-01-31,0.0,28260.08,True,False,,,"Phillips, Spence and Barrett",SMB SaaS,11.0,Asia,19.0,22126.64,Closed -Won,Core,14.189810764523724,0.34065839986480806,0.0,2023-01
A00310,2023-01-31,0.0,9083.52,True,False,,,Smith-Grimes,HealthTech,8.0,Asia,7.0,19034.91,Closed -Won,Core,11.575194669701922,3.495294669189022,0.0,2023-01
A00311,2023-01-31,0.0,11100.62,True,False,,,"Beltran, Lozano and Mcgee",E -Commerce,15.0,North America,40.0,17117.1,On -Hold,Premium Support,12.833820447356045,0.5004317939879428,2.0,2023-01
A00312,2023-01-31,0.0,18937.78,True,False,,,Parsons-Hall,Logistics,24.0,LATAM,40.0,15905.38,Closed -Won,API,17.456877475249733,3.58488568772752,0.0,2023-01
A00313,2023-01-31,0.0,10765.93,True,False,,,Robinson-Lee,FinTech,12.0,Europe,8.0,19490.61,Negotiation,API,15.594854602410122,2.669614760229355,1.0,2023-01
A00314,2023-01-31,0.0,20727.99,True,False,,,Byrd-Le,SMB SaaS,10.0,Asia,17.0,15997.12,Closed -Won,Analytics,17.39011983886841,1.9237473461798982,0.0,2023-01
A00315,2023-01-31,0.0,6462.87,True,False,,,"Becker, Taylor and Davis",EdTech,28.0,Asia,15.0,6313.74,Negotiation,Analytics,14.991156483864719,2.442047684335311,2.0,2023-01
A00316,2023-01-31,0.0,14809.05,True,False,,,"Lucas, Parker and Alexander",MarTech,20.0,Asia,39.0,14593.1,Closed -Lost,Automation,15.188430753022342,2.4652909354490995,1.0,2023-01
A00317,2023-01-31,0.0,9199.65,True,False,,,"Diaz, Anderson and Browning",CyberSecurity,18.0,Europe,44.0,17286.47,Closed -Won,Core,8.656582999321467,1.7975896114129197,0.0,2023-01
A00318,2023-01-31,0.0,27336.8,True,False,,,Burgess-Thompson,CyberSecurity,13.0,North America,43.0,10983.47,Closed -Won,API,13.047425018400338,3.425687234919314,0.0,2023-01
A00319,2023-01-31,0.0,53183.67,True,False,,,Buchanan LLC,FinTech,6.0,North America,56.0,25369.11,Negotiation,Analytics,13.325273204454176,3.391400860599534,2.0,2023-01
A00320,2023-01-31,0.0,45015.18,True,False,,,"Shaw, Nelson and Martin",Logistics,7.0,North America,46.0,14414.15,Closed -Won,Core,17.670994461055926,2.155659301820941,2.0,2023-01
A00321,2023-01-31,0.0,3190.96,True,False,,,Coffey-Phillips,E -Commerce,26.0,Asia,19.0,17246.85,Closed -Won,Core,3.0973245567821572,24.404545535638167,0.0,2023-01
A00322,2023-01-31,0.0,21971.67,True,False,,,Brock-Mcdonald,SMB SaaS,8.0,LATAM,7.0,19689.01,Closed -Won,Automation,14.794578527168367,3.305954044404291,2.0,2023-01
A00323,2023-01-31,0.0,9082.42,True,False,,,Taylor and Sons,MarTech,13.0,Europe,37.0,17416.78,Closed -Won,Premium Support,14.677272029254256,0.0,0.0,2023-01
A00324,2023-01-31,0.0,6314.66,True,False,,,"Ramsey, Whitney and Coffey",E -Commerce,33.0,Europe,55.0,14573.43,Closed -Won,Core,17.473025480842182,2.443892607011323,1.0,2023-01
A00326,2023-01-31,0.0,6317.89,True,False,,,"Martinez, Richardson and Curry",SMB SaaS,28.0,LATAM,14.0,14227.18,Closed -Won,API,5.37942000529921,24.206761372602912,2.0,2023-01
A00329,2023-01-31,0.0,28728.01,True,False,,,Harvey PLC,E -Commerce,30.0,North America,9.0,13959.3,Closed -Won,Premium Support,7.14996696612642,1.454299878050882,2.0,2023-01
A00330,2023-01-31,0.0,18965.34,True,False,,,Herman-Walker,Logistics,20.0,Asia,33.0,10188.46,Closed -Won,Automation,16.3579549254,2.963223339663672,0.0,2023-01
A00331,2023-01-31,0.0,5671.31,True,False,,,Reid Group,EdTech,26.0,North America,33.0,14980.74,Closed -Won,Core,16.021000813366207,0.9143155713022508,1.0,2023-01
A00332,2023-01-31,0.0,12225.01,True,False,,,"Turner, Ortiz and Taylor",MarTech,18.0,Europe,22.0,13371.85,Closed -Lost,Core,16.690482721697848,2.8691933365638795,2.0,2023-01
A00333,2023-01-31,0.0,36928.93,True,False,,,Torres Group,Logistics,34.0,Europe,19.0,17006.71,Negotiation,Core,11.967914492881421,0.017653786180744202,0.0,2023-01
A00334,2023-01-31,0.0,14424.26,True,False,,,Davis PLC,FinTech,16.0,LATAM,49.0,9017.64,Closed -Won,Automation,12.309357027396,2.2857044467311964,0.0,2023-01
A00335,2023-01-31,0.0,13688.91,True,False,,,Price LLC,CyberSecurity,31.0,LATAM,28.0,11286.81,Negotiation,Analytics,13.636857072013068,2.0438439562134945,1.0,2023-01
A00336,2023-01-31,0.0,39563.12,True,False,,,"Avery, Horton and Fernandez",FinTech,24.0,North America,48.0,11319.05,Closed -Won,Premium Support,18.33109790884297,1.4603042331342397,3.0,2023-01
A00338,2023-01-31,0.0,34412.51,True,False,,,Bass PLC,MarTech,16.0,LATAM,19.0,14019.88,Closed -Won,API,16.38142546952409,1.9204298706322123,1.0,2023-01
A00339,2023-01-31,0.0,14595.7,True,False,,,Crosby-Ramirez,MarTech,30.0,Europe,12.0,19386.26,Closed -Won,Core,14.993059174410503,3.054695627305547,1.0,2023-01
A00340,2023-01-31,0.0,7551.74,True,False,,,"Wood, Ramos and Sampson",MarTech,28.0,North America,57.0,15167.29,Closed -Won,Core,18.00614809310038,2.560150988803435,0.0,2023-01
A00341,2023-01-31,0.0,1924.82,True,False,,,Garcia-Jennings,MarTech,30.0,North America,38.0,15000.42,Closed -Won,Premium Support,13.232472628551324,2.452694232874353,1.0,2023-01
A00342,2023-01-31,0.0,14354.52,True,False,,,"Winters, Newman and Brown",MarTech,30.0,LATAM,18.0,10779.38,Closed -Won,Analytics,12.827175408553115,2.2918612035602046,0.0,2023-01
A00343,2023-01-31,0.0,17088.96,True,False,,,Lopez-Martinez,MarTech,10.0,Europe,37.0,13844.72,Negotiation,Premium Support,13.612933638158566,1.527833543452958,0.0,2023-01
A00344,2023-01-31,0.0,32279.29,True,False,,,Davis-Lewis,E -Commerce,32.0,LATAM,31.0,9662.2,Closed -Won,Core,11.063856891741267,1.6981964500243028,1.0,2023-01
A00345,2023-01-31,0.0,270.38,True,False,,,"Harper, Smith and Buchanan",Logistics,31.0,North America,54.0,16974.79,Closed -Lost,API,13.474971906885163,2.2482158402208894,2.0,2023-01
A00346,2023-01-31,0.0,23257.33,True,False,,,Zhang PLC,E -Commerce,13.0,LATAM,16.0,18323.17,Closed -Won,Analytics,10.647775868648178,1.826640512892864,1.0,2023-01
A00347,2023-01-31,0.0,16046.61,True,False,,,Jones PLC,CyberSecurity,35.0,North America,59.0,8969.45,Closed -Won,Core,17.075023456698734,3.111452830432996,6.0,2023-01
A00348,2023-01-31,0.0,13980.59,True,False,,,Willis and Sons,Logistics,21.0,LATAM,56.0,15177.87,Negotiation,Analytics,2.166759266951772,27.85908797936308,2.0,2023-01
A00349,2023-01-31,0.0,51590.52,True,False,,,Schroeder-Kramer,SMB SaaS,15.0,Asia,11.0,14582.02,Closed -Won,Premium Support,18.288687192643476,2.375966607825131,0.0,2023-01
A00350,2023-01-31,0.0,21984.11,True,False,,,"Smith, Garrison and Thomas",FinTech,12.0,Europe,10.0,19817.03,Closed -Won,Analytics,9.112151591257431,0.597316066104439,1.0,2023-01
A00353,2023-01-31,0.0,11773.79,True,False,,,Smith and Sons,HealthTech,26.0,Europe,18.0,16056.01,Closed -Won,Automation,10.405075774750383,0.9573464177032862,0.0,2023-01
A00354,2023-01-31,0.0,32477.32,True,False,,,"Morris, Thompson and Williams",Logistics,27.0,North America,26.0,13048.58,Closed -Won,Automation,3.0083182775623123,30.675262532287732,3.0,2023-01
A00355,2023-01-31,0.0,7845.34,True,False,,,"Fisher, Wilson and Brown",FinTech,26.0,Asia,58.0,13258.63,Closed -Won,Analytics,17.923162075909595,2.6976215224325917,0.0,2023-01
A00356,2023-01-31,0.0,8206.15,True,False,,,Strickland-Palmer,Logistics,22.0,Asia,59.0,13184.81,Negotiation,Analytics,14.676720491685721,2.9770957188917753,1.0,2023-01
A00357,2023-01-31,0.0,7010.29,True,False,,,Hayes and Sons,Logistics,16.0,Asia,9.0,17090.32,Closed -Won,Analytics,13.268512248435284,2.4544961829073175,1.0,2023-01
A00358,2023-01-31,0.0,10566.73,True,False,,,"Williams, Logan and Camacho",SMB SaaS,27.0,Asia,53.0,19544.48,Closed -Won,Premium Support,11.622117696064517,1.906849204096289,1.0,2023-01
A00359,2023-01-31,0.0,19080.29,True,False,,,"Turner, Schneider and Johnson",CyberSecurity,32.0,LATAM,6.0,14670.16,Closed -Won,Premium Support,9.872194548017902,1.7203959919437366,1.0,2023-01
A00361,2023-01-31,0.0,17886.43,True,False,,,Henry Group,FinTech,17.0,Europe,50.0,17657.64,Closed -Won,Core,16.39591778314592,3.132519042238293,0.0,2023-01
A00362,2023-01-31,0.0,12549.88,True,False,,,Lam LLC,SMB SaaS,35.0,Europe,53.0,15826.67,Closed -Won,Premium Support,18.057351131277052,1.9318162520741542,1.0,2023-01
A00364,2023-01-31,0.0,40831.95,True,False,,,"Kelley, Nguyen and Vang",EdTech,35.0,Europe,53.0,19534.62,Closed -Won,Core,6.073692624333395,1.8026814502891906,1.0,2023-01
A00365,2023-01-31,0.0,16155.18,True,False,,,"Phillips, Wagner and Jordan",HealthTech,11.0,Europe,7.0,10733.21,Closed -Won,Analytics,10.266251201955644,0.6059915551100277,1.0,2023-01
A00366,2023-01-31,0.0,11853.28,True,False,,,"Wilson, Pena and Rich",MarTech,19.0,LATAM,31.0,13946.93,Closed -Won,API,15.394613917540127,0.27847725900602316,1.0,2023-01
A00367,2023-01-31,0.0,1551.44,True,False,,,"Le, Lewis and Hayes",CyberSecurity,9.0,Europe,28.0,11076.52,Closed -Lost,Core,12.890848924291939,0.3122246321206732,0.0,2023-01
A00368,2023-01-31,0.0,15104.99,True,False,,,Gutierrez Group,EdTech,31.0,Europe,19.0,12854.58,Closed -Won,Core,3.7963798225779515,16.99870831861802,0.0,2023-01
A00369,2023-01-31,0.0,31517.56,True,False,,,Perry-Davis,Logistics,21.0,North America,2.0,9900.41,Closed -Won,Automation,10.690319705331415,1.7679819788872169,3.0,2023-01
A00372,2023-01-31,0.0,10842.88,True,False,,,Davis Inc,SMB SaaS,28.0,Europe,40.0,4475.51,Closed -Won,Core,4.183060091057451,28.94924786830998,3.0,2023-01
A00374,2023-01-31,0.0,17244.46,True,False,,,"Watson, Anderson and Brown",EdTech,32.0,Europe,23.0,14640.74,Closed -Won,Core,14.528863276699429,2.013521426126866,1.0,2023-01
A00375,2023-01-31,0.0,48220.36,True,False,,,"Hoffman, Santiago and Jenkins",SMB SaaS,35.0,LATAM,53.0,13897.59,Closed -Won,Core,9.986705221410556,1.4224851259915527,0.0,2023-01
A00377,2023-01-31,0.0,9486.04,True,False,,,Schmitt PLC,E -Commerce,29.0,Europe,44.0,18822.3,Closed -Won,API,6.4162112642206734,0.4685157034220053,1.0,2023-01
A00380,2023-01-31,0.0,17176.78,True,False,,,Boone LLC,HealthTech,19.0,LATAM,16.0,12766.23,Closed -Won,API,21.125354438824793,2.781754597504501,1.0,2023-01
A00381,2023-01-31,0.0,22573.45,True,False,,,"Richardson, Farmer and Andrews",HealthTech,28.0,Europe,1.0,15689.83,Closed -Won,Analytics,8.597770779725407,1.9791705988441508,1.0,2023-01
A00382,2023-01-31,0.0,9696.71,True,False,,,Bruce-Villegas,HealthTech,30.0,LATAM,56.0,12081.56,Closed -Won,API,10.269258222380412,2.0086437056158983,2.0,2023-01
A00385,2023-01-31,8826.06,8826.06,False,True,,,"Farmer, Dorsey and Bell",CyberSecurity,16.0,LATAM,2.0,15802.57,Closed -Won,Analytics,14.60651749096422,2.00240588506029,0.0,2023-01
A00387,2023-01-31,0.0,24168.17,True,False,,,"Morales, Thomas and Schultz",Logistics,11.0,North America,4.0,20145.42,Negotiation,Automation,12.987188747970569,2.272247081627536,0.0,2023-01
A00388,2023-01-31,0.0,19452.5,True,False,,,Davis PLC,MarTech,9.0,Europe,50.0,14801.82,Closed -Won,Automation,12.46813523318187,2.021759840797327,0.0,2023-01
A00389,2023-01-31,0.0,6344.2,True,False,,,Bennett Group,FinTech,32.0,Europe,53.0,12271.26,Closed -Won,Automation,14.24655305620327,1.854673040145562,1.0,2023-01
A00390,2023-01-31,0.0,7984.55,True,False,,,Moore-Collins,Logistics,29.0,Asia,10.0,14613.32,Closed -Won,Analytics,1.9854595223819316,24.086272456225434,4.0,2023-01
A00391,2023-01-31,0.0,18326.73,True,False,,,Frank-Bradley,FinTech,9.0,Europe,45.0,18885.06,Closed -Won,Analytics,1.8138954155138833,22.125927328920646,3.0,2023-01
A00393,2023-01-31,0.0,19933.69,True,False,,,Webster Inc,CyberSecurity,25.0,LATAM,22.0,19708.66,Closed -Won,Core,16.6699610977005,2.0081370141078185,1.0,2023-01
A00394,2023-01-31,0.0,24082.15,True,False,,,"Miller, Ramos and Coleman",HealthTech,21.0,North America,36.0,19315.28,Closed -Won,Premium Support,14.117939036908256,2.32524769926519,2.0,2023-01
A00395,2023-01-31,0.0,57972.38,True,False,,,"Ramos, Nelson and Fischer",CyberSecurity,24.0,Europe,43.0,20445.99,Closed -Won,Core,13.35583739419741,2.350030326261755,0.0,2023-01
A00396,2023-01-31,0.0,28762.16,True,False,,,Reed Inc,HealthTech,33.0,Asia,52.0,15294.39,Closed -Won,Analytics,9.071046319440736,2.401994880183913,1.0,2023-01
A00397,2023-01-31,0.0,24599.2,True,False,,,Gregory-Watkins,HealthTech,21.0,Europe,3.0,16127.15,Closed -Won,Automation,11.06063398400639,2.094904746173292,0.0,2023-01
A00398,2023-01-31,0.0,10436.73,True,False,,,"Estrada, Williams and Foster",Logistics,25.0,LATAM,12.0,19240.42,On -Hold,API,17.595954419399536,3.5689434923493737,1.0,2023-01
A00399,2023-01-31,0.0,5790.66,True,False,,,"Brown, Harris and Dougherty",SMB SaaS,23.0,Asia,17.0,17059.91,Closed -Won,Analytics,13.374203005899904,2.422568816182484,0.0,2023-01
A00401,2023-01-31,0.0,10853.4,True,False,,,Wilson-Jimenez,SMB SaaS,32.0,North America,59.0,12568.87,Closed -Won,API,11.361403960053961,2.0498514085658726,1.0,2023-01
A00402,2023-01-31,0.0,21273.63,True,False,,,Thompson-James,SMB SaaS,18.0,Europe,46.0,20594.39,Closed -Won,Analytics,13.912836091323648,2.9589132924551746,1.0,2023-01
A00403,2023-01-31,0.0,4185.01,True,False,,,"Hall, Hansen and Barnett",Logistics,29.0,Europe,19.0,13004.03,Closed -Won,Analytics,9.883543855640061,1.2739507916253192,2.0,2023-01
A00405,2023-01-31,0.0,28586.8,True,False,,,Graham Group,EdTech,26.0,Asia,30.0,14641.83,Closed -Won,Core,15.111922691810614,1.2957160632255305,0.0,2023-01
A00406,2023-01-31,0.0,8665.41,True,False,,,Atkins PLC,CyberSecurity,28.0,North America,30.0,12866.16,Closed -Won,API,14.961844181555053,2.455878017956095,2.0,2023-01
A00407,2023-01-31,0.0,21147.34,True,False,,,Berry-Mckinney,SMB SaaS,28.0,LATAM,26.0,7025.77,Closed -Won,Core,11.289245508529515,1.7355727984358738,0.0,2023-01
A00409,2023-01-31,0.0,22774.15,True,False,,,Jackson-Meza,MarTech,24.0,Asia,56.0,10011.13,Closed -Lost,Core,0.0,29.268932962362555,3.0,2023-01
A00410,2023-01-31,0.0,14836.88,True,False,,,Collier-Gillespie,HealthTech,21.0,LATAM,1.0,11308.92,Closed -Won,Analytics,1.0490635232594583,22.928820706841964,4.0,2023-01
A00411,2023-01-31,0.0,12960.36,True,False,,,Kim Inc,SMB SaaS,16.0,Asia,11.0,17036.88,Closed -Won,Core,3.5644942435343,30.889933807712936,4.0,2023-01
A00412,2023-01-31,0.0,19784.52,True,False,,,Graham Group,EdTech,27.0,Europe,14.0,8927.61,Closed -Won,Core,0.0,15.476837191675777,1.0,2023-01
A00415,2023-01-31,0.0,21265.66,True,False,,,Dixon Inc,E -Commerce,29.0,North America,2.0,13067.44,Negotiation,Analytics,2.5147516549373043,38.41800408414185,5.0,2023-01
A00417,2023-01-31,0.0,28224.08,True,False,,,"Mullen, Brewer and Hernandez",FinTech,17.0,Asia,58.0,9411.96,Closed -Lost,Core,2.5656480106717967,27.623407263191034,3.0,2023-01
A00418,2023-01-31,0.0,34459.03,True,False,,,Thomas and Sons,MarTech,7.0,North America,8.0,16600.36,Closed -Won,Core,12.468904534828862,2.5531651475959056,1.0,2023-01
A00419,2023-01-31,0.0,15277.87,True,False,,,Morrison Ltd,SMB SaaS,16.0,Europe,18.0,16420.16,Closed -Won,Analytics,10.34756944141368,2.6163104662513543,0.0,2023-01
A00420,2023-01-31,0.0,8806.41,True,False,,,Thompson Ltd,MarTech,28.0,LATAM,30.0,27300.53,Negotiation,Automation,3.042613115621147,22.6275010497871,5.0,2023-01
A00422,2023-01-31,0.0,9910.33,True,False,,,"Cole, Glass and Cunningham",EdTech,21.0,LATAM,41.0,16848.87,Closed -Won,Core,15.57865594385697,2.610794775886829,1.0,2023-01
A00423,2023-01-31,0.0,10561.23,True,False,,,"Downs, Morris and Maddox",Logistics,29.0,Asia,46.0,14261.91,Closed -Won,Automation,10.767115528701265,3.2595886124323865,0.0,2023-01
A00425,2023-01-31,0.0,14949.43,True,False,,,Welch-Hogan,E -Commerce,25.0,Asia,25.0,14447.37,Closed -Won,Automation,2.722439694865069,26.4192284692421,6.0,2023-01
A00426,2023-01-31,0.0,17519.58,True,False,,,"Brown, Romero and Collins",Logistics,26.0,LATAM,12.0,14245.32,Closed -Won,Core,2.307870590545873,29.305182982455193,3.0,2023-01
A00427,2023-01-31,0.0,18263.86,True,False,,,Johnson-Wood,E -Commerce,21.0,Asia,51.0,12466.86,Closed -Lost,Core,10.558868287403808,2.3247330358220677,2.0,2023-01
A00429,2023-01-31,36825.52,36825.52,False,True,,,Gilbert PLC,CyberSecurity,20.0,LATAM,2.0,11417.11,Closed -Won,Core,12.496761591177403,2.5514019908583156,0.0,2023-01
A00431,2023-01-31,0.0,10580.2,True,False,,,"Huang, Cole and Pacheco",Logistics,24.0,Asia,5.0,22686.02,Closed -Won,Core,12.023379566333178,3.2933308258074465,0.0,2023-01
A00432,2023-01-31,0.0,25337.64,True,False,,,"Lopez, Jacobs and Mason",HealthTech,29.0,North America,44.0,14536.43,Closed -Won,Analytics,11.19752941327402,2.513766828090123,0.0,2023-01
A00433,2023-01-31,0.0,24282.99,True,False,,,Hayes LLC,CyberSecurity,13.0,Asia,49.0,18546.53,Closed -Won,Premium Support,10.058225899287763,3.913139872135604,0.0,2023-01
A00435,2023-01-31,0.0,24557.56,True,False,,,"Kim, Gonzales and Mills",E -Commerce,18.0,Asia,26.0,18073.47,Closed -Won,Core,12.919475406647226,1.695239548879008,1.0,2023-01
A00436,2023-01-31,0.0,1045.31,True,False,,,Cox LLC,E -Commerce,12.0,LATAM,8.0,14300.94,Closed -Won,Core,7.393323652779005,1.2013228647823364,0.0,2023-01
A00437,2023-01-31,0.0,7116.86,True,False,,,Ortiz-Morgan,EdTech,16.0,Asia,34.0,4657.62,Negotiation,Premium Support,12.130157577215943,2.2388910580778623,2.0,2023-01
A00438,2023-01-31,0.0,5853.81,True,False,,,"Williams, Mccoy and Cook",SMB SaaS,16.0,Europe,55.0,14876.3,Negotiation,Analytics,16.744135141454795,1.9697494115221252,1.0,2023-01
A00439,2023-01-31,0.0,7487.56,True,False,,,Davis-Gregory,SMB SaaS,15.0,North America,5.0,10993.9,Negotiation,Analytics,11.71592410022787,3.186139034877277,1.0,2023-01
A00440,2023-01-31,0.0,25704.91,True,False,,,King-York,FinTech,18.0,North America,24.0,13799.57,Negotiation,Automation,18.493231634400885,1.0713811836451508,2.0,2023-01
A00441,2023-01-31,0.0,12801.92,True,False,,,"Marks, Cook and Aguilar",HealthTech,21.0,Europe,58.0,17753.15,Closed -Won,Core,11.430013835115233,4.020902000460978,3.0,2023-01
A00442,2023-01-31,0.0,27828.5,True,False,,,Rangel LLC,HealthTech,26.0,North America,18.0,22265.59,Closed -Won,Analytics,15.510224167449365,3.274776941714994,0.0,2023-01
A00443,2023-01-31,0.0,38970.63,True,False,,,"Hale, Myers and Larson",SMB SaaS,15.0,Europe,8.0,9366.47,Negotiation,Automation,17.109915753773034,1.7964763697428558,3.0,2023-01
A00444,2023-01-31,0.0,37678.51,True,False,,,Collins Group,E -Commerce,31.0,North America,29.0,14044.2,Negotiation,Analytics,15.3505819169343,3.7978208976376195,4.0,2023-01
A00446,2023-01-31,0.0,13215.22,True,False,,,"Osborn, Gaines and Davis",Logistics,27.0,LATAM,40.0,15195.56,Closed -Won,Premium Support,11.172594269235306,2.205589789915228,0.0,2023-01
A00447,2023-01-31,0.0,15272.3,True,False,,,"Henderson, Cox and Cox",Logistics,9.0,Asia,19.0,15221.98,Closed -Won,Core,4.626989874539191,32.08262426738407,2.0,2023-01
A00448,2023-01-31,0.0,42644.08,True,False,,,Bean LLC,FinTech,11.0,North America,57.0,17253.23,Closed -Won,Automation,11.586165631004068,3.84656925630141,1.0,2023-01
A00449,2023-01-31,0.0,9374.1,True,False,,,Lee-Cooke,HealthTech,19.0,LATAM,31.0,13249.07,Closed -Won,Core,16.927029541706613,0.3526131869190221,2.0,2023-01
A00450,2023-01-31,0.0,30887.95,True,False,,,Jones Inc,MarTech,16.0,LATAM,17.0,14205.95,Closed -Won,Premium Support,2.5443735725735057,25.133563617491617,4.0,2023-01
A00451,2023-01-31,0.0,21155.24,True,False,,,"Wise, Conley and Stephenson",EdTech,20.0,LATAM,57.0,16576.95,On -Hold,Core,14.424311957657453,1.3652868929387965,0.0,2023-01
A00452,2023-01-31,0.0,1547.38,True,False,,,Stanley PLC,CyberSecurity,10.0,North America,55.0,12204.75,Closed -Won,Core,9.841678168937145,3.3223236746761615,0.0,2023-01
A00453,2023-01-31,0.0,12459.73,True,False,,,Harper and Sons,HealthTech,20.0,LATAM,30.0,12635.58,Closed -Won,API,12.175197275862505,2.9548448860788854,1.0,2023-01
A00456,2023-01-31,0.0,1646.95,True,False,,,Diaz-Ball,HealthTech,13.0,Europe,33.0,11088.7,Closed -Won,API,14.279592739147647,1.884586275288851,0.0,2023-01
A00457,2023-01-31,0.0,44385.5,True,False,,,Bishop-Goodwin,HealthTech,16.0,Asia,9.0,10620.61,Closed -Won,Premium Support,3.116521456533069,20.69626482207859,4.0,2023-01
A00458,2023-01-31,0.0,11261.95,True,False,,,Young-Allen,HealthTech,21.0,North America,38.0,14825.63,Closed -Won,Analytics,3.8052373587381796,18.95187689721064,7.0,2023-01
A00460,2023-01-31,0.0,41600.21,True,False,,,"Valentine, Joyce and Murray",MarTech,29.0,Asia,7.0,16569.77,Closed -Won,Core,14.548187256632923,1.233627379228294,2.0,2023-01
A00461,2023-01-31,0.0,4989.42,True,False,,,Strickland-Shaw,MarTech,17.0,Asia,43.0,11191.16,On -Hold,Core,10.911233290978897,2.4703717143269905,0.0,2023-01
A00462,2023-01-31,0.0,21734.55,True,False,,,Burch-Montoya,MarTech,26.0,Europe,9.0,21193.32,Closed -Won,Core,17.235267579267763,2.7402743074915508,1.0,2023-01
A00463,2023-01-31,0.0,8598.01,True,False,,,"Taylor, Wright and Davidson",CyberSecurity,32.0,North America,45.0,12994.68,Negotiation,Premium Support,2.4228106766278996,32.16829134994473,7.0,2023-01
A00466,2023-01-31,0.0,35135.29,True,False,,,Cole-Palmer,CyberSecurity,15.0,North America,58.0,16064.5,Negotiation,Core,13.77090650170485,2.127546009583492,1.0,2023-01
A00467,2023-01-31,0.0,14611.64,True,False,,,Davis-Lozano,CyberSecurity,16.0,LATAM,10.0,13537.45,Closed -Won,Core,9.02584484949441,2.3745748825636097,1.0,2023-01
A00468,2023-01-31,0.0,26152.97,True,False,,,Wilkerson-Arias,CyberSecurity,25.0,Europe,36.0,13805.32,Closed -Won,Analytics,10.8157103018317,2.2873610380374445,1.0,2023-01
A00469,2023-01-31,0.0,9343.67,True,False,,,Brown-Shaw,HealthTech,24.0,Asia,11.0,20529.03,Negotiation,Core,17.173126111593845,3.613271629288849,1.0,2023-01
A00470,2023-01-31,0.0,22254.56,True,False,,,Hughes Inc,SMB SaaS,22.0,LATAM,56.0,14281.85,Closed -Won,Automation,14.251653043533748,2.369556250000332,2.0,2023-01
A00471,2023-01-31,0.0,15653.86,True,False,,,Walker-Flores,HealthTech,12.0,LATAM,44.0,18771.54,Closed -Won,Automation,8.955296592909676,1.6960978650786491,1.0,2023-01
A00472,2023-01-31,0.0,10215.75,True,False,,,Combs Ltd,MarTech,8.0,Asia,48.0,15189.04,Closed -Won,API,0.8361551027046823,30.033517325829035,1.0,2023-01
A00475,2023-01-31,0.0,16087.01,True,False,,,Blake Group,HealthTech,32.0,LATAM,38.0,14527.29,Closed -Won,Analytics,10.565381823098463,2.7188075711629787,1.0,2023-01
A00477,2023-01-31,0.0,12749.56,True,False,,,Scott and Sons,FinTech,32.0,Asia,50.0,11965.97,Closed -Won,Core,2.347845628483546,32.48014628139253,4.0,2023-01
A00478,2023-01-31,0.0,22730.11,True,False,,,"Bentley, Lynch and Henderson",HealthTech,20.0,Europe,2.0,17316.13,Closed -Won,Core,11.487403776681528,3.2752645386206236,4.0,2023-01
A00483,2023-01-31,0.0,13304.54,True,False,,,"Andrews, Higgins and Carter",SMB SaaS,34.0,North America,15.0,20354.36,Closed -Won,Core,18.588060362320444,3.4135311658464103,1.0,2023-01
A00485,2023-01-31,0.0,11780.18,True,False,,,"Butler, Beck and Miller",MarTech,24.0,Europe,28.0,17096.03,Closed -Won,API,14.796008496065463,1.1132743671673566,0.0,2023-01
A00486,2023-01-31,0.0,6049.43,True,False,,,Jones-Fox,MarTech,14.0,LATAM,14.0,19496.79,Closed -Won,Core,15.463353937256645,1.2432091970301238,0.0,2023-01
A00487,2023-01-31,0.0,23049.69,True,False,,,"Hartman, Romero and Smith",HealthTech,25.0,LATAM,20.0,12696.8,Closed -Won,Core,11.356653250398677,0.0,1.0,2023-01
A00488,2023-01-31,0.0,20302.88,True,False,,,Williams-Hughes,HealthTech,23.0,Asia,32.0,12411.68,Closed -Won,API,16.09277915566476,2.63351347388492,1.0,2023-01
A00491,2023-01-31,0.0,19912.32,True,False,,,"Fuller, Ingram and Moss",MarTech,9.0,LATAM,56.0,24129.63,Closed -Won,Analytics,8.481213522241374,2.675430471276776,2.0,2023-01
A00492,2023-01-31,0.0,5297.18,True,False,,,Anderson-Bell,MarTech,32.0,Asia,52.0,12038.23,Closed -Won,Analytics,15.004928270686623,1.845933141772686,0.0,2023-01
A00493,2023-01-31,0.0,15412.47,True,False,,,Li-Thompson,HealthTech,27.0,North America,45.0,17590.49,Closed -Won,Core,12.763679981919184,1.4357225380898562,2.0,2023-01
A00494,2023-01-31,0.0,10622.39,True,False,,,"Marshall, Dominguez and Welch",EdTech,34.0,Asia,36.0,13078.75,Closed -Won,Automation,17.449111348903465,1.1746352039092351,1.0,2023-01
A00496,2023-01-31,0.0,44313.7,True,False,,,Carter Inc,Logistics,12.0,North America,25.0,14064.61,Closed -Won,Core,17.747688601160355,1.0221737461035514,1.0,2023-01
A00497,2023-01-31,0.0,25243.03,True,False,,,Blackwell LLC,HealthTech,27.0,Asia,8.0,14077.05,Closed -Won,Automation,15.522838295099156,3.755954065008587,0.0,2023-01
A00498,2023-01-31,0.0,4969.01,True,False,,,Robertson-Hays,SMB SaaS,9.0,Asia,23.0,15345.69,Closed -Won,Analytics,13.617474622855529,0.6976284469343992,0.0,2023-01
A00499,2023-01-31,0.0,19129.15,True,False,,,"Kennedy, Johnson and Lucas",E -Commerce,34.0,Asia,55.0,16674.86,Closed -Lost,Premium Support,16.363007928842883,1.802946723110777,2.0,2023-01
A00500,2023-01-31,0.0,10673.71,True,False,,,Kelly-Norman,Logistics,29.0,LATAM,26.0,15930.29,Negotiation,Core,16.382175393581363,0.06378158656912603,1.0,2023-01
A00501,2023-01-31,0.0,24327.45,True,False,,,"Rivera, Martinez and Richardson",CyberSecurity,26.0,LATAM,7.0,19860.23,Closed -Won,Analytics,15.415730013473642,2.296554861298065,1.0,2023-01
A00502,2023-01-31,0.0,27060.86,True,False,,,Paul-Kline,EdTech,35.0,LATAM,39.0,22512.94,Closed -Won,API,6.069966402278915,16.259463298504212,3.0,2023-01
A00504,2023-01-31,0.0,11877.54,True,False,,,"Jimenez, Glass and Stone",EdTech,31.0,LATAM,52.0,13031.08,Closed -Won,Automation,18.15231753951777,1.067216733969946,0.0,2023-01
A00505,2023-01-31,0.0,19877.41,True,False,,,Acosta Inc,FinTech,9.0,Europe,17.0,14202.33,Negotiation,API,2.649749723862556,30.060465123115595,5.0,2023-01
A00506,2023-01-31,0.0,9729.14,True,False,,,Morrison-Short,EdTech,6.0,Asia,27.0,14078.2,Closed -Won,Automation,16.64738345019742,1.4555391099857622,2.0,2023-01
A00507,2023-01-31,0.0,27588.63,True,False,,,"Carter, Garcia and Murphy",EdTech,34.0,Europe,32.0,12634.33,Closed -Lost,Core,16.119357970339006,1.8631321106333307,0.0,2023-01
A00509,2023-01-31,0.0,11510.83,True,False,,,Jackson-Wallace,FinTech,18.0,LATAM,16.0,9609.3,Closed -Won,Analytics,8.014305118649826,2.172177215892569,2.0,2023-01
A00511,2023-01-31,0.0,18470.75,True,False,,,Mendez-Graham,E -Commerce,24.0,LATAM,59.0,17999.44,Closed -Won,Core,20.234045130899034,1.535535224319505,0.0,2023-01
A00512,2023-01-31,0.0,30995.42,True,False,,,"Whitney, Gould and Jones",MarTech,30.0,North America,45.0,16301.42,Closed -Won,Core,11.410168123371935,1.2155644903252378,0.0,2023-01
A00513,2023-01-31,0.0,26329.08,True,False,,,"Sullivan, Palmer and Brady",SMB SaaS,31.0,Europe,50.0,14031.85,Closed -Won,Core,11.617227966202188,1.9770422865513522,1.0,2023-01
A00514,2023-01-31,0.0,5961.96,True,False,,,Cisneros and Sons,HealthTech,23.0,Europe,49.0,12979.57,Closed -Won,Core,11.007252769070519,4.503926004852224,1.0,2023-01
A00515,2023-01-31,0.0,21378.21,True,False,,,"Gregory, Kim and Martinez",MarTech,25.0,Europe,57.0,9510.41,Closed -Won,Core,17.644353429648557,1.7125723051060395,1.0,2023-01
A00516,2023-01-31,0.0,22935.42,True,False,,,Osborne LLC,Logistics,21.0,Asia,7.0,12394.17,Closed -Won,API,13.271252865124682,2.3614378033648222,1.0,2023-01
A00517,2023-01-31,0.0,13432.76,True,False,,,Reyes-Bradley,CyberSecurity,19.0,Asia,53.0,12071.96,Closed -Won,Analytics,12.122281313152584,1.17160148490946,2.0,2023-01
A00518,2023-01-31,0.0,16136.55,True,False,,,"Hernandez, Cole and Watson",MarTech,22.0,LATAM,4.0,9342.69,Closed -Lost,Core,18.24042205158605,0.0,2.0,2023-01
A00520,2023-01-31,0.0,17375.77,True,False,,,"Richardson, Edwards and Ramirez",FinTech,13.0,North America,36.0,12044.49,Negotiation,Core,11.242129274869221,4.380709527353762,2.0,2023-01
A00521,2023-01-31,0.0,2356.05,True,False,,,Johnson and Sons,FinTech,20.0,Asia,22.0,15161.94,Closed -Won,Analytics,10.329248266814659,2.595390294724766,0.0,2023-01
A00522,2023-01-31,0.0,8338.76,True,False,,,Holmes-Mcintyre,HealthTech,24.0,Asia,9.0,9082.98,Closed -Lost,Premium Support,17.47450989463992,3.6409242010534517,0.0,2023-01
A00523,2023-01-31,0.0,11357.81,True,False,,,Green LLC,Logistics,23.0,Europe,12.0,17350.3,Closed -Won,Automation,14.050364491225148,1.6522777650680243,1.0,2023-01
A00524,2023-01-31,0.0,8529.78,True,False,,,"Griffin, Davies and Mitchell",CyberSecurity,6.0,Asia,49.0,16717.09,Closed -Won,Analytics,9.352807940431662,0.0,0.0,2023-01
A00525,2023-01-31,0.0,27459.73,True,False,,,Gonzalez-Taylor,MarTech,14.0,Asia,19.0,12946.42,On -Hold,Analytics,8.650652939319354,0.8912909965375546,1.0,2023-01
A00526,2023-01-31,0.0,20830.03,True,False,,,Hayes Ltd,Logistics,25.0,LATAM,19.0,20493.57,Negotiation,Core,10.651883854400724,2.3970247610441686,0.0,2023-01
A00528,2023-01-31,0.0,20525.09,True,False,,,Contreras-Mckinney,HealthTech,28.0,North America,9.0,15542.98,Negotiation,Core,0.08257880738484369,14.480621159216767,4.0,2023-01
A00529,2023-01-31,0.0,28860.21,True,False,,,"Daniels, Vance and York",MarTech,35.0,Asia,55.0,8752.08,Closed -Won,Analytics,10.701479040054512,1.4697509875636812,0.0,2023-01
A00531,2023-01-31,0.0,19618.03,True,False,,,Hicks-Martinez,E -Commerce,23.0,North America,36.0,12396.44,Closed -Won,Automation,12.611956134846288,1.4986533259990384,1.0,2023-01
A00533,2023-01-31,0.0,6474.89,True,False,,,Johnson-Spencer,HealthTech,17.0,Asia,10.0,18854.71,Closed -Won,API,13.199470183705179,2.1953281650326035,1.0,2023-01
A00534,2023-01-31,0.0,20577.59,True,False,,,Mcdonald-Bird,Logistics,30.0,Europe,17.0,12719.24,Negotiation,API,0.0,28.011982527497672,4.0,2023-01
A00535,2023-01-31,0.0,10474.11,True,False,,,Salazar Inc,FinTech,20.0,Europe,35.0,15681.33,Negotiation,Analytics,8.735925068703402,19.3552331062146,7.0,2023-01
A00536,2023-01-31,0.0,38348.03,True,False,,,Parker Ltd,HealthTech,27.0,LATAM,10.0,18427.05,Closed -Won,Automation,4.053846037075006,26.062475675570912,8.0,2023-01
A00537,2023-01-31,0.0,6124.67,True,False,,,"Mendoza, Jenkins and Ortiz",E -Commerce,9.0,Europe,27.0,13640.13,Closed -Won,API,15.200458891660125,3.873621782697747,0.0,2023-01
A00538,2023-01-31,0.0,15565.84,True,False,,,"Jones, Compton and Day",FinTech,9.0,Asia,7.0,9151.33,Closed -Won,API,14.8418446308552,3.112447863266178,0.0,2023-01
A00542,2023-01-31,0.0,88508.32,True,False,,,"Bartlett, Brown and Martinez",EdTech,25.0,Asia,4.0,18838.45,Closed -Won,Core,10.754834045879807,3.0964942157586206,0.0,2023-01
A00543,2023-01-31,0.0,28540.84,True,False,,,Torres and Sons,FinTech,22.0,LATAM,12.0,19167.49,Closed -Won,API,15.110666558567491,2.9047672604499444,0.0,2023-01
A00544,2023-01-31,0.0,21038.3,True,False,,,Donovan-Perez,E -Commerce,14.0,Asia,11.0,17484.62,Closed -Won,Premium Support,11.624789580020838,2.137248976682552,2.0,2023-01
A00547,2023-01-31,0.0,8048.25,True,False,,,"Ferguson, Shaw and Jackson",E -Commerce,20.0,Asia,26.0,16402.06,Closed -Won,Core,10.676661655748063,2.8674004443785024,0.0,2023-01
A00548,2023-01-31,0.0,19890.95,True,False,,,"Moore, Hopkins and Le",HealthTech,10.0,North America,35.0,15261.25,Closed -Won,Core,15.031722687470381,3.18613511496591,0.0,2023-01
A00549,2023-01-31,0.0,55737.95,True,False,,,"Morgan, Bradshaw and Williams",FinTech,8.0,Asia,31.0,15561.36,Closed -Won,Core,16.993007340794076,1.3209075715088052,0.0,2023-01
A00550,2023-01-31,0.0,34135.12,True,False,,,Miller Ltd,Logistics,10.0,LATAM,41.0,21763.63,Closed -Won,Core,15.507933046259039,1.237400399260377,2.0,2023-01
A00551,2023-01-31,0.0,12783.02,True,False,,,"Baker, Clark and Armstrong",HealthTech,9.0,North America,48.0,18670.36,Closed -Won,Core,16.562352003605653,3.241061925008803,2.0,2023-01
A00553,2023-01-31,0.0,58162.99,True,False,,,May-Turner,FinTech,22.0,North America,49.0,12055.36,Closed -Won,Core,14.517488297096996,3.779060207856382,0.0,2023-01
A00555,2023-01-31,0.0,11665.5,True,False,,,Evans-Jones,SMB SaaS,19.0,Europe,59.0,16849.75,Closed -Lost,Automation,16.43900542615039,1.6134382931333504,1.0,2023-01
A00557,2023-01-31,0.0,17781.23,True,False,,,Marshall-Peterson,FinTech,6.0,LATAM,44.0,4056.55,Closed -Won,Automation,13.810652926010675,1.6133682656359802,1.0,2023-01
A00559,2023-01-31,0.0,17269.26,True,False,,,Gross-Valencia,HealthTech,35.0,Europe,47.0,18389.36,Closed -Won,Core,18.77421743516671,2.885810139575387,2.0,2023-01
A00561,2023-01-31,0.0,36900.35,True,False,,,"Rodriguez, Allen and Martinez",SMB SaaS,12.0,North America,32.0,17316.37,Closed -Lost,Automation,14.227057611097907,2.184519740694063,0.0,2023-01
A00562,2023-01-31,13726.43,13726.43,False,True,,,Wright-Davis,CyberSecurity,15.0,LATAM,3.0,16774.71,Closed -Won,API,15.452677723258684,1.543645501691637,0.0,2023-01
A00564,2023-01-31,0.0,13213.43,True,False,,,Wright-Grimes,Logistics,12.0,North America,11.0,18599.59,Closed -Won,Analytics,11.538979031770715,1.574303208429726,0.0,2023-01
A00565,2023-01-31,0.0,13345.63,True,False,,,Li PLC,HealthTech,20.0,LATAM,53.0,14681.96,Negotiation,Premium Support,15.133896726570566,3.4665965131829597,0.0,2023-01
A00566,2023-01-31,0.0,12556.2,True,False,,,"Edwards, Hines and Jimenez",CyberSecurity,29.0,North America,14.0,14406.2,Closed -Won,Automation,13.883734969933036,3.0022737237986012,1.0,2023-01
A00567,2023-01-31,0.0,15075.58,True,False,,,"Owens, Koch and Jimenez",E -Commerce,27.0,Asia,14.0,10401.67,Closed -Won,Core,19.52674926942349,1.90847693314279,1.0,2023-01
A00568,2023-01-31,0.0,3223.39,True,False,,,Landry PLC,EdTech,34.0,North America,15.0,20190.41,Closed -Won,Core,16.365345650877128,1.073525043228729,0.0,2023-01
A00570,2023-01-31,0.0,12139.74,True,False,,,Williams-Campbell,FinTech,20.0,Asia,34.0,10185.92,Negotiation,Core,16.187180657571126,2.136684135544301,3.0,2023-01
A00571,2023-01-31,0.0,28510.33,True,False,,,"Khan, Pena and Ruiz",SMB SaaS,17.0,North America,56.0,15566.06,Closed -Won,Analytics,2.5810213440754444,28.095296632758444,1.0,2023-01
A00572,2023-01-31,0.0,15808.39,True,False,,,"Smith, Rodriguez and Anderson",HealthTech,7.0,Asia,25.0,11078.62,Closed -Won,API,17.92827890583654,3.5496527197189582,0.0,2023-01
A00573,2023-01-31,0.0,22962.42,True,False,,,Luna-Gallagher,EdTech,17.0,Europe,17.0,23271.94,Closed -Won,Analytics,3.6993678498335916,36.03722593297447,1.0,2023-01
A00574,2023-01-31,0.0,5617.17,True,False,,,Williams-Williams,E -Commerce,13.0,Asia,3.0,11047.88,Closed -Won,Automation,14.566028445078572,1.6810730986704652,1.0,2023-01
A00575,2023-01-31,9068.54,9068.54,False,True,,,"Lee, Tran and Jones",CyberSecurity,20.0,Asia,1.0,18172.71,Closed -Won,Core,13.702719052722523,1.7692410516242354,0.0,2023-01
A00577,2023-01-31,0.0,2778.07,True,False,,,"Becker, Wilson and Hester",E -Commerce,28.0,Europe,55.0,17862.69,Negotiation,Core,11.344403152988152,2.3157353654259483,1.0,2023-01
A00580,2023-01-31,0.0,7386.21,True,False,,,"Morales, Williams and Williams",MarTech,8.0,North America,6.0,20421.16,Negotiation,Analytics,17.855670850765385,1.2955645205983362,1.0,2023-01
A00581,2023-01-31,0.0,8802.43,True,False,,,"Cook, Wells and Bryant",Logistics,9.0,North America,6.0,9003.47,Closed -Won,Premium Support,13.969922444039659,1.4129297966960563,0.0,2023-01
A00582,2023-01-31,0.0,42655.42,True,False,,,"Barry, Taylor and Velazquez",Logistics,34.0,Europe,50.0,19390.35,On -Hold,Core,12.764481475255595,1.1610855359841854,0.0,2023-01
A00583,2023-01-31,0.0,5476.79,True,False,,,Martin-Ewing,SMB SaaS,31.0,North America,7.0,16964.39,Closed -Won,Automation,16.367883133832112,2.2472141776199717,1.0,2023-01
A00584,2023-01-31,0.0,14296.53,True,False,,,"Kirby, Wheeler and Romero",SMB SaaS,23.0,Europe,4.0,22560.03,Closed -Won,Analytics,2.005286539249129,34.56517817655889,2.0,2023-01
A00585,2023-01-31,0.0,9366.82,True,False,,,"Patel, Erickson and Evans",Logistics,15.0,North America,24.0,16713.47,Closed -Won,Analytics,17.254953605251877,2.048008138208116,1.0,2023-01
A00586,2023-01-31,0.0,11045.31,True,False,,,Richardson Ltd,HealthTech,21.0,Asia,55.0,15608.75,Closed -Won,API,17.24852599224111,4.353788076462314,1.0,2023-01
A00587,2023-01-31,0.0,4386.61,True,False,,,Whitney PLC,Logistics,22.0,Asia,41.0,17735.15,Negotiation,Core,17.771836703403224,1.8444388189008025,0.0,2023-01
A00588,2023-01-31,0.0,9597.62,True,False,,,Robles-Swanson,CyberSecurity,31.0,North America,6.0,10040.21,Closed -Won,API,1.597399551636214,28.410820982076913,0.0,2023-01
A00589,2023-01-31,0.0,24082.9,True,False,,,"Soto, Carlson and Baker",EdTech,21.0,LATAM,50.0,11737.4,Closed -Won,Core,12.540510852206701,2.718749599335979,1.0,2023-01
A00590,2023-01-31,0.0,14186.18,True,False,,,"Patton, Parsons and Lane",CyberSecurity,6.0,LATAM,50.0,15277.41,Closed -Won,API,14.327563178916087,1.9371433756357261,2.0,2023-01
A00591,2023-01-31,0.0,20130.34,True,False,,,"Williams, Castillo and Warren",EdTech,26.0,LATAM,48.0,12905.25,Closed -Won,API,5.7862601916990695,21.67166365236927,2.0,2023-01
A00592,2023-01-31,0.0,6044.83,True,False,,,"Harvey, Randall and Hernandez",E -Commerce,29.0,Asia,54.0,12553.89,Closed -Won,Core,12.319575064436371,2.0206981902624257,0.0,2023-01
A00594,2023-01-31,0.0,14908.61,True,False,,,Smith LLC,HealthTech,9.0,LATAM,58.0,22175.88,Negotiation,API,15.74025250270563,1.4134832106518629,1.0,2023-01
A00595,2023-01-31,0.0,11239.9,True,False,,,Hernandez-Vaughn,EdTech,10.0,North America,19.0,4834.1,Closed -Won,Core,11.323331134033985,1.505788690420176,0.0,2023-01
A00596,2023-01-31,0.0,12485.77,True,False,,,Shaw-Carr,Logistics,31.0,North America,48.0,15160.35,Negotiation,API,1.7693780527365166,21.21659879873818,1.0,2023-01
A00598,2023-01-31,0.0,15884.8,True,False,,,Thornton PLC,SMB SaaS,21.0,Asia,46.0,19602.49,Closed -Lost,Core,10.717690871450042,3.4960727897653245,0.0,2023-01
A00599,2023-01-31,0.0,36897.26,True,False,,,Hoffman Ltd,FinTech,34.0,Europe,38.0,15890.24,Closed -Lost,Analytics,3.399538669311587,40.1154148926701,1.0,2023-01
A00601,2023-01-31,0.0,16369.28,True,False,,,Stevens PLC,Logistics,12.0,North America,37.0,11554.45,Closed -Won,Premium Support,4.735879716050528,24.338554111380724,4.0,2023-01
A00605,2023-01-31,0.0,2734.03,True,False,,,"Evans, David and Hendrix",MarTech,27.0,North America,49.0,14630.41,Closed -Won,API,15.670748458292199,1.573560205565775,0.0,2023-01
A00606,2023-01-31,0.0,2398.1,True,False,,,Bush-Vaughn,EdTech,10.0,Asia,32.0,19747.85,On -Hold,Core,14.987125363432778,4.290724229816844,1.0,2023-01
A00609,2023-01-31,0.0,15738.58,True,False,,,Huang-Foster,CyberSecurity,30.0,Europe,58.0,15215.68,Closed -Won,Core,11.775205980420806,1.8215870696398668,1.0,2023-01
A00610,2023-01-31,0.0,16010.67,True,False,,,Blevins-Ballard,MarTech,19.0,LATAM,51.0,8669.86,Closed -Won,Analytics,16.19587618793633,4.196692756330447,1.0,2023-01
A00612,2023-01-31,0.0,32903.67,True,False,,,Reed Group,SMB SaaS,32.0,Europe,28.0,19844.36,Closed -Won,Premium Support,13.380882715012907,3.165088787327389,1.0,2023-01
A00613,2023-01-31,0.0,7673.91,True,False,,,"Scott, Mendoza and Harris",HealthTech,22.0,North America,47.0,11954.6,Closed -Won,Analytics,4.623997025570349,30.24946036165419,3.0,2023-01
A00614,2023-01-31,0.0,9040.99,True,False,,,"Nelson, Hoffman and Nelson",FinTech,25.0,North America,23.0,20735.5,Closed -Won,API,15.429638927715999,2.4043099616641603,3.0,2023-01
A00616,2023-01-31,0.0,5271.75,True,False,,,Sanchez Ltd,MarTech,24.0,Asia,38.0,15537.19,Closed -Lost,Premium Support,5.301169553986052,27.968378586833985,6.0,2023-01
A00617,2023-01-31,0.0,12539.99,True,False,,,"Perez, Hall and Garcia",E -Commerce,23.0,Asia,15.0,18322.31,Negotiation,Analytics,17.443157120315533,0.0,1.0,2023-01
A00619,2023-01-31,0.0,21143.01,True,False,,,Smith PLC,FinTech,29.0,North America,4.0,12942.91,Closed -Won,API,14.055345736160628,1.5111608896557156,2.0,2023-01
A00621,2023-01-31,0.0,4606.21,True,False,,,Santos-Avila,E -Commerce,27.0,North America,26.0,14927.23,Closed -Lost,Core,17.830264444738997,2.351697767915665,0.0,2023-01
A00622,2023-01-31,0.0,10232.11,True,False,,,Morris-Brewer,Logistics,34.0,Europe,29.0,16513.45,On -Hold,Core,1.5518408762503586,38.10673536475452,4.0,2023-01
A00623,2023-01-31,0.0,9296.6,True,False,,,Pearson and Sons,E -Commerce,23.0,LATAM,10.0,15772.67,Closed -Won,Analytics,3.9405359344631656,19.783929641916206,7.0,2023-01
A00624,2023-01-31,0.0,23934.21,True,False,,,"Rodgers, Jefferson and Johnson",MarTech,9.0,Europe,25.0,12079.5,Closed -Won,Core,10.460307905711744,0.0,1.0,2023-01
A00625,2023-01-31,0.0,39108.87,True,False,,,Butler and Sons,E -Commerce,22.0,North America,36.0,15597.89,Closed -Won,Automation,12.9592105854254,2.6148956162479973,0.0,2023-01
A00626,2023-01-31,0.0,32933.29,True,False,,,Osborn Group,SMB SaaS,21.0,Europe,14.0,9146.71,Closed -Won,Core,15.710458099849141,1.6563245143855159,1.0,2023-01
A00627,2023-01-31,0.0,14049.99,True,False,,,Lopez-Curry,MarTech,22.0,LATAM,20.0,15012.24,Closed -Won,Core,14.565907112239296,3.1650111872681763,1.0,2023-01
A00628,2023-01-31,0.0,28922.6,True,False,,,Mcdowell-Smith,SMB SaaS,14.0,LATAM,22.0,15473.61,Closed -Won,Core,4.0900685770694,26.114957219502884,7.0,2023-01
A00629,2023-01-31,0.0,29267.05,True,False,,,"Morrison, Hebert and Rogers",Logistics,24.0,Europe,30.0,11077.88,Negotiation,Analytics,14.635096278409435,2.602969037965607,1.0,2023-01
A00630,2023-01-31,0.0,44623.25,True,False,,,Hays-Daniels,EdTech,13.0,Europe,22.0,13872.18,Closed -Won,Core,16.27638869449448,1.7277572042917497,2.0,2023-01
A00631,2023-01-31,0.0,288.86,True,False,,,Small-Anderson,HealthTech,22.0,LATAM,44.0,12946.21,Closed -Won,Core,13.874422387804866,1.0873938078922087,0.0,2023-01
A00632,2023-01-31,0.0,11113.74,True,False,,,"Mcdonald, Lee and Rodriguez",Logistics,23.0,North America,20.0,13022.01,Closed -Won,Core,7.223691870961134,17.304447998209714,3.0,2023-01
A00633,2023-01-31,0.0,23133.38,True,False,,,Simon Ltd,HealthTech,25.0,Asia,26.0,18030.56,Closed -Won,Premium Support,11.039242376764705,0.2001077384690515,0.0,2023-01
A00634,2023-01-31,0.0,8649.75,True,False,,,Higgins-Smith,EdTech,29.0,Asia,23.0,16849.4,Closed -Won,Core,1.3518616608002274,22.716209209190577,3.0,2023-01
A00638,2023-01-31,0.0,9287.39,True,False,,,Morales Inc,CyberSecurity,32.0,Europe,18.0,8855.35,Closed -Lost,Core,12.767628462798378,2.5340489395039607,0.0,2023-01
A00639,2023-01-31,0.0,5976.53,True,False,,,Holden Group,SMB SaaS,13.0,LATAM,47.0,12377.84,Negotiation,Automation,14.023474382748388,1.9682065198247842,1.0,2023-01
A00641,2023-01-31,0.0,19112.11,True,False,,,Young-Molina,SMB SaaS,21.0,North America,40.0,13420.41,Closed -Won,Analytics,11.25788572227987,1.0525918377610743,1.0,2023-01
A00642,2023-01-31,0.0,35714.94,True,False,,,Turner-Sharp,FinTech,19.0,North America,55.0,13154.57,Negotiation,Analytics,15.315768276618915,1.6828070076352892,2.0,2023-01
A00644,2023-01-31,0.0,26575.28,True,False,,,"Young, Contreras and Marshall",HealthTech,6.0,North America,29.0,13861.33,Closed -Lost,Core,19.258125327249843,1.9371692578786888,3.0,2023-01
A00648,2023-01-31,0.0,9411.07,True,False,,,Mendoza Group,E -Commerce,15.0,Asia,32.0,12759.87,Closed -Won,Core,11.622413980120939,2.376256900282338,0.0,2023-01
A00650,2023-01-31,0.0,9941.73,True,False,,,Todd-Pham,MarTech,22.0,LATAM,51.0,11658.97,Closed -Won,Automation,26.453724191118802,2.327870881931,2.0,2023-01
A00651,2023-01-31,0.0,3868.87,True,False,,,Gill Ltd,MarTech,20.0,LATAM,29.0,11852.07,Closed -Won,API,17.584077395171093,2.7991267895980827,0.0,2023-01
A00653,2023-01-31,0.0,31104.74,True,False,,,"Cox, Stark and Rodriguez",MarTech,21.0,North America,12.0,9624.28,Closed -Won,Automation,0.6233078477647727,28.18094745694937,6.0,2023-01
A00654,2023-01-31,0.0,8452.75,True,False,,,"Leach, Harris and Herrera",EdTech,30.0,Asia,48.0,10982.6,Closed -Won,Premium Support,11.457508412869489,3.103076666789084,1.0,2023-01
A00655,2023-01-31,0.0,13131.87,True,False,,,Murphy PLC,Logistics,27.0,Europe,33.0,17078.5,Closed -Won,Core,4.190527022883461,19.211229938394595,1.0,2023-01
A00656,2023-01-31,0.0,29247.26,True,False,,,Wilson-Harris,Logistics,30.0,Europe,32.0,6320.25,Closed -Won,Core,0.868706531087025,35.58897270762161,3.0,2023-01
A00657,2023-01-31,0.0,40425.73,True,False,,,"Burns, Nolan and Griffin",Logistics,25.0,North America,46.0,9109.68,Closed -Won,Analytics,10.368244504580439,3.7043804799670172,2.0,2023-01
A00658,2023-01-31,0.0,27738.22,True,False,,,Chavez PLC,FinTech,32.0,Europe,38.0,14792.1,Closed -Won,API,3.2729839880114513,28.84787246171733,3.0,2023-01
A00660,2023-01-31,0.0,21573.42,True,False,,,Chambers-Parker,MarTech,7.0,Europe,18.0,13655.12,Closed -Won,Core,3.3573239653935767,32.04988536602363,3.0,2023-01
A00661,2023-01-31,0.0,22951.91,True,False,,,Foster Inc,MarTech,9.0,LATAM,11.0,16742.5,Closed -Lost,Analytics,5.936093057232124,15.05079610840553,5.0,2023-01
A00662,2023-01-31,0.0,21814.87,True,False,,,"Robinson, Jones and Henderson",SMB SaaS,35.0,North America,44.0,11557.55,Closed -Won,Automation,2.8803546375433715,30.34724195527709,4.0,2023-01
A00663,2023-01-31,0.0,9227.41,True,False,,,"Brown, Mcknight and Michael",Logistics,25.0,North America,3.0,21055.58,Closed -Won,Core,10.622850376405324,1.4067508076182853,2.0,2023-01
A00664,2023-01-31,0.0,25564.87,True,False,,,Andersen Group,FinTech,13.0,Asia,12.0,18643.93,On -Hold,Analytics,11.987807281947788,1.0816622522589538,1.0,2023-01
A00665,2023-01-31,0.0,30760.77,True,False,,,Mitchell and Sons,EdTech,31.0,Europe,36.0,11742.94,Closed -Won,Automation,12.138721381239643,2.4015765875220447,1.0,2023-01
A00667,2023-01-31,0.0,11082.62,True,False,,,"Stuart, Brooks and Vance",E -Commerce,23.0,Europe,30.0,7142.53,Closed -Won,Core,12.487369714098946,2.9332567682302586,1.0,2023-01
A00668,2023-01-31,0.0,20310.5,True,False,,,Kane-Knox,EdTech,13.0,LATAM,51.0,18718.58,Closed -Won,Core,10.756080630811283,1.6775799417296766,1.0,2023-01
A00670,2023-01-31,0.0,20602.25,True,False,,,"Anderson, Dalton and Wilson",Logistics,14.0,Europe,8.0,12845.48,Closed -Won,API,15.982913191900472,2.346650866838882,0.0,2023-01
A00672,2023-01-31,0.0,1404.53,True,False,,,Avila LLC,CyberSecurity,22.0,Asia,37.0,9494.23,Closed -Won,Analytics,13.110104707255998,1.8968772743525957,1.0,2023-01
A00673,2023-01-31,0.0,16505.33,True,False,,,Nunez-Stephens,CyberSecurity,6.0,North America,38.0,11668.18,Closed -Won,Core,19.56817964395011,1.800059862011736,2.0,2023-01
A00675,2023-01-31,0.0,30343.41,True,False,,,Hill Ltd,EdTech,23.0,Asia,37.0,13007.94,Closed -Won,Core,15.279913453385197,2.1396700822764214,2.0,2023-01
A00676,2023-01-31,0.0,20480.84,True,False,,,Johnson Ltd,HealthTech,17.0,Europe,43.0,18487.0,Closed -Won,API,14.316565802008654,1.27157720242301,2.0,2023-01
A00678,2023-01-31,0.0,20837.11,True,False,,,Allen Inc,E -Commerce,25.0,North America,5.0,11604.57,Closed -Won,Analytics,14.886400524072219,2.305903981281668,0.0,2023-01
A00679,2023-01-31,0.0,36339.52,True,False,,,Wheeler Group,MarTech,34.0,LATAM,31.0,13185.42,Closed -Won,API,12.70611356622875,2.428651215683275,1.0,2023-01
A00680,2023-01-31,0.0,29618.51,True,False,,,"Powers, Brennan and Sanchez",Logistics,31.0,Asia,56.0,13187.41,Closed -Won,Core,14.200292364418655,1.6868673556832157,1.0,2023-01
A00682,2023-01-31,0.0,10098.74,True,False,,,"Robinson, Shields and Brown",HealthTech,26.0,LATAM,9.0,20899.15,Closed -Won,API,13.724914453151529,3.250965117085132,0.0,2023-01
A00683,2023-01-31,0.0,12883.61,True,False,,,"Holder, Young and Hendricks",Logistics,24.0,Europe,57.0,15766.57,Closed -Won,Automation,10.042665634027948,3.0386046095271007,0.0,2023-01
A00685,2023-01-31,0.0,23052.78,True,False,,,Young-Walter,MarTech,29.0,LATAM,10.0,12380.68,Closed -Won,Premium Support,17.199300763592973,3.33958292331353,0.0,2023-01
A00686,2023-01-31,0.0,22068.08,True,False,,,"Boyd, Gutierrez and Hill",FinTech,10.0,Asia,48.0,13151.41,Closed -Won,Analytics,10.867432919390428,1.791024202666986,1.0,2023-01
A00687,2023-01-31,0.0,15621.01,True,False,,,"Fry, Hobbs and Buck",EdTech,17.0,North America,24.0,16694.07,Closed -Lost,Automation,13.09782310344874,2.1899870800271426,2.0,2023-01
A00688,2023-01-31,0.0,28148.43,True,False,,,"Shelton, Peters and Williams",SMB SaaS,30.0,North America,36.0,22208.67,Closed -Won,API,1.5147093209614204,28.243074363245714,4.0,2023-01
A00689,2023-01-31,0.0,8340.13,True,False,,,David-Powers,MarTech,32.0,Europe,27.0,18149.22,Closed -Lost,Analytics,10.530443598501254,3.6525387866290533,3.0,2023-01
A00690,2023-01-31,0.0,26614.3,True,False,,,"Flores, Butler and Hernandez",CyberSecurity,7.0,Europe,47.0,14591.69,Negotiation,Core,8.399611196713199,3.00286528504553,0.0,2023-01
A00691,2023-01-31,0.0,40919.42,True,False,,,White-Medina,FinTech,20.0,LATAM,59.0,11597.0,Closed -Won,Premium Support,11.988222044262992,2.241030498950559,0.0,2023-01
A00692,2023-01-31,0.0,33834.23,True,False,,,Atkinson LLC,CyberSecurity,13.0,LATAM,47.0,20684.02,Closed -Won,Premium Support,12.930792979246425,0.6243593136970016,1.0,2023-01
A00693,2023-01-31,0.0,26780.72,True,False,,,"Thomas, Ford and Brown",EdTech,11.0,North America,55.0,13812.99,Closed -Won,Analytics,9.676299999907943,0.0,1.0,2023-01
A00694,2023-01-31,0.0,9886.14,True,False,,,Faulkner-Grant,CyberSecurity,7.0,Europe,56.0,9317.99,Closed -Won,Core,14.530933292256437,2.8781589390245035,0.0,2023-01
A00695,2023-01-31,0.0,18628.45,True,False,,,Price LLC,SMB SaaS,22.0,LATAM,6.0,16430.63,Negotiation,Core,17.48856890994902,3.342030345744477,1.0,2023-01
A00697,2023-01-31,0.0,17961.74,True,False,,,Boone-Davis,FinTech,21.0,LATAM,43.0,17638.76,Negotiation,Automation,13.619943040523845,1.7302200352612702,1.0,2023-01
A00698,2023-01-31,0.0,22677.61,True,False,,,"Calderon, Williams and Bennett",MarTech,17.0,Europe,35.0,13424.2,Closed -Won,Analytics,8.47876491043641,1.4427341116145451,0.0,2023-01
A00700,2023-01-31,0.0,33089.74,True,False,,,"Ramsey, Hansen and Mendoza",MarTech,25.0,North America,6.0,4017.77,Closed -Won,Core,0.0,19.96181501542361,1.0,2023-01
A00701,2023-01-31,0.0,43516.78,True,False,,,Turner-Stout,FinTech,33.0,North America,31.0,19310.12,Closed -Won,API,15.273053327654061,2.2183731327536425,0.0,2023-01
A00702,2023-01-31,0.0,31988.85,True,False,,,Giles Ltd,CyberSecurity,16.0,North America,37.0,10283.56,Closed -Won,Automation,19.808308400907542,1.7708216886043309,2.0,2023-01
A00705,2023-01-31,0.0,12759.52,True,False,,,Sanders and Sons,FinTech,21.0,LATAM,8.0,14416.5,Closed -Won,Core,10.839636266570729,2.5479110814957853,1.0,2023-01
A00706,2023-01-31,0.0,17385.04,True,False,,,"Morris, Campbell and Owens",SMB SaaS,19.0,Asia,34.0,24185.0,Closed -Won,Core,15.458135204803463,0.9510217148278051,1.0,2023-01
A00707,2023-01-31,0.0,30709.85,True,False,,,"Howard, Green and Hunt",Logistics,30.0,LATAM,1.0,8100.33,Closed -Won,Automation,14.080777705244122,1.8425631280057586,1.0,2023-01
A00708,2023-01-31,0.0,27290.84,True,False,,,Owens-Lang,Logistics,7.0,LATAM,34.0,13467.69,Closed -Won,Automation,10.353091611203954,2.1486383844626733,0.0,2023-01
A00710,2023-01-31,0.0,18293.2,True,False,,,Edwards-Williams,EdTech,18.0,Europe,28.0,13227.86,Closed -Won,Core,12.936172952547814,1.7388181048389777,0.0,2023-01
A00711,2023-01-31,0.0,36445.0,True,False,,,Figueroa Inc,SMB SaaS,12.0,Asia,41.0,14986.69,Closed -Won,API,3.2691834589047586,25.26205249250904,3.0,2023-01
A00714,2023-01-31,0.0,12403.11,True,False,,,Hudson-Sanchez,HealthTech,22.0,LATAM,46.0,20602.7,Closed -Won,Core,12.118646347004864,2.6323098020916866,0.0,2023-01
A00717,2023-01-31,0.0,11784.09,True,False,,,Murray-Oconnor,HealthTech,18.0,North America,31.0,14206.34,Negotiation,API,14.127827671280107,1.9304569974669192,0.0,2023-01
A00718,2023-01-31,0.0,9844.92,True,False,,,Jackson-Cortez,SMB SaaS,26.0,Europe,30.0,8484.16,Closed -Won,Core,14.605871809587782,1.8071220401099068,2.0,2023-01
A00719,2023-01-31,0.0,5478.51,True,False,,,White-Preston,CyberSecurity,15.0,Europe,14.0,19350.63,Closed -Won,Core,14.540388331417434,3.1756003382308515,0.0,2023-01
A00720,2023-01-31,0.0,16726.51,True,False,,,"Bernard, Warren and Combs",SMB SaaS,15.0,LATAM,36.0,17227.13,Negotiation,Core,3.25423551472896,23.99022931114774,4.0,2023-01
A00721,2023-01-31,0.0,29910.05,True,False,,,Landry Ltd,Logistics,31.0,LATAM,9.0,17142.62,Closed -Won,Core,10.900608249625728,3.4148005861843878,2.0,2023-01
A00722,2023-01-31,0.0,3657.31,True,False,,,Duran Group,EdTech,6.0,Europe,55.0,14400.04,Closed -Won,Premium Support,3.4932062839650726,18.640287002336805,4.0,2023-01
A00726,2023-01-31,0.0,19770.91,True,False,,,Williamson Ltd,HealthTech,20.0,Asia,7.0,7684.91,Negotiation,Core,3.092594518554678,37.20078507500714,2.0,2023-01
A00727,2023-01-31,0.0,6469.6,True,False,,,"Durham, Hopkins and Smith",HealthTech,10.0,Europe,43.0,14786.03,Closed -Won,API,14.294801180331467,2.843421538260239,0.0,2023-01
A00728,2023-01-31,0.0,10202.63,True,False,,,"Arnold, Smith and Moreno",FinTech,15.0,Asia,6.0,13784.12,Closed -Won,API,13.090001740182522,1.7095495930851035,0.0,2023-01
A00729,2023-01-31,0.0,38931.18,True,False,,,Nichols-Mitchell,HealthTech,35.0,Europe,29.0,4494.47,Closed -Won,Automation,17.221908624313212,0.9537417639802892,1.0,2023-01
A00730,2023-01-31,0.0,24701.79,True,False,,,"Li, Craig and Drake",FinTech,26.0,North America,39.0,12007.79,Closed -Won,Analytics,13.074506208491401,1.7960357930075272,1.0,2023-01
A00731,2023-01-31,0.0,11638.08,True,False,,,Rodriguez Inc,MarTech,12.0,North America,43.0,25384.38,Closed -Won,Core,13.296375802548171,1.3151315587229653,0.0,2023-01
A00733,2023-01-31,0.0,7518.07,True,False,,,Adams-Sanders,FinTech,8.0,Asia,55.0,10383.26,Closed -Won,Automation,19.43213498875513,2.760040643519751,2.0,2023-01
A00734,2023-01-31,0.0,3201.75,True,False,,,Chung-Stevens,SMB SaaS,29.0,North America,46.0,5267.54,Negotiation,Analytics,18.222495121844986,1.2340774226132343,0.0,2023-01
A00735,2023-01-31,0.0,15821.24,True,False,,,Branch and Sons,FinTech,10.0,Asia,13.0,8668.27,Closed -Won,Core,13.59003834767257,0.9550090393349875,2.0,2023-01
A00736,2023-01-31,0.0,9555.98,True,False,,,Sutton-Abbott,FinTech,14.0,Asia,40.0,7646.56,Closed -Won,Analytics,13.85145736480279,1.2216867262154445,2.0,2023-01
A00738,2023-01-31,0.0,51234.94,True,False,,,Gray-Tran,HealthTech,24.0,Asia,20.0,21863.89,Negotiation,Core,14.440998225387757,1.8332996062028055,1.0,2023-01
A00741,2023-01-31,0.0,29619.61,True,False,,,"Mueller, Knight and Hodge",CyberSecurity,14.0,Europe,49.0,21695.33,Negotiation,Core,14.61982738316836,4.289537244846549,1.0,2023-01
A00742,2023-01-31,0.0,5405.05,True,False,,,Jacobson Inc,E -Commerce,17.0,Europe,45.0,13095.74,Closed -Won,Core,1.8142745414406538,27.859502819287542,4.0,2023-01
A00745,2023-01-31,0.0,29198.75,True,False,,,Lam-Elliott,FinTech,28.0,Asia,47.0,8665.83,Negotiation,API,8.320363090337583,3.321255599836956,0.0,2023-01
A00746,2023-01-31,0.0,20064.31,True,False,,,White LLC,CyberSecurity,22.0,LATAM,22.0,7455.57,Closed -Won,Analytics,12.255051967903304,1.8176512022437148,1.0,2023-01
A00748,2023-01-31,0.0,20308.92,True,False,,,Goodwin Ltd,SMB SaaS,35.0,Asia,19.0,16326.63,Closed -Won,API,14.860985579262858,2.4065691191020138,1.0,2023-01
A00751,2023-01-31,0.0,4311.58,True,False,,,"Rivera, Campos and Taylor",MarTech,26.0,LATAM,57.0,17029.19,Closed -Won,Automation,18.345206217906842,0.0,2.0,2023-01
A00752,2023-01-31,0.0,30491.08,True,False,,,"Ramsey, Mason and Mccann",E -Commerce,12.0,North America,9.0,12582.44,Closed -Lost,Core,15.93563651931073,1.155273817676583,0.0,2023-01
A00753,2023-01-31,0.0,21546.07,True,False,,,Davis and Sons,SMB SaaS,26.0,North America,6.0,11188.39,Closed -Won,Analytics,17.37516046906285,3.8161544113709476,0.0,2023-01
A00754,2023-01-31,0.0,17474.16,True,False,,,Peterson PLC,CyberSecurity,28.0,North America,56.0,18166.46,Closed -Won,Core,0.0,23.462737458225533,4.0,2023-01
A00755,2023-01-31,0.0,8118.81,True,False,,,"Sanders, Ayala and Johnson",MarTech,16.0,Asia,33.0,16791.1,Closed -Won,Core,11.804489503093235,1.7381630355076911,0.0,2023-01
A00756,2023-01-31,0.0,23001.66,True,False,,,Bowers-Hayes,MarTech,16.0,Asia,26.0,21960.01,Closed -Won,Core,4.9444250084399775,18.391419702869452,7.0,2023-01
A00758,2023-01-31,0.0,10736.72,True,False,,,Lopez-Willis,EdTech,10.0,Europe,23.0,7908.94,Closed -Won,Core,13.988964637813263,2.4389811954670257,1.0,2023-01
A00760,2023-01-31,0.0,21671.47,True,False,,,Marquez Inc,MarTech,25.0,Europe,44.0,14129.2,Negotiation,Automation,13.253999323677919,0.0,1.0,2023-01
A00762,2023-01-31,0.0,35850.44,True,False,,,"Moore, Price and Ward",HealthTech,21.0,Europe,33.0,16283.58,Negotiation,Core,0.47282287599814854,42.53681985542819,3.0,2023-01
A00764,2023-01-31,0.0,22352.2,True,False,,,Ward-Nelson,Logistics,22.0,Europe,56.0,8269.28,Closed -Won,Core,16.059176777724634,1.2815223698391467,1.0,2023-01
A00766,2023-01-31,0.0,20262.54,True,False,,,Hawkins-Hunt,EdTech,30.0,Asia,47.0,20684.18,Negotiation,Core,9.262960107289267,2.495394615034541,0.0,2023-01
A00767,2023-01-31,0.0,11979.78,True,False,,,Johnson LLC,MarTech,24.0,North America,37.0,9370.93,Closed -Won,Analytics,11.507659010019218,2.0921474880345112,2.0,2023-01
A00769,2023-01-31,0.0,11800.24,True,False,,,Smith-Gutierrez,Logistics,24.0,LATAM,9.0,16020.99,On -Hold,API,15.693752339949775,1.8872803957753856,1.0,2023-01
A00770,2023-01-31,0.0,17320.25,True,False,,,Hardy PLC,HealthTech,26.0,North America,23.0,17736.76,Closed -Won,Core,12.898894682208347,2.401862265717302,2.0,2023-01
A00771,2023-01-31,0.0,25395.84,True,False,,,Armstrong and Sons,Logistics,26.0,North America,39.0,21071.79,Negotiation,Core,13.743230580167584,2.7263628509535036,0.0,2023-01
A00772,2023-01-31,0.0,25755.82,True,False,,,"James, Taylor and Turner",Logistics,16.0,Asia,59.0,20700.98,Negotiation,Core,9.627057929045817,2.343316874082027,0.0,2023-01
A00773,2023-01-31,24788.5,24788.5,False,True,,,Thomas-Jackson,CyberSecurity,23.0,Europe,1.0,17025.43,Closed -Won,Premium Support,20.97773515014594,2.290921898321919,0.0,2023-01
A00774,2023-01-31,0.0,18570.73,True,False,,,Fisher-Washington,EdTech,7.0,LATAM,43.0,14024.93,Closed -Won,Analytics,14.213586856218491,3.3928601332111814,1.0,2023-01
A00776,2023-01-31,0.0,1578.37,True,False,,,"Weber, Wheeler and Gonzalez",CyberSecurity,17.0,North America,57.0,14124.95,Closed -Won,Automation,5.087821992832963,24.562614371907213,3.0,2023-01
A00777,2023-01-31,0.0,25063.42,True,False,,,Taylor Inc,CyberSecurity,22.0,Europe,26.0,25919.74,Negotiation,Automation,12.042118018796447,2.0265606859810226,1.0,2023-01
A00779,2023-01-31,0.0,9777.37,True,False,,,Alexander-Jordan,SMB SaaS,34.0,Europe,16.0,18119.02,Closed -Won,Premium Support,8.249835178980113,1.603967461756059,0.0,2023-01
A00780,2023-01-31,0.0,14142.0,True,False,,,"Mccann, Taylor and Flores",FinTech,20.0,North America,51.0,16664.15,Closed -Won,Core,14.835941205292329,3.287741782890044,0.0,2023-01
A00782,2023-01-31,0.0,6669.41,True,False,,,Carter-Neal,Logistics,9.0,Europe,38.0,16911.04,Closed -Won,Automation,12.784996536808986,0.17078897228602608,4.0,2023-01
A00783,2023-01-31,0.0,37137.06,True,False,,,Faulkner-Casey,HealthTech,20.0,North America,8.0,12350.86,Closed -Won,Analytics,12.085716596977937,1.576658270665721,0.0,2023-01
A00784,2023-01-31,0.0,54845.32,True,False,,,Bennett-Velasquez,EdTech,26.0,North America,8.0,11213.95,Negotiation,Analytics,3.177440827435324,14.736685022889798,4.0,2023-01
A00785,2023-01-31,0.0,10914.14,True,False,,,Diaz-Frederick,Logistics,26.0,North America,29.0,17376.89,Closed -Won,Core,14.106325189118982,2.0396895324563267,0.0,2023-01
A00786,2023-01-31,0.0,12022.32,True,False,,,Vargas PLC,HealthTech,34.0,North America,35.0,9941.55,Closed -Won,Core,2.0835802515610227,27.77808908775808,5.0,2023-01
A00789,2023-01-31,0.0,45215.81,True,False,,,"Clark, Salinas and Guerra",CyberSecurity,35.0,Asia,33.0,20059.68,Closed -Won,Core,9.922170360781962,0.8069602417545667,2.0,2023-01
A00791,2023-01-31,0.0,6103.44,True,False,,,"Porter, Schultz and Allen",FinTech,8.0,Asia,6.0,11177.61,Closed -Won,Core,12.216624875608055,1.3772234433782018,0.0,2023-01
A00792,2023-01-31,0.0,17970.05,True,False,,,"Moore, Henderson and Bennett",EdTech,17.0,Asia,27.0,19456.81,Negotiation,Core,13.287547272605488,1.714896197313744,2.0,2023-01
A00793,2023-01-31,0.0,8282.76,True,False,,,Ewing-Mendoza,SMB SaaS,28.0,Europe,43.0,19663.28,Negotiation,Core,12.223342508255893,2.691168535257887,0.0,2023-01
A00796,2023-01-31,0.0,9894.32,True,False,,,"Woodard, Herrera and Little",EdTech,30.0,Europe,18.0,9088.36,Closed -Won,Core,21.419047411770425,1.615916796397206,0.0,2023-01
A00797,2023-01-31,0.0,13617.87,True,False,,,Rodriguez and Sons,EdTech,7.0,LATAM,58.0,18423.9,Closed -Won,Core,16.236917611101976,3.5083607682847333,0.0,2023-01
A00798,2023-01-31,0.0,3514.87,True,False,,,"Ortega, Jackson and Salazar",E -Commerce,31.0,Asia,28.0,10003.4,Closed -Won,Analytics,17.26398130091531,2.6728385125967202,2.0,2023-01
A00799,2023-01-31,0.0,42859.22,True,False,,,"Terrell, Byrd and Ross",EdTech,16.0,North America,19.0,12513.5,Negotiation,Analytics,19.149282444431247,2.112234681841957,0.0,2023-01
A00801,2023-01-31,23678.81,23678.81,False,True,,,Garcia and Sons,MarTech,21.0,Asia,1.0,8725.56,Closed -Won,Core,18.71075262083561,1.3242395853689684,1.0,2023-01
A00802,2023-01-31,0.0,16767.39,True,False,,,"Burgess, Grant and Watts",E -Commerce,19.0,LATAM,18.0,15709.45,Closed -Won,Core,1.6378593104660848,20.346057448207883,3.0,2023-01
A00803,2023-01-31,0.0,32575.99,True,False,,,Griffin Group,HealthTech,8.0,Europe,31.0,14875.67,Closed -Won,Core,14.431962077934715,1.3933036309302218,1.0,2023-01
A00804,2023-01-31,0.0,11866.2,True,False,,,Barton-Chapman,E -Commerce,9.0,Europe,55.0,20312.91,Closed -Won,Automation,15.051023103354403,2.7474569572421683,3.0,2023-01
A00805,2023-01-31,0.0,16687.9,True,False,,,"Hernandez, Cuevas and Webb",SMB SaaS,23.0,North America,44.0,19821.24,Closed -Won,Automation,8.535749109896527,2.0802160396889637,1.0,2023-01
A00806,2023-01-31,0.0,7676.59,True,False,,,Perry-Nixon,HealthTech,23.0,Europe,47.0,15707.57,Negotiation,Core,0.17932362783715172,23.55422602972528,7.0,2023-01
A00807,2023-01-31,0.0,14357.75,True,False,,,Guerra Ltd,EdTech,22.0,LATAM,33.0,18152.46,Closed -Won,Analytics,9.368757438661111,1.1521599292222722,1.0,2023-01
A00808,2023-01-31,0.0,15691.99,True,False,,,Bailey LLC,CyberSecurity,10.0,LATAM,7.0,14583.13,Closed -Won,Core,9.124192545166677,0.044174174083464246,1.0,2023-01
A00809,2023-01-31,0.0,8276.44,True,False,,,Mueller-Boyd,E -Commerce,21.0,North America,24.0,14558.16,Closed -Won,Core,14.578636067075674,3.42484562081479,1.0,2023-01
A00810,2023-01-31,0.0,19396.78,True,False,,,Alvarez-Kim,CyberSecurity,7.0,LATAM,59.0,15502.38,Closed -Won,Analytics,10.657764214399837,1.7921052581883927,1.0,2023-01
A00811,2023-01-31,0.0,20552.23,True,False,,,"Chavez, Jones and Williams",E -Commerce,10.0,Asia,3.0,14397.08,Closed -Won,API,2.2350332034643534,21.996622340654444,4.0,2023-01
A00812,2023-01-31,0.0,23983.2,True,False,,,"Wilson, Sweeney and Wong",CyberSecurity,20.0,North America,52.0,15848.25,Closed -Lost,Core,14.415303558049594,1.3283537329081279,1.0,2023-01
A00813,2023-01-31,0.0,20272.92,True,False,,,"Marsh, Spears and Yang",E -Commerce,24.0,North America,41.0,17653.76,Negotiation,Core,14.549148802451406,3.254522477626629,0.0,2023-01
A00814,2023-01-31,0.0,14765.55,True,False,,,"Thompson, Moore and Castro",FinTech,25.0,Asia,17.0,10121.32,Closed -Won,Core,11.287635778873696,2.8813508123793845,0.0,2023-01
A00816,2023-01-31,0.0,16596.1,True,False,,,Lopez Ltd,MarTech,31.0,LATAM,50.0,18103.5,Negotiation,Analytics,13.732294290601763,3.164542965043535,2.0,2023-01
A00818,2023-01-31,0.0,5079.29,True,False,,,Cole Group,MarTech,29.0,LATAM,7.0,12867.16,Closed -Won,Core,6.741805590894442,30.21645914659633,4.0,2023-01
A00819,2023-01-31,0.0,7551.53,True,False,,,Smith-Lewis,MarTech,8.0,LATAM,40.0,19061.82,Closed -Won,API,13.465017329612039,1.7063876132024496,1.0,2023-01
A00821,2023-01-31,0.0,19452.43,True,False,,,Ray PLC,SMB SaaS,17.0,Asia,2.0,16733.8,Closed -Won,Core,1.5183125871422978,24.285496974392846,3.0,2023-01
A00822,2023-01-31,0.0,33432.07,True,False,,,Diaz and Sons,HealthTech,28.0,Asia,40.0,15599.25,Closed -Won,Analytics,11.608121951226819,2.7761309655085893,0.0,2023-01
A00824,2023-01-31,0.0,18770.4,True,False,,,Rose-Fowler,MarTech,27.0,LATAM,39.0,14735.6,Closed -Won,API,11.033939809808544,2.6172095336452705,1.0,2023-01
A00825,2023-01-31,0.0,3386.45,True,False,,,"Price, Long and Wilson",Logistics,33.0,LATAM,37.0,11838.01,Negotiation,Automation,12.030761245217354,2.2872133311295464,1.0,2023-01
A00826,2023-01-31,0.0,1747.61,True,False,,,Bruce-Williamson,CyberSecurity,6.0,North America,6.0,12391.22,Closed -Won,Automation,5.361055830257813,35.869943119215705,6.0,2023-01
A00827,2023-01-31,0.0,36495.43,True,False,,,"Mccarthy, Evans and Mendez",Logistics,11.0,North America,41.0,21623.47,Closed -Won,Analytics,4.25880322412413,29.023684514730576,5.0,2023-01
A00828,2023-01-31,0.0,11396.63,True,False,,,Powers LLC,HealthTech,24.0,LATAM,53.0,12865.49,Closed -Lost,Automation,15.899415194548531,1.133239750642983,0.0,2023-01
A00831,2023-01-31,0.0,53260.21,True,False,,,"Price, Carlson and Andrews",MarTech,27.0,Europe,15.0,13917.56,On -Hold,Automation,13.33850477710593,2.3730650838122314,0.0,2023-01
A00832,2023-01-31,0.0,43443.33,True,False,,,Lopez-Reid,E -Commerce,7.0,Asia,15.0,13367.56,On -Hold,API,17.165356194794658,0.6092954199814251,0.0,2023-01
A00833,2023-01-31,0.0,59290.13,True,False,,,"Ellison, Arias and Thompson",FinTech,35.0,Europe,27.0,17258.58,Closed -Won,Core,12.165224489586736,2.0164439834946943,1.0,2023-01
A00834,2023-01-31,0.0,23825.58,True,False,,,Burns and Sons,Logistics,10.0,North America,9.0,15406.49,Closed -Won,Core,0.4706154006000425,40.551682286428516,5.0,2023-01
A00835,2023-01-31,0.0,39013.36,True,False,,,Edwards Group,SMB SaaS,19.0,North America,51.0,12639.14,Closed -Won,Automation,11.461936615122916,2.7746001153316247,1.0,2023-01
A00836,2023-01-31,0.0,6381.38,True,False,,,"Brown, Howard and Smith",MarTech,30.0,Asia,46.0,17890.18,Closed -Won,Core,10.587471439764537,0.14925905255926564,2.0,2023-01
A00837,2023-01-31,0.0,53920.6,True,False,,,Lee Group,E -Commerce,21.0,LATAM,48.0,16126.73,Closed -Won,Analytics,15.58755497434091,2.8483714043161847,1.0,2023-01
A00839,2023-01-31,12784.12,12784.12,False,True,,,Mckinney-Wallace,FinTech,27.0,North America,1.0,16265.53,Negotiation,Automation,14.164429579469905,4.797016010161739,0.0,2023-01
A00840,2023-01-31,0.0,28357.17,True,False,,,Miller Inc,E -Commerce,34.0,North America,54.0,14487.47,Closed -Won,Automation,2.1591585699748244,34.03423356887775,1.0,2023-01
A00841,2023-01-31,0.0,33700.25,True,False,,,Carter LLC,CyberSecurity,19.0,North America,18.0,14185.94,Closed -Won,Core,17.996242177783614,0.6355800761146451,2.0,2023-01
A00845,2023-01-31,14996.56,14996.56,False,True,,,Adams PLC,SMB SaaS,27.0,North America,1.0,13237.07,Closed -Won,Analytics,12.61522700256219,3.043108922882558,0.0,2023-01
A00846,2023-01-31,22388.96,22388.96,False,True,,,Weaver-Sherman,E -Commerce,9.0,Europe,1.0,17506.61,Closed -Won,API,14.983051061083827,1.1603970011223121,0.0,2023-01
A00848,2023-01-31,0.0,12885.33,True,False,,,"Greer, Potter and Evans",E -Commerce,32.0,Europe,4.0,15074.57,Closed -Won,Core,18.387927028329198,0.0,3.0,2023-01
A00849,2023-01-31,0.0,11148.79,True,False,,,Cole LLC,SMB SaaS,9.0,North America,49.0,17673.68,Closed -Won,Core,15.544832291215723,1.0496646181632818,2.0,2023-01
A00851,2023-01-31,0.0,2645.26,True,False,,,Clark Ltd,FinTech,9.0,Europe,58.0,15048.65,Closed -Won,Core,12.243769334541428,1.6366432694235642,1.0,2023-01
A00852,2023-01-31,0.0,13209.92,True,False,,,"Norris, Callahan and Bishop",FinTech,32.0,North America,48.0,17526.14,Closed -Won,Analytics,8.890560573357678,0.6993825057242535,0.0,2023-01
A00853,2023-01-31,0.0,7707.16,True,False,,,Martin-Taylor,MarTech,29.0,LATAM,57.0,18203.62,Negotiation,Analytics,13.058128250491238,1.5003438019150441,2.0,2023-01
A00855,2023-01-31,0.0,20141.82,True,False,,,"Bell, Campbell and Ryan",CyberSecurity,27.0,LATAM,17.0,11941.72,Closed -Won,Analytics,3.440016611460167,24.411191336718744,4.0,2023-01
A00856,2023-01-31,0.0,43958.46,True,False,,,Werner-Carter,MarTech,9.0,North America,51.0,16503.42,Closed -Won,Core,16.330106701129335,2.0609375698708687,2.0,2023-01
A00857,2023-01-31,0.0,10663.68,True,False,,,"Adams, Hodge and Duke",E -Commerce,23.0,Europe,15.0,15174.04,Closed -Won,Core,17.830391569083424,2.7319688030857385,0.0,2023-01
A00858,2023-01-31,0.0,33860.41,True,False,,,"Ochoa, Taylor and Brady",SMB SaaS,33.0,LATAM,4.0,16567.37,Closed -Won,Core,0.0,28.884527003375624,8.0,2023-01
A00859,2023-01-31,0.0,19571.44,True,False,,,Sellers-Riddle,EdTech,12.0,Asia,40.0,22294.28,Closed -Won,Analytics,13.083059351460896,3.3591778830519146,2.0,2023-01
A00860,2023-01-31,0.0,21808.0,True,False,,,"Martinez, Cline and Wright",MarTech,11.0,Asia,48.0,14157.97,Closed -Won,Analytics,15.304953806395382,1.0107289338985874,2.0,2023-01
A00861,2023-01-31,0.0,17653.29,True,False,,,"Morris, Wright and Bridges",E -Commerce,18.0,Asia,58.0,15088.1,Closed -Won,Core,2.9809696290330554,32.550829384084246,3.0,2023-01
A00863,2023-01-31,0.0,17577.85,True,False,,,Burton-Brooks,SMB SaaS,7.0,LATAM,8.0,14232.97,Closed -Won,Core,12.041966040238217,1.6440022194877781,1.0,2023-01
A00865,2023-01-31,0.0,7523.64,True,False,,,Robertson-Ramirez,E -Commerce,13.0,LATAM,50.0,10708.01,Closed -Won,Core,14.744559783430088,2.2067355916117357,0.0,2023-01
A00866,2023-01-31,0.0,8577.74,True,False,,,Gibson-Freeman,MarTech,9.0,LATAM,42.0,7177.4,Closed -Won,Core,14.028010153629404,2.598670929871977,1.0,2023-01
A00867,2023-01-31,0.0,19702.27,True,False,,,"Smith, Schroeder and Oconnor",E -Commerce,14.0,LATAM,49.0,12218.6,Closed -Won,Analytics,14.631108139961349,3.094548275233457,1.0,2023-01
A00868,2023-01-31,0.0,12041.35,True,False,,,"Stanton, Reid and Terry",HealthTech,6.0,North America,50.0,12494.12,Closed -Won,Premium Support,5.0044148288757295,23.234119753980234,3.0,2023-01
A00869,2023-01-31,0.0,4616.93,True,False,,,Flynn Group,MarTech,33.0,Asia,27.0,14764.74,Closed -Won,Core,3.6641989562799755,12.94843118679757,4.0,2023-01
A00870,2023-01-31,0.0,11161.36,True,False,,,Donaldson and Sons,HealthTech,35.0,North America,3.0,12842.96,Closed -Won,API,1.941312607253388,27.640638952679915,5.0,2023-01
A00871,2023-01-31,0.0,27105.45,True,False,,,Adams-Clayton,HealthTech,17.0,Europe,27.0,19129.99,Closed -Won,Core,21.658127162450462,1.8226995141645166,1.0,2023-01
A00872,2023-01-31,0.0,18403.69,True,False,,,Kelley-Anderson,FinTech,32.0,Europe,12.0,15907.01,On -Hold,Core,12.83709688947076,3.453912503787458,0.0,2023-01
A00874,2023-01-31,0.0,15474.04,True,False,,,Williams Ltd,FinTech,33.0,North America,8.0,18932.17,Closed -Won,Core,22.487657486625505,0.40076221396833756,0.0,2023-01
A00875,2023-01-31,0.0,29016.46,True,False,,,Smith-Noble,CyberSecurity,11.0,Europe,42.0,20547.88,Closed -Won,API,14.582274888509536,2.220795099547976,1.0,2023-01
A00876,2023-01-31,0.0,7383.88,True,False,,,Alexander Inc,MarTech,14.0,Europe,30.0,18892.02,Closed -Won,Core,13.79710838217195,3.3874291641726018,1.0,2023-01
A00878,2023-01-31,0.0,17972.11,True,False,,,Khan LLC,Logistics,12.0,North America,44.0,18436.87,Closed -Lost,Analytics,18.584799101626956,0.09538210311844875,1.0,2023-01
A00879,2023-01-31,0.0,11286.0,True,False,,,Baxter LLC,E -Commerce,30.0,Europe,33.0,16281.41,On -Hold,API,10.52269524147029,0.31687158695372597,1.0,2023-01
A00880,2023-01-31,0.0,17962.91,True,False,,,Pena LLC,CyberSecurity,18.0,Asia,38.0,20386.02,Negotiation,Core,2.601139973360723,23.698158467596873,3.0,2023-01
A00881,2023-01-31,0.0,16153.25,True,False,,,Watson Ltd,CyberSecurity,18.0,Europe,6.0,15103.16,Closed -Won,Core,1.760958712625804,29.743363363896034,8.0,2023-01
A00882,2023-01-31,0.0,17929.44,True,False,,,Williams Ltd,FinTech,19.0,Asia,51.0,19578.06,Negotiation,API,2.4046330289195583,18.928720305012792,1.0,2023-01
A00883,2023-01-31,0.0,45016.0,True,False,,,Barber-Fischer,HealthTech,29.0,LATAM,27.0,15399.54,Closed -Won,Analytics,9.728203194169826,2.1959951132669393,0.0,2023-01
A00884,2023-01-31,0.0,5719.41,True,False,,,Rios-Padilla,E -Commerce,6.0,Asia,10.0,15559.0,Closed -Won,API,18.029381665201683,1.5102424893422892,1.0,2023-01
A00885,2023-01-31,0.0,24528.15,True,False,,,Lewis Inc,SMB SaaS,28.0,Asia,48.0,17664.1,Closed -Won,Analytics,13.16660808224517,3.814754293948813,0.0,2023-01
A00886,2023-01-31,0.0,21065.44,True,False,,,Wheeler PLC,HealthTech,29.0,LATAM,44.0,13741.7,Closed -Won,API,10.354731023320898,2.590467204934292,0.0,2023-01
A00888,2023-01-31,0.0,3157.23,True,False,,,Mcneil Group,SMB SaaS,35.0,North America,12.0,8925.93,Closed -Won,Core,12.48758956088809,2.9205817582716223,0.0,2023-01
A00889,2023-01-31,26189.8,26189.8,False,True,,,"Anderson, Jones and Reyes",SMB SaaS,29.0,LATAM,1.0,16934.21,Closed -Won,Automation,15.003821875192164,1.8499264380501323,2.0,2023-01
A00890,2023-01-31,0.0,13291.0,True,False,,,"Shaffer, Garcia and Richardson",HealthTech,21.0,North America,16.0,9912.78,Closed -Won,API,16.524249146403097,1.805552748660652,0.0,2023-01
A00892,2023-01-31,0.0,14512.76,True,False,,,May Ltd,CyberSecurity,17.0,LATAM,42.0,2517.3,Closed -Won,Core,3.948083334892769,27.549632114779556,5.0,2023-01
A00893,2023-01-31,0.0,8191.17,True,False,,,Jones PLC,HealthTech,30.0,Asia,31.0,7741.51,Closed -Lost,API,16.086070102933363,1.3496348226281363,0.0,2023-01
A00894,2023-01-31,0.0,13609.55,True,False,,,Bishop and Sons,EdTech,17.0,LATAM,58.0,15211.46,On -Hold,API,13.698158712004615,3.725032942034568,1.0,2023-01
A00896,2023-01-31,0.0,22353.3,True,False,,,"Hernandez, Jenkins and Parks",CyberSecurity,8.0,Europe,37.0,13989.27,Closed -Won,API,13.672775153074333,2.2144750722970286,0.0,2023-01
A00897,2023-01-31,0.0,19964.33,True,False,,,Miller Inc,EdTech,15.0,LATAM,31.0,17889.65,Closed -Won,Core,9.169901618176755,1.7709191879540513,0.0,2023-01
A00898,2023-01-31,0.0,14899.54,True,False,,,Goodwin PLC,MarTech,13.0,Europe,4.0,18730.09,Closed -Won,Core,4.636381810145583,34.402138048039475,7.0,2023-01
A00899,2023-01-31,0.0,16602.42,True,False,,,"Cruz, Richmond and Edwards",EdTech,19.0,Europe,5.0,25123.63,Closed -Won,Analytics,9.90682587887207,4.172346852463613,3.0,2023-01
A00900,2023-01-31,0.0,16463.14,True,False,,,Wright Ltd,Logistics,21.0,Europe,37.0,15175.85,Closed -Won,Analytics,13.142480871330106,1.5609456585875368,1.0,2023-01
A00901,2023-01-31,0.0,21949.41,True,False,,,Wright PLC,HealthTech,27.0,LATAM,1.0,19137.95,Closed -Won,Premium Support,14.468793294614631,1.6952788190075734,4.0,2023-01
A00903,2023-01-31,0.0,27732.86,True,False,,,Abbott Ltd,HealthTech,10.0,LATAM,13.0,12812.38,Closed -Won,Premium Support,11.541160520420856,2.0410406156889227,1.0,2023-01
A00905,2023-01-31,0.0,13264.0,True,False,,,Adkins LLC,SMB SaaS,7.0,Europe,28.0,14559.54,Closed -Won,API,16.840559760545442,0.8807468692956955,1.0,2023-01
A00906,2023-01-31,0.0,11622.48,True,False,,,"Brown, Hurst and Blevins",E -Commerce,31.0,Europe,42.0,15892.91,Negotiation,Analytics,12.711770772528391,1.5756301356523437,1.0,2023-01
A00907,2023-01-31,0.0,16215.02,True,False,,,Cruz-Allen,HealthTech,29.0,North America,25.0,19167.57,Closed -Lost,Analytics,2.48653214715829,35.70375507322944,5.0,2023-01
A00908,2023-01-31,0.0,52884.36,True,False,,,"Wheeler, Rice and Levine",Logistics,12.0,LATAM,11.0,16382.6,Closed -Won,Analytics,2.1387492996304145,28.01153979832972,5.0,2023-01
A00910,2023-01-31,0.0,23770.75,True,False,,,"Fisher, Payne and Thompson",Logistics,6.0,Asia,6.0,20412.62,Negotiation,Core,11.788147551377559,2.0589947906532093,1.0,2023-01
A00911,2023-01-31,0.0,24086.68,True,False,,,Best-Townsend,EdTech,16.0,Europe,46.0,15161.35,Closed -Won,Premium Support,17.598070415845147,1.6390049282347234,0.0,2023-01
A00912,2023-01-31,0.0,20470.81,True,False,,,Matthews Inc,SMB SaaS,7.0,LATAM,11.0,14583.06,Closed -Won,Analytics,11.961428510515189,1.497558298042117,2.0,2023-01
A00913,2023-01-31,0.0,2973.7,True,False,,,Lewis-Livingston,Logistics,34.0,LATAM,23.0,8900.76,Closed -Won,Analytics,11.297987059844083,1.0804269701176974,6.0,2023-01
A00914,2023-01-31,0.0,15187.37,True,False,,,Hunter-Fuller,HealthTech,10.0,LATAM,58.0,12828.73,Negotiation,Core,14.70087905373294,0.4433505457610487,0.0,2023-01
A00915,2023-01-31,0.0,21801.41,True,False,,,"Wang, Henderson and Morales",CyberSecurity,25.0,LATAM,35.0,11763.37,Closed -Won,Core,11.941859428521731,1.297553325893463,3.0,2023-01
A00916,2023-01-31,0.0,9185.9,True,False,,,"Herrera, Jensen and Ramirez",EdTech,23.0,Asia,28.0,11937.8,Negotiation,Analytics,2.7624755502651817,16.27496035356084,3.0,2023-01
A00919,2023-01-31,0.0,26774.88,True,False,,,"Walters, Davenport and Becker",CyberSecurity,9.0,Europe,16.0,16159.99,Closed -Won,Core,14.362893382108172,1.634514800285353,1.0,2023-01
A00920,2023-01-31,0.0,14446.73,True,False,,,Collins Group,EdTech,32.0,LATAM,38.0,18953.5,Closed -Won,Core,14.615440126725254,3.244707665832734,2.0,2023-01
A00921,2023-01-31,0.0,10917.5,True,False,,,"Ashley, Allen and Sanchez",CyberSecurity,28.0,LATAM,52.0,16538.94,Closed -Won,Premium Support,8.92070302914382,1.0716174294686625,0.0,2023-01
A00922,2023-01-31,0.0,37113.49,True,False,,,Wilson-Salazar,E -Commerce,25.0,Europe,34.0,12634.3,Negotiation,Analytics,15.175513249791472,2.2770533383899934,2.0,2023-01
A00923,2023-01-31,0.0,27372.33,True,False,,,Parker Ltd,Logistics,32.0,North America,27.0,18027.99,Closed -Won,Analytics,14.479794730177689,1.931533866429836,1.0,2023-01
A00924,2023-01-31,0.0,7062.37,True,False,,,"Yang, Wilson and Zimmerman",SMB SaaS,18.0,LATAM,9.0,9516.71,Closed -Won,Premium Support,16.678691980950262,2.067926825094769,2.0,2023-01
A00926,2023-01-31,0.0,7770.17,True,False,,,"Logan, Le and Jackson",SMB SaaS,10.0,North America,56.0,11936.99,Closed -Lost,Premium Support,13.394154105183457,2.05716494026807,1.0,2023-01
A00928,2023-01-31,0.0,33658.13,True,False,,,"Tanner, Wise and Johnson",E -Commerce,18.0,Asia,18.0,17178.1,Closed -Won,API,13.122107907161839,1.970742672037071,0.0,2023-01
A00930,2023-01-31,0.0,10654.68,True,False,,,"Proctor, Burton and Crawford",CyberSecurity,15.0,Asia,35.0,19698.83,Closed -Won,Automation,13.066551708561931,2.044479938966846,0.0,2023-01
A00931,2023-01-31,0.0,23259.81,True,False,,,"Ward, Porter and Bradley",CyberSecurity,34.0,Europe,32.0,18851.06,Closed -Won,Core,15.385273414769635,0.2965331173997303,3.0,2023-01
A00933,2023-01-31,0.0,51587.3,True,False,,,"Craig, Wilson and Yang",MarTech,15.0,LATAM,16.0,21092.18,On -Hold,Core,18.9426548268247,2.392096805259782,1.0,2023-01
A00935,2023-01-31,0.0,12347.39,True,False,,,Williams LLC,EdTech,29.0,North America,27.0,16859.47,Closed -Lost,Core,16.621814762558014,1.7404286843788555,0.0,2023-01
A00936,2023-01-31,0.0,23212.53,True,False,,,Mora-White,HealthTech,12.0,North America,56.0,20698.37,Closed -Won,Automation,0.0,25.196301467777452,8.0,2023-01
A00938,2023-01-31,0.0,7119.41,True,False,,,"Rios, Walker and Wright",E -Commerce,14.0,Asia,9.0,23447.85,Closed -Won,Analytics,9.735866770175017,3.647519220497481,2.0,2023-01
A00939,2023-01-31,0.0,15537.05,True,False,,,"Flores, Mckenzie and Duncan",CyberSecurity,23.0,Europe,28.0,15648.44,Closed -Won,Core,13.035318300106361,1.4144973969006132,2.0,2023-01
A00941,2023-01-31,0.0,3030.8,True,False,,,Walker PLC,HealthTech,16.0,Europe,41.0,19698.01,Closed -Won,Automation,13.405377745701003,0.39696672675953826,4.0,2023-01
A00942,2023-01-31,0.0,15514.17,True,False,,,Finley Inc,EdTech,33.0,North America,24.0,16672.48,Closed -Won,Automation,9.07359425110114,0.9531417046317343,4.0,2023-01
A00944,2023-01-31,0.0,13722.72,True,False,,,Murphy-Tran,MarTech,7.0,Asia,28.0,2133.9,Closed -Won,API,20.46259470007081,1.897498964301367,3.0,2023-01
A00946,2023-01-31,0.0,20482.97,True,False,,,"Mueller, Stevenson and Sanchez",SMB SaaS,6.0,Europe,8.0,11450.7,Closed -Won,Core,17.256569806359416,1.9863674340701922,1.0,2023-01
A00947,2023-01-31,0.0,42758.9,True,False,,,Vargas-Snyder,MarTech,6.0,Asia,58.0,11206.4,Negotiation,Analytics,14.678358815436809,1.7923280359933913,2.0,2023-01
A00948,2023-01-31,0.0,11871.84,True,False,,,Oconnor PLC,SMB SaaS,11.0,Europe,8.0,12469.74,Closed -Won,Core,2.5883412910384473,18.199378701152142,1.0,2023-01
A00950,2023-01-31,0.0,15300.2,True,False,,,Hall LLC,SMB SaaS,30.0,Europe,17.0,10233.07,Negotiation,Premium Support,20.31676411052451,3.402701289732499,1.0,2023-01
A00951,2023-01-31,0.0,6757.02,True,False,,,"Franco, Wiley and Tapia",E -Commerce,9.0,Europe,6.0,17185.22,Negotiation,Automation,12.944035662478832,3.567309106129881,0.0,2023-01
A00952,2023-01-31,0.0,25158.86,True,False,,,Blake Group,Logistics,21.0,LATAM,18.0,19168.53,Negotiation,Analytics,12.635128256528175,0.961297045255816,1.0,2023-01
A00953,2023-01-31,0.0,36089.83,True,False,,,"Acosta, Garcia and Moreno",SMB SaaS,27.0,North America,37.0,12085.29,Closed -Won,Core,17.32191097731174,0.8959208979930517,1.0,2023-01
A00957,2023-01-31,0.0,22582.93,True,False,,,Haynes-Watson,CyberSecurity,32.0,Europe,24.0,19738.78,Closed -Won,API,5.550092236411651,23.39418201352443,6.0,2023-01
A00958,2023-01-31,0.0,29924.69,True,False,,,"Miller, Davis and Anderson",E -Commerce,8.0,Europe,38.0,17062.65,Closed -Won,API,14.209068137183271,1.9507510523886344,0.0,2023-01
A00961,2023-01-31,0.0,19961.17,True,False,,,Green-Edwards,HealthTech,8.0,LATAM,10.0,22561.78,Closed -Won,Core,17.26899443671081,1.474796748404693,0.0,2023-01
A00962,2023-01-31,0.0,16785.95,True,False,,,Haynes-Moss,E -Commerce,11.0,LATAM,25.0,22763.82,Closed -Won,Analytics,14.304953746763925,3.639946892824547,1.0,2023-01
A00964,2023-01-31,0.0,41291.43,True,False,,,Taylor PLC,CyberSecurity,6.0,Asia,13.0,20327.51,Negotiation,Automation,14.95649265311262,2.504093506584649,2.0,2023-01
A00965,2023-01-31,0.0,43802.42,True,False,,,Moore and Sons,MarTech,9.0,North America,56.0,15008.3,Closed -Won,Core,13.709244291112205,0.07386816355047454,0.0,2023-01
A00968,2023-01-31,0.0,14822.03,True,False,,,Baker-Wilson,CyberSecurity,8.0,Asia,19.0,14746.31,Negotiation,Analytics,3.417496735627822,19.243690950992814,2.0,2023-01
A00969,2023-01-31,0.0,24821.55,True,False,,,Aguirre LLC,Logistics,34.0,Europe,55.0,11692.8,Closed -Won,Automation,13.278436477186705,0.9370332076121177,0.0,2023-01
A00970,2023-01-31,0.0,31741.35,True,False,,,"Terry, Williams and Huff",EdTech,8.0,Europe,3.0,18500.19,Closed -Won,Automation,13.231119172792324,2.7562579490500525,1.0,2023-01
A00971,2023-01-31,0.0,12013.45,True,False,,,Hernandez-Dawson,MarTech,26.0,North America,18.0,22514.79,Closed -Won,Automation,3.3090064982555454,24.695249932026382,6.0,2023-01
A00972,2023-01-31,0.0,9283.2,True,False,,,Foster-Williams,EdTech,30.0,Asia,25.0,19967.76,Closed -Won,Analytics,13.780894430616522,3.1700243020669414,2.0,2023-01
A00974,2023-01-31,0.0,13374.83,True,False,,,Crane Group,HealthTech,20.0,Europe,28.0,16055.27,Negotiation,Premium Support,0.0,19.11354105209261,3.0,2023-01
A00975,2023-01-31,0.0,16204.92,True,False,,,"Adkins, Wright and Murray",MarTech,9.0,Asia,9.0,16285.2,Closed -Won,API,14.730787976134017,2.3516814164707847,0.0,2023-01
A00977,2023-01-31,0.0,13998.39,True,False,,,Anderson Group,E -Commerce,31.0,Europe,6.0,14574.33,Negotiation,Core,0.8012929870193788,21.996966038776247,6.0,2023-01
A00978,2023-01-31,0.0,5034.15,True,False,,,Parks-Pace,Logistics,16.0,North America,34.0,14136.3,Closed -Won,Core,13.743408794155785,2.4522970861121,1.0,2023-01
A00979,2023-01-31,0.0,9479.65,True,False,,,Aguilar LLC,SMB SaaS,7.0,North America,21.0,10170.68,Closed -Won,Core,11.647806687566508,1.765076554118002,3.0,2023-01
A00980,2023-01-31,0.0,9854.19,True,False,,,Johnson Inc,MarTech,27.0,North America,34.0,19217.2,Closed -Won,Analytics,14.032449558267604,1.496529794104237,2.0,2023-01
A00982,2023-01-31,0.0,2823.84,True,False,,,Davis LLC,HealthTech,7.0,Asia,42.0,4531.94,Negotiation,Core,11.299250066295471,1.8939332326611342,0.0,2023-01
A00985,2023-01-31,0.0,25751.22,True,False,,,Underwood-Foster,SMB SaaS,7.0,Europe,35.0,12616.84,Closed -Won,Automation,13.501370259256786,2.3475168391389083,0.0,2023-01
A00987,2023-01-31,0.0,11929.55,True,False,,,Gomez and Sons,HealthTech,9.0,North America,37.0,9843.58,Closed -Won,Core,3.8418840478103986,31.74381132620617,3.0,2023-01
A00988,2023-01-31,0.0,15909.39,True,False,,,Ramirez-Stephenson,FinTech,24.0,North America,19.0,15399.22,Closed -Won,API,5.794062749758698,25.92564882518618,3.0,2023-01
A00989,2023-01-31,0.0,10335.45,True,False,,,Mendez PLC,SMB SaaS,11.0,North America,15.0,12095.57,Closed -Won,Analytics,12.732820672376802,1.9573783933927436,1.0,2023-01
A00990,2023-01-31,0.0,38851.62,True,False,,,Holland Group,EdTech,35.0,Asia,47.0,9117.84,Closed -Won,Core,11.087182330770801,1.9814386797387524,0.0,2023-01
A00991,2023-01-31,0.0,90850.36,True,False,,,Andrade-Mendoza,FinTech,27.0,LATAM,21.0,21480.42,Closed -Won,Automation,16.05769207953021,1.4776771732803713,2.0,2023-01
A00993,2023-01-31,0.0,30459.12,True,False,,,Gonzalez-Wilkerson,EdTech,18.0,Asia,12.0,12903.44,Closed -Won,Analytics,12.296155559006742,2.9082174308340396,1.0,2023-01
A00994,2023-01-31,0.0,17715.13,True,False,,,"Wright, Mcknight and Stephens",CyberSecurity,7.0,Europe,26.0,21695.0,Closed -Won,API,12.385275321384206,3.1875118741534862,0.0,2023-01
A00995,2023-01-31,0.0,12398.37,True,False,,,Mayo Ltd,SMB SaaS,7.0,LATAM,32.0,16097.22,Closed -Won,Core,11.045169452454466,3.4122618726471563,0.0,2023-01
A00998,2023-01-31,0.0,14796.68,True,False,,,Nelson-Johnson,FinTech,25.0,LATAM,22.0,12885.48,Closed -Won,Core,2.8355664117600865,29.425471196999244,1.0,2023-01
A01000,2023-01-31,0.0,2470.87,True,False,,,Stokes Group,FinTech,10.0,North America,31.0,17336.33,Closed -Won,Core,18.681725810564377,1.7615819961430113,2.0,2023-01
A01003,2023-01-31,0.0,18461.41,True,False,,,Adams Ltd,Logistics,28.0,LATAM,33.0,17511.66,Closed -Won,Analytics,19.647947067958146,2.483313822432503,1.0,2023-01
A01004,2023-01-31,0.0,30028.92,True,False,,,Gallagher and Sons,FinTech,11.0,LATAM,53.0,9100.39,Negotiation,Premium Support,13.708563214990367,0.6703775532079677,1.0,2023-01
A01005,2023-01-31,0.0,23038.56,True,False,,,"Bradford, Salinas and Kelly",FinTech,22.0,LATAM,8.0,17023.47,Closed -Won,Analytics,14.189227020514856,4.343357172587103,0.0,2023-01
A01006,2023-01-31,0.0,48755.56,True,False,,,Thompson PLC,Logistics,31.0,North America,55.0,22214.79,Closed -Won,Analytics,13.965606735019588,2.020993543384299,1.0,2023-01
A01007,2023-01-31,0.0,54057.75,True,False,,,Drake-Wolfe,FinTech,14.0,Europe,51.0,15094.23,Closed -Won,Core,18.63136019355065,3.0508473942287253,1.0,2023-01
A01010,2023-01-31,0.0,15667.25,True,False,,,Weaver-Thompson,E -Commerce,18.0,LATAM,31.0,16935.85,Closed -Won,Core,15.763026613888556,2.1000910728285755,0.0,2023-01
A01011,2023-01-31,0.0,7813.32,True,False,,,Davis and Sons,HealthTech,32.0,LATAM,16.0,15240.65,Closed -Won,API,11.551220566828917,2.856808393888293,2.0,2023-01
A01012,2023-01-31,0.0,11477.78,True,False,,,"Robinson, Fox and Smith",MarTech,35.0,LATAM,48.0,13381.71,Closed -Won,Core,15.600414537841775,1.801353082176248,2.0,2023-01
A01014,2023-01-31,0.0,4266.92,True,False,,,Brown-Hernandez,MarTech,35.0,Asia,19.0,11488.77,On -Hold,Automation,1.9670071641823421,22.911711778530744,4.0,2023-01
A01015,2023-01-31,0.0,22204.81,True,False,,,"Stark, Schroeder and Mathis",MarTech,6.0,LATAM,31.0,18460.2,Closed -Won,Core,1.170567629297342,27.927837136679017,5.0,2023-01
A01016,2023-01-31,0.0,14841.14,True,False,,,Yu-Brooks,FinTech,9.0,Asia,50.0,13739.97,Closed -Won,Automation,9.536630209074945,2.118719755533048,0.0,2023-01
A01017,2023-01-31,0.0,9018.66,True,False,,,"Foster, Garcia and Turner",MarTech,7.0,LATAM,23.0,17635.6,Closed -Won,Automation,14.488886363974958,0.9816733016270565,1.0,2023-01
A01019,2023-01-31,0.0,29398.08,True,False,,,Conner-Yu,CyberSecurity,34.0,North America,3.0,7230.12,Closed -Won,Core,22.58679073185356,3.8486977265675786,1.0,2023-01
A01021,2023-01-31,0.0,30224.89,True,False,,,"Buchanan, Walker and Chapman",HealthTech,24.0,North America,4.0,8883.97,Negotiation,Automation,12.210823850649689,2.176784387345825,0.0,2023-01
A01022,2023-01-31,0.0,7768.87,True,False,,,Gray Ltd,FinTech,8.0,LATAM,5.0,8076.14,Closed -Won,Premium Support,9.865094791840754,2.7056625547307367,0.0,2023-01
A01023,2023-01-31,0.0,20849.75,True,False,,,"Phillips, Thompson and Smith",E -Commerce,21.0,LATAM,52.0,14061.72,Closed -Won,Core,17.916218590382798,2.441704808317815,1.0,2023-01
A01024,2023-01-31,0.0,33200.65,True,False,,,"Fry, Myers and Gamble",HealthTech,17.0,LATAM,50.0,16228.51,Closed -Won,Analytics,12.949901841428666,3.515529608278433,3.0,2023-01
A01027,2023-01-31,0.0,44828.28,True,False,,,Rivera Inc,EdTech,12.0,LATAM,5.0,11502.59,Closed -Won,Core,15.949156494216961,4.277103612411636,3.0,2023-01
A01028,2023-01-31,0.0,42830.08,True,False,,,Reed LLC,E -Commerce,34.0,LATAM,17.0,15271.61,Negotiation,API,15.901858799628586,2.936846522707577,0.0,2023-01
A01029,2023-01-31,0.0,11482.04,True,False,,,Fields Inc,CyberSecurity,22.0,Europe,34.0,25117.88,Closed -Won,Analytics,14.059251269178084,1.6485855048220777,0.0,2023-01
A01030,2023-01-31,0.0,10044.52,True,False,,,"Santiago, Daniel and Rogers",HealthTech,18.0,LATAM,20.0,13730.59,Closed -Won,Automation,3.973895520993616,22.740139881670558,5.0,2023-01
A01031,2023-01-31,0.0,8507.38,True,False,,,Baker and Sons,SMB SaaS,8.0,Asia,29.0,10446.47,Negotiation,Core,14.696111227042108,3.2433415029736077,2.0,2023-01
A01032,2023-01-31,0.0,2976.99,True,False,,,"Jones, Scott and Rodriguez",HealthTech,28.0,LATAM,11.0,14928.35,Closed -Won,Premium Support,15.00918879688662,1.207045773469558,1.0,2023-01
A01033,2023-01-31,0.0,38778.92,True,False,,,Williams Group,Logistics,20.0,North America,44.0,14239.5,Closed -Won,Core,15.274655587704448,1.5902617205415228,0.0,2023-01
A01036,2023-01-31,0.0,16897.81,True,False,,,Kramer-Lane,CyberSecurity,9.0,LATAM,44.0,14260.66,Closed -Won,Core,11.549590202508915,1.8065416370384182,0.0,2023-01
A01038,2023-01-31,4529.39,4529.39,False,True,,,Phillips LLC,E -Commerce,31.0,Europe,1.0,18297.54,Closed -Won,Analytics,16.26134245620499,3.1620797379907635,0.0,2023-01
A01039,2023-01-31,0.0,37924.22,True,False,,,Lynn-Jones,SMB SaaS,19.0,LATAM,26.0,20254.05,Negotiation,Core,8.640416124845462,1.595601351214885,2.0,2023-01
A01040,2023-01-31,0.0,15822.27,True,False,,,Barron and Sons,SMB SaaS,6.0,North America,49.0,13511.5,Closed -Won,Core,8.657743413884116,4.019935268799491,2.0,2023-01
A01041,2023-01-31,0.0,21810.96,True,False,,,"Jones, Mcmahon and Spence",Logistics,12.0,Asia,42.0,16402.69,Closed -Won,Premium Support,16.754828364176973,2.3039900072598396,2.0,2023-01
A01042,2023-01-31,0.0,22669.37,True,False,,,Wheeler-Austin,MarTech,7.0,North America,51.0,6817.77,Closed -Won,Premium Support,1.146291270592409,22.324467025379978,6.0,2023-01
A01043,2023-01-31,0.0,42537.65,True,False,,,Bush-Reynolds,E -Commerce,21.0,LATAM,25.0,14926.63,Closed -Won,Analytics,10.204399894941579,2.6308615141807925,1.0,2023-01
A01045,2023-01-31,0.0,60445.24,True,False,,,Rivera and Sons,SMB SaaS,9.0,North America,42.0,18199.99,Closed -Won,Core,12.801364661248956,2.5703389962644323,1.0,2023-01
A01046,2023-01-31,0.0,5501.46,True,False,,,Terry-Bowen,MarTech,26.0,Europe,10.0,15616.15,Closed -Won,Core,13.217509663275129,2.2351688339918065,0.0,2023-01
A01052,2023-01-31,0.0,40679.89,True,False,,,Little Inc,FinTech,15.0,North America,22.0,18004.49,Closed -Won,Core,10.622134682947486,2.5060590204930344,1.0,2023-01
A01053,2023-01-31,0.0,11892.04,True,False,,,Anthony-Parker,FinTech,21.0,LATAM,30.0,11765.81,Closed -Won,Analytics,5.481466498282421,33.37468575212324,3.0,2023-01
A01054,2023-01-31,0.0,12545.21,True,False,,,Ruiz-Jacobson,EdTech,13.0,Asia,57.0,13251.44,Closed -Won,Analytics,12.7473170806669,0.0,2.0,2023-01
A01055,2023-01-31,0.0,17608.29,True,False,,,Davis-Stephens,MarTech,35.0,LATAM,5.0,10553.9,Closed -Won,Core,12.734547181799464,1.7998132822618231,1.0,2023-01
A01056,2023-01-31,0.0,15243.79,True,False,,,Watson Group,CyberSecurity,6.0,Asia,59.0,15641.11,Closed -Won,Analytics,14.847976370689702,2.9995550728085343,1.0,2023-01
A01057,2023-01-31,0.0,25737.54,True,False,,,Lopez-Williams,EdTech,34.0,LATAM,27.0,15333.91,Closed -Won,Core,13.613275171797502,1.2347933767314294,0.0,2023-01
A01058,2023-01-31,0.0,5753.97,True,False,,,Marshall-Perez,FinTech,22.0,Europe,46.0,16586.11,Closed -Won,Core,16.512430438717438,2.9209464430715433,0.0,2023-01
A01059,2023-01-31,0.0,4329.65,True,False,,,Elliott-Hernandez,EdTech,7.0,Asia,26.0,16234.24,Negotiation,Automation,11.199732386598,2.183609164390345,0.0,2023-01
A01060,2023-01-31,0.0,21606.81,True,False,,,"Contreras, Miller and Cooper",MarTech,9.0,North America,19.0,17892.62,Closed -Won,Core,0.8493027527663446,24.401142200838276,8.0,2023-01
A01061,2023-01-31,0.0,22453.41,True,False,,,"Gutierrez, Avila and Perez",E -Commerce,9.0,LATAM,46.0,23339.55,Closed -Won,API,3.844383300288629,24.77136425290713,3.0,2023-01
A01065,2023-01-31,0.0,24461.37,True,False,,,Miller-Orr,CyberSecurity,15.0,North America,45.0,14859.04,Closed -Won,Automation,2.199613576605496,26.898649749275386,2.0,2023-01
A01066,2023-01-31,0.0,23757.14,True,False,,,"Johnson, Duncan and Black",Logistics,27.0,Europe,23.0,8661.51,Closed -Won,Core,11.726658298055114,0.3553339670109761,1.0,2023-01
A01067,2023-01-31,0.0,5120.52,True,False,,,"Byrd, Oliver and Martinez",E -Commerce,14.0,LATAM,55.0,18320.24,Closed -Won,Analytics,9.642464848979241,1.6218791268676807,0.0,2023-01
A01068,2023-01-31,0.0,32313.3,True,False,,,Thompson-Joyce,Logistics,13.0,North America,38.0,22154.34,Closed -Won,Premium Support,16.896023876942188,0.19559757722013416,1.0,2023-01
A01069,2023-01-31,0.0,8260.91,True,False,,,Stokes and Sons,HealthTech,14.0,Europe,20.0,11533.58,Closed -Won,Core,12.104615981218723,2.657364826208634,1.0,2023-01
A01070,2023-01-31,7450.87,7450.87,False,True,,,Henderson Ltd,CyberSecurity,15.0,Europe,1.0,20052.63,Closed -Won,Core,17.449434811596074,2.8961998392929678,1.0,2023-01
A01071,2023-01-31,0.0,26105.29,True,False,,,Harris-Carson,FinTech,31.0,LATAM,40.0,19293.13,Closed -Won,Core,14.085412373328282,2.941702242133042,0.0,2023-01
A01072,2023-01-31,0.0,6219.97,True,False,,,Flowers LLC,FinTech,13.0,Asia,13.0,16096.96,Closed -Won,Premium Support,14.88427658616591,2.489094699229804,0.0,2023-01
A01073,2023-01-31,0.0,13706.85,True,False,,,Bartlett-Sloan,Logistics,14.0,LATAM,45.0,18322.54,Closed -Won,Core,13.365500761709441,2.9679251293892985,1.0,2023-01
A01076,2023-01-31,0.0,8800.43,True,False,,,"Ellis, Marks and Buchanan",E -Commerce,11.0,Asia,10.0,20064.12,Closed -Won,Core,1.9292823934581311,19.215760452095033,2.0,2023-01
A01078,2023-01-31,0.0,25086.98,True,False,,,Hernandez PLC,HealthTech,11.0,North America,10.0,16221.9,Negotiation,Analytics,8.630977932835638,3.6162517359327575,2.0,2023-01
A01079,2023-01-31,0.0,9654.31,True,False,,,"Chang, Ayers and Buckley",HealthTech,10.0,North America,25.0,11826.67,Negotiation,Core,13.839194876418617,3.093237182354694,0.0,2023-01
A01081,2023-01-31,0.0,20191.5,True,False,,,Humphrey-Baker,Logistics,26.0,Europe,55.0,15057.2,Closed -Won,Core,0.022477909131497498,24.651250269787074,3.0,2023-01
A01082,2023-01-31,0.0,12127.58,True,False,,,"Washington, Lynch and Johnson",HealthTech,11.0,Asia,59.0,14454.16,Closed -Won,Analytics,13.941797642900525,1.0064052155544183,1.0,2023-01
A01083,2023-01-31,0.0,21088.87,True,False,,,Powell-Montgomery,E -Commerce,28.0,LATAM,57.0,18776.66,Negotiation,API,2.3765479740897777,25.241605547465266,5.0,2023-01
A01084,2023-01-31,0.0,6672.3,True,False,,,"Steele, Williams and Preston",MarTech,10.0,Europe,33.0,13845.2,Closed -Won,Core,17.200468790562557,3.1106758318223067,0.0,2023-01
A01085,2023-01-31,0.0,17560.67,True,False,,,Vaughn-Williams,HealthTech,29.0,North America,12.0,12178.08,Closed -Won,Analytics,15.376969697822087,2.4098714892592343,0.0,2023-01
A01086,2023-01-31,0.0,27214.5,True,False,,,Mccall-Prince,MarTech,8.0,LATAM,50.0,19351.03,Closed -Won,Premium Support,16.581180766911725,0.41430921081543803,0.0,2023-01
A01087,2023-01-31,0.0,16881.8,True,False,,,Morgan LLC,FinTech,19.0,Europe,48.0,8962.76,Negotiation,Core,12.948972572228485,2.104610897115835,1.0,2023-01
A01088,2023-01-31,0.0,12804.8,True,False,,,Ramirez-Vasquez,HealthTech,25.0,Asia,59.0,17911.56,Closed -Won,Premium Support,22.469352233801438,0.08667180793365192,0.0,2023-01
A01089,2023-01-31,0.0,22588.77,True,False,,,"Cohen, Compton and Perez",HealthTech,13.0,Europe,39.0,10075.58,Closed -Won,Premium Support,2.9775463118267456,32.08735501832291,3.0,2023-01
A01090,2023-01-31,0.0,2288.64,True,False,,,Mccann-Ramos,Logistics,24.0,LATAM,9.0,7758.33,Negotiation,Core,0.43989965089648875,27.774725056287096,4.0,2023-01
A01091,2023-01-31,0.0,27158.7,True,False,,,Adams-Butler,E -Commerce,26.0,Asia,30.0,17628.34,Closed -Won,Analytics,16.70407574824068,0.7768786001470671,0.0,2023-01
A01092,2023-01-31,0.0,2715.89,True,False,,,"Davis, Alexander and Mcintyre",SMB SaaS,25.0,Europe,27.0,16297.72,Closed -Won,Automation,2.7103578439807063,26.773496600664338,2.0,2023-01
A01093,2023-01-31,0.0,30217.53,True,False,,,Figueroa-Malone,MarTech,17.0,Europe,50.0,12471.65,Closed -Lost,API,7.95826914945067,27.037176377349347,6.0,2023-01
A01094,2023-01-31,0.0,12433.48,True,False,,,Nicholson-Robertson,HealthTech,29.0,LATAM,24.0,10377.14,Closed -Won,Automation,16.025955973979322,2.232398962414211,1.0,2023-01
A01095,2023-01-31,0.0,28666.65,True,False,,,Jones Ltd,E -Commerce,27.0,Europe,20.0,16353.62,Closed -Won,Core,7.749328536181878,4.191707947151051,1.0,2023-01
A01099,2023-01-31,0.0,19255.03,True,False,,,Hull Ltd,EdTech,30.0,LATAM,3.0,13299.22,Closed -Won,Automation,1.1574043677402068,26.007293708952353,3.0,2023-01
A01101,2023-01-31,0.0,36391.95,True,False,,,"Sanders, Leblanc and Maldonado",E -Commerce,28.0,Europe,29.0,10889.28,Closed -Lost,Analytics,12.309493162565454,2.2809772068304284,0.0,2023-01
A01102,2023-01-31,0.0,20755.27,True,False,,,Watson PLC,SMB SaaS,30.0,Asia,28.0,9177.58,Negotiation,API,15.71636045474391,2.3799232868004485,1.0,2023-01
A01103,2023-01-31,0.0,28711.38,True,False,,,Thompson-Harrell,E -Commerce,14.0,LATAM,55.0,11260.74,Closed -Won,Premium Support,14.951211357406537,0.557631589804706,0.0,2023-01
A01104,2023-01-31,0.0,52382.42,True,False,,,"Arnold, Cooper and Monroe",FinTech,27.0,LATAM,9.0,15967.47,Closed -Won,Analytics,15.098143392497535,2.061351619502952,1.0,2023-01
A01105,2023-01-31,0.0,28550.18,True,False,,,Curry-Barker,Logistics,11.0,LATAM,19.0,22645.23,Closed -Won,API,10.823174935305525,1.9437341457347408,0.0,2023-01
A01106,2023-01-31,0.0,12183.17,True,False,,,Johnson-Williams,Logistics,16.0,Europe,11.0,15608.9,Closed -Won,Core,13.829092637544166,0.9757865447894489,1.0,2023-01
A01107,2023-01-31,0.0,19698.83,True,False,,,"Chan, Lewis and Walker",CyberSecurity,34.0,LATAM,15.0,11512.77,Closed -Won,Core,13.459498856211978,1.778498513611155,2.0,2023-01
A01110,2023-01-31,0.0,13457.36,True,False,,,"Smith, Buck and Holland",SMB SaaS,18.0,LATAM,3.0,8067.19,Closed -Won,Analytics,14.451427766025844,0.5879003084159664,1.0,2023-01
A01111,2023-01-31,0.0,21744.65,True,False,,,"Owen, Walker and Franklin",HealthTech,12.0,Asia,38.0,7473.44,Closed -Won,Core,10.171483134834205,1.7267831668030567,1.0,2023-01
A01113,2023-01-31,0.0,9546.02,True,False,,,Coleman-Bennett,HealthTech,22.0,North America,12.0,18538.85,Closed -Won,Core,21.833228685227787,2.1935135230311826,2.0,2023-01
A01114,2023-01-31,0.0,17195.74,True,False,,,Stevens-Robinson,E -Commerce,19.0,Europe,18.0,18639.52,Closed -Won,Automation,4.408566040799006,26.903064798231416,5.0,2023-01
A01115,2023-01-31,0.0,7698.51,True,False,,,Byrd-Holloway,Logistics,21.0,LATAM,12.0,16385.02,Closed -Lost,Core,5.0768013117269035,1.5883869378881532,3.0,2023-01
A01116,2023-01-31,0.0,9942.35,True,False,,,Silva-Smith,FinTech,7.0,Europe,29.0,19787.86,Closed -Won,Analytics,3.4625051102117816,23.12084984775607,4.0,2023-01
A01118,2023-01-31,0.0,12728.46,True,False,,,"Lynch, Evans and Rodriguez",Logistics,6.0,Asia,35.0,13485.37,Closed -Won,Automation,13.453018962296062,2.962976754986563,2.0,2023-01
A01121,2023-01-31,0.0,46064.26,True,False,,,"Evans, Hernandez and Cannon",SMB SaaS,10.0,Asia,1.0,30563.37,Closed -Won,Core,2.6241797308973585,22.284733346659603,1.0,2023-01
A01122,2023-01-31,0.0,28588.18,True,False,,,Trujillo PLC,E -Commerce,26.0,Asia,5.0,14212.58,Closed -Won,Core,10.554590076874973,3.496682496209152,0.0,2023-01
A01123,2023-01-31,0.0,24901.19,True,False,,,Guerrero-Becker,MarTech,6.0,North America,16.0,15716.63,Closed -Won,Automation,17.56606595482811,3.368627651803056,0.0,2023-01
A01124,2023-01-31,0.0,27375.01,True,False,,,"Johnson, Jimenez and Phillips",MarTech,22.0,Europe,15.0,21949.5,Closed -Won,Core,13.832021024905792,3.562949516740723,2.0,2023-01
A01125,2023-01-31,0.0,26999.16,True,False,,,Sullivan-Doyle,CyberSecurity,33.0,North America,50.0,17217.44,Closed -Won,Core,11.194927177665353,0.846857189528766,2.0,2023-01
A01126,2023-01-31,0.0,12015.51,True,False,,,"Erickson, Armstrong and Lee",E -Commerce,16.0,North America,50.0,8281.34,Closed -Won,Core,17.373050484196085,2.6474262779104683,2.0,2023-01
A01128,2023-01-31,0.0,20245.09,True,False,,,Knox-Powers,HealthTech,23.0,Europe,38.0,16296.5,Closed -Won,Core,12.334369708995249,3.399027321856619,3.0,2023-01
A01129,2023-01-31,0.0,4335.08,True,False,,,"Evans, Jackson and Sandoval",CyberSecurity,14.0,North America,33.0,3648.17,Negotiation,Core,1.7927405787104775,22.970493377898272,4.0,2023-01
A01131,2023-01-31,0.0,7765.84,True,False,,,Hardy-Hansen,CyberSecurity,31.0,Asia,25.0,12118.42,Closed -Won,Analytics,11.94493769408167,2.075203064950419,0.0,2023-01
A01132,2023-01-31,0.0,14650.81,True,False,,,Arroyo LLC,FinTech,25.0,Asia,40.0,13101.76,Negotiation,Core,7.535104338499685,3.847060233007612,3.0,2023-01
A01134,2023-01-31,0.0,26502.37,True,False,,,Fisher-Eaton,CyberSecurity,24.0,North America,46.0,17890.4,Closed -Lost,API,15.366651042214334,1.2307104185771345,3.0,2023-01
A01135,2023-01-31,0.0,29639.67,True,False,,,Green-Carter,HealthTech,28.0,LATAM,37.0,20068.77,Negotiation,Analytics,3.664450658031637,28.61605178267698,4.0,2023-01
A01136,2023-01-31,0.0,11740.87,True,False,,,Ruiz Ltd,Logistics,19.0,LATAM,4.0,20214.59,Closed -Won,Core,20.829619080328317,2.1446162870330823,0.0,2023-01
A01137,2023-01-31,0.0,22013.52,True,False,,,"Carpenter, Oliver and Kennedy",E -Commerce,35.0,North America,43.0,21411.16,Closed -Won,API,1.4832929799941794,37.518979500839485,2.0,2023-01
A01139,2023-01-31,0.0,12586.99,True,False,,,Moreno-Gutierrez,CyberSecurity,6.0,Europe,44.0,6642.18,Closed -Won,Core,11.325753597275668,2.101033322524254,1.0,2023-01
A01140,2023-01-31,0.0,12592.41,True,False,,,Taylor and Sons,E -Commerce,26.0,Asia,32.0,4988.48,Closed -Won,Core,18.872082294042077,2.5502387706232046,0.0,2023-01
A01142,2023-01-31,0.0,25097.5,True,False,,,Thomas-Huffman,EdTech,35.0,LATAM,20.0,14759.87,Closed -Won,Core,2.242687430921327,14.173743337982415,3.0,2023-01
A01144,2023-01-31,0.0,14207.2,True,False,,,Welch-Thompson,SMB SaaS,18.0,Asia,50.0,16854.62,Closed -Won,Core,10.243135283309572,1.154443347906473,2.0,2023-01
A01145,2023-01-31,0.0,24490.22,True,False,,,"Brown, Hayes and Clark",HealthTech,22.0,LATAM,20.0,7982.8,Closed -Lost,API,12.604939726487073,1.9059532884503316,0.0,2023-01
A01146,2023-01-31,0.0,23544.62,True,False,,,Johnston and Sons,CyberSecurity,17.0,North America,29.0,12582.42,Negotiation,Core,13.300675010064754,2.741932926490246,0.0,2023-01
A01147,2023-01-31,0.0,11277.0,True,False,,,Glover-Chan,FinTech,29.0,North America,32.0,16712.2,Closed -Won,API,16.191969817436355,2.9285761165630952,0.0,2023-01
A01148,2023-01-31,0.0,7504.26,True,False,,,Mendez Ltd,EdTech,18.0,Europe,46.0,10546.14,Closed -Won,Core,12.835734994696944,3.298501656194275,0.0,2023-01
A01149,2023-01-31,0.0,13016.16,True,False,,,Powell-Sanford,SMB SaaS,29.0,North America,41.0,21020.58,Closed -Won,Core,10.197622274484454,2.335436066782794,1.0,2023-01
A01150,2023-01-31,0.0,15267.77,True,False,,,Smith-Ferguson,HealthTech,18.0,North America,51.0,13237.87,Closed -Won,API,9.1886835342299,2.3557857112444407,2.0,2023-01
A01151,2023-01-31,0.0,19368.81,True,False,,,"Watson, Smith and Morris",MarTech,12.0,Asia,22.0,13712.56,Negotiation,Core,8.102697907242204,24.518908173502737,7.0,2023-01
A01152,2023-01-31,0.0,17005.07,True,False,,,"Lee, Rhodes and Sims",HealthTech,35.0,Asia,30.0,8582.68,Closed -Won,Core,14.217877560407674,1.405229786428692,0.0,2023-01
A01153,2023-01-31,0.0,6108.45,True,False,,,Perez LLC,CyberSecurity,21.0,LATAM,26.0,23151.21,Closed -Lost,Automation,12.337061866360497,1.3642209480108378,2.0,2023-01
A01154,2023-01-31,0.0,12194.3,True,False,,,Anderson-Reyes,MarTech,27.0,Asia,54.0,14218.08,Closed -Won,Premium Support,12.597630618523787,1.8752021423456013,3.0,2023-01
A01155,2023-01-31,0.0,2936.8,True,False,,,"Torres, Brown and Williams",E -Commerce,23.0,LATAM,18.0,16162.3,Closed -Won,Core,15.16546079839751,0.7249823004458964,2.0,2023-01
A01156,2023-01-31,0.0,19299.28,True,False,,,Bryant-Meyer,SMB SaaS,16.0,North America,35.0,11908.72,Closed -Won,API,18.171638761068042,2.406900771699909,2.0,2023-01
A01157,2023-01-31,0.0,7204.75,True,False,,,"Morgan, Barron and Cowan",E -Commerce,35.0,LATAM,8.0,13421.27,On -Hold,Core,11.659566247568037,3.049082036168264,0.0,2023-01
A01159,2023-01-31,0.0,13456.6,True,False,,,Martin Group,FinTech,35.0,Asia,23.0,16734.74,Closed -Won,API,16.87481121201597,2.435149189885271,0.0,2023-01
A01160,2023-01-31,0.0,21376.63,True,False,,,Perez Ltd,HealthTech,18.0,Europe,21.0,17304.6,Closed -Won,API,11.671657129408251,1.3708689490580066,0.0,2023-01
A01161,2023-01-31,0.0,16690.51,True,False,,,Clark Inc,SMB SaaS,6.0,North America,35.0,19044.37,Closed -Won,Core,13.953103656310084,0.9834244980050739,2.0,2023-01
A01163,2023-01-31,0.0,3720.11,True,False,,,Brooks Ltd,CyberSecurity,35.0,LATAM,51.0,17181.76,Closed -Won,Analytics,10.066114294869443,0.9977668639827577,1.0,2023-01
A01165,2023-01-31,0.0,10633.86,True,False,,,"Vang, Stanley and Valdez",HealthTech,17.0,LATAM,31.0,14097.33,Closed -Won,Analytics,14.094634035813295,2.2147153970553126,0.0,2023-01
A01166,2023-01-31,0.0,28826.06,True,False,,,Williams Inc,Logistics,30.0,North America,7.0,10089.88,Closed -Won,Core,15.665252748788173,2.2685214784607663,0.0,2023-01
A01167,2023-01-31,0.0,11346.13,True,False,,,Wallace-Martinez,Logistics,24.0,Asia,2.0,13000.77,Closed -Won,Core,10.439340576017862,2.667232141189941,1.0,2023-01
A01168,2023-01-31,0.0,8268.61,True,False,,,Wells-Hernandez,HealthTech,25.0,Asia,24.0,16707.64,Closed -Won,API,0.2235733269093254,18.070069985857106,3.0,2023-01
A01171,2023-01-31,0.0,35776.3,True,False,,,"Obrien, Taylor and Rivas",MarTech,8.0,Asia,38.0,20884.98,On -Hold,Analytics,17.840387806914826,3.6088054973068573,1.0,2023-01
A01172,2023-01-31,0.0,13771.09,True,False,,,Hunt PLC,SMB SaaS,27.0,Europe,38.0,9746.72,Negotiation,Automation,10.468785483049274,2.9391237655057845,2.0,2023-01
A01173,2023-01-31,0.0,29132.03,True,False,,,Campbell Inc,FinTech,6.0,North America,24.0,7532.3,Closed -Won,Core,15.35315804613088,2.800081337761732,1.0,2023-01
A01174,2023-01-31,0.0,14601.88,True,False,,,Gonzalez-Gonzalez,EdTech,27.0,North America,11.0,13948.09,Closed -Won,Core,12.55056027511666,1.410131304492681,1.0,2023-01
A01175,2023-01-31,21458.54,21458.54,False,True,,,Decker-Dudley,FinTech,9.0,LATAM,1.0,20898.66,Closed -Won,Premium Support,14.851701779389764,3.125888220412252,1.0,2023-01
A01177,2023-01-31,0.0,3508.13,True,False,,,Kelley and Sons,CyberSecurity,27.0,LATAM,19.0,15794.34,Closed -Won,Core,8.8595796744431,2.1895372681193654,2.0,2023-01
A01178,2023-01-31,0.0,2533.39,True,False,,,"Fitzpatrick, Rivera and Smith",SMB SaaS,24.0,LATAM,12.0,13859.23,Closed -Lost,Premium Support,12.966448283900501,1.4150721897665077,1.0,2023-01
A01179,2023-01-31,0.0,3941.64,True,False,,,"Davis, Rodriguez and Andrews",E -Commerce,29.0,Europe,16.0,16046.23,Closed -Won,Core,16.167808089830046,2.106695554388445,2.0,2023-01
A01181,2023-01-31,0.0,32892.75,True,False,,,"Jones, Cummings and Conway",MarTech,7.0,North America,36.0,11882.96,Closed -Won,Core,15.20884357974306,0.9060322473963196,0.0,2023-01
A01182,2023-01-31,0.0,48420.86,True,False,,,"Hall, Hinton and Phillips",FinTech,31.0,Europe,55.0,12716.13,Closed -Lost,Automation,14.649050968938134,1.2002009319365299,2.0,2023-01
A01184,2023-01-31,0.0,11868.2,True,False,,,Phelps LLC,CyberSecurity,10.0,Asia,27.0,19477.56,Closed -Won,Core,5.371604085698651,26.86116726430569,4.0,2023-01
A01185,2023-01-31,0.0,20736.65,True,False,,,"Edwards, Rodgers and Davis",Logistics,32.0,Asia,25.0,18341.26,Closed -Won,Core,6.911121677135377,26.820730505137217,2.0,2023-01
A01186,2023-01-31,0.0,9479.65,True,False,,,Smith and Sons,EdTech,11.0,Asia,19.0,7119.32,Closed -Lost,Analytics,6.1139626709813975,12.639027075811088,6.0,2023-01
A01187,2023-01-31,0.0,19943.17,True,False,,,"Holland, Murphy and Kline",EdTech,22.0,North America,9.0,18350.73,Closed -Lost,Core,19.22977512460907,2.4614141144174626,0.0,2023-01
A01189,2023-01-31,0.0,20861.16,True,False,,,White-Morales,MarTech,29.0,North America,34.0,17546.18,Closed -Won,API,14.127690489361754,2.2769934750803453,1.0,2023-01
A01190,2023-01-31,6765.61,6765.61,False,True,,,Nelson-Cruz,MarTech,7.0,LATAM,1.0,14137.58,Closed -Won,Core,14.308653521679199,2.6239909603631792,0.0,2023-01
A01191,2023-01-31,0.0,14975.33,True,False,,,Marsh-Banks,Logistics,9.0,Asia,25.0,16997.35,Closed -Won,Premium Support,13.34627444505134,0.3182940537704053,3.0,2023-01
A01192,2023-01-31,0.0,52027.46,True,False,,,Wilson Ltd,Logistics,18.0,Asia,17.0,15186.23,Closed -Won,API,12.693932108837592,3.0715841917546007,0.0,2023-01
A01193,2023-01-31,0.0,22458.84,True,False,,,"Brown, Dunlap and Moore",HealthTech,20.0,LATAM,11.0,12823.0,Closed -Won,Core,1.3681397174825403,16.1187758377558,3.0,2023-01
A01194,2023-01-31,0.0,11103.02,True,False,,,Pruitt-Webb,EdTech,29.0,Europe,42.0,11965.65,Closed -Won,Analytics,12.482854394122546,1.556489628822512,0.0,2023-01
A01195,2023-01-31,0.0,9275.64,True,False,,,"Gregory, White and James",E -Commerce,24.0,LATAM,32.0,14234.13,Closed -Won,Automation,13.563455211568353,2.3404353217035867,2.0,2023-01
A01197,2023-01-31,0.0,26968.58,True,False,,,"Mcpherson, Anderson and Knapp",FinTech,35.0,LATAM,43.0,13229.21,Closed -Won,Premium Support,14.324035413602953,2.4869304410933397,2.0,2023-01
A01198,2023-01-31,0.0,18872.58,True,False,,,Clay Group,Logistics,19.0,Europe,58.0,13713.61,Closed -Won,Core,15.752584832528083,2.1418279184564057,1.0,2023-01
A01200,2023-01-31,0.0,30883.07,True,False,,,Smith-Oneill,E -Commerce,35.0,LATAM,37.0,17653.4,Negotiation,Analytics,7.974864689332053,3.5287581693762817,1.0,2023-01
A01201,2023-01-31,0.0,51020.29,True,False,,,"Saunders, Ray and Cunningham",EdTech,7.0,North America,52.0,23051.28,Closed -Won,Core,15.771114632166416,2.708065532010135,0.0,2023-01
A01202,2023-01-31,0.0,19543.48,True,False,,,"Marks, Stone and Watts",Logistics,21.0,Asia,29.0,8289.14,Closed -Won,Core,14.36055152827928,2.3021173251356197,1.0,2023-01
A01205,2023-01-31,0.0,14263.2,True,False,,,Combs PLC,Logistics,15.0,North America,39.0,16097.86,Closed -Won,Core,9.804724397852457,4.174771741816684,1.0,2023-01
A01206,2023-01-31,0.0,5881.36,True,False,,,"Brown, Schneider and Moore",SMB SaaS,22.0,LATAM,54.0,14127.87,Negotiation,Core,0.5777988194801362,19.0430078331664,5.0,2023-01
A01208,2023-01-31,0.0,16271.64,True,False,,,Walton LLC,CyberSecurity,11.0,LATAM,43.0,17777.14,Negotiation,Core,7.193404773868009,1.7135737213822597,0.0,2023-01
A01209,2023-01-31,0.0,2537.86,True,False,,,Rivera LLC,HealthTech,14.0,Europe,17.0,15745.9,Closed -Won,Core,1.891012511408709,21.039441592215937,1.0,2023-01
A01210,2023-01-31,0.0,6594.24,True,False,,,Hunter PLC,FinTech,10.0,Asia,57.0,13647.82,Negotiation,Premium Support,12.781422895727193,1.5457432436852405,1.0,2023-01
A01211,2023-01-31,0.0,14910.67,True,False,,,"Gray, Montoya and Miller",EdTech,31.0,North America,37.0,19033.97,Closed -Won,Core,4.378113633947621,20.41510865847209,8.0,2023-01
A01212,2023-01-31,0.0,3997.22,True,False,,,Solis-West,SMB SaaS,26.0,Asia,47.0,23953.61,Closed -Won,Core,11.786822715631345,3.1883422048081194,1.0,2023-01
A01213,2023-01-31,0.0,6948.11,True,False,,,West-Wilson,CyberSecurity,17.0,LATAM,28.0,11446.21,Closed -Won,Premium Support,13.618352627420382,0.7952972054171159,0.0,2023-01
A01214,2023-01-31,0.0,32924.22,True,False,,,Mcgee-Smith,MarTech,17.0,Asia,52.0,17332.87,Closed -Won,Automation,12.544433956498576,2.98356389868382,2.0,2023-01
A01215,2023-01-31,0.0,8987.26,True,False,,,Gutierrez-Hawkins,EdTech,8.0,North America,5.0,15554.19,Closed -Won,Core,8.429929270434844,2.648537734720982,2.0,2023-01
A01216,2023-01-31,0.0,19371.35,True,False,,,Petersen PLC,HealthTech,14.0,North America,7.0,17598.04,Closed -Won,Automation,17.816203660031615,1.6191088683206538,0.0,2023-01
A01219,2023-01-31,0.0,42676.65,True,False,,,Velasquez Group,HealthTech,10.0,Asia,48.0,13006.28,Closed -Won,Analytics,10.614728952364008,0.8989936614906482,0.0,2023-01
A01221,2023-01-31,0.0,18900.47,True,False,,,Moran-Cox,HealthTech,21.0,Europe,39.0,14625.53,Closed -Won,Premium Support,10.104704092710424,2.6554415164696907,0.0,2023-01
A01223,2023-01-31,0.0,15431.64,True,False,,,Smith LLC,E -Commerce,20.0,North America,57.0,3989.36,Closed -Lost,Automation,6.465855516470446,24.35676102214415,4.0,2023-01
A01225,2023-01-31,0.0,7951.78,True,False,,,"Rodriguez, Prince and Vasquez",MarTech,16.0,North America,25.0,12899.79,Closed -Won,API,10.6893214070723,1.8095684663689786,0.0,2023-01
A01226,2023-01-31,0.0,33238.3,True,False,,,"Newton, Ortiz and King",HealthTech,17.0,LATAM,58.0,14793.43,Closed -Won,Premium Support,12.13904170243502,1.6744468428359736,0.0,2023-01
A01227,2023-01-31,0.0,16297.48,True,False,,,Lopez Group,HealthTech,24.0,Europe,7.0,12716.79,Closed -Won,Core,14.026437174520574,0.2530558648231327,0.0,2023-01
A01228,2023-01-31,0.0,26415.52,True,False,,,Bryant and Sons,MarTech,23.0,Europe,59.0,14169.95,Closed -Lost,Core,14.705936679046978,2.0612532502562795,1.0,2023-01
A01229,2023-01-31,0.0,26297.13,True,False,,,"Morgan, Sherman and Williams",CyberSecurity,33.0,Europe,10.0,20105.06,Closed -Won,Automation,2.1000339767416385,14.991429101969025,6.0,2023-01
A01230,2023-01-31,0.0,27141.11,True,False,,,"Monroe, Chapman and Barton",MarTech,13.0,Europe,18.0,15337.29,Closed -Won,API,13.727196792687758,2.0676087987782057,0.0,2023-01
A01231,2023-01-31,0.0,11292.39,True,False,,,Ellis-Lawrence,E -Commerce,14.0,Asia,49.0,23486.06,Closed -Won,API,16.665363292911266,3.769149172019202,2.0,2023-01
A01232,2023-01-31,0.0,43053.39,True,False,,,"Taylor, Porter and Moreno",E -Commerce,10.0,Asia,44.0,17516.33,Closed -Won,Premium Support,0.0,26.615234791139123,5.0,2023-01
A01233,2023-01-31,0.0,37382.98,True,False,,,Tran Group,EdTech,25.0,Europe,58.0,17805.6,Closed -Won,Core,13.981193079224422,1.3388962831062796,2.0,2023-01
A01234,2023-01-31,0.0,17747.15,True,False,,,"Webb, Romero and Morse",EdTech,22.0,Europe,45.0,14183.15,Closed -Won,API,11.14764816379348,2.13301899568367,1.0,2023-01
A01235,2023-01-31,0.0,6239.62,True,False,,,Holt and Sons,MarTech,16.0,LATAM,38.0,14759.92,Closed -Lost,API,10.841947483650406,2.2437668101924317,1.0,2023-01
A01239,2023-01-31,0.0,9544.85,True,False,,,Waller-Chavez,EdTech,22.0,Asia,18.0,17227.23,Closed -Won,API,17.972849576209963,0.0,2.0,2023-01
A01240,2023-01-31,0.0,274.57,True,False,,,Taylor PLC,EdTech,19.0,Asia,3.0,14439.94,Closed -Won,API,16.760268542995487,1.8832907311150782,1.0,2023-01
A01241,2023-01-31,0.0,23248.47,True,False,,,"Tanner, Hunt and Cameron",EdTech,18.0,LATAM,30.0,15879.97,Closed -Won,Analytics,8.203082130922493,1.1914584780613322,2.0,2023-01
A01242,2023-01-31,0.0,14313.43,True,False,,,"Valencia, Joseph and Walls",CyberSecurity,19.0,Europe,46.0,15348.89,Closed -Won,API,9.576715615993797,1.54667673568621,0.0,2023-01
A01243,2023-01-31,0.0,27429.15,True,False,,,"Robinson, Clark and Klein",Logistics,33.0,Europe,57.0,15157.99,Closed -Won,Core,3.1113308070189345,23.04923650333391,5.0,2023-01
A01245,2023-01-31,0.0,4001.9,True,False,,,"Hester, Thompson and Daniels",MarTech,14.0,Europe,52.0,14799.72,Closed -Won,Analytics,2.3413018815267703,24.16751591498963,4.0,2023-01
A01247,2023-01-31,0.0,15766.54,True,False,,,Aguilar-Bender,MarTech,7.0,LATAM,51.0,13922.43,Closed -Won,Automation,14.898396571561994,0.0,0.0,2023-01
A01248,2023-01-31,0.0,15666.16,True,False,,,"Butler, Adkins and Skinner",HealthTech,10.0,North America,28.0,13854.86,Negotiation,Analytics,10.934411924523689,2.2855960373327986,1.0,2023-01
A01249,2023-01-31,0.0,9497.44,True,False,,,Rich-Henderson,EdTech,22.0,Asia,20.0,16763.87,Closed -Won,Automation,15.474320884593414,1.8053612078009649,0.0,2023-01
A01250,2023-01-31,0.0,9184.46,True,False,,,Mills Inc,MarTech,21.0,Europe,58.0,12767.56,Closed -Won,Premium Support,10.1727081357486,0.8989874652458969,0.0,2023-01
A01251,2023-01-31,0.0,28372.84,True,False,,,Thomas-Santiago,EdTech,25.0,Europe,15.0,19501.64,Negotiation,Analytics,5.090085086522908,31.3344300617172,4.0,2023-01
A01252,2023-01-31,0.0,2895.5,True,False,,,Adams and Sons,MarTech,9.0,North America,25.0,13922.67,Closed -Won,Analytics,2.8437099963784553,16.948416569035,2.0,2023-01
A01253,2023-01-31,0.0,20371.73,True,False,,,Vega-Thomas,Logistics,31.0,North America,5.0,21276.63,Closed -Won,Premium Support,11.525508269727222,1.3315065181068624,0.0,2023-01
A01254,2023-01-31,0.0,13152.69,True,False,,,Vaughn LLC,Logistics,20.0,Asia,47.0,15104.08,Closed -Won,Core,16.414032284396946,0.35626718918810907,0.0,2023-01
A01256,2023-01-31,0.0,53832.1,True,False,,,Cervantes-Garcia,MarTech,15.0,Asia,6.0,18974.84,Closed -Won,Analytics,3.8385493268005186,21.885186685351297,5.0,2023-01
A01257,2023-01-31,0.0,5305.15,True,False,,,"Stevenson, Hancock and Newton",Logistics,12.0,Asia,14.0,19894.39,Closed -Won,Analytics,15.651239569073878,1.8444965307401904,1.0,2023-01
A01259,2023-01-31,0.0,24327.79,True,False,,,"Roberts, Beck and House",HealthTech,20.0,Europe,32.0,25486.66,Closed -Won,Core,1.0206947071431995,29.115260000521843,5.0,2023-01
A01261,2023-01-31,0.0,11013.15,True,False,,,"Edwards, Arnold and Smith",HealthTech,19.0,Europe,16.0,8963.71,Closed -Won,Core,13.998411459482405,2.462826046145924,3.0,2023-01
A01262,2023-01-31,0.0,13905.22,True,False,,,Harris-Melton,FinTech,33.0,LATAM,55.0,14861.18,Closed -Won,Automation,14.130731989491835,2.199593402760192,1.0,2023-01
A01263,2023-01-31,0.0,23638.55,True,False,,,Greer-Pruitt,CyberSecurity,34.0,LATAM,27.0,18179.03,Closed -Won,Core,19.396993330534244,2.816487784344106,2.0,2023-01
A01264,2023-01-31,0.0,17198.83,True,False,,,"Mckinney, Richardson and Chapman",E -Commerce,20.0,LATAM,49.0,16819.52,Closed -Won,API,3.880221406531236,23.423644838464607,6.0,2023-01
A01266,2023-01-31,7677.69,7677.69,False,True,,,Cole-Lucero,EdTech,30.0,Asia,3.0,13648.01,Closed -Won,Analytics,17.864351653493106,1.4776663257726281,0.0,2023-01
A01267,2023-01-31,0.0,15427.25,True,False,,,Lopez and Sons,Logistics,30.0,LATAM,4.0,11761.29,Closed -Won,Analytics,3.8151941108432683,21.93222916216251,3.0,2023-01
A01268,2023-01-31,0.0,19844.3,True,False,,,"Palmer, Bennett and Patterson",MarTech,12.0,LATAM,22.0,12343.69,Closed -Lost,Core,3.9507251673284047,30.250501308752057,2.0,2023-01
A01270,2023-01-31,0.0,6728.51,True,False,,,Rivera Ltd,FinTech,16.0,North America,3.0,16866.66,Closed -Won,Core,1.419505708111523,28.774314810063558,5.0,2023-01
A01272,2023-01-31,0.0,19273.23,True,False,,,"Williams, Randolph and Gilbert",Logistics,8.0,North America,7.0,12462.39,Negotiation,Analytics,5.214290015308018,23.738197631278336,2.0,2023-01
A01273,2023-01-31,0.0,2896.95,True,False,,,"Turner, Tyler and Pierce",Logistics,24.0,LATAM,55.0,17843.0,Closed -Won,Analytics,6.308200207167225,24.122526516295864,4.0,2023-01
A01274,2023-01-31,0.0,9893.98,True,False,,,Bowers LLC,SMB SaaS,18.0,Europe,40.0,11574.37,Closed -Won,Core,14.354116500971221,3.448898526142031,2.0,2023-01
A01275,2023-01-31,0.0,8051.06,True,False,,,"Robinson, White and Jones",EdTech,30.0,Asia,45.0,11394.19,Closed -Won,Core,11.636995392728805,0.9398321051320389,1.0,2023-01
A01276,2023-01-31,0.0,44645.58,True,False,,,"Moore, Daniels and Powell",FinTech,26.0,Asia,43.0,23793.45,Closed -Won,Analytics,12.56122704485448,1.0351728780371334,0.0,2023-01
A01277,2023-01-31,0.0,13345.49,True,False,,,Walker-Lewis,SMB SaaS,8.0,LATAM,39.0,12892.88,Closed -Won,Premium Support,12.64338382082702,3.124295273688533,0.0,2023-01
A01278,2023-01-31,0.0,39642.14,True,False,,,Rivera-Carter,E -Commerce,31.0,LATAM,46.0,7698.38,Closed -Won,API,13.855504453128884,2.027604896838709,1.0,2023-01
A01279,2023-01-31,22206.67,22206.67,False,True,,,"Moreno, Barajas and Colon",HealthTech,20.0,Europe,1.0,10040.58,Closed -Won,Premium Support,12.414433230785477,1.3288216929558214,1.0,2023-01
A01281,2023-01-31,0.0,9599.68,True,False,,,"Austin, Oliver and Haley",SMB SaaS,34.0,North America,44.0,21598.04,Closed -Won,Automation,14.257299331843516,1.561533038312015,0.0,2023-01
A01283,2023-01-31,0.0,5103.89,True,False,,,Cruz PLC,Logistics,6.0,LATAM,24.0,10835.99,Closed -Won,Analytics,4.031312092213612,21.152972749831793,3.0,2023-01
A01285,2023-01-31,0.0,30971.58,True,False,,,Robertson-Hicks,E -Commerce,18.0,North America,23.0,21849.11,Closed -Won,API,13.630560784719124,2.2058154966306627,0.0,2023-01
A01287,2023-01-31,0.0,17126.41,True,False,,,Flores Inc,EdTech,11.0,LATAM,54.0,21532.01,Closed -Won,API,1.80898136177026,25.34984822478932,5.0,2023-01
A01288,2023-01-31,0.0,14629.71,True,False,,,Jackson PLC,SMB SaaS,29.0,LATAM,14.0,13655.14,Closed -Won,Core,0.8280432333769183,23.323655034578746,2.0,2023-01
A01289,2023-01-31,0.0,44442.33,True,False,,,"Smith, Jones and Santiago",SMB SaaS,10.0,LATAM,7.0,10293.57,On -Hold,API,11.199618925980463,3.4396335305269163,0.0,2023-01
A01290,2023-01-31,0.0,34113.48,True,False,,,Hancock Group,SMB SaaS,11.0,LATAM,37.0,22239.77,Closed -Won,API,11.743704943004097,2.9856467932775907,0.0,2023-01
A01291,2023-01-31,0.0,19346.07,True,False,,,Harris Ltd,CyberSecurity,21.0,North America,14.0,12115.02,Closed -Won,Core,12.76929649538106,2.144898303762739,0.0,2023-01
A01292,2023-01-31,0.0,11173.87,True,False,,,"Rowe, Lucas and Case",FinTech,8.0,Europe,51.0,12738.26,Closed -Won,Core,16.97737482801947,0.4389872774186896,2.0,2023-01
A01294,2023-01-31,42192.1,42192.1,False,True,,,Miller Inc,MarTech,34.0,North America,1.0,15141.97,Closed -Lost,Core,11.215624515326567,0.9459052026122636,1.0,2023-01
A01297,2023-01-31,0.0,24215.31,True,False,,,Russell-Hayes,E -Commerce,16.0,Asia,16.0,12335.53,Closed -Won,Premium Support,16.428636546650374,3.6029048928422998,3.0,2023-01
A01298,2023-01-31,0.0,29175.11,True,False,,,Hamilton-Smith,HealthTech,24.0,Europe,40.0,15723.61,Closed -Won,Core,14.43651965789485,0.4285627862259913,0.0,2023-01
A01299,2023-01-31,0.0,20498.91,True,False,,,"Wilson, Smith and Cortez",Logistics,13.0,Asia,32.0,16949.63,Negotiation,Premium Support,14.278369587923125,0.8386602830872871,1.0,2023-01
A01303,2023-01-31,0.0,6784.3,True,False,,,"Turner, Miller and Hubbard",HealthTech,11.0,Asia,42.0,16549.41,Closed -Won,Premium Support,0.0,26.054651495440268,7.0,2023-01
A01304,2023-01-31,0.0,26830.13,True,False,,,James-Short,FinTech,12.0,North America,53.0,13863.56,Negotiation,API,11.43226266142426,1.7363963068593857,2.0,2023-01
A01305,2023-01-31,0.0,11377.25,True,False,,,Wells PLC,FinTech,19.0,Europe,37.0,13514.19,Negotiation,Core,13.31107926860648,3.3560436314849675,0.0,2023-01
A01306,2023-01-31,0.0,5735.9,True,False,,,Taylor Group,MarTech,18.0,LATAM,40.0,16482.16,Closed -Won,Core,17.695784972623617,3.8877608852169696,1.0,2023-01
A01308,2023-01-31,0.0,19196.48,True,False,,,"Wong, Bernard and Smith",Logistics,16.0,North America,15.0,26598.56,Closed -Won,Core,3.3867909687232918,22.271020262774048,6.0,2023-01
A01309,2023-01-31,0.0,25907.74,True,False,,,"Thomas, Williams and Armstrong",E -Commerce,14.0,Europe,25.0,4939.83,Closed -Won,Core,12.123962621685436,1.163134242715357,2.0,2023-01
A01310,2023-01-31,0.0,18724.78,True,False,,,Medina-Arroyo,EdTech,33.0,North America,51.0,12756.5,Closed -Won,Analytics,11.703008909668082,2.6332063998861224,2.0,2023-01
A01311,2023-01-31,0.0,15030.64,True,False,,,Clark-Figueroa,FinTech,23.0,North America,31.0,17056.56,Closed -Lost,Core,2.8550502477319974,14.259518815256131,3.0,2023-01
A01312,2023-01-31,0.0,16000.02,True,False,,,"Cooper, Gutierrez and Brewer",MarTech,33.0,Asia,21.0,17919.71,Closed -Won,Core,11.378082318062777,3.25602073738005,1.0,2023-01
A01313,2023-01-31,0.0,8879.66,True,False,,,"Thomas, White and Jensen",HealthTech,35.0,North America,46.0,11621.34,Closed -Won,Automation,3.559414816769926,20.90952978078624,1.0,2023-01
A01314,2023-01-31,0.0,31339.46,True,False,,,Lee-White,SMB SaaS,25.0,Asia,51.0,12398.96,Closed -Won,Core,15.054877997070047,1.1614682948647754,3.0,2023-01
A01315,2023-01-31,0.0,7486.12,True,False,,,"Phelps, York and Randolph",EdTech,30.0,Asia,54.0,15199.6,Closed -Won,API,11.379218196597224,2.008197004309821,0.0,2023-01
A01316,2023-01-31,0.0,20891.12,True,False,,,"Murray, Dunn and Roberts",MarTech,9.0,Asia,18.0,9567.54,Closed -Won,Analytics,13.785671768016998,3.3807867044335773,0.0,2023-01
A01317,2023-01-31,0.0,29946.95,True,False,,,King and Sons,FinTech,34.0,North America,42.0,10190.9,Negotiation,Premium Support,12.353677128321388,1.5994829016533816,0.0,2023-01
A01319,2023-01-31,0.0,24643.93,True,False,,,"Rios, Garcia and Harvey",HealthTech,27.0,Europe,27.0,18268.43,On -Hold,Core,0.9151133598785512,29.2609748695945,7.0,2023-01
A01320,2023-01-31,0.0,9546.57,True,False,,,Stewart Group,FinTech,13.0,LATAM,24.0,15046.73,Closed -Won,API,12.887886191337733,1.7209742465116609,0.0,2023-01
A01321,2023-01-31,0.0,20419.27,True,False,,,Jensen-Torres,CyberSecurity,8.0,Asia,7.0,18079.25,Closed -Won,Analytics,15.601328821575521,0.17870183873050238,0.0,2023-01
A01324,2023-01-31,0.0,28983.34,True,False,,,Joseph Ltd,EdTech,10.0,Asia,53.0,10366.15,Closed -Won,Core,13.504384637805428,3.8598926148183104,1.0,2023-01
A01325,2023-01-31,0.0,13383.49,True,False,,,Hill-Ward,Logistics,25.0,Asia,52.0,17498.19,Negotiation,Core,11.427747660945338,0.6676230431568875,0.0,2023-01
A01326,2023-01-31,0.0,32459.66,True,False,,,"Quinn, Humphrey and Ford",E -Commerce,7.0,LATAM,12.0,12301.81,Negotiation,API,5.305978610684779,24.673464938308516,1.0,2023-01
A01328,2023-01-31,0.0,12857.3,True,False,,,Thompson PLC,FinTech,27.0,Asia,6.0,13777.92,On -Hold,Core,11.285599748783822,2.51962093093531,4.0,2023-01
A01329,2023-01-31,0.0,42643.74,True,False,,,Wilkinson and Sons,E -Commerce,27.0,Europe,40.0,20197.0,Negotiation,API,17.042519786744897,0.9931983671558755,1.0,2023-01
A01330,2023-01-31,0.0,2996.3,True,False,,,"Gonzalez, Gross and Sims",MarTech,19.0,North America,21.0,11173.84,Closed -Won,Core,6.483447657400307,19.52092507728863,5.0,2023-01
A01331,2023-01-31,0.0,17207.01,True,False,,,"Jones, Smith and Hunter",FinTech,17.0,LATAM,27.0,10443.83,Closed -Won,Core,13.315703127970282,2.097196752283815,0.0,2023-01
A01333,2023-01-31,0.0,26854.24,True,False,,,Hammond-Lewis,CyberSecurity,11.0,Asia,26.0,13607.44,Closed -Won,Automation,5.01493346733165,18.85892048694449,2.0,2023-01
A01334,2023-01-31,0.0,9379.6,True,False,,,Arnold PLC,E -Commerce,8.0,Asia,48.0,15590.56,Closed -Won,Analytics,17.818462411187266,3.2916370135332556,0.0,2023-01
A01335,2023-01-31,0.0,4339.61,True,False,,,"Kennedy, Rowe and Diaz",SMB SaaS,10.0,Europe,32.0,14707.68,Closed -Won,Analytics,11.359436152591348,1.5992484175079396,1.0,2023-01
A01336,2023-01-31,0.0,12216.49,True,False,,,Vance PLC,SMB SaaS,30.0,Europe,59.0,12938.54,Closed -Lost,Analytics,14.63459761824656,0.10629925588096323,2.0,2023-01
A01337,2023-01-31,0.0,13196.11,True,False,,,"Vincent, Anderson and Mason",SMB SaaS,20.0,Europe,38.0,13926.02,Negotiation,Premium Support,12.235808737637868,1.7759434854951626,3.0,2023-01
A01338,2023-01-31,0.0,10810.86,True,False,,,Sanders PLC,EdTech,7.0,LATAM,18.0,6241.52,Closed -Won,Core,11.230996878642728,2.480273348245706,2.0,2023-01
A01339,2023-01-31,0.0,5849.96,True,False,,,Bates PLC,SMB SaaS,11.0,LATAM,46.0,20959.84,Negotiation,Core,17.941659577905305,2.341961152061046,0.0,2023-01
A01340,2023-01-31,0.0,14926.54,True,False,,,"Martin, Palmer and Griffin",E -Commerce,6.0,LATAM,25.0,12433.73,Closed -Won,Automation,19.568649702185855,2.334222587139946,0.0,2023-01
A01342,2023-01-31,0.0,14909.44,True,False,,,"Brennan, Thomas and Dennis",Logistics,19.0,Asia,9.0,6678.86,Closed -Won,Premium Support,15.006424106582884,0.8852094282978757,1.0,2023-01
A01343,2023-01-31,0.0,15361.01,True,False,,,Williams-Juarez,HealthTech,8.0,Europe,8.0,11451.31,Closed -Won,API,14.1709737549875,1.5762916516493255,2.0,2023-01
A01345,2023-01-31,0.0,19120.15,True,False,,,Williams and Sons,HealthTech,24.0,Asia,12.0,22225.37,Closed -Won,Analytics,4.81073608329315,18.808906934651393,3.0,2023-01
A01346,2023-01-31,0.0,3733.1,True,False,,,"Velez, Ward and Harrison",EdTech,23.0,Asia,59.0,16765.91,Closed -Won,Core,15.13137032381066,1.9463055527972306,3.0,2023-01
A01347,2023-01-31,0.0,22532.08,True,False,,,Keith-Williams,MarTech,30.0,LATAM,51.0,17196.2,Closed -Won,Premium Support,11.8186210575682,3.228921115237034,0.0,2023-01
A01348,2023-01-31,0.0,43857.94,True,False,,,"Nguyen, Padilla and Boyd",Logistics,6.0,Europe,42.0,13005.23,Closed -Won,Analytics,2.0892010383187047,32.85703782599666,6.0,2023-01
A01350,2023-01-31,0.0,15404.78,True,False,,,"Hudson, Bennett and Gray",MarTech,7.0,Europe,36.0,14170.87,On -Hold,Core,19.54414637273166,2.685439301761694,0.0,2023-01
A01352,2023-01-31,0.0,16030.74,True,False,,,Kaufman-Walker,E -Commerce,27.0,LATAM,24.0,19921.38,Closed -Won,Core,2.8992359890325163,25.41888148904831,3.0,2023-01
A01353,2023-01-31,0.0,15655.44,True,False,,,Gomez-Parrish,SMB SaaS,25.0,Europe,30.0,13555.45,Closed -Won,Core,17.5960165911901,0.7999382887142059,2.0,2023-01
A01354,2023-01-31,0.0,15219.46,True,False,,,Sparks-Eaton,SMB SaaS,12.0,Europe,55.0,15061.52,Closed -Won,Core,13.961909592141433,0.859586980626625,1.0,2023-01
A01355,2023-01-31,0.0,10248.12,True,False,,,Shaw and Sons,HealthTech,25.0,LATAM,13.0,13382.31,Closed -Won,Automation,14.361366855233875,2.3878741311637457,2.0,2023-01
A01356,2023-01-31,0.0,14048.0,True,False,,,Martin-Jones,HealthTech,25.0,Asia,30.0,13919.15,Closed -Won,Analytics,8.851106280376666,1.5069855042828004,2.0,2023-01
A01357,2023-01-31,0.0,17230.72,True,False,,,"Campbell, Hernandez and Moore",CyberSecurity,11.0,North America,21.0,19493.18,Closed -Won,Core,11.85150841048206,2.206696699039759,1.0,2023-01
A01358,2023-01-31,0.0,18500.5,True,False,,,"Love, Wilson and Hall",EdTech,28.0,Asia,8.0,16749.57,Closed -Won,Core,16.721022872989987,2.4307670792802267,2.0,2023-01
A01360,2023-01-31,0.0,34991.06,True,False,,,Mendoza-Garza,FinTech,7.0,Asia,22.0,14454.64,Closed -Won,API,15.102024324331046,2.4337245855664094,0.0,2023-01
A01362,2023-01-31,18547.5,18547.5,False,True,,,"Vargas, Taylor and Hunt",MarTech,29.0,Asia,4.0,17745.82,Closed -Won,Premium Support,20.576011832889293,2.676487958186135,1.0,2023-01
A01363,2023-01-31,0.0,13003.72,True,False,,,"Thomas, Jackson and Nielsen",E -Commerce,26.0,LATAM,21.0,18318.08,Closed -Won,Core,12.708440506434197,1.1682457999178877,0.0,2023-01
A01364,2023-01-31,0.0,56106.73,True,False,,,"Mullen, Greene and Elliott",HealthTech,14.0,LATAM,12.0,18488.56,Closed -Lost,Core,18.816230128958928,2.913155524376041,3.0,2023-01
A01366,2023-01-31,0.0,20470.88,True,False,,,"Nicholson, Valentine and Robinson",CyberSecurity,17.0,Europe,2.0,11854.25,Closed -Won,Premium Support,19.082596923742393,2.400543816156948,1.0,2023-01
A01367,2023-01-31,0.0,27556.54,True,False,,,"Haney, Dillon and Jackson",MarTech,19.0,LATAM,18.0,17529.06,Closed -Won,Automation,10.32506573222555,0.21934602288531968,2.0,2023-01
A01368,2023-01-31,0.0,17337.49,True,False,,,Burke-Norton,HealthTech,8.0,Asia,27.0,19287.17,Closed -Won,API,14.553956622892581,0.0,1.0,2023-01
A01370,2023-01-31,0.0,22339.14,True,False,,,Jackson-Jennings,CyberSecurity,31.0,North America,38.0,11846.87,Closed -Won,Core,14.418417007550119,3.745770855698467,1.0,2023-01
A01371,2023-01-31,0.0,7330.97,True,False,,,Carlson-Jones,EdTech,11.0,LATAM,52.0,16475.23,Closed -Won,Core,17.667128787998383,0.8518451771529094,0.0,2023-01
A01372,2023-01-31,0.0,27668.61,True,False,,,Cruz-Rodriguez,EdTech,22.0,Asia,21.0,7186.6,Closed -Won,Core,15.136428816073837,2.7323098019889316,1.0,2023-01
A01373,2023-01-31,0.0,6746.99,True,False,,,Mills PLC,E -Commerce,29.0,LATAM,27.0,20328.64,Closed -Won,Automation,17.661148070080813,1.3580922010892946,3.0,2023-01
A01375,2023-01-31,0.0,22390.61,True,False,,,Valenzuela-Greene,MarTech,12.0,Europe,53.0,15769.18,On -Hold,Analytics,11.53149662742885,1.9552797449307404,0.0,2023-01
A01376,2023-01-31,0.0,17911.99,True,False,,,"Gordon, Wilson and Olson",EdTech,35.0,LATAM,57.0,21167.52,Closed -Won,Premium Support,14.048315219411798,3.6437784278114957,0.0,2023-01
A01377,2023-01-31,0.0,14613.08,True,False,,,Winters PLC,EdTech,14.0,LATAM,57.0,12627.33,Closed -Lost,Core,13.884043464826744,2.5845055307914246,0.0,2023-01
A01378,2023-01-31,0.0,15823.16,True,False,,,Prince Ltd,CyberSecurity,16.0,Europe,45.0,15463.03,Closed -Won,Core,13.442421893527422,2.3850331403203513,1.0,2023-01
A01379,2023-01-31,0.0,8016.64,True,False,,,"Reynolds, Fisher and Golden",MarTech,17.0,Europe,30.0,11550.07,Closed -Won,Core,11.124104822987944,3.2966984321111963,2.0,2023-01
A01380,2023-01-31,0.0,17080.03,True,False,,,"Moreno, Perez and Lang",MarTech,32.0,Europe,32.0,9011.14,Closed -Won,Premium Support,0.05434980306062931,26.65719571715445,3.0,2023-01
A01381,2023-01-31,0.0,12218.56,True,False,,,Bell-Ballard,CyberSecurity,21.0,North America,58.0,16115.33,Negotiation,Core,12.911488398099538,3.0683429769514334,0.0,2023-01
A01382,2023-01-31,0.0,11433.8,True,False,,,"Johnston, Coleman and Scott",EdTech,27.0,North America,17.0,15932.07,Closed -Won,Core,18.278234366638046,2.9013025951587315,1.0,2023-01
A01384,2023-01-31,0.0,12399.34,True,False,,,George-Stephens,Logistics,33.0,Europe,53.0,17917.0,Closed -Lost,Premium Support,15.945286792442134,1.8449832970884923,3.0,2023-01
A01386,2023-01-31,0.0,31394.43,True,False,,,Lane Inc,E -Commerce,33.0,Europe,14.0,18009.14,Closed -Won,API,11.527175778947443,1.1301763548305845,1.0,2023-01
A01387,2023-01-31,0.0,7977.75,True,False,,,"Smith, Pena and Watts",EdTech,34.0,Asia,34.0,15940.41,Closed -Won,Automation,15.101608764657467,1.192817635033462,1.0,2023-01
A01388,2023-01-31,0.0,36707.47,True,False,,,Ortiz-Rodriguez,HealthTech,35.0,North America,20.0,19182.92,Closed -Won,API,19.784998833401318,1.0829868489415082,1.0,2023-01
A01389,2023-01-31,0.0,13382.8,True,False,,,Pearson-King,FinTech,25.0,Europe,53.0,19641.45,Closed -Won,Core,14.754836759301071,2.366847761826076,1.0,2023-01
A01390,2023-01-31,0.0,8997.7,True,False,,,"Henderson, Diaz and Hill",SMB SaaS,9.0,North America,54.0,15797.07,Closed -Won,Core,2.113861755797682,9.667689341521406,5.0,2023-01
A01391,2023-01-31,0.0,3527.31,True,False,,,"Sanders, Harris and Arnold",MarTech,9.0,Europe,19.0,18691.44,Closed -Won,Core,16.079815533776554,2.4314001976800195,4.0,2023-01
A01392,2023-01-31,0.0,33830.52,True,False,,,"Olson, Wood and Peters",EdTech,29.0,LATAM,32.0,18529.5,Closed -Won,Automation,14.921148975094962,2.487882019652804,5.0,2023-01
A01395,2023-01-31,0.0,13279.39,True,False,,,Adkins Group,E -Commerce,34.0,LATAM,13.0,10959.26,Closed -Won,Core,16.28984763942684,1.7713396168266875,2.0,2023-01
A01396,2023-01-31,0.0,10888.51,True,False,,,"Avery, Garcia and Romero",MarTech,25.0,Asia,35.0,17655.33,Closed -Won,Core,9.943507828846782,1.2248792763862189,0.0,2023-01
A01401,2023-01-31,0.0,17637.97,True,False,,,Baker LLC,CyberSecurity,30.0,Asia,51.0,16838.61,Negotiation,Core,11.80056125580844,2.2888763833590886,0.0,2023-01
A01402,2023-01-31,0.0,27839.91,True,False,,,Lynch Ltd,CyberSecurity,12.0,North America,15.0,20171.1,Closed -Won,Analytics,9.815692819069994,2.986238283017926,0.0,2023-01
A01403,2023-01-31,0.0,45583.15,True,False,,,Arias-Morales,EdTech,34.0,North America,18.0,18809.52,Closed -Won,Premium Support,16.38714867615756,2.8683328173302316,0.0,2023-01
A01404,2023-01-31,0.0,30612.49,True,False,,,"Meyer, Dawson and Harper",HealthTech,20.0,LATAM,20.0,15712.51,Closed -Won,Core,9.738818430338332,2.616959177266036,3.0,2023-01
A01406,2023-01-31,0.0,22521.23,True,False,,,Harris Ltd,Logistics,21.0,LATAM,10.0,6982.33,Closed -Won,Analytics,2.9226234658394223,29.056258744935967,5.0,2023-01
A01408,2023-01-31,0.0,2666.83,True,False,,,"Hale, Gilbert and Craig",SMB SaaS,10.0,LATAM,52.0,13854.29,Negotiation,Analytics,15.418158882106328,1.1471530874992526,0.0,2023-01
A01409,2023-01-31,14531.04,14531.04,False,True,,,Allen-Smith,HealthTech,16.0,North America,1.0,15400.17,Closed -Won,Automation,12.672717275661133,0.3039204689676174,1.0,2023-01
A01410,2023-01-31,0.0,1980.68,True,False,,,Miller LLC,E -Commerce,27.0,Europe,17.0,18579.27,Closed -Won,Analytics,9.846781605172943,1.3387588814417763,1.0,2023-01
A01411,2023-01-31,0.0,6412.43,True,False,,,Gomez-Foster,HealthTech,31.0,Asia,4.0,17685.33,Closed -Won,Core,10.442638359146997,3.8725477782238213,1.0,2023-01
A01412,2023-01-31,0.0,1226.57,True,False,,,"Gonzalez, Smith and Padilla",CyberSecurity,8.0,LATAM,34.0,15373.82,Closed -Lost,Automation,13.183433301706149,1.8265333025822854,0.0,2023-01
A01414,2023-01-31,0.0,43076.62,True,False,,,"Herman, Bailey and Richmond",CyberSecurity,26.0,North America,47.0,8908.24,Closed -Won,Core,14.92115872113696,4.085827163443204,0.0,2023-01
A01415,2023-01-31,0.0,34203.97,True,False,,,Perez-Mccarty,CyberSecurity,19.0,LATAM,35.0,11797.93,Closed -Won,Core,1.3230200877562854,18.516750198656823,4.0,2023-01
A01416,2023-01-31,0.0,8997.91,True,False,,,Spears-Andrews,SMB SaaS,31.0,Europe,47.0,11140.78,Closed -Won,Analytics,14.555108142095916,3.905493019098306,0.0,2023-01
A01418,2023-01-31,0.0,7609.18,True,False,,,"Jones, Phillips and Arroyo",EdTech,16.0,Europe,26.0,22979.42,Closed -Won,Analytics,15.16039866327358,2.325167541055724,2.0,2023-01
A01419,2023-01-31,0.0,17699.47,True,False,,,"Frye, Walter and Li",E -Commerce,7.0,Europe,51.0,9964.72,Closed -Won,Analytics,15.498447581866996,2.2283282336866734,1.0,2023-01
A01420,2023-01-31,0.0,39714.02,True,False,,,"Wright, Ramos and Bennett",HealthTech,27.0,LATAM,29.0,16571.1,Closed -Won,Core,3.6889549534501063,30.545825600944752,3.0,2023-01
A01421,2023-01-31,0.0,5717.76,True,False,,,Carrillo-Todd,FinTech,31.0,North America,57.0,9596.09,Closed -Won,Premium Support,5.163567334328247,28.899681466142404,6.0,2023-01
A01422,2023-01-31,0.0,20175.35,True,False,,,Maldonado-Mosley,E -Commerce,10.0,Europe,59.0,15894.57,Closed -Won,Core,0.9076887430296394,20.38326719916397,6.0,2023-01
A01423,2023-01-31,0.0,27223.16,True,False,,,Olson LLC,Logistics,15.0,Europe,35.0,13037.6,Closed -Won,Core,6.713329072719905,2.752182565153418,2.0,2023-01
A01425,2023-01-31,0.0,20049.4,True,False,,,"Haynes, Mcbride and Gutierrez",Logistics,7.0,LATAM,16.0,19205.92,Closed -Won,Automation,14.449826588660754,0.6223757621912893,0.0,2023-01
A01427,2023-01-31,0.0,18370.85,True,False,,,Wright-Davis,MarTech,32.0,Europe,40.0,18479.71,Closed -Won,Analytics,0.997264483314841,20.080218400593388,5.0,2023-01
A01428,2023-01-31,0.0,18371.67,True,False,,,"Goodman, Peterson and Spencer",E -Commerce,10.0,North America,54.0,17010.33,Closed -Won,Automation,13.05268047451282,1.4107265025286613,0.0,2023-01
A01429,2023-01-31,0.0,4959.53,True,False,,,Woods LLC,EdTech,10.0,North America,16.0,12070.54,On -Hold,Core,10.72541163030326,1.8572467696858286,0.0,2023-01
A01430,2023-01-31,0.0,4146.33,True,False,,,Shannon LLC,FinTech,26.0,Europe,47.0,9755.52,Closed -Won,Premium Support,16.233804128638624,1.6278567804661253,1.0,2023-01
A01431,2023-01-31,0.0,3515.97,True,False,,,Valentine Ltd,FinTech,6.0,Asia,28.0,13802.01,Negotiation,Core,9.784650373794518,3.1100424925166923,0.0,2023-01
A01432,2023-01-31,0.0,23381.36,True,False,,,Porter and Sons,SMB SaaS,21.0,North America,11.0,13794.55,Closed -Won,Analytics,11.214035654233037,1.8332584604766564,0.0,2023-01
A01433,2023-01-31,0.0,20819.38,True,False,,,Moss LLC,E -Commerce,7.0,North America,11.0,12909.08,Closed -Won,Core,15.602942384815943,3.1604496378767175,0.0,2023-01
A01434,2023-01-31,0.0,17105.94,True,False,,,Perez and Sons,EdTech,21.0,LATAM,34.0,12181.95,Closed -Won,Core,12.111876403168257,2.2060162489421535,0.0,2023-01
A01435,2023-01-31,0.0,13962.11,True,False,,,"Kelly, Maxwell and Wilson",EdTech,16.0,North America,19.0,15266.28,On -Hold,Core,4.668838484550299,31.41126151169351,4.0,2023-01
A01436,2023-01-31,0.0,28677.09,True,False,,,Lowe Ltd,FinTech,27.0,Asia,7.0,20285.03,Closed -Won,Core,16.72015828862055,2.158220486286794,1.0,2023-01
A01437,2023-01-31,0.0,12759.31,True,False,,,Austin-Duran,SMB SaaS,32.0,Asia,26.0,6600.11,Closed -Won,Premium Support,16.843135269775605,0.7083701359792662,0.0,2023-01
A01438,2023-01-31,0.0,9397.74,True,False,,,"Rubio, Charles and Watson",FinTech,20.0,Asia,39.0,10028.7,Closed -Won,Analytics,16.166213577622997,2.3380771894706958,2.0,2023-01
A01439,2023-01-31,0.0,6266.21,True,False,,,Vasquez-Galloway,Logistics,25.0,Europe,19.0,16045.45,Negotiation,Core,0.0,28.274331971541862,1.0,2023-01
A01440,2023-01-31,0.0,16340.76,True,False,,,"Melton, Henry and Joyce",HealthTech,24.0,Europe,57.0,7570.36,On -Hold,Analytics,0.7130313087030702,23.833172132026597,6.0,2023-01
A01441,2023-01-31,0.0,18968.91,True,False,,,"Ramirez, Walker and Ray",EdTech,35.0,Europe,46.0,9226.59,Closed -Won,Core,13.386221076090154,0.6478259146221321,0.0,2023-01
A01442,2023-01-31,0.0,15732.53,True,False,,,Fox Group,EdTech,12.0,North America,31.0,23462.37,Closed -Won,API,12.055756164399192,0.48101979775702364,0.0,2023-01
A01443,2023-01-31,0.0,26269.17,True,False,,,Ayers-Johnson,Logistics,13.0,LATAM,56.0,17249.38,On -Hold,Analytics,14.503187503147933,1.4631814749191634,5.0,2023-01
A01444,2023-01-31,0.0,13082.4,True,False,,,Long-Parks,FinTech,17.0,Asia,26.0,25677.6,Closed -Won,Core,12.416305018022456,3.384662357992878,2.0,2023-01
A01446,2023-01-31,0.0,16398.07,True,False,,,"Holmes, Stewart and Smith",EdTech,31.0,North America,3.0,23339.57,Closed -Won,Core,15.7997013019487,1.2253047602517977,2.0,2023-01
A01448,2023-01-31,0.0,12189.77,True,False,,,"Hensley, Lopez and Baker",HealthTech,9.0,Europe,57.0,18581.18,Closed -Lost,Analytics,15.194780762810286,1.316010695546384,0.0,2023-01
A01449,2023-01-31,0.0,21111.61,True,False,,,Ruiz-Austin,SMB SaaS,24.0,Asia,44.0,6293.26,Closed -Won,Core,19.382947595727703,1.2484488714869222,0.0,2023-01
A01450,2023-01-31,0.0,55337.16,True,False,,,White-Coleman,MarTech,23.0,Asia,7.0,16162.05,Closed -Won,Core,11.883453283901755,2.9356177186452563,2.0,2023-01
A01451,2023-01-31,0.0,9500.67,True,False,,,Haynes-Watson,MarTech,17.0,Asia,18.0,16443.77,Closed -Won,Core,8.486076082372225,3.0125442493870445,0.0,2023-01
A01452,2023-01-31,24663.17,24663.17,False,True,,,Ramirez-White,MarTech,11.0,Europe,3.0,13206.37,Closed -Lost,Premium Support,16.143883668768662,0.9500981278090637,0.0,2023-01
A01453,2023-01-31,0.0,20176.45,True,False,,,Krause Ltd,SMB SaaS,31.0,Asia,4.0,9430.27,Closed -Lost,Automation,11.684499342059805,2.7531660615815996,2.0,2023-01
A01454,2023-01-31,0.0,40472.8,True,False,,,Olsen Ltd,EdTech,31.0,North America,15.0,13877.48,Closed -Won,Premium Support,13.17892327467391,2.6507568986754277,0.0,2023-01
A01456,2023-01-31,0.0,22536.76,True,False,,,Gonzalez-Marsh,EdTech,23.0,Europe,4.0,10395.05,Closed -Won,Premium Support,11.302369257962521,1.9161813011720983,2.0,2023-01
A01457,2023-01-31,0.0,31188.57,True,False,,,"Hernandez, Shaffer and Thompson",EdTech,13.0,Asia,59.0,14173.2,Closed -Won,Core,9.493317750262293,2.340819988157417,0.0,2023-01
A01459,2023-01-31,0.0,29009.79,True,False,,,"Holmes, Le and Floyd",E -Commerce,8.0,Europe,16.0,16807.38,Closed -Won,Core,12.816345518351149,0.2894589231914435,0.0,2023-01
A01460,2023-01-31,0.0,12660.58,True,False,,,King-Garrison,FinTech,13.0,North America,31.0,8630.22,Closed -Won,Automation,14.269881234644627,2.1311824545166185,0.0,2023-01
A01461,2023-01-31,0.0,19336.31,True,False,,,Ross Ltd,HealthTech,19.0,Asia,47.0,12620.25,On -Hold,Premium Support,17.719168893065525,2.636264891431676,1.0,2023-01
A01463,2023-01-31,0.0,4280.25,True,False,,,Combs-Davis,EdTech,8.0,Asia,3.0,13409.86,Closed -Won,Automation,9.133491091368558,1.3312087998528517,0.0,2023-01
A01464,2023-01-31,0.0,12851.66,True,False,,,"Cook, Ward and Castro",Logistics,34.0,Europe,4.0,10606.43,Closed -Lost,Automation,6.275494918409545,21.236773514739344,5.0,2023-01
A01466,2023-01-31,0.0,8266.61,True,False,,,Dillon-Mccarty,SMB SaaS,21.0,Europe,7.0,18875.07,Closed -Won,Analytics,13.706520703891705,2.2912159213168892,0.0,2023-01
A01470,2023-01-31,0.0,18425.88,True,False,,,"Griffin, Miller and Austin",E -Commerce,28.0,Asia,4.0,19993.94,Closed -Won,Core,3.852856308251992,24.093386332978355,7.0,2023-01
A01471,2023-01-31,0.0,15663.89,True,False,,,Welch-Thomas,Logistics,32.0,LATAM,53.0,18206.62,Closed -Won,Core,17.5518173716755,1.257784619774346,0.0,2023-01
A01474,2023-01-31,0.0,24718.69,True,False,,,Miller LLC,EdTech,18.0,LATAM,13.0,17437.58,Closed -Won,API,13.814877956378448,0.6017571912339914,2.0,2023-01
A01476,2023-01-31,0.0,13107.82,True,False,,,Page-Jacobs,Logistics,16.0,Europe,18.0,20771.04,On -Hold,Core,8.831650635636985,0.7253542276893752,1.0,2023-01
A01478,2023-01-31,0.0,20118.87,True,False,,,Adkins-Meyer,Logistics,10.0,North America,24.0,15491.26,Closed -Won,Core,2.252486092361779,29.320439039256563,5.0,2023-01
A01479,2023-01-31,0.0,9979.11,True,False,,,Gutierrez-White,CyberSecurity,23.0,North America,14.0,18813.21,Closed -Won,Core,13.884187712369322,2.1696551188442696,1.0,2023-01
A01480,2023-01-31,0.0,16468.57,True,False,,,Martinez and Sons,Logistics,27.0,Europe,25.0,19707.03,Closed -Won,Core,14.53573128334464,1.883284146664337,0.0,2023-01
A01481,2023-01-31,0.0,12736.43,True,False,,,"King, Manning and Brady",MarTech,21.0,LATAM,9.0,13189.2,Closed -Won,Core,7.6095549255466235,3.328402329052052,0.0,2023-01
A01483,2023-01-31,0.0,39575.15,True,False,,,Brown Group,HealthTech,35.0,Asia,18.0,17941.85,Closed -Won,API,14.280097583929376,2.8195660563118103,0.0,2023-01
A01484,2023-01-31,0.0,22420.57,True,False,,,"Brown, Wise and Warren",MarTech,33.0,Europe,7.0,20017.91,Closed -Won,Analytics,12.005255515881936,2.715257386845135,1.0,2023-01
A01485,2023-01-31,0.0,14963.92,True,False,,,Garcia PLC,FinTech,8.0,LATAM,25.0,16423.15,Closed -Won,Analytics,14.540151414207122,0.0,0.0,2023-01
A01486,2023-01-31,0.0,16771.04,True,False,,,Miller Group,Logistics,32.0,Asia,51.0,16029.07,Closed -Won,Premium Support,3.6339079878116656,24.705703496035984,7.0,2023-01
A01487,2023-01-31,0.0,1943.85,True,False,,,Perez-Rojas,CyberSecurity,16.0,LATAM,10.0,13917.05,Closed -Won,Analytics,10.821536214926194,0.9219255311186476,0.0,2023-01
A01488,2023-01-31,0.0,73276.36,True,False,,,Sims-Anderson,Logistics,19.0,Asia,1.0,19485.44,Closed -Won,Automation,14.99556118033973,1.1706831058431382,4.0,2023-01
A01489,2023-01-31,0.0,35162.84,True,False,,,Johnson Ltd,Logistics,18.0,North America,7.0,19974.52,Closed -Won,Core,17.591406267581462,3.474586107325293,0.0,2023-01
A01490,2023-01-31,0.0,12113.29,True,False,,,Dalton-Nguyen,EdTech,14.0,Asia,30.0,19174.29,Closed -Won,Core,3.341201354434671,28.263737648818665,4.0,2023-01
A01491,2023-01-31,0.0,3480.58,True,False,,,Mcdonald-Pitts,FinTech,32.0,LATAM,17.0,17967.52,Closed -Won,Core,11.397217392688678,3.8925681958060077,2.0,2023-01
A01492,2023-01-31,0.0,12571.39,True,False,,,Dunn-Taylor,SMB SaaS,25.0,LATAM,29.0,15980.28,Closed -Won,Premium Support,13.467259790594815,0.5923115797291445,2.0,2023-01
A01493,2023-01-31,0.0,31408.37,True,False,,,"Ryan, Garza and Bryant",MarTech,35.0,North America,2.0,12650.26,Closed -Won,Premium Support,16.563839585193286,0.916329219722632,2.0,2023-01
A01494,2023-01-31,0.0,29096.44,True,False,,,"Fields, Elliott and Mills",FinTech,34.0,LATAM,20.0,12038.67,Closed -Won,Analytics,2.2955297620106823,29.917571550610976,3.0,2023-01
A01496,2023-01-31,0.0,48654.69,True,False,,,Ballard Group,SMB SaaS,27.0,LATAM,26.0,19530.35,Closed -Won,Core,3.6248858841561336,30.057579548632468,2.0,2023-01
A01498,2023-01-31,0.0,13148.57,True,False,,,Smith-Mills,Logistics,20.0,Europe,47.0,15978.67,On -Hold,Core,12.307006174863309,1.8574237620339924,2.0,2023-01
A01499,2023-01-31,0.0,21584.21,True,False,,,Cooper Group,FinTech,28.0,LATAM,28.0,15853.15,Closed -Won,Analytics,12.298949134755317,1.6957639312679236,1.0,2023-01
A01500,2023-01-31,0.0,9226.65,True,False,,,"Smith, Weeks and Arroyo",FinTech,26.0,Asia,50.0,19794.21,Closed -Won,Core,5.307612260497134,15.692039803603407,3.0,2023-01
A01501,2023-01-31,0.0,11012.32,True,False,,,Evans-Cannon,EdTech,33.0,Europe,32.0,18026.1,Closed -Won,Analytics,9.772740228399524,2.6416382875279028,2.0,2023-01
A01502,2023-01-31,0.0,25034.14,True,False,,,Harper-Robles,CyberSecurity,29.0,Asia,16.0,13277.45,On -Hold,Analytics,15.456098532636632,3.6144221509724765,2.0,2023-01
A01503,2023-01-31,0.0,8448.49,True,False,,,"Brooks, Jenkins and Castro",HealthTech,24.0,Asia,14.0,17035.98,Closed -Won,Analytics,19.19397323276386,1.7974874646571823,2.0,2023-01
A01504,2023-01-31,0.0,21578.02,True,False,,,Wright-Espinoza,FinTech,33.0,Europe,20.0,8668.0,Closed -Won,Core,16.05656577941847,1.6063617043641245,0.0,2023-01
A01505,2023-01-31,0.0,29992.37,True,False,,,"Price, Gray and Baker",CyberSecurity,9.0,North America,36.0,12530.0,Closed -Won,Analytics,10.006708942882454,1.4775384435408678,1.0,2023-01
A01506,2023-01-31,0.0,12209.9,True,False,,,Garrett-Black,Logistics,28.0,Asia,15.0,8003.6,Closed -Won,Core,10.155258473253785,3.4697838550324986,0.0,2023-01
A01509,2023-01-31,0.0,8430.7,True,False,,,White LLC,Logistics,29.0,Asia,51.0,6667.94,Closed -Won,Core,14.677828082267157,0.05687929720361806,0.0,2023-01
A01511,2023-01-31,0.0,4687.71,True,False,,,Nelson-Dean,E -Commerce,32.0,North America,20.0,12965.0,Closed -Won,Core,11.3817276246591,2.230145444054375,1.0,2023-01
A01512,2023-01-31,0.0,7096.18,True,False,,,Flores and Sons,Logistics,20.0,Asia,14.0,13707.94,Closed -Won,Analytics,11.56555253905994,1.9665298607813095,3.0,2023-01
A01514,2023-01-31,0.0,20571.61,True,False,,,Compton LLC,FinTech,15.0,North America,20.0,17262.15,Closed -Won,Core,19.954086371873224,1.8245565578167202,1.0,2023-01
A01515,2023-01-31,0.0,20681.13,True,False,,,Martinez-Gonzales,Logistics,18.0,LATAM,15.0,20523.11,Closed -Won,Core,11.200438803129657,3.3974187713789425,1.0,2023-01
A01517,2023-01-31,0.0,10131.58,True,False,,,Snyder LLC,SMB SaaS,9.0,Europe,29.0,16392.04,Closed -Won,Automation,10.600579114568468,2.0775766071156863,2.0,2023-01
A01519,2023-01-31,0.0,16268.55,True,False,,,Ford-Moody,Logistics,31.0,Europe,30.0,14594.5,Negotiation,Core,13.875975210934694,0.3510937756847792,2.0,2023-01
A01520,2023-01-31,0.0,7054.54,True,False,,,Miller-Christensen,FinTech,20.0,LATAM,28.0,17588.97,Closed -Won,Automation,2.655397290423635,27.91686080966484,4.0,2023-01
A01521,2023-01-31,0.0,4050.47,True,False,,,Brown Group,CyberSecurity,22.0,Asia,51.0,19796.73,Negotiation,Core,12.911613248665004,2.1375123061279853,2.0,2023-01
A01523,2023-01-31,0.0,10445.32,True,False,,,Huang LLC,MarTech,10.0,LATAM,12.0,23351.45,Negotiation,Core,14.887673843567736,0.28483399717137936,1.0,2023-01
A01525,2023-01-31,0.0,50135.08,True,False,,,"Wright, Wise and Ramos",SMB SaaS,33.0,LATAM,36.0,12086.53,Closed -Won,Analytics,15.65259321707671,2.4004607963510747,3.0,2023-01
A01528,2023-01-31,0.0,2525.08,True,False,,,Price-Ali,MarTech,9.0,Europe,9.0,20755.41,Closed -Won,Core,9.969799754345452,2.761505332406745,1.0,2023-01
A01530,2023-01-31,0.0,17336.88,True,False,,,"Pineda, Meyer and King",SMB SaaS,32.0,LATAM,55.0,15441.74,Closed -Won,Premium Support,16.03806253509896,2.6749737489487546,1.0,2023-01
A01531,2023-01-31,0.0,2069.59,True,False,,,"Evans, Ward and Williams",HealthTech,33.0,Europe,6.0,18809.98,Closed -Won,Analytics,12.601697009927582,1.7986363644453676,0.0,2023-01
A01534,2023-01-31,0.0,27268.44,True,False,,,"Wilson, Mccormick and Smith",SMB SaaS,18.0,LATAM,12.0,14659.1,Closed -Lost,Core,16.324282206185405,1.9546992068119575,0.0,2023-01
A01536,2023-01-31,0.0,42288.84,True,False,,,Barker-Moore,MarTech,12.0,Europe,2.0,23225.03,Closed -Won,Core,13.468592360367085,2.9613087693170126,1.0,2023-01
A01537,2023-01-31,0.0,2562.11,True,False,,,Wright Group,Logistics,17.0,Europe,10.0,17448.29,Closed -Lost,API,11.13534616607754,2.712164860739053,2.0,2023-01
A01539,2023-01-31,0.0,14906.07,True,False,,,"Brown, Kelly and Moore",CyberSecurity,9.0,Asia,42.0,13704.53,Closed -Won,Analytics,16.52615200668454,4.32844829795291,0.0,2023-01
A01540,2023-01-31,0.0,1870.53,True,False,,,"Moody, Martinez and Hall",E -Commerce,27.0,LATAM,37.0,16042.52,On -Hold,Core,12.475594664301719,2.7029277733569432,0.0,2023-01
A01542,2023-01-31,0.0,12898.04,True,False,,,Quinn-Smith,MarTech,32.0,North America,15.0,9440.88,Negotiation,Analytics,10.75179235392799,2.5118230478198007,0.0,2023-01
A01544,2023-01-31,0.0,13361.5,True,False,,,Washington Group,EdTech,7.0,North America,34.0,17001.06,Closed -Won,Automation,14.938824009469885,2.6135106935103813,0.0,2023-01
A01545,2023-01-31,0.0,12454.51,True,False,,,"Phillips, Terry and Lopez",EdTech,15.0,Asia,14.0,12691.81,Negotiation,Premium Support,10.393667723490497,3.4950162472373716,1.0,2023-01
A01547,2023-01-31,0.0,19679.73,True,False,,,"Mcdonald, Dillon and George",FinTech,15.0,LATAM,41.0,11834.32,Closed -Won,Analytics,5.381583647693256,21.674833395880015,5.0,2023-01
A01549,2023-01-31,0.0,8777.07,True,False,,,Weaver-Gibson,Logistics,31.0,Europe,30.0,8444.03,Closed -Won,Analytics,10.787149284125197,2.5680706632702144,1.0,2023-01
A01550,2023-01-31,14385.24,14385.24,False,True,,,"Hunter, Gross and Andrade",EdTech,14.0,LATAM,1.0,21539.75,Closed -Won,Core,13.79150913564052,2.592135081223133,1.0,2023-01
A01551,2023-01-31,0.0,41577.13,True,False,,,"Vincent, Parsons and Allen",E -Commerce,25.0,Asia,17.0,19752.56,Closed -Won,Premium Support,20.399992191296583,1.7583551927405012,0.0,2023-01
A01553,2023-01-31,0.0,8554.45,True,False,,,Warren Group,E -Commerce,16.0,Europe,32.0,15363.37,Closed -Won,Core,2.7775657525346618,25.800616947008166,7.0,2023-01
A01554,2023-01-31,0.0,6469.05,True,False,,,"Moore, Campbell and Ortiz",MarTech,14.0,North America,37.0,10057.08,Negotiation,Automation,14.780406222804054,2.633552392770324,2.0,2023-01
A01555,2023-01-31,0.0,22367.04,True,False,,,Rodriguez-Mills,MarTech,26.0,Europe,28.0,11643.07,Closed -Lost,Core,12.231440299203369,2.7207097300033873,1.0,2023-01
A01558,2023-01-31,0.0,21389.27,True,False,,,Washington Inc,EdTech,14.0,North America,46.0,14869.58,Closed -Won,Automation,12.926585629650464,2.7866486699856474,1.0,2023-01
A01560,2023-01-31,0.0,20556.01,True,False,,,"Burns, Hanson and Garza",SMB SaaS,19.0,LATAM,51.0,14373.45,Closed -Won,Core,13.926691295401035,2.83226804350788,0.0,2023-01
A01561,2023-01-31,0.0,6751.52,True,False,,,Diaz PLC,FinTech,21.0,North America,18.0,14496.54,Closed -Won,Analytics,16.697280519867654,3.8585866164162272,0.0,2023-01
A01562,2023-01-31,0.0,7824.45,True,False,,,"Jones, Conrad and Clark",Logistics,27.0,Asia,16.0,14045.22,On -Hold,Core,14.172277324339056,1.9733732480445978,2.0,2023-01
A01563,2023-01-31,0.0,4859.14,True,False,,,Hebert-Collier,MarTech,10.0,North America,15.0,13194.06,Closed -Won,Automation,17.27152328246729,3.4994799479824774,1.0,2023-01
A01564,2023-01-31,0.0,8144.17,True,False,,,Owen-Brown,SMB SaaS,32.0,Europe,55.0,13722.98,Negotiation,Analytics,4.099627560742644,23.675648465341908,2.0,2023-01
A01566,2023-01-31,0.0,69204.51,True,False,,,"Brown, Jensen and Rice",Logistics,25.0,LATAM,27.0,11222.38,Closed -Won,Automation,12.116223340979545,1.3588418481901416,0.0,2023-01
A01568,2023-01-31,0.0,11789.52,True,False,,,"Davis, Hardy and Schmidt",HealthTech,28.0,North America,36.0,13518.79,Closed -Won,Core,9.588468578188635,3.6404765544088513,3.0,2023-01
A01569,2023-01-31,0.0,25634.55,True,False,,,Lee Ltd,SMB SaaS,24.0,Europe,54.0,11498.77,Closed -Won,API,13.198763329705022,1.9008038799124378,1.0,2023-01
A01571,2023-01-31,0.0,29190.98,True,False,,,"Curry, Perry and Garcia",E -Commerce,11.0,Asia,5.0,10732.31,Closed -Won,Core,19.146263293397702,3.6506266279033337,1.0,2023-01
A01572,2023-01-31,0.0,19463.57,True,False,,,"Ray, Craig and Park",HealthTech,32.0,Asia,22.0,7430.27,Closed -Won,Analytics,15.58496096983663,1.9670811420383305,2.0,2023-01
A01573,2023-01-31,0.0,31835.42,True,False,,,Andrade-Jackson,HealthTech,21.0,Europe,44.0,20818.45,Closed -Won,Analytics,1.5670372197589215,26.754670000474153,2.0,2023-01
A01575,2023-01-31,0.0,41622.2,True,False,,,Sandoval-Ferguson,EdTech,10.0,Asia,9.0,6104.96,Closed -Won,Core,13.380343738386282,1.1574620184797157,1.0,2023-01
A01576,2023-01-31,0.0,25150.27,True,False,,,"Ramos, Gomez and Edwards",E -Commerce,9.0,Asia,19.0,17973.14,Closed -Won,Core,16.43529334048325,2.110097595214561,1.0,2023-01
A01577,2023-01-31,0.0,39246.85,True,False,,,Kirk-Gutierrez,EdTech,33.0,LATAM,33.0,13031.94,Closed -Lost,Core,13.338150989916837,4.142787106201938,1.0,2023-01
A01578,2023-01-31,0.0,11819.55,True,False,,,"Jordan, Swanson and Franklin",EdTech,35.0,LATAM,48.0,14727.73,Closed -Won,API,3.1373090889246162,16.025795742897273,0.0,2023-01
A01580,2023-01-31,0.0,17877.43,True,False,,,"King, Nixon and West",SMB SaaS,12.0,North America,36.0,18680.7,Closed -Lost,Analytics,16.151001304146796,2.523804446137012,0.0,2023-01
A01581,2023-01-31,0.0,18590.45,True,False,,,Smith-Johnson,SMB SaaS,18.0,Europe,18.0,15856.81,Closed -Lost,Premium Support,9.208225931883018,1.8362340912970478,2.0,2023-01
A01582,2023-01-31,0.0,14856.66,True,False,,,Larson-Holmes,FinTech,10.0,LATAM,13.0,9032.29,Closed -Won,Premium Support,18.8125463604383,2.221655092909392,0.0,2023-01
A01583,2023-01-31,0.0,15940.93,True,False,,,Smith-Joyce,EdTech,22.0,North America,31.0,9849.73,Negotiation,Core,2.2752619308728423,14.570127936853416,0.0,2023-01
A01584,2023-01-31,0.0,12773.13,True,False,,,Foley Inc,E -Commerce,24.0,LATAM,25.0,8888.38,On -Hold,Automation,16.38119698918933,2.553597146579301,0.0,2023-01
A01585,2023-01-31,0.0,17785.77,True,False,,,"Short, Ellison and Dixon",MarTech,35.0,Asia,38.0,12645.31,Closed -Won,Core,13.183448015993134,2.709818623261263,4.0,2023-01
A01586,2023-01-31,0.0,10988.55,True,False,,,"Howe, Moore and Johnson",CyberSecurity,15.0,North America,19.0,16192.86,Closed -Won,API,5.714392128503958,14.858302527977283,6.0,2023-01
A01587,2023-01-31,0.0,31056.78,True,False,,,Moore-Baker,EdTech,11.0,Asia,49.0,11386.07,Closed -Won,Core,5.303806878528611,24.74876007936897,4.0,2023-01
A01590,2023-01-31,4004.99,4004.99,False,True,,,"Nguyen, Olson and Freeman",E -Commerce,24.0,LATAM,2.0,12299.7,Closed -Won,Analytics,17.175084535469203,2.1365217826184306,1.0,2023-01
A01591,2023-01-31,0.0,3508.13,True,False,,,"Warner, Weiss and Davis",HealthTech,7.0,North America,44.0,17360.96,Closed -Won,Core,18.223846647792136,2.8936008501490136,3.0,2023-01
A01592,2023-01-31,0.0,15985.66,True,False,,,"Evans, Cross and Johnston",Logistics,28.0,LATAM,21.0,13501.07,Closed -Won,Automation,14.995464640330107,1.2376708143806396,0.0,2023-01
A01593,2023-01-31,0.0,7345.33,True,False,,,Deleon LLC,FinTech,19.0,North America,23.0,19095.22,Negotiation,Core,19.141022717504914,2.388526305246165,2.0,2023-01
A01595,2023-01-31,0.0,2016.27,True,False,,,Kane and Sons,E -Commerce,19.0,Asia,42.0,14800.54,Closed -Won,Core,17.232321086758773,2.0637398397280924,0.0,2023-01
A01597,2023-01-31,0.0,5526.12,True,False,,,"Reyes, Torres and Williams",EdTech,6.0,North America,39.0,15847.4,Closed -Won,API,12.352386105723902,1.1223456650874484,0.0,2023-01
A01598,2023-01-31,0.0,29329.78,True,False,,,"Cunningham, Murphy and Wolfe",EdTech,22.0,Europe,43.0,16841.5,Closed -Won,Analytics,14.543702463139532,1.6968773306340765,1.0,2023-01
A01599,2023-01-31,0.0,12374.94,True,False,,,Williams Ltd,FinTech,22.0,North America,50.0,14820.04,Negotiation,Analytics,15.509515632527375,0.0,0.0,2023-01
A01600,2023-01-31,0.0,3814.38,True,False,,,Maddox-Mullins,CyberSecurity,30.0,Europe,42.0,25498.46,Closed -Won,Analytics,13.903405605792178,0.8400975622224669,2.0,2023-01
A01601,2023-01-31,0.0,13092.43,True,False,,,"Wagner, Walker and Roberts",MarTech,32.0,Asia,18.0,20838.86,Closed -Won,Core,15.238569553992669,2.7824141562603284,2.0,2023-01
A01602,2023-01-31,0.0,36675.66,True,False,,,Hernandez-Rogers,FinTech,10.0,North America,44.0,12582.25,Closed -Won,Core,16.596088877980684,2.3476663895477268,0.0,2023-01
A01603,2023-01-31,0.0,12229.27,True,False,,,Duncan-Williams,MarTech,15.0,LATAM,49.0,20152.4,Closed -Won,Core,13.929880574012321,0.9258130530373925,0.0,2023-01
A01605,2023-01-31,0.0,15202.83,True,False,,,Ayala-Anderson,EdTech,9.0,Asia,8.0,9621.56,Closed -Won,Automation,19.034810454480112,1.121786927848115,0.0,2023-01
A01606,2023-01-31,0.0,23899.1,True,False,,,Castillo and Sons,SMB SaaS,6.0,Europe,53.0,6422.25,Closed -Won,Core,13.107225709339014,2.7219638704134184,0.0,2023-01
A01608,2023-01-31,0.0,8079.65,True,False,,,"Gilbert, Fitzgerald and Sanchez",HealthTech,21.0,Europe,36.0,14358.23,Closed -Won,API,3.541467420270318,28.785404184085955,8.0,2023-01
A01609,2023-01-31,0.0,5871.33,True,False,,,Adams Group,EdTech,10.0,North America,14.0,4975.44,Negotiation,Core,12.990662292999065,1.9089363762725453,0.0,2023-01
A01610,2023-01-31,0.0,18036.84,True,False,,,Cohen-Johnston,EdTech,11.0,North America,8.0,15405.41,Negotiation,Analytics,12.311756506049054,4.559528456665708,3.0,2023-01
A01611,2023-01-31,0.0,21305.17,True,False,,,Powers Group,FinTech,9.0,LATAM,46.0,15081.73,Closed -Won,Analytics,11.788971608345927,1.2411984804776495,1.0,2023-01
A01613,2023-01-31,0.0,8942.05,True,False,,,"Rios, Carrillo and Jackson",EdTech,25.0,LATAM,40.0,21208.27,Closed -Won,Core,15.589228472179467,2.781368709492371,3.0,2023-01
A01614,2023-01-31,0.0,40945.19,True,False,,,Jensen-Branch,CyberSecurity,34.0,Asia,41.0,14001.11,Closed -Won,Premium Support,20.091090323009304,1.0375871509110655,0.0,2023-01
A01616,2023-01-31,0.0,19967.5,True,False,,,Gonzalez LLC,MarTech,12.0,Europe,11.0,14897.69,Negotiation,Core,17.36779455426371,1.398901857037827,0.0,2023-01
A01617,2023-01-31,0.0,10877.93,True,False,,,Todd Inc,MarTech,19.0,Europe,47.0,9445.13,Closed -Won,Core,12.867769905659783,2.759463201108868,1.0,2023-01
A01618,2023-01-31,0.0,3980.73,True,False,,,Singh and Sons,HealthTech,25.0,Asia,30.0,11232.41,Closed -Won,Automation,14.313996096651733,1.6579965482717172,0.0,2023-01
A01620,2023-01-31,0.0,14494.76,True,False,,,Cooper Inc,FinTech,12.0,North America,59.0,16441.32,Closed -Won,Analytics,12.02132631907169,2.91076965129208,2.0,2023-01
A01621,2023-01-31,0.0,4727.21,True,False,,,Cole-Johnson,CyberSecurity,18.0,Asia,16.0,18560.78,Closed -Won,Analytics,12.722809788352649,1.1936569205051406,1.0,2023-01
A01623,2023-01-31,0.0,14799.22,True,False,,,Payne LLC,Logistics,17.0,Asia,55.0,15713.67,Closed -Won,Core,17.270878265300325,0.48615895868318115,2.0,2023-01
A01625,2023-01-31,0.0,2298.26,True,False,,,"Barnett, Bennett and Escobar",EdTech,21.0,LATAM,33.0,20893.93,Closed -Won,Core,10.41452845766382,2.22950707456841,2.0,2023-01
A01628,2023-01-31,0.0,7059.21,True,False,,,Jones Ltd,MarTech,34.0,Europe,35.0,18017.97,On -Hold,Premium Support,14.225607229504181,1.8081124192275833,0.0,2023-01
A01630,2023-01-31,0.0,16587.03,True,False,,,Lin-Smith,SMB SaaS,22.0,LATAM,8.0,17454.19,Closed -Won,API,13.18786873688667,1.7538933138442012,0.0,2023-01
A01631,2023-01-31,0.0,7560.4,True,False,,,"Hughes, Whitney and Romero",SMB SaaS,33.0,LATAM,34.0,10368.32,Closed -Won,Premium Support,14.725133667149613,3.4817880754412247,1.0,2023-01
A01632,2023-01-31,0.0,10085.61,True,False,,,"Garcia, Stewart and Delacruz",FinTech,10.0,Europe,53.0,12581.73,Closed -Won,Core,15.250703717251518,1.6792472440260173,2.0,2023-01
A01633,2023-01-31,0.0,8461.82,True,False,,,"Miller, Gonzalez and Rasmussen",SMB SaaS,8.0,North America,6.0,14105.58,Closed -Won,Analytics,14.770586128721371,0.6340801757550967,4.0,2023-01
A01634,2023-01-31,0.0,21606.61,True,False,,,"House, Smith and Wright",FinTech,19.0,LATAM,52.0,19838.43,Negotiation,API,10.39540912310921,1.3201207350251838,1.0,2023-01
A01635,2023-01-31,0.0,30000.27,True,False,,,"Torres, Burns and Garner",E -Commerce,15.0,Europe,25.0,11965.0,Closed -Won,Analytics,6.198295168963308,31.207862039953497,4.0,2023-01
A01636,2023-01-31,0.0,16891.14,True,False,,,Reed LLC,SMB SaaS,12.0,LATAM,32.0,16154.53,Closed -Won,Automation,4.1786616229959375,29.74437603153606,2.0,2023-01
A01637,2023-01-31,0.0,11874.38,True,False,,,Garrett-Young,CyberSecurity,9.0,Europe,10.0,8587.9,Closed -Won,Analytics,2.21771638268423,20.949411812584522,3.0,2023-01
A01638,2023-01-31,0.0,23932.7,True,False,,,"Hill, Brown and Scott",SMB SaaS,32.0,Asia,37.0,14082.55,Closed -Won,Premium Support,13.184222749283908,0.5537167626378965,1.0,2023-01
A01639,2023-01-31,0.0,3858.63,True,False,,,Zamora-Briggs,EdTech,24.0,LATAM,11.0,12918.83,Closed -Won,Core,15.65252060134433,2.312328590354878,0.0,2023-01
A01640,2023-01-31,0.0,14171.34,True,False,,,Raymond LLC,EdTech,26.0,Europe,17.0,19877.79,Closed -Won,Automation,16.63445573577147,2.025742675882573,0.0,2023-01
A01641,2023-01-31,0.0,31073.82,True,False,,,Hernandez Group,EdTech,9.0,LATAM,43.0,11834.23,Closed -Won,Core,13.41011690488232,1.4684717509066658,0.0,2023-01
A01642,2023-01-31,9107.64,9107.64,False,True,,,"Taylor, Blair and Meyer",EdTech,16.0,LATAM,3.0,8580.58,Closed -Won,Core,17.44522324246202,2.2273499800577765,3.0,2023-01
A01643,2023-01-31,0.0,19890.61,True,False,,,"Salazar, Garrett and Perez",CyberSecurity,24.0,LATAM,27.0,13108.69,Closed -Won,Core,17.60652149429269,1.0623384906527447,1.0,2023-01
A01644,2023-01-31,0.0,25050.22,True,False,,,Berry Group,MarTech,21.0,LATAM,36.0,12373.92,Closed -Lost,Analytics,18.14115420218357,2.8408444008270464,0.0,2023-01
A01645,2023-01-31,0.0,16444.86,True,False,,,Browning-Murphy,CyberSecurity,26.0,Asia,8.0,15816.5,Closed -Won,Core,15.375296506956595,1.3016597014276687,1.0,2023-01
A01646,2023-01-31,0.0,7685.73,True,False,,,"Anderson, Delgado and Carpenter",MarTech,26.0,Europe,18.0,20128.56,Closed -Won,Core,21.080411748972608,1.613633111393113,1.0,2023-01
A01647,2023-01-31,0.0,10124.85,True,False,,,"Mcbride, Huffman and Parker",EdTech,18.0,Europe,21.0,13505.82,Closed -Won,API,12.154150661706977,1.494648994602893,1.0,2023-01
A01651,2023-01-31,0.0,2839.02,True,False,,,"Fry, Wilson and Stewart",Logistics,33.0,LATAM,12.0,10950.52,Closed -Won,Automation,13.039886736374866,2.254242936278179,0.0,2023-01
A01653,2023-01-31,13851.42,13851.42,False,True,,,Ali-Turner,MarTech,14.0,Asia,4.0,18640.61,Closed -Won,Analytics,18.28092249099309,1.6586782878108368,0.0,2023-01
A01656,2023-01-31,0.0,6240.52,True,False,,,Lopez PLC,FinTech,17.0,North America,14.0,14585.8,Closed -Won,Core,7.576241935306436,2.5008192220989165,1.0,2023-01
A01658,2023-01-31,0.0,17632.06,True,False,,,Hall Inc,FinTech,20.0,Asia,52.0,17744.48,On -Hold,Core,11.55197541961974,1.2265342071807095,2.0,2023-01
A01659,2023-01-31,0.0,21652.16,True,False,,,Miller-Chan,FinTech,33.0,LATAM,50.0,12579.43,Closed -Lost,API,13.346696936099795,1.190202997502679,0.0,2023-01
A01661,2023-01-31,0.0,27630.0,True,False,,,Joseph-Brooks,FinTech,33.0,North America,37.0,17315.21,Closed -Won,Core,5.749729611416495,23.82017033468821,4.0,2023-01
A01662,2023-01-31,0.0,20367.67,True,False,,,Henry-Taylor,EdTech,18.0,Asia,37.0,17720.33,Closed -Won,Analytics,9.681657389898103,1.5230220248123214,1.0,2023-01
A01663,2023-01-31,0.0,16549.65,True,False,,,Perez Group,E -Commerce,23.0,Europe,11.0,10104.45,Closed -Won,Core,3.3396298174921943,27.876932759344268,8.0,2023-01
A01664,2023-01-31,0.0,16794.67,True,False,,,Schaefer Group,CyberSecurity,19.0,LATAM,33.0,16516.9,Closed -Won,Analytics,16.396793261177713,0.49369943478928446,2.0,2023-01
A01665,2023-01-31,0.0,8156.88,True,False,,,Newton and Sons,MarTech,15.0,Europe,31.0,18797.48,Closed -Won,Automation,12.98630873988623,1.6598826406865919,0.0,2023-01
A01666,2023-01-31,0.0,7763.58,True,False,,,Jones Group,FinTech,9.0,North America,24.0,12234.85,Closed -Won,Automation,1.4292079281196042,29.230268872119016,4.0,2023-01
A01668,2023-01-31,0.0,25619.09,True,False,,,Patterson Inc,SMB SaaS,33.0,LATAM,40.0,16515.39,Closed -Won,Analytics,3.3886869289634127,23.986672358311132,4.0,2023-01
A01671,2023-01-31,0.0,34544.64,True,False,,,"Liu, Buchanan and Meyer",MarTech,25.0,Europe,46.0,11338.52,Closed -Lost,API,14.2982075839453,2.009321803567251,3.0,2023-01
A01673,2023-01-31,0.0,13236.79,True,False,,,Stone Group,MarTech,9.0,Europe,16.0,19532.34,Closed -Won,Core,11.616871580438467,1.1141801523804058,1.0,2023-01
A01674,2023-01-31,0.0,39857.21,True,False,,,"Williams, Hughes and Hubbard",HealthTech,21.0,Europe,45.0,13658.58,Negotiation,Core,1.0176150520170006,18.53589425623931,2.0,2023-01
A01676,2023-01-31,0.0,14375.96,True,False,,,Wilkerson-Ayala,EdTech,15.0,LATAM,59.0,14278.58,Closed -Won,Automation,13.77054268715939,2.8518992687651816,1.0,2023-01
A01677,2023-01-31,0.0,21749.46,True,False,,,Murray-Henderson,SMB SaaS,32.0,Europe,9.0,14504.23,Closed -Won,Core,18.868192491906946,1.6718644721600806,2.0,2023-01
A01678,2023-01-31,0.0,32096.18,True,False,,,"Ellison, Vaughn and Mckee",EdTech,31.0,LATAM,25.0,15919.06,Closed -Won,Automation,11.912538357012316,2.2431843308913333,5.0,2023-01
A01680,2023-01-31,0.0,15031.47,True,False,,,"Mason, White and Richards",E -Commerce,23.0,Europe,31.0,21893.6,Closed -Won,API,12.937113712687982,3.4576815494911495,3.0,2023-01
A01682,2023-01-31,0.0,7110.27,True,False,,,White PLC,EdTech,20.0,Asia,1.0,7179.66,Closed -Won,Analytics,11.655236353324412,2.008753948314999,2.0,2023-01
A01683,2023-01-31,0.0,9239.29,True,False,,,"Huang, Khan and Davis",Logistics,26.0,Europe,3.0,9074.92,Closed -Won,Core,19.782193261981266,1.5417580009790859,2.0,2023-01
A01684,2023-01-31,0.0,7385.66,True,False,,,Holt-Meadows,FinTech,33.0,Europe,47.0,11996.52,Closed -Won,API,3.7622001892197194,29.91564889197622,7.0,2023-01
A01685,2023-01-31,0.0,21042.01,True,False,,,Higgins Inc,MarTech,24.0,LATAM,22.0,16844.24,Closed -Won,Premium Support,19.14644071904074,2.237722074823827,1.0,2023-01
A01686,2023-01-31,0.0,12704.28,True,False,,,Wilson Group,EdTech,31.0,North America,31.0,14118.14,Closed -Won,Core,1.4815364909800948,33.103646674040974,7.0,2023-01
A01687,2023-01-31,0.0,11248.49,True,False,,,"Cox, Mills and Cruz",E -Commerce,30.0,Europe,26.0,16324.09,Closed -Won,Core,15.65727374524074,1.315441902089912,1.0,2023-01
A01688,2023-01-31,0.0,19456.14,True,False,,,"Salazar, Moore and Pierce",EdTech,30.0,LATAM,25.0,12251.66,Closed -Won,Automation,6.0988399074795545,15.372733863124495,5.0,2023-01
A01690,2023-01-31,0.0,31085.91,True,False,,,"Savage, Huffman and Martin",MarTech,12.0,North America,6.0,8594.45,Closed -Won,Core,11.809919336620815,2.3583635163756105,2.0,2023-01
A01691,2023-01-31,0.0,2699.88,True,False,,,White Ltd,HealthTech,6.0,North America,46.0,15564.26,Closed -Won,Automation,15.800268665787806,0.2925035981392814,0.0,2023-01
A01692,2023-01-31,0.0,27171.55,True,False,,,Barnes LLC,HealthTech,10.0,Europe,53.0,17313.95,Closed -Won,Automation,19.60242191790385,1.0752673002890119,3.0,2023-01
A01693,2023-01-31,0.0,6779.21,True,False,,,"Mack, Griffin and Sims",CyberSecurity,13.0,North America,39.0,11230.37,Negotiation,Core,11.338124863517532,0.6341554798780993,0.0,2023-01
A01694,2023-01-31,0.0,18523.04,True,False,,,Roach and Sons,EdTech,26.0,LATAM,24.0,21642.92,Closed -Won,Premium Support,20.355285533581934,2.0328844266517456,0.0,2023-01
A01695,2023-01-31,0.0,6359.25,True,False,,,Dean LLC,EdTech,21.0,Asia,10.0,7415.44,Closed -Won,API,2.4050179036016237,29.244674797419872,8.0,2023-01
A01697,2023-01-31,0.0,9792.15,True,False,,,"Aguirre, Franklin and Snyder",EdTech,6.0,Europe,28.0,18256.74,Closed -Won,Analytics,11.320131846175236,0.805719476089154,0.0,2023-01
A01698,2023-01-31,0.0,20576.35,True,False,,,Chapman Group,MarTech,26.0,North America,9.0,11453.16,Closed -Won,Automation,4.042702099189229,12.763240720839725,4.0,2023-01
A01699,2023-01-31,0.0,8638.2,True,False,,,Ortiz-Miller,HealthTech,16.0,North America,22.0,16180.09,Closed -Won,API,8.134165006788514,0.8758963987812312,1.0,2023-01
A01701,2023-01-31,0.0,8853.41,True,False,,,"Grant, Bryan and Williams",CyberSecurity,9.0,Europe,16.0,16084.26,Closed -Won,Analytics,0.21153661489956743,25.992257838372808,4.0,2023-01
A01702,2023-01-31,0.0,19817.77,True,False,,,Brown LLC,E -Commerce,14.0,LATAM,11.0,14020.52,Closed -Won,Core,10.77675905266274,2.1502292814743527,0.0,2023-01
A01703,2023-01-31,0.0,12484.06,True,False,,,Thomas Inc,SMB SaaS,7.0,LATAM,41.0,14913.0,Closed -Won,API,0.18214315026410777,24.770151207214,3.0,2023-01
A01704,2023-01-31,0.0,24563.26,True,False,,,"Lane, Morrison and Rivera",Logistics,14.0,Asia,12.0,12569.08,On -Hold,Core,2.8871411416073207,27.028651028272108,4.0,2023-01
A01707,2023-01-31,0.0,4270.08,True,False,,,"Guerrero, Graves and Armstrong",EdTech,19.0,Asia,59.0,17478.0,Negotiation,Core,15.065322419947542,2.2472742172655216,0.0,2023-01
A01708,2023-01-31,0.0,19872.19,True,False,,,"Thompson, Gibson and Riley",E -Commerce,14.0,Europe,54.0,21580.22,Negotiation,Core,5.959352459077648,28.067442822578073,3.0,2023-01
A01709,2023-01-31,0.0,26378.42,True,False,,,Davis LLC,EdTech,13.0,North America,15.0,24016.87,Closed -Won,Automation,1.018639295648322,35.2813287293805,4.0,2023-01
A01713,2023-01-31,0.0,17407.79,True,False,,,Neal LLC,FinTech,28.0,Europe,52.0,16319.89,Closed -Won,Analytics,13.134485919478218,3.037878228902577,2.0,2023-01
A01714,2023-01-31,0.0,12663.53,True,False,,,Rose-Warren,SMB SaaS,20.0,North America,44.0,13544.12,On -Hold,Automation,2.9225613870458718,24.158315255734557,10.0,2023-01
A01715,2023-01-31,0.0,11490.42,True,False,,,"Clark, Brown and Duncan",SMB SaaS,8.0,Europe,39.0,22809.87,Closed -Won,Core,15.716414779689526,1.753001259457784,1.0,2023-01
A01717,2023-01-31,0.0,22555.24,True,False,,,"Peck, Andersen and Mitchell",EdTech,30.0,LATAM,39.0,11957.41,Closed -Won,Automation,3.850829969223785,18.219733404058964,5.0,2023-01
A01718,2023-01-31,0.0,12108.14,True,False,,,"Abbott, Green and Andrews",FinTech,21.0,Asia,23.0,18785.31,Negotiation,Analytics,11.060133509046135,1.8094558260659166,1.0,2023-01
A01719,2023-01-31,0.0,15629.12,True,False,,,"Gomez, Anderson and Hart",CyberSecurity,8.0,North America,25.0,17243.44,Negotiation,Analytics,11.153036485420023,1.3140551863527,2.0,2023-01
A01720,2023-01-31,0.0,26574.31,True,False,,,"Daniel, Jimenez and Morton",MarTech,27.0,LATAM,31.0,11191.27,Closed -Won,Core,13.246235110118958,3.3265126715838687,0.0,2023-01
A01721,2023-01-31,0.0,13689.6,True,False,,,"Hall, Roberts and Lee",SMB SaaS,33.0,Asia,6.0,15242.23,Closed -Won,Automation,18.492698408261408,2.206997020889669,1.0,2023-01
A01722,2023-01-31,0.0,29861.68,True,False,,,Johnson Ltd,CyberSecurity,12.0,LATAM,44.0,14717.94,Closed -Won,Premium Support,14.489754879614617,2.024516919538427,0.0,2023-01
A01724,2023-01-31,0.0,19053.43,True,False,,,"Duarte, Gutierrez and Cook",SMB SaaS,28.0,North America,44.0,9313.57,Closed -Won,Core,18.632414003619942,2.880087856853974,0.0,2023-01
A01726,2023-01-31,0.0,19590.13,True,False,,,"Campbell, Tyler and Parker",MarTech,27.0,North America,47.0,12088.41,Closed -Won,Core,20.70419971185798,2.883975575631944,3.0,2023-01
A01728,2023-01-31,0.0,31207.94,True,False,,,Peterson-Ramsey,FinTech,13.0,Europe,34.0,20051.5,Closed -Won,Analytics,2.6566019373225656,18.53419931958706,3.0,2023-01
A01729,2023-01-31,0.0,23542.35,True,False,,,"Choi, Collier and Lee",MarTech,7.0,North America,27.0,6705.88,Closed -Won,Analytics,13.500914075444374,1.268362145156565,0.0,2023-01
A01730,2023-01-31,0.0,10308.86,True,False,,,Nielsen-Mendoza,E -Commerce,22.0,LATAM,7.0,21436.13,On -Hold,Core,13.252747217488949,3.810353881617559,1.0,2023-01
A01731,2023-01-31,0.0,9676.3,True,False,,,Robles-Brewer,FinTech,18.0,LATAM,46.0,14307.23,Closed -Lost,Core,6.534590476310711,33.93639274857322,2.0,2023-01
A01732,2023-01-31,0.0,18878.21,True,False,,,Moore-Murray,HealthTech,31.0,Europe,54.0,16543.29,Closed -Won,Premium Support,21.80592223447531,2.3093776144974743,1.0,2023-01
A01736,2023-01-31,0.0,27018.4,True,False,,,"Rivera, Hendricks and Flynn",E -Commerce,28.0,North America,48.0,12862.82,Negotiation,Core,12.266991845764611,2.1357558713439837,0.0,2023-01
A01738,2023-01-31,0.0,7669.37,True,False,,,Morgan Group,CyberSecurity,34.0,LATAM,6.0,12736.32,Closed -Won,Premium Support,8.972474682230718,1.0436662970054078,1.0,2023-01
A01740,2023-01-31,0.0,26544.42,True,False,,,Larson LLC,Logistics,31.0,LATAM,13.0,17159.14,Closed -Won,Core,13.258074483177337,3.393674222456282,3.0,2023-01
A01741,2023-01-31,0.0,19818.12,True,False,,,"Hodge, Mckinney and Nelson",E -Commerce,29.0,Asia,26.0,15837.85,Closed -Won,Core,18.053141916902934,0.6877349024985393,1.0,2023-01
A01742,2023-01-31,0.0,22294.34,True,False,,,Crawford and Sons,CyberSecurity,18.0,North America,44.0,14123.0,Closed -Won,Analytics,5.9379876324645675,28.08941665092236,4.0,2023-01
A01743,2023-01-31,0.0,14304.71,True,False,,,Hayes-Sampson,SMB SaaS,7.0,Asia,27.0,17912.6,Closed -Won,Core,15.24845467182259,2.8607546479153347,1.0,2023-01
A01744,2023-01-31,21832.67,21832.67,False,True,,,Warren and Sons,E -Commerce,24.0,North America,2.0,7461.53,Closed -Won,Core,14.083186038164275,2.07755481324642,1.0,2023-01
A01745,2023-01-31,0.0,34878.51,True,False,,,Brooks Inc,MarTech,28.0,Asia,13.0,22450.44,Closed -Won,Premium Support,17.888775238810425,2.1511549298245645,1.0,2023-01
A01747,2023-01-31,0.0,8329.14,True,False,,,"Johnson, Webb and Porter",E -Commerce,26.0,Asia,59.0,11191.15,Negotiation,Automation,16.20788961116833,1.2059312982017074,1.0,2023-01
A01749,2023-01-31,0.0,2113.5,True,False,,,"Russo, Collins and Murphy",E -Commerce,23.0,Europe,48.0,19492.81,Closed -Won,Core,16.774652581758225,1.3573581335331615,3.0,2023-01
A01750,2023-01-31,0.0,36212.27,True,False,,,Short PLC,Logistics,9.0,LATAM,43.0,14703.27,Closed -Won,Core,11.542153681699054,1.6517969526644374,0.0,2023-01
A01752,2023-01-31,0.0,7720.84,True,False,,,Reeves-Boyd,FinTech,7.0,North America,53.0,19011.72,Closed -Won,Analytics,2.2901440548281644,19.845694069938975,8.0,2023-01
A01753,2023-01-31,0.0,7812.77,True,False,,,Collins Inc,FinTech,33.0,North America,38.0,16519.36,Closed -Won,Analytics,10.992693586038762,0.8057811890899269,1.0,2023-01
A01754,2023-01-31,0.0,1047.71,True,False,,,"Charles, Wiggins and Cook",E -Commerce,29.0,LATAM,24.0,8439.12,Closed -Won,Core,10.158760961159109,0.6343169327068208,2.0,2023-01
A01755,2023-01-31,0.0,7665.32,True,False,,,Garcia Ltd,CyberSecurity,13.0,North America,37.0,15505.63,Closed -Won,Core,12.258765914410573,3.401693950685968,0.0,2023-01
A01756,2023-01-31,0.0,14921.46,True,False,,,"Edwards, Lane and Collins",HealthTech,18.0,Asia,19.0,15035.31,Closed -Won,Core,14.389793386984998,1.3856000653002367,1.0,2023-01
A01757,2023-01-31,0.0,3393.18,True,False,,,Flores and Sons,HealthTech,20.0,North America,21.0,14004.91,Closed -Won,Core,11.729263327086521,1.6733263539150014,0.0,2023-01
A01758,2023-01-31,0.0,28356.21,True,False,,,Hill-Flores,Logistics,13.0,Asia,36.0,13517.47,Closed -Won,Automation,13.009779310916546,0.38536582207906367,1.0,2023-01
A01759,2023-01-31,0.0,27039.63,True,False,,,Lambert-Nelson,Logistics,18.0,LATAM,34.0,18006.3,Closed -Won,API,8.342607936549287,1.7376139638340813,3.0,2023-01
A01760,2023-01-31,0.0,17597.7,True,False,,,Hill Inc,CyberSecurity,16.0,Asia,35.0,10020.32,Closed -Won,Automation,12.88805023854881,2.8665217208419667,0.0,2023-01
A01761,2023-01-31,0.0,9935.0,True,False,,,"Castro, Garcia and Daniels",MarTech,26.0,North America,23.0,19776.01,Closed -Won,Automation,17.07075993987502,2.2529570482729633,0.0,2023-01
A01762,2023-01-31,0.0,8931.74,True,False,,,"Flores, Thomas and Bush",MarTech,28.0,Europe,25.0,14798.49,Closed -Won,Analytics,16.11554097791025,1.8921359487013745,0.0,2023-01
A01763,2023-01-31,22808.37,22808.37,False,True,,,Andrews-Jackson,FinTech,8.0,Europe,1.0,11631.57,Closed -Won,Core,13.73923418891857,0.43511447454825913,2.0,2023-01
A01764,2023-01-31,0.0,32415.2,True,False,,,Austin-Morgan,HealthTech,19.0,North America,36.0,13839.37,Closed -Won,Analytics,14.73095817504249,1.672047912692028,0.0,2023-01
A01765,2023-01-31,0.0,9877.55,True,False,,,Williams-Johnson,SMB SaaS,35.0,North America,34.0,15796.2,Negotiation,Core,11.515218813217528,2.146914763925882,0.0,2023-01
A01766,2023-01-31,0.0,33036.56,True,False,,,"Williams, Reyes and Miller",EdTech,32.0,Europe,56.0,20769.15,Closed -Won,Automation,8.353015813368293,26.43324594966907,5.0,2023-01
A01767,2023-01-31,0.0,20091.45,True,False,,,White-Carlson,CyberSecurity,29.0,LATAM,30.0,17840.76,Closed -Won,Automation,5.436134140097417,23.47572748357652,0.0,2023-01
A01768,2023-01-31,0.0,33615.11,True,False,,,"Soto, Vaughn and Griffin",CyberSecurity,28.0,LATAM,28.0,19724.83,Closed -Won,Analytics,2.822511726729437,19.391042718013328,12.0,2023-01
A01769,2023-01-31,0.0,11797.29,True,False,,,Edwards-Roth,EdTech,6.0,North America,4.0,14747.31,Closed -Won,Core,1.176641425306261,15.462956537365736,7.0,2023-01
A01770,2023-01-31,0.0,5437.35,True,False,,,"Chang, Lamb and Miller",HealthTech,35.0,North America,12.0,14151.17,Closed -Won,Core,11.959452885393974,2.7258321937717045,0.0,2023-01
A01774,2023-01-31,0.0,2137.96,True,False,,,Callahan PLC,SMB SaaS,13.0,Europe,24.0,12400.67,Closed -Won,Core,20.936199653608888,0.9063345180667532,0.0,2023-01
A01775,2023-01-31,0.0,15523.03,True,False,,,Durham-Myers,CyberSecurity,6.0,Europe,46.0,16179.46,Closed -Won,Premium Support,13.156522617782121,2.7694844035466657,1.0,2023-01
A01776,2023-01-31,0.0,20237.46,True,False,,,"Stark, Rivera and Valencia",Logistics,25.0,North America,8.0,10663.67,Closed -Won,Analytics,11.421032561587936,3.3049645661627274,0.0,2023-01
A01777,2023-01-31,0.0,17438.36,True,False,,,Chavez-Johnson,FinTech,19.0,Europe,20.0,15732.43,Closed -Won,Analytics,11.304623421267689,1.0293196596481677,4.0,2023-01
A01778,2023-01-31,0.0,17682.43,True,False,,,Rodriguez-Mendoza,HealthTech,6.0,LATAM,10.0,15655.65,Closed -Won,Core,17.420066336129842,1.42487933178134,2.0,2023-01
A01779,2023-01-31,0.0,14015.91,True,False,,,Campbell LLC,EdTech,14.0,Europe,19.0,17364.64,Closed -Won,Core,16.991905244927107,1.4136229017707962,3.0,2023-01
A01780,2023-01-31,0.0,13201.47,True,False,,,"Andrews, Romero and Sullivan",EdTech,35.0,LATAM,41.0,8000.96,Closed -Won,Analytics,12.543565440939169,1.867218761463878,0.0,2023-01
A01782,2023-01-31,0.0,31786.22,True,False,,,Patel-Morales,SMB SaaS,13.0,LATAM,21.0,13248.83,Closed -Won,Analytics,10.614219365872145,1.801715411944918,2.0,2023-01
A01783,2023-01-31,9210.23,9210.23,False,True,,,Allen-Sanchez,HealthTech,25.0,Europe,2.0,14442.23,Closed -Won,Core,19.16373151249863,2.8379883282781684,0.0,2023-01
A01784,2023-01-31,0.0,23498.44,True,False,,,Dickson Group,CyberSecurity,25.0,Asia,57.0,10531.44,Closed -Won,Core,16.06642365364841,0.10418827811384368,1.0,2023-01
A01785,2023-01-31,0.0,5587.35,True,False,,,Peterson Ltd,E -Commerce,15.0,Europe,43.0,9526.39,Closed -Won,Core,14.196384126674916,1.026106578358624,0.0,2023-01
A01786,2023-01-31,0.0,21268.41,True,False,,,"Reynolds, Baird and Bradley",E -Commerce,31.0,North America,15.0,16729.57,Negotiation,API,19.606499519453173,2.6699280762098665,0.0,2023-01
A01787,2023-01-31,0.0,10651.38,True,False,,,Stephens-Young,HealthTech,23.0,LATAM,12.0,13752.43,Closed -Won,API,19.87497881843455,2.5527761486208744,1.0,2023-01
A01788,2023-01-31,0.0,8102.53,True,False,,,"Caldwell, Stevenson and Joseph",EdTech,10.0,North America,6.0,18234.57,Negotiation,Core,13.892181194116104,0.9414578059666094,0.0,2023-01
A01789,2023-01-31,0.0,18695.03,True,False,,,Wilson-Carlson,E -Commerce,15.0,Asia,28.0,9496.28,Closed -Won,Automation,13.947284718405,2.559701950303669,2.0,2023-01
A01792,2023-01-31,0.0,6057.88,True,False,,,George Ltd,FinTech,6.0,LATAM,52.0,13810.58,Closed -Won,Analytics,9.541025072599638,0.9920389779361136,1.0,2023-01
A01793,2023-01-31,0.0,15393.71,True,False,,,"Wise, Gray and Snyder",FinTech,25.0,Europe,21.0,12666.29,Negotiation,API,9.52884087144782,2.8749542563142474,2.0,2023-01
A01797,2023-01-31,0.0,6126.94,True,False,,,"Carter, Gilbert and West",SMB SaaS,11.0,Asia,58.0,12752.94,Closed -Won,Core,19.849886896118463,3.0901556348870205,1.0,2023-01
A01798,2023-01-31,0.0,9312.2,True,False,,,Maldonado LLC,FinTech,17.0,Asia,11.0,18461.34,Closed -Won,Core,11.808866326401784,2.1153587149631865,2.0,2023-01
A01800,2023-01-31,0.0,12718.57,True,False,,,Sellers-Zuniga,CyberSecurity,23.0,Europe,31.0,16290.29,Closed -Won,Analytics,4.6126448520577235,27.27023216952908,4.0,2023-01
A01801,2023-01-31,0.0,14950.11,True,False,,,"Haas, Cooper and Davis",SMB SaaS,26.0,Europe,4.0,15946.7,Closed -Won,API,9.301439687238569,1.0211913636771008,1.0,2023-01
A01803,2023-01-31,0.0,18608.24,True,False,,,Abbott-Phelps,EdTech,8.0,LATAM,27.0,19010.37,Closed -Won,Core,18.205596882899677,0.2722520090142049,3.0,2023-01
A01804,2023-01-31,0.0,24185.9,True,False,,,Wood PLC,Logistics,15.0,LATAM,16.0,20554.21,Closed -Won,API,11.281846999198969,3.1904072931656806,1.0,2023-01
A01805,2023-01-31,0.0,16636.09,True,False,,,Smith PLC,HealthTech,13.0,Asia,8.0,10880.89,Negotiation,Core,13.005043200207648,1.1652886809825738,1.0,2023-01
A01806,2023-01-31,0.0,12294.41,True,False,,,Rodriguez-Campbell,MarTech,23.0,Asia,3.0,18548.49,Closed -Won,Core,11.282612190317064,2.333336180247872,1.0,2023-01
A01808,2023-01-31,0.0,15322.46,True,False,,,"Long, Flores and Reyes",MarTech,32.0,LATAM,29.0,9856.21,Negotiation,Automation,14.323487442322564,2.1618189898152,1.0,2023-01
A01809,2023-01-31,0.0,31297.82,True,False,,,Graham-Clark,Logistics,33.0,LATAM,6.0,11302.76,On -Hold,Core,12.945850822653714,2.2965707799739716,0.0,2023-01
A01811,2023-01-31,0.0,12077.08,True,False,,,"Cruz, Middleton and Larsen",FinTech,11.0,Europe,15.0,19232.59,Closed -Won,Analytics,12.257362054729933,2.1380976866453936,1.0,2023-01
A01812,2023-01-31,0.0,4413.07,True,False,,,Roberts Ltd,EdTech,7.0,North America,39.0,10863.19,Closed -Won,Core,16.110556290662124,1.2398404856839762,1.0,2023-01
A01813,2023-01-31,0.0,22515.18,True,False,,,Taylor Inc,Logistics,32.0,Europe,40.0,7797.27,Closed -Won,Core,13.373301372212252,1.1506628378484107,1.0,2023-01
A01814,2023-01-31,0.0,31419.3,True,False,,,"Smith, Griffith and Tucker",E -Commerce,34.0,LATAM,30.0,13940.78,Closed -Won,Core,13.017678117314883,1.8950184558240737,3.0,2023-01
A01815,2023-01-31,0.0,6987.62,True,False,,,Proctor-Taylor,E -Commerce,13.0,Asia,53.0,13090.34,Negotiation,Core,11.207670364907706,1.8738359519509835,0.0,2023-01
A01816,2023-01-31,0.0,14300.45,True,False,,,May Group,MarTech,7.0,Asia,7.0,19282.54,Closed -Lost,Premium Support,12.16984589240715,2.429319732426575,0.0,2023-01
A01818,2023-01-31,0.0,12149.78,True,False,,,Hanson-Gibson,E -Commerce,23.0,LATAM,15.0,17849.86,Negotiation,Automation,10.580668229593677,2.3439053605694906,0.0,2023-01
A01819,2023-01-31,0.0,15479.05,True,False,,,Arnold-Cole,CyberSecurity,32.0,North America,8.0,13426.41,Closed -Won,Automation,16.16246929005569,1.189116280882839,1.0,2023-01
A01820,2023-01-31,0.0,39267.39,True,False,,,Perez-Coleman,SMB SaaS,23.0,Europe,18.0,10129.21,Closed -Won,Core,14.141165662710574,0.0,0.0,2023-01
A01821,2023-01-31,0.0,18424.1,True,False,,,Lane Ltd,E -Commerce,28.0,Asia,19.0,20248.67,Negotiation,API,0.9440165847947437,31.37800312147325,7.0,2023-01
A01823,2023-01-31,0.0,15305.14,True,False,,,House-Johnston,Logistics,6.0,North America,18.0,17589.61,Closed -Won,Automation,12.94466790185625,1.269627797639201,2.0,2023-01
A01824,2023-01-31,0.0,15486.41,True,False,,,Good PLC,FinTech,10.0,North America,52.0,13527.86,Closed -Won,Premium Support,13.982839459484127,2.2422769888652114,1.0,2023-01
A01825,2023-01-31,0.0,7082.03,True,False,,,Bush-Wilson,MarTech,29.0,LATAM,46.0,17630.38,Closed -Won,Core,12.437999106172411,2.084390507838676,1.0,2023-01
A01826,2023-01-31,0.0,48909.81,True,False,,,Nixon-Miller,MarTech,11.0,Europe,54.0,16208.14,Negotiation,API,14.994296312109649,3.8581776169382103,3.0,2023-01
A01828,2023-01-31,0.0,4467.55,True,False,,,Marshall-Miller,HealthTech,28.0,Asia,59.0,16653.11,Closed -Won,Automation,20.518119870859763,3.909167283314702,1.0,2023-01
A01829,2023-01-31,0.0,6939.04,True,False,,,"Davis, Kennedy and Harmon",Logistics,12.0,Asia,37.0,14035.72,Closed -Lost,Core,14.834570088087114,2.7151394039899266,0.0,2023-01
A01830,2023-01-31,0.0,4505.89,True,False,,,"Miller, Schultz and Yates",EdTech,10.0,Asia,58.0,8180.58,Closed -Won,Core,8.263272033443489,3.0857067433050345,4.0,2023-01
A01831,2023-01-31,0.0,3165.88,True,False,,,Austin-Berger,HealthTech,6.0,Asia,21.0,16155.6,Negotiation,Automation,17.48905724251604,1.6410977283790416,1.0,2023-01
A01832,2023-01-31,0.0,39319.13,True,False,,,"Osborne, Harrison and Hunt",EdTech,20.0,Asia,57.0,19581.82,Closed -Won,Core,13.388388075091422,0.9254907166707083,1.0,2023-01
A01834,2023-01-31,0.0,27798.68,True,False,,,Yu-Yates,HealthTech,27.0,Asia,5.0,13745.75,Closed -Lost,Analytics,18.412773357515924,1.9881304693220012,0.0,2023-01
A01835,2023-01-31,0.0,11567.1,True,False,,,Jackson-Neal,FinTech,33.0,LATAM,25.0,16044.46,Closed -Lost,Analytics,12.4841978488653,1.3718411159949788,1.0,2023-01
A01837,2023-01-31,0.0,22522.6,True,False,,,Soto PLC,Logistics,28.0,Asia,56.0,13875.78,Closed -Won,Core,0.0,29.335336338400804,2.0,2023-01
A01839,2023-01-31,0.0,20936.53,True,False,,,Lamb-Weber,E -Commerce,16.0,Europe,14.0,15631.78,Closed -Won,Analytics,16.027954443061862,0.4665080518814695,0.0,2023-01
A01841,2023-01-31,0.0,18834.17,True,False,,,York LLC,Logistics,7.0,LATAM,26.0,15696.45,Closed -Won,Automation,16.68561748665872,1.7656445117367516,0.0,2023-01
A01842,2023-01-31,0.0,13405.55,True,False,,,Anderson-Campbell,FinTech,35.0,LATAM,6.0,13021.58,Closed -Won,Analytics,14.224968895738483,1.0090808922354768,0.0,2023-01
A01843,2023-01-31,0.0,39023.26,True,False,,,Smith-Rodriguez,SMB SaaS,13.0,LATAM,49.0,16337.81,Closed -Lost,Core,21.450271700243647,1.77191009668149,1.0,2023-01
A01848,2023-01-31,0.0,11528.14,True,False,,,Cooper Inc,FinTech,12.0,LATAM,32.0,16123.23,Closed -Won,Premium Support,13.770041240459587,1.4243765348507926,1.0,2023-01
A01849,2023-01-31,0.0,4792.35,True,False,,,Larson and Sons,EdTech,9.0,North America,31.0,12945.27,Closed -Won,Core,14.477172494162277,2.65564480978355,0.0,2023-01
A01850,2023-01-31,0.0,24038.03,True,False,,,Mullins-Gutierrez,EdTech,16.0,Asia,10.0,15796.19,Closed -Won,Core,2.940706022157254,16.952566056190747,3.0,2023-01
A01851,2023-01-31,0.0,35443.66,True,False,,,Young-Alexander,MarTech,10.0,North America,5.0,16527.37,Closed -Won,API,12.64189256210243,2.352889921033353,0.0,2023-01
A01852,2023-01-31,0.0,13009.77,True,False,,,"Jackson, Lane and Wilkinson",SMB SaaS,35.0,North America,15.0,17229.65,Closed -Lost,Analytics,3.0616213634983835,22.505954398324512,5.0,2023-01
A01853,2023-01-31,0.0,20453.77,True,False,,,May Inc,EdTech,11.0,Europe,27.0,16927.48,Negotiation,Core,0.6881479115545215,22.09584460051583,4.0,2023-01
A01855,2023-01-31,0.0,24250.35,True,False,,,Turner-Reese,FinTech,14.0,LATAM,7.0,17744.74,Closed -Lost,API,15.305016133410204,3.48656325398649,0.0,2023-01
A01856,2023-01-31,0.0,8346.87,True,False,,,"Hall, Vega and Price",HealthTech,6.0,Europe,51.0,23016.69,Negotiation,Core,15.01831515595245,1.7394504792082564,1.0,2023-01
A01858,2023-01-31,0.0,28678.4,True,False,,,Roberts Group,E -Commerce,21.0,North America,35.0,18998.86,Closed -Lost,API,9.623808124091639,2.708572468672762,1.0,2023-01
A01860,2023-01-31,0.0,27307.53,True,False,,,"Blanchard, Davis and Schmidt",MarTech,8.0,LATAM,44.0,18025.24,Closed -Lost,API,2.328719469698965,26.89879544224367,5.0,2023-01
A01861,2023-01-31,0.0,23461.06,True,False,,,Blanchard-Reynolds,Logistics,14.0,Asia,44.0,18404.24,Closed -Won,Automation,4.582281276988471,27.922859654955545,5.0,2023-01
A01862,2023-01-31,0.0,6007.58,True,False,,,"Garrison, Rogers and Adams",E -Commerce,14.0,Europe,18.0,14823.15,Closed -Won,Automation,1.8736456753583954,30.69560353436478,6.0,2023-01
A01863,2023-01-31,0.0,8582.2,True,False,,,Scott PLC,HealthTech,18.0,North America,51.0,6809.06,Closed -Won,Automation,11.976179579039314,2.879314983395656,2.0,2023-01
A01864,2023-01-31,0.0,25415.91,True,False,,,Murray-Leonard,MarTech,35.0,LATAM,22.0,5683.1,Closed -Won,Analytics,14.028529201289361,4.068771855120065,3.0,2023-01
A01865,2023-01-31,0.0,8504.77,True,False,,,Navarro PLC,EdTech,15.0,Asia,50.0,13881.8,Closed -Won,Automation,11.553911622850489,1.7423274953009469,2.0,2023-01
A01866,2023-01-31,0.0,1715.31,True,False,,,Meyer Ltd,Logistics,27.0,North America,24.0,12848.15,Closed -Won,Analytics,10.063753714502328,2.8541566653663795,1.0,2023-01
A01867,2023-01-31,0.0,16904.47,True,False,,,"Kaiser, Edwards and Smith",EdTech,29.0,Asia,7.0,9034.37,Closed -Won,Automation,12.233679438872898,3.4846253176907442,0.0,2023-01
A01868,2023-01-31,0.0,16043.24,True,False,,,Decker Inc,HealthTech,7.0,North America,45.0,16548.53,Closed -Won,Core,17.978554890288738,2.2083317001827596,0.0,2023-01
A01869,2023-01-31,0.0,24532.07,True,False,,,Davis-Garcia,CyberSecurity,21.0,Europe,2.0,10466.07,Closed -Won,API,16.52223610077191,1.9746869350849603,0.0,2023-01
A01870,2023-01-31,0.0,33748.28,True,False,,,Bell-Hardy,MarTech,19.0,LATAM,46.0,8336.83,Closed -Won,Core,11.089855995133934,1.7543120722579078,0.0,2023-01
A01871,2023-01-31,16115.12,16115.12,False,True,,,Lee-Johnson,FinTech,21.0,North America,3.0,23253.34,Closed -Won,Core,13.055551849527575,2.5375588822049737,0.0,2023-01
A01872,2023-01-31,0.0,19170.99,True,False,,,Brown PLC,CyberSecurity,11.0,Europe,13.0,17018.66,Closed -Won,Analytics,5.650392217307897,29.36025502802657,6.0,2023-01
A01873,2023-01-31,0.0,4572.75,True,False,,,"Shannon, Robinson and Greene",HealthTech,19.0,North America,36.0,13296.5,Closed -Won,Core,12.287085814437988,2.4618049060391805,1.0,2023-01
A01874,2023-01-31,0.0,11746.71,True,False,,,Erickson Inc,Logistics,9.0,North America,56.0,9349.77,Closed -Won,Core,14.238758734498191,2.427463075816867,0.0,2023-01
A01876,2023-01-31,0.0,21984.73,True,False,,,Douglas-Yoder,EdTech,23.0,North America,8.0,12509.9,On -Hold,Analytics,15.172791655532393,0.4070454749272234,1.0,2023-01
A01877,2023-01-31,0.0,34608.96,True,False,,,"Pratt, Lopez and Rodriguez",E -Commerce,7.0,North America,14.0,12825.46,Closed -Won,API,14.762436283070858,2.8977163887565967,1.0,2023-01
A01878,2023-01-31,0.0,11672.09,True,False,,,King Group,E -Commerce,21.0,North America,53.0,13709.37,Negotiation,Automation,12.03890847865247,0.7153748803851521,0.0,2023-01
A01880,2023-01-31,0.0,10163.6,True,False,,,Hammond-Schwartz,FinTech,28.0,LATAM,6.0,11506.07,Closed -Lost,Premium Support,3.9490733702779597,26.39594443628862,6.0,2023-01
A01881,2023-01-31,0.0,28111.8,True,False,,,"Carrillo, Morris and Martin",EdTech,14.0,Asia,23.0,8155.73,Closed -Won,Core,9.315990219493184,0.8595678955092736,0.0,2023-01
A01882,2023-01-31,0.0,13351.2,True,False,,,Ramirez Inc,HealthTech,32.0,North America,16.0,7080.32,Closed -Won,Core,0.36882139801993485,26.444321743478802,5.0,2023-01
A01883,2023-01-31,0.0,4439.24,True,False,,,Price-Ferrell,CyberSecurity,11.0,LATAM,11.0,8857.77,Closed -Lost,Core,16.448778843761573,4.121474551389745,3.0,2023-01
A01884,2023-01-31,0.0,14216.34,True,False,,,Sosa-Baker,FinTech,13.0,Europe,50.0,12560.87,Closed -Won,Automation,1.0571133665590577,20.947957381383578,2.0,2023-01
A01885,2023-01-31,0.0,10572.02,True,False,,,Jones-Krause,E -Commerce,10.0,North America,37.0,13768.13,Closed -Won,Core,14.818919732372771,0.7797863245654812,2.0,2023-01
A01887,2023-01-31,0.0,48397.98,True,False,,,"Vasquez, Thomas and Mack",SMB SaaS,27.0,North America,39.0,16660.94,Closed -Won,Analytics,3.457076666822827,27.77852089697361,4.0,2023-01
A01888,2023-01-31,0.0,4565.95,True,False,,,Mendez Inc,EdTech,21.0,LATAM,25.0,17495.1,Closed -Won,Automation,3.1066915725983004,16.509058363084492,3.0,2023-01
A01889,2023-01-31,0.0,22475.4,True,False,,,Baldwin-Garcia,FinTech,26.0,LATAM,4.0,13780.14,Negotiation,Automation,18.93863060137512,2.519769548046467,4.0,2023-01
A01890,2023-01-31,0.0,31974.49,True,False,,,Jones Ltd,CyberSecurity,13.0,LATAM,27.0,17621.49,Closed -Won,Core,15.655823053272119,1.0833821842168714,2.0,2023-01
A01891,2023-01-31,0.0,25430.27,True,False,,,Waters-Smith,FinTech,8.0,North America,11.0,6426.76,Closed -Won,Core,8.388628552813135,2.321188342222438,2.0,2023-01
A01893,2023-01-31,0.0,12386.69,True,False,,,Ortega LLC,SMB SaaS,34.0,LATAM,52.0,14840.79,Closed -Won,Automation,6.00403249090045,26.467048802970044,4.0,2023-01
A01894,2023-01-31,0.0,15715.35,True,False,,,Graves Group,Logistics,7.0,Asia,42.0,18846.79,Closed -Won,Core,16.07392079027828,2.1834983246059356,2.0,2023-01
A01896,2023-01-31,0.0,17998.7,True,False,,,Graham-Anthony,Logistics,22.0,Europe,51.0,18648.36,Closed -Won,Core,13.840902666764105,2.3820125407045882,0.0,2023-01
A01897,2023-01-31,0.0,36117.24,True,False,,,Fernandez Inc,FinTech,7.0,Asia,34.0,8495.01,Closed -Won,Core,12.387371694311152,1.7102686715696098,0.0,2023-01
A01899,2023-01-31,0.0,3534.73,True,False,,,Martinez-Nichols,EdTech,34.0,Europe,45.0,11627.71,Closed -Won,Automation,12.298159478266964,2.3952078490158515,2.0,2023-01
A01900,2023-01-31,0.0,14433.33,True,False,,,Cook-Turner,FinTech,14.0,Asia,21.0,16661.76,Negotiation,API,3.0341600004063576,23.580628038710834,4.0,2023-01
A01901,2023-01-31,0.0,45281.23,True,False,,,Chen Ltd,SMB SaaS,14.0,Asia,32.0,14655.26,Closed -Won,Analytics,10.473184975067968,1.289459198979075,0.0,2023-01
A01902,2023-01-31,0.0,8299.46,True,False,,,Diaz LLC,FinTech,31.0,LATAM,32.0,19059.38,Closed -Won,API,15.471978786241975,1.2099322491820366,2.0,2023-01
A01904,2023-01-31,0.0,6039.05,True,False,,,"Harris, Spencer and Ponce",Logistics,13.0,LATAM,15.0,21281.32,Negotiation,Core,9.150403477687547,1.6393838732061505,1.0,2023-01
A01905,2023-01-31,0.0,22136.86,True,False,,,"Lee, Dominguez and Mosley",CyberSecurity,8.0,Europe,20.0,12119.82,Closed -Won,Automation,2.815862510561831,20.719773297159534,3.0,2023-01
A01906,2023-01-31,0.0,12395.21,True,False,,,"Barker, Tucker and Mcclure",HealthTech,31.0,Asia,15.0,10860.33,Closed -Won,Core,13.47113612103651,1.8466809412766725,2.0,2023-01
A01907,2023-01-31,0.0,39089.63,True,False,,,Moss-Taylor,MarTech,33.0,North America,18.0,12385.74,Closed -Won,Premium Support,14.48528718870773,0.7751782500162716,2.0,2023-01
A01908,2023-01-31,0.0,38931.6,True,False,,,Johnson PLC,E -Commerce,8.0,North America,10.0,17533.32,Closed -Won,Automation,16.293685016087558,1.1724190863113393,0.0,2023-01
A01909,2023-01-31,0.0,4719.52,True,False,,,Burns Inc,Logistics,30.0,LATAM,3.0,17699.09,Closed -Won,API,14.984726727079952,2.9650510846140046,2.0,2023-01
A01911,2023-01-31,0.0,11487.53,True,False,,,Levy-Smith,EdTech,10.0,Asia,5.0,11607.81,Closed -Won,Automation,13.120113433383768,1.7792882320502388,2.0,2023-01
A01912,2023-01-31,0.0,24924.21,True,False,,,Brown-French,Logistics,17.0,LATAM,53.0,16153.64,Closed -Won,Core,17.103288158681117,3.0601875692177964,0.0,2023-01
A01913,2023-01-31,60840.74,60840.74,False,True,,,Sullivan and Sons,SMB SaaS,19.0,Europe,1.0,19981.54,Closed -Lost,Analytics,14.368773853421963,1.0852368111344584,0.0,2023-01
A01914,2023-01-31,0.0,13537.95,True,False,,,"Contreras, Ellis and Gregory",MarTech,31.0,Europe,46.0,12190.74,Closed -Lost,Core,2.230169625508227,17.249777828212615,8.0,2023-01
A01917,2023-01-31,0.0,17284.79,True,False,,,"Smith, Meadows and Montgomery",SMB SaaS,23.0,Europe,17.0,8007.13,Closed -Lost,Core,16.164237120677882,1.7504884796619105,1.0,2023-01
A01918,2023-01-31,0.0,13714.34,True,False,,,Haynes and Sons,SMB SaaS,32.0,North America,29.0,17159.78,Closed -Won,Core,12.671163559070461,0.43957037991556724,2.0,2023-01
A01919,2023-01-31,0.0,25037.03,True,False,,,Jackson Inc,MarTech,25.0,Europe,27.0,6325.7,Closed -Won,Analytics,3.6032654659253556,33.86508725165957,6.0,2023-01
A01920,2023-01-31,0.0,40697.14,True,False,,,Hoover-Davis,HealthTech,12.0,Asia,32.0,14518.48,Closed -Won,Premium Support,13.850737557215503,2.1634969460844484,0.0,2023-01
A01922,2023-01-31,0.0,12156.99,True,False,,,Wilson PLC,Logistics,19.0,North America,32.0,11870.16,Closed -Won,Analytics,10.84342339602096,2.4196102597833704,0.0,2023-01
A01923,2023-01-31,0.0,5959.9,True,False,,,"Walker, Brock and Simmons",SMB SaaS,20.0,Europe,49.0,20758.07,Closed -Won,Premium Support,7.615842592105875,0.7014757541501049,1.0,2023-01
A01924,2023-01-31,0.0,9134.78,True,False,,,"Gregory, Nguyen and Daugherty",FinTech,16.0,Europe,26.0,14666.67,Closed -Won,Automation,9.352211726513868,2.3028789164294907,1.0,2023-01
A01926,2023-01-31,0.0,17712.93,True,False,,,Duran PLC,MarTech,9.0,LATAM,8.0,13972.73,Negotiation,Analytics,12.030499251110669,3.1403102303706545,1.0,2023-01
A01930,2023-01-31,0.0,29877.07,True,False,,,"Williams, Garcia and Boone",CyberSecurity,19.0,North America,57.0,22419.08,Closed -Won,Core,4.39991770347102,22.95437530486516,4.0,2023-01
A01931,2023-01-31,0.0,13816.17,True,False,,,"Bennett, Moore and Hobbs",SMB SaaS,33.0,North America,6.0,11697.73,Closed -Won,API,14.014006686728147,1.0434256505635537,0.0,2023-01
A01934,2023-01-31,0.0,2182.07,True,False,,,Butler-Aguirre,EdTech,23.0,LATAM,57.0,11786.03,Negotiation,Core,14.822715958092736,1.0494711892798065,0.0,2023-01
A01935,2023-01-31,0.0,17992.66,True,False,,,Schwartz-Harris,Logistics,28.0,LATAM,9.0,14244.02,Negotiation,Core,10.553994902284952,1.9540218162939844,1.0,2023-01
A01936,2023-01-31,0.0,26308.61,True,False,,,"Nelson, Cole and Allen",MarTech,21.0,Asia,10.0,21658.94,Closed -Won,API,4.491728999566864,23.580888088994048,2.0,2023-01
A01938,2023-01-31,0.0,35271.4,True,False,,,"White, Porter and Clements",EdTech,24.0,North America,33.0,15098.03,Negotiation,Core,4.835570689791464,27.977991887095275,4.0,2023-01
A01941,2023-01-31,0.0,16548.89,True,False,,,Montgomery PLC,EdTech,14.0,Europe,10.0,12884.08,Closed -Won,Analytics,13.090758693430539,0.0,0.0,2023-01
A01943,2023-01-31,0.0,21782.65,True,False,,,Brown-Rodriguez,MarTech,6.0,North America,52.0,17554.67,Negotiation,API,11.064279377405136,2.592207773582742,0.0,2023-01
A01944,2023-01-31,0.0,6877.75,True,False,,,Jennings Group,EdTech,21.0,North America,2.0,9877.2,Negotiation,Analytics,6.8770510846806925,29.695965263081263,3.0,2023-01
A01945,2023-01-31,0.0,15153.91,True,False,,,Thompson-Santiago,CyberSecurity,32.0,Europe,23.0,15415.46,Closed -Won,Analytics,15.388897998638392,1.3774317487440073,2.0,2023-01
A01946,2023-01-31,0.0,31282.91,True,False,,,Brown LLC,EdTech,25.0,LATAM,8.0,16786.17,Closed -Won,Automation,1.012734576029971,24.027906196640583,6.0,2023-01
A01947,2023-01-31,0.0,1331.35,True,False,,,Clark-King,Logistics,14.0,LATAM,10.0,17635.77,Closed -Won,Core,12.092257335826078,2.6515098396603243,0.0,2023-01
A01948,2023-01-31,0.0,17152.87,True,False,,,"Trujillo, Chang and Williams",EdTech,24.0,North America,55.0,9869.5,Closed -Won,Analytics,11.85878726243719,0.8242799915856425,0.0,2023-01
A01950,2023-01-31,0.0,31394.98,True,False,,,Washington Inc,EdTech,18.0,Asia,19.0,16066.58,On -Hold,Core,5.339767229150898,37.015221872058135,3.0,2023-01
A01951,2023-01-31,0.0,43083.42,True,False,,,Jacobson Ltd,FinTech,12.0,LATAM,55.0,14892.48,On -Hold,API,14.344377590709684,1.39455366929419,0.0,2023-01
A01952,2023-01-31,0.0,13063.36,True,False,,,Watkins-Nguyen,HealthTech,24.0,Asia,36.0,9588.48,Closed -Won,API,13.195344238871638,2.141380572225596,1.0,2023-01
A01953,2023-01-31,0.0,24174.43,True,False,,,Burgess LLC,Logistics,11.0,Asia,5.0,11593.91,Closed -Lost,API,12.20047677502011,1.8606655148202607,0.0,2023-01
A01955,2023-01-31,0.0,19569.45,True,False,,,Garcia Ltd,HealthTech,34.0,LATAM,58.0,14770.3,Closed -Won,Automation,12.349334745689632,1.6395399098530674,2.0,2023-01
A01956,2023-01-31,0.0,7412.12,True,False,,,Kane-Bennett,E -Commerce,28.0,Asia,24.0,16256.79,Closed -Won,Core,13.708909272934338,2.2270904933788596,0.0,2023-01
A01957,2023-01-31,0.0,8199.41,True,False,,,Jones PLC,E -Commerce,18.0,Europe,32.0,13467.53,Closed -Won,API,15.23969846901177,1.3790683818466873,1.0,2023-01
A01958,2023-01-31,0.0,14403.86,True,False,,,Brown-Graham,HealthTech,35.0,Asia,32.0,20672.28,Closed -Won,API,12.784061171628895,1.0621571613082674,0.0,2023-01
A01959,2023-01-31,0.0,8285.58,True,False,,,Reilly Group,MarTech,6.0,Europe,39.0,13364.76,Closed -Won,API,13.431235812157707,2.1715327919098484,1.0,2023-01
A01960,2023-01-31,0.0,20136.87,True,False,,,Hughes and Sons,CyberSecurity,34.0,Europe,12.0,15653.53,Closed -Won,Analytics,13.443636544783086,1.1032323329814306,2.0,2023-01
A01961,2023-01-31,0.0,16017.68,True,False,,,Cortez-Chen,SMB SaaS,16.0,LATAM,50.0,19427.16,Closed -Won,Premium Support,2.9971907846353703,21.863873891730623,7.0,2023-01
A01962,2023-01-31,0.0,9868.83,True,False,,,Harris-Martinez,Logistics,30.0,Europe,59.0,12682.58,Closed -Won,Analytics,12.675656368951367,2.592232532177124,1.0,2023-01
A01963,2023-01-31,0.0,9276.81,True,False,,,"Carroll, Ramirez and Rodriguez",FinTech,34.0,North America,9.0,9411.48,Closed -Won,Automation,16.28658980881042,1.2348855436561128,4.0,2023-01
A01964,2023-01-31,0.0,22435.61,True,False,,,Ellis-Jackson,HealthTech,24.0,Asia,49.0,13221.09,Closed -Won,Analytics,8.687791913070672,2.2137804318731824,0.0,2023-01
A01965,2023-01-31,0.0,26050.8,True,False,,,Robinson-Phillips,MarTech,24.0,Europe,49.0,18529.49,Closed -Won,Automation,18.72283957700379,1.2303000996659834,0.0,2023-01
A01966,2023-01-31,0.0,17126.07,True,False,,,Clarke Ltd,HealthTech,28.0,Asia,44.0,15153.39,Closed -Won,Core,14.406588389608991,0.395687194198324,1.0,2023-01
A01967,2023-01-31,0.0,24697.25,True,False,,,"Whitehead, Lane and Tran",E -Commerce,13.0,Europe,22.0,17584.51,Closed -Won,Core,15.830052727959544,1.4027748325529632,0.0,2023-01
A01969,2023-01-31,0.0,7616.53,True,False,,,Atkins-Robinson,FinTech,16.0,LATAM,50.0,8424.83,Closed -Won,Analytics,11.875822519908287,2.5214087249135337,0.0,2023-01
A01970,2023-01-31,0.0,10168.55,True,False,,,Hood-Ramirez,FinTech,20.0,Asia,10.0,17202.28,Closed -Won,Core,0.0,27.383528080202467,4.0,2023-01
A01972,2023-01-31,0.0,1510.0,True,False,,,Riley-Snow,Logistics,13.0,North America,55.0,11222.75,Closed -Won,Automation,13.258795910514234,1.0188338285834257,0.0,2023-01
A01973,2023-01-31,0.0,13335.46,True,False,,,"Shah, Mcintyre and Villanueva",HealthTech,22.0,Asia,41.0,10300.08,Negotiation,Automation,16.097614074653087,1.62330161208784,0.0,2023-01
A01975,2023-01-31,0.0,11728.92,True,False,,,Quinn-Gordon,EdTech,6.0,LATAM,33.0,14705.06,Closed -Won,Analytics,15.823794920534915,0.06891994704917526,1.0,2023-01
A01976,2023-01-31,0.0,8134.62,True,False,,,Schmidt-Mendoza,FinTech,35.0,Asia,3.0,10008.03,Closed -Won,Automation,6.896236343416403,1.5480456940740055,4.0,2023-01
A01977,2023-01-31,0.0,11286.28,True,False,,,"Nicholson, Chavez and Allen",EdTech,31.0,Asia,55.0,14608.33,On -Hold,Premium Support,12.843298394074251,0.9285060522373514,0.0,2023-01
A01978,2023-01-31,0.0,15921.21,True,False,,,"Mullins, Steele and Russell",CyberSecurity,31.0,LATAM,21.0,9084.88,Closed -Lost,Core,17.50141210283469,1.804601595745921,0.0,2023-01
A01979,2023-01-31,0.0,23938.61,True,False,,,Anderson LLC,FinTech,15.0,Europe,4.0,12340.16,On -Hold,Core,13.487086132901194,1.5655525125638834,0.0,2023-01
A01980,2023-01-31,0.0,33422.72,True,False,,,Holland Inc,FinTech,21.0,Asia,47.0,9630.5,Closed -Won,Core,11.5125690915015,2.602155438090083,2.0,2023-01
A01981,2023-01-31,0.0,12881.9,True,False,,,Castillo LLC,Logistics,26.0,North America,39.0,14453.65,Closed -Won,Analytics,12.02947033358721,2.255520659409505,0.0,2023-01
A01982,2023-01-31,0.0,8709.87,True,False,,,Warner PLC,E -Commerce,13.0,LATAM,37.0,12330.32,Closed -Won,Automation,4.915932310795359,0.6943824280897197,2.0,2023-01
A01983,2023-01-31,0.0,3516.38,True,False,,,"Silva, Bray and Ford",EdTech,28.0,Asia,4.0,20289.64,Closed -Won,Core,10.964594088764237,1.4118379268209127,2.0,2023-01
A01984,2023-01-31,0.0,52863.89,True,False,,,Sawyer Group,Logistics,26.0,Asia,45.0,16110.72,Closed -Won,API,2.341572561247552,35.37975421193741,5.0,2023-01
A01985,2023-01-31,0.0,25693.57,True,False,,,Clarke LLC,Logistics,18.0,Europe,38.0,9641.65,Closed -Won,Core,12.252191699311306,2.739380884039014,0.0,2023-01
A01987,2023-01-31,0.0,5087.33,True,False,,,Cruz Ltd,E -Commerce,15.0,Europe,49.0,14100.21,Closed -Won,Analytics,7.004563438890776,2.702795788955417,1.0,2023-01
A01988,2023-01-31,0.0,1820.31,True,False,,,Schmidt-Phillips,FinTech,30.0,Asia,13.0,17914.68,Closed -Won,Analytics,9.107486620662314,0.9875000794505144,0.0,2023-01
A01989,2023-01-31,0.0,3380.95,True,False,,,Wolfe-Salazar,EdTech,35.0,LATAM,13.0,9716.01,Closed -Won,Core,17.570147535799258,1.9061547446008034,1.0,2023-01
A01990,2023-01-31,0.0,10457.89,True,False,,,"Norton, French and Miller",E -Commerce,35.0,North America,55.0,17293.89,Closed -Won,Core,15.851882241984683,2.180976195033809,1.0,2023-01
A01991,2023-01-31,0.0,9047.66,True,False,,,Fitzgerald-Brown,HealthTech,29.0,North America,32.0,23089.55,Closed -Lost,Core,10.107682905681706,1.4806091296564787,0.0,2023-01
A01992,2023-01-31,0.0,8509.51,True,False,,,"Cox, Williams and Reyes",SMB SaaS,16.0,Europe,26.0,17226.3,Closed -Won,Premium Support,3.376244487211644,23.28027190751756,3.0,2023-01
A01994,2023-01-31,0.0,28464.5,True,False,,,Wong Ltd,EdTech,13.0,North America,38.0,19490.68,Closed -Won,Analytics,10.411616803529732,2.5531496213279996,0.0,2023-01
A01995,2023-01-31,0.0,5049.75,True,False,,,Castro and Sons,MarTech,32.0,Europe,45.0,12156.13,Closed -Won,Premium Support,7.987568349459197,1.5236125775695273,1.0,2023-01
A01999,2023-01-31,0.0,3472.2,True,False,,,Flores LLC,MarTech,8.0,LATAM,17.0,16943.33,Closed -Won,Automation,1.5345113052905845,22.733043624336002,1.0,2023-01
A02000,2023-01-31,0.0,21387.21,True,False,,,"Frazier, Ramirez and Brown",E -Commerce,17.0,Asia,17.0,22918.07,Negotiation,API,1.938652153177787,26.10254429074421,3.0,2023-01
A02001,2023-01-31,0.0,8632.43,True,False,,,Chavez-Mason,E -Commerce,22.0,Asia,52.0,18833.45,Closed -Won,Premium Support,1.875083373419624,26.290415035345127,3.0,2023-01
A02003,2023-01-31,0.0,15354.69,True,False,,,"Bryan, Lam and Hayes",HealthTech,31.0,North America,24.0,7039.97,Closed -Won,Premium Support,13.738337943508423,3.3503966273013273,1.0,2023-01
A02004,2023-01-31,0.0,11629.84,True,False,,,Marsh-Dougherty,Logistics,9.0,Asia,28.0,11046.71,Closed -Won,Automation,13.364655099097588,1.788645949593644,0.0,2023-01
A02005,2023-01-31,0.0,25990.61,True,False,,,Lopez Group,CyberSecurity,35.0,Asia,48.0,18365.93,Closed -Won,Automation,12.018655458177452,1.4724591499219715,2.0,2023-01
A02007,2023-01-31,0.0,5507.43,True,False,,,Mullen-Jones,MarTech,17.0,Europe,26.0,12920.71,Closed -Won,Core,17.48548706171202,1.6178536089944164,3.0,2023-01
A02008,2023-01-31,0.0,8305.43,True,False,,,Hill Ltd,SMB SaaS,10.0,North America,9.0,19604.6,Closed -Won,API,14.989970496425267,0.8098203272502238,2.0,2023-01
A02009,2023-01-31,0.0,7030.97,True,False,,,Crawford and Sons,MarTech,30.0,Asia,47.0,17544.5,Closed -Won,Core,9.547130637390477,2.1649505860773184,2.0,2023-01
A02010,2023-01-31,0.0,4419.18,True,False,,,"Crane, Johnson and Butler",Logistics,27.0,Asia,38.0,11610.4,Closed -Won,Automation,15.419394958978266,1.4027669920859993,0.0,2023-01
A02011,2023-01-31,0.0,23322.95,True,False,,,"Weaver, Anderson and Reed",HealthTech,8.0,North America,30.0,17944.36,Negotiation,Analytics,12.65808557899559,2.6708882721498295,2.0,2023-01
A02013,2023-01-31,0.0,8518.85,True,False,,,Brown and Sons,E -Commerce,24.0,Europe,10.0,8532.8,Closed -Won,Analytics,11.694756195532902,3.62566941176381,0.0,2023-01
A02014,2023-01-31,0.0,8254.73,True,False,,,"Newman, Jenkins and Cooper",E -Commerce,31.0,LATAM,55.0,16154.23,Closed -Won,Core,15.610791417956793,1.7883668566273194,1.0,2023-01
A02015,2023-01-31,0.0,17281.01,True,False,,,"Buchanan, Tucker and Wade",CyberSecurity,9.0,North America,39.0,9922.0,Closed -Won,Analytics,11.600529285451403,1.1967502489551836,4.0,2023-01
A02016,2023-01-31,0.0,12234.84,True,False,,,"Wilkinson, Wallace and Torres",EdTech,12.0,Asia,19.0,9853.37,Negotiation,Core,3.877703579191197,28.543706093310252,4.0,2023-01
A02017,2023-01-31,0.0,17517.17,True,False,,,Villanueva LLC,Logistics,22.0,Europe,25.0,10787.67,Closed -Won,Premium Support,17.395234431817986,4.1933433860748135,0.0,2023-01
A02018,2023-01-31,0.0,9624.7,True,False,,,Mccormick and Sons,EdTech,9.0,Asia,43.0,15518.69,Closed -Won,Analytics,13.463355770699826,2.6621079965161334,0.0,2023-01
A02019,2023-01-31,0.0,16316.23,True,False,,,Watson-Roberts,E -Commerce,15.0,North America,43.0,17997.78,Closed -Won,Premium Support,13.557540830023376,1.3075800788202088,1.0,2023-01
A02020,2023-01-31,0.0,26840.98,True,False,,,Hernandez LLC,SMB SaaS,6.0,LATAM,28.0,13676.56,Closed -Won,Core,16.077392360829997,3.693155089267136,1.0,2023-01
A02021,2023-01-31,0.0,13567.77,True,False,,,Huber-Montgomery,E -Commerce,20.0,Europe,18.0,10027.28,Closed -Won,Core,11.997239897461471,3.356162383886032,1.0,2023-01
A02023,2023-01-31,0.0,17782.06,True,False,,,Mcpherson Ltd,SMB SaaS,18.0,LATAM,39.0,8624.06,Closed -Won,API,14.917145809168506,1.246525124916028,1.0,2023-01
A02024,2023-01-31,0.0,2130.4,True,False,,,"Conway, Bauer and Martin",SMB SaaS,13.0,LATAM,36.0,17703.25,Closed -Won,Core,9.375867192608702,1.86767515483963,3.0,2023-01
A02025,2023-01-31,12749.21,12749.21,False,True,,,Williams LLC,MarTech,18.0,North America,5.0,11222.53,Closed -Won,Automation,14.663297140304644,0.9299149039980379,0.0,2023-01
A02027,2023-01-31,0.0,19197.45,True,False,,,"Mann, Wade and Spence",HealthTech,10.0,North America,37.0,7601.64,Closed -Won,Core,16.566417777365444,2.711961946439788,2.0,2023-01
A02029,2023-01-31,0.0,15939.42,True,False,,,Ferguson Inc,SMB SaaS,11.0,North America,32.0,14771.41,Closed -Won,API,15.24364507092509,2.293000547973937,0.0,2023-01
A02030,2023-01-31,0.0,37103.05,True,False,,,Sullivan Group,MarTech,35.0,North America,21.0,8544.18,Negotiation,API,9.179124054336329,3.168497975432705,1.0,2023-01
A02032,2023-01-31,0.0,15044.04,True,False,,,Smith Ltd,FinTech,9.0,North America,11.0,15547.2,Closed -Won,Core,10.468200318757168,1.9243836452199086,1.0,2023-01
A02033,2023-01-31,0.0,17822.94,True,False,,,"Cantrell, Rivera and Thornton",MarTech,15.0,LATAM,6.0,11274.57,On -Hold,Core,13.889408291068921,1.3318982404237438,0.0,2023-01
A02035,2023-01-31,0.0,35085.4,True,False,,,"Estrada, Marsh and Chandler",SMB SaaS,11.0,North America,59.0,19927.51,Closed -Won,Core,9.377503194874272,0.8230798879519645,1.0,2023-01
A02036,2023-01-31,0.0,12493.06,True,False,,,Morgan-Rodriguez,E -Commerce,31.0,LATAM,50.0,18469.93,Negotiation,API,0.0,22.126492883007046,3.0,2023-01
A02037,2023-01-31,0.0,18114.35,True,False,,,Mccullough-Taylor,HealthTech,34.0,Europe,35.0,14712.72,Closed -Won,Automation,15.107159528019682,2.0255157330533153,1.0,2023-01
A02038,2023-01-31,0.0,36879.94,True,False,,,"Wilson, Johnson and Williamson",FinTech,13.0,Europe,3.0,20524.25,Closed -Won,Premium Support,2.6527162696545954,27.333076929901456,5.0,2023-01
A02040,2023-01-31,0.0,10654.61,True,False,,,Brown-Davidson,SMB SaaS,14.0,LATAM,27.0,14300.72,Closed -Won,Core,10.74723824723872,1.5022641881068828,2.0,2023-01
A02041,2023-01-31,0.0,28011.76,True,False,,,"Fox, Harrington and Wang",Logistics,23.0,LATAM,18.0,14406.32,Closed -Lost,Analytics,14.600467265265577,0.7581351293685767,3.0,2023-01
A02042,2023-01-31,0.0,8022.82,True,False,,,Johnson PLC,FinTech,30.0,North America,53.0,15156.17,Closed -Won,Premium Support,12.969103071222962,2.437284274600409,2.0,2023-01
A02043,2023-01-31,0.0,12394.46,True,False,,,Rhodes-Rosario,FinTech,16.0,LATAM,45.0,16543.22,Closed -Won,Core,5.0527885882039705,25.127628208600736,4.0,2023-01
A02044,2023-01-31,0.0,17404.42,True,False,,,"Foster, Henry and Morrison",HealthTech,14.0,Europe,45.0,11224.42,Closed -Won,Core,13.445708839968951,1.1379260227301486,1.0,2023-01
A02045,2023-01-31,0.0,25431.64,True,False,,,"Harding, Kerr and Ward",Logistics,13.0,Europe,17.0,19334.55,Closed -Won,Core,14.1761614767336,1.233183733322718,3.0,2023-01
A02046,2023-01-31,0.0,5001.03,True,False,,,Baldwin Group,Logistics,6.0,Asia,59.0,19990.77,Closed -Won,API,9.834489595833887,2.5371054964629085,1.0,2023-01
A02048,2023-01-31,0.0,16299.81,True,False,,,Bell-Madden,FinTech,18.0,Europe,32.0,7937.29,Closed -Lost,Analytics,14.530974215203958,0.985834035020317,1.0,2023-01
A00035,2023-01-31,0.0,11354.3,True,False,,,"Dyer, Potter and Mack",MarTech,8.0,LATAM,53.0,6669.59,Closed -Won,API,18.977647061499567,2.9331430304011468,0.0,2023-01
A00050,2023-01-31,0.0,36323.51,True,False,,,"Harris, Collins and Carney",EdTech,6.0,North America,46.0,19181.33,Closed -Won,Core,11.057425828888944,2.069383706137783,0.0,2023-01
A00057,2023-01-31,0.0,10545.09,True,False,,,"Washington, Ryan and Cummings",E -Commerce,8.0,LATAM,33.0,13240.74,Closed -Won,Core,4.994135773862526,23.529253383106223,4.0,2023-01
A00061,2023-01-31,0.0,30005.83,True,False,,,"Brown, Valdez and Lucas",HealthTech,13.0,Asia,55.0,17188.63,Closed -Won,API,0.0,22.890346799916088,3.0,2023-01
A00077,2023-01-31,0.0,25422.5,True,False,,,"Woods, Calhoun and Schmidt",CyberSecurity,20.0,Europe,20.0,21024.32,Closed -Won,Premium Support,14.090393087754903,2.2645772446304973,2.0,2023-01
A00082,2023-01-31,0.0,25001.03,True,False,,,Sandoval-Cunningham,HealthTech,17.0,LATAM,26.0,12772.38,Closed -Won,Core,14.079702834072643,3.3863099451817957,0.0,2023-01
A00107,2023-01-31,0.0,31270.4,True,False,,,"Wright, Garcia and Deleon",E -Commerce,11.0,Asia,47.0,12916.8,Closed -Won,Automation,13.986369929619647,0.42420319608021506,1.0,2023-01
A00131,2023-01-31,0.0,3103.15,True,False,,,"Parker, Ortiz and Powell",HealthTech,35.0,North America,34.0,17461.0,Closed -Won,Core,15.036609874987235,0.8251298634259723,2.0,2023-01
A00144,2023-01-31,0.0,20205.44,True,False,,,"Lee, Horton and Snyder",HealthTech,32.0,North America,25.0,18827.94,Closed -Lost,Core,0.14059242492557722,29.834749577853124,2.0,2023-01
A00153,2023-01-31,0.0,13450.62,True,False,,,Manning Group,SMB SaaS,23.0,Asia,55.0,13832.39,Closed -Won,Automation,13.805057057028563,1.306123500935289,2.0,2023-01
A00165,2023-01-31,0.0,15268.25,True,False,,,Castaneda-Ashley,CyberSecurity,31.0,Europe,25.0,14705.53,Negotiation,Core,15.756736309318693,0.9758794324113291,1.0,2023-01
A00178,2023-01-31,0.0,57627.45,True,False,,,Walker-Jones,SMB SaaS,29.0,North America,10.0,9317.68,Closed -Won,Analytics,9.756403046167911,2.6767797779381173,0.0,2023-01
A00191,2023-01-31,0.0,20829.69,True,False,,,Reed Group,MarTech,6.0,North America,41.0,15950.7,On -Hold,Core,9.026729478728296,2.992792325454384,1.0,2023-01
A00202,2023-01-31,0.0,11250.27,True,False,,,White-Lewis,CyberSecurity,30.0,Europe,54.0,12555.75,Closed -Won,Premium Support,13.529352096442285,3.3790603432353308,0.0,2023-01
A00213,2023-01-31,0.0,16393.4,True,False,,,Stewart Ltd,FinTech,30.0,Asia,47.0,11162.12,Closed -Won,Automation,12.474810837899582,1.9015889166077116,1.0,2023-01
A00236,2023-01-31,0.0,27552.42,True,False,,,"Harrison, Johnson and Roberts",SMB SaaS,35.0,LATAM,43.0,23234.12,Closed -Lost,Analytics,11.75475697497685,2.990154339110673,2.0,2023-01
A00239,2023-01-31,0.0,27332.96,True,False,,,"Guerrero, Peck and Coleman",EdTech,35.0,Europe,19.0,14954.6,Closed -Won,Premium Support,18.2637132977646,2.0804756133895674,0.0,2023-01
A00240,2023-01-31,0.0,22175.27,True,False,,,"Walker, Hernandez and Baker",HealthTech,9.0,LATAM,38.0,12195.95,Negotiation,Analytics,13.352360603816239,2.1388193664057136,2.0,2023-01
A00245,2023-01-31,0.0,41623.03,True,False,,,"Fernandez, Kim and George",HealthTech,15.0,Europe,38.0,23641.24,Closed -Won,Automation,13.177903211522844,2.647955149330636,1.0,2023-01
A00248,2023-01-31,0.0,3772.4,True,False,,,"Matthews, Smith and Hubbard",Logistics,32.0,Asia,25.0,9926.84,Closed -Won,API,12.308808340462218,2.2074587403701096,0.0,2023-01
A00249,2023-01-31,0.0,22272.63,True,False,,,Johnston-Hines,HealthTech,35.0,North America,47.0,17129.11,Closed -Won,Automation,11.683525733273285,2.370405423469423,1.0,2023-01
A00274,2023-01-31,0.0,27743.92,True,False,,,Hoover-Campbell,Logistics,24.0,North America,57.0,11511.59,Negotiation,Analytics,13.09543519736812,2.470403968194563,2.0,2023-01
A00290,2023-01-31,0.0,1634.51,True,False,,,"James, Stewart and Higgins",MarTech,26.0,Asia,28.0,21816.94,Closed -Won,Analytics,3.370458661872831,25.421459564251077,7.0,2023-01
A00297,2023-01-31,0.0,6622.48,True,False,,,Howard-Jordan,HealthTech,18.0,Europe,51.0,13552.01,Closed -Won,Core,12.346754576537057,3.4325369463707247,0.0,2023-01
A00325,2023-01-31,0.0,21560.64,True,False,,,"Diaz, Gibbs and Smith",MarTech,16.0,North America,58.0,16603.0,Closed -Won,Core,13.5987677530816,2.7395751082089217,0.0,2023-01
A00337,2023-01-31,0.0,18534.86,True,False,,,"Newton, Moore and Perry",E -Commerce,25.0,Europe,57.0,14941.17,Closed -Won,API,19.08148438286615,2.389624867889011,2.0,2023-01
A00360,2023-01-31,0.0,23094.08,True,False,,,Boone-Simmons,Logistics,8.0,Europe,45.0,13917.33,Closed -Won,API,17.39788197107903,2.77911018545667,1.0,2023-01
A00376,2023-01-31,0.0,6669.21,True,False,,,"Pugh, Henderson and Moon",E -Commerce,30.0,Europe,6.0,8297.34,Closed -Won,Premium Support,13.61051605746142,3.4225884603978134,1.0,2023-01
A00386,2023-01-31,0.0,4386.41,True,False,,,Kane PLC,SMB SaaS,9.0,LATAM,8.0,18343.82,Closed -Won,Core,16.10642555691247,3.9696512116134723,1.0,2023-01
A00404,2023-01-31,0.0,2792.85,True,False,,,Jones-Hensley,HealthTech,24.0,Europe,58.0,19448.95,Closed -Won,Automation,14.299646762863661,3.4007892553113033,2.0,2023-01
A00408,2023-01-31,0.0,8745.53,True,False,,,Roberts-Sullivan,Logistics,22.0,Asia,9.0,14128.67,Closed -Won,API,12.973847047698495,2.4520077971168828,0.0,2023-01
A00434,2023-01-31,0.0,9757.52,True,False,,,"Miller, Lucas and Williams",FinTech,15.0,LATAM,8.0,14695.35,Closed -Won,Premium Support,17.24823747586825,2.668783760609298,1.0,2023-01
A00476,2023-01-31,0.0,11576.45,True,False,,,Gilbert-Bullock,SMB SaaS,21.0,LATAM,47.0,11848.76,Negotiation,Core,16.99978841395606,0.5019498564859652,1.0,2023-01
A00481,2023-01-31,0.0,21421.64,True,False,,,Brown-Copeland,FinTech,14.0,Asia,17.0,9249.12,Closed -Won,Automation,15.661574589050957,2.694313027780155,0.0,2023-01
A00490,2023-01-31,0.0,22817.58,True,False,,,Cooper Ltd,HealthTech,19.0,Europe,36.0,19999.9,Closed -Won,Core,16.085427282553894,3.190178046191512,1.0,2023-01
A00495,2023-01-31,0.0,22695.14,True,False,,,Brown Group,HealthTech,32.0,North America,18.0,10484.04,Closed -Won,Analytics,13.868057810687148,1.836575150834801,0.0,2023-01
A00503,2023-01-31,0.0,15083.34,True,False,,,Morgan-Lopez,E -Commerce,31.0,LATAM,57.0,15061.83,Closed -Won,Premium Support,11.052318527706806,1.6432096463604606,3.0,2023-01
A00508,2023-01-31,0.0,22936.04,True,False,,,Parker-Morrison,HealthTech,13.0,LATAM,15.0,9004.96,Closed -Won,API,3.8544308009167727,28.202561098460173,2.0,2023-01
A00530,2023-01-31,0.0,13501.4,True,False,,,"Mckinney, Graves and Thompson",SMB SaaS,26.0,LATAM,55.0,11869.24,Closed -Won,Premium Support,11.24275831506844,2.939715686803244,0.0,2023-01
A00546,2023-01-31,0.0,21788.76,True,False,,,"Huber, Hill and Weber",Logistics,9.0,North America,4.0,8948.93,Closed -Won,Core,9.874437748675192,0.5360553457649684,1.0,2023-01
A00558,2023-01-31,0.0,11118.42,True,False,,,Edwards Ltd,SMB SaaS,27.0,LATAM,52.0,11166.16,Closed -Lost,Core,13.649221874664025,3.1262123863476816,0.0,2023-01
A00615,2023-01-31,0.0,39228.29,True,False,,,Gilbert PLC,E -Commerce,10.0,Asia,41.0,13774.06,Closed -Lost,Core,0.8621576261814154,33.37628379961413,3.0,2023-01
A00637,2023-01-31,0.0,19382.0,True,False,,,Wilcox-Robertson,EdTech,29.0,North America,14.0,19389.47,Closed -Won,Analytics,4.24092471929179,30.875555819522763,7.0,2023-01
A00640,2023-01-31,0.0,39782.73,True,False,,,Boyle-Smith,Logistics,14.0,Europe,56.0,20368.33,Closed -Won,API,13.987025823970326,1.5012095026615981,1.0,2023-01
A00652,2023-01-31,0.0,15677.84,True,False,,,"Marks, Miller and Griffin",FinTech,11.0,Europe,39.0,17893.83,Closed -Lost,Core,17.110830230752853,0.0,1.0,2023-01
A00671,2023-01-31,0.0,6347.23,True,False,,,"Long, Anderson and Irwin",HealthTech,12.0,Asia,57.0,13827.97,Closed -Lost,Automation,10.119082632080332,1.9592956490631575,1.0,2023-01
A00674,2023-01-31,0.0,13993.37,True,False,,,"Gray, Hall and Murray",SMB SaaS,13.0,LATAM,6.0,16489.67,Negotiation,Analytics,11.057711306965121,2.6510661227372703,1.0,2023-01
A00677,2023-01-31,0.0,1533.85,True,False,,,Mendez-Mayer,E -Commerce,25.0,North America,35.0,17966.67,Closed -Won,Premium Support,3.288588293436043,18.63378836880203,3.0,2023-01
A00684,2023-01-31,0.0,12631.58,True,False,,,"Flores, Harper and Chambers",HealthTech,23.0,Europe,57.0,8362.95,Closed -Won,Premium Support,17.72926582279368,0.01262349902650195,0.0,2023-01
A00703,2023-01-31,0.0,13021.11,True,False,,,Burgess Group,EdTech,13.0,LATAM,10.0,12110.71,Closed -Won,Automation,11.52556511140804,4.657520020510372,0.0,2023-01
A00709,2023-01-31,0.0,8289.91,True,False,,,"Harrison, Franco and Rocha",FinTech,21.0,North America,29.0,18144.72,Closed -Lost,Core,5.8228116129588425,31.07223385236763,9.0,2023-01
A00715,2023-01-31,0.0,28763.74,True,False,,,"Pena, Cohen and Scott",EdTech,8.0,Europe,55.0,17598.66,Closed -Won,Premium Support,11.72517079123098,2.2813343707819085,2.0,2023-01
A00724,2023-01-31,0.0,20524.54,True,False,,,Mann Inc,HealthTech,10.0,Asia,8.0,20290.41,Closed -Won,Premium Support,20.195585714264965,1.583917360279586,2.0,2023-01
A00732,2023-01-31,0.0,14951.76,True,False,,,"Hernandez, Lee and Fox",FinTech,13.0,North America,25.0,5559.99,Closed -Won,API,16.443885540848953,3.7245034824886747,0.0,2023-01
A00759,2023-01-31,0.0,18994.61,True,False,,,Miller-Montgomery,HealthTech,6.0,Europe,8.0,8870.92,Closed -Won,API,14.661061498420882,2.6007195192940578,0.0,2023-01
A00787,2023-01-31,0.0,13567.57,True,False,,,Maldonado PLC,MarTech,19.0,North America,2.0,18510.13,Closed -Won,Analytics,13.053534554243909,2.4743885747554737,1.0,2023-01
A00788,2023-01-31,0.0,10572.85,True,False,,,Benton Group,CyberSecurity,33.0,LATAM,41.0,17280.8,Closed -Won,Premium Support,13.729130073950074,1.8611739014740143,0.0,2023-01
A00800,2023-01-31,0.0,19579.83,True,False,,,Sheppard-Jordan,E -Commerce,30.0,Asia,27.0,11673.32,Closed -Won,Core,14.74661323029937,2.6033465843779693,1.0,2023-01
A00820,2023-01-31,0.0,9127.5,True,False,,,Goodwin-Stokes,FinTech,31.0,North America,59.0,12040.2,Closed -Won,Premium Support,17.29188344981036,1.216702749485103,1.0,2023-01
A00823,2023-01-31,0.0,21844.9,True,False,,,Wilson-Lambert,EdTech,35.0,Europe,9.0,18550.34,Closed -Lost,Core,12.363325428275463,1.779295140968532,3.0,2023-01
A00838,2023-01-31,0.0,26501.96,True,False,,,"Wagner, Simpson and Cohen",MarTech,28.0,Europe,12.0,20307.73,Closed -Won,API,13.594667611008564,3.822238226729583,0.0,2023-01
A00850,2023-01-31,0.0,6232.55,True,False,,,Gonzales Inc,CyberSecurity,31.0,LATAM,36.0,14694.54,Closed -Won,Automation,6.589427382829177,20.229017382008802,3.0,2023-01
A00862,2023-01-31,0.0,30332.63,True,False,,,Burns-Ray,MarTech,17.0,Asia,55.0,12749.17,Negotiation,Core,10.75346235130644,3.1130386304942625,2.0,2023-01
A00877,2023-01-31,0.0,6844.97,True,False,,,Harris-Barker,EdTech,28.0,North America,32.0,11464.77,Closed -Won,Automation,0.09388360730062173,21.79890964008444,5.0,2023-01
A00887,2023-01-31,0.0,23753.5,True,False,,,"Wallace, Smith and Cooper",FinTech,30.0,LATAM,4.0,17210.66,Closed -Won,API,1.7816635769165554,15.033758451774272,7.0,2023-01
A00932,2023-01-31,0.0,7203.51,True,False,,,Moore-Ayala,Logistics,32.0,North America,42.0,11055.22,Closed -Won,Core,12.870530652086714,2.6383103581437317,1.0,2023-01
A00945,2023-01-31,0.0,15216.3,True,False,,,Wood LLC,HealthTech,18.0,Europe,8.0,11096.12,Closed -Won,Automation,17.84296303751787,2.537667171989379,0.0,2023-01
A00954,2023-01-31,0.0,22636.59,True,False,,,Barnes Inc,EdTech,24.0,Europe,26.0,17762.83,Closed -Won,API,17.521058152236787,1.6522268575779075,1.0,2023-01
A00955,2023-01-31,0.0,2169.22,True,False,,,Dawson Inc,FinTech,25.0,Europe,47.0,4642.37,Closed -Won,Premium Support,11.45629458267559,2.340435014863152,1.0,2023-01
A00981,2023-01-31,0.0,9931.08,True,False,,,Orr Group,FinTech,26.0,North America,35.0,16127.45,Negotiation,API,14.174259219775312,2.6582759386044987,1.0,2023-01
A00997,2023-01-31,0.0,32254.42,True,False,,,Durham-Shaw,CyberSecurity,6.0,LATAM,32.0,15872.0,Closed -Won,Analytics,12.61118039852242,0.8370014262915746,0.0,2023-01
A01002,2023-01-31,0.0,16237.29,True,False,,,Garcia Ltd,E -Commerce,22.0,LATAM,44.0,12803.47,Closed -Won,Automation,15.571894430822134,1.6955817598026277,0.0,2023-01
A01009,2023-01-31,0.0,5816.57,True,False,,,"Thomas, Vaughan and Copeland",E -Commerce,27.0,Asia,44.0,12873.75,Closed -Lost,Core,12.055167877768687,2.5743495925247686,4.0,2023-01
A01013,2023-01-31,0.0,17312.41,True,False,,,"Harris, Anderson and Love",CyberSecurity,13.0,Europe,15.0,17613.8,Closed -Won,Core,15.241522802425505,3.551563567089678,0.0,2023-01
A01034,2023-01-31,0.0,19357.54,True,False,,,"Barnes, Jackson and Gutierrez",CyberSecurity,17.0,Asia,19.0,13617.73,Closed -Won,Premium Support,17.28335825391664,1.7604281085451519,0.0,2023-01
A01035,2023-01-31,0.0,11658.83,True,False,,,Bell-Bennett,HealthTech,26.0,Europe,4.0,15137.08,Negotiation,API,14.16924458607755,2.3556533932761505,2.0,2023-01
A01044,2023-01-31,0.0,8164.37,True,False,,,"Martin, Preston and Moore",EdTech,16.0,Europe,22.0,22693.77,Closed -Won,Core,14.301377812498686,3.3150562714566263,0.0,2023-01
A01049,2023-01-31,0.0,39306.49,True,False,,,"Larsen, Hernandez and Ward",CyberSecurity,35.0,Europe,40.0,16679.05,Closed -Won,Core,10.678347498522797,1.7302030613951247,2.0,2023-01
A01064,2023-01-31,0.0,4407.02,True,False,,,Armstrong-Young,E -Commerce,25.0,North America,42.0,14008.28,Closed -Won,API,9.836739314899223,3.015900202780414,1.0,2023-01
A01100,2023-01-31,0.0,22469.35,True,False,,,Hill Group,SMB SaaS,27.0,North America,26.0,19435.58,Closed -Won,Core,14.769705510443574,3.2667588218970023,0.0,2023-01
A01109,2023-01-31,0.0,20333.87,True,False,,,"Ortiz, Smith and Deleon",HealthTech,31.0,LATAM,56.0,16641.73,Closed -Won,Analytics,16.9678909863004,1.9956504006559868,1.0,2023-01
A01141,2023-01-31,0.0,14018.8,True,False,,,Ortiz-Hudson,E -Commerce,25.0,North America,52.0,18096.35,Closed -Won,Premium Support,2.8916902715549284,17.865719412296873,4.0,2023-01
A01158,2023-01-31,0.0,4776.89,True,False,,,Ferrell-Henry,CyberSecurity,17.0,North America,51.0,16230.2,Closed -Won,Analytics,14.266708508646298,1.2899563551616458,0.0,2023-01
A01170,2023-01-31,0.0,12246.86,True,False,,,Bates LLC,E -Commerce,11.0,LATAM,55.0,17650.62,Closed -Won,Automation,20.23249949573686,1.4215631620260996,1.0,2023-01
A01176,2023-01-31,0.0,31979.99,True,False,,,Warner-Phillips,CyberSecurity,13.0,Asia,20.0,20767.75,Closed -Won,Analytics,11.68334988266923,2.8031828201810356,1.0,2023-01
A01196,2023-01-31,0.0,10849.55,True,False,,,Carr-Huffman,EdTech,10.0,LATAM,38.0,9821.94,Closed -Won,Analytics,11.62845588042114,1.9245941719960826,0.0,2023-01
A01203,2023-01-31,0.0,34700.07,True,False,,,"Davis, Stanley and Wright",FinTech,18.0,North America,59.0,13973.45,Closed -Lost,Analytics,11.02030564995962,2.6925198408593665,1.0,2023-01
A01207,2023-01-31,0.0,27722.28,True,False,,,Christian-Booth,EdTech,20.0,Europe,31.0,11270.17,Closed -Won,Core,13.827900141058361,2.1131686582934015,0.0,2023-01
A01217,2023-01-31,0.0,29823.06,True,False,,,"Walsh, Wu and Hart",EdTech,33.0,Europe,30.0,20282.11,Closed -Won,Automation,13.266927032114584,2.532607283793853,1.0,2023-01
A01269,2023-01-31,0.0,12567.75,True,False,,,"Baker, Martin and Singleton",CyberSecurity,19.0,Europe,57.0,14626.11,Closed -Won,Core,0.19115566854523802,15.942010859632283,0.0,2023-01
A01295,2023-01-31,0.0,8653.73,True,False,,,Bauer PLC,SMB SaaS,24.0,Europe,57.0,14558.65,Closed -Won,Core,12.44576788026982,2.0364517768993693,0.0,2023-01
A01351,2023-01-31,0.0,13312.03,True,False,,,"Valdez, Houston and Black",EdTech,17.0,North America,4.0,16189.37,Closed -Won,Core,4.838336366616338,20.105365356300005,4.0,2023-01
A01359,2023-01-31,0.0,20636.75,True,False,,,Cortez-Olson,HealthTech,18.0,LATAM,7.0,16232.24,Closed -Won,Automation,14.182037291111202,3.778109739375549,1.0,2023-01
A01369,2023-01-31,0.0,9794.96,True,False,,,Hanson PLC,E -Commerce,35.0,Asia,57.0,18324.53,Closed -Won,Analytics,12.818939648229591,0.4985757675865674,0.0,2023-01
A01374,2023-01-31,0.0,37313.3,True,False,,,"Barnes, Hernandez and Davis",EdTech,21.0,Europe,25.0,15654.01,Closed -Won,API,11.989336720178164,1.7599699007807597,2.0,2023-01
A01383,2023-01-31,0.0,53862.47,True,False,,,Kent Inc,FinTech,33.0,North America,21.0,6505.45,Closed -Won,Core,14.038230095612175,2.889899363243533,2.0,2023-01
A01393,2023-01-31,0.0,10913.93,True,False,,,Hinton-Lane,CyberSecurity,15.0,Europe,59.0,10272.92,Closed -Won,Automation,14.55943615317424,0.9402439457116669,1.0,2023-01
A01398,2023-01-31,0.0,28896.56,True,False,,,"Mann, Martin and Oconnell",FinTech,14.0,North America,39.0,6870.61,Closed -Won,Core,13.447766357758049,3.6956870090748706,1.0,2023-01
A01407,2023-01-31,0.0,36999.7,True,False,,,"Mitchell, Johnson and Greene",SMB SaaS,24.0,Asia,21.0,13051.88,Closed -Lost,Analytics,14.476166751687465,1.8436216222215913,1.0,2023-01
A01413,2023-01-31,0.0,13663.28,True,False,,,Dunn Ltd,MarTech,8.0,North America,15.0,13405.99,Closed -Won,Core,10.182791426245874,3.9835157133335595,1.0,2023-01
A01426,2023-01-31,0.0,8739.69,True,False,,,Black-Smith,HealthTech,34.0,Europe,49.0,16489.74,Closed -Won,Core,15.692146595730712,2.3636187975725265,1.0,2023-01
A01447,2023-01-31,0.0,11372.44,True,False,,,"Clark, Carpenter and Nguyen",EdTech,14.0,LATAM,56.0,9754.03,Closed -Won,Automation,5.649311353097264,30.709939394349192,1.0,2023-01
A01468,2023-01-31,0.0,20292.36,True,False,,,"Ryan, Krause and Mitchell",SMB SaaS,20.0,North America,23.0,13535.66,Negotiation,API,14.613657284258766,2.6043079879670907,1.0,2023-01
A01472,2023-01-31,0.0,3625.49,True,False,,,Davidson LLC,E -Commerce,17.0,Europe,42.0,20056.17,Closed -Won,Premium Support,2.5679034231160442,28.263041175003075,5.0,2023-01
A01477,2023-01-31,0.0,21664.46,True,False,,,Nelson-Wallace,FinTech,19.0,Europe,29.0,5882.3,Negotiation,Analytics,2.5199656963664543,28.723425196797127,3.0,2023-01
A01513,2023-01-31,0.0,15291.88,True,False,,,Booker Inc,EdTech,16.0,LATAM,44.0,11556.04,Closed -Lost,Analytics,3.170765119407629,19.8043830503548,3.0,2023-01
A01526,2023-01-31,0.0,10734.8,True,False,,,"Vang, Gonzalez and Moss",MarTech,21.0,Europe,3.0,16533.4,Negotiation,Core,2.6898004962022557,23.729499578578356,7.0,2023-01
A01548,2023-01-31,0.0,25485.24,True,False,,,"Martin, Schmidt and Cole",HealthTech,27.0,Asia,51.0,14950.77,Closed -Won,Core,10.222902378040327,3.8504168680581126,2.0,2023-01
A01559,2023-01-31,0.0,4987.56,True,False,,,Duncan Group,CyberSecurity,30.0,LATAM,59.0,13841.73,Closed -Lost,Premium Support,9.0161842916806,0.9756513347398683,0.0,2023-01
A01589,2023-01-31,0.0,17950.54,True,False,,,"Ross, Hardin and Navarro",EdTech,17.0,Asia,51.0,11756.88,Negotiation,Premium Support,15.372573629842686,3.768347391590279,1.0,2023-01
A01594,2023-01-31,0.0,22233.33,True,False,,,Hobbs-Hamilton,FinTech,29.0,North America,2.0,12546.68,Closed -Won,Core,14.278917628467434,0.9030672151381427,1.0,2023-01
A01604,2023-01-31,0.0,34646.4,True,False,,,Baker-Ross,SMB SaaS,12.0,Asia,19.0,19718.85,On -Hold,API,5.168336993952558,2.5478735694650663,4.0,2023-01
A01619,2023-01-31,0.0,7871.93,True,False,,,"Mcintosh, Melton and Wilkins",CyberSecurity,9.0,Asia,8.0,3624.4,Closed -Won,Automation,15.279447212690862,1.7688940686389751,1.0,2023-01
A01624,2023-01-31,0.0,13601.24,True,False,,,"Webb, Blair and Thomas",MarTech,28.0,LATAM,1.0,14532.34,Negotiation,Core,5.339628902838186,29.160435317359827,0.0,2023-01
A01650,2023-01-31,0.0,15654.54,True,False,,,Stewart PLC,SMB SaaS,8.0,Asia,50.0,16859.81,Negotiation,Analytics,18.021161999080157,0.0,1.0,2023-01
A01672,2023-01-31,0.0,31070.79,True,False,,,Bryant-Rich,SMB SaaS,17.0,Europe,34.0,11100.51,Negotiation,Premium Support,4.599978907268834,28.333232212344882,6.0,2023-01
A01675,2023-01-31,0.0,15085.68,True,False,,,Lee Group,Logistics,32.0,Europe,43.0,9102.77,Closed -Won,Core,16.65845285894982,2.271063584288509,0.0,2023-01
A01712,2023-01-31,0.0,43790.46,True,False,,,Carter and Sons,E -Commerce,28.0,Asia,28.0,18901.2,Closed -Won,Analytics,10.581607330553563,1.3902241186793565,1.0,2023-01
A01723,2023-01-31,0.0,3682.32,True,False,,,Mclaughlin and Sons,E -Commerce,10.0,Asia,39.0,4561.59,Closed -Won,Analytics,13.173902571002683,2.67627642745509,0.0,2023-01
A01735,2023-01-31,0.0,21353.34,True,False,,,"Stewart, Herrera and Clark",FinTech,31.0,Asia,51.0,14286.11,Closed -Won,Analytics,12.614362198589236,1.4287063621319152,0.0,2023-01
A01748,2023-01-31,0.0,23622.95,True,False,,,Peterson Group,Logistics,23.0,North America,23.0,19586.09,Closed -Won,Analytics,13.403303210772208,1.4806647699024045,0.0,2023-01
A01751,2023-01-31,0.0,40872.42,True,False,,,"Haney, Harris and Johnson",FinTech,6.0,Asia,55.0,20310.0,Closed -Won,Automation,14.073179209588515,3.3395220849476783,1.0,2023-01
A01771,2023-01-31,0.0,33637.93,True,False,,,Bradley-Davis,CyberSecurity,28.0,LATAM,20.0,22427.6,Closed -Won,Core,10.246762279793142,1.8902604025159668,0.0,2023-01
A01790,2023-01-31,0.0,35111.1,True,False,,,Peters-Short,EdTech,31.0,Europe,45.0,14567.22,Closed -Won,Core,12.25385995366377,3.3268669568197757,1.0,2023-01
A01791,2023-01-31,0.0,7186.19,True,False,,,Parker Group,CyberSecurity,8.0,Asia,35.0,21689.9,Closed -Won,Automation,3.962497240118157,34.02858941198566,3.0,2023-01
A01794,2023-01-31,0.0,8372.57,True,False,,,"Brown, Robinson and Taylor",CyberSecurity,19.0,LATAM,17.0,18648.33,Closed -Won,Core,8.832023393282295,3.723045430970873,0.0,2023-01
A01795,2023-01-31,0.0,15760.22,True,False,,,"Berger, Fields and Smith",E -Commerce,13.0,North America,29.0,19874.37,Closed -Won,API,17.253011020758333,1.1138596965604355,1.0,2023-01
A01796,2023-01-31,0.0,11690.44,True,False,,,Guerrero Group,FinTech,20.0,North America,12.0,12459.21,Closed -Won,API,3.6783797382552876,23.13339058193133,6.0,2023-01
A01799,2023-01-31,0.0,29033.29,True,False,,,Hudson-Gentry,SMB SaaS,13.0,Asia,29.0,16200.12,Closed -Won,API,19.212049720347608,0.2527036669919147,0.0,2023-01
A01810,2023-01-31,0.0,22119.47,True,False,,,Wells and Sons,MarTech,29.0,Asia,57.0,13362.11,Closed -Won,Analytics,8.54332581382744,2.381048087399497,2.0,2023-01
A01836,2023-01-31,0.0,32362.36,True,False,,,"Curry, Acosta and Elliott",Logistics,25.0,North America,9.0,18916.95,Closed -Won,Core,16.165708351613524,0.9988575755291487,1.0,2023-01
A01840,2023-01-31,0.0,4980.07,True,False,,,Washington-Martinez,SMB SaaS,15.0,Europe,33.0,16458.33,Closed -Won,Premium Support,17.33900061813953,0.8779138861024043,3.0,2023-01
A01847,2023-01-31,0.0,50262.54,True,False,,,Washington PLC,CyberSecurity,33.0,Asia,24.0,15692.14,Closed -Won,Premium Support,18.422023190367028,0.6960584129610505,1.0,2023-01
A01857,2023-01-31,0.0,17862.18,True,False,,,Thomas-Berg,HealthTech,6.0,North America,23.0,19126.12,Closed -Won,Core,3.8808273754795923,16.712023264709874,2.0,2023-01
A01859,2023-01-31,0.0,11221.07,True,False,,,Gregory-Nixon,MarTech,12.0,North America,31.0,10094.78,Closed -Won,Core,9.362601212001927,0.022941580747375623,0.0,2023-01
A01879,2023-01-31,0.0,10381.14,True,False,,,"Mayer, Fowler and Livingston",CyberSecurity,33.0,North America,43.0,10275.98,Closed -Won,Analytics,12.347076237443554,2.6193856420858213,1.0,2023-01
A01933,2023-01-31,0.0,6608.19,True,False,,,Mann PLC,Logistics,27.0,LATAM,50.0,13087.22,Closed -Won,Analytics,18.672910232050217,3.13037949237705,0.0,2023-01
A01993,2023-01-31,0.0,9536.26,True,False,,,Harvey-Diaz,SMB SaaS,29.0,Europe,17.0,12519.03,Closed -Won,Automation,13.91248297100365,0.0,1.0,2023-01
A02012,2023-01-31,0.0,20104.16,True,False,,,Rojas-Smith,HealthTech,9.0,LATAM,24.0,11049.7,Closed -Won,Core,12.74308305074681,2.5175954936151803,0.0,2023-01
A02026,2023-01-31,0.0,22181.59,True,False,,,"Martinez, Green and Lopez",MarTech,21.0,LATAM,28.0,15735.06,Closed -Won,Core,11.732865622455899,1.903420537089146,1.0,2023-01
A02028,2023-01-31,0.0,21919.73,True,False,,,Watson PLC,E -Commerce,9.0,Europe,57.0,19906.78,Negotiation,API,15.639989980549727,0.6267391416777066,1.0,2023-01
A00007,2023-01-31,0.0,8684.31,True,False,,,Blake and Sons,EdTech,19.0,North America,6.0,22024.11,Closed -Lost,Core,14.124417609055172,3.8757640278327723,1.0,2023-01
A00008,2023-01-31,0.0,40271.82,True,False,,,"Henderson, Ramirez and Lewis",EdTech,33.0,LATAM,42.0,20368.75,Closed -Won,Automation,13.81559776643514,1.1123701159605788,2.0,2023-01
A00012,2023-01-31,0.0,12787.76,True,False,,,Dudley Group,EdTech,22.0,Europe,58.0,18088.82,Closed -Won,Premium Support,13.291164093550433,2.4001238323252414,2.0,2023-01
A00024,2023-01-31,0.0,11859.74,True,False,,,Morales-Jones,SMB SaaS,27.0,Asia,55.0,11866.74,Closed -Won,Core,5.996361260352986,32.278749567614064,1.0,2023-01
A00048,2023-01-31,0.0,13447.12,True,False,,,"Martin, Rose and Obrien",MarTech,24.0,Europe,53.0,9016.25,Closed -Won,Analytics,13.99205860626169,1.4461974033389766,1.0,2023-01
A00063,2023-01-31,0.0,4159.45,True,False,,,Wright and Sons,Logistics,27.0,LATAM,22.0,13525.07,Closed -Won,Core,14.812442470643044,1.7894310367270574,0.0,2023-01
A00073,2023-01-31,0.0,41386.38,True,False,,,Henderson-Bernard,Logistics,21.0,North America,28.0,20611.6,Closed -Won,Analytics,11.427132955518106,2.3676609932772745,1.0,2023-01
A00081,2023-01-31,0.0,9248.43,True,False,,,"Sanchez, Wheeler and Harvey",FinTech,11.0,North America,56.0,18531.35,Closed -Won,Core,17.339624301766545,1.7505920932047423,1.0,2023-01
A00084,2023-01-31,0.0,28841.17,True,False,,,"Edwards, Baker and Anderson",FinTech,29.0,North America,50.0,11754.6,Closed -Won,Premium Support,19.775639233277765,2.512558693474669,3.0,2023-01
A00085,2023-01-31,0.0,19133.27,True,False,,,"Evans, Stewart and Walton",EdTech,24.0,Europe,38.0,12917.36,Closed -Won,Core,16.568926930866553,1.2247423402425035,2.0,2023-01
A00094,2023-01-31,0.0,3288.67,True,False,,,Newton and Sons,SMB SaaS,23.0,Europe,23.0,13610.91,Closed -Won,Automation,2.784124406813188,35.328540934653404,4.0,2023-01
A00098,2023-01-31,0.0,7335.78,True,False,,,Davis Group,CyberSecurity,19.0,LATAM,41.0,10676.7,Closed -Won,Automation,0.0,22.562595250642207,2.0,2023-01
A00101,2023-01-31,0.0,27549.05,True,False,,,Figueroa PLC,E -Commerce,35.0,Asia,50.0,19143.03,Closed -Won,Automation,10.823329420654133,1.7868314750696952,0.0,2023-01
A00104,2023-01-31,22915.63,22915.63,False,True,,,"Tran, Jordan and Williams",E -Commerce,19.0,North America,1.0,10116.09,Closed -Won,Automation,14.714601962186038,2.418894570475197,0.0,2023-01
A00136,2023-01-31,0.0,3238.99,True,False,,,"Lawson, Morris and Ramos",HealthTech,32.0,Asia,18.0,14557.57,Closed -Won,Core,4.751584571153561,1.1011335755370713,0.0,2023-01
A00157,2023-01-31,0.0,17623.81,True,False,,,"Mitchell, Nelson and Flores",FinTech,14.0,Europe,8.0,16316.45,Negotiation,Automation,14.669713808524488,0.5577832378913798,2.0,2023-01
A00174,2023-01-31,0.0,16318.16,True,False,,,Lewis-Murphy,SMB SaaS,8.0,LATAM,43.0,7408.53,Closed -Won,API,11.427297711835678,2.388798666881234,2.0,2023-01
A00193,2023-01-31,0.0,26096.08,True,False,,,Short-Garcia,HealthTech,11.0,LATAM,36.0,18555.17,Closed -Won,Core,4.980322400210639,30.86892909900717,3.0,2023-01
A00200,2023-01-31,0.0,17718.57,True,False,,,Christensen PLC,CyberSecurity,7.0,North America,57.0,11600.22,Closed -Won,Core,15.22439024892713,3.2363569180773037,1.0,2023-01
A00205,2023-01-31,0.0,33215.14,True,False,,,Miller Ltd,CyberSecurity,31.0,Asia,27.0,9685.89,Closed -Won,Core,12.407439177568271,0.7106735687676227,2.0,2023-01
A00206,2023-01-31,0.0,9828.15,True,False,,,Freeman-Chang,EdTech,7.0,LATAM,16.0,11960.98,Negotiation,Core,11.727169151335152,4.482270254482412,1.0,2023-01
A00218,2023-01-31,0.0,22203.71,True,False,,,Erickson and Sons,HealthTech,7.0,Europe,6.0,14517.81,Closed -Won,API,12.723054500210422,3.2266669766367415,0.0,2023-01
A00228,2023-01-31,0.0,9190.16,True,False,,,"Duran, Obrien and Gibbs",CyberSecurity,26.0,LATAM,35.0,12920.53,Closed -Won,API,1.860213116293713,34.19496382875409,7.0,2023-01
A00247,2023-01-31,0.0,11427.82,True,False,,,Davis Ltd,CyberSecurity,26.0,LATAM,45.0,14436.57,Closed -Won,Core,15.654884186271017,0.0,0.0,2023-01
A00269,2023-01-31,0.0,31894.65,True,False,,,Hicks-Hill,HealthTech,28.0,North America,37.0,6878.97,Closed -Won,Core,16.29214291947424,1.6569913809837193,3.0,2023-01
A00283,2023-01-31,0.0,17451.56,True,False,,,"Pollard, Simpson and Johnson",EdTech,6.0,Europe,40.0,16622.03,Closed -Won,Analytics,10.138093404559068,3.09121877718138,2.0,2023-01
A00306,2023-01-31,0.0,2370.41,True,False,,,Bruce-Gonzalez,EdTech,28.0,Asia,9.0,10189.32,Negotiation,Analytics,7.529315339577648,3.5875715067580414,0.0,2023-01
A00351,2023-01-31,0.0,40571.67,True,False,,,Fernandez and Sons,CyberSecurity,16.0,North America,32.0,11001.51,Closed -Won,Analytics,19.705090840766218,2.9432302720603776,1.0,2023-01
A00352,2023-01-31,0.0,8878.15,True,False,,,Guerrero Inc,HealthTech,7.0,North America,3.0,11960.75,Closed -Won,API,9.28257375861968,1.4188264063256564,2.0,2023-01
A00363,2023-01-31,0.0,16494.88,True,False,,,"Hernandez, Martinez and Weber",HealthTech,31.0,Asia,14.0,15635.27,Closed -Won,Core,15.190454380943372,4.072542864700802,1.0,2023-01
A00379,2023-01-31,0.0,8893.54,True,False,,,Moore Group,HealthTech,35.0,LATAM,23.0,19574.05,Closed -Won,Analytics,1.8327793202334999,23.502891696823603,2.0,2023-01
A00383,2023-01-31,0.0,28423.75,True,False,,,"Austin, Day and Johnson",CyberSecurity,9.0,Europe,56.0,10710.42,Closed -Won,API,3.6214264034858217,22.24235646717747,9.0,2023-01
A00400,2023-01-31,0.0,36979.43,True,False,,,Duran LLC,EdTech,17.0,LATAM,19.0,18468.27,Closed -Won,Analytics,14.835195397618463,4.605986288359328,1.0,2023-01
A00428,2023-01-31,0.0,25690.89,True,False,,,Jones-Lin,MarTech,27.0,LATAM,48.0,16071.47,Closed -Won,Analytics,2.327074760241654,29.0225077166316,3.0,2023-01
A00445,2023-01-31,0.0,9521.97,True,False,,,"Conner, Li and Santiago",CyberSecurity,20.0,North America,30.0,15068.07,Closed -Lost,API,9.87651807607691,1.2168719049427272,2.0,2023-01
A00454,2023-01-31,6752.55,6752.55,False,True,,,White Ltd,EdTech,26.0,North America,2.0,14734.49,Negotiation,Premium Support,11.374080858680834,2.1220506282291067,0.0,2023-01
A00455,2023-01-31,0.0,12134.45,True,False,,,"Lamb, Martin and Kim",HealthTech,27.0,North America,36.0,12635.7,Closed -Won,Automation,14.67679895167452,3.018926211167295,1.0,2023-01
A00464,2023-01-31,0.0,2872.48,True,False,,,Spencer-Garcia,Logistics,14.0,North America,25.0,21348.41,Closed -Won,Core,13.021594670885133,3.003381313706033,0.0,2023-01
A00473,2023-01-31,0.0,6489.46,True,False,,,Moody-Taylor,CyberSecurity,33.0,Asia,26.0,14536.94,Closed -Won,Core,12.322223540390754,3.008850840270126,1.0,2023-01
A00474,2023-01-31,0.0,34701.51,True,False,,,Lowery-Kennedy,MarTech,32.0,Europe,28.0,17495.8,Closed -Won,Automation,11.376500142473654,2.7742354415187958,0.0,2023-01
A00479,2023-01-31,0.0,25579.3,True,False,,,Young-Martinez,SMB SaaS,8.0,Europe,40.0,6162.39,Closed -Won,Analytics,14.360380297733727,2.438857446206132,3.0,2023-01
A00480,2023-01-31,0.0,15725.8,True,False,,,Barnes PLC,CyberSecurity,11.0,Asia,7.0,16504.69,Closed -Won,Analytics,18.73508920671049,1.97842258338473,0.0,2023-01
A00482,2023-01-31,0.0,12105.8,True,False,,,Carlson-Smith,Logistics,17.0,LATAM,49.0,15699.69,Closed -Lost,API,4.753163165465498,27.56449699688517,2.0,2023-01
A00484,2023-01-31,0.0,23905.35,True,False,,,Mendez and Sons,FinTech,15.0,Europe,48.0,11463.71,Closed -Won,Analytics,9.934629800885082,2.9622205728019577,0.0,2023-01
A00510,2023-01-31,0.0,6812.33,True,False,,,Williams-Berg,SMB SaaS,7.0,LATAM,14.0,17735.02,Closed -Won,Core,12.29326220615622,2.5328672079740326,2.0,2023-01
A00527,2023-01-31,0.0,5266.87,True,False,,,Osborn-Cochran,HealthTech,26.0,North America,55.0,14676.37,Closed -Won,Analytics,10.28154623569091,2.2376138609364506,3.0,2023-01
A00539,2023-01-31,0.0,29939.25,True,False,,,Owens-Holmes,Logistics,12.0,LATAM,32.0,17843.55,Closed -Won,Core,14.367765696797731,3.0203887312819786,0.0,2023-01
A00540,2023-01-31,0.0,11499.35,True,False,,,Humphrey PLC,Logistics,11.0,Europe,2.0,16699.48,Closed -Lost,Analytics,1.4102560180739068,28.24846666502752,8.0,2023-01
A00541,2023-01-31,0.0,20311.74,True,False,,,"Matthews, Saunders and Anderson",E -Commerce,24.0,Europe,42.0,16164.29,Closed -Won,Core,16.733377532133055,0.5623107270331105,2.0,2023-01
A00545,2023-01-31,0.0,26203.2,True,False,,,"Jacobson, Singleton and King",E -Commerce,23.0,Europe,50.0,10316.15,Closed -Won,API,15.33875229217956,1.629460112416539,0.0,2023-01
A00554,2023-01-31,0.0,15552.78,True,False,,,Ballard Ltd,CyberSecurity,24.0,Europe,19.0,17579.66,Closed -Lost,Core,5.4178319045431405,21.36707808869838,7.0,2023-01
A00556,2023-01-31,0.0,8247.79,True,False,,,Moore Group,MarTech,11.0,LATAM,30.0,14139.28,Closed -Won,Premium Support,17.074637698479926,2.0451080012133964,0.0,2023-01
A00576,2023-01-31,0.0,583.5,True,False,,,"Cole, Pierce and Bryan",E -Commerce,10.0,North America,23.0,21571.79,Closed -Won,Premium Support,14.175438269174899,0.6834308283581589,1.0,2023-01
A00579,2023-01-31,0.0,5298.07,True,False,,,"Mcmillan, Fischer and Gonzalez",Logistics,34.0,Asia,53.0,16373.5,Closed -Won,Core,15.25389282754849,1.4292782676888773,1.0,2023-01
A00600,2023-01-31,0.0,16825.04,True,False,,,Fox-Edwards,CyberSecurity,7.0,LATAM,38.0,20860.5,Closed -Won,Premium Support,18.463350791496033,2.170350259924714,1.0,2023-01
A00620,2023-01-31,0.0,14389.5,True,False,,,Russell Group,EdTech,10.0,Europe,9.0,15284.35,Closed -Won,Core,7.35977861656393,37.622079332384715,3.0,2023-01
A00647,2023-01-31,0.0,11004.49,True,False,,,Richardson-Walker,EdTech,30.0,Asia,28.0,24647.25,Closed -Won,Analytics,8.790073662700275,1.4329688779243077,1.0,2023-01
A00666,2023-01-31,0.0,1503.96,True,False,,,Cannon Ltd,CyberSecurity,15.0,Europe,41.0,14246.21,Closed -Won,Core,9.784185658323917,3.696639678142234,1.0,2023-01
A00696,2023-01-31,0.0,22804.53,True,False,,,Rivera Inc,E -Commerce,26.0,Europe,15.0,10057.1,Closed -Won,Core,16.526348438495802,1.1853551391619521,1.0,2023-01
A00699,2023-01-31,0.0,48594.5,True,False,,,"Morrison, Russo and Lopez",FinTech,29.0,Europe,3.0,13777.12,Closed -Won,Analytics,16.147107021977142,1.4160999265109966,2.0,2023-01
A00704,2023-01-31,0.0,6828.14,True,False,,,Dominguez Ltd,HealthTech,19.0,North America,11.0,15763.58,Closed -Won,Analytics,5.375552200633873,0.5655791009924398,0.0,2023-01
A00712,2023-01-31,0.0,8538.37,True,False,,,Tran-Silva,E -Commerce,25.0,Europe,31.0,25339.01,Negotiation,Automation,15.561900254763575,1.7209149021864922,1.0,2023-01
A00713,2023-01-31,0.0,14455.46,True,False,,,"Butler, Hernandez and Rivera",HealthTech,30.0,Asia,43.0,15263.38,Closed -Lost,API,12.765719334121194,0.9200473136988243,0.0,2023-01
A00716,2023-01-31,0.0,44650.18,True,False,,,Levy-May,SMB SaaS,8.0,North America,48.0,17949.95,Closed -Won,Analytics,6.6206587595294835,18.96979760881441,3.0,2023-01
A00723,2023-01-31,0.0,15131.85,True,False,,,Kirby and Sons,Logistics,8.0,LATAM,50.0,12407.45,Closed -Lost,API,0.0,26.331186030263076,2.0,2023-01
A00725,2023-01-31,0.0,27263.42,True,False,,,Wagner LLC,EdTech,35.0,LATAM,47.0,16306.87,Closed -Lost,API,0.8796702564139895,22.117672635674325,4.0,2023-01
A00739,2023-01-31,0.0,20121.48,True,False,,,Walsh Ltd,E -Commerce,24.0,Asia,44.0,18623.81,Closed -Won,API,11.457955656956555,3.1145464908808873,2.0,2023-01
A00740,2023-01-31,0.0,20116.26,True,False,,,Miller Group,Logistics,29.0,Asia,54.0,13963.74,Closed -Won,Core,16.809781396566315,1.0334831086469964,0.0,2023-01
A00743,2023-01-31,0.0,22797.59,True,False,,,Lewis Ltd,FinTech,17.0,North America,38.0,11178.52,Closed -Won,Core,10.186563870322782,0.590952268905401,0.0,2023-01
A00744,2023-01-31,0.0,7360.51,True,False,,,"Alvarez, Williams and Jones",Logistics,7.0,Asia,16.0,13267.92,Closed -Won,Core,14.186858625471837,3.688304825323471,1.0,2023-01
A00747,2023-01-31,0.0,5927.12,True,False,,,Ali PLC,MarTech,20.0,North America,32.0,17639.13,Closed -Won,Core,12.310706880562403,2.3813323151245265,1.0,2023-01
A00757,2023-01-31,0.0,17819.57,True,False,,,Kelly Group,CyberSecurity,31.0,Europe,44.0,16744.05,Closed -Won,Automation,16.006432701431965,2.27812121972938,1.0,2023-01
A00761,2023-01-31,0.0,6327.37,True,False,,,Moore-Dawson,FinTech,33.0,LATAM,11.0,18235.88,Closed -Won,Core,12.211223848925847,5.157756183825162,4.0,2023-01
A00763,2023-01-31,0.0,14289.38,True,False,,,Smith LLC,MarTech,10.0,LATAM,56.0,12532.78,Closed -Won,Core,10.700416658540256,1.8021362962603336,0.0,2023-01
A00775,2023-01-31,0.0,10870.5,True,False,,,Ward and Sons,SMB SaaS,18.0,Asia,50.0,13802.27,Closed -Won,Core,1.5482782962884905,28.867781966583465,3.0,2023-01
A00778,2023-01-31,0.0,17192.24,True,False,,,Cook-Oliver,Logistics,34.0,North America,7.0,15180.84,Closed -Won,Analytics,19.738053964860594,1.270132417070759,0.0,2023-01
A00781,2023-01-31,0.0,27030.63,True,False,,,"Harris, Edwards and Oconnell",SMB SaaS,25.0,Asia,52.0,11042.66,Closed -Won,Automation,10.36548832667632,1.851029026042275,0.0,2023-01
A00794,2023-01-31,0.0,4839.35,True,False,,,Ferguson-Mclean,E -Commerce,23.0,Europe,49.0,18573.85,Closed -Won,Premium Support,13.755301638708241,2.4041027495637524,0.0,2023-01
A00815,2023-01-31,0.0,26960.68,True,False,,,Hall-Sullivan,Logistics,35.0,LATAM,46.0,13367.57,Closed -Won,Core,16.696047147443597,1.0327605357890461,1.0,2023-01
A00817,2023-01-31,0.0,2649.58,True,False,,,Foster-Mclaughlin,FinTech,17.0,Asia,3.0,12782.94,Closed -Won,Automation,1.865440401023474,22.389153576016312,6.0,2023-01
A00829,2023-01-31,0.0,19721.92,True,False,,,Allen Inc,Logistics,22.0,LATAM,51.0,12604.06,On -Hold,Analytics,11.644841408596765,2.569364755401848,1.0,2023-01
A00830,2023-01-31,0.0,21300.91,True,False,,,Brooks and Sons,Logistics,9.0,LATAM,2.0,13153.33,Closed -Won,Automation,13.72818115201647,0.725169305864032,4.0,2023-01
A00844,2023-01-31,35016.35,35016.35,False,True,,,Dunn-Wilson,MarTech,32.0,North America,3.0,14991.79,Negotiation,Core,14.676940777133568,1.8129118202496963,0.0,2023-01
A00847,2023-01-31,0.0,7338.8,True,False,,,"Alexander, Robinson and Coleman",CyberSecurity,25.0,LATAM,10.0,16732.26,Closed -Won,Core,8.820850294337642,2.3723532531268505,0.0,2023-01
A00854,2023-01-31,0.0,18260.91,True,False,,,Li Inc,E -Commerce,10.0,Asia,15.0,17613.35,Closed -Lost,Core,12.551804068278251,2.3296550484679965,0.0,2023-01
A00873,2023-01-31,0.0,9975.95,True,False,,,Kramer-Shannon,E -Commerce,19.0,Asia,7.0,17968.18,Negotiation,Analytics,0.8163107661436855,15.788162187032759,2.0,2023-01
A00891,2023-01-31,0.0,17434.24,True,False,,,Taylor-Ayala,MarTech,19.0,LATAM,6.0,17217.34,Closed -Won,Core,15.42210299172296,1.7023799631712295,0.0,2023-01
A00902,2023-01-31,0.0,26045.44,True,False,,,"Griffith, Mitchell and Pugh",HealthTech,18.0,North America,3.0,11685.57,Closed -Won,API,17.222111263962844,1.3358664015441102,1.0,2023-01
A00917,2023-01-31,0.0,3539.12,True,False,,,Miller-Mccall,EdTech,13.0,Asia,33.0,13304.87,Closed -Won,Core,6.688608346409593,23.90815437826117,2.0,2023-01
A00918,2023-01-31,0.0,22120.16,True,False,,,Herrera Group,EdTech,30.0,North America,47.0,17104.63,Closed -Won,Core,14.351687995006172,1.653981316305958,0.0,2023-01
A00927,2023-01-31,0.0,12660.92,True,False,,,Brady LLC,FinTech,33.0,LATAM,32.0,5816.93,Closed -Won,Premium Support,17.09717867453207,2.7930218866509193,0.0,2023-01
A00929,2023-01-31,0.0,33825.23,True,False,,,Nelson-Brown,EdTech,30.0,LATAM,25.0,13763.9,Closed -Won,Analytics,14.741471312233115,3.7443763934256973,0.0,2023-01
A00934,2023-01-31,0.0,3511.85,True,False,,,Williams Inc,SMB SaaS,20.0,North America,39.0,7462.56,Closed -Won,Core,20.052088211676917,2.0325450317619245,2.0,2023-01
A00937,2023-01-31,0.0,8245.93,True,False,,,Tran Ltd,MarTech,6.0,Asia,10.0,10937.44,Closed -Won,Core,9.38235655742286,0.0531559377343247,1.0,2023-01
A00940,2023-01-31,0.0,9881.47,True,False,,,Shaw Inc,Logistics,10.0,LATAM,30.0,16490.92,Closed -Won,Core,14.123692895776632,2.9656204275522082,2.0,2023-01
A00943,2023-01-31,0.0,22616.46,True,False,,,Cline-Ayala,SMB SaaS,8.0,Asia,54.0,9700.48,Closed -Won,API,3.4950257116101953,18.84722454974087,3.0,2023-01
A00959,2023-01-31,0.0,4354.04,True,False,,,Jones-Bradley,FinTech,9.0,Europe,58.0,14893.94,Closed -Won,Core,17.31106001285448,1.8853688585507666,1.0,2023-01
A00963,2023-01-31,0.0,15549.83,True,False,,,Chavez-Hall,E -Commerce,11.0,Europe,50.0,17803.6,Negotiation,Premium Support,20.978576408942835,3.446863067680864,1.0,2023-01
A00984,2023-01-31,0.0,6556.8,True,False,,,Jackson PLC,Logistics,9.0,Asia,39.0,20105.71,Closed -Won,Core,3.3888761401070653,11.60651121789222,2.0,2023-01
A00992,2023-01-31,0.0,3150.7,True,False,,,Ramirez and Sons,HealthTech,17.0,LATAM,33.0,15815.41,Closed -Won,Analytics,3.761381937033323,29.819483638284304,2.0,2023-01
A00996,2023-01-31,0.0,27238.89,True,False,,,Castillo-Harrington,EdTech,22.0,LATAM,37.0,14460.84,Closed -Won,Core,8.74675000236583,0.685198336942815,1.0,2023-01
A00999,2023-01-31,0.0,35878.68,True,False,,,"Robinson, Huang and Osborne",FinTech,17.0,Europe,57.0,14441.58,Closed -Won,Core,14.59093941639573,2.0802865410073763,1.0,2023-01
A01008,2023-01-31,0.0,13927.55,True,False,,,"Johnson, Haynes and Meza",HealthTech,31.0,Europe,30.0,12690.32,Closed -Won,Core,14.007545949377272,1.4199951050354924,1.0,2023-01
A01020,2023-01-31,0.0,32399.81,True,False,,,"Stewart, Mann and Hoffman",SMB SaaS,24.0,LATAM,7.0,14716.66,Closed -Won,Premium Support,3.590700793242108,18.961470770189326,3.0,2023-01
A01026,2023-01-31,0.0,18399.57,True,False,,,"Walker, Cunningham and Zuniga",SMB SaaS,13.0,North America,4.0,16085.31,Closed -Won,Core,15.00889764202718,2.265187356317182,2.0,2023-01
A01047,2023-01-31,0.0,9449.62,True,False,,,"Fernandez, Guerrero and Evans",Logistics,11.0,Asia,15.0,14822.99,Closed -Won,API,14.916593026269247,3.093234091856517,0.0,2023-01
A01051,2023-01-31,0.0,4871.85,True,False,,,"Greene, Gonzalez and Johnson",CyberSecurity,13.0,North America,30.0,12993.46,Closed -Won,Premium Support,2.535472483922272,36.74186387949073,1.0,2023-01
A01062,2023-01-31,0.0,25672.13,True,False,,,Randall PLC,CyberSecurity,14.0,North America,41.0,17931.81,Closed -Won,Core,14.180708518805039,2.6810315435642615,1.0,2023-01
A01074,2023-01-31,0.0,12175.95,True,False,,,Miller PLC,MarTech,34.0,LATAM,31.0,11941.99,Closed -Lost,Core,6.034513266362909,0.4233966617325391,0.0,2023-01
A01080,2023-01-31,0.0,9867.04,True,False,,,"Chan, Floyd and Dillon",FinTech,19.0,Europe,50.0,18785.39,Closed -Won,Analytics,10.633207738357905,2.662285406474422,0.0,2023-01
A01097,2023-01-31,0.0,13062.4,True,False,,,"Johnson, Lee and Whitaker",E -Commerce,28.0,Europe,50.0,18164.0,Closed -Won,Core,13.388327123400154,1.3550430700726328,2.0,2023-01
A01098,2023-01-31,0.0,31392.09,True,False,,,Wright Group,FinTech,33.0,North America,45.0,12696.2,Closed -Won,API,17.737682546812557,2.5192038674849417,1.0,2023-01
A01117,2023-01-31,0.0,19143.37,True,False,,,"Levy, Franco and Hoffman",FinTech,14.0,LATAM,59.0,14244.65,Closed -Won,Automation,2.517388634633457,31.743910876826668,10.0,2023-01
A01119,2023-01-31,0.0,40645.81,True,False,,,Rogers LLC,FinTech,15.0,Europe,43.0,14794.03,Closed -Won,API,12.619727239568348,2.278640522708186,1.0,2023-01
A01127,2023-01-31,0.0,29575.36,True,False,,,"Reeves, Parks and Little",E -Commerce,11.0,North America,51.0,21876.2,Closed -Won,Analytics,9.364607284665077,3.2183205528638963,1.0,2023-01
A01138,2023-01-31,0.0,41642.47,True,False,,,Mason Ltd,MarTech,16.0,Asia,22.0,14199.62,Closed -Won,Analytics,14.563767781745456,1.955658381466708,1.0,2023-01
A01162,2023-01-31,0.0,44507.74,True,False,,,"Wagner, Martinez and Dawson",Logistics,7.0,Europe,30.0,17772.86,Closed -Won,Core,13.886013190737001,4.055561043759667,0.0,2023-01
A01164,2023-01-31,0.0,3530.05,True,False,,,Wise-Dean,MarTech,21.0,Asia,32.0,12368.48,Closed -Won,API,14.505496384296869,0.720680681912155,2.0,2023-01
A01183,2023-01-31,0.0,15355.72,True,False,,,Williams-Li,CyberSecurity,12.0,LATAM,41.0,15382.3,Negotiation,Premium Support,15.213582424537133,1.3721975649293348,0.0,2023-01
A01199,2023-01-31,0.0,7320.11,True,False,,,Brown Ltd,CyberSecurity,34.0,Europe,48.0,19145.94,Negotiation,Core,13.364255420267254,1.7106677129383785,2.0,2023-01
A01204,2023-01-31,0.0,6499.9,True,False,,,Alvarado-Davidson,MarTech,20.0,Asia,45.0,19931.39,Closed -Won,Core,16.31981072696982,1.2946705072925044,0.0,2023-01
A01222,2023-01-31,0.0,4519.57,True,False,,,Wilson-Malone,FinTech,6.0,Asia,33.0,14649.71,Negotiation,Analytics,14.4019619055739,2.6035703236850227,2.0,2023-01
A01224,2023-01-31,0.0,26511.37,True,False,,,"Brandt, Carter and Boyd",EdTech,28.0,LATAM,39.0,19052.49,Closed -Won,Core,12.423741018313002,1.6084834606594933,1.0,2023-01
A01238,2023-01-31,0.0,4241.97,True,False,,,"Moon, Farmer and Hill",E -Commerce,11.0,LATAM,8.0,16065.69,Closed -Won,API,1.4354661559526605,23.040758839054256,3.0,2023-01
A01244,2023-01-31,0.0,12875.64,True,False,,,"Reed, Chambers and Zavala",FinTech,12.0,LATAM,29.0,19007.29,Closed -Won,Core,13.145378500887592,2.4161886786735725,0.0,2023-01
A01255,2023-01-31,0.0,28312.03,True,False,,,Molina Inc,FinTech,10.0,LATAM,39.0,17113.29,Closed -Won,API,1.875390848886912,29.624427552735614,4.0,2023-01
A01258,2023-01-31,0.0,25164.15,True,False,,,"Price, Dixon and Robles",E -Commerce,19.0,North America,33.0,17508.35,Closed -Won,Automation,12.704512040926996,1.4839944363625208,1.0,2023-01
A01271,2023-01-31,0.0,33736.8,True,False,,,Williams LLC,FinTech,8.0,LATAM,22.0,12084.52,Closed -Won,Core,8.522438702500544,2.8008534306178623,0.0,2023-01
A01286,2023-01-31,0.0,21351.83,True,False,,,Williams-Villanueva,CyberSecurity,7.0,Europe,3.0,14315.74,Negotiation,Automation,7.848101688930384,3.5167467666559507,0.0,2023-01
A01293,2023-01-31,0.0,10334.83,True,False,,,"Parks, Johnson and Love",EdTech,13.0,Europe,27.0,19156.31,Closed -Won,API,17.27618125034028,1.1881452177167675,0.0,2023-01
A01301,2023-01-31,0.0,16772.75,True,False,,,Haynes Inc,FinTech,11.0,LATAM,45.0,17266.33,Closed -Lost,Analytics,12.210759774767205,2.5214360497641697,2.0,2023-01
A01307,2023-01-31,0.0,7370.0,True,False,,,"Phillips, Walters and Evans",FinTech,15.0,Asia,16.0,10201.58,Negotiation,Analytics,12.724573592048683,1.585502509836974,0.0,2023-01
A01318,2023-01-31,0.0,19660.84,True,False,,,"Carpenter, Lynn and Howard",HealthTech,20.0,North America,35.0,18506.55,Closed -Won,Core,15.046929670007179,0.18457097065224692,3.0,2023-01
A01322,2023-01-31,0.0,28766.55,True,False,,,"Hernandez, Knight and Aguirre",SMB SaaS,32.0,Europe,17.0,15372.99,Closed -Won,Automation,3.1931094925996666,22.60280836935698,2.0,2023-01
A01327,2023-01-31,0.0,18153.65,True,False,,,Hampton-Tucker,FinTech,19.0,LATAM,41.0,18235.9,Closed -Won,Core,13.133774750241834,2.966836151175877,2.0,2023-01
A01341,2023-01-31,0.0,3549.02,True,False,,,Knight PLC,CyberSecurity,30.0,LATAM,32.0,16742.2,Closed -Lost,Analytics,13.336323048046765,3.4939890143566776,0.0,2023-01
A01365,2023-01-31,0.0,3606.67,True,False,,,Johns Ltd,CyberSecurity,28.0,LATAM,33.0,14903.72,Closed -Won,Core,14.400509666620197,2.064627919569255,0.0,2023-01
A01385,2023-01-31,0.0,13726.15,True,False,,,Lopez-Fletcher,FinTech,31.0,LATAM,23.0,14831.49,Closed -Won,Core,15.673128928891048,1.5626851042225713,1.0,2023-01
A01397,2023-01-31,0.0,22264.86,True,False,,,Owen-Mendez,E -Commerce,28.0,North America,37.0,12170.39,Closed -Won,Analytics,14.741908667289364,1.1195878604737142,0.0,2023-01
A01400,2023-01-31,0.0,38663.69,True,False,,,Frost-Graham,HealthTech,34.0,LATAM,18.0,13469.69,Negotiation,Core,17.88789313708572,4.02306442727801,0.0,2023-01
A01417,2023-01-31,0.0,22398.71,True,False,,,Thompson-Hunter,MarTech,8.0,LATAM,38.0,25370.51,Closed -Won,Automation,14.465444384679293,4.358131865333807,2.0,2023-01
A01424,2023-01-31,0.0,10501.25,True,False,,,Reyes and Sons,E -Commerce,31.0,Asia,40.0,14432.38,Closed -Won,Automation,15.93957723757847,1.5341821447034616,0.0,2023-01
A01458,2023-01-31,0.0,24390.94,True,False,,,Taylor-Barry,FinTech,18.0,LATAM,27.0,14745.98,Negotiation,API,12.69709020973909,2.1632354187173592,0.0,2023-01
A01462,2023-01-31,0.0,35451.29,True,False,,,Brown LLC,HealthTech,19.0,LATAM,19.0,15704.37,Closed -Won,API,16.030718794693456,3.5795941688675237,1.0,2023-01
A01469,2023-01-31,0.0,13271.49,True,False,,,Nunez-Freeman,FinTech,31.0,North America,46.0,14176.45,Closed -Won,Analytics,11.924339626959304,0.8748134577848579,1.0,2023-01
A01473,2023-01-31,0.0,6179.84,True,False,,,Welch-Duncan,SMB SaaS,13.0,LATAM,27.0,15335.32,Closed -Won,API,10.910336071474713,3.7080136272562063,1.0,2023-01
A01495,2023-01-31,0.0,16281.67,True,False,,,"Ferguson, Stout and Olson",SMB SaaS,18.0,Asia,25.0,19119.32,Closed -Won,Automation,15.735674776352543,1.6586284802414915,0.0,2023-01
A01497,2023-01-31,0.0,14131.35,True,False,,,Diaz-Green,MarTech,21.0,North America,33.0,15982.11,Negotiation,Analytics,14.726189244139212,1.8876931736302498,1.0,2023-01
A01507,2023-01-31,0.0,13947.47,True,False,,,"Aguirre, Cohen and Mitchell",CyberSecurity,17.0,LATAM,54.0,11573.03,Closed -Won,Core,11.745123870060796,2.690324897113818,1.0,2023-01
A01516,2023-01-31,0.0,9990.72,True,False,,,Hall and Sons,EdTech,34.0,North America,55.0,17090.76,Closed -Lost,Analytics,11.069126500592635,2.772111378774016,1.0,2023-01
A01518,2023-01-31,0.0,11170.77,True,False,,,Collins-Lloyd,MarTech,21.0,Europe,3.0,7102.22,Closed -Won,Core,15.906633713726695,3.145339430534105,1.0,2023-01
A01522,2023-01-31,0.0,18065.15,True,False,,,Daniels and Sons,MarTech,16.0,Europe,42.0,17426.12,Closed -Won,Core,11.625469097126896,2.6020364999525096,1.0,2023-01
A01529,2023-01-31,0.0,12271.39,True,False,,,Moore-Chandler,FinTech,34.0,Europe,2.0,6858.54,Closed -Won,Core,16.201069194209108,1.939153950627959,2.0,2023-01
A01538,2023-01-31,0.0,19249.6,True,False,,,Parks LLC,EdTech,22.0,Asia,7.0,11472.93,Closed -Won,Core,13.563390222911986,3.2334718558813695,1.0,2023-01
A01541,2023-01-31,0.0,14028.55,True,False,,,"Kramer, Sherman and Trujillo",FinTech,19.0,Europe,29.0,16900.76,Closed -Won,Core,1.7071228778205656,27.344711741655107,2.0,2023-01
A01543,2023-01-31,0.0,5703.67,True,False,,,Howard-Taylor,MarTech,14.0,North America,6.0,11036.27,Closed -Won,Core,16.340175008391075,2.4688184164904174,1.0,2023-01
A01546,2023-01-31,0.0,10788.46,True,False,,,Stephens LLC,E -Commerce,35.0,North America,35.0,7885.55,On -Hold,Premium Support,13.327956429435163,0.3158884910159936,0.0,2023-01
A01552,2023-01-31,0.0,14267.4,True,False,,,"Brown, Coffey and Fuentes",E -Commerce,12.0,Europe,51.0,18665.84,Closed -Won,API,2.2235354150349282,23.456228635064434,1.0,2023-01
A01556,2023-01-31,0.0,9116.51,True,False,,,Williams and Sons,Logistics,32.0,Asia,10.0,20292.44,Closed -Won,Automation,14.483400055354625,2.6266685716032834,0.0,2023-01
A01557,2023-01-31,0.0,7766.19,True,False,,,Russo and Sons,SMB SaaS,13.0,LATAM,53.0,11825.47,On -Hold,Analytics,12.656496013715135,2.8983899741423698,2.0,2023-01
A01565,2023-01-31,0.0,31631.55,True,False,,,"Paul, Zamora and Short",E -Commerce,16.0,Europe,33.0,14165.19,Closed -Won,Premium Support,13.82137608100934,1.970237380389565,0.0,2023-01
A01579,2023-01-31,0.0,13059.86,True,False,,,"Gardner, Brooks and Pierce",HealthTech,17.0,Asia,7.0,15468.74,Closed -Won,Analytics,13.456623652243435,2.853826240706514,2.0,2023-01
A01615,2023-01-31,0.0,15259.66,True,False,,,Hanson-Alexander,MarTech,9.0,LATAM,4.0,13317.53,Closed -Won,Core,1.4781730403849647,16.514813143690155,2.0,2023-01
A01648,2023-01-31,0.0,21822.91,True,False,,,"Roach, Browning and Jordan",HealthTech,29.0,Europe,40.0,16315.52,Closed -Won,Analytics,20.372232758536818,2.689473564407766,2.0,2023-01
A01652,2023-01-31,0.0,5174.59,True,False,,,Acosta LLC,EdTech,6.0,North America,2.0,14769.25,Closed -Won,API,16.53342410889129,0.255407168174419,1.0,2023-01
A01654,2023-01-31,0.0,8800.78,True,False,,,"Peck, Shannon and Mahoney",CyberSecurity,9.0,Asia,36.0,11815.83,Negotiation,Automation,10.737924068828384,1.8918259782532998,1.0,2023-01
A01657,2023-01-31,0.0,53442.23,True,False,,,"Adams, Bradley and Hall",E -Commerce,9.0,Europe,50.0,8926.75,Closed -Won,Core,13.46500106945253,2.7200765660795323,1.0,2023-01
A01669,2023-01-31,0.0,32143.31,True,False,,,"Moss, James and Edwards",SMB SaaS,21.0,Europe,32.0,16838.96,Closed -Won,API,10.906011937741557,1.520189114641504,0.0,2023-01
A01670,2023-01-31,0.0,22984.07,True,False,,,"Crosby, Armstrong and Herrera",CyberSecurity,23.0,LATAM,43.0,18325.05,Closed -Won,Automation,14.51689015532297,0.9692350721982694,2.0,2023-01
A01681,2023-01-31,0.0,13148.02,True,False,,,"Payne, Long and Morris",MarTech,28.0,Asia,56.0,11361.0,Closed -Won,API,15.763882839239331,2.1162641373710622,0.0,2023-01
A01689,2023-01-31,0.0,19804.1,True,False,,,Tate LLC,CyberSecurity,31.0,LATAM,56.0,16578.21,Closed -Won,Core,16.572984485498207,2.184169491019115,1.0,2023-01
A01696,2023-01-31,0.0,22794.97,True,False,,,Ellis Group,CyberSecurity,20.0,Europe,41.0,17720.98,Closed -Lost,Core,12.700316684239228,1.503758881573252,1.0,2023-01
A01700,2023-01-31,0.0,3591.07,True,False,,,"Smith, Khan and Ramirez",EdTech,28.0,LATAM,57.0,11476.8,Closed -Lost,Analytics,12.754266592823637,2.7579084420329507,0.0,2023-01
A01705,2023-01-31,0.0,13777.28,True,False,,,Williams Group,FinTech,33.0,North America,55.0,12590.43,Closed -Won,Automation,12.092616366156717,1.5417933745051542,0.0,2023-01
A01710,2023-01-31,0.0,2671.71,True,False,,,Richardson-Gray,SMB SaaS,26.0,Europe,13.0,18650.73,Closed -Won,Analytics,14.376960422121332,3.263038309126588,0.0,2023-01
A01725,2023-01-31,0.0,10034.29,True,False,,,"Shaffer, Lewis and Davidson",Logistics,15.0,LATAM,32.0,19318.82,Closed -Won,Core,13.139184694389385,2.549869984490897,1.0,2023-01
A01727,2023-01-31,0.0,12515.6,True,False,,,"Pierce, Wang and Wilson",FinTech,27.0,Asia,57.0,17327.68,Negotiation,Analytics,12.466150629137763,2.451374358902682,2.0,2023-01
A01733,2023-01-31,0.0,13150.7,True,False,,,"Huang, Ford and Olsen",CyberSecurity,16.0,Europe,42.0,22747.96,On -Hold,Core,14.95587970341575,0.6632329418213923,0.0,2023-01
A01734,2023-01-31,0.0,17086.7,True,False,,,"Brown, Meyer and Cunningham",Logistics,13.0,North America,52.0,18853.21,On -Hold,Premium Support,0.9648891619630238,18.765275013546734,4.0,2023-01
A01737,2023-01-31,0.0,11802.64,True,False,,,Montes LLC,FinTech,24.0,Asia,30.0,13201.33,Closed -Won,Analytics,17.0766750671531,2.3417576813576453,0.0,2023-01
A01739,2023-01-31,31451.39,31451.39,False,True,,,"Ferguson, Martin and Obrien",Logistics,29.0,LATAM,1.0,20048.75,Closed -Won,Automation,10.571406581628894,1.9705855450484242,2.0,2023-01
A01773,2023-01-31,0.0,28795.89,True,False,,,"Miranda, Ruiz and Meza",MarTech,33.0,Asia,22.0,12809.08,Closed -Won,Premium Support,1.5994875096214014,20.63053339904942,2.0,2023-01
A01781,2023-01-31,0.0,18966.3,True,False,,,"Robles, Nguyen and Banks",HealthTech,16.0,North America,3.0,7006.17,Closed -Won,Analytics,1.4770283418421544,22.807642983500585,4.0,2023-01
A01802,2023-01-31,0.0,8110.36,True,False,,,Carr PLC,SMB SaaS,33.0,Europe,28.0,14797.49,Closed -Won,Core,17.85133669419641,0.7292774010059864,1.0,2023-01
A01807,2023-01-31,27008.64,27008.64,False,True,,,Young Ltd,HealthTech,21.0,Europe,1.0,14824.35,Closed -Won,Core,13.638419916626843,2.5789544305794028,0.0,2023-01
A01817,2023-01-31,0.0,22347.25,True,False,,,English-Dominguez,EdTech,26.0,North America,14.0,16027.67,Closed -Won,API,18.22684431974588,3.10165006716516,1.0,2023-01
A01822,2023-01-31,0.0,8374.28,True,False,,,Joseph LLC,SMB SaaS,29.0,Asia,46.0,12640.68,Closed -Won,Analytics,11.802931156956147,0.6555096384734744,1.0,2023-01
A01827,2023-01-31,0.0,1653.27,True,False,,,"Simon, Terrell and Terrell",FinTech,12.0,Europe,7.0,15512.58,Closed -Won,Core,15.372317048369213,2.483081552082186,0.0,2023-01
A01833,2023-01-31,0.0,23283.03,True,False,,,Berry-Rivera,EdTech,25.0,LATAM,35.0,14822.63,Closed -Won,Analytics,20.035776088810564,1.5510401091991204,2.0,2023-01
A01838,2023-01-31,0.0,11197.3,True,False,,,Berry Ltd,MarTech,12.0,Asia,18.0,9021.7,Closed -Won,Analytics,14.008072479244081,0.9946028338027477,0.0,2023-01
A01844,2023-01-31,0.0,29173.19,True,False,,,Kent Ltd,FinTech,19.0,Europe,50.0,14076.69,Closed -Won,Premium Support,12.904938780418732,2.60044430527921,0.0,2023-01
A01845,2023-01-31,0.0,4898.37,True,False,,,Hopkins LLC,FinTech,16.0,Asia,44.0,13251.45,Closed -Won,Core,9.178398104902108,2.574443046863351,1.0,2023-01
A01854,2023-01-31,0.0,14391.69,True,False,,,Jackson Group,HealthTech,15.0,North America,10.0,20210.74,Closed -Won,Analytics,13.707860247388698,1.516772071870472,0.0,2023-01
A01892,2023-01-31,0.0,10471.91,True,False,,,Hernandez-Bowman,FinTech,31.0,Europe,15.0,17415.04,Closed -Won,API,15.975018387234833,1.1873099618976357,1.0,2023-01
A01895,2023-01-31,0.0,9167.9,True,False,,,"Smith, Zimmerman and Wise",CyberSecurity,7.0,North America,8.0,4280.1,Closed -Won,API,11.929754700197678,0.0,2.0,2023-01
A01903,2023-01-31,0.0,25384.3,True,False,,,Randall LLC,E -Commerce,16.0,LATAM,43.0,15604.79,Closed -Won,Analytics,14.525855625931776,1.9743506689394348,1.0,2023-01
A01910,2023-01-31,0.0,14133.75,True,False,,,"Schneider, Porter and Hanna",MarTech,10.0,Asia,56.0,9851.58,Closed -Won,Analytics,17.4956094753827,1.8327426557370732,0.0,2023-01
A01915,2023-01-31,0.0,36381.78,True,False,,,"Hernandez, Riley and Buckley",FinTech,26.0,Europe,20.0,9293.86,Negotiation,API,15.210887518393713,1.147133353643358,3.0,2023-01
A01916,2023-01-31,0.0,12837.03,True,False,,,Moss Group,E -Commerce,10.0,Europe,31.0,19012.66,Negotiation,API,3.271828804615127,22.88086667722173,2.0,2023-01
A01928,2023-01-31,0.0,27472.72,True,False,,,Thomas-Perry,SMB SaaS,34.0,LATAM,8.0,22310.61,Closed -Won,Core,15.20946380346674,2.5131296585920246,1.0,2023-01
A01929,2023-01-31,0.0,15971.92,True,False,,,"Wood, Martin and Sanchez",FinTech,23.0,Europe,11.0,13492.51,Negotiation,Automation,13.850725935091685,0.26257873522958586,1.0,2023-01
A01937,2023-01-31,0.0,26184.31,True,False,,,Bishop Inc,FinTech,24.0,Asia,22.0,20150.46,Closed -Won,Core,11.44222446982262,2.9007912574890335,2.0,2023-01
A01939,2023-01-31,0.0,15165.66,True,False,,,"Serrano, Turner and Barnes",EdTech,28.0,Europe,57.0,9533.18,Closed -Won,Core,18.895161308326276,0.0,3.0,2023-01
A01954,2023-01-31,0.0,4779.85,True,False,,,Maxwell LLC,Logistics,19.0,Asia,28.0,13456.44,Closed -Won,Premium Support,14.005238940350987,2.780073950247865,3.0,2023-01
A01968,2023-01-31,0.0,6734.96,True,False,,,Miller PLC,FinTech,11.0,Asia,28.0,9629.44,Closed -Won,Analytics,16.17523334944663,1.9496831707272897,1.0,2023-01
A01971,2023-01-31,0.0,6266.7,True,False,,,"Patterson, Salas and Wright",EdTech,28.0,Asia,49.0,16282.43,Closed -Won,API,10.903192146038519,2.9076746150282284,0.0,2023-01
A01974,2023-01-31,0.0,8840.15,True,False,,,Baird-Williams,SMB SaaS,6.0,Asia,21.0,14225.49,Negotiation,Core,12.248713924337528,3.6443667017663253,0.0,2023-01
A01996,2023-01-31,0.0,6484.92,True,False,,,Zavala and Sons,HealthTech,14.0,Europe,1.0,16824.58,Closed -Won,Analytics,13.522368837681693,1.8902947683044753,3.0,2023-01
A02039,2023-01-31,0.0,6464.17,True,False,,,Griffin Inc,Logistics,6.0,LATAM,59.0,15589.25,Closed -Won,Automation,1.7316921198078126,34.78888068665632,3.0,2023-01
A00016,2023-01-31,0.0,12394.25,True,False,,,Galloway-Wyatt,FinTech,23.0,North America,47.0,8438.2,Closed -Won,Core,0.0,33.81056658207912,5.0,2023-01
A00030,2023-01-31,0.0,12956.45,True,False,,,"Snyder, Campos and Callahan",HealthTech,24.0,North America,27.0,10979.86,Closed -Won,Core,19.8279257192781,1.512389294183101,1.0,2023-01
A00039,2023-01-31,0.0,22806.31,True,False,,,Harrell LLC,HealthTech,35.0,North America,17.0,14763.08,Closed -Won,Core,1.6075053411094282,29.71362903664923,1.0,2023-01
A00041,2023-01-31,0.0,15770.73,True,False,,,Ryan PLC,MarTech,24.0,LATAM,10.0,15033.07,Negotiation,Core,15.864718317258252,1.2365262922893203,2.0,2023-01
A00046,2023-01-31,0.0,24019.83,True,False,,,Spence PLC,MarTech,25.0,Europe,58.0,22856.53,Closed -Won,Analytics,19.51444554429821,1.0368121124599998,0.0,2023-01
A00074,2023-01-31,0.0,12398.03,True,False,,,"Stanley, Tucker and Lee",HealthTech,13.0,North America,8.0,15396.99,Closed -Won,Core,12.26756394131362,0.0,1.0,2023-01
A00076,2023-01-31,0.0,10701.13,True,False,,,"Daniels, Adkins and Brown",E -Commerce,27.0,LATAM,29.0,13374.7,Closed -Won,Analytics,13.506512407781239,1.8383323442130528,1.0,2023-01
A00097,2023-01-31,0.0,26416.14,True,False,,,Wagner-King,CyberSecurity,35.0,Europe,15.0,11282.9,Closed -Won,Analytics,14.052038054100663,1.729482068613623,1.0,2023-01
A00168,2023-01-31,0.0,14665.17,True,False,,,Johnson-Rogers,HealthTech,23.0,North America,10.0,11369.04,On -Hold,Premium Support,13.636473585871842,2.495588255632917,0.0,2023-01
A00175,2023-01-31,0.0,16536.59,True,False,,,Ramirez-Bean,FinTech,25.0,North America,42.0,14520.56,Closed -Won,Core,1.119255395128593,28.306392107177796,4.0,2023-01
A00181,2023-01-31,0.0,30309.68,True,False,,,Wells Inc,CyberSecurity,13.0,Europe,56.0,14264.4,Closed -Won,Core,11.300960269707193,2.1003159421587085,0.0,2023-01
A00207,2023-01-31,0.0,1826.28,True,False,,,"Alvarez, Joseph and West",E -Commerce,34.0,Asia,46.0,4189.63,Closed -Won,Core,9.863573801659317,2.0629529352160203,0.0,2023-01
A00227,2023-01-31,0.0,7952.81,True,False,,,Miller-Wright,FinTech,34.0,North America,48.0,18790.41,Closed -Won,Core,9.956630749458318,1.0688160491019472,0.0,2023-01
A00252,2023-01-31,0.0,7501.3,True,False,,,"Graham, Olsen and Costa",HealthTech,32.0,Asia,30.0,13760.49,Closed -Won,API,5.5810628904392034,30.024316530524874,5.0,2023-01
A00254,2023-01-31,0.0,13629.0,True,False,,,"Garcia, Martin and Jenkins",EdTech,25.0,Europe,20.0,17681.89,Negotiation,Analytics,17.609774669050367,1.1112193689074266,3.0,2023-01
A00265,2023-01-31,0.0,15386.5,True,False,,,Tran Inc,CyberSecurity,10.0,Asia,59.0,19899.58,Negotiation,API,14.181910692770842,0.7250678447061019,1.0,2023-01
A00268,2023-01-31,0.0,7100.92,True,False,,,Jimenez Ltd,CyberSecurity,32.0,Europe,21.0,17277.47,Closed -Won,Analytics,16.279824246142542,1.7777944748291135,2.0,2023-01
A00275,2023-01-31,0.0,24823.41,True,False,,,Monroe-Carpenter,E -Commerce,34.0,Europe,25.0,14455.82,Closed -Won,Premium Support,10.86292549733133,2.740083853582468,0.0,2023-01
A00286,2023-01-31,0.0,14246.78,True,False,,,Bowen Group,EdTech,29.0,Asia,56.0,15533.95,Closed -Won,Core,14.937119860760227,2.5097360236772346,1.0,2023-01
A00287,2023-01-31,0.0,19947.16,True,False,,,"Booker, Jones and Harrington",HealthTech,15.0,Europe,10.0,15642.17,Closed -Won,Core,15.363239917755681,1.9128551384990122,2.0,2023-01
A00296,2023-01-31,0.0,13442.51,True,False,,,Williams Inc,Logistics,34.0,Asia,31.0,14224.46,Closed -Won,Automation,13.091929304148916,2.4897669256391284,0.0,2023-01
A00307,2023-01-31,0.0,20924.58,True,False,,,Castaneda-Rodriguez,Logistics,15.0,Asia,18.0,18776.75,Closed -Won,Core,16.04830253692368,2.8844363055512505,0.0,2023-01
A00370,2023-01-31,0.0,3520.78,True,False,,,Edwards-Scott,E -Commerce,13.0,North America,46.0,13487.35,Negotiation,API,16.84276870224362,2.6825996376798917,1.0,2023-01
A00371,2023-01-31,0.0,5497.88,True,False,,,Mcdaniel Group,CyberSecurity,8.0,North America,20.0,16480.52,Closed -Won,Core,15.368577912242923,1.9713919647462286,1.0,2023-01
A00373,2023-01-31,0.0,9652.8,True,False,,,Reynolds Ltd,MarTech,30.0,Asia,25.0,13694.26,Closed -Won,API,12.099193253644827,2.044892832622827,1.0,2023-01
A00378,2023-01-31,0.0,14191.54,True,False,,,Bell-Lane,EdTech,30.0,North America,45.0,18769.89,Closed -Won,Analytics,9.295651582596335,2.301310290713882,0.0,2023-01
A00413,2023-01-31,0.0,22016.75,True,False,,,"Miller, Harrell and Reese",EdTech,32.0,LATAM,17.0,19921.8,Closed -Won,API,11.147032643401626,2.4672762685051475,1.0,2023-01
A00416,2023-01-31,0.0,22436.92,True,False,,,"Hicks, Bullock and Bailey",EdTech,30.0,North America,40.0,19818.08,Negotiation,Premium Support,15.964343257314244,1.1084858196727208,1.0,2023-01
A00421,2023-01-31,0.0,7161.73,True,False,,,Marshall-Elliott,CyberSecurity,30.0,LATAM,55.0,13511.24,Closed -Won,Core,12.154659473223994,1.1713590750979845,0.0,2023-01
A00459,2023-01-31,0.0,12228.31,True,False,,,Mckee-Lee,E -Commerce,21.0,Asia,50.0,20481.17,Closed -Won,Automation,11.209309786116265,1.7533811267957866,4.0,2023-01
A00489,2023-01-31,0.0,28518.64,True,False,,,King-Smith,HealthTech,10.0,North America,46.0,16500.17,Closed -Won,Analytics,12.45832961317712,3.108627197461166,0.0,2023-01
A00532,2023-01-31,0.0,16853.83,True,False,,,Conner and Sons,Logistics,15.0,North America,10.0,18128.06,Closed -Won,API,19.07873013538314,2.3078168701627,1.0,2023-01
A00560,2023-01-31,0.0,20648.43,True,False,,,Anderson-Wood,E -Commerce,14.0,LATAM,51.0,9831.04,Closed -Won,Analytics,13.938734660551331,3.0881062927508314,0.0,2023-01
A00578,2023-01-31,0.0,52472.09,True,False,,,Brooks-Hatfield,E -Commerce,31.0,LATAM,31.0,11979.04,Closed -Won,Premium Support,5.661962888095369,30.0890425032658,3.0,2023-01
A00593,2023-01-31,0.0,26079.87,True,False,,,"Allen, Armstrong and Graves",Logistics,14.0,LATAM,15.0,23151.64,Closed -Won,Core,17.999348866775648,2.2025583957114785,2.0,2023-01
A00597,2023-01-31,0.0,16353.55,True,False,,,Salas-Fitzgerald,MarTech,19.0,LATAM,35.0,10232.96,Closed -Won,Premium Support,3.575642016637776,26.921669144194126,10.0,2023-01
A00602,2023-01-31,0.0,13731.45,True,False,,,Payne-Lowe,SMB SaaS,30.0,Europe,46.0,11199.71,Closed -Won,Core,17.028455160442753,3.0810576700504964,1.0,2023-01
A00604,2023-01-31,0.0,27832.49,True,False,,,Lee-Wright,SMB SaaS,6.0,LATAM,8.0,12611.19,Closed -Won,Core,17.649846376395832,2.9282779452844236,1.0,2023-01
A00608,2023-01-31,0.0,8342.75,True,False,,,"Hill, Martinez and Rhodes",CyberSecurity,29.0,Europe,31.0,13814.06,Closed -Won,Analytics,16.208046329429884,2.9081822231716603,1.0,2023-01
A00618,2023-01-31,0.0,11561.74,True,False,,,Love-Garcia,SMB SaaS,14.0,North America,16.0,18790.33,Closed -Won,Core,12.6471462199297,3.074392108461615,2.0,2023-01
A00635,2023-01-31,0.0,4769.61,True,False,,,Gibbs-Bradley,HealthTech,32.0,North America,11.0,18845.23,Closed -Won,Core,13.148422042051235,0.5358409004605678,2.0,2023-01
A00643,2023-01-31,0.0,11334.38,True,False,,,Green LLC,MarTech,27.0,LATAM,51.0,16336.52,Closed -Won,Automation,9.052334485223806,1.1777769587722542,0.0,2023-01
A00645,2023-01-31,0.0,6968.58,True,False,,,Sullivan PLC,SMB SaaS,10.0,Europe,46.0,21837.53,Closed -Won,Premium Support,16.378912654935178,0.4784682259210944,2.0,2023-01
A00646,2023-01-31,0.0,9273.44,True,False,,,"Carrillo, Vaughn and Fowler",CyberSecurity,28.0,Europe,20.0,14354.58,Closed -Won,Core,15.917367072960129,2.701317578205728,2.0,2023-01
A00659,2023-01-31,0.0,15990.2,True,False,,,Bryant-Brown,Logistics,13.0,LATAM,5.0,16632.28,Closed -Won,Core,16.92716793950478,1.7480213811151932,1.0,2023-01
A00669,2023-01-31,0.0,17417.54,True,False,,,Miller-Brandt,E -Commerce,8.0,LATAM,55.0,9882.52,Negotiation,API,15.733026886600978,3.0140288476007093,1.0,2023-01
A00681,2023-01-31,0.0,20524.88,True,False,,,Morales and Sons,Logistics,12.0,North America,43.0,13384.23,Closed -Won,Analytics,14.244109831861207,0.8679943772537557,1.0,2023-01
A00749,2023-01-31,0.0,4713.54,True,False,,,Hickman-Evans,EdTech,11.0,Europe,19.0,9850.96,Closed -Won,Analytics,19.63955007483589,2.1367124287435586,0.0,2023-01
A00750,2023-01-31,0.0,5752.73,True,False,,,"Allen, Davenport and Price",CyberSecurity,35.0,LATAM,10.0,16869.29,Closed -Won,Analytics,15.715722396996311,0.703520461529527,0.0,2023-01
A00765,2023-01-31,0.0,13467.87,True,False,,,Miller Group,Logistics,13.0,LATAM,22.0,20875.41,Closed -Won,Premium Support,15.57268485719135,2.9873056940796046,1.0,2023-01
A00768,2023-01-31,0.0,12758.9,True,False,,,"Davis, George and Nguyen",HealthTech,16.0,North America,29.0,17657.86,Closed -Won,Core,12.011928317150398,2.4583346336408116,0.0,2023-01
A00790,2023-01-31,13555.82,13555.82,False,True,,,Fuentes Group,SMB SaaS,23.0,Asia,1.0,16919.89,Negotiation,Analytics,18.539656164348152,1.5588607483624375,2.0,2023-01
A00895,2023-01-31,0.0,16117.59,True,False,,,Bell-Lewis,MarTech,23.0,Europe,45.0,15281.64,Negotiation,Premium Support,13.012913909590003,1.254130696327607,0.0,2023-01
A00904,2023-01-31,0.0,12441.52,True,False,,,Harris-Lawson,SMB SaaS,22.0,Europe,53.0,11716.42,Closed -Won,Automation,18.354762115537966,1.898693632657306,2.0,2023-01
A00909,2023-01-31,0.0,12367.8,True,False,,,Peck-Anderson,MarTech,13.0,LATAM,22.0,20346.98,Closed -Lost,Automation,14.815261554599418,2.02400061296548,1.0,2023-01
A00925,2023-01-31,0.0,17636.66,True,False,,,"Smith, Crawford and Reed",FinTech,14.0,LATAM,15.0,18908.63,Negotiation,Core,15.817432403411358,2.2443504071164506,0.0,2023-01
A00956,2023-01-31,0.0,12389.85,True,False,,,Morse PLC,EdTech,16.0,Europe,37.0,16080.47,Negotiation,Premium Support,13.215546160287733,1.8181817920433305,0.0,2023-01
A00960,2023-01-31,0.0,6603.38,True,False,,,Bates-Anderson,E -Commerce,31.0,Asia,25.0,4798.42,Closed -Won,Core,11.587917436615726,4.413078736769869,2.0,2023-01
A00966,2023-01-31,0.0,7835.24,True,False,,,Owens-Russell,MarTech,23.0,LATAM,35.0,18045.33,Closed -Won,Core,15.724144181347977,2.031057490362962,2.0,2023-01
A00967,2023-01-31,0.0,3349.89,True,False,,,"Howard, Townsend and Hayes",CyberSecurity,25.0,North America,36.0,18356.83,Closed -Won,Core,12.98856128633837,1.485305242604453,2.0,2023-01
A00973,2023-01-31,0.0,20732.74,True,False,,,Green-Ewing,E -Commerce,21.0,Europe,29.0,16363.43,Closed -Won,API,7.798669326171808,1.617821283615466,2.0,2023-01
A00976,2023-01-31,0.0,22720.7,True,False,,,Martinez Inc,HealthTech,13.0,North America,14.0,5860.03,Closed -Won,Core,14.290988531414698,3.7560743221487414,0.0,2023-01
A01018,2023-01-31,0.0,1509.39,True,False,,,Daugherty Ltd,Logistics,17.0,LATAM,30.0,18359.0,Closed -Lost,Core,12.611703845999804,3.95206587004711,1.0,2023-01
A01025,2023-01-31,0.0,19556.94,True,False,,,"Johnson, Guzman and Mccall",E -Commerce,20.0,Europe,49.0,8820.62,On -Hold,Core,11.625943798773742,3.307632707514615,1.0,2023-01
A01048,2023-01-31,0.0,25188.75,True,False,,,Williams PLC,EdTech,16.0,North America,36.0,13804.16,Closed -Won,Analytics,10.121389312967754,4.485972114592053,2.0,2023-01
A01050,2023-01-31,0.0,8490.34,True,False,,,Miller-Colon,HealthTech,7.0,North America,8.0,19113.76,Closed -Won,Automation,13.096246481236324,2.794926987725014,1.0,2023-01
A01063,2023-01-31,0.0,24728.38,True,False,,,Sheppard-Mcdaniel,HealthTech,15.0,Asia,9.0,7107.1,Closed -Won,API,10.277732167707438,2.420547071198035,0.0,2023-01
A01077,2023-01-31,0.0,55193.76,True,False,,,"Matthews, Harrington and Rodriguez",CyberSecurity,32.0,North America,42.0,16908.37,Closed -Won,Core,15.094187411878114,1.641670387194111,1.0,2023-01
A01096,2023-01-31,0.0,33021.38,True,False,,,"Powell, Deleon and Warren",SMB SaaS,15.0,North America,5.0,13127.6,Closed -Won,Premium Support,18.7678960836135,2.6349998362559557,0.0,2023-01
A01108,2023-01-31,0.0,9815.03,True,False,,,Byrd LLC,SMB SaaS,14.0,North America,54.0,11684.21,Closed -Won,Core,15.485930125122298,2.4357524435840783,1.0,2023-01
A01130,2023-01-31,0.0,10066.92,True,False,,,"White, Davis and Anderson",CyberSecurity,32.0,Europe,39.0,13372.16,Closed -Won,Core,20.431825814708393,2.6573805249314377,0.0,2023-01
A01169,2023-01-31,0.0,22332.82,True,False,,,"Jennings, Smith and Fisher",E -Commerce,26.0,Europe,59.0,16604.42,Closed -Won,Core,18.145202190967424,1.2228701848053696,1.0,2023-01
A01180,2023-01-31,7515.46,7515.46,False,True,,,Hernandez-Davis,HealthTech,24.0,Europe,2.0,19481.42,Negotiation,API,14.863999266421434,3.648486888483272,2.0,2023-01
A01188,2023-01-31,0.0,32065.32,True,False,,,"Adams, Quinn and Watson",FinTech,20.0,Asia,36.0,14942.44,Negotiation,Analytics,14.426093087003418,2.060841050503429,4.0,2023-01
A01218,2023-01-31,0.0,26360.48,True,False,,,"Powers, Clements and Cox",HealthTech,6.0,Europe,44.0,20688.65,Closed -Lost,API,11.804194952365211,1.8421009823034253,1.0,2023-01
A01220,2023-01-31,0.0,31340.83,True,False,,,Castro-Harvey,CyberSecurity,31.0,Asia,26.0,8365.88,Closed -Won,Analytics,16.312196202358763,0.9095663453290936,2.0,2023-01
A01236,2023-01-31,0.0,11665.77,True,False,,,"Ochoa, Garcia and Sandoval",FinTech,26.0,LATAM,21.0,19129.82,Closed -Won,Core,14.783034538994302,0.0987913749737277,0.0,2023-01
A01260,2023-01-31,0.0,8331.68,True,False,,,Butler-French,E -Commerce,19.0,Asia,48.0,15013.8,Closed -Won,Core,9.478296319905658,2.567899527128155,2.0,2023-01
A01265,2023-01-31,0.0,38585.29,True,False,,,"Morrison, Parsons and Brandt",Logistics,34.0,Asia,15.0,10927.18,Closed -Lost,Core,13.157349622676662,0.905440764941432,2.0,2023-01
A01280,2023-01-31,0.0,21345.99,True,False,,,"Smith, Caldwell and Griffin",Logistics,22.0,Europe,52.0,7027.6,Closed -Won,Analytics,10.814641730188605,2.5519246267564704,1.0,2023-01
A01282,2023-01-31,0.0,13208.76,True,False,,,"Blackwell, James and Hogan",EdTech,25.0,North America,44.0,14710.84,Closed -Won,Core,17.202449648793834,1.1624745045272653,0.0,2023-01
A01284,2023-01-31,0.0,30774.03,True,False,,,"Campbell, Pruitt and Short",Logistics,11.0,Asia,48.0,17244.51,Closed -Won,Core,12.170538685284134,2.3215493610260163,0.0,2023-01
A01296,2023-01-31,0.0,15405.05,True,False,,,Andrews and Sons,E -Commerce,34.0,Europe,31.0,13981.94,Negotiation,Automation,12.522230128134266,1.4916588854584558,0.0,2023-01
A01300,2023-01-31,17556.27,17556.27,False,True,,,Avila PLC,EdTech,17.0,LATAM,2.0,14106.98,Closed -Won,Automation,15.608787840263568,2.244628784879852,2.0,2023-01
A01302,2023-01-31,0.0,14040.37,True,False,,,Reilly-Rodriguez,SMB SaaS,30.0,Asia,24.0,16648.96,Closed -Lost,API,18.091659723062172,0.0,0.0,2023-01
A01323,2023-01-31,0.0,26960.33,True,False,,,Jackson-Edwards,SMB SaaS,19.0,North America,33.0,11903.89,Closed -Won,Core,14.07217310918954,2.506004663255398,0.0,2023-01
A01332,2023-01-31,0.0,9997.39,True,False,,,Hess PLC,SMB SaaS,31.0,Europe,43.0,15824.34,Closed -Won,Core,18.020169844238893,2.090177659846292,4.0,2023-01
A01344,2023-01-31,0.0,39874.18,True,False,,,Brown LLC,MarTech,12.0,North America,34.0,15999.52,On -Hold,API,19.191520512058567,3.5450540380104028,0.0,2023-01
A01349,2023-01-31,0.0,9458.83,True,False,,,Davenport-Baker,Logistics,8.0,Europe,44.0,14912.65,Closed -Won,Core,1.4715037120299033,36.23719417955918,6.0,2023-01
A01361,2023-01-31,0.0,24536.81,True,False,,,"Whitaker, Johnson and Williams",MarTech,17.0,Europe,5.0,11506.68,Closed -Won,Core,4.109008168288214,14.579492034939872,5.0,2023-01
A01445,2023-01-31,0.0,64472.15,True,False,,,Bryant Inc,EdTech,28.0,Europe,9.0,8168.06,Closed -Won,API,12.700801382219069,2.220975393580246,3.0,2023-01
A01465,2023-01-31,0.0,8581.59,True,False,,,Cooper-Jenkins,E -Commerce,14.0,North America,51.0,18743.24,Closed -Won,Core,14.33526409232438,1.7911332341273898,1.0,2023-01
A01467,2023-01-31,0.0,20549.41,True,False,,,Ray Ltd,EdTech,19.0,LATAM,38.0,18013.29,Closed -Won,API,13.931901410188322,2.097017767622855,0.0,2023-01
A01475,2023-01-31,0.0,7428.54,True,False,,,Edwards Ltd,FinTech,22.0,North America,58.0,17656.5,Closed -Won,Core,10.608300629730957,1.7205325315606292,0.0,2023-01
A01524,2023-01-31,0.0,20770.6,True,False,,,Clayton-Martinez,EdTech,25.0,Asia,9.0,12086.41,Closed -Won,Premium Support,22.053129820389007,1.7395930931255184,4.0,2023-01
A01535,2023-01-31,0.0,23093.46,True,False,,,Perkins Ltd,SMB SaaS,13.0,North America,49.0,2858.87,Closed -Won,Core,4.3002713911605674,19.416830267809075,5.0,2023-01
A01567,2023-01-31,0.0,13489.58,True,False,,,"Jones, Torres and Blackburn",HealthTech,18.0,Asia,58.0,9396.9,Closed -Won,Core,12.541208853915787,3.379221252423799,1.0,2023-01
A01574,2023-01-31,0.0,18737.63,True,False,,,Pierce PLC,Logistics,14.0,LATAM,48.0,12469.72,Closed -Won,Analytics,9.681895173443582,2.7336153696269836,2.0,2023-01
A01596,2023-01-31,0.0,46058.56,True,False,,,"Delgado, Guzman and Smith",E -Commerce,10.0,Asia,10.0,13914.02,Closed -Won,API,15.286159018718442,1.3520768148217204,2.0,2023-01
A01607,2023-01-31,0.0,9622.77,True,False,,,Foster-Duncan,EdTech,8.0,LATAM,9.0,15748.33,Closed -Won,Core,11.530159337503108,1.8843609265381742,2.0,2023-01
A01612,2023-01-31,0.0,12863.83,True,False,,,Bailey-Flores,E -Commerce,27.0,LATAM,9.0,12460.5,Closed -Won,Analytics,11.953621190466281,2.2265586662663788,0.0,2023-01
A01626,2023-01-31,0.0,14405.85,True,False,,,"Williams, Jackson and Campbell",Logistics,19.0,LATAM,59.0,14259.99,Closed -Won,Analytics,13.113224050347025,2.7955362981672174,1.0,2023-01
A01627,2023-01-31,0.0,16820.85,True,False,,,"Williamson, Brown and Pena",EdTech,20.0,LATAM,35.0,18426.17,Closed -Won,API,1.664233700424815,25.181134837061702,6.0,2023-01
A01649,2023-01-31,0.0,21506.98,True,False,,,Douglas PLC,E -Commerce,13.0,LATAM,58.0,14458.41,Closed -Won,Core,3.016993536276444,27.342600695314857,5.0,2023-01
A01655,2023-01-31,0.0,6172.29,True,False,,,Hernandez-Lopez,E -Commerce,12.0,Europe,10.0,14167.78,Closed -Won,Automation,6.9142562312761715,25.378451310449726,1.0,2023-01
A01660,2023-01-31,0.0,12392.4,True,False,,,Shaw PLC,CyberSecurity,10.0,North America,15.0,14672.39,Negotiation,Premium Support,0.0,25.547132163810105,3.0,2023-01
A01706,2023-01-31,0.0,17901.55,True,False,,,Martin LLC,MarTech,20.0,LATAM,51.0,11813.94,Closed -Lost,Core,13.02399819479437,1.2385434563126259,0.0,2023-01
A01711,2023-01-31,0.0,5352.56,True,False,,,Chang PLC,EdTech,35.0,Asia,21.0,14890.17,Closed -Won,Core,13.847972127301228,1.43168576561491,2.0,2023-01
A01716,2023-01-31,0.0,1167.55,True,False,,,"Rice, Miller and Ramsey",Logistics,27.0,North America,52.0,18835.8,Negotiation,Core,13.310107002789819,3.8465211448947825,0.0,2023-01
A01746,2023-01-31,0.0,6910.87,True,False,,,Gentry Group,Logistics,35.0,Europe,58.0,13928.22,Negotiation,API,4.476208487752511,32.98816715449148,4.0,2023-01
A01875,2023-01-31,0.0,58740.58,True,False,,,Gates and Sons,Logistics,34.0,Asia,25.0,11457.41,Closed -Won,Automation,15.205542341194436,1.948797098792045,2.0,2023-01
A01886,2023-01-31,0.0,29244.58,True,False,,,Bishop and Sons,CyberSecurity,33.0,LATAM,11.0,16861.27,Closed -Won,Analytics,16.353893640150183,2.8008792397130406,0.0,2023-01
A01898,2023-01-31,0.0,22271.39,True,False,,,Finley-Meyers,FinTech,27.0,Europe,52.0,19476.72,Closed -Won,Core,14.009473168215516,3.416717642190805,2.0,2023-01
A01925,2023-01-31,0.0,34399.32,True,False,,,"Gardner, Morris and Oconnell",EdTech,9.0,Europe,22.0,14327.08,Negotiation,API,19.956219083334574,2.907453783202006,0.0,2023-01
A01927,2023-01-31,0.0,18963.07,True,False,,,Rogers Inc,FinTech,21.0,Asia,22.0,11928.0,Closed -Lost,Analytics,19.710380899463434,2.7212633250129525,3.0,2023-01
A01932,2023-01-31,0.0,11727.96,True,False,,,Smith and Sons,CyberSecurity,26.0,Asia,29.0,15072.85,Closed -Won,Automation,1.4512229286344818,22.17926705427479,2.0,2023-01
A01940,2023-01-31,0.0,34933.41,True,False,,,"Young, Wilson and Moreno",E -Commerce,32.0,North America,13.0,16287.88,Closed -Won,Analytics,14.587678504902756,2.0381485108408217,3.0,2023-01
A01949,2023-01-31,9352.53,9352.53,False,True,,,"Williams, Medina and Moore",Logistics,16.0,North America,1.0,21687.6,Closed -Won,Core,18.250180567964257,2.9153477977515982,2.0,2023-01
A01986,2023-01-31,0.0,17625.12,True,False,,,"Marshall, Schultz and Dalton",EdTech,19.0,North America,47.0,18535.67,Closed -Won,Core,12.606366913996323,4.432956284679927,3.0,2023-01
A01998,2023-01-31,0.0,10236.57,True,False,,,"Pitts, Warner and Mullins",FinTech,8.0,North America,59.0,12579.86,Closed -Won,Analytics,15.775571959189861,0.7384828243910779,1.0,2023-01
A02002,2023-01-31,0.0,13509.85,True,False,,,Harrison PLC,E -Commerce,6.0,LATAM,4.0,17751.42,Closed -Won,Analytics,13.194645907312635,0.3858076944798239,0.0,2023-01
A02049,2023-01-31,0.0,17091.09,True,False,,,"Miller, Luna and Wallace",HealthTech,24.0,Europe,45.0,14940.48,Closed -Won,Analytics,12.88164286636044,2.896361425517383,1.0,2023-01
A02051,2023-01-31,0.0,14334.32,True,False,,,"Waller, Coleman and Mosley",SMB SaaS,12.0,Asia,11.0,17400.78,On -Hold,Automation,14.98072887684597,2.955445085984307,0.0,2023-01
A02054,2023-01-31,0.0,11681.57,True,False,,,Mcneil-Fox,FinTech,25.0,Europe,56.0,13595.86,Closed -Lost,Premium Support,17.43255885041941,2.156299271936217,2.0,2023-01
A02056,2023-01-31,0.0,16791.86,True,False,,,Davis-Ortiz,CyberSecurity,23.0,LATAM,22.0,14070.16,Closed -Won,Core,17.253060124003554,3.30587282621027,0.0,2023-01
A02057,2023-01-31,0.0,34122.82,True,False,,,Perry-Peters,Logistics,17.0,Europe,44.0,16350.69,Negotiation,Core,12.170840229960087,3.1532370381923354,1.0,2023-01
A02058,2023-01-31,0.0,2472.31,True,False,,,"Bradley, Melendez and Gonzalez",CyberSecurity,12.0,Asia,44.0,16324.97,Closed -Won,Premium Support,13.379217515046795,1.371181130064608,0.0,2023-01
A02059,2023-01-31,0.0,7628.21,True,False,,,Roberts-Henry,EdTech,17.0,Asia,24.0,20837.46,Closed -Won,Premium Support,13.391679287706006,1.0131704306167826,0.0,2023-01
A02060,2023-01-31,0.0,32518.13,True,False,,,Davenport-Torres,Logistics,26.0,LATAM,24.0,14218.34,On -Hold,Core,15.638831709691928,2.7607914630609067,3.0,2023-01
A02061,2023-01-31,0.0,44389.28,True,False,,,"Singh, Walker and Moody",FinTech,25.0,North America,53.0,18521.06,Closed -Won,Core,1.792992169011158,26.472507399204137,4.0,2023-01
A02062,2023-01-31,0.0,12922.23,True,False,,,Baker Ltd,Logistics,26.0,LATAM,34.0,11329.36,On -Hold,Core,14.375168573335674,3.162818732118737,1.0,2023-01
A02063,2023-01-31,0.0,9773.32,True,False,,,"Kennedy, Valdez and Stafford",SMB SaaS,24.0,LATAM,9.0,9829.02,Closed -Won,API,16.630119732127593,2.01304925733342,2.0,2023-01
A02064,2023-01-31,0.0,4684.34,True,False,,,White-Knox,CyberSecurity,7.0,Europe,43.0,18931.4,Closed -Won,Core,12.310005569055882,2.72780854487415,3.0,2023-01
A02067,2023-01-31,0.0,15236.23,True,False,,,"Castillo, Graham and Scott",MarTech,25.0,Asia,43.0,11273.1,Closed -Won,Core,16.032489037773992,2.1923736247369994,0.0,2023-01
A02068,2023-01-31,0.0,14564.71,True,False,,,"Alvarez, Benson and Wilson",EdTech,23.0,Europe,54.0,13056.56,Closed -Won,Premium Support,14.402509350443639,2.098195336802805,2.0,2023-01
A02070,2023-01-31,0.0,8654.83,True,False,,,"Brown, Flores and Johns",CyberSecurity,29.0,North America,25.0,15592.13,Closed -Won,Analytics,11.317986604284531,1.3139475624440473,0.0,2023-01
A02071,2023-01-31,0.0,11873.14,True,False,,,Howard Inc,HealthTech,19.0,LATAM,12.0,9180.89,Closed -Won,Premium Support,14.595086793080625,1.2985096384903616,1.0,2023-01
A02072,2023-01-31,0.0,2318.26,True,False,,,Ward-Fields,SMB SaaS,13.0,Asia,39.0,9888.18,Closed -Won,Core,14.901531430475368,0.400763223217496,1.0,2023-01
A02073,2023-01-31,0.0,17400.43,True,False,,,Williams-Carter,FinTech,20.0,Asia,24.0,15521.71,On -Hold,Core,10.011453010545544,2.14285992734841,0.0,2023-01
A02074,2023-01-31,0.0,18979.7,True,False,,,"Mayer, Palmer and Miranda",E -Commerce,9.0,Europe,21.0,17316.98,Closed -Won,Analytics,0.13770841016302748,23.57726786815218,4.0,2023-01
A02075,2023-01-31,0.0,22320.38,True,False,,,Duran PLC,HealthTech,33.0,North America,42.0,11824.77,Closed -Won,Analytics,10.253543822954555,2.7619641356837024,0.0,2023-01
A02076,2023-01-31,0.0,20943.27,True,False,,,Stephens LLC,CyberSecurity,27.0,Europe,25.0,9299.34,Closed -Won,Analytics,12.716245106271707,3.2607172829791122,1.0,2023-01
A02078,2023-01-31,0.0,38924.73,True,False,,,Davis-Carpenter,MarTech,29.0,North America,26.0,6168.46,Closed -Won,Premium Support,11.80779084610158,3.4184654583097513,1.0,2023-01
A02079,2023-01-31,0.0,10123.34,True,False,,,Smith PLC,CyberSecurity,7.0,North America,16.0,13438.34,Closed -Won,Core,14.247662115860955,1.2429189727109922,1.0,2023-01
A02080,2023-01-31,0.0,20655.92,True,False,,,Watson-Washington,Logistics,17.0,Asia,8.0,17374.5,Closed -Won,Core,0.0,24.051917580865982,5.0,2023-01
A02081,2023-01-31,0.0,5360.32,True,False,,,Mccall-Martin,MarTech,25.0,LATAM,49.0,14013.57,Negotiation,Analytics,3.0363010558909305,26.104406924617134,6.0,2023-01
A02082,2023-01-31,0.0,5469.71,True,False,,,Moore and Sons,SMB SaaS,6.0,North America,6.0,8728.52,Closed -Won,Premium Support,15.703923376472993,3.3821334382009005,0.0,2023-01
A02085,2023-01-31,0.0,19412.72,True,False,,,"Arnold, Avila and Wilson",FinTech,23.0,LATAM,8.0,15833.06,Closed -Lost,Core,13.671563530008186,0.0032960523963729838,0.0,2023-01
A02086,2023-01-31,0.0,20162.22,True,False,,,Moon-Wilson,HealthTech,12.0,Asia,39.0,18512.19,Closed -Won,Premium Support,10.486117565029902,2.3656094634335925,2.0,2023-01
A02087,2023-01-31,0.0,41568.81,True,False,,,Mclean Group,CyberSecurity,28.0,Asia,44.0,14273.63,Closed -Won,Core,11.046974701358684,2.55544086790941,0.0,2023-01
A02088,2023-01-31,0.0,5037.65,True,False,,,Collins-Cox,E -Commerce,16.0,Europe,40.0,13898.05,Closed -Won,Analytics,17.442741394094902,3.252075021258589,1.0,2023-01
A02089,2023-01-31,0.0,4321.06,True,False,,,Preston-Harper,EdTech,28.0,Europe,18.0,19907.95,Closed -Won,Core,4.126508444494965,14.37169352881188,1.0,2023-01
A02090,2023-01-31,0.0,15820.96,True,False,,,Jackson-Torres,MarTech,24.0,Asia,2.0,11726.68,Closed -Won,API,9.908708576510096,2.9096334033853344,1.0,2023-01
A02091,2023-01-31,0.0,31892.24,True,False,,,"Olsen, Walker and Vincent",Logistics,8.0,Asia,53.0,18658.73,On -Hold,Core,16.5611382413833,1.4127211017041448,0.0,2023-01
A02093,2023-01-31,0.0,71180.11,True,False,,,Clark Inc,FinTech,6.0,LATAM,48.0,12085.87,Closed -Won,Core,0.3668763599158398,20.487532781766276,4.0,2023-01
A02094,2023-01-31,0.0,19126.88,True,False,,,Vazquez-Bowers,FinTech,8.0,LATAM,12.0,16165.04,Closed -Won,Core,16.80669807696838,1.2075848895744348,0.0,2023-01
A02095,2023-01-31,0.0,18165.61,True,False,,,Smith Group,MarTech,14.0,North America,10.0,20713.33,Closed -Won,Core,4.415119505091972,30.782792815356764,2.0,2023-01
A02096,2023-01-31,0.0,11806.35,True,False,,,Williams-Rodriguez,MarTech,6.0,Asia,46.0,15589.66,Closed -Won,Automation,4.684065902748415,19.45015544057122,2.0,2023-01
A02097,2023-01-31,0.0,21234.26,True,False,,,"Palmer, Brown and Wilson",Logistics,34.0,Europe,56.0,9399.42,Closed -Won,API,8.825772521200328,2.566886612394667,0.0,2023-01
A02098,2023-01-31,0.0,31208.35,True,False,,,Williams-Turner,E -Commerce,33.0,LATAM,51.0,17844.28,Closed -Won,Core,11.546149774184574,2.319534974742489,1.0,2023-01
A02099,2023-01-31,0.0,16843.73,True,False,,,Webster Inc,Logistics,11.0,Europe,45.0,11822.84,Closed -Won,Core,13.232149986188128,1.7932333324688372,1.0,2023-01
A02102,2023-01-31,0.0,4686.88,True,False,,,"Mcmahon, Rush and Bailey",CyberSecurity,25.0,Europe,40.0,8995.2,Closed -Won,Automation,17.86607260218175,1.4685713139273164,2.0,2023-01
A02103,2023-01-31,0.0,3809.37,True,False,,,Wyatt Ltd,E -Commerce,23.0,Europe,11.0,16441.01,Closed -Lost,Core,11.61762817776227,1.4861168187660134,0.0,2023-01
A02104,2023-01-31,0.0,24196.62,True,False,,,"Allen, Hudson and Garcia",CyberSecurity,35.0,Asia,8.0,10060.72,Negotiation,API,11.967455780688711,3.111736658848456,0.0,2023-01
A02105,2023-01-31,0.0,17179.53,True,False,,,"Hines, Rice and Baldwin",HealthTech,24.0,Asia,52.0,20408.43,Closed -Won,API,11.514319894578637,1.2171443617198743,0.0,2023-01
A02106,2023-01-31,0.0,30488.81,True,False,,,Jackson-Webster,CyberSecurity,26.0,Asia,17.0,8709.45,Closed -Won,Premium Support,11.649719335877712,2.452770613563792,0.0,2023-01
A02107,2023-01-31,0.0,24798.81,True,False,,,Beltran Inc,EdTech,21.0,Asia,46.0,14362.26,Closed -Lost,API,18.478113821827925,0.7077601965582048,0.0,2023-01
A02108,2023-01-31,0.0,3786.28,True,False,,,Knapp Ltd,Logistics,21.0,LATAM,9.0,11215.4,Closed -Won,Core,13.26869862981247,2.480248194083588,1.0,2023-01
A02109,2023-01-31,0.0,10431.64,True,False,,,Richardson-Lawrence,Logistics,14.0,Asia,17.0,20643.38,Closed -Won,Core,13.665505506068174,0.0,1.0,2023-01
A02110,2023-01-31,0.0,7021.9,True,False,,,Nunez-Rodriguez,E -Commerce,21.0,Asia,17.0,8805.17,Closed -Won,Analytics,16.323160360770295,4.095296177930695,1.0,2023-01
A02112,2023-01-31,0.0,13804.97,True,False,,,"Perez, Rodriguez and Rollins",E -Commerce,17.0,LATAM,40.0,13554.93,Closed -Won,Core,14.157937463807418,0.0,1.0,2023-01
A02113,2023-01-31,0.0,3415.03,True,False,,,Owens PLC,FinTech,9.0,North America,54.0,12742.8,Closed -Lost,Premium Support,10.709384813981238,1.2822505244401237,1.0,2023-01
A02115,2023-01-31,0.0,9680.35,True,False,,,"Roberts, Bowen and Miller",Logistics,29.0,Europe,44.0,14862.98,On -Hold,API,4.56545133375834,19.710383199441804,4.0,2023-01
A02116,2023-01-31,0.0,20257.53,True,False,,,Wilson-Campbell,FinTech,34.0,Europe,12.0,11599.74,Closed -Won,Core,12.086057761906229,1.6353586042011572,0.0,2023-01
A02117,2023-01-31,0.0,14285.81,True,False,,,"Fitzgerald, Mcdaniel and Randall",FinTech,22.0,Asia,57.0,11943.77,Closed -Lost,Core,14.676745420119094,1.3373828466744078,1.0,2023-01
A02118,2023-01-31,0.0,8551.63,True,False,,,Spencer LLC,EdTech,29.0,LATAM,32.0,13011.39,Closed -Won,Core,14.663640207177535,1.1835879229317876,0.0,2023-01
A02119,2023-01-31,0.0,7475.13,True,False,,,Lopez-Jones,Logistics,13.0,LATAM,33.0,12227.88,Negotiation,Core,13.340538232298044,0.8413170480011565,0.0,2023-01
A02120,2023-01-31,0.0,3335.53,True,False,,,Crosby-Richardson,E -Commerce,18.0,Asia,42.0,18241.35,Negotiation,Core,4.263460154886884,28.861816003622444,4.0,2023-01
A02121,2023-01-31,0.0,24138.97,True,False,,,Lutz Group,SMB SaaS,18.0,North America,46.0,15344.04,Closed -Won,Premium Support,0.6261338585983514,23.618074232647057,3.0,2023-01
A02122,2023-01-31,0.0,24581.4,True,False,,,"Garcia, Kim and Barrett",Logistics,15.0,LATAM,57.0,16850.99,Closed -Won,API,16.04475760711828,1.7454261767637123,1.0,2023-01
A02124,2023-01-31,0.0,9215.59,True,False,,,Neal-Madden,CyberSecurity,32.0,North America,36.0,17577.33,Closed -Won,Core,12.549009313586309,0.8736691398074221,1.0,2023-01
A02126,2023-01-31,0.0,24422.54,True,False,,,Morgan PLC,FinTech,10.0,LATAM,16.0,11315.76,Closed -Won,Core,13.275807618599956,2.2299637621538198,1.0,2023-01
A02127,2023-01-31,0.0,26548.48,True,False,,,Martinez-Massey,MarTech,30.0,LATAM,19.0,12962.74,Closed -Won,Core,0.0,20.24740702565327,5.0,2023-01
A02129,2023-01-31,10642.45,10642.45,False,True,,,"Nelson, Clarke and Schneider",HealthTech,34.0,Europe,4.0,12696.22,Closed -Won,Analytics,10.566789391569683,2.308708782051025,0.0,2023-01
A02130,2023-01-31,0.0,22410.4,True,False,,,Kelly-Estrada,HealthTech,13.0,Asia,19.0,12876.68,Closed -Won,Core,16.75645720035514,0.9458606109094203,0.0,2023-01
A02133,2023-01-31,0.0,35485.51,True,False,,,King Group,SMB SaaS,29.0,North America,31.0,10650.32,Closed -Won,Analytics,12.183018348720266,3.6755716019169853,2.0,2023-01
A02134,2023-01-31,0.0,19940.77,True,False,,,Fuller and Sons,Logistics,30.0,North America,24.0,10274.69,Closed -Won,Core,17.84231994842951,2.420420589419226,1.0,2023-01
A02135,2023-01-31,0.0,5354.14,True,False,,,Garcia Inc,MarTech,34.0,Europe,26.0,17995.94,Closed -Won,Automation,12.227720730062108,3.970933130371833,2.0,2023-01
A02136,2023-01-31,0.0,660.11,True,False,,,Jimenez Inc,E -Commerce,20.0,Europe,41.0,10246.19,Closed -Won,Analytics,18.19357393573261,3.1752691693064463,0.0,2023-01
A02137,2023-01-31,0.0,25744.62,True,False,,,Reyes Ltd,SMB SaaS,8.0,Asia,33.0,18537.3,Closed -Won,Core,10.852218246413642,2.2271896281408616,0.0,2023-01
A02138,2023-01-31,7438.71,7438.71,False,True,,,Hernandez-Howell,E -Commerce,11.0,North America,2.0,13131.72,Closed -Won,Analytics,13.121280842853562,1.2768931333803764,0.0,2023-01
A02139,2023-01-31,0.0,47634.94,True,False,,,Wolf Ltd,EdTech,32.0,Europe,32.0,5707.49,Negotiation,Core,18.199987357720346,1.2984325252305047,3.0,2023-01
A02140,2023-01-31,0.0,34661.45,True,False,,,"Saunders, Sparks and Harris",EdTech,31.0,Asia,24.0,17587.98,Closed -Won,Premium Support,0.0,42.507105051506834,3.0,2023-01
A02142,2023-01-31,0.0,16412.64,True,False,,,"Payne, Cisneros and Johnson",MarTech,17.0,Europe,52.0,17328.49,Negotiation,Core,13.192578652285949,1.4109737640089142,1.0,2023-01
A02143,2023-01-31,0.0,22716.99,True,False,,,Beard-Wilson,Logistics,13.0,North America,57.0,13135.24,Closed -Won,Automation,14.77112855888202,2.8330599476100415,0.0,2023-01
A02144,2023-01-31,0.0,16036.51,True,False,,,Edwards-Bennett,Logistics,15.0,LATAM,37.0,13578.04,Closed -Won,Core,19.71544781614645,2.0387713303560324,0.0,2023-01
A02145,2023-01-31,0.0,23731.58,True,False,,,Johnson-Thompson,FinTech,25.0,Asia,22.0,13180.05,Closed -Won,Core,9.458230349773196,2.8390098153007264,2.0,2023-01
A02146,2023-01-31,0.0,14991.41,True,False,,,"Dalton, Turner and Mccarthy",CyberSecurity,21.0,North America,27.0,12116.1,Closed -Won,Automation,3.385026024262215,22.87903713962031,4.0,2023-01
A02149,2023-01-31,0.0,11044.41,True,False,,,"Henry, Spencer and Ryan",EdTech,25.0,Asia,50.0,13142.16,Closed -Won,Analytics,9.170446450004183,3.1975696644619034,2.0,2023-01
A02150,2023-01-31,0.0,17482.41,True,False,,,Alvarez-Dickerson,EdTech,26.0,Asia,51.0,12152.24,Closed -Won,Analytics,15.79114716968606,2.977430500716338,1.0,2023-01
A02151,2023-01-31,0.0,6960.2,True,False,,,"Brown, Baker and Garza",EdTech,7.0,North America,20.0,15590.71,Closed -Won,Automation,3.882078206627081,35.468121336702595,8.0,2023-01
A02153,2023-01-31,0.0,17570.98,True,False,,,Flores-Johnson,Logistics,16.0,Asia,51.0,15475.97,Closed -Won,Analytics,1.078585701048849,21.03827477728778,3.0,2023-01
A02154,2023-01-31,0.0,12701.6,True,False,,,Anderson LLC,HealthTech,19.0,North America,33.0,9579.78,Closed -Won,Automation,15.092150712493329,1.7094315306180412,3.0,2023-01
A02155,2023-01-31,0.0,6696.35,True,False,,,Pacheco-Silva,MarTech,35.0,Asia,42.0,14902.05,Closed -Won,Core,18.07739880545888,2.748433698837844,1.0,2023-01
A02156,2023-01-31,0.0,30009.82,True,False,,,"Peterson, Davis and Reed",HealthTech,32.0,North America,29.0,16925.09,Closed -Won,Analytics,0.7397960005310571,34.04736652586966,8.0,2023-01
A02158,2023-01-31,0.0,1433.53,True,False,,,Wright Ltd,EdTech,7.0,Asia,38.0,17063.69,Closed -Won,Analytics,10.566182668853415,0.7726609021940467,2.0,2023-01
A02161,2023-01-31,0.0,22888.63,True,False,,,Jackson-Ryan,MarTech,23.0,LATAM,48.0,10237.86,Closed -Won,API,14.525055216048811,2.4092134092201607,1.0,2023-01
A02162,2023-01-31,0.0,3840.9,True,False,,,Murray Group,E -Commerce,25.0,North America,15.0,20959.12,Closed -Won,API,7.594413205739723,3.1459495013935026,1.0,2023-01
A02163,2023-01-31,0.0,12121.19,True,False,,,"Robertson, Fisher and Smith",SMB SaaS,10.0,LATAM,24.0,17214.18,Closed -Won,Automation,1.5956765938155497,23.51546106643895,4.0,2023-01
A02164,2023-01-31,0.0,6043.04,True,False,,,Chapman-Odom,HealthTech,32.0,LATAM,54.0,24175.62,Closed -Won,Core,14.085745308648335,1.2247652936659152,2.0,2023-01
A02167,2023-01-31,0.0,21048.6,True,False,,,"Leonard, Rogers and Shaw",HealthTech,7.0,LATAM,19.0,21552.23,Closed -Won,API,14.55696060633581,1.424441995050461,2.0,2023-01
A02168,2023-01-31,0.0,9551.72,True,False,,,"Morgan, Mendez and Cox",EdTech,30.0,LATAM,50.0,14371.14,Closed -Won,Analytics,2.7573760792170976,27.768209895502128,4.0,2023-01
A02169,2023-01-31,0.0,14469.2,True,False,,,Harris-Reid,FinTech,22.0,Asia,56.0,11598.86,Closed -Won,Analytics,8.545761849195584,2.079370166017446,0.0,2023-01
A02170,2023-01-31,0.0,21022.08,True,False,,,Pittman PLC,Logistics,12.0,North America,58.0,23492.06,Closed -Won,Premium Support,5.453676894218781,30.711110808287646,6.0,2023-01
A02171,2023-01-31,3951.12,3951.12,False,True,,,Mitchell Inc,Logistics,15.0,LATAM,2.0,11703.34,Negotiation,Analytics,11.392737921567761,1.8221342264370195,1.0,2023-01
A02172,2023-01-31,0.0,6802.92,True,False,,,Davies-Morales,MarTech,16.0,Asia,44.0,19186.74,Closed -Won,Core,16.600510931484042,3.413567135542141,0.0,2023-01
A02173,2023-01-31,0.0,7836.2,True,False,,,Weber Inc,Logistics,6.0,Asia,59.0,20980.83,Negotiation,Analytics,18.192260456487706,3.380887816069647,2.0,2023-01
A02174,2023-01-31,0.0,11210.15,True,False,,,"Richard, Davis and Rogers",Logistics,34.0,Asia,46.0,14357.48,Closed -Lost,Analytics,9.367775702062477,2.188144139270541,2.0,2023-01
A02175,2023-01-31,0.0,12308.84,True,False,,,Knight PLC,Logistics,30.0,North America,14.0,14330.51,Closed -Won,API,2.5117597630334227,30.321858089422193,7.0,2023-01
A02176,2023-01-31,0.0,15812.3,True,False,,,Simmons-Reed,Logistics,32.0,North America,45.0,22061.34,Negotiation,Core,17.877867231018033,0.5669540127361592,1.0,2023-01
A02177,2023-01-31,0.0,9582.78,True,False,,,Pearson LLC,E -Commerce,16.0,LATAM,7.0,13770.85,Negotiation,Core,17.057117975840846,3.7193651133662833,0.0,2023-01
A02180,2023-01-31,0.0,5389.04,True,False,,,"Robertson, Powers and Kelley",E -Commerce,20.0,North America,27.0,19486.25,Closed -Won,Analytics,10.15945848274873,0.0,2.0,2023-01
A02183,2023-01-31,0.0,1886.41,True,False,,,"Hayden, Harmon and Mcdonald",HealthTech,29.0,LATAM,36.0,14411.4,On -Hold,Analytics,5.906324366178124,2.6828154383005987,1.0,2023-01
A02185,2023-01-31,0.0,1857.96,True,False,,,Michael-Barber,HealthTech,11.0,North America,38.0,20500.59,Closed -Won,Core,16.40215949102332,1.768289783546481,3.0,2023-01
A02186,2023-01-31,0.0,10733.49,True,False,,,Boyd LLC,FinTech,32.0,Europe,18.0,11018.19,Closed -Won,Analytics,14.443927973672366,2.6194129389547034,2.0,2023-01
A02187,2023-01-31,0.0,14290.28,True,False,,,Hernandez-Hernandez,SMB SaaS,32.0,Asia,19.0,13144.15,Closed -Won,Premium Support,14.438800758499584,1.2264216329113213,1.0,2023-01
A02188,2023-01-31,0.0,13906.04,True,False,,,"Cannon, Richard and Jenkins",SMB SaaS,30.0,Asia,16.0,17324.57,Negotiation,Core,3.669304755930616,28.460883849976735,8.0,2023-01
A02192,2023-01-31,0.0,3917.31,True,False,,,Wilson and Sons,E -Commerce,14.0,Asia,25.0,16394.11,Closed -Won,Automation,2.9259787590238484,23.482043413509416,0.0,2023-01
A02194,2023-01-31,0.0,15435.97,True,False,,,Washington-Esparza,E -Commerce,16.0,North America,13.0,13186.17,Closed -Won,Automation,14.257584257489723,3.495078023782975,1.0,2023-01
A02196,2023-01-31,0.0,48503.04,True,False,,,Nelson Inc,HealthTech,9.0,LATAM,49.0,19003.68,Closed -Won,Core,12.875225995592688,4.022239218401348,6.0,2023-01
A02197,2023-01-31,0.0,12608.91,True,False,,,Clarke-Ramirez,CyberSecurity,20.0,Europe,18.0,22179.7,Closed -Won,Core,9.6679262903608,4.1517589751800354,1.0,2023-01
A02198,2023-01-31,0.0,8960.26,True,False,,,"Thompson, Phelps and Stuart",Logistics,27.0,Europe,51.0,11359.73,Closed -Won,Automation,15.431161008254616,2.4566163495368905,2.0,2023-01
A02199,2023-01-31,0.0,2933.43,True,False,,,Casey-Brown,CyberSecurity,23.0,North America,34.0,17886.27,Closed -Lost,Core,14.379138663167764,2.8322626374355124,2.0,2023-01
A02200,2023-01-31,0.0,32901.68,True,False,,,Edwards LLC,MarTech,22.0,Asia,10.0,15873.3,Closed -Won,Core,2.135154111975788,20.329418936968448,2.0,2023-01
A02202,2023-01-31,0.0,16921.17,True,False,,,Powers-Blackwell,FinTech,13.0,North America,1.0,11161.01,Negotiation,Analytics,19.372388265833134,1.3891296246356628,2.0,2023-01
A02203,2023-01-31,0.0,35342.31,True,False,,,Hahn-Ramsey,CyberSecurity,14.0,LATAM,3.0,15914.53,Closed -Won,Core,5.390304609423357,30.605814466191855,5.0,2023-01
A02204,2023-01-31,0.0,19824.99,True,False,,,Young PLC,CyberSecurity,24.0,North America,20.0,12660.17,Closed -Won,Premium Support,13.136009327002622,2.5559334756057037,1.0,2023-01
A02205,2023-01-31,0.0,3644.46,True,False,,,"Mason, Martinez and Beck",Logistics,20.0,Europe,27.0,16491.99,Closed -Won,Core,11.193640562106063,2.4198838471634216,1.0,2023-01
A02206,2023-01-31,0.0,22901.0,True,False,,,"Herring, Huynh and King",SMB SaaS,35.0,LATAM,48.0,10991.28,Closed -Won,Core,17.231460231296747,3.9866030716912384,1.0,2023-01
A02207,2023-01-31,0.0,8485.05,True,False,,,Young Inc,MarTech,7.0,North America,8.0,10584.7,Closed -Won,Analytics,10.694690653808431,2.100274545802552,2.0,2023-01
A02211,2023-01-31,0.0,13670.09,True,False,,,Booker Group,Logistics,32.0,Europe,42.0,12975.92,Closed -Won,API,13.446578644781852,1.4406090744945756,0.0,2023-01
A02212,2023-01-31,0.0,981.68,True,False,,,King-Lawrence,FinTech,20.0,North America,46.0,18033.21,Closed -Lost,Automation,18.742240126460924,2.271743141350903,3.0,2023-01
A02213,2023-01-31,0.0,7640.99,True,False,,,Ferguson-Lyons,E -Commerce,19.0,Asia,36.0,14269.29,Negotiation,Automation,2.231989431310386,26.541326095114343,3.0,2023-01
A02214,2023-01-31,0.0,5655.92,True,False,,,Stewart Group,SMB SaaS,11.0,Europe,7.0,18112.68,Closed -Won,Core,14.0565091356401,0.5545616810694478,1.0,2023-01
A02215,2023-01-31,0.0,20133.98,True,False,,,Vega-Richmond,CyberSecurity,19.0,Asia,7.0,13186.18,Negotiation,Core,16.4142479905117,1.25352776362638,2.0,2023-01
A02217,2023-01-31,0.0,18700.66,True,False,,,Underwood-Smith,FinTech,23.0,North America,27.0,12093.23,Closed -Won,Premium Support,17.30228550097365,2.6217130633225603,0.0,2023-01
A02218,2023-01-31,0.0,15261.51,True,False,,,"Johnson, Stevenson and Lindsey",E -Commerce,24.0,LATAM,59.0,16693.36,Closed -Won,Automation,12.537583655595306,3.1833798847028856,4.0,2023-01
A02219,2023-01-31,0.0,15119.07,True,False,,,Vazquez Ltd,Logistics,18.0,Europe,17.0,11047.08,Closed -Won,API,4.219958892746103,20.65785127078136,1.0,2023-01
A02220,2023-01-31,0.0,13253.42,True,False,,,King Group,CyberSecurity,10.0,LATAM,12.0,22246.99,Closed -Won,Core,17.745165727994213,2.9956599530478654,0.0,2023-01
A02221,2023-01-31,0.0,31439.29,True,False,,,Fowler-Haynes,SMB SaaS,10.0,LATAM,56.0,9556.75,Closed -Won,Automation,11.884233494843146,2.930778744324663,0.0,2023-01
A02222,2023-01-31,0.0,23987.26,True,False,,,"Martinez, Camacho and Mathews",MarTech,10.0,Europe,10.0,14401.25,Closed -Won,API,15.717623183355206,1.3409292100884969,0.0,2023-01
A02223,2023-01-31,0.0,37662.98,True,False,,,Smith-Yu,CyberSecurity,24.0,LATAM,2.0,19763.82,Closed -Won,Premium Support,3.752451102622094,18.271867495596666,4.0,2023-01
A02224,2023-01-31,0.0,35246.67,True,False,,,Turner-Mayer,MarTech,31.0,Europe,25.0,16142.33,Closed -Lost,API,14.617622319747817,0.9287439808052709,0.0,2023-01
A02225,2023-01-31,0.0,53543.58,True,False,,,Evans and Sons,Logistics,32.0,Asia,24.0,13588.75,Closed -Won,Core,14.253650649243346,1.4047424130912076,2.0,2023-01
A02226,2023-01-31,0.0,27094.05,True,False,,,Welch-Suarez,FinTech,15.0,Asia,37.0,19602.03,Closed -Won,API,11.635150547645107,3.5416708468091938,0.0,2023-01
A02227,2023-01-31,0.0,24403.99,True,False,,,"Sullivan, Johnson and Delacruz",EdTech,8.0,North America,52.0,11285.47,Closed -Won,Analytics,13.217920423632657,1.881697424983779,2.0,2023-01
A02229,2023-01-31,0.0,15633.72,True,False,,,Love-Mcdowell,CyberSecurity,7.0,Asia,18.0,8530.81,Closed -Won,API,0.8777460637443912,14.358000248545078,1.0,2023-01
A02230,2023-01-31,0.0,29143.51,True,False,,,Holloway Ltd,HealthTech,24.0,North America,58.0,18535.6,Closed -Won,Automation,18.718207849382715,0.7046523291344176,2.0,2023-01
A02231,2023-01-31,0.0,11398.55,True,False,,,Hunter-Bell,EdTech,17.0,LATAM,38.0,17240.39,Closed -Won,Automation,17.029866670449085,2.514340050206349,0.0,2023-01
A02232,2023-01-31,0.0,32349.86,True,False,,,"Daniel, Kelley and Murphy",Logistics,31.0,Asia,5.0,17250.28,Closed -Won,Core,14.86994149548049,1.0223359407282357,0.0,2023-01
A02235,2023-01-31,0.0,42089.03,True,False,,,Fuller LLC,FinTech,18.0,Asia,35.0,15432.29,Closed -Won,API,19.92143310584123,3.75023368280222,0.0,2023-01
A02236,2023-01-31,0.0,24816.74,True,False,,,"Miller, Moore and Black",HealthTech,31.0,Europe,47.0,16219.67,Closed -Won,API,10.970343691783416,4.197787560235897,1.0,2023-01
A02237,2023-01-31,0.0,16695.73,True,False,,,"Hines, Bradford and Jennings",SMB SaaS,21.0,North America,15.0,15520.84,Negotiation,Analytics,2.0126208576028843,30.985702462411005,8.0,2023-01
A02239,2023-01-31,0.0,9581.41,True,False,,,Green Ltd,SMB SaaS,16.0,Europe,29.0,5967.17,Closed -Won,Automation,13.066029045550081,2.515532285037359,0.0,2023-01
A02240,2023-01-31,0.0,7914.81,True,False,,,"Serrano, Marsh and Gonzalez",HealthTech,19.0,LATAM,53.0,23352.11,Closed -Won,Core,10.993388706267922,3.1687893483087053,3.0,2023-01
A02241,2023-01-31,0.0,7541.16,True,False,,,Richardson-Long,EdTech,31.0,Europe,14.0,12406.34,Closed -Won,Analytics,11.64531008298054,0.0,2.0,2023-01
A02243,2023-01-31,0.0,15952.96,True,False,,,Smith Inc,MarTech,6.0,Asia,27.0,19453.94,Closed -Won,Core,11.871521392706663,1.5128570234361045,1.0,2023-01
A02245,2023-01-31,0.0,3132.49,True,False,,,Gonzalez-Haynes,Logistics,17.0,Asia,42.0,9278.36,Closed -Won,API,13.972622019582113,0.66283222000763,1.0,2023-01
A02246,2023-01-31,0.0,3442.72,True,False,,,Williams PLC,EdTech,18.0,LATAM,50.0,10340.86,Closed -Won,Core,12.428596696557165,1.4322255403590534,1.0,2023-01
A02247,2023-01-31,0.0,7904.02,True,False,,,Burke-Hernandez,Logistics,8.0,Asia,34.0,18521.13,Closed -Won,Analytics,14.320874131601617,2.0588150199824553,2.0,2023-01
A02248,2023-01-31,0.0,18264.82,True,False,,,Jackson-Bradley,CyberSecurity,9.0,North America,11.0,17387.74,Closed -Won,Premium Support,0.1447221944942796,26.67546837499014,0.0,2023-01
A02249,2023-01-31,0.0,11214.82,True,False,,,Higgins Group,EdTech,15.0,Asia,10.0,12934.69,Closed -Won,Core,12.966140881827261,2.3543481150820647,0.0,2023-01
A02250,2023-01-31,0.0,5765.03,True,False,,,Wilcox-Snyder,SMB SaaS,18.0,Asia,25.0,14834.71,Closed -Won,Premium Support,16.705943885527745,2.9475394371676527,0.0,2023-01
A02252,2023-01-31,0.0,25461.67,True,False,,,Roberts-Snyder,HealthTech,17.0,Europe,33.0,15990.21,Closed -Won,Analytics,17.51391089634924,1.2950540530630017,1.0,2023-01
A02253,2023-01-31,0.0,37710.94,True,False,,,Reynolds and Sons,SMB SaaS,15.0,Europe,15.0,16683.3,Closed -Won,Core,1.3582619774050537,30.582760418729393,7.0,2023-01
A02254,2023-01-31,0.0,11944.33,True,False,,,"Lewis, Holloway and Acosta",SMB SaaS,7.0,Europe,30.0,13444.65,Closed -Won,API,13.855962944744816,2.695517347469211,3.0,2023-01
A02255,2023-01-31,0.0,5933.93,True,False,,,Barnes Group,FinTech,13.0,Asia,18.0,17803.55,Negotiation,Premium Support,11.920957026605443,3.0325621693267832,0.0,2023-01
A02256,2023-01-31,0.0,18930.91,True,False,,,Johnson LLC,SMB SaaS,14.0,LATAM,41.0,17375.74,Negotiation,Core,10.31644960845976,1.852125315556153,2.0,2023-01
A02257,2023-01-31,0.0,45817.04,True,False,,,Williamson and Sons,SMB SaaS,10.0,North America,47.0,18487.36,Closed -Won,Premium Support,8.999984192553827,1.0708847376169615,2.0,2023-01
A02258,2023-01-31,0.0,16855.35,True,False,,,Aguilar-Holland,Logistics,28.0,LATAM,39.0,18082.82,Closed -Won,API,11.711669993150641,2.3356581594872363,0.0,2023-01
A02259,2023-01-31,17883.96,17883.96,False,True,,,Smith and Sons,EdTech,8.0,Asia,1.0,17981.25,Negotiation,Premium Support,15.763019661807057,2.4779809638422203,1.0,2023-01
A02260,2023-01-31,0.0,14045.53,True,False,,,Mccann-Sanders,CyberSecurity,23.0,Europe,59.0,13181.11,Closed -Won,API,11.116164733086014,3.232719086053118,0.0,2023-01
A02262,2023-01-31,0.0,17905.94,True,False,,,Fitzgerald-Scott,E -Commerce,30.0,LATAM,59.0,11594.43,Closed -Won,Premium Support,11.272804067486641,1.332202745734313,0.0,2023-01
A02263,2023-01-31,0.0,2719.74,True,False,,,Hawkins Inc,E -Commerce,22.0,Asia,2.0,15804.35,Closed -Won,API,2.303517597492549,26.04133927406822,4.0,2023-01
A02264,2023-01-31,0.0,21231.03,True,False,,,Galvan-Ruiz,CyberSecurity,22.0,Asia,31.0,11794.28,Closed -Won,Automation,12.96349633201294,1.592566428990891,0.0,2023-01
A02265,2023-01-31,0.0,16981.98,True,False,,,Barajas-Crosby,E -Commerce,28.0,North America,7.0,16879.63,Closed -Lost,Core,13.613321275271707,1.5503158173208957,0.0,2023-01
A02266,2023-01-31,0.0,6425.49,True,False,,,"Mckinney, Pacheco and Smith",CyberSecurity,31.0,Asia,6.0,19797.93,Closed -Won,Core,17.097819038155635,3.2541398701402438,2.0,2023-01
A02268,2023-01-31,0.0,4106.13,True,False,,,Anderson-Mcclain,FinTech,29.0,Asia,43.0,12834.45,Closed -Won,Core,20.016387516167967,4.056203139775511,1.0,2023-01
A02269,2023-01-31,0.0,23543.31,True,False,,,Carpenter LLC,FinTech,19.0,Asia,7.0,16976.13,Closed -Won,Analytics,9.125278049904296,1.3873645868921731,0.0,2023-01
A02270,2023-01-31,0.0,27794.56,True,False,,,Gordon LLC,SMB SaaS,8.0,Europe,58.0,19129.13,Negotiation,Automation,11.432348238990997,2.866728402800712,0.0,2023-01
A02272,2023-01-31,0.0,11553.15,True,False,,,"Hamilton, Green and Edwards",E -Commerce,35.0,Europe,19.0,15462.19,Closed -Won,Premium Support,12.637906353424924,2.271362284872136,0.0,2023-01
A02274,2023-01-31,0.0,18682.52,True,False,,,"Ward, Jordan and Orr",Logistics,6.0,LATAM,28.0,13887.94,Closed -Won,Core,14.621340290344481,2.856576652032974,0.0,2023-01
A02275,2023-01-31,0.0,18421.49,True,False,,,Austin-Juarez,HealthTech,33.0,North America,11.0,17051.55,Negotiation,Core,3.0618617346694537,21.935655752644887,3.0,2023-01
A02277,2023-01-31,0.0,9499.09,True,False,,,Stewart Group,EdTech,12.0,Europe,13.0,16375.45,Closed -Won,Analytics,17.183049879676943,3.8133418258699914,0.0,2023-01
A02278,2023-01-31,0.0,16936.01,True,False,,,Peters Ltd,FinTech,29.0,Asia,4.0,22174.18,Closed -Won,Premium Support,12.764385173918912,2.0293826970136917,1.0,2023-01
A02279,2023-01-31,0.0,7746.33,True,False,,,"Yates, Brown and Hernandez",Logistics,17.0,Europe,22.0,17241.65,Closed -Won,Core,13.707617462095184,1.3243044389804595,2.0,2023-01
A02280,2023-01-31,0.0,23550.11,True,False,,,White Group,E -Commerce,15.0,Europe,40.0,15153.19,Closed -Won,Core,13.084239627297931,0.5097134100881013,0.0,2023-01
A02283,2023-01-31,0.0,15889.95,True,False,,,Alexander Ltd,FinTech,10.0,Europe,20.0,16235.71,Closed -Lost,Analytics,0.021940506944391203,33.765105026968016,4.0,2023-01
A02284,2023-01-31,0.0,11451.53,True,False,,,"Washington, Vasquez and Singleton",MarTech,16.0,Europe,47.0,15373.32,Closed -Won,Analytics,5.209922549796653,30.350853903719596,2.0,2023-01
A02285,2023-01-31,0.0,9819.97,True,False,,,Martinez Inc,E -Commerce,15.0,Europe,41.0,10063.43,Closed -Won,Analytics,17.91377752237992,2.142885200302451,1.0,2023-01
A02286,2023-01-31,0.0,15711.57,True,False,,,Oneill and Sons,EdTech,7.0,Europe,50.0,15997.12,Negotiation,Automation,12.108897059758533,2.1698438123279975,0.0,2023-01
A02288,2023-01-31,0.0,6628.32,True,False,,,"Macdonald, Willis and Silva",HealthTech,6.0,Europe,49.0,12701.83,Closed -Won,Core,4.603019083466618,20.406113924403126,4.0,2023-01
A02289,2023-01-31,0.0,23847.43,True,False,,,Fox PLC,HealthTech,34.0,Asia,56.0,18587.58,Closed -Won,Core,10.164319300652007,2.214341519507505,1.0,2023-01
A02290,2023-01-31,0.0,7998.02,True,False,,,Butler Inc,E -Commerce,8.0,LATAM,25.0,14045.57,Closed -Won,Analytics,1.9237503749177027,26.976705454643483,7.0,2023-01
A02291,2023-01-31,0.0,5773.21,True,False,,,Tate Ltd,SMB SaaS,16.0,LATAM,24.0,12415.21,Closed -Won,Automation,5.141952793640414,30.759028032405443,6.0,2023-01
A02293,2023-01-31,0.0,11751.59,True,False,,,Maldonado-Becker,FinTech,17.0,Asia,14.0,12138.98,Closed -Lost,Premium Support,16.545203168611387,1.7337458505038734,2.0,2023-01
A02294,2023-01-31,0.0,14923.93,True,False,,,Brooks-Hickman,SMB SaaS,24.0,Europe,45.0,12841.9,On -Hold,API,15.742554278802537,2.1881306671883056,0.0,2023-01
A02295,2023-01-31,0.0,19401.59,True,False,,,Hood and Sons,MarTech,8.0,Asia,43.0,18431.96,Closed -Won,Analytics,15.649677579686081,1.9764225378449458,0.0,2023-01
A02296,2023-01-31,0.0,42480.27,True,False,,,Miller Ltd,HealthTech,21.0,North America,48.0,14871.88,Closed -Won,Analytics,11.627744653830526,0.686441821815351,0.0,2023-01
A02297,2023-01-31,0.0,23305.36,True,False,,,"Castillo, Fuller and Adams",E -Commerce,29.0,North America,10.0,19816.75,Closed -Won,Automation,14.882730671802971,2.381366037810879,0.0,2023-01
A02298,2023-01-31,0.0,11729.74,True,False,,,"Smith, Booker and Douglas",EdTech,19.0,Asia,29.0,10326.9,Closed -Won,Core,9.483350089849683,2.7160544516995806,0.0,2023-01
A02300,2023-01-31,0.0,5060.67,True,False,,,"Meadows, Robles and Anderson",EdTech,26.0,North America,53.0,14401.4,Closed -Won,Analytics,5.045420831637758,37.50853574024809,5.0,2023-01
A02301,2023-01-31,0.0,13238.51,True,False,,,Solis LLC,E -Commerce,11.0,LATAM,16.0,14095.73,Closed -Won,Premium Support,12.960680483730966,3.335571745664094,0.0,2023-01
A02303,2023-01-31,0.0,55357.56,True,False,,,"Crane, James and Ross",HealthTech,19.0,North America,34.0,24038.38,Closed -Won,Core,11.809501142403043,2.8318207440280143,1.0,2023-01
A02304,2023-01-31,0.0,7847.54,True,False,,,Allen Group,MarTech,14.0,LATAM,52.0,13093.15,Negotiation,API,14.040285246296152,2.0300969526098878,0.0,2023-01
A02305,2023-01-31,0.0,23141.21,True,False,,,Smith and Sons,FinTech,6.0,LATAM,55.0,23283.31,Closed -Won,API,12.413725704451995,3.1413721047344207,1.0,2023-01
A02307,2023-01-31,0.0,7444.34,True,False,,,Holland-Best,Logistics,23.0,LATAM,20.0,10579.34,Closed -Won,Analytics,2.2268807662480103,20.920677231085403,1.0,2023-01
A02308,2023-01-31,0.0,8664.93,True,False,,,Martinez Group,SMB SaaS,33.0,Asia,10.0,11153.46,Closed -Won,Analytics,12.61127081231422,1.4297166581876346,0.0,2023-01
A02310,2023-01-31,0.0,14439.52,True,False,,,"Munoz, Howard and Davis",EdTech,19.0,LATAM,32.0,15415.17,Closed -Won,Analytics,17.659101371167807,2.5736700329760898,1.0,2023-01
A02311,2023-01-31,0.0,11656.43,True,False,,,Hunt-Burns,E -Commerce,31.0,Europe,17.0,13406.66,Closed -Won,Core,2.465842722534405,30.36924387181668,7.0,2023-01
A02312,2023-01-31,0.0,28543.38,True,False,,,Alvarez-Hart,CyberSecurity,8.0,Asia,4.0,12859.06,Closed -Won,Automation,10.583687317953768,1.9225227854564493,2.0,2023-01
A02313,2023-01-31,0.0,12599.84,True,False,,,Davis-Henderson,SMB SaaS,16.0,Europe,31.0,21195.25,Closed -Won,Core,11.958044857581186,1.4331914528929284,1.0,2023-01
A02315,2023-01-31,0.0,15188.4,True,False,,,Davis-Palmer,HealthTech,14.0,LATAM,14.0,16881.06,Closed -Won,Analytics,15.060099758081119,0.9276802854810424,2.0,2023-01
A02317,2023-01-31,0.0,16310.46,True,False,,,"Moore, Simpson and Soto",EdTech,14.0,Asia,6.0,15173.38,Closed -Won,API,16.24737976791987,0.6728721904985862,1.0,2023-01
A02318,2023-01-31,0.0,16191.59,True,False,,,"Miller, Mcdonald and Miller",MarTech,18.0,North America,26.0,23618.02,Negotiation,Analytics,11.327377579440812,1.056449180375676,0.0,2023-01
A02319,2023-01-31,0.0,62665.86,True,False,,,Evans-Joyce,Logistics,32.0,Europe,51.0,17292.44,Closed -Won,Core,17.911480321569023,3.247344877119003,0.0,2023-01
A02320,2023-01-31,0.0,35170.33,True,False,,,"Leach, Skinner and Mills",FinTech,13.0,Europe,46.0,25521.16,Negotiation,Premium Support,15.588347468748864,3.2808327565132034,1.0,2023-01
A02322,2023-01-31,0.0,14411.35,True,False,,,Palmer PLC,E -Commerce,7.0,Europe,3.0,12390.74,Closed -Won,API,12.412769895609765,2.4963143955567806,0.0,2023-01
A02323,2023-01-31,0.0,9805.34,True,False,,,Gutierrez-Marshall,E -Commerce,13.0,LATAM,20.0,19975.14,Closed -Won,Analytics,12.360618156414128,1.9894954223760841,1.0,2023-01
A02325,2023-01-31,0.0,12226.73,True,False,,,Mack Inc,FinTech,23.0,North America,45.0,21098.92,Closed -Won,Core,1.6120176976912528,27.3890283319486,4.0,2023-01
A02326,2023-01-31,0.0,27597.84,True,False,,,Yang Group,CyberSecurity,33.0,North America,49.0,12295.77,Closed -Lost,Core,3.15878592932733,22.618797431637898,5.0,2023-01
A02327,2023-01-31,0.0,10306.25,True,False,,,Hartman Group,HealthTech,34.0,Europe,21.0,8660.23,Closed -Won,Analytics,9.817222561332272,2.3544194053297085,0.0,2023-01
A02328,2023-01-31,0.0,25401.27,True,False,,,Miller Ltd,E -Commerce,26.0,North America,10.0,15408.51,Closed -Won,API,15.647070003193583,1.1441100776077302,1.0,2023-01
A02329,2023-01-31,0.0,30438.92,True,False,,,Edwards-Ramsey,CyberSecurity,25.0,Asia,2.0,20871.52,Closed -Won,Analytics,14.85871059369249,1.7750656228302204,1.0,2023-01
A02330,2023-01-31,0.0,21594.38,True,False,,,"Cole, Morton and Peterson",E -Commerce,15.0,Europe,9.0,12477.55,Closed -Won,Automation,1.4078790363497697,18.883454209494808,5.0,2023-01
A02331,2023-01-31,5432.47,5432.47,False,True,,,Clark Inc,EdTech,30.0,Europe,4.0,17319.41,Closed -Won,Core,14.812195576881383,2.0975822409284692,0.0,2023-01
A02333,2023-01-31,0.0,4916.03,True,False,,,Ferguson-Smith,MarTech,6.0,Asia,16.0,18776.72,Closed -Won,Analytics,14.551977073325432,1.6588745061896377,2.0,2023-01
A02334,2023-01-31,0.0,15935.3,True,False,,,Smith Ltd,FinTech,30.0,LATAM,49.0,13539.95,Closed -Won,API,5.655177609899324,25.91690556375146,2.0,2023-01
A02335,2023-01-31,0.0,13029.97,True,False,,,Stevens-Sullivan,CyberSecurity,16.0,LATAM,33.0,16073.1,Closed -Won,Core,17.52370136224143,4.132058985715884,0.0,2023-01
A02336,2023-01-31,0.0,22390.13,True,False,,,"Church, Guzman and Tucker",FinTech,20.0,Asia,32.0,13667.46,Closed -Won,Core,13.134774647120489,2.237526746831351,1.0,2023-01
A02337,2023-01-31,0.0,11115.19,True,False,,,"Li, Jensen and Vazquez",MarTech,20.0,Asia,27.0,11998.56,Negotiation,API,12.42988475869628,2.4565920001944272,2.0,2023-01
A02338,2023-01-31,0.0,10113.37,True,False,,,"Leonard, Ballard and Miller",CyberSecurity,30.0,North America,49.0,7309.36,Closed -Won,Analytics,5.418681807525299,1.5775906139250142,1.0,2023-01
A02339,2023-01-31,11238.87,11238.87,False,True,,,Smith Inc,FinTech,14.0,North America,3.0,9800.52,Closed -Won,Core,17.206082458954093,0.43798888467078645,1.0,2023-01
A02341,2023-01-31,0.0,4812.35,True,False,,,Clark Ltd,MarTech,7.0,Asia,25.0,16795.09,Closed -Lost,Premium Support,2.7834231017431392,33.95803052174895,7.0,2023-01
A02343,2023-01-31,0.0,12498.49,True,False,,,"Garrison, Ryan and Miller",CyberSecurity,8.0,LATAM,33.0,12920.76,Closed -Won,API,10.534197670430823,2.90607757337617,0.0,2023-01
A02344,2023-01-31,0.0,25428.69,True,False,,,Hernandez-Henderson,E -Commerce,23.0,LATAM,44.0,12452.15,Closed -Won,Core,1.6270277170268306,21.322625372979132,5.0,2023-01
A02345,2023-01-31,0.0,20200.63,True,False,,,Martin and Sons,CyberSecurity,32.0,North America,35.0,9700.01,Negotiation,Analytics,13.731977799012457,2.988272335917149,0.0,2023-01
A02347,2023-01-31,0.0,10693.57,True,False,,,Richards-Harris,MarTech,33.0,North America,20.0,17285.88,Closed -Lost,Premium Support,14.25932941510455,2.389851739535556,3.0,2023-01
A02348,2023-01-31,0.0,4472.57,True,False,,,"Gallegos, Myers and Cook",Logistics,35.0,LATAM,45.0,16789.85,Closed -Won,Core,4.61203545621349,29.822968570981708,3.0,2023-01
A02350,2023-01-31,0.0,5583.08,True,False,,,Petty-Allison,E -Commerce,21.0,North America,30.0,13507.04,Closed -Won,Analytics,16.486386140482043,0.09996460002208263,2.0,2023-01
A02352,2023-01-31,0.0,25026.31,True,False,,,Freeman Group,E -Commerce,17.0,Asia,45.0,11893.25,Closed -Won,Analytics,10.29696328850762,1.1322884930962165,2.0,2023-01
A02353,2023-01-31,0.0,10817.18,True,False,,,"Garza, Carr and Gregory",EdTech,30.0,LATAM,43.0,13104.68,Closed -Won,Core,12.906944990337118,2.231433330704361,1.0,2023-01
A02355,2023-01-31,0.0,11125.97,True,False,,,Henderson LLC,Logistics,7.0,North America,19.0,14484.48,Closed -Won,Core,19.64158917820322,2.6056808900303365,1.0,2023-01
A02356,2023-01-31,0.0,5534.99,True,False,,,"Brown, Orozco and Butler",Logistics,22.0,LATAM,22.0,11898.46,Closed -Won,API,13.507292652839366,2.981028098139595,1.0,2023-01
A02357,2023-01-31,0.0,6197.92,True,False,,,Wilson-Dean,SMB SaaS,12.0,LATAM,25.0,12482.48,Closed -Won,API,2.2226682255052386,28.12642248748744,1.0,2023-01
A02358,2023-01-31,0.0,27185.85,True,False,,,"Reed, Terry and Smith",FinTech,16.0,LATAM,13.0,10200.55,Closed -Won,Premium Support,8.135094367226591,3.6192615615242674,4.0,2023-01
A02359,2023-01-31,0.0,37133.0,True,False,,,Barber-Harrison,HealthTech,21.0,Europe,37.0,11166.21,Closed -Lost,Core,2.1465962165943715,24.033988650476807,2.0,2023-01
A02360,2023-01-31,0.0,14584.84,True,False,,,Hall-Robinson,SMB SaaS,27.0,Europe,13.0,8565.63,Closed -Won,Automation,4.426925521950417,18.263983568260286,2.0,2023-01
A02361,2023-01-31,0.0,3034.58,True,False,,,"Morgan, Guzman and Kirby",MarTech,14.0,Asia,39.0,16432.31,Closed -Lost,Core,22.875004008074463,4.9278151862331185,1.0,2023-01
A02362,2023-01-31,0.0,35557.52,True,False,,,"Mcdonald, Ware and Sharp",FinTech,17.0,Europe,45.0,11551.06,Closed -Won,Analytics,11.78178823989646,3.0095237198595437,2.0,2023-01
A02363,2023-01-31,0.0,47227.14,True,False,,,Moyer-Whitaker,EdTech,8.0,Asia,57.0,21444.8,Closed -Won,Core,20.315825290581994,2.2244479710470118,0.0,2023-01
A02364,2023-01-31,0.0,18236.03,True,False,,,"Delgado, Ward and Kennedy",Logistics,17.0,Asia,8.0,18787.89,Closed -Won,Premium Support,1.1363769378037953,21.70144380545512,6.0,2023-01
A02365,2023-01-31,0.0,8897.66,True,False,,,Howell LLC,EdTech,23.0,Asia,45.0,15278.69,Closed -Won,Analytics,10.9152068020359,1.9431398529050807,1.0,2023-01
A02366,2023-01-31,0.0,25411.51,True,False,,,"Curry, Estrada and Anderson",FinTech,24.0,LATAM,6.0,17280.42,Closed -Won,Analytics,14.69643136593076,0.06625344246457998,2.0,2023-01
A02367,2023-01-31,0.0,14020.93,True,False,,,Moore Group,CyberSecurity,14.0,North America,20.0,18434.03,Closed -Won,Core,16.314141579651398,1.2276708953765079,3.0,2023-01
A02369,2023-01-31,0.0,3863.37,True,False,,,Young-Hawkins,EdTech,23.0,LATAM,10.0,14186.17,Negotiation,Core,7.5114876382666145,30.276014784631364,4.0,2023-01
A02370,2023-01-31,0.0,10371.38,True,False,,,Howard LLC,FinTech,25.0,Europe,11.0,19312.47,Closed -Won,API,16.44787147804598,1.414864009450585,1.0,2023-01
A02371,2023-01-31,0.0,5348.02,True,False,,,Rhodes-Thompson,E -Commerce,8.0,North America,3.0,19571.12,Closed -Won,Analytics,15.789015501782394,4.558731421980618,2.0,2023-01
A02372,2023-01-31,0.0,7060.79,True,False,,,"Johnson, Brown and Jordan",MarTech,21.0,Asia,49.0,11914.95,Closed -Won,Core,13.950579895857484,1.748346958433599,4.0,2023-01
A02375,2023-01-31,0.0,30979.55,True,False,,,"Adams, Hernandez and Vaughn",HealthTech,25.0,LATAM,42.0,5857.97,Closed -Won,Analytics,14.528193991147528,2.5894594986230834,0.0,2023-01
A02377,2023-01-31,0.0,3602.61,True,False,,,Lloyd-Estes,HealthTech,27.0,Europe,51.0,17914.78,Closed -Won,Core,2.6783882813286835,23.088071665578582,8.0,2023-01
A02378,2023-01-31,0.0,7779.17,True,False,,,Villegas PLC,MarTech,28.0,LATAM,9.0,15741.58,Closed -Won,Core,13.70959620556957,2.4435621936067355,2.0,2023-01
A02379,2023-01-31,0.0,3894.57,True,False,,,"Casey, Meza and Colon",FinTech,13.0,Europe,59.0,18240.29,Closed -Won,Core,10.110121787645138,0.7128356262753337,2.0,2023-01
A02381,2023-01-31,0.0,8031.14,True,False,,,"Wilson, Harris and Ward",Logistics,16.0,North America,11.0,8048.09,Closed -Won,API,13.064460959497103,1.8278516793282094,1.0,2023-01
A02382,2023-01-31,0.0,12091.16,True,False,,,"Carter, Alexander and Hunter",Logistics,17.0,LATAM,27.0,13201.28,Closed -Won,Core,19.790283600480258,1.7818345446693773,0.0,2023-01
A02383,2023-01-31,0.0,8956.82,True,False,,,"Harrell, Moore and Cox",CyberSecurity,29.0,Asia,55.0,12211.11,Closed -Won,Analytics,14.660355038532101,2.509296802223084,0.0,2023-01
A02384,2023-01-31,0.0,12049.46,True,False,,,Martinez and Sons,SMB SaaS,15.0,Asia,24.0,11046.17,Closed -Won,API,17.108135753943795,2.6347251891792207,1.0,2023-01
A02385,2023-01-31,0.0,3424.65,True,False,,,Montes-Hammond,Logistics,8.0,North America,11.0,12589.1,Closed -Won,Core,1.8472309171965184,21.017990995398108,2.0,2023-01
A02386,2023-01-31,0.0,7419.88,True,False,,,Sanchez Group,CyberSecurity,27.0,North America,52.0,12645.32,Closed -Won,Premium Support,4.761103466793061,20.888009056534763,4.0,2023-01
A02388,2023-01-31,0.0,21896.37,True,False,,,Watson-Fischer,FinTech,23.0,Asia,58.0,16524.33,Closed -Won,Analytics,12.025439811237376,0.0,0.0,2023-01
A02389,2023-01-31,0.0,12599.63,True,False,,,Soto-Sanchez,Logistics,10.0,Asia,57.0,17231.36,Closed -Won,Analytics,12.993199610036267,2.777892628938173,0.0,2023-01
A02390,2023-01-31,0.0,13308.46,True,False,,,"Fisher, Perez and Pham",EdTech,24.0,Asia,52.0,16198.13,Closed -Won,Analytics,10.84108625265359,2.4883540951064766,0.0,2023-01
A02391,2023-01-31,0.0,2613.58,True,False,,,Hardin-Villanueva,CyberSecurity,11.0,North America,27.0,4836.33,Negotiation,Core,2.7133518023023364,31.121140836804667,12.0,2023-01
A02392,2023-01-31,0.0,17899.83,True,False,,,"Norton, Cox and Johnson",SMB SaaS,22.0,LATAM,12.0,10930.72,Closed -Won,Core,2.1038211503825917,32.69076424074025,2.0,2023-01
A02393,2023-01-31,0.0,30745.24,True,False,,,Carrillo Ltd,MarTech,21.0,LATAM,37.0,10985.01,Negotiation,Automation,16.798214325423878,2.6479384810802236,1.0,2023-01
A02394,2023-01-31,0.0,3922.81,True,False,,,"Acevedo, Miller and Edwards",FinTech,29.0,LATAM,14.0,19786.78,Closed -Lost,Premium Support,0.09145135028945717,26.35782663267626,2.0,2023-01
A02395,2023-01-31,0.0,24196.55,True,False,,,Hamilton Group,EdTech,35.0,Asia,28.0,11606.18,Closed -Won,Premium Support,19.183878373862335,2.510301443173887,2.0,2023-01
A02396,2023-01-31,0.0,3803.8,True,False,,,Keller Ltd,MarTech,11.0,North America,39.0,7410.93,Closed -Won,Analytics,7.862377309225329,2.3216018068163673,1.0,2023-01
A02398,2023-01-31,0.0,3319.73,True,False,,,"Whitney, Lloyd and Liu",SMB SaaS,22.0,Europe,18.0,15364.99,Closed -Won,API,8.57542526502034,1.6934599798058838,1.0,2023-01
A02399,2023-01-31,0.0,4386.2,True,False,,,Barnes-Blackwell,E -Commerce,34.0,Asia,15.0,25057.61,Closed -Won,Analytics,4.02728991162474,26.531576263376362,3.0,2023-01
A02400,2023-01-31,0.0,6940.14,True,False,,,"Spencer, Torres and Newton",SMB SaaS,10.0,North America,44.0,9475.47,Closed -Won,Premium Support,4.500744480561647,28.234069296442108,4.0,2023-01
A02401,2023-01-31,0.0,6020.98,True,False,,,Smith-Ramirez,MarTech,20.0,Europe,1.0,14128.2,Closed -Won,Premium Support,12.532459004468212,3.1102967076213037,1.0,2023-01
A02402,2023-01-31,0.0,28679.91,True,False,,,"Bishop, Thomas and Powell",MarTech,18.0,North America,34.0,10851.6,Closed -Won,Analytics,13.350207704217635,0.39028888574332776,0.0,2023-01
A02403,2023-01-31,0.0,15565.29,True,False,,,"Harris, Stephens and Kramer",Logistics,15.0,North America,45.0,10859.42,Closed -Won,Automation,15.147712064272255,2.816737174150324,1.0,2023-01
A02404,2023-01-31,0.0,6278.24,True,False,,,"Ramos, Reed and Cain",CyberSecurity,25.0,Asia,33.0,11709.12,On -Hold,Automation,9.544036855980632,2.0177089618480073,2.0,2023-01
A02405,2023-01-31,0.0,20717.69,True,False,,,"Sullivan, Gonzalez and Turner",E -Commerce,14.0,Asia,23.0,10606.43,Closed -Won,API,10.22340961209774,2.9653873307262932,0.0,2023-01
A02407,2023-01-31,0.0,18539.74,True,False,,,"Higgins, Hobbs and Meyer",CyberSecurity,31.0,LATAM,22.0,15251.99,Negotiation,Core,17.596237808463403,2.089983578816296,1.0,2023-01
A02408,2023-01-31,0.0,16811.37,True,False,,,"Campbell, Davis and Arnold",Logistics,17.0,LATAM,42.0,14873.87,On -Hold,Premium Support,13.923807790246746,2.060630089731278,2.0,2023-01
A02409,2023-01-31,0.0,16906.47,True,False,,,"Peterson, Reid and Johnson",MarTech,6.0,Asia,28.0,20073.09,Closed -Won,Core,11.625020880853903,2.4338835600504556,2.0,2023-01
A02412,2023-01-31,0.0,28808.88,True,False,,,Green-Romero,HealthTech,29.0,Europe,3.0,15645.73,Closed -Won,Core,11.79220505182856,0.15410587192764313,2.0,2023-01
A02414,2023-01-31,0.0,13274.99,True,False,,,West PLC,E -Commerce,21.0,Europe,36.0,18710.82,Closed -Won,Core,8.854024320623656,0.43726999286080104,0.0,2023-01
A02415,2023-01-31,0.0,8522.36,True,False,,,"Smith, Morgan and Young",Logistics,8.0,LATAM,22.0,10427.26,Closed -Lost,Automation,9.682697566574104,2.828219399685626,1.0,2023-01
A02416,2023-01-31,0.0,6788.97,True,False,,,"Zhang, Cunningham and Kline",HealthTech,34.0,Europe,29.0,12383.61,Closed -Won,Analytics,11.11635733863844,2.400130777509036,0.0,2023-01
A02417,2023-01-31,0.0,27356.32,True,False,,,"Wade, Richard and Hall",Logistics,26.0,Asia,37.0,15292.67,Closed -Lost,Premium Support,13.283453791417546,2.4560386468987367,0.0,2023-01
A02419,2023-01-31,0.0,11711.33,True,False,,,"Armstrong, Taylor and Gray",FinTech,31.0,Europe,18.0,9315.13,Closed -Won,Analytics,14.557124112642912,1.6840583308381976,1.0,2023-01
A02421,2023-01-31,0.0,22605.47,True,False,,,Gibson-Thomas,EdTech,28.0,LATAM,16.0,20757.83,Closed -Won,Core,3.1603984329394432,23.286387808772474,4.0,2023-01
A02422,2023-01-31,0.0,17724.61,True,False,,,Poole-Miller,SMB SaaS,11.0,Europe,45.0,20454.62,Closed -Won,Premium Support,8.886670650822015,1.913765445331392,0.0,2023-01
A02423,2023-01-31,0.0,47011.66,True,False,,,Coleman and Sons,SMB SaaS,24.0,North America,7.0,12226.94,Closed -Won,API,14.484438290937145,3.306625832078896,2.0,2023-01
A02425,2023-01-31,0.0,27976.65,True,False,,,"Fox, Chapman and Stone",E -Commerce,8.0,Asia,21.0,13387.31,Closed -Won,Premium Support,10.908327788230554,1.5685333371365855,0.0,2023-01
A02426,2023-01-31,0.0,9670.11,True,False,,,Wiggins-Silva,MarTech,16.0,LATAM,34.0,15281.96,Closed -Won,Core,14.285757192342382,2.833719591519883,3.0,2023-01
A02427,2023-01-31,0.0,17463.1,True,False,,,"Henderson, Alexander and Galvan",EdTech,9.0,Asia,10.0,19408.2,Closed -Won,Premium Support,16.308783099220147,2.3191169126468107,2.0,2023-01
A02428,2023-01-31,0.0,29111.49,True,False,,,Dennis-Butler,Logistics,9.0,LATAM,23.0,20362.55,Closed -Won,Automation,14.289474447673497,2.331112422450442,1.0,2023-01
A02430,2023-01-31,0.0,4608.21,True,False,,,Dawson-Anderson,EdTech,21.0,North America,16.0,12922.82,Closed -Won,Premium Support,7.466937145713985,1.666922008538842,0.0,2023-01
A02432,2023-01-31,0.0,17872.07,True,False,,,Kennedy-Francis,MarTech,11.0,North America,31.0,14596.29,Closed -Won,Core,18.425168141692833,3.5348093245984886,1.0,2023-01
A02434,2023-01-31,0.0,14164.81,True,False,,,Rodriguez-Wood,HealthTech,25.0,Asia,19.0,16759.85,Closed -Won,API,15.621535133798863,1.7584428550493918,3.0,2023-01
A02436,2023-01-31,0.0,25251.96,True,False,,,Torres-Brooks,Logistics,11.0,LATAM,34.0,13862.93,Closed -Won,Core,8.25032636389469,1.2161966067466223,3.0,2023-01
A02438,2023-01-31,0.0,12628.01,True,False,,,Bowers Group,Logistics,9.0,Europe,40.0,7604.21,Closed -Won,Core,17.193110487258267,1.9556875645779153,1.0,2023-01
A02439,2023-01-31,0.0,57230.64,True,False,,,Zuniga LLC,SMB SaaS,6.0,Asia,50.0,18056.99,Closed -Won,Analytics,12.02389950147279,1.2834640211704618,3.0,2023-01
A02441,2023-01-31,0.0,33012.93,True,False,,,Smith-Kelley,EdTech,17.0,Asia,22.0,12028.89,Closed -Won,Automation,14.589046892186172,1.9669533070416354,0.0,2023-01
A02444,2023-01-31,0.0,55258.89,True,False,,,Harrington-Alvarez,SMB SaaS,34.0,Asia,13.0,10092.13,Closed -Won,Core,5.89569044036056,30.116884789929173,1.0,2023-01
A02446,2023-01-31,0.0,15729.23,True,False,,,"Murray, Cole and Cole",HealthTech,20.0,Europe,53.0,17117.3,Closed -Won,Analytics,4.215977556343219,27.3582204300657,6.0,2023-01
A02447,2023-01-31,0.0,8142.38,True,False,,,"Nguyen, Marsh and Beck",E -Commerce,19.0,North America,46.0,14289.26,Closed -Won,Core,12.206233783171427,1.0965977374549167,0.0,2023-01
A02448,2023-01-31,0.0,26723.62,True,False,,,Hughes-Mccullough,SMB SaaS,7.0,Asia,39.0,17478.19,Closed -Won,Core,18.507355754788687,1.409709058991389,1.0,2023-01
A02450,2023-01-31,0.0,16179.43,True,False,,,Fitzgerald-Brewer,E -Commerce,23.0,Europe,11.0,9040.66,Closed -Won,API,11.516240036953695,1.9028210639329581,1.0,2023-01
A02452,2023-01-31,0.0,14453.19,True,False,,,"Hogan, Zimmerman and Hoffman",MarTech,22.0,North America,53.0,19493.54,Negotiation,API,15.55075037229224,0.9714348515513502,2.0,2023-01
A02453,2023-01-31,0.0,10082.73,True,False,,,Schneider Inc,CyberSecurity,28.0,Asia,6.0,10269.7,Negotiation,Core,12.907210211682134,2.7731589272535317,1.0,2023-01
A02455,2023-01-31,0.0,3570.94,True,False,,,"Todd, Bernard and Boyd",EdTech,25.0,North America,49.0,17428.57,Closed -Won,API,1.947929178913772,10.912132370026804,5.0,2023-01
A02457,2023-01-31,0.0,34934.58,True,False,,,"Mayer, White and Smith",FinTech,27.0,North America,50.0,16111.38,Closed -Won,Core,7.301703984269096,3.0028569747749874,1.0,2023-01
A02458,2023-01-31,0.0,11138.62,True,False,,,Sanchez Ltd,EdTech,24.0,Asia,56.0,21837.22,Closed -Won,Core,14.717404586996112,3.569796340625739,0.0,2023-01
A02459,2023-01-31,0.0,1628.26,True,False,,,"Wallace, Roman and Lawson",CyberSecurity,8.0,Europe,29.0,12551.23,Closed -Lost,API,8.033300152114442,0.0,1.0,2023-01
A02460,2023-01-31,0.0,20071.39,True,False,,,Chapman-Henry,HealthTech,28.0,LATAM,4.0,20107.12,Closed -Won,Analytics,11.020883890565838,2.8154365012788336,0.0,2023-01
A02461,2023-01-31,0.0,36988.09,True,False,,,Morgan and Sons,SMB SaaS,28.0,North America,21.0,9760.21,Negotiation,Analytics,8.685252923154284,3.6378798864487796,0.0,2023-01
A02462,2023-01-31,0.0,47556.68,True,False,,,Johnson-Rice,FinTech,20.0,North America,13.0,16403.78,Closed -Won,Analytics,9.05466665671609,1.1375877341671885,1.0,2023-01
A02463,2023-01-31,0.0,19862.5,True,False,,,Scott-Wilson,E -Commerce,23.0,LATAM,28.0,16947.18,Closed -Won,Core,15.279065522357875,3.5796678268932105,1.0,2023-01
A02464,2023-01-31,0.0,8234.52,True,False,,,Weaver LLC,MarTech,24.0,North America,35.0,14694.75,Closed -Won,Automation,13.33307550481978,1.822005719119994,1.0,2023-01
A02465,2023-01-31,0.0,17884.16,True,False,,,White Inc,Logistics,9.0,LATAM,28.0,18880.84,Closed -Won,Automation,13.22479863359563,2.31463709057312,0.0,2023-01
A02466,2023-01-31,0.0,13039.45,True,False,,,Parker Group,SMB SaaS,13.0,Asia,12.0,15173.14,Closed -Won,Core,10.052294649127973,1.2807666854529112,0.0,2023-01
A02468,2023-01-31,0.0,31870.73,True,False,,,Reeves LLC,CyberSecurity,35.0,LATAM,41.0,12176.16,Closed -Won,Core,15.129365477630563,2.834452117615467,0.0,2023-01
A02470,2023-01-31,0.0,4774.97,True,False,,,Scott-David,E -Commerce,18.0,Asia,13.0,10907.11,Closed -Won,Analytics,2.112972644050715,33.803292430137446,6.0,2023-01
A02471,2023-01-31,0.0,32103.67,True,False,,,Williams and Sons,HealthTech,33.0,North America,53.0,12547.91,Closed -Won,Automation,16.895276036377744,1.9908499557827648,0.0,2023-01
A02472,2023-01-31,0.0,44602.5,True,False,,,"Willis, Vasquez and Goodwin",MarTech,10.0,North America,6.0,9875.2,Negotiation,Core,13.243340425225368,5.108378615181897,3.0,2023-01
A02473,2023-01-31,0.0,7796.28,True,False,,,Avery-Adams,HealthTech,13.0,Asia,25.0,22470.83,Negotiation,Core,6.244398998012086,15.764284010288458,4.0,2023-01
A02474,2023-01-31,0.0,20154.6,True,False,,,Marshall-Russell,MarTech,7.0,Asia,13.0,13767.87,Closed -Won,Premium Support,11.730065302801352,2.540516035045657,2.0,2023-01
A02476,2023-01-31,0.0,3266.34,True,False,,,Adams PLC,HealthTech,25.0,LATAM,25.0,10409.04,Closed -Lost,Automation,11.670538843987657,0.469967270772365,0.0,2023-01
A02477,2023-01-31,0.0,17870.01,True,False,,,"Garcia, Hines and Pearson",HealthTech,16.0,LATAM,31.0,23177.57,Closed -Won,Core,10.83612736599874,0.5549721429233394,2.0,2023-01
A02478,2023-01-31,0.0,25805.84,True,False,,,Torres Group,Logistics,35.0,LATAM,11.0,13980.89,Closed -Won,Analytics,14.209256852670459,1.0663345130754545,2.0,2023-01
A02479,2023-01-31,0.0,17956.72,True,False,,,Miller-Fields,MarTech,32.0,Asia,5.0,12643.36,Closed -Won,Analytics,21.290909308199844,3.377302655890228,2.0,2023-01
A02480,2023-01-31,0.0,35777.88,True,False,,,Patton and Sons,HealthTech,32.0,Europe,8.0,13011.76,Closed -Won,Core,12.535435813890874,2.4870889133375234,1.0,2023-01
A02481,2023-01-31,0.0,17068.76,True,False,,,Fernandez-Jackson,CyberSecurity,27.0,Asia,39.0,14156.03,Closed -Won,Core,13.991582442524676,1.3866268166315419,2.0,2023-01
A02482,2023-01-31,0.0,3327.63,True,False,,,Medina Group,CyberSecurity,27.0,North America,51.0,13784.76,Negotiation,Automation,2.0847532906074875,19.491379203744465,5.0,2023-01
A02483,2023-01-31,0.0,8826.47,True,False,,,"Hayes, Smith and Marshall",Logistics,21.0,North America,11.0,9616.19,Closed -Won,Core,17.73020316512454,1.742253597072114,0.0,2023-01
A02486,2023-01-31,0.0,9306.97,True,False,,,"James, Bell and Chen",E -Commerce,27.0,Asia,22.0,18237.76,Closed -Won,Analytics,18.079387433914235,2.3496863861162427,0.0,2023-01
A02487,2023-01-31,0.0,17484.61,True,False,,,"Pittman, Campbell and Martin",EdTech,10.0,Europe,15.0,9678.47,Negotiation,Automation,12.717975935915579,2.3000857759467,0.0,2023-01
A02488,2023-01-31,0.0,29932.52,True,False,,,"Hart, Turner and Foster",Logistics,16.0,Europe,4.0,15692.95,Closed -Won,Core,5.959119291276528,21.23439894343479,3.0,2023-01
A02489,2023-01-31,0.0,38368.58,True,False,,,Rivas Ltd,EdTech,13.0,North America,31.0,10902.55,Closed -Won,Automation,19.12963559565995,3.588006029210349,0.0,2023-01
A02490,2023-01-31,0.0,12527.69,True,False,,,"Lutz, Johns and Clark",EdTech,24.0,Asia,22.0,12088.83,Closed -Won,Core,15.898184308833676,1.7044287934768716,0.0,2023-01
A02491,2023-01-31,0.0,15022.67,True,False,,,"Bernard, Flores and Fleming",Logistics,29.0,Europe,21.0,16924.18,Closed -Won,Core,7.342334535967517,1.007249875443764,1.0,2023-01
A02493,2023-01-31,0.0,15921.35,True,False,,,"Chavez, Sanchez and Bird",EdTech,24.0,Europe,55.0,22290.15,On -Hold,Analytics,2.618683677661608,25.478200232648657,6.0,2023-01
A02494,2023-01-31,0.0,5465.59,True,False,,,Clark-Haley,CyberSecurity,12.0,North America,37.0,16492.36,Closed -Won,Premium Support,16.69451547396997,2.4084283126590544,1.0,2023-01
A02495,2023-01-31,0.0,20989.58,True,False,,,Smith-Holt,SMB SaaS,8.0,Asia,25.0,14978.19,Closed -Won,API,15.224571408260521,0.81532019980846,2.0,2023-01
A02497,2023-01-31,0.0,19572.06,True,False,,,Chambers Group,FinTech,23.0,Europe,48.0,7842.52,Closed -Won,Premium Support,14.806490511486432,4.172428364524555,1.0,2023-01
A02498,2023-01-31,0.0,12917.08,True,False,,,"Woodard, Warner and Farmer",CyberSecurity,12.0,Europe,53.0,17481.34,Closed -Won,API,14.631883181754823,0.7371662702155368,2.0,2023-01
A02499,2023-01-31,30549.07,30549.07,False,True,,,"Miller, Mcdowell and Curtis",HealthTech,17.0,North America,2.0,13986.42,Closed -Won,Analytics,15.09038745939436,2.3542088059895288,0.0,2023-01
A02500,2023-01-31,0.0,25371.86,True,False,,,"Johnson, Collier and Powers",Logistics,34.0,North America,55.0,15036.21,Closed -Lost,Premium Support,15.726586555739926,1.2146903046499875,1.0,2023-01
A02502,2023-01-31,0.0,24278.18,True,False,,,"Howard, Thompson and Tate",SMB SaaS,35.0,Europe,6.0,12128.42,Closed -Won,API,15.241666968842896,3.2396324781502503,1.0,2023-01
A02503,2023-01-31,0.0,5882.8,True,False,,,"Terrell, Martinez and Wood",HealthTech,31.0,North America,45.0,17706.62,Closed -Won,Core,14.068695381423394,2.28210734302997,0.0,2023-01
A02506,2023-01-31,0.0,3485.8,True,False,,,Lee-Velasquez,Logistics,27.0,LATAM,7.0,7503.95,Negotiation,API,16.745212262504268,2.7462745056817885,2.0,2023-01
A02507,2023-01-31,0.0,40690.2,True,False,,,"Turner, Robbins and Young",MarTech,19.0,LATAM,28.0,14060.15,Closed -Won,Automation,14.618618380424271,0.6375078022825091,2.0,2023-01
A02508,2023-01-31,0.0,2570.36,True,False,,,Coffey-Johnson,CyberSecurity,18.0,Asia,37.0,12128.96,Closed -Won,Automation,15.297591649306757,0.6688861552579319,0.0,2023-01
A02510,2023-01-31,0.0,12874.13,True,False,,,Smith Ltd,MarTech,10.0,LATAM,8.0,17024.28,Closed -Won,Core,4.948068137779473,20.553434262450605,2.0,2023-01
A02511,2023-01-31,0.0,21566.62,True,False,,,Rodriguez-Ramirez,SMB SaaS,6.0,Asia,12.0,22582.46,Negotiation,Core,20.49551249451914,2.3800314071942936,1.0,2023-01
A02513,2023-01-31,0.0,9362.97,True,False,,,"Chambers, Morrison and Thompson",HealthTech,29.0,LATAM,57.0,15419.19,Negotiation,Core,17.464717484728098,2.920146546131085,1.0,2023-01
A02514,2023-01-31,0.0,8176.6,True,False,,,"Anderson, Brown and Green",MarTech,13.0,Asia,45.0,15590.28,Closed -Won,Analytics,13.622429171898279,1.1381852870235734,0.0,2023-01
A02516,2023-01-31,0.0,30865.07,True,False,,,Lee-Gregory,E -Commerce,15.0,North America,49.0,11359.47,Negotiation,Core,7.437428929034796,16.75375622881609,2.0,2023-01
A02517,2023-01-31,0.0,17796.35,True,False,,,"Byrd, Mendez and Becker",E -Commerce,23.0,LATAM,41.0,16740.85,Closed -Lost,API,12.359672498738256,2.6006490856285325,1.0,2023-01
A02518,2023-01-31,0.0,21021.05,True,False,,,Smith-Simmons,FinTech,12.0,Asia,32.0,20482.42,Closed -Won,Core,15.732731955252978,3.1819980519255386,1.0,2023-01
A02520,2023-01-31,0.0,4784.45,True,False,,,Richard-Russell,HealthTech,9.0,LATAM,59.0,14032.64,On -Hold,Analytics,10.933919409056093,1.3389224681805714,1.0,2023-01
A02521,2023-01-31,0.0,5173.43,True,False,,,Frazier Group,EdTech,15.0,LATAM,27.0,17626.86,Closed -Won,Core,18.413023740469146,0.3116062438484166,1.0,2023-01
A02522,2023-01-31,38309.69,38309.69,False,True,,,Ward-Blake,Logistics,12.0,Europe,3.0,20995.51,Closed -Won,API,17.270402013427173,0.0,0.0,2023-01
A02523,2023-01-31,0.0,12914.81,True,False,,,"Walker, Ramirez and Fisher",CyberSecurity,30.0,North America,13.0,12030.96,Closed -Won,Analytics,18.758166596289204,1.824025841930522,0.0,2023-01
A02524,2023-01-31,0.0,28154.4,True,False,,,Stewart-Myers,MarTech,33.0,North America,24.0,15978.14,Closed -Won,Analytics,14.71089399220435,1.8924771191303864,0.0,2023-01
A02525,2023-01-31,0.0,10721.61,True,False,,,Miller-Armstrong,SMB SaaS,17.0,Asia,4.0,14874.74,Closed -Won,Analytics,13.892800795157928,0.9139168760561733,2.0,2023-01
A02526,2023-01-31,0.0,7356.67,True,False,,,Mooney and Sons,MarTech,8.0,Asia,20.0,13903.73,Closed -Won,Core,16.110681447855864,1.1289003001315583,2.0,2023-01
A02527,2023-01-31,0.0,10540.14,True,False,,,"Coleman, Jones and Wright",E -Commerce,8.0,Europe,28.0,7563.96,Closed -Won,Automation,12.267574937237294,3.523453857295929,2.0,2023-01
A02528,2023-01-31,0.0,23725.4,True,False,,,Murphy Inc,HealthTech,15.0,Asia,56.0,12023.25,On -Hold,Premium Support,5.394527642659288,21.048681833912354,6.0,2023-01
A02529,2023-01-31,0.0,8059.65,True,False,,,"Garrett, Johnson and Reynolds",HealthTech,19.0,Asia,6.0,10089.83,Closed -Won,Core,0.0,16.807914011289096,5.0,2023-01
A02530,2023-01-31,0.0,17028.57,True,False,,,Watkins Ltd,MarTech,21.0,LATAM,35.0,14462.16,Closed -Won,Core,9.616897048430237,1.557651948881095,1.0,2023-01
A02531,2023-01-31,0.0,21200.73,True,False,,,Pittman-Wright,E -Commerce,15.0,LATAM,55.0,13187.84,Closed -Won,Automation,14.382366514517217,2.4060026916564032,2.0,2023-01
A02533,2023-01-31,0.0,16750.29,True,False,,,Underwood PLC,MarTech,14.0,LATAM,55.0,13934.63,Closed -Won,Core,13.272343507945088,1.1913046845945674,0.0,2023-01
A02534,2023-01-31,0.0,17055.91,True,False,,,Harding PLC,SMB SaaS,21.0,Asia,11.0,22462.57,Closed -Won,API,15.091354836949863,1.6617542162174683,2.0,2023-01
A02535,2023-01-31,0.0,7908.49,True,False,,,"Gonzales, Davis and Griffin",E -Commerce,26.0,Asia,48.0,12348.25,Closed -Won,Premium Support,17.817599401959875,3.0906608853324737,0.0,2023-01
A02537,2023-01-31,0.0,7487.91,True,False,,,Bennett Ltd,CyberSecurity,20.0,LATAM,20.0,14095.48,Closed -Won,API,12.99032535461193,1.2645531822077298,2.0,2023-01
A02538,2023-01-31,0.0,11554.6,True,False,,,Patton Inc,E -Commerce,25.0,LATAM,30.0,12086.55,Closed -Won,Automation,11.704751910920567,2.460551094634311,3.0,2023-01
A02539,2023-01-31,0.0,25124.78,True,False,,,Brown-Bishop,MarTech,26.0,Asia,32.0,8689.45,Closed -Won,Core,11.509458236603026,1.9935882471222495,2.0,2023-01
A02540,2023-01-31,0.0,24930.32,True,False,,,Jones-Byrd,MarTech,22.0,Europe,30.0,22237.13,Closed -Won,Premium Support,3.163854510260618,14.468509784197666,3.0,2023-01
A02541,2023-01-31,0.0,17234.84,True,False,,,"Williams, Horn and Morales",EdTech,21.0,Asia,18.0,7676.34,Closed -Won,Premium Support,13.410649151554416,1.7029254867499568,0.0,2023-01
A02543,2023-01-31,0.0,20280.0,True,False,,,"Hanson, Chavez and Marshall",E -Commerce,17.0,Europe,57.0,17995.55,Closed -Won,Analytics,14.961337294354514,3.1630552371530958,1.0,2023-01
A02547,2023-01-31,0.0,6040.22,True,False,,,"Lee, Garcia and Larson",MarTech,9.0,LATAM,47.0,11793.78,Closed -Won,Core,4.718504228152129,17.800392225177212,1.0,2023-01
A02548,2023-01-31,0.0,5408.7,True,False,,,Watkins and Sons,MarTech,16.0,LATAM,35.0,15166.17,Closed -Won,Core,3.4661405874534905,26.794342227646005,4.0,2023-01
A02549,2023-01-31,0.0,34921.8,True,False,,,"Martinez, Hicks and Kelly",EdTech,10.0,Asia,28.0,14798.04,Closed -Won,Core,14.980815237788828,0.8855885981074847,2.0,2023-01
A02550,2023-01-31,0.0,23597.94,True,False,,,Hardy-Wallace,E -Commerce,12.0,Europe,8.0,11779.25,On -Hold,API,13.530634091224261,1.8519553312473498,0.0,2023-01
A02552,2023-01-31,0.0,14023.81,True,False,,,Anderson PLC,E -Commerce,21.0,Europe,19.0,14372.23,Closed -Won,Core,4.4743151167144255,20.22067448346364,4.0,2023-01
A02553,2023-01-31,0.0,10890.64,True,False,,,Palmer-Pearson,FinTech,34.0,Asia,13.0,13131.98,Negotiation,API,15.63523596344422,2.385981694087448,2.0,2023-01
A02554,2023-01-31,0.0,13831.76,True,False,,,Collins-Mcclure,MarTech,6.0,Europe,12.0,17302.65,Closed -Won,Analytics,14.561946569393502,1.300054664916049,0.0,2023-01
A02555,2023-01-31,0.0,23913.32,True,False,,,Hernandez LLC,Logistics,32.0,Asia,58.0,14398.64,Closed -Won,Analytics,0.0,21.769624850930498,4.0,2023-01
A02556,2023-01-31,0.0,1223.68,True,False,,,"Cooper, Wood and Smith",Logistics,15.0,LATAM,7.0,16805.26,Closed -Won,API,1.650304739676837,13.39492855365266,3.0,2023-01
A02557,2023-01-31,0.0,19570.21,True,False,,,"Sandoval, Thomas and Young",CyberSecurity,27.0,Asia,48.0,13448.84,Closed -Won,Core,2.0346109647787243,24.851997600949034,3.0,2023-01
A02559,2023-01-31,76992.55,76992.55,False,True,,,Davidson and Sons,FinTech,35.0,Asia,2.0,18535.53,Negotiation,Core,16.333839828935737,2.9182723666383263,0.0,2023-01
A02560,2023-01-31,0.0,27679.68,True,False,,,Peterson Ltd,EdTech,9.0,Europe,35.0,7080.67,Closed -Won,Premium Support,4.633100256390437,17.284333505776637,4.0,2023-01
A02561,2023-01-31,0.0,4143.58,True,False,,,Neal-Holden,CyberSecurity,35.0,LATAM,35.0,16512.57,Closed -Won,Premium Support,12.957007366531972,4.13486408302504,0.0,2023-01
A02562,2023-01-31,0.0,4289.93,True,False,,,"Schwartz, Christian and Knight",Logistics,7.0,Europe,22.0,12221.51,Closed -Won,API,17.068964573232005,3.9718379250836606,1.0,2023-01
A02563,2023-01-31,0.0,8584.2,True,False,,,Jensen-Barnes,E -Commerce,32.0,North America,40.0,13244.84,On -Hold,Analytics,0.0,26.759733167706113,3.0,2023-01
A02564,2023-01-31,0.0,13804.14,True,False,,,Garcia Inc,Logistics,25.0,LATAM,25.0,16251.99,Closed -Won,API,14.490928542134261,4.339052995582627,1.0,2023-01
A02565,2023-01-31,0.0,8103.84,True,False,,,Robinson-Smith,EdTech,20.0,Europe,26.0,15489.8,Closed -Won,Analytics,13.585667939710573,2.937574529387576,0.0,2023-01
A02566,2023-01-31,0.0,9056.31,True,False,,,Steele Group,HealthTech,17.0,Europe,26.0,14065.52,Closed -Won,Core,19.050667136719394,1.3546861970569237,0.0,2023-01
A02567,2023-01-31,0.0,1605.72,True,False,,,"Lewis, Castillo and Tate",FinTech,8.0,North America,48.0,17645.03,Closed -Won,Core,11.860199812713025,0.0,0.0,2023-01
A02568,2023-01-31,0.0,57254.41,True,False,,,Aguirre-Bennett,E -Commerce,30.0,LATAM,38.0,15717.05,Closed -Won,Core,5.562505666856764,25.549243947881905,7.0,2023-01
A02570,2023-01-31,0.0,42070.48,True,False,,,Smith-Howard,EdTech,34.0,North America,55.0,19394.76,Negotiation,API,16.18019323197352,2.4313615857436988,1.0,2023-01
A02572,2023-01-31,0.0,52546.37,True,False,,,"Durham, Ward and Hester",CyberSecurity,34.0,North America,56.0,15053.24,Closed -Won,Automation,0.9605638057667139,24.340378141490255,1.0,2023-01
A02573,2023-01-31,0.0,21045.65,True,False,,,Gonzalez and Sons,EdTech,32.0,North America,44.0,12766.38,Closed -Won,API,0.8968740109231228,27.221086010534314,2.0,2023-01
A02574,2023-01-31,0.0,14668.33,True,False,,,Mcclure Ltd,HealthTech,18.0,Europe,24.0,11914.39,Closed -Won,API,14.188165748187163,2.7066372859450394,1.0,2023-01
A02575,2023-01-31,0.0,37617.63,True,False,,,Morgan PLC,CyberSecurity,27.0,Europe,46.0,21691.6,Closed -Won,Automation,10.247721246022563,1.645624632625789,2.0,2023-01
A02576,2023-01-31,0.0,4355.42,True,False,,,White Inc,CyberSecurity,13.0,Asia,20.0,14262.91,Closed -Won,Core,7.270264201693217,1.6395821426573927,1.0,2023-01
A02578,2023-01-31,0.0,11949.96,True,False,,,Decker and Sons,EdTech,24.0,Europe,27.0,16688.94,Closed -Won,Analytics,7.6593268813888695,2.091200481778275,2.0,2023-01
A02579,2023-01-31,0.0,27821.43,True,False,,,Pena-Dyer,MarTech,19.0,LATAM,58.0,3950.4,Closed -Won,Core,16.562413351932136,0.8880680585124705,1.0,2023-01
A02580,2023-01-31,0.0,2511.89,True,False,,,Boyle-Torres,E -Commerce,24.0,North America,34.0,11336.43,Closed -Won,API,18.67558324860544,2.9185261996981122,1.0,2023-01
A02582,2023-01-31,0.0,1637.67,True,False,,,"Jackson, Rose and Lloyd",SMB SaaS,24.0,LATAM,28.0,3812.57,Closed -Won,Automation,17.89847884016147,1.7042959095042431,1.0,2023-01
A02583,2023-01-31,0.0,10562.26,True,False,,,"Keith, Johns and Jones",MarTech,20.0,Asia,18.0,9014.39,Closed -Won,Core,13.927230741370343,4.163983565744372,1.0,2023-01
A02584,2023-01-31,0.0,33304.74,True,False,,,Andrade and Sons,MarTech,15.0,Asia,39.0,13201.83,Closed -Won,Core,18.79772347723361,1.6934257772994121,1.0,2023-01
A02585,2023-01-31,0.0,10576.56,True,False,,,Lee Group,FinTech,35.0,North America,21.0,11031.34,Closed -Won,Premium Support,12.631346443660368,1.559425183866924,0.0,2023-01
A02589,2023-01-31,0.0,30470.19,True,False,,,Wright-Soto,MarTech,12.0,Europe,58.0,16428.61,Closed -Won,Automation,15.604904917821255,2.993940043455595,5.0,2023-01
A02592,2023-01-31,0.0,20580.47,True,False,,,Gibbs-Mendez,HealthTech,9.0,Europe,23.0,18890.25,Closed -Won,Premium Support,16.91337451535766,1.7405883015242234,0.0,2023-01
A02593,2023-01-31,0.0,32276.06,True,False,,,Romero Ltd,Logistics,30.0,Asia,32.0,15572.03,Closed -Won,API,13.743150683256587,0.727133773994667,4.0,2023-01
A02594,2023-01-31,0.0,15016.21,True,False,,,"Brooks, Stone and White",Logistics,33.0,LATAM,6.0,19284.46,Closed -Won,API,21.879170256027137,3.1241067839595402,1.0,2023-01
A02595,2023-01-31,0.0,3432.41,True,False,,,"Brooks, Neal and Baldwin",E -Commerce,23.0,North America,19.0,16152.98,Closed -Won,Premium Support,3.4140402565596357,26.685748396897033,6.0,2023-01
A02596,2023-01-31,0.0,34522.24,True,False,,,Wells-Perkins,FinTech,6.0,Europe,10.0,13953.72,Closed -Won,Automation,0.8189063843073034,28.78087192476307,2.0,2023-01
A02597,2023-01-31,0.0,20878.06,True,False,,,"Morse, Silva and Johnson",SMB SaaS,31.0,Asia,30.0,14052.51,Negotiation,Core,16.285811709445397,0.7968888028599872,2.0,2023-01
A02598,2023-01-31,0.0,11379.59,True,False,,,Jacobson Group,MarTech,24.0,North America,43.0,16409.09,Negotiation,Analytics,11.900517725905827,3.4942942105249304,2.0,2023-01
A02600,2023-01-31,0.0,10580.61,True,False,,,Oneal-Duncan,Logistics,34.0,Europe,23.0,15500.51,Closed -Won,Core,1.4950807916940392,24.51287589676358,2.0,2023-01
A02601,2023-01-31,0.0,18187.87,True,False,,,Scott-Miller,Logistics,18.0,Asia,51.0,15835.98,Closed -Won,Core,5.212853611937035,22.896073106582314,3.0,2023-01
A02602,2023-01-31,0.0,19831.79,True,False,,,Phillips PLC,CyberSecurity,16.0,LATAM,13.0,17260.49,Closed -Won,Automation,15.014215180181818,2.506808018916648,1.0,2023-01
A02603,2023-01-31,0.0,25290.03,True,False,,,Hall-Williams,CyberSecurity,29.0,North America,47.0,7899.88,Closed -Lost,Automation,2.7795084260470095,23.978075674120728,1.0,2023-01
A02606,2023-01-31,0.0,14772.63,True,False,,,Reyes-White,MarTech,26.0,North America,45.0,11175.1,Closed -Won,Automation,13.80826993207654,3.4428916925146216,1.0,2023-01
A02607,2023-01-31,0.0,9055.08,True,False,,,Baker Inc,CyberSecurity,31.0,LATAM,32.0,13943.49,Closed -Won,Core,0.2222280582749283,34.31240392844421,6.0,2023-01
A02608,2023-01-31,0.0,6938.56,True,False,,,Valenzuela-Phillips,Logistics,15.0,Europe,16.0,14946.52,Closed -Won,Core,12.772346878627252,1.9529613407442004,0.0,2023-01
A02609,2023-01-31,0.0,26775.57,True,False,,,"Hunt, Schneider and Hartman",E -Commerce,8.0,Asia,32.0,24650.76,Closed -Won,Premium Support,12.224292488349578,2.595130162898811,0.0,2023-01
A02611,2023-01-31,0.0,5742.5,True,False,,,Johnson-Gonzalez,FinTech,25.0,Asia,58.0,6542.91,Closed -Won,Analytics,12.607390465045107,3.0167343072391724,1.0,2023-01
A02612,2023-01-31,0.0,19943.86,True,False,,,Leonard LLC,MarTech,30.0,North America,55.0,15815.65,Closed -Won,API,2.4588537497022656,25.699711013823197,3.0,2023-01
A02613,2023-01-31,0.0,19206.65,True,False,,,Mcgee-Mack,E -Commerce,14.0,Europe,11.0,19069.97,Closed -Lost,Analytics,16.73561218653077,0.14278149237210003,1.0,2023-01
A02614,2023-01-31,0.0,55917.84,True,False,,,Lee-Munoz,SMB SaaS,28.0,LATAM,36.0,17129.53,Closed -Won,Core,11.094593228084896,2.8103860393713234,1.0,2023-01
A02616,2023-01-31,0.0,3710.9,True,False,,,"Daniels, Green and Carrillo",HealthTech,30.0,LATAM,40.0,12052.81,Closed -Won,Analytics,12.701430165691061,2.0350057561523385,2.0,2023-01
A02617,2023-01-31,0.0,2038.95,True,False,,,Short-Logan,EdTech,30.0,LATAM,59.0,13318.27,Closed -Won,API,14.088366102392854,1.884233812629425,1.0,2023-01
A02618,2023-01-31,0.0,7244.87,True,False,,,Bautista-Underwood,HealthTech,35.0,Europe,4.0,11603.66,Negotiation,Analytics,16.69225158479396,0.5822315169343868,0.0,2023-01
A02619,2023-01-31,0.0,13850.04,True,False,,,"Smith, Valdez and Hays",E -Commerce,25.0,North America,39.0,12060.04,Closed -Won,Analytics,8.090034368307155,2.3725030898738333,0.0,2023-01
A02620,2023-01-31,0.0,11318.37,True,False,,,Grimes and Sons,CyberSecurity,17.0,Asia,56.0,14166.42,Closed -Won,Core,13.288922459177092,4.1543177402072775,2.0,2023-01
A02621,2023-01-31,0.0,38465.18,True,False,,,Cummings and Sons,Logistics,19.0,Asia,50.0,18680.34,Closed -Won,Analytics,12.279998447098498,1.6873944688200804,0.0,2023-01
A02622,2023-01-31,0.0,11659.11,True,False,,,Hall-Matthews,SMB SaaS,28.0,Asia,24.0,26523.4,Closed -Won,API,4.725873211970263,26.60332058918138,4.0,2023-01
A02623,2023-01-31,0.0,2341.14,True,False,,,"Todd, Sharp and Murray",FinTech,13.0,Europe,7.0,15586.27,Closed -Won,Automation,4.392431103660488,15.608701195214659,5.0,2023-01
A02624,2023-01-31,0.0,50092.82,True,False,,,Edwards and Sons,HealthTech,24.0,Europe,55.0,17161.95,Closed -Won,Automation,13.768221904002946,2.8626132190088738,1.0,2023-01
A02626,2023-01-31,0.0,25829.76,True,False,,,Gonzales PLC,HealthTech,25.0,North America,35.0,13241.27,Closed -Won,Analytics,17.195394117906336,2.2370147961227485,1.0,2023-01
A02627,2023-01-31,0.0,4812.49,True,False,,,Brooks PLC,Logistics,18.0,North America,58.0,21126.83,Negotiation,Core,14.904457791002114,2.480780183109315,1.0,2023-01
A02629,2023-01-31,0.0,33784.97,True,False,,,Porter Ltd,FinTech,8.0,Asia,37.0,14580.33,Closed -Won,Automation,14.443611774380418,3.2140503406380856,2.0,2023-01
A02630,2023-01-31,0.0,29596.86,True,False,,,Morgan-Barnes,Logistics,28.0,North America,3.0,26603.59,Closed -Won,Automation,6.05079533774918,28.50482260633128,6.0,2023-01
A02632,2023-01-31,0.0,13896.35,True,False,,,Nguyen-Johnson,HealthTech,32.0,LATAM,41.0,18086.47,Negotiation,API,12.456654485102884,1.9299732773863985,1.0,2023-01
A02633,2023-01-31,0.0,29688.18,True,False,,,Weeks and Sons,EdTech,33.0,Europe,54.0,14745.41,Negotiation,Core,3.329136890769958,15.218990745507892,7.0,2023-01
A02634,2023-01-31,0.0,16010.4,True,False,,,Carroll-Lloyd,E -Commerce,16.0,Asia,34.0,16088.0,Closed -Won,Core,9.698187877895139,0.0,2.0,2023-01
A02635,2023-01-31,0.0,11135.87,True,False,,,"Berry, Myers and James",E -Commerce,7.0,North America,5.0,23551.66,Closed -Lost,Core,2.5700291000634437,24.7945790965413,4.0,2023-01
A02636,2023-01-31,0.0,5544.26,True,False,,,Brown-Hughes,SMB SaaS,25.0,Asia,2.0,23929.37,Closed -Won,Core,2.299169287693758,27.88280258201947,1.0,2023-01
A02637,2023-01-31,0.0,13883.57,True,False,,,Rodriguez-Hudson,MarTech,8.0,LATAM,20.0,12850.42,Closed -Won,Analytics,12.333135621169284,1.4747153171885607,0.0,2023-01
A02638,2023-01-31,0.0,36499.42,True,False,,,Fowler-Torres,FinTech,14.0,Europe,44.0,8504.49,Closed -Won,Core,15.053431931137428,1.0030567449236594,3.0,2023-01
A02639,2023-01-31,0.0,33338.82,True,False,,,Garcia PLC,MarTech,27.0,Asia,9.0,15197.62,Closed -Won,API,12.294475866475075,2.0414646247848287,0.0,2023-01
A02640,2023-01-31,0.0,18845.92,True,False,,,Johnson Ltd,E -Commerce,23.0,Europe,51.0,18054.77,Closed -Won,Core,5.691224572828516,28.15858163527287,4.0,2023-01
A02643,2023-01-31,0.0,17749.9,True,False,,,"Warren, Gibson and Wood",SMB SaaS,10.0,North America,12.0,13605.29,Closed -Lost,Core,10.678497206760357,2.057714415879476,1.0,2023-01
A02644,2023-01-31,0.0,17731.83,True,False,,,Jackson Group,Logistics,29.0,LATAM,28.0,19448.06,Negotiation,Analytics,14.731147591123435,1.1284863303651198,0.0,2023-01
A02645,2023-01-31,0.0,3611.0,True,False,,,Moore-Rodriguez,EdTech,23.0,Asia,27.0,11308.17,Closed -Won,Core,8.284986025538545,0.8754626776501657,0.0,2023-01
A02646,2023-01-31,0.0,5992.19,True,False,,,"Barnes, Paul and Price",EdTech,18.0,North America,1.0,14050.17,Closed -Won,Core,0.0,24.667672503734693,1.0,2023-01
A02647,2023-01-31,0.0,22752.44,True,False,,,Anderson and Sons,CyberSecurity,19.0,Asia,34.0,15021.97,Closed -Lost,Automation,3.751361845045664,14.620604183235528,6.0,2023-01
A02648,2023-01-31,0.0,16466.3,True,False,,,Reynolds-Mckinney,MarTech,21.0,Asia,47.0,14713.35,Negotiation,Core,17.40473129713158,1.1763112908568663,1.0,2023-01
A02650,2023-01-31,0.0,11002.64,True,False,,,Matthews-Shaw,HealthTech,16.0,Asia,20.0,17142.08,Closed -Won,Core,11.551698575703352,2.0945569100143127,0.0,2023-01
A02651,2023-01-31,0.0,36260.85,True,False,,,"Stevens, Harris and Ritter",EdTech,12.0,Asia,52.0,12838.62,Closed -Won,Automation,14.10826184568335,3.993232969504677,0.0,2023-01
A02654,2023-01-31,0.0,5593.8,True,False,,,Stevens-Johnston,Logistics,13.0,LATAM,23.0,9225.4,Closed -Won,Core,19.958664701789715,2.736369528764686,2.0,2023-01
A02655,2023-01-31,0.0,20245.02,True,False,,,"Davis, Lucas and Ellison",EdTech,21.0,North America,51.0,7485.99,Closed -Won,Premium Support,13.20390988065388,2.77002199089597,1.0,2023-01
A02656,2023-01-31,0.0,64294.8,True,False,,,Graves-Dawson,HealthTech,33.0,LATAM,34.0,10034.94,Closed -Won,Core,14.34075494725424,1.6029889877041854,1.0,2023-01
A02658,2023-01-31,0.0,26735.3,True,False,,,Perry and Sons,MarTech,15.0,Asia,16.0,19547.75,Closed -Won,Core,15.319914686453538,2.5360351912265706,1.0,2023-01
A02659,2023-01-31,0.0,14981.65,True,False,,,"Quinn, Ellis and Bartlett",E -Commerce,7.0,Asia,40.0,14539.73,Closed -Won,Core,5.336977861656937,31.127498415245142,3.0,2023-01
A02660,2023-01-31,0.0,14729.75,True,False,,,Hale Inc,SMB SaaS,35.0,Europe,10.0,12744.08,Closed -Won,Core,18.990991090863716,0.4834499082624464,0.0,2023-01
A02661,2023-01-31,0.0,31350.93,True,False,,,Hale-Williams,SMB SaaS,27.0,Europe,26.0,12061.85,Closed -Won,Core,11.71320297420836,2.2545209989906128,0.0,2023-01
A02662,2023-01-31,0.0,7738.77,True,False,,,Hill Ltd,FinTech,13.0,North America,46.0,8067.97,Negotiation,Analytics,17.302385528903635,1.3630071019787937,0.0,2023-01
A02663,2023-01-31,0.0,10970.07,True,False,,,"Carter, Hendricks and Wolfe",CyberSecurity,18.0,North America,9.0,21397.53,Closed -Won,Analytics,15.649042458653053,0.48439795813751907,1.0,2023-01
A02664,2023-01-31,0.0,12663.87,True,False,,,"Barrera, Kerr and Jenkins",EdTech,27.0,LATAM,30.0,14189.95,Closed -Won,Analytics,16.923609828380233,1.6478836566116981,0.0,2023-01
A02665,2023-01-31,0.0,7231.68,True,False,,,"Martinez, Wood and Campos",HealthTech,34.0,Asia,13.0,15890.17,Closed -Lost,API,13.724362181921608,3.2829187342068633,0.0,2023-01
A02667,2023-01-31,0.0,8053.19,True,False,,,Clark-Williams,FinTech,14.0,LATAM,15.0,20547.3,Negotiation,API,2.5198718692031896,23.060213796406703,5.0,2023-01
A02668,2023-01-31,0.0,15350.63,True,False,,,Jones Ltd,EdTech,26.0,LATAM,57.0,14096.53,Closed -Won,Automation,16.864077518168862,2.2692328900921233,0.0,2023-01
A02669,2023-01-31,0.0,27300.32,True,False,,,"Brady, James and Reese",E -Commerce,26.0,North America,5.0,11351.39,Closed -Won,Core,18.69716169158566,2.5957972033550996,0.0,2023-01
A02670,2023-01-31,0.0,6971.81,True,False,,,Sanders Inc,EdTech,25.0,North America,57.0,14913.58,Negotiation,Automation,14.595642666351468,2.0986445814780015,0.0,2023-01
A02671,2023-01-31,0.0,16784.44,True,False,,,Wilson-Stark,E -Commerce,7.0,Europe,47.0,14473.25,Closed -Lost,Core,7.442053592950239,21.835193319076403,5.0,2023-01
A02672,2023-01-31,0.0,14341.12,True,False,,,Santiago-Marshall,MarTech,27.0,LATAM,51.0,12768.82,Closed -Won,Analytics,6.620439260017388,1.0944981011475654,2.0,2023-01
A02674,2023-01-31,0.0,6576.79,True,False,,,Reeves Group,HealthTech,33.0,Asia,12.0,16556.34,Closed -Won,API,12.81724518444982,3.4013590766363295,1.0,2023-01
A02675,2023-01-31,0.0,31642.27,True,False,,,Ruiz LLC,FinTech,32.0,Europe,55.0,20301.18,Negotiation,Analytics,2.996702635202508,32.651467162494825,7.0,2023-01
A02676,2023-01-31,0.0,31637.05,True,False,,,Jackson Inc,E -Commerce,22.0,North America,36.0,22007.0,Closed -Won,Core,16.442391696299737,0.9201224366731746,1.0,2023-01
A02677,2023-01-31,0.0,13652.5,True,False,,,"Garcia, Phillips and Nichols",EdTech,25.0,North America,57.0,11974.36,Negotiation,Analytics,10.069937115263139,2.0533911154161997,3.0,2023-01
A02679,2023-01-31,0.0,9020.65,True,False,,,Byrd and Sons,FinTech,32.0,Europe,35.0,10597.6,Closed -Won,Premium Support,12.613920520584534,1.8448994606993165,1.0,2023-01
A02680,2023-01-31,0.0,27594.47,True,False,,,Howard-Robinson,E -Commerce,14.0,LATAM,23.0,15596.88,Closed -Won,Automation,17.61422925019834,1.463957181047773,3.0,2023-01
A02681,2023-01-31,0.0,6838.93,True,False,,,Stafford PLC,SMB SaaS,13.0,Europe,7.0,19182.23,Negotiation,Core,12.175283752941068,3.4056916228062777,0.0,2023-01
A02682,2023-01-31,0.0,5926.44,True,False,,,Ramos Inc,FinTech,27.0,North America,6.0,17210.09,Closed -Lost,Analytics,15.357236354143964,1.9810934631263646,0.0,2023-01
A02683,2023-01-31,0.0,15882.6,True,False,,,"Cain, Davidson and Moran",EdTech,34.0,North America,23.0,20647.88,Closed -Won,Analytics,14.58711838256815,2.2161568046012734,0.0,2023-01
A02684,2023-01-31,0.0,45349.8,True,False,,,Myers LLC,Logistics,20.0,LATAM,48.0,10900.84,Closed -Won,API,16.709865456341838,2.224258206133323,3.0,2023-01
A02685,2023-01-31,0.0,5523.92,True,False,,,Williams-Smith,E -Commerce,21.0,Europe,30.0,14269.6,Closed -Won,Core,16.55064515634944,0.97222982503898,3.0,2023-01
A02688,2023-01-31,0.0,16520.31,True,False,,,Fisher Inc,Logistics,23.0,Europe,34.0,14074.27,On -Hold,Core,13.304777340063112,3.472690985480706,2.0,2023-01
A02690,2023-01-31,0.0,11289.23,True,False,,,Walker Inc,EdTech,17.0,Asia,58.0,13966.8,Closed -Won,API,14.858027699458335,0.48139876261127124,0.0,2023-01
A02691,2023-01-31,0.0,21751.93,True,False,,,"Jackson, Jackson and Perry",MarTech,29.0,North America,44.0,16447.79,Closed -Won,Automation,11.78733456433757,2.062134580041522,2.0,2023-01
A02692,2023-01-31,0.0,25639.56,True,False,,,Ochoa LLC,Logistics,29.0,LATAM,36.0,11995.24,Closed -Won,Core,17.42270335522584,3.1091875757350342,0.0,2023-01
A02693,2023-01-31,0.0,4384.55,True,False,,,"Sims, Weber and Villa",HealthTech,31.0,Europe,54.0,10522.0,Closed -Won,Core,14.040858254944977,2.359596454283688,0.0,2023-01
A02694,2023-01-31,0.0,3574.72,True,False,,,Mcmillan-Martinez,HealthTech,27.0,LATAM,26.0,13005.29,Closed -Won,Core,11.238507956563623,2.6802960760798054,0.0,2023-01
A02695,2023-01-31,0.0,6134.63,True,False,,,Rodriguez LLC,Logistics,33.0,LATAM,56.0,11327.18,Closed -Won,Core,12.62531648377496,0.6397509790934774,1.0,2023-01
A02696,2023-01-31,0.0,8722.72,True,False,,,Smith Ltd,HealthTech,27.0,North America,22.0,14188.79,Closed -Lost,API,5.2844230990832965,28.723376209786505,1.0,2023-01
A02697,2023-01-31,0.0,12804.11,True,False,,,Smith-Lewis,Logistics,35.0,North America,8.0,18126.97,Closed -Won,Core,15.993133678839495,0.0,2.0,2023-01
A02698,2023-01-31,0.0,16194.27,True,False,,,Jones LLC,MarTech,27.0,North America,25.0,9649.79,Closed -Won,Automation,17.145369666693213,1.8575119507540416,0.0,2023-01
A02700,2023-01-31,0.0,8672.56,True,False,,,Turner-George,FinTech,32.0,North America,7.0,23681.38,Closed -Won,Automation,11.933510923448598,3.3326617018404776,0.0,2023-01
A02702,2023-01-31,0.0,16448.64,True,False,,,King Inc,HealthTech,23.0,Asia,47.0,10532.26,Closed -Won,Core,14.553181212765866,2.140643492061766,2.0,2023-01
A02706,2023-01-31,0.0,10745.66,True,False,,,Smith-Barr,Logistics,9.0,Asia,17.0,21692.2,Closed -Won,Core,11.61789443997479,2.475735499686927,1.0,2023-01
A02707,2023-01-31,0.0,78620.94,True,False,,,Reyes-Davidson,FinTech,32.0,LATAM,42.0,12496.56,Negotiation,Automation,13.46048213929577,3.1849839904909203,1.0,2023-01
A02710,2023-01-31,0.0,9281.41,True,False,,,Parker Ltd,SMB SaaS,27.0,LATAM,52.0,11476.04,Negotiation,Premium Support,15.03943830090569,1.9291379908373507,0.0,2023-01
A02711,2023-01-31,0.0,46848.06,True,False,,,Todd-Harvey,MarTech,6.0,LATAM,4.0,14038.51,Negotiation,Premium Support,18.140278084638872,0.07329464505927019,2.0,2023-01
A02712,2023-01-31,0.0,17141.25,True,False,,,Taylor Group,Logistics,20.0,Asia,2.0,23538.74,Closed -Won,Core,13.450438704303298,4.264088561313945,1.0,2023-01
A02713,2023-01-31,0.0,7393.15,True,False,,,Harris-Bennett,SMB SaaS,13.0,North America,56.0,14253.51,Closed -Won,Analytics,12.413371912562312,2.1396500464804933,0.0,2023-01
A02714,2023-01-31,0.0,5935.71,True,False,,,"Johnson, Mclean and George",Logistics,14.0,LATAM,31.0,14443.04,Closed -Won,Premium Support,16.772694457851767,2.8667729543670077,0.0,2023-01
A02715,2023-01-31,0.0,20755.2,True,False,,,Stevenson-Murphy,E -Commerce,35.0,Asia,30.0,14805.22,Closed -Won,Analytics,11.04733436939347,1.5384914716037934,2.0,2023-01
A02716,2023-01-31,0.0,13305.64,True,False,,,Stewart-Buchanan,CyberSecurity,22.0,North America,28.0,11508.99,Closed -Won,Analytics,13.931925410183807,0.45691363014171227,4.0,2023-01
A02717,2023-01-31,0.0,30087.46,True,False,,,Meyer Group,E -Commerce,10.0,Europe,26.0,5558.21,Closed -Won,Core,10.880467698842818,3.425814830680876,1.0,2023-01
A02718,2023-01-31,0.0,5397.01,True,False,,,"Hess, Christensen and Perez",CyberSecurity,16.0,Asia,41.0,20772.19,Closed -Won,Analytics,8.38969708992716,0.8758997187233681,1.0,2023-01
A02720,2023-01-31,0.0,28255.07,True,False,,,"Mcneil, Solis and Horton",E -Commerce,33.0,North America,10.0,19441.59,Closed -Won,API,10.209814810199049,2.4430848113194528,2.0,2023-01
A02721,2023-01-31,0.0,34533.92,True,False,,,Franklin Group,MarTech,14.0,Asia,37.0,15939.08,Closed -Won,Analytics,6.095804031105436,23.333589625956414,2.0,2023-01
A02722,2023-01-31,0.0,8179.9,True,False,,,"Morris, Ramos and Smith",CyberSecurity,16.0,North America,40.0,19635.18,Closed -Won,API,17.345088873142117,1.2154157638178016,2.0,2023-01
A02723,2023-01-31,0.0,26711.87,True,False,,,Jones-Lee,Logistics,16.0,LATAM,7.0,8826.03,Closed -Won,Core,19.56276622003887,1.850367762973769,1.0,2023-01
A02725,2023-01-31,0.0,6647.43,True,False,,,Watkins and Sons,E -Commerce,29.0,Europe,47.0,17064.05,Closed -Won,Core,1.4967264043477808,25.993016038146205,7.0,2023-01
A02726,2023-01-31,0.0,13567.84,True,False,,,Romero Group,FinTech,23.0,Europe,37.0,20273.98,Closed -Won,API,15.1968879503199,2.571546927498214,1.0,2023-01
A02727,2023-01-31,0.0,2004.04,True,False,,,"Mcdonald, Martin and Gonzalez",E -Commerce,19.0,Europe,9.0,16664.77,Closed -Won,Automation,12.850659158374823,1.9785975669021028,1.0,2023-01
A02728,2023-01-31,18429.53,18429.53,False,True,,,Thompson-Wright,EdTech,17.0,Europe,3.0,16667.93,Closed -Won,Automation,8.225670938207315,1.4316485283049696,0.0,2023-01
A02729,2023-01-31,0.0,13960.67,True,False,,,Ray-Faulkner,FinTech,26.0,Europe,35.0,15904.32,On -Hold,Core,18.879476981246356,4.107317899782016,3.0,2023-01
A02730,2023-01-31,0.0,4007.12,True,False,,,Nelson Group,FinTech,8.0,LATAM,28.0,9086.8,Closed -Won,Automation,10.85269343215663,0.6979360138466639,1.0,2023-01
A02732,2023-01-31,0.0,25680.1,True,False,,,Gray-Ruiz,SMB SaaS,22.0,Asia,31.0,12981.44,Negotiation,Core,15.610422887786752,1.9179940193719769,0.0,2023-01
A02734,2023-01-31,0.0,10096.54,True,False,,,Weiss Group,MarTech,22.0,North America,13.0,17055.16,Closed -Won,Core,3.934842134706864,20.31770258461637,6.0,2023-01
A02735,2023-01-31,0.0,21244.43,True,False,,,Gill Group,FinTech,31.0,Europe,27.0,21024.42,Negotiation,Analytics,20.398733183855988,2.6461164549466725,0.0,2023-01
A02737,2023-01-31,0.0,12270.02,True,False,,,"Medina, Tran and Thompson",FinTech,21.0,LATAM,34.0,14147.1,Closed -Won,Core,5.138079183257891,25.775323304104354,4.0,2023-01
A02738,2023-01-31,0.0,50103.81,True,False,,,Ford-Chavez,Logistics,23.0,Europe,12.0,20130.12,Closed -Won,Automation,4.7929772473477685,12.637988523769783,4.0,2023-01
A02739,2023-01-31,0.0,31478.46,True,False,,,Hart-Castillo,Logistics,30.0,Europe,30.0,10022.89,Closed -Won,Analytics,14.300624111948215,4.103556720181951,0.0,2023-01
A02740,2023-01-31,0.0,10491.56,True,False,,,Taylor-Harrison,SMB SaaS,23.0,North America,21.0,13836.48,Closed -Won,Analytics,13.503458813090491,2.2533633904954344,1.0,2023-01
A02741,2023-01-31,0.0,7582.66,True,False,,,Hendricks Inc,EdTech,28.0,Europe,11.0,11211.96,Closed -Won,Analytics,17.59921215692819,1.3189228673205058,2.0,2023-01
A02742,2023-01-31,0.0,21799.69,True,False,,,Hensley Ltd,HealthTech,29.0,Europe,6.0,10516.73,Closed -Won,Analytics,16.218767409265414,2.198501099828211,0.0,2023-01
A02743,2023-01-31,0.0,5526.81,True,False,,,"Brooks, Sullivan and Perry",EdTech,32.0,Europe,31.0,10653.17,Closed -Won,Automation,8.923275195414734,0.0,1.0,2023-01
A02746,2023-01-31,0.0,10417.08,True,False,,,Ortiz Inc,SMB SaaS,13.0,North America,24.0,13597.45,Closed -Won,API,14.111324408084199,2.6021841188704213,2.0,2023-01
A02747,2023-01-31,0.0,43939.22,True,False,,,Cruz PLC,HealthTech,31.0,Asia,14.0,16038.91,Closed -Won,Analytics,14.746829042781977,2.2985560436456747,1.0,2023-01
A02750,2023-01-31,0.0,21248.28,True,False,,,Hicks-Burns,Logistics,22.0,LATAM,58.0,15618.62,Closed -Won,Core,11.750771777938112,3.4252334072981876,1.0,2023-01
A02752,2023-01-31,12598.8,12598.8,False,True,,,Fitzgerald-Allen,EdTech,6.0,LATAM,5.0,8429.66,Closed -Won,Analytics,12.654435821428365,1.6838885654873086,0.0,2023-01
A02755,2023-01-31,0.0,6517.97,True,False,,,Green Group,E -Commerce,32.0,North America,59.0,15588.77,Closed -Won,Premium Support,19.534263282677287,2.5152025136039033,2.0,2023-01
A02756,2023-01-31,0.0,25953.02,True,False,,,"Hernandez, Wright and Lane",E -Commerce,11.0,Asia,52.0,17773.83,Closed -Won,Core,8.863869818750759,2.152659487515801,0.0,2023-01
A02759,2023-01-31,0.0,5935.03,True,False,,,Stone and Sons,E -Commerce,6.0,Europe,22.0,14836.31,Closed -Lost,Analytics,14.863206415292959,1.742763574171868,1.0,2023-01
A02761,2023-01-31,0.0,25555.39,True,False,,,"Turner, Ponce and Barrett",MarTech,24.0,LATAM,8.0,25794.0,Negotiation,Premium Support,9.724668227600139,1.9440114108317568,2.0,2023-01
A02762,2023-01-31,0.0,30648.7,True,False,,,Willis-Gross,FinTech,35.0,Europe,26.0,14362.16,Closed -Won,Core,9.864207029616122,2.449851718165498,0.0,2023-01
A02763,2023-01-31,0.0,6719.78,True,False,,,"Booth, Rodriguez and Armstrong",Logistics,7.0,North America,22.0,14873.27,Closed -Won,Premium Support,17.992801274994434,0.8513679889698713,0.0,2023-01
A02765,2023-01-31,0.0,6466.78,True,False,,,Conrad Group,FinTech,23.0,Europe,13.0,10666.42,Closed -Won,Automation,6.127337348723111,35.433861257763915,2.0,2023-01
A02766,2023-01-31,0.0,35327.4,True,False,,,"Parker, Benitez and Velasquez",CyberSecurity,14.0,North America,32.0,8128.85,Closed -Won,Core,20.313897795838923,1.3141962931008444,0.0,2023-01
A02768,2023-01-31,0.0,18393.73,True,False,,,Warren-Pena,EdTech,28.0,Europe,59.0,13906.08,Negotiation,Automation,6.727244754314614,18.685469282949555,2.0,2023-01
A02769,2023-01-31,0.0,10862.12,True,False,,,"Jordan, Thompson and Lopez",EdTech,35.0,LATAM,29.0,19106.48,Closed -Won,Core,17.19143502987652,2.883442401010466,1.0,2023-01
A02774,2023-01-31,0.0,8724.09,True,False,,,Bird-Savage,CyberSecurity,23.0,Asia,42.0,18464.74,Closed -Won,Premium Support,3.3947768926229416,16.108559661413018,4.0,2023-01
A02775,2023-01-31,0.0,16366.12,True,False,,,Sims-Weber,CyberSecurity,30.0,Europe,33.0,20368.26,Negotiation,API,11.715468024076413,3.0072423105847594,2.0,2023-01
A02776,2023-01-31,0.0,45389.52,True,False,,,"Martin, Carter and Gray",E -Commerce,7.0,LATAM,18.0,14462.27,Closed -Won,Automation,12.519161047666769,3.499220744561298,1.0,2023-01
A02777,2023-01-31,0.0,27171.07,True,False,,,Brown-Johnson,E -Commerce,8.0,LATAM,31.0,10717.5,Closed -Won,Automation,15.258723264203013,2.2010268962161272,3.0,2023-01
A02778,2023-01-31,0.0,25809.35,True,False,,,Woods Ltd,SMB SaaS,6.0,Europe,54.0,14017.66,Closed -Lost,Automation,15.85897468204513,2.617287322496068,1.0,2023-01
A02780,2023-01-31,20686.91,20686.91,False,True,,,Ortega Inc,MarTech,7.0,LATAM,3.0,9198.05,Closed -Won,Core,11.4609324054956,1.6571322932983203,0.0,2023-01
A02781,2023-01-31,0.0,30381.48,True,False,,,Clark Inc,E -Commerce,33.0,North America,19.0,13428.29,Closed -Won,Automation,12.403855589196784,0.41656369710485563,3.0,2023-01
A02782,2023-01-31,0.0,9770.91,True,False,,,Morrison-Hatfield,Logistics,9.0,LATAM,56.0,8599.33,Closed -Won,Automation,14.646503599405905,2.2149220591042083,0.0,2023-01
A02784,2023-01-31,0.0,2993.9,True,False,,,Munoz-Rogers,FinTech,13.0,Europe,50.0,10163.71,Closed -Lost,Automation,2.4688298418416195,24.92630618016409,6.0,2023-01
A02785,2023-01-31,0.0,25496.57,True,False,,,"Wu, Key and Montoya",MarTech,28.0,Europe,54.0,13295.76,Closed -Won,Core,13.933094299748541,0.9325768090235582,2.0,2023-01
A02786,2023-01-31,0.0,16022.22,True,False,,,Ortega-Gray,CyberSecurity,33.0,Europe,7.0,13979.32,Negotiation,Core,10.922214688581771,3.0975215056449055,2.0,2023-01
A02787,2023-01-31,0.0,14205.14,True,False,,,Hester LLC,HealthTech,13.0,North America,17.0,9447.1,Closed -Won,Core,2.1595044950776217,23.76513665451227,2.0,2023-01
A02788,2023-01-31,0.0,6143.5,True,False,,,Smith Ltd,SMB SaaS,21.0,LATAM,4.0,14776.16,Closed -Won,API,14.46278884142513,0.0,1.0,2023-01
A02789,2023-01-31,4699.04,4699.04,False,True,,,Hardy-Barron,Logistics,29.0,Europe,1.0,10284.91,Closed -Won,Analytics,17.233264338670224,3.017903815182521,1.0,2023-01
A02790,2023-01-31,0.0,10388.08,True,False,,,Johnson Inc,Logistics,29.0,North America,50.0,20554.28,Closed -Won,Core,14.089691624202802,1.0546193759068871,1.0,2023-01
A02791,2023-01-31,0.0,15990.2,True,False,,,"Ramirez, Lyons and Briggs",FinTech,10.0,North America,56.0,19949.23,Closed -Lost,Analytics,14.255801195730236,3.7807283731179098,1.0,2023-01
A02792,2023-01-31,0.0,27543.76,True,False,,,Hayes-Parks,E -Commerce,31.0,LATAM,10.0,19333.27,Closed -Won,Core,9.499073327443817,3.1477734005974183,1.0,2023-01
A02794,2023-01-31,0.0,28114.69,True,False,,,Andersen LLC,CyberSecurity,28.0,LATAM,32.0,15993.29,Negotiation,Core,17.755715635507876,2.459359845754463,2.0,2023-01
A02795,2023-01-31,0.0,21688.58,True,False,,,Schultz Inc,Logistics,21.0,LATAM,5.0,13931.36,Closed -Won,Core,14.234174642787261,4.423918565655104,1.0,2023-01
A02797,2023-01-31,0.0,14248.91,True,False,,,Stevenson-Bauer,E -Commerce,32.0,Asia,52.0,21189.85,Negotiation,Core,10.252838743398769,2.2382000247845895,2.0,2023-01
A02798,2023-01-31,0.0,37874.61,True,False,,,Patterson-Huynh,CyberSecurity,31.0,Asia,34.0,10723.59,Closed -Won,Analytics,11.290807466619128,4.88915399420627,4.0,2023-01
A02799,2023-01-31,0.0,45466.95,True,False,,,Hatfield-Vincent,Logistics,21.0,Asia,42.0,16402.67,Closed -Won,Core,17.186906003404953,2.1175810109564885,0.0,2023-01
A00147,2023-02-28,22950.48,22950.48,False,True,,,Robinson-Brock,E -Commerce,24.0,Europe,3.0,12634.99,Closed -Won,Automation,15.300728668120346,1.6308246801827224,0.0,2023-02
A00150,2023-02-28,29259.53,29259.53,False,True,,,"Schmidt, Hansen and Stewart",E -Commerce,21.0,Asia,4.0,14054.51,Closed -Won,Automation,13.958281448026135,2.3500045119879007,2.0,2023-02
A00170,2023-02-28,0.0,13789.56,True,False,,,Hooper PLC,CyberSecurity,18.0,LATAM,2.0,14965.5,Closed -Won,Automation,6.1400172274526135,35.818414101703205,3.0,2023-02
A00233,2023-02-28,35010.79,35010.79,False,True,,,"Clark, Guerrero and Moore",E -Commerce,21.0,LATAM,2.0,15377.88,Closed -Won,Automation,16.88105563968048,0.2952037165722867,0.0,2023-02
A00272,2023-02-28,0.0,19467.56,True,False,,,"Suarez, Shields and Hill",MarTech,34.0,LATAM,2.0,14514.51,Closed -Won,Core,3.4604368244995594,29.94958678423235,1.0,2023-02
A00385,2023-02-28,0.0,10165.43,True,False,,,"Farmer, Dorsey and Bell",CyberSecurity,16.0,LATAM,2.0,15802.57,Closed -Won,Core,2.208702880767972,22.926002521392583,4.0,2023-02
A00429,2023-02-28,53951.42,53951.42,False,True,,,Gilbert PLC,CyberSecurity,20.0,LATAM,2.0,11417.11,Closed -Won,Automation,16.739755973429453,3.5858992088900283,0.0,2023-02
A00454,2023-02-28,33863.54,33863.54,False,True,,,White Ltd,EdTech,26.0,North America,2.0,14734.49,Negotiation,Analytics,15.098884970678737,1.3586576486180382,0.0,2023-02
A00465,2023-02-28,19340.25,19340.25,False,True,,,"Rosales, Mitchell and Hines",E -Commerce,30.0,Asia,1.0,14703.38,Closed -Won,Core,15.14393686045468,2.7909253524986144,0.0,2023-02
A00562,2023-02-28,0.0,8862.56,True,False,,,Wright-Davis,CyberSecurity,15.0,LATAM,3.0,16774.71,Closed -Won,Core,2.858989454863511,27.130213756773372,4.0,2023-02
A00773,2023-02-28,83249.58,83249.58,False,True,,,Thomas-Jackson,CyberSecurity,23.0,Europe,1.0,17025.43,Closed -Won,API,15.499702508425223,1.1220400666271872,0.0,2023-02
A00801,2023-02-28,64219.54,64219.54,False,True,,,Garcia and Sons,MarTech,21.0,Asia,1.0,8725.56,Closed -Won,Analytics,8.712093566609548,3.346474633054084,0.0,2023-02
A00839,2023-02-28,0.0,35491.74,True,False,,,Mckinney-Wallace,FinTech,27.0,North America,1.0,16265.53,Negotiation,Analytics,4.661365763864108,28.796832194096748,3.0,2023-02
A00844,2023-02-28,1791.58,1791.58,False,True,,,Dunn-Wilson,MarTech,32.0,North America,3.0,14991.79,Negotiation,Core,11.751814473059483,2.535538680832549,0.0,2023-02
A00845,2023-02-28,53675.34,53675.34,False,True,,,Adams PLC,SMB SaaS,27.0,North America,1.0,13237.07,Closed -Won,Core,19.93856052669537,2.5336714971860665,2.0,2023-02
A00846,2023-02-28,45243.86,45243.86,False,True,,,Weaver-Sherman,E -Commerce,9.0,Europe,1.0,17506.61,Closed -Won,API,11.74310586003493,1.751416178637208,3.0,2023-02
A00889,2023-02-28,22728.15,22728.15,False,True,,,"Anderson, Jones and Reyes",SMB SaaS,29.0,LATAM,1.0,16934.21,Closed -Won,API,16.434268839231112,3.307384069391101,1.0,2023-02
A01038,2023-02-28,35507.38,35507.38,False,True,,,Phillips LLC,E -Commerce,31.0,Europe,1.0,18297.54,Closed -Won,Core,12.005762468595101,1.4823206285360067,0.0,2023-02
A01070,2023-02-28,38404.62,38404.62,False,True,,,Henderson Ltd,CyberSecurity,15.0,Europe,1.0,20052.63,Closed -Won,API,1.4038660912927987,34.03089036837667,6.0,2023-02
A01190,2023-02-28,16498.18,16498.18,False,True,,,Nelson-Cruz,MarTech,7.0,LATAM,1.0,14137.58,Closed -Won,Core,14.989466854549134,1.6130618059897621,0.0,2023-02
A01266,2023-02-28,13208.17,13208.17,False,True,,,Cole-Lucero,EdTech,30.0,Asia,3.0,13648.01,Closed -Won,Core,16.358806867224967,1.7614538136888855,2.0,2023-02
A01279,2023-02-28,11873.32,11873.32,False,True,,,"Moreno, Barajas and Colon",HealthTech,20.0,Europe,1.0,10040.58,Closed -Won,Core,1.5394122367568919,19.544910368459696,7.0,2023-02
A01294,2023-02-28,17081.62,17081.62,False,True,,,Miller Inc,MarTech,34.0,North America,1.0,15141.97,Closed -Lost,Core,1.8240537871869007,21.222150064491004,7.0,2023-02
A01399,2023-02-28,20030.05,20030.05,False,True,,,Brock and Sons,SMB SaaS,19.0,North America,2.0,10964.59,On -Hold,Automation,13.000815055810449,2.9320279385735484,4.0,2023-02
A01482,2023-02-28,7586.98,7586.98,False,True,,,Jackson Inc,SMB SaaS,32.0,LATAM,1.0,16559.39,Closed -Won,Core,0.37495576364049654,24.93044015364101,4.0,2023-02
A01532,2023-02-28,13872.84,13872.84,False,True,,,"Robinson, Rodriguez and Chen",EdTech,16.0,North America,1.0,18698.5,Closed -Won,Premium Support,12.786548470022895,3.848477484682769,0.0,2023-02
A01642,2023-02-28,11121.3,11121.3,False,True,,,"Taylor, Blair and Meyer",EdTech,16.0,LATAM,3.0,8580.58,Closed -Won,Premium Support,8.628080708994242,0.3940893093091007,1.0,2023-02
A01653,2023-02-28,0.0,59136.01,True,False,,,Ali-Turner,MarTech,14.0,Asia,4.0,18640.61,Closed -Won,Core,1.6218740023621543,30.73816605846055,4.0,2023-02
A01739,2023-02-28,39214.27,39214.27,False,True,,,"Ferguson, Martin and Obrien",Logistics,29.0,LATAM,1.0,20048.75,Closed -Won,Core,14.030346463854697,2.160188697410008,2.0,2023-02
A01763,2023-02-28,5120.62,5120.62,False,True,,,Andrews-Jackson,FinTech,8.0,Europe,1.0,11631.57,Closed -Won,Core,4.3860417134897185,33.14936069056089,5.0,2023-02
A01783,2023-02-28,14447.28,14447.28,False,True,,,Allen-Sanchez,HealthTech,25.0,Europe,2.0,14442.23,Closed -Won,Core,19.603718904372958,2.9639216181407626,1.0,2023-02
A01807,2023-02-28,40971.82,40971.82,False,True,,,Young Ltd,HealthTech,21.0,Europe,1.0,14824.35,Closed -Won,Analytics,13.885645995772583,2.300671931527892,1.0,2023-02
A02025,2023-02-28,4622.0,4622.0,False,True,,,Williams LLC,MarTech,18.0,North America,5.0,11222.53,Closed -Won,Analytics,4.769294815169134,30.52040727085795,6.0,2023-02
A02129,2023-02-28,34740.94,34740.94,False,True,,,"Nelson, Clarke and Schneider",HealthTech,34.0,Europe,4.0,12696.22,Closed -Won,Core,16.5155188719339,2.4888861564949067,1.0,2023-02
A02171,2023-02-28,9424.54,9424.54,False,True,,,Mitchell Inc,Logistics,15.0,LATAM,2.0,11703.34,Negotiation,Automation,15.072693214670764,2.5612531958872884,1.0,2023-02
A02259,2023-02-28,25890.64,25890.64,False,True,,,Smith and Sons,EdTech,8.0,Asia,1.0,17981.25,Negotiation,Core,18.746805713808012,0.5245322503951726,1.0,2023-02
A02316,2023-02-28,30201.4,30201.4,False,True,,,Rhodes-Holland,EdTech,32.0,North America,1.0,15469.33,Closed -Won,Core,14.980262756531472,2.4988644364342525,1.0,2023-02
A02331,2023-02-28,19708.19,19708.19,False,True,,,Clark Inc,EdTech,30.0,Europe,4.0,17319.41,Closed -Won,Automation,18.50660158841145,1.2603260526595252,0.0,2023-02
A02499,2023-02-28,16245.6,16245.6,False,True,,,"Miller, Mcdowell and Curtis",HealthTech,17.0,North America,2.0,13986.42,Closed -Won,Core,11.078162985339237,2.2553028917490594,0.0,2023-02
A02559,2023-02-28,19128.94,19128.94,False,True,,,Davidson and Sons,FinTech,35.0,Asia,2.0,18535.53,Negotiation,Core,8.490755931768764,2.9595030012394474,1.0,2023-02
A02752,2023-02-28,12333.84,12333.84,False,True,,,Fitzgerald-Allen,EdTech,6.0,LATAM,5.0,8429.66,Closed -Won,Core,11.186575551117908,0.5346194936116435,0.0,2023-02
A00104,2023-03-31,16092.74,16092.74,False,True,,,"Tran, Jordan and Williams",E -Commerce,19.0,North America,1.0,10116.09,Closed -Won,Premium Support,13.100978075987767,1.000923011407064,0.0,2023-03
A00147,2023-03-31,28294.68,28294.68,False,True,,,Robinson-Brock,E -Commerce,24.0,Europe,3.0,12634.99,Closed -Won,Core,15.259615320633912,2.8672625214002205,0.0,2023-03
A00150,2023-03-31,66147.48,66147.48,False,True,,,"Schmidt, Hansen and Stewart",E -Commerce,21.0,Asia,4.0,14054.51,Closed -Won,Automation,10.202435968346624,1.322633431304409,1.0,2023-03
A00233,2023-03-31,28658.5,28658.5,False,True,,,"Clark, Guerrero and Moore",E -Commerce,21.0,LATAM,2.0,15377.88,Closed -Won,API,7.053434989808807,3.2796885943205645,1.0,2023-03
A00328,2023-03-31,0.0,21906.28,True,False,,,Rodriguez-Hall,SMB SaaS,33.0,Asia,3.0,10410.76,Closed -Lost,Core,3.0807154954469955,21.355469015499796,8.0,2023-03
A00429,2023-03-31,7966.42,7966.42,False,True,,,Gilbert PLC,CyberSecurity,20.0,LATAM,2.0,11417.11,Closed -Won,Core,15.950535436534743,2.9353454736894466,0.0,2023-03
A00454,2023-03-31,32189.12,32189.12,False,True,,,White Ltd,EdTech,26.0,North America,2.0,14734.49,Negotiation,API,17.23015624146963,2.008242859118429,3.0,2023-03
A00575,2023-03-31,100148.05,100148.05,False,True,,,"Lee, Tran and Jones",CyberSecurity,20.0,Asia,1.0,18172.71,Closed -Won,API,12.495655438255731,2.147369886572068,2.0,2023-03
A00773,2023-03-31,13079.91,13079.91,False,True,,,Thomas-Jackson,CyberSecurity,23.0,Europe,1.0,17025.43,Closed -Won,Core,3.196393931948798,22.335862868926274,2.0,2023-03
A00801,2023-03-31,4790.3,4790.3,False,True,,,Garcia and Sons,MarTech,21.0,Asia,1.0,8725.56,Closed -Won,API,4.858267705893894,21.8596628102719,7.0,2023-03
A00889,2023-03-31,43064.97,43064.97,False,True,,,"Anderson, Jones and Reyes",SMB SaaS,29.0,LATAM,1.0,16934.21,Closed -Won,Premium Support,18.483109852533463,1.1363609431265052,0.0,2023-03
A01038,2023-03-31,74359.19,74359.19,False,True,,,Phillips LLC,E -Commerce,31.0,Europe,1.0,18297.54,Closed -Won,Premium Support,13.1401453494886,2.8129137773143458,0.0,2023-03
A01175,2023-03-31,39222.3,39222.3,False,True,,,Decker-Dudley,FinTech,9.0,LATAM,1.0,20898.66,Closed -Won,Analytics,11.745664399225477,3.009922334202935,0.0,2023-03
A01190,2023-03-31,62075.49,62075.49,False,True,,,Nelson-Cruz,MarTech,7.0,LATAM,1.0,14137.58,Closed -Won,Analytics,11.220375179721678,2.95513462282163,1.0,2023-03
A01266,2023-03-31,23237.44,23237.44,False,True,,,Cole-Lucero,EdTech,30.0,Asia,3.0,13648.01,Closed -Won,Core,16.658405649898583,1.2421426419936292,0.0,2023-03
A01279,2023-03-31,39070.39,39070.39,False,True,,,"Moreno, Barajas and Colon",HealthTech,20.0,Europe,1.0,10040.58,Closed -Won,Core,19.211075553915208,1.5411223435912538,2.0,2023-03
A01294,2023-03-31,34371.76,34371.76,False,True,,,Miller Inc,MarTech,34.0,North America,1.0,15141.97,Closed -Lost,Analytics,12.31998114501229,0.3973810912304063,1.0,2023-03
A01362,2023-03-31,29980.47,29980.47,False,True,,,"Vargas, Taylor and Hunt",MarTech,29.0,Asia,4.0,17745.82,Closed -Won,Automation,14.733685959952082,2.1251282717410582,0.0,2023-03
A01399,2023-03-31,3566.42,3566.42,False,True,,,Brock and Sons,SMB SaaS,19.0,North America,2.0,10964.59,On -Hold,Core,13.59862093797616,3.262756554426139,0.0,2023-03
A01409,2023-03-31,26526.53,26526.53,False,True,,,Allen-Smith,HealthTech,16.0,North America,1.0,15400.17,Closed -Won,Analytics,17.774288483175106,1.971388441636134,2.0,2023-03
A01452,2023-03-31,8794.32,8794.32,False,True,,,Ramirez-White,MarTech,11.0,Europe,3.0,13206.37,Closed -Lost,Core,10.938438930701185,1.9157881813413453,1.0,2023-03
A01482,2023-03-31,10608.31,10608.31,False,True,,,Jackson Inc,SMB SaaS,32.0,LATAM,1.0,16559.39,Closed -Won,Analytics,14.100501797427075,2.1957336929514195,1.0,2023-03
A01550,2023-03-31,20589.75,20589.75,False,True,,,"Hunter, Gross and Andrade",EdTech,14.0,LATAM,1.0,21539.75,Closed -Won,API,15.252681039398887,2.368036866991503,4.0,2023-03
A01590,2023-03-31,25728.87,25728.87,False,True,,,"Nguyen, Olson and Freeman",E -Commerce,24.0,LATAM,2.0,12299.7,Closed -Won,Automation,12.668955832785743,2.226452057131677,0.0,2023-03
A01739,2023-03-31,41807.46,41807.46,False,True,,,"Ferguson, Martin and Obrien",Logistics,29.0,LATAM,1.0,20048.75,Closed -Won,Core,12.857835002148132,1.7721292461879348,0.0,2023-03
A01744,2023-03-31,27536.82,27536.82,False,True,,,Warren and Sons,E -Commerce,24.0,North America,2.0,7461.53,Closed -Won,Analytics,13.128552747454295,2.5500774792063208,1.0,2023-03
A01763,2023-03-31,54793.75,54793.75,False,True,,,Andrews-Jackson,FinTech,8.0,Europe,1.0,11631.57,Closed -Won,Core,14.235967671144271,2.6171117417472463,1.0,2023-03
A01783,2023-03-31,36019.21,36019.21,False,True,,,Allen-Sanchez,HealthTech,25.0,Europe,2.0,14442.23,Closed -Won,API,17.86401055401382,1.6736496754124646,2.0,2023-03
A01913,2023-03-31,36098.19,36098.19,False,True,,,Sullivan and Sons,SMB SaaS,19.0,Europe,1.0,19981.54,Closed -Lost,Automation,12.583365975680318,0.7729845472183592,0.0,2023-03
A02129,2023-03-31,85854.9,85854.9,False,True,,,"Nelson, Clarke and Schneider",HealthTech,34.0,Europe,4.0,12696.22,Closed -Won,Core,14.138464745868298,2.8461699302664387,0.0,2023-03
A02138,2023-03-31,32992.58,32992.58,False,True,,,Hernandez-Howell,E -Commerce,11.0,North America,2.0,13131.72,Closed -Won,Core,3.4515519441142053,23.293553189001717,3.0,2023-03
A02259,2023-03-31,58257.85,58257.85,False,True,,,Smith and Sons,EdTech,8.0,Asia,1.0,17981.25,Negotiation,Analytics,15.749375737851196,2.978747378937519,0.0,2023-03
A02316,2023-03-31,22085.77,22085.77,False,True,,,Rhodes-Holland,EdTech,32.0,North America,1.0,15469.33,Closed -Won,Automation,18.259926312363184,2.593382416983041,0.0,2023-03
A02339,2023-03-31,35893.06,35893.06,False,True,,,Smith Inc,FinTech,14.0,North America,3.0,9800.52,Closed -Won,API,1.2603826100386268,38.72982204822523,2.0,2023-03
A02499,2023-03-31,72314.66,72314.66,False,True,,,"Miller, Mcdowell and Curtis",HealthTech,17.0,North America,2.0,13986.42,Closed -Won,API,15.900505757030848,1.9860483660973471,5.0,2023-03
A02522,2023-03-31,51316.83,51316.83,False,True,,,Ward-Blake,Logistics,12.0,Europe,3.0,20995.51,Closed -Won,Core,5.302645903329605,25.944442282378784,3.0,2023-03
A02728,2023-03-31,77945.2,77945.2,False,True,,,Thompson-Wright,EdTech,17.0,Europe,3.0,16667.93,Closed -Won,Core,14.452802212364391,2.8831320199405988,2.0,2023-03
A02752,2023-03-31,18223.14,18223.14,False,True,,,Fitzgerald-Allen,EdTech,6.0,LATAM,5.0,8429.66,Closed -Won,Automation,14.914837767209246,1.6570630955762067,1.0,2023-03
A02780,2023-03-31,17497.57,17497.57,False,True,,,Ortega Inc,MarTech,7.0,LATAM,3.0,9198.05,Closed -Won,API,10.406384902462925,2.087847940135948,1.0,2023-03
A00104,2023-04-30,1251.36,1251.36,False,True,,,"Tran, Jordan and Williams",E -Commerce,19.0,North America,1.0,10116.09,Closed -Won,API,16.085418142134614,0.14132187949544384,1.0,2023-04
A00147,2023-04-30,11429.52,11429.52,False,True,,,Robinson-Brock,E -Commerce,24.0,Europe,3.0,12634.99,Closed -Won,Analytics,22.52747158892695,1.1310954755583955,0.0,2023-04
A00150,2023-04-30,31919.71,31919.71,False,True,,,"Schmidt, Hansen and Stewart",E -Commerce,21.0,Asia,4.0,14054.51,Closed -Won,Core,14.658194066109441,3.1082592896462353,0.0,2023-04
A00454,2023-04-30,0.0,22061.74,True,False,,,White Ltd,EdTech,26.0,North America,2.0,14734.49,Negotiation,API,0.5412847168915729,29.306848060214257,4.0,2023-04
A00465,2023-04-30,11782.6,11782.6,False,True,,,"Rosales, Mitchell and Hines",E -Commerce,30.0,Asia,1.0,14703.38,Closed -Won,API,16.264677032678787,2.3124744194627938,1.0,2023-04
A00575,2023-04-30,8128.25,8128.25,False,True,,,"Lee, Tran and Jones",CyberSecurity,20.0,Asia,1.0,18172.71,Closed -Won,API,13.485967169063818,1.4227241149207852,2.0,2023-04
A00773,2023-04-30,48242.01,48242.01,False,True,,,Thomas-Jackson,CyberSecurity,23.0,Europe,1.0,17025.43,Closed -Won,API,19.048285325581368,2.3011384901450818,1.0,2023-04
A00844,2023-04-30,0.0,5550.43,True,False,,,Dunn-Wilson,MarTech,32.0,North America,3.0,14991.79,Negotiation,Premium Support,12.117262548570656,2.610115084361114,1.0,2023-04
A00846,2023-04-30,23456.38,23456.38,False,True,,,Weaver-Sherman,E -Commerce,9.0,Europe,1.0,17506.61,Closed -Won,Automation,15.867978633561677,2.2623065087315077,0.0,2023-04
A00889,2023-04-30,2613.52,2613.52,False,True,,,"Anderson, Jones and Reyes",SMB SaaS,29.0,LATAM,1.0,16934.21,Closed -Won,Core,13.047375980430623,1.5093653286181345,2.0,2023-04
A01038,2023-04-30,0.0,21943.18,True,False,,,Phillips LLC,E -Commerce,31.0,Europe,1.0,18297.54,Closed -Won,Analytics,6.544810137139017,24.723020178476094,2.0,2023-04
A01175,2023-04-30,26003.37,26003.37,False,True,,,Decker-Dudley,FinTech,9.0,LATAM,1.0,20898.66,Closed -Won,Core,12.407366010998757,0.0,1.0,2023-04
A01237,2023-04-30,69102.98,69102.98,False,True,,,"Andrade, Gordon and Cruz",CyberSecurity,17.0,North America,1.0,19748.8,Closed -Won,API,9.94735755499725,2.9698312924582435,3.0,2023-04
A01266,2023-04-30,23128.12,23128.12,False,True,,,Cole-Lucero,EdTech,30.0,Asia,3.0,13648.01,Closed -Won,Analytics,11.649102232647987,1.5738985109931751,1.0,2023-04
A01279,2023-04-30,74863.21,74863.21,False,True,,,"Moreno, Barajas and Colon",HealthTech,20.0,Europe,1.0,10040.58,Closed -Won,Core,4.134271224804034,46.53461488889232,7.0,2023-04
A01294,2023-04-30,32207.83,32207.83,False,True,,,Miller Inc,MarTech,34.0,North America,1.0,15141.97,Closed -Lost,Premium Support,12.659413132543989,2.8940895460819456,3.0,2023-04
A01399,2023-04-30,51374.86,51374.86,False,True,,,Brock and Sons,SMB SaaS,19.0,North America,2.0,10964.59,On -Hold,Core,15.229370969381526,1.4042206706150995,0.0,2023-04
A01452,2023-04-30,51791.67,51791.67,False,True,,,Ramirez-White,MarTech,11.0,Europe,3.0,13206.37,Closed -Lost,Core,11.371151673346759,2.7439455695316677,0.0,2023-04
A01482,2023-04-30,15148.74,15148.74,False,True,,,Jackson Inc,SMB SaaS,32.0,LATAM,1.0,16559.39,Closed -Won,API,13.428814579526382,2.003744237751428,0.0,2023-04
A01550,2023-04-30,0.0,40492.4,True,False,,,"Hunter, Gross and Andrade",EdTech,14.0,LATAM,1.0,21539.75,Closed -Won,API,0.0,26.852073034175664,3.0,2023-04
A01590,2023-04-30,43904.88,43904.88,False,True,,,"Nguyen, Olson and Freeman",E -Commerce,24.0,LATAM,2.0,12299.7,Closed -Won,Analytics,1.8334037246985362,23.49637874902804,3.0,2023-04
A01642,2023-04-30,30387.27,30387.27,False,True,,,"Taylor, Blair and Meyer",EdTech,16.0,LATAM,3.0,8580.58,Closed -Won,Automation,12.947625907601036,2.779749697961675,0.0,2023-04
A01739,2023-04-30,34313.08,34313.08,False,True,,,"Ferguson, Martin and Obrien",Logistics,29.0,LATAM,1.0,20048.75,Closed -Won,Core,14.07146638401389,0.018485753698946228,0.0,2023-04
A01744,2023-04-30,43129.29,43129.29,False,True,,,Warren and Sons,E -Commerce,24.0,North America,2.0,7461.53,Closed -Won,Core,13.706592454109561,1.662878650869315,0.0,2023-04
A01783,2023-04-30,0.0,26016.93,True,False,,,Allen-Sanchez,HealthTech,25.0,Europe,2.0,14442.23,Closed -Won,Core,14.238543767667393,3.525543475943896,1.0,2023-04
A01807,2023-04-30,73677.54,73677.54,False,True,,,Young Ltd,HealthTech,21.0,Europe,1.0,14824.35,Closed -Won,Analytics,10.168689756338578,3.7497619418578365,1.0,2023-04
A01871,2023-04-30,15513.82,15513.82,False,True,,,Lee-Johnson,FinTech,21.0,North America,3.0,23253.34,Closed -Won,Automation,14.54411112137265,2.4231517695667986,2.0,2023-04
A01913,2023-04-30,6780.37,6780.37,False,True,,,Sullivan and Sons,SMB SaaS,19.0,Europe,1.0,19981.54,Closed -Lost,Premium Support,10.667701309781407,1.4211753937199054,1.0,2023-04
A02138,2023-04-30,24498.66,24498.66,False,True,,,Hernandez-Howell,E -Commerce,11.0,North America,2.0,13131.72,Closed -Won,Premium Support,17.098529394906155,0.012880913269485816,2.0,2023-04
A02259,2023-04-30,6826.93,6826.93,False,True,,,Smith and Sons,EdTech,8.0,Asia,1.0,17981.25,Negotiation,Automation,0.0,16.871231054872375,2.0,2023-04
A02316,2023-04-30,31975.99,31975.99,False,True,,,Rhodes-Holland,EdTech,32.0,North America,1.0,15469.33,Closed -Won,Premium Support,13.56576279697141,3.4188722543737393,0.0,2023-04
A02331,2023-04-30,7199.04,7199.04,False,True,,,Clark Inc,EdTech,30.0,Europe,4.0,17319.41,Closed -Won,Core,17.63578044738951,1.4195532886953401,1.0,2023-04
A02339,2023-04-30,19732.71,19732.71,False,True,,,Smith Inc,FinTech,14.0,North America,3.0,9800.52,Closed -Won,Core,8.605670989216868,0.7136121911322997,2.0,2023-04
A02522,2023-04-30,15739.14,15739.14,False,True,,,Ward-Blake,Logistics,12.0,Europe,3.0,20995.51,Closed -Won,Analytics,13.093839510450527,2.875873110981913,1.0,2023-04
A02559,2023-04-30,51266.13,51266.13,False,True,,,Davidson and Sons,FinTech,35.0,Asia,2.0,18535.53,Negotiation,Core,16.70139070867104,3.6634146903484,0.0,2023-04
A02657,2023-04-30,95342.53,95342.53,False,True,,,Myers-Colon,HealthTech,9.0,LATAM,4.0,16216.33,Closed -Lost,Core,13.264605133321878,0.30048243247506856,2.0,2023-04
A02728,2023-04-30,21373.98,21373.98,False,True,,,Thompson-Wright,EdTech,17.0,Europe,3.0,16667.93,Closed -Won,Automation,15.355903266852646,0.08987725920044731,1.0,2023-04
A02752,2023-04-30,31012.64,31012.64,False,True,,,Fitzgerald-Allen,EdTech,6.0,LATAM,5.0,8429.66,Closed -Won,API,11.530507375644152,3.5607037542235136,1.0,2023-04
A02780,2023-04-30,9216.47,9216.47,False,True,,,Ortega Inc,MarTech,7.0,LATAM,3.0,9198.05,Closed -Won,Analytics,16.854775305049504,0.0,1.0,2023-04
A02789,2023-04-30,29777.11,29777.11,False,True,,,Hardy-Barron,Logistics,29.0,Europe,1.0,10284.91,Closed -Won,Automation,10.635201818983107,0.7845113897287324,0.0,2023-04
A00104,2023-05-31,4981.78,4981.78,False,True,,,"Tran, Jordan and Williams",E -Commerce,19.0,North America,1.0,10116.09,Closed -Won,Automation,16.146312518988932,2.640778630335927,2.0,2023-05
A00147,2023-05-31,41445.8,41445.8,False,True,,,Robinson-Brock,E -Commerce,24.0,Europe,3.0,12634.99,Closed -Won,Core,10.649700859516134,2.9516967879672316,1.0,2023-05
A00150,2023-05-31,13166.43,13166.43,False,True,,,"Schmidt, Hansen and Stewart",E -Commerce,21.0,Asia,4.0,14054.51,Closed -Won,Analytics,10.247974920273606,1.8740991652559935,1.0,2023-05
A00233,2023-05-31,23863.68,23863.68,False,True,,,"Clark, Guerrero and Moore",E -Commerce,21.0,LATAM,2.0,15377.88,Closed -Won,Core,13.94290103147822,0.7945095313223487,1.0,2023-05
A00465,2023-05-31,31232.84,31232.84,False,True,,,"Rosales, Mitchell and Hines",E -Commerce,30.0,Asia,1.0,14703.38,Closed -Won,API,16.804612046720326,3.038931626144872,0.0,2023-05
A00773,2023-05-31,9499.26,9499.26,False,True,,,Thomas-Jackson,CyberSecurity,23.0,Europe,1.0,17025.43,Closed -Won,Core,0.15389716434000977,23.054970028838902,5.0,2023-05
A00801,2023-05-31,6158.14,6158.14,False,True,,,Garcia and Sons,MarTech,21.0,Asia,1.0,8725.56,Closed -Won,Core,12.95137632988921,1.9061000316999688,0.0,2023-05
A00845,2023-05-31,22856.31,22856.31,False,True,,,Adams PLC,SMB SaaS,27.0,North America,1.0,13237.07,Closed -Won,Core,13.074339215709962,0.7166295810145995,1.0,2023-05
A00889,2023-05-31,17464.72,17464.72,False,True,,,"Anderson, Jones and Reyes",SMB SaaS,29.0,LATAM,1.0,16934.21,Closed -Won,Analytics,16.87268483255082,3.253061003990518,0.0,2023-05
A01175,2023-05-31,0.0,56893.45,True,False,,,Decker-Dudley,FinTech,9.0,LATAM,1.0,20898.66,Closed -Won,Premium Support,0.16522739018268018,32.35600805883986,4.0,2023-05
A01190,2023-05-31,59868.71,59868.71,False,True,,,Nelson-Cruz,MarTech,7.0,LATAM,1.0,14137.58,Closed -Won,Analytics,6.165418856881775,21.039357150895643,5.0,2023-05
A01237,2023-05-31,38685.29,38685.29,False,True,,,"Andrade, Gordon and Cruz",CyberSecurity,17.0,North America,1.0,19748.8,Closed -Won,Core,2.743818121084985,33.74526961790236,3.0,2023-05
A01266,2023-05-31,4327.01,4327.01,False,True,,,Cole-Lucero,EdTech,30.0,Asia,3.0,13648.01,Closed -Won,Core,16.69984133099722,3.16291823108089,1.0,2023-05
A01279,2023-05-31,3693.95,3693.95,False,True,,,"Moreno, Barajas and Colon",HealthTech,20.0,Europe,1.0,10040.58,Closed -Won,Analytics,12.226079047638326,2.0589919520092286,0.0,2023-05
A01294,2023-05-31,0.0,41629.24,True,False,,,Miller Inc,MarTech,34.0,North America,1.0,15141.97,Closed -Lost,Analytics,8.0103074941539,4.331478158431534,5.0,2023-05
A01362,2023-05-31,52033.99,52033.99,False,True,,,"Vargas, Taylor and Hunt",MarTech,29.0,Asia,4.0,17745.82,Closed -Won,Analytics,12.676813960371272,2.735972253272089,2.0,2023-05
A01399,2023-05-31,34544.06,34544.06,False,True,,,Brock and Sons,SMB SaaS,19.0,North America,2.0,10964.59,On -Hold,Analytics,11.43264691403534,4.989798104202162,2.0,2023-05
A01409,2023-05-31,15114.49,15114.49,False,True,,,Allen-Smith,HealthTech,16.0,North America,1.0,15400.17,Closed -Won,Core,5.8790605910309495,3.351590974795384,0.0,2023-05
A01452,2023-05-31,0.0,14115.64,True,False,,,Ramirez-White,MarTech,11.0,Europe,3.0,13206.37,Closed -Lost,Analytics,1.6816473856262202,14.320748993800203,3.0,2023-05
A01482,2023-05-31,4714.74,4714.74,False,True,,,Jackson Inc,SMB SaaS,32.0,LATAM,1.0,16559.39,Closed -Won,Core,16.34737082423114,1.3773458601867685,0.0,2023-05
A01590,2023-05-31,16270.25,16270.25,False,True,,,"Nguyen, Olson and Freeman",E -Commerce,24.0,LATAM,2.0,12299.7,Closed -Won,Analytics,15.235438110530326,2.1155106208906247,0.0,2023-05
A01744,2023-05-31,33143.51,33143.51,False,True,,,Warren and Sons,E -Commerce,24.0,North America,2.0,7461.53,Closed -Won,API,10.563821489023155,1.8698520608071503,1.0,2023-05
A01807,2023-05-31,13160.34,13160.34,False,True,,,Young Ltd,HealthTech,21.0,Europe,1.0,14824.35,Closed -Won,Core,15.071215373547691,1.3598659558853816,0.0,2023-05
A01871,2023-05-31,14301.42,14301.42,False,True,,,Lee-Johnson,FinTech,21.0,North America,3.0,23253.34,Closed -Won,Automation,10.201303526607182,2.6571915113894136,0.0,2023-05
A01913,2023-05-31,22169.86,22169.86,False,True,,,Sullivan and Sons,SMB SaaS,19.0,Europe,1.0,19981.54,Closed -Lost,Core,13.471671890570637,1.2483218140397465,0.0,2023-05
A02025,2023-05-31,32055.2,32055.2,False,True,,,Williams LLC,MarTech,18.0,North America,5.0,11222.53,Closed -Won,API,15.61549402447754,1.9568541032345046,1.0,2023-05
A02129,2023-05-31,8161.31,8161.31,False,True,,,"Nelson, Clarke and Schneider",HealthTech,34.0,Europe,4.0,12696.22,Closed -Won,Core,14.824391656673214,0.7855992376250165,3.0,2023-05
A02138,2023-05-31,69727.98,69727.98,False,True,,,Hernandez-Howell,E -Commerce,11.0,North America,2.0,13131.72,Closed -Won,Core,16.195630928151555,2.1000857265865385,2.0,2023-05
A02259,2023-05-31,48731.91,48731.91,False,True,,,Smith and Sons,EdTech,8.0,Asia,1.0,17981.25,Negotiation,Premium Support,0.5444478566441351,27.871006475726723,3.0,2023-05
A02316,2023-05-31,6050.81,6050.81,False,True,,,Rhodes-Holland,EdTech,32.0,North America,1.0,15469.33,Closed -Won,Analytics,3.7096811628142206,24.379553285589594,4.0,2023-05
A02522,2023-05-31,44254.55,44254.55,False,True,,,Ward-Blake,Logistics,12.0,Europe,3.0,20995.51,Closed -Won,API,18.53780861494711,2.4477946571945646,1.0,2023-05
A02559,2023-05-31,39381.98,39381.98,False,True,,,Davidson and Sons,FinTech,35.0,Asia,2.0,18535.53,Negotiation,API,13.513692079982045,2.02833647106054,0.0,2023-05
A02657,2023-05-31,20551.44,20551.44,False,True,,,Myers-Colon,HealthTech,9.0,LATAM,4.0,16216.33,Closed -Lost,Core,12.462641223044718,2.957642465231389,0.0,2023-05
A02728,2023-05-31,16170.88,16170.88,False,True,,,Thompson-Wright,EdTech,17.0,Europe,3.0,16667.93,Closed -Won,Core,9.767229648903749,0.9636351629012909,1.0,2023-05
A02780,2023-05-31,3921.65,3921.65,False,True,,,Ortega Inc,MarTech,7.0,LATAM,3.0,9198.05,Closed -Won,Core,17.18150542381073,1.385590454599071,0.0,2023-05
A02789,2023-05-31,18268.66,18268.66,False,True,,,Hardy-Barron,Logistics,29.0,Europe,1.0,10284.91,Closed -Won,Core,17.805541508000296,2.060466220751908,0.0,2023-05
A00104,2023-06-30,16166.54,16166.54,False,True,,,"Tran, Jordan and Williams",E -Commerce,19.0,North America,1.0,10116.09,Closed -Won,Analytics,10.67490720085453,0.8290574330572773,0.0,2023-06
A00147,2023-06-30,29545.71,29545.71,False,True,,,Robinson-Brock,E -Commerce,24.0,Europe,3.0,12634.99,Closed -Won,Analytics,14.420432023813609,0.5102214954712907,2.0,2023-06
A00150,2023-06-30,74175.35,74175.35,False,True,,,"Schmidt, Hansen and Stewart",E -Commerce,21.0,Asia,4.0,14054.51,Closed -Won,Analytics,14.527876929391994,2.9124674688839423,0.0,2023-06
A00465,2023-06-30,35483.15,35483.15,False,True,,,"Rosales, Mitchell and Hines",E -Commerce,30.0,Asia,1.0,14703.38,Closed -Won,Analytics,11.032986891935,1.9197381995987837,2.0,2023-06
A00575,2023-06-30,6315.09,6315.09,False,True,,,"Lee, Tran and Jones",CyberSecurity,20.0,Asia,1.0,18172.71,Closed -Won,API,13.965062922545167,2.222000359899351,0.0,2023-06
A00773,2023-06-30,7719.53,7719.53,False,True,,,Thomas-Jackson,CyberSecurity,23.0,Europe,1.0,17025.43,Closed -Won,Premium Support,12.979672058954755,1.5389667400249982,0.0,2023-06
A00845,2023-06-30,50784.99,50784.99,False,True,,,Adams PLC,SMB SaaS,27.0,North America,1.0,13237.07,Closed -Won,API,10.233619447913796,0.9480343062121139,0.0,2023-06
A00846,2023-06-30,3702.4,3702.4,False,True,,,Weaver-Sherman,E -Commerce,9.0,Europe,1.0,17506.61,Closed -Won,Core,15.831078483656636,0.0,2.0,2023-06
A00889,2023-06-30,0.0,11684.42,True,False,,,"Anderson, Jones and Reyes",SMB SaaS,29.0,LATAM,1.0,16934.21,Closed -Won,Premium Support,4.231334950064418,31.962323627848335,4.0,2023-06
A01237,2023-06-30,19061.5,19061.5,False,True,,,"Andrade, Gordon and Cruz",CyberSecurity,17.0,North America,1.0,19748.8,Closed -Won,Core,8.472193775619436,3.3045320452975324,1.0,2023-06
A01266,2023-06-30,31888.15,31888.15,False,True,,,Cole-Lucero,EdTech,30.0,Asia,3.0,13648.01,Closed -Won,Analytics,12.776016351534023,1.893600242384817,0.0,2023-06
A01279,2023-06-30,24124.95,24124.95,False,True,,,"Moreno, Barajas and Colon",HealthTech,20.0,Europe,1.0,10040.58,Closed -Won,API,14.64605837718135,2.847489682822388,1.0,2023-06
A01362,2023-06-30,27622.66,27622.66,False,True,,,"Vargas, Taylor and Hunt",MarTech,29.0,Asia,4.0,17745.82,Closed -Won,Core,17.32354375666135,2.7758990281831633,0.0,2023-06
A01399,2023-06-30,28586.55,28586.55,False,True,,,Brock and Sons,SMB SaaS,19.0,North America,2.0,10964.59,On -Hold,Premium Support,12.333483105626069,1.8658394465176908,1.0,2023-06
A01532,2023-06-30,21650.48,21650.48,False,True,,,"Robinson, Rodriguez and Chen",EdTech,16.0,North America,1.0,18698.5,Closed -Won,API,16.464382388580283,2.526408999046171,2.0,2023-06
A01590,2023-06-30,29852.33,29852.33,False,True,,,"Nguyen, Olson and Freeman",E -Commerce,24.0,LATAM,2.0,12299.7,Closed -Won,Analytics,19.04648902472856,1.3474393665327513,1.0,2023-06
A01642,2023-06-30,33095.3,33095.3,False,True,,,"Taylor, Blair and Meyer",EdTech,16.0,LATAM,3.0,8580.58,Closed -Won,Premium Support,11.000175400728995,2.1608202558776983,2.0,2023-06
A01739,2023-06-30,67041.98,67041.98,False,True,,,"Ferguson, Martin and Obrien",Logistics,29.0,LATAM,1.0,20048.75,Closed -Won,Premium Support,3.081944928957967,18.125145960827645,3.0,2023-06
A01744,2023-06-30,9523.59,9523.59,False,True,,,Warren and Sons,E -Commerce,24.0,North America,2.0,7461.53,Closed -Won,API,4.980065259187239,16.97752474954825,5.0,2023-06
A01763,2023-06-30,7870.97,7870.97,False,True,,,Andrews-Jackson,FinTech,8.0,Europe,1.0,11631.57,Closed -Won,Core,1.1167572300835191,22.440822725222834,5.0,2023-06
A01807,2023-06-30,22196.16,22196.16,False,True,,,Young Ltd,HealthTech,21.0,Europe,1.0,14824.35,Closed -Won,Core,0.0,23.08030753261915,4.0,2023-06
A01871,2023-06-30,18651.86,18651.86,False,True,,,Lee-Johnson,FinTech,21.0,North America,3.0,23253.34,Closed -Won,Core,12.30075182005739,2.3750704319825164,1.0,2023-06
A01913,2023-06-30,8213.6,8213.6,False,True,,,Sullivan and Sons,SMB SaaS,19.0,Europe,1.0,19981.54,Closed -Lost,Core,11.471251763442481,1.4099938018430467,2.0,2023-06
A02025,2023-06-30,20467.77,20467.77,False,True,,,Williams LLC,MarTech,18.0,North America,5.0,11222.53,Closed -Won,Analytics,12.730054573358483,1.2883319522631635,0.0,2023-06
A02129,2023-06-30,51604.1,51604.1,False,True,,,"Nelson, Clarke and Schneider",HealthTech,34.0,Europe,4.0,12696.22,Closed -Won,Analytics,1.9092569797055372,19.873744611582513,3.0,2023-06
A02138,2023-06-30,0.0,18386.63,True,False,,,Hernandez-Howell,E -Commerce,11.0,North America,2.0,13131.72,Closed -Won,API,0.3432924762654972,20.438093703712482,4.0,2023-06
A02259,2023-06-30,16843.24,16843.24,False,True,,,Smith and Sons,EdTech,8.0,Asia,1.0,17981.25,Negotiation,Automation,13.997273977058551,1.5474300453058947,0.0,2023-06
A02316,2023-06-30,30875.3,30875.3,False,True,,,Rhodes-Holland,EdTech,32.0,North America,1.0,15469.33,Closed -Won,Automation,12.391734484805408,2.6035128373245664,2.0,2023-06
A02331,2023-06-30,0.0,15174.75,True,False,,,Clark Inc,EdTech,30.0,Europe,4.0,17319.41,Closed -Won,Automation,15.421649858322224,2.1869272626966176,1.0,2023-06
A02339,2023-06-30,0.0,49786.91,True,False,,,Smith Inc,FinTech,14.0,North America,3.0,9800.52,Closed -Won,API,13.548002561105209,2.5481988511818967,2.0,2023-06
A02499,2023-06-30,6993.15,6993.15,False,True,,,"Miller, Mcdowell and Curtis",HealthTech,17.0,North America,2.0,13986.42,Closed -Won,Automation,0.3252871959436421,20.35351116388362,1.0,2023-06
A02522,2023-06-30,13896.12,13896.12,False,True,,,Ward-Blake,Logistics,12.0,Europe,3.0,20995.51,Closed -Won,Premium Support,18.771318776952537,3.0970649825273986,1.0,2023-06
A02657,2023-06-30,37668.87,37668.87,False,True,,,Myers-Colon,HealthTech,9.0,LATAM,4.0,16216.33,Closed -Lost,Analytics,11.65712038580708,2.1465760257153175,1.0,2023-06
A02752,2023-06-30,38021.53,38021.53,False,True,,,Fitzgerald-Allen,EdTech,6.0,LATAM,5.0,8429.66,Closed -Won,Analytics,17.100233814446227,1.6932795595479915,1.0,2023-06
A02780,2023-06-30,31630.49,31630.49,False,True,,,Ortega Inc,MarTech,7.0,LATAM,3.0,9198.05,Closed -Won,Premium Support,11.453414419422062,2.670653316053919,0.0,2023-06
A02789,2023-06-30,1182.25,1182.25,False,True,,,Hardy-Barron,Logistics,29.0,Europe,1.0,10284.91,Closed -Won,Core,0.09733391380689138,21.53498169491507,5.0,2023-06
A00147,2023-07-31,133361.6,133361.6,False,True,,,Robinson-Brock,E -Commerce,24.0,Europe,3.0,12634.99,Closed -Won,Core,16.51887489834628,1.4018310480320588,4.0,2023-07
A00233,2023-07-31,60858.54,60858.54,False,True,,,"Clark, Guerrero and Moore",E -Commerce,21.0,LATAM,2.0,15377.88,Closed -Won,API,9.180394343025903,1.6480663300531586,0.0,2023-07
A00429,2023-07-31,49965.01,49965.01,False,True,,,Gilbert PLC,CyberSecurity,20.0,LATAM,2.0,11417.11,Closed -Won,Analytics,0.0,22.363499267838215,6.0,2023-07
A00465,2023-07-31,43302.33,43302.33,False,True,,,"Rosales, Mitchell and Hines",E -Commerce,30.0,Asia,1.0,14703.38,Closed -Won,Analytics,14.252876115912521,1.37737287312356,1.0,2023-07
A00575,2023-07-31,65963.58,65963.58,False,True,,,"Lee, Tran and Jones",CyberSecurity,20.0,Asia,1.0,18172.71,Closed -Won,API,8.019510592279264,0.7977419225303237,1.0,2023-07
A00801,2023-07-31,46698.78,46698.78,False,True,,,Garcia and Sons,MarTech,21.0,Asia,1.0,8725.56,Closed -Won,Core,10.694220817263634,2.667167524009478,0.0,2023-07
A00846,2023-07-31,14431.12,14431.12,False,True,,,Weaver-Sherman,E -Commerce,9.0,Europe,1.0,17506.61,Closed -Won,Analytics,1.037540335258566,24.095922381611533,1.0,2023-07
A01237,2023-07-31,34638.53,34638.53,False,True,,,"Andrade, Gordon and Cruz",CyberSecurity,17.0,North America,1.0,19748.8,Closed -Won,API,16.26408788456907,3.1128763618381363,0.0,2023-07
A01266,2023-07-31,108101.99,108101.99,False,True,,,Cole-Lucero,EdTech,30.0,Asia,3.0,13648.01,Closed -Won,Analytics,17.696912609489974,1.482333906665653,1.0,2023-07
A01279,2023-07-31,22455.77,22455.77,False,True,,,"Moreno, Barajas and Colon",HealthTech,20.0,Europe,1.0,10040.58,Closed -Won,API,17.8412677911966,1.2517625063703486,0.0,2023-07
A01399,2023-07-31,48101.53,48101.53,False,True,,,Brock and Sons,SMB SaaS,19.0,North America,2.0,10964.59,On -Hold,Analytics,17.00388559726137,3.9318243004187634,2.0,2023-07
A01409,2023-07-31,23756.49,23756.49,False,True,,,Allen-Smith,HealthTech,16.0,North America,1.0,15400.17,Closed -Won,Analytics,14.336622577314426,4.044559425748426,1.0,2023-07
A01532,2023-07-31,23314.42,23314.42,False,True,,,"Robinson, Rodriguez and Chen",EdTech,16.0,North America,1.0,18698.5,Closed -Won,Core,4.771274453323143,24.33575166535842,5.0,2023-07
A01590,2023-07-31,0.0,77090.9,True,False,,,"Nguyen, Olson and Freeman",E -Commerce,24.0,LATAM,2.0,12299.7,Closed -Won,Core,4.823320306645844,28.32805945648743,7.0,2023-07
A01642,2023-07-31,28582.33,28582.33,False,True,,,"Taylor, Blair and Meyer",EdTech,16.0,LATAM,3.0,8580.58,Closed -Won,Analytics,13.413124282773099,2.783448211274519,2.0,2023-07
A01739,2023-07-31,64257.23,64257.23,False,True,,,"Ferguson, Martin and Obrien",Logistics,29.0,LATAM,1.0,20048.75,Closed -Won,Core,13.085043212292746,2.3924919780894034,1.0,2023-07
A01744,2023-07-31,15917.28,15917.28,False,True,,,Warren and Sons,E -Commerce,24.0,North America,2.0,7461.53,Closed -Won,Premium Support,12.848882171167283,2.175720583828622,1.0,2023-07
A01871,2023-07-31,28668.81,28668.81,False,True,,,Lee-Johnson,FinTech,21.0,North America,3.0,23253.34,Closed -Won,Core,21.914236877709442,2.49614827588908,0.0,2023-07
A01913,2023-07-31,15987.08,15987.08,False,True,,,Sullivan and Sons,SMB SaaS,19.0,Europe,1.0,19981.54,Closed -Lost,Core,14.429504190999216,2.139124318417741,1.0,2023-07
A02025,2023-07-31,0.0,25817.74,True,False,,,Williams LLC,MarTech,18.0,North America,5.0,11222.53,Closed -Won,API,12.711108915006731,3.468501685319349,4.0,2023-07
A02129,2023-07-31,34348.25,34348.25,False,True,,,"Nelson, Clarke and Schneider",HealthTech,34.0,Europe,4.0,12696.22,Closed -Won,Analytics,14.0392843694136,1.7409958247793156,1.0,2023-07
A02259,2023-07-31,7472.13,7472.13,False,True,,,Smith and Sons,EdTech,8.0,Asia,1.0,17981.25,Negotiation,Core,11.52513237332939,1.0748219450809617,1.0,2023-07
A02316,2023-07-31,47764.72,47764.72,False,True,,,Rhodes-Holland,EdTech,32.0,North America,1.0,15469.33,Closed -Won,Analytics,13.556012628392498,1.231841052676105,0.0,2023-07
A02499,2023-07-31,20090.51,20090.51,False,True,,,"Miller, Mcdowell and Curtis",HealthTech,17.0,North America,2.0,13986.42,Closed -Won,Core,21.00023992458887,0.5619752321834324,0.0,2023-07
A02522,2023-07-31,39784.08,39784.08,False,True,,,Ward-Blake,Logistics,12.0,Europe,3.0,20995.51,Closed -Won,Core,16.665110519596432,3.147588758467146,0.0,2023-07
A02559,2023-07-31,18983.78,18983.78,False,True,,,Davidson and Sons,FinTech,35.0,Asia,2.0,18535.53,Negotiation,Automation,2.578169543675455,20.89954856841146,3.0,2023-07
A02657,2023-07-31,32323.44,32323.44,False,True,,,Myers-Colon,HealthTech,9.0,LATAM,4.0,16216.33,Closed -Lost,Premium Support,15.052727876281939,1.2321807969465415,2.0,2023-07
A02728,2023-07-31,5471.57,5471.57,False,True,,,Thompson-Wright,EdTech,17.0,Europe,3.0,16667.93,Closed -Won,Automation,21.542506755720172,2.4797651340678546,0.0,2023-07
A02752,2023-07-31,46871.04,46871.04,False,True,,,Fitzgerald-Allen,EdTech,6.0,LATAM,5.0,8429.66,Closed -Won,Core,14.596743646684999,3.9490653858122213,4.0,2023-07
A02780,2023-07-31,23329.41,23329.41,False,True,,,Ortega Inc,MarTech,7.0,LATAM,3.0,9198.05,Closed -Won,Premium Support,11.329569750536729,1.5731961926690092,0.0,2023-07
A00104,2023-08-31,16555.76,16555.76,False,True,,,"Tran, Jordan and Williams",E -Commerce,19.0,North America,1.0,10116.09,Closed -Won,Core,11.17758297336496,1.8330281470386771,0.0,2023-08
A00147,2023-08-31,1080.27,1080.27,False,True,,,Robinson-Brock,E -Commerce,24.0,Europe,3.0,12634.99,Closed -Won,Core,12.581054548729067,1.8159001952572695,1.0,2023-08
A00150,2023-08-31,33602.66,33602.66,False,True,,,"Schmidt, Hansen and Stewart",E -Commerce,21.0,Asia,4.0,14054.51,Closed -Won,Core,12.418807799494221,2.770071519024501,2.0,2023-08
A00233,2023-08-31,41038.77,41038.77,False,True,,,"Clark, Guerrero and Moore",E -Commerce,21.0,LATAM,2.0,15377.88,Closed -Won,API,16.563879192737897,0.7009859260000346,1.0,2023-08
A00429,2023-08-31,43781.01,43781.01,False,True,,,Gilbert PLC,CyberSecurity,20.0,LATAM,2.0,11417.11,Closed -Won,Analytics,16.23549175415552,0.0,1.0,2023-08
A00465,2023-08-31,17480.94,17480.94,False,True,,,"Rosales, Mitchell and Hines",E -Commerce,30.0,Asia,1.0,14703.38,Closed -Won,Core,10.60787507431617,2.0635152510360264,1.0,2023-08
A00575,2023-08-31,59795.77,59795.77,False,True,,,"Lee, Tran and Jones",CyberSecurity,20.0,Asia,1.0,18172.71,Closed -Won,Premium Support,18.335497570971537,3.690668124493659,1.0,2023-08
A00773,2023-08-31,108696.23,108696.23,False,True,,,Thomas-Jackson,CyberSecurity,23.0,Europe,1.0,17025.43,Closed -Won,Core,11.275985366069143,1.8061211060118838,1.0,2023-08
A00845,2023-08-31,25743.38,25743.38,False,True,,,Adams PLC,SMB SaaS,27.0,North America,1.0,13237.07,Closed -Won,Analytics,15.193972983662569,2.745535499031136,0.0,2023-08
A00846,2023-08-31,12038.03,12038.03,False,True,,,Weaver-Sherman,E -Commerce,9.0,Europe,1.0,17506.61,Closed -Won,Core,13.011851451840654,1.705618384222951,0.0,2023-08
A01190,2023-08-31,65692.39,65692.39,False,True,,,Nelson-Cruz,MarTech,7.0,LATAM,1.0,14137.58,Closed -Won,Analytics,0.40185712050261735,33.62025206936396,5.0,2023-08
A01237,2023-08-31,105586.02,105586.02,False,True,,,"Andrade, Gordon and Cruz",CyberSecurity,17.0,North America,1.0,19748.8,Closed -Won,Core,15.579018886605143,3.1440708120126546,0.0,2023-08
A01279,2023-08-31,38733.32,38733.32,False,True,,,"Moreno, Barajas and Colon",HealthTech,20.0,Europe,1.0,10040.58,Closed -Won,Analytics,16.12980344394667,1.3343596873161736,1.0,2023-08
A01399,2023-08-31,5417.03,5417.03,False,True,,,Brock and Sons,SMB SaaS,19.0,North America,2.0,10964.59,On -Hold,Core,18.240046243450628,0.8761490000756236,1.0,2023-08
A01532,2023-08-31,53772.7,53772.7,False,True,,,"Robinson, Rodriguez and Chen",EdTech,16.0,North America,1.0,18698.5,Closed -Won,Analytics,14.127385046828719,1.8785049817125428,2.0,2023-08
A01642,2023-08-31,33222.79,33222.79,False,True,,,"Taylor, Blair and Meyer",EdTech,16.0,LATAM,3.0,8580.58,Closed -Won,API,12.325294051624939,1.2265786686482667,1.0,2023-08
A01744,2023-08-31,70572.05,70572.05,False,True,,,Warren and Sons,E -Commerce,24.0,North America,2.0,7461.53,Closed -Won,Analytics,3.1512500293122887,15.0638344097631,5.0,2023-08
A01763,2023-08-31,37265.42,37265.42,False,True,,,Andrews-Jackson,FinTech,8.0,Europe,1.0,11631.57,Closed -Won,Core,17.040097084992095,0.8200876979120644,0.0,2023-08
A01871,2023-08-31,32834.81,32834.81,False,True,,,Lee-Johnson,FinTech,21.0,North America,3.0,23253.34,Closed -Won,Core,15.339071917164361,2.6591228016891177,1.0,2023-08
A01913,2023-08-31,95411.64,95411.64,False,True,,,Sullivan and Sons,SMB SaaS,19.0,Europe,1.0,19981.54,Closed -Lost,API,0.7220827074821199,27.781027038148064,5.0,2023-08
A02259,2023-08-31,27634.28,27634.28,False,True,,,Smith and Sons,EdTech,8.0,Asia,1.0,17981.25,Negotiation,API,17.64649959523917,1.165785357458355,0.0,2023-08
A02316,2023-08-31,47428.25,47428.25,False,True,,,Rhodes-Holland,EdTech,32.0,North America,1.0,15469.33,Closed -Won,Analytics,13.183928701617846,1.6247513399013653,3.0,2023-08
A02499,2023-08-31,24737.46,24737.46,False,True,,,"Miller, Mcdowell and Curtis",HealthTech,17.0,North America,2.0,13986.42,Closed -Won,Core,14.66597464711385,3.266574671721042,0.0,2023-08
A02522,2023-08-31,0.0,44787.79,True,False,,,Ward-Blake,Logistics,12.0,Europe,3.0,20995.51,Closed -Won,Core,0.42338384916795624,23.84194672053581,2.0,2023-08
A02559,2023-08-31,32375.75,32375.75,False,True,,,Davidson and Sons,FinTech,35.0,Asia,2.0,18535.53,Negotiation,API,12.957127280730687,0.7629659465126921,1.0,2023-08
A02728,2023-08-31,57388.37,57388.37,False,True,,,Thompson-Wright,EdTech,17.0,Europe,3.0,16667.93,Closed -Won,Core,6.813801326652968,3.4347159589773275,1.0,2023-08
A02752,2023-08-31,36371.64,36371.64,False,True,,,Fitzgerald-Allen,EdTech,6.0,LATAM,5.0,8429.66,Closed -Won,Core,19.930767616696595,3.180827319485528,0.0,2023-08
A02780,2023-08-31,59214.41,59214.41,False,True,,,Ortega Inc,MarTech,7.0,LATAM,3.0,9198.05,Closed -Won,API,12.481103550775202,3.330552040977908,1.0,2023-08
A02789,2023-08-31,34295.29,34295.29,False,True,,,Hardy-Barron,Logistics,29.0,Europe,1.0,10284.91,Closed -Won,Premium Support,13.087998314510084,2.800271329674027,0.0,2023-08
A00147,2023-09-30,62900.82,62900.82,False,True,,,Robinson-Brock,E -Commerce,24.0,Europe,3.0,12634.99,Closed -Won,Automation,14.159253907724787,1.2031926507212156,0.0,2023-09
A00233,2023-09-30,50794.42,50794.42,False,True,,,"Clark, Guerrero and Moore",E -Commerce,21.0,LATAM,2.0,15377.88,Closed -Won,Core,16.571051534139706,2.415691504923319,0.0,2023-09
A00429,2023-09-30,44973.66,44973.66,False,True,,,Gilbert PLC,CyberSecurity,20.0,LATAM,2.0,11417.11,Closed -Won,Analytics,13.539774434043732,2.305572894907673,0.0,2023-09
A00575,2023-09-30,31403.3,31403.3,False,True,,,"Lee, Tran and Jones",CyberSecurity,20.0,Asia,1.0,18172.71,Closed -Won,Core,4.288705836820093,27.45581494939476,3.0,2023-09
A00801,2023-09-30,76543.11,76543.11,False,True,,,Garcia and Sons,MarTech,21.0,Asia,1.0,8725.56,Closed -Won,API,10.397972985572778,2.9114208930863335,0.0,2023-09
A00845,2023-09-30,59786.81,59786.81,False,True,,,Adams PLC,SMB SaaS,27.0,North America,1.0,13237.07,Closed -Won,Analytics,11.820196399460366,2.1781965440492983,2.0,2023-09
A00846,2023-09-30,33412.51,33412.51,False,True,,,Weaver-Sherman,E -Commerce,9.0,Europe,1.0,17506.61,Closed -Won,Automation,15.950263399980525,2.871841570055125,1.0,2023-09
A01190,2023-09-30,50111.61,50111.61,False,True,,,Nelson-Cruz,MarTech,7.0,LATAM,1.0,14137.58,Closed -Won,Premium Support,3.140491853591591,11.938399998632832,4.0,2023-09
A01279,2023-09-30,118332.57,118332.57,False,True,,,"Moreno, Barajas and Colon",HealthTech,20.0,Europe,1.0,10040.58,Closed -Won,Core,13.605493320784346,3.4780956489826775,1.0,2023-09
A01362,2023-09-30,103382.95,103382.95,False,True,,,"Vargas, Taylor and Hunt",MarTech,29.0,Asia,4.0,17745.82,Closed -Won,Core,10.135286937074593,1.281182327627941,1.0,2023-09
A01399,2023-09-30,47573.83,47573.83,False,True,,,Brock and Sons,SMB SaaS,19.0,North America,2.0,10964.59,On -Hold,Core,9.57636994428171,3.9892488107794266,2.0,2023-09
A01409,2023-09-30,59144.52,59144.52,False,True,,,Allen-Smith,HealthTech,16.0,North America,1.0,15400.17,Closed -Won,Core,1.056804573497941,19.896848961778513,2.0,2023-09
A01532,2023-09-30,2630.28,2630.28,False,True,,,"Robinson, Rodriguez and Chen",EdTech,16.0,North America,1.0,18698.5,Closed -Won,Core,17.92559317481549,2.9584763835922248,2.0,2023-09
A01642,2023-09-30,42512.56,42512.56,False,True,,,"Taylor, Blair and Meyer",EdTech,16.0,LATAM,3.0,8580.58,Closed -Won,API,9.779395239099568,2.9575747482362233,0.0,2023-09
A01739,2023-09-30,90126.04,90126.04,False,True,,,"Ferguson, Martin and Obrien",Logistics,29.0,LATAM,1.0,20048.75,Closed -Won,Automation,17.69907270974511,0.6555488993201171,2.0,2023-09
A01744,2023-09-30,10526.54,10526.54,False,True,,,Warren and Sons,E -Commerce,24.0,North America,2.0,7461.53,Closed -Won,Automation,13.442925161656586,2.9954175724067964,0.0,2023-09
A01763,2023-09-30,0.0,42650.56,True,False,,,Andrews-Jackson,FinTech,8.0,Europe,1.0,11631.57,Closed -Won,Core,2.813948322691116,20.489394015968628,4.0,2023-09
A01871,2023-09-30,27252.08,27252.08,False,True,,,Lee-Johnson,FinTech,21.0,North America,3.0,23253.34,Closed -Won,Core,14.219111604992586,1.5520316636920106,0.0,2023-09
A01913,2023-09-30,34203.2,34203.2,False,True,,,Sullivan and Sons,SMB SaaS,19.0,Europe,1.0,19981.54,Closed -Lost,Premium Support,16.323369786877635,3.623508508913087,3.0,2023-09
A02129,2023-09-30,63435.89,63435.89,False,True,,,"Nelson, Clarke and Schneider",HealthTech,34.0,Europe,4.0,12696.22,Closed -Won,Premium Support,17.293012774675265,0.1051820976304676,1.0,2023-09
A02259,2023-09-30,29883.66,29883.66,False,True,,,Smith and Sons,EdTech,8.0,Asia,1.0,17981.25,Negotiation,Premium Support,13.356327147641156,1.3874648020964846,1.0,2023-09
A02316,2023-09-30,0.0,65263.14,True,False,,,Rhodes-Holland,EdTech,32.0,North America,1.0,15469.33,Closed -Won,Core,6.831235355267125,31.55788231093716,0.0,2023-09
A02559,2023-09-30,0.0,37148.67,True,False,,,Davidson and Sons,FinTech,35.0,Asia,2.0,18535.53,Negotiation,Core,5.405734975569901,25.541241422751668,3.0,2023-09
A02728,2023-09-30,116767.01,116767.01,False,True,,,Thompson-Wright,EdTech,17.0,Europe,3.0,16667.93,Closed -Won,Analytics,11.04045232224858,2.3917216957426577,0.0,2023-09
A02789,2023-09-30,51650.96,51650.96,False,True,,,Hardy-Barron,Logistics,29.0,Europe,1.0,10284.91,Closed -Won,Core,9.789752648770413,2.1926857678961467,1.0,2023-09
A00147,2023-10-31,146489.39,146489.39,False,True,,,Robinson-Brock,E -Commerce,24.0,Europe,3.0,12634.99,Closed -Won,API,16.7324959437509,1.2265990393557034,2.0,2023-10
A00150,2023-10-31,76450.92,76450.92,False,True,,,"Schmidt, Hansen and Stewart",E -Commerce,21.0,Asia,4.0,14054.51,Closed -Won,Premium Support,15.710196780853044,1.1666377941262027,0.0,2023-10
A00429,2023-10-31,109342.19,109342.19,False,True,,,Gilbert PLC,CyberSecurity,20.0,LATAM,2.0,11417.11,Closed -Won,Analytics,1.9510782393299153,24.892475467487827,2.0,2023-10
A00465,2023-10-31,120908.25,120908.25,False,True,,,"Rosales, Mitchell and Hines",E -Commerce,30.0,Asia,1.0,14703.38,Closed -Won,Analytics,13.699296168633282,1.4143133738338651,2.0,2023-10
A00575,2023-10-31,46014.8,46014.8,False,True,,,"Lee, Tran and Jones",CyberSecurity,20.0,Asia,1.0,18172.71,Closed -Won,Automation,9.285030506309495,3.3130186051227346,1.0,2023-10
A00801,2023-10-31,210483.07,210483.07,False,True,,,Garcia and Sons,MarTech,21.0,Asia,1.0,8725.56,Closed -Won,API,1.0536630666268976,23.699656598438267,5.0,2023-10
A00845,2023-10-31,0.0,60208.83,True,False,,,Adams PLC,SMB SaaS,27.0,North America,1.0,13237.07,Closed -Won,Analytics,12.884238750089406,3.031879805238409,2.0,2023-10
A01190,2023-10-31,20832.8,20832.8,False,True,,,Nelson-Cruz,MarTech,7.0,LATAM,1.0,14137.58,Closed -Won,Premium Support,13.3526321653837,1.6415825884623891,1.0,2023-10
A01237,2023-10-31,0.0,230723.69,True,False,,,"Andrade, Gordon and Cruz",CyberSecurity,17.0,North America,1.0,19748.8,Closed -Won,Core,0.8536621729031348,25.568632086449846,4.0,2023-10
A01266,2023-10-31,105882.71,105882.71,False,True,,,Cole-Lucero,EdTech,30.0,Asia,3.0,13648.01,Closed -Won,API,13.047861912620112,2.496773212707197,0.0,2023-10
A01279,2023-10-31,19213.51,19213.51,False,True,,,"Moreno, Barajas and Colon",HealthTech,20.0,Europe,1.0,10040.58,Closed -Won,Analytics,15.844504866690151,3.8085077030124372,0.0,2023-10
A01362,2023-10-31,114299.85,114299.85,False,True,,,"Vargas, Taylor and Hunt",MarTech,29.0,Asia,4.0,17745.82,Closed -Won,Analytics,11.300309843183207,0.9503382833331335,1.0,2023-10
A01399,2023-10-31,59868.99,59868.99,False,True,,,Brock and Sons,SMB SaaS,19.0,North America,2.0,10964.59,On -Hold,Automation,14.989856380172823,1.659364065367913,2.0,2023-10
A01409,2023-10-31,119537.69,119537.69,False,True,,,Allen-Smith,HealthTech,16.0,North America,1.0,15400.17,Closed -Won,Core,16.607797896555137,1.3873998789202513,0.0,2023-10
A01532,2023-10-31,139368.33,139368.33,False,True,,,"Robinson, Rodriguez and Chen",EdTech,16.0,North America,1.0,18698.5,Closed -Won,Core,0.9513290189123511,21.087955667822506,4.0,2023-10
A01642,2023-10-31,0.0,99623.18,True,False,,,"Taylor, Blair and Meyer",EdTech,16.0,LATAM,3.0,8580.58,Closed -Won,API,14.747805706324012,0.47565526790139434,3.0,2023-10
A01739,2023-10-31,65910.88,65910.88,False,True,,,"Ferguson, Martin and Obrien",Logistics,29.0,LATAM,1.0,20048.75,Closed -Won,Core,14.210044657849108,1.2674820189725242,1.0,2023-10
A01744,2023-10-31,82771.55,82771.55,False,True,,,Warren and Sons,E -Commerce,24.0,North America,2.0,7461.53,Closed -Won,Core,15.603795353425578,1.6040680822295559,1.0,2023-10
A01871,2023-10-31,122902.09,122902.09,False,True,,,Lee-Johnson,FinTech,21.0,North America,3.0,23253.34,Closed -Won,Core,12.922177700715569,3.4160910248949747,1.0,2023-10
A01913,2023-10-31,134688.69,134688.69,False,True,,,Sullivan and Sons,SMB SaaS,19.0,Europe,1.0,19981.54,Closed -Lost,Premium Support,13.608394321705394,2.9893116637772357,0.0,2023-10
A02129,2023-10-31,0.0,44632.67,True,False,,,"Nelson, Clarke and Schneider",HealthTech,34.0,Europe,4.0,12696.22,Closed -Won,Automation,6.146567483501048,26.94361587046339,6.0,2023-10
A02259,2023-10-31,0.0,25076.44,True,False,,,Smith and Sons,EdTech,8.0,Asia,1.0,17981.25,Negotiation,API,4.163690315271451,30.31858742603926,7.0,2023-10
A02499,2023-10-31,68713.1,68713.1,False,True,,,"Miller, Mcdowell and Curtis",HealthTech,17.0,North America,2.0,13986.42,Closed -Won,Core,14.085598433704655,1.9121773795234462,0.0,2023-10
A02657,2023-10-31,131778.73,131778.73,False,True,,,Myers-Colon,HealthTech,9.0,LATAM,4.0,16216.33,Closed -Lost,Premium Support,15.848022985060013,2.323783701998128,2.0,2023-10
A02728,2023-10-31,71661.01,71661.01,False,True,,,Thompson-Wright,EdTech,17.0,Europe,3.0,16667.93,Closed -Won,Core,13.799011473737707,4.110003431930822,1.0,2023-10
A02752,2023-10-31,28817.91,28817.91,False,True,,,Fitzgerald-Allen,EdTech,6.0,LATAM,5.0,8429.66,Closed -Won,API,16.763620878341857,2.268809686355853,0.0,2023-10
A02780,2023-10-31,97706.71,97706.71,False,True,,,Ortega Inc,MarTech,7.0,LATAM,3.0,9198.05,Closed -Won,Analytics,18.00612226438956,0.521994995323253,0.0,2023-10
A02789,2023-10-31,77441.51,77441.51,False,True,,,Hardy-Barron,Logistics,29.0,Europe,1.0,10284.91,Closed -Won,Core,0.8079446657482414,31.043946537903004,2.0,2023-10
A00150,2023-11-30,0.0,49731.43,True,False,,,"Schmidt, Hansen and Stewart",E -Commerce,21.0,Asia,4.0,14054.51,Closed -Won,Automation,4.021818067809251,17.56230670870591,5.0,2023-11
A00233,2023-11-30,66098.13,66098.13,False,True,,,"Clark, Guerrero and Moore",E -Commerce,21.0,LATAM,2.0,15377.88,Closed -Won,Core,14.245499382350397,2.2623310601573827,4.0,2023-11
A00429,2023-11-30,29262.77,29262.77,False,True,,,Gilbert PLC,CyberSecurity,20.0,LATAM,2.0,11417.11,Closed -Won,Premium Support,3.992826883453259,32.896412091719476,4.0,2023-11
A00465,2023-11-30,78023.38,78023.38,False,True,,,"Rosales, Mitchell and Hines",E -Commerce,30.0,Asia,1.0,14703.38,Closed -Won,API,13.877065288596874,1.5955113325307129,3.0,2023-11
A00575,2023-11-30,63801.59,63801.59,False,True,,,"Lee, Tran and Jones",CyberSecurity,20.0,Asia,1.0,18172.71,Closed -Won,Premium Support,10.750616924129849,2.1363060615753597,1.0,2023-11
A00773,2023-11-30,0.0,80685.12,True,False,,,Thomas-Jackson,CyberSecurity,23.0,Europe,1.0,17025.43,Closed -Won,Core,2.5792425281120366,33.29041787133944,2.0,2023-11
A00801,2023-11-30,131529.43,131529.43,False,True,,,Garcia and Sons,MarTech,21.0,Asia,1.0,8725.56,Closed -Won,Premium Support,15.256282856192763,1.018566528664362,1.0,2023-11
A00846,2023-11-30,188212.4,188212.4,False,True,,,Weaver-Sherman,E -Commerce,9.0,Europe,1.0,17506.61,Closed -Won,Core,13.59118076499213,3.085622365192,2.0,2023-11
A01190,2023-11-30,68029.01,68029.01,False,True,,,Nelson-Cruz,MarTech,7.0,LATAM,1.0,14137.58,Closed -Won,Core,13.994312336520366,3.4248393145709937,3.0,2023-11
A01266,2023-11-30,0.0,38031.18,True,False,,,Cole-Lucero,EdTech,30.0,Asia,3.0,13648.01,Closed -Won,Core,4.274066576301864,19.26166133225513,2.0,2023-11
A01362,2023-11-30,27812.51,27812.51,False,True,,,"Vargas, Taylor and Hunt",MarTech,29.0,Asia,4.0,17745.82,Closed -Won,Premium Support,10.525062943729766,0.5658943969869008,0.0,2023-11
A01399,2023-11-30,186039.46,186039.46,False,True,,,Brock and Sons,SMB SaaS,19.0,North America,2.0,10964.59,On -Hold,Analytics,16.507440130209318,2.7067166006573564,3.0,2023-11
A01409,2023-11-30,116076.53,116076.53,False,True,,,Allen-Smith,HealthTech,16.0,North America,1.0,15400.17,Closed -Won,Analytics,12.907410426189358,3.2005599525736415,2.0,2023-11
A01744,2023-11-30,32104.65,32104.65,False,True,,,Warren and Sons,E -Commerce,24.0,North America,2.0,7461.53,Closed -Won,API,10.251774394103933,3.252815875496175,1.0,2023-11
A02499,2023-11-30,87030.58,87030.58,False,True,,,"Miller, Mcdowell and Curtis",HealthTech,17.0,North America,2.0,13986.42,Closed -Won,Core,16.602668012819148,0.5467816898006064,0.0,2023-11
A02657,2023-11-30,47332.31,47332.31,False,True,,,Myers-Colon,HealthTech,9.0,LATAM,4.0,16216.33,Closed -Lost,API,14.434536749781882,0.06486835969443527,3.0,2023-11
A02728,2023-11-30,21136.43,21136.43,False,True,,,Thompson-Wright,EdTech,17.0,Europe,3.0,16667.93,Closed -Won,Analytics,0.0,34.894873465280355,7.0,2023-11
A02752,2023-11-30,65532.46,65532.46,False,True,,,Fitzgerald-Allen,EdTech,6.0,LATAM,5.0,8429.66,Closed -Won,API,2.7274667857725445,16.394240006033176,1.0,2023-11
A02780,2023-11-30,72029.1,72029.1,False,True,,,Ortega Inc,MarTech,7.0,LATAM,3.0,9198.05,Closed -Won,Core,10.22098162856479,2.6067782388589604,1.0,2023-11
A02789,2023-11-30,42400.9,42400.9,False,True,,,Hardy-Barron,Logistics,29.0,Europe,1.0,10284.91,Closed -Won,Automation,8.344418265577652,2.2942966352854572,0.0,2023-11
A00233,2023-12-31,46674.0,46674.0,False,True,,,"Clark, Guerrero and Moore",E -Commerce,21.0,LATAM,2.0,15377.88,Closed -Won,Core,18.521095052031598,0.0,1.0,2023-12
A00429,2023-12-31,32630.1,32630.1,False,True,,,Gilbert PLC,CyberSecurity,20.0,LATAM,2.0,11417.11,Closed -Won,Core,14.300189071256261,3.1986769696409016,0.0,2023-12
A00465,2023-12-31,47136.79,47136.79,False,True,,,"Rosales, Mitchell and Hines",E -Commerce,30.0,Asia,1.0,14703.38,Closed -Won,API,18.55716811138916,0.0,1.0,2023-12
A00801,2023-12-31,38485.29,38485.29,False,True,,,Garcia and Sons,MarTech,21.0,Asia,1.0,8725.56,Closed -Won,Analytics,10.070775533937388,1.452444275148496,0.0,2023-12
A00846,2023-12-31,31908.66,31908.66,False,True,,,Weaver-Sherman,E -Commerce,9.0,Europe,1.0,17506.61,Closed -Won,Automation,14.27411469633479,2.104964961096042,3.0,2023-12
A01190,2023-12-31,30354.84,30354.84,False,True,,,Nelson-Cruz,MarTech,7.0,LATAM,1.0,14137.58,Closed -Won,Core,12.294507274348781,3.4294059666788197,1.0,2023-12
A01362,2023-12-31,59446.09,59446.09,False,True,,,"Vargas, Taylor and Hunt",MarTech,29.0,Asia,4.0,17745.82,Closed -Won,Core,18.60516889056236,3.1562375681761177,0.0,2023-12
A01399,2023-12-31,72299.05,72299.05,False,True,,,Brock and Sons,SMB SaaS,19.0,North America,2.0,10964.59,On -Hold,Premium Support,8.681411386422127,1.7222478869279796,2.0,2023-12
A01409,2023-12-31,69209.91,69209.91,False,True,,,Allen-Smith,HealthTech,16.0,North America,1.0,15400.17,Closed -Won,Core,15.192663359472103,1.7435349018785158,3.0,2023-12
A01532,2023-12-31,64677.33,64677.33,False,True,,,"Robinson, Rodriguez and Chen",EdTech,16.0,North America,1.0,18698.5,Closed -Won,API,15.66213847467501,3.7004331075612065,1.0,2023-12
A01739,2023-12-31,15167.62,15167.62,False,True,,,"Ferguson, Martin and Obrien",Logistics,29.0,LATAM,1.0,20048.75,Closed -Won,API,15.068264138760348,2.842443218097237,0.0,2023-12
A01744,2023-12-31,22633.21,22633.21,False,True,,,Warren and Sons,E -Commerce,24.0,North America,2.0,7461.53,Closed -Won,API,8.888166597166334,0.31767627761758344,0.0,2023-12
A01871,2023-12-31,0.0,33656.14,True,False,,,Lee-Johnson,FinTech,21.0,North America,3.0,23253.34,Closed -Won,Automation,11.722217337759119,1.921667458486114,1.0,2023-12
A01913,2023-12-31,0.0,89942.13,True,False,,,Sullivan and Sons,SMB SaaS,19.0,Europe,1.0,19981.54,Closed -Lost,Analytics,7.742514837271909,1.2522909604723629,0.0,2023-12
A02499,2023-12-31,54453.72,54453.72,False,True,,,"Miller, Mcdowell and Curtis",HealthTech,17.0,North America,2.0,13986.42,Closed -Won,API,16.531108596525293,1.8685726292024503,0.0,2023-12
A02657,2023-12-31,10837.29,10837.29,False,True,,,Myers-Colon,HealthTech,9.0,LATAM,4.0,16216.33,Closed -Lost,Premium Support,13.010040821084418,2.463234578781125,1.0,2023-12
A02728,2023-12-31,22082.28,22082.28,False,True,,,Thompson-Wright,EdTech,17.0,Europe,3.0,16667.93,Closed -Won,Core,5.296585938304481,27.80637591546576,5.0,2023-12
A02789,2023-12-31,60110.76,60110.76,False,True,,,Hardy-Barron,Logistics,29.0,Europe,1.0,10284.91,Closed -Won,Automation,5.402831320396697,23.221746269330456,5.0,2023-12
A00147,2024-01-31,82424.06,82424.06,False,True,,,Robinson-Brock,E -Commerce,24.0,Europe,3.0,12634.99,Closed -Won,Analytics,15.353065925482577,2.8664133743786997,2.0,2024-01
A00429,2024-01-31,107722.97,107722.97,False,True,,,Gilbert PLC,CyberSecurity,20.0,LATAM,2.0,11417.11,Closed -Won,Core,11.004404422419329,0.6108028611250285,3.0,2024-01
A00465,2024-01-31,52029.99,52029.99,False,True,,,"Rosales, Mitchell and Hines",E -Commerce,30.0,Asia,1.0,14703.38,Closed -Won,API,18.87930555892831,2.06413716716544,1.0,2024-01
A00575,2024-01-31,109174.29,109174.29,False,True,,,"Lee, Tran and Jones",CyberSecurity,20.0,Asia,1.0,18172.71,Closed -Won,Analytics,13.586854274090946,2.4894487696017467,1.0,2024-01
A00801,2024-01-31,83958.28,83958.28,False,True,,,Garcia and Sons,MarTech,21.0,Asia,1.0,8725.56,Closed -Won,Analytics,14.956741844933191,1.154172846876174,2.0,2024-01
A00846,2024-01-31,33931.43,33931.43,False,True,,,Weaver-Sherman,E -Commerce,9.0,Europe,1.0,17506.61,Closed -Won,Premium Support,11.090616583635505,1.9285603137117284,1.0,2024-01
A01190,2024-01-31,44082.46,44082.46,False,True,,,Nelson-Cruz,MarTech,7.0,LATAM,1.0,14137.58,Closed -Won,Analytics,16.375628045313725,1.4332766314500751,0.0,2024-01
A01279,2024-01-31,106023.23,106023.23,False,True,,,"Moreno, Barajas and Colon",HealthTech,20.0,Europe,1.0,10040.58,Closed -Won,Core,10.95652547458783,2.240431247267049,2.0,2024-01
A01362,2024-01-31,59963.07,59963.07,False,True,,,"Vargas, Taylor and Hunt",MarTech,29.0,Asia,4.0,17745.82,Closed -Won,API,10.012332803282728,0.7394511301438891,0.0,2024-01
A01409,2024-01-31,48927.3,48927.3,False,True,,,Allen-Smith,HealthTech,16.0,North America,1.0,15400.17,Closed -Won,Analytics,14.777118723169222,0.17858721418273915,0.0,2024-01
A01532,2024-01-31,189960.47,189960.47,False,True,,,"Robinson, Rodriguez and Chen",EdTech,16.0,North America,1.0,18698.5,Closed -Won,Core,18.124108503126685,2.3098167536914542,0.0,2024-01
A01739,2024-01-31,83397.98,83397.98,False,True,,,"Ferguson, Martin and Obrien",Logistics,29.0,LATAM,1.0,20048.75,Closed -Won,Core,15.021530446725817,2.881399757419339,3.0,2024-01
A01744,2024-01-31,61966.2,61966.2,False,True,,,Warren and Sons,E -Commerce,24.0,North America,2.0,7461.53,Closed -Won,Analytics,0.0,37.25736544867091,3.0,2024-01
A02499,2024-01-31,26580.63,26580.63,False,True,,,"Miller, Mcdowell and Curtis",HealthTech,17.0,North America,2.0,13986.42,Closed -Won,Analytics,4.908297993553702,22.424325314216915,6.0,2024-01
A02728,2024-01-31,87351.49,87351.49,False,True,,,Thompson-Wright,EdTech,17.0,Europe,3.0,16667.93,Closed -Won,Premium Support,16.746249112752302,0.8189253114897954,3.0,2024-01
A02789,2024-01-31,65709.6,65709.6,False,True,,,Hardy-Barron,Logistics,29.0,Europe,1.0,10284.91,Closed -Won,Core,15.516980437347966,1.2174553608180483,2.0,2024-01
A00233,2024-02-29,105224.23,105224.23,False,True,,,"Clark, Guerrero and Moore",E -Commerce,21.0,LATAM,2.0,15377.88,Closed -Won,Analytics,12.311762253312754,2.8200887987911445,1.0,2024-02
A00465,2024-02-29,73581.81,73581.81,False,True,,,"Rosales, Mitchell and Hines",E -Commerce,30.0,Asia,1.0,14703.38,Closed -Won,Automation,7.705291678560908,2.5558708237571808,2.0,2024-02
A00575,2024-02-29,122915.43,122915.43,False,True,,,"Lee, Tran and Jones",CyberSecurity,20.0,Asia,1.0,18172.71,Closed -Won,Core,16.44481528671118,1.5080631847850012,0.0,2024-02
A00801,2024-02-29,42365.01,42365.01,False,True,,,Garcia and Sons,MarTech,21.0,Asia,1.0,8725.56,Closed -Won,API,13.377161948008588,0.9351704055386498,2.0,2024-02
A01190,2024-02-29,41705.35,41705.35,False,True,,,Nelson-Cruz,MarTech,7.0,LATAM,1.0,14137.58,Closed -Won,Core,14.211384011099005,1.6616844094276149,0.0,2024-02
A01279,2024-02-29,32507.27,32507.27,False,True,,,"Moreno, Barajas and Colon",HealthTech,20.0,Europe,1.0,10040.58,Closed -Won,Core,10.176853979869701,1.989113160155915,0.0,2024-02
A01362,2024-02-29,0.0,326428.24,True,False,,,"Vargas, Taylor and Hunt",MarTech,29.0,Asia,4.0,17745.82,Closed -Won,Premium Support,0.9173371801725883,29.10831301677988,5.0,2024-02
A01399,2024-02-29,103488.77,103488.77,False,True,,,Brock and Sons,SMB SaaS,19.0,North America,2.0,10964.59,On -Hold,Premium Support,13.204451313797655,4.582849740283539,1.0,2024-02
A01409,2024-02-29,53975.1,53975.1,False,True,,,Allen-Smith,HealthTech,16.0,North America,1.0,15400.17,Closed -Won,Premium Support,17.671832413985346,2.465903049928012,1.0,2024-02
A02499,2024-02-29,0.0,18485.58,True,False,,,"Miller, Mcdowell and Curtis",HealthTech,17.0,North America,2.0,13986.42,Closed -Won,Automation,3.103517282247015,28.43828805126912,10.0,2024-02
A02657,2024-02-29,142518.01,142518.01,False,True,,,Myers-Colon,HealthTech,9.0,LATAM,4.0,16216.33,Closed -Lost,Core,15.07274610213355,1.8717123027189588,0.0,2024-02
A02728,2024-02-29,127389.21,127389.21,False,True,,,Thompson-Wright,EdTech,17.0,Europe,3.0,16667.93,Closed -Won,Core,15.222249718623997,0.4607666723174404,2.0,2024-02
A02752,2024-02-29,86288.3,86288.3,False,True,,,Fitzgerald-Allen,EdTech,6.0,LATAM,5.0,8429.66,Closed -Won,Core,1.7500087715693793,31.483980233913055,1.0,2024-02
A02789,2024-02-29,68046.23,68046.23,False,True,,,Hardy-Barron,Logistics,29.0,Europe,1.0,10284.91,Closed -Won,Premium Support,1.0885249956570688,13.72846138421053,4.0,2024-02
A00147,2024-03-31,170890.45,170890.45,False,True,,,Robinson-Brock,E -Commerce,24.0,Europe,3.0,12634.99,Closed -Won,Premium Support,19.944300849336273,1.7762667884604582,0.0,2024-03
A00575,2024-03-31,423080.99,423080.99,False,True,,,"Lee, Tran and Jones",CyberSecurity,20.0,Asia,1.0,18172.71,Closed -Won,Automation,2.7308870534357634,30.486618353922218,1.0,2024-03
A00801,2024-03-31,65492.79,65492.79,False,True,,,Garcia and Sons,MarTech,21.0,Asia,1.0,8725.56,Closed -Won,Core,14.404093854959324,1.0506029839881952,1.0,2024-03
A01190,2024-03-31,110985.06,110985.06,False,True,,,Nelson-Cruz,MarTech,7.0,LATAM,1.0,14137.58,Closed -Won,Premium Support,12.581069645232908,2.405106995714164,2.0,2024-03
A01279,2024-03-31,165099.11,165099.11,False,True,,,"Moreno, Barajas and Colon",HealthTech,20.0,Europe,1.0,10040.58,Closed -Won,Core,11.718085336335312,2.2714202870344153,1.0,2024-03
A01532,2024-03-31,106627.06,106627.06,False,True,,,"Robinson, Rodriguez and Chen",EdTech,16.0,North America,1.0,18698.5,Closed -Won,Analytics,16.005973651082506,1.8594557874268833,1.0,2024-03
A01744,2024-03-31,45697.17,45697.17,False,True,,,Warren and Sons,E -Commerce,24.0,North America,2.0,7461.53,Closed -Won,Analytics,3.973090663382042,27.52965909273077,2.0,2024-03
A02728,2024-03-31,106831.48,106831.48,False,True,,,Thompson-Wright,EdTech,17.0,Europe,3.0,16667.93,Closed -Won,Core,15.47012169245776,1.308352874814954,1.0,2024-03
A02752,2024-03-31,73022.89,73022.89,False,True,,,Fitzgerald-Allen,EdTech,6.0,LATAM,5.0,8429.66,Closed -Won,Core,11.45705990849023,2.1192794128695835,0.0,2024-03
A00465,2024-04-30,265034.97,265034.97,False,True,,,"Rosales, Mitchell and Hines",E -Commerce,30.0,Asia,1.0,14703.38,Closed -Won,Core,17.569045789338155,0.012517853828204695,1.0,2024-04
A00575,2024-04-30,293548.22,293548.22,False,True,,,"Lee, Tran and Jones",CyberSecurity,20.0,Asia,1.0,18172.71,Closed -Won,Core,16.22458920173644,1.2232241235465888,1.0,2024-04
A00801,2024-04-30,61662.44,61662.44,False,True,,,Garcia and Sons,MarTech,21.0,Asia,1.0,8725.56,Closed -Won,API,4.653493248542535,19.305880344930678,6.0,2024-04
A01190,2024-04-30,108375.28,108375.28,False,True,,,Nelson-Cruz,MarTech,7.0,LATAM,1.0,14137.58,Closed -Won,Core,1.3089417942530142,26.16768313164044,4.0,2024-04
A01279,2024-04-30,252112.13,252112.13,False,True,,,"Moreno, Barajas and Colon",HealthTech,20.0,Europe,1.0,10040.58,Closed -Won,Core,14.774173883984647,1.2199376349206121,0.0,2024-04
A01399,2024-04-30,42306.86,42306.86,False,True,,,Brock and Sons,SMB SaaS,19.0,North America,2.0,10964.59,On -Hold,Core,17.643201532738992,1.6215703252401243,3.0,2024-04
A01409,2024-04-30,136694.57,136694.57,False,True,,,Allen-Smith,HealthTech,16.0,North America,1.0,15400.17,Closed -Won,Premium Support,10.996042331679135,2.5787413918773145,1.0,2024-04
A01532,2024-04-30,239606.43,239606.43,False,True,,,"Robinson, Rodriguez and Chen",EdTech,16.0,North America,1.0,18698.5,Closed -Won,Premium Support,13.225709669558132,0.0,1.0,2024-04
A01744,2024-04-30,37304.89,37304.89,False,True,,,Warren and Sons,E -Commerce,24.0,North America,2.0,7461.53,Closed -Won,Core,15.670801149987268,2.4207229418533203,0.0,2024-04
A02657,2024-04-30,56202.14,56202.14,False,True,,,Myers-Colon,HealthTech,9.0,LATAM,4.0,16216.33,Closed -Lost,Core,12.281983015463872,0.0,1.0,2024-04
A02728,2024-04-30,0.0,248193.67,True,False,,,Thompson-Wright,EdTech,17.0,Europe,3.0,16667.93,Closed -Won,Core,16.858505749885005,2.010598647001223,3.0,2024-04
A02752,2024-04-30,73098.19,73098.19,False,True,,,Fitzgerald-Allen,EdTech,6.0,LATAM,5.0,8429.66,Closed -Won,Automation,18.028274115068626,2.5199194637314846,3.0,2024-04
A00233,2024-05-31,41852.7,41852.7,False,True,,,"Clark, Guerrero and Moore",E -Commerce,21.0,LATAM,2.0,15377.88,Closed -Won,Core,15.453992959257324,2.1005386238208605,1.0,2024-05
A00429,2024-05-31,2482.85,2482.85,False,True,,,Gilbert PLC,CyberSecurity,20.0,LATAM,2.0,11417.11,Closed -Won,Analytics,17.52941229369817,1.3110302919419947,1.0,2024-05
A00465,2024-05-31,33583.58,33583.58,False,True,,,"Rosales, Mitchell and Hines",E -Commerce,30.0,Asia,1.0,14703.38,Closed -Won,Core,13.268778681767552,4.268277692603293,1.0,2024-05
A00575,2024-05-31,3707.68,3707.68,False,True,,,"Lee, Tran and Jones",CyberSecurity,20.0,Asia,1.0,18172.71,Closed -Won,API,15.258538791957495,0.6552860784645249,2.0,2024-05
A00846,2024-05-31,48117.76,48117.76,False,True,,,Weaver-Sherman,E -Commerce,9.0,Europe,1.0,17506.61,Closed -Won,Core,15.384248712278328,1.8591335114374852,0.0,2024-05
A01399,2024-05-31,35951.53,35951.53,False,True,,,Brock and Sons,SMB SaaS,19.0,North America,2.0,10964.59,On -Hold,API,10.136547861137512,1.7438428004045834,1.0,2024-05
A01409,2024-05-31,63678.54,63678.54,False,True,,,Allen-Smith,HealthTech,16.0,North America,1.0,15400.17,Closed -Won,API,18.091154601465654,1.5213455978083406,0.0,2024-05
A01532,2024-05-31,81584.17,81584.17,False,True,,,"Robinson, Rodriguez and Chen",EdTech,16.0,North America,1.0,18698.5,Closed -Won,Core,15.900618503743004,2.6295140004260587,0.0,2024-05
A01744,2024-05-31,199150.14,199150.14,False,True,,,Warren and Sons,E -Commerce,24.0,North America,2.0,7461.53,Closed -Won,Analytics,17.54331143379717,1.1206560402402264,2.0,2024-05
A02657,2024-05-31,17351.64,17351.64,False,True,,,Myers-Colon,HealthTech,9.0,LATAM,4.0,16216.33,Closed -Lost,Core,5.715046761188832,33.908771913210686,4.0,2024-05
A02752,2024-05-31,58143.56,58143.56,False,True,,,Fitzgerald-Allen,EdTech,6.0,LATAM,5.0,8429.66,Closed -Won,Core,16.696592561565975,1.9328383600219747,2.0,2024-05
A00147,2024-06-30,146665.47,146665.47,False,True,,,Robinson-Brock,E -Commerce,24.0,Europe,3.0,12634.99,Closed -Won,Core,10.987969970459625,0.48712818917575595,1.0,2024-06
A00429,2024-06-30,337165.24,337165.24,False,True,,,Gilbert PLC,CyberSecurity,20.0,LATAM,2.0,11417.11,Closed -Won,Core,16.36220350822498,2.1091137794539616,1.0,2024-06
A00575,2024-06-30,167807.48,167807.48,False,True,,,"Lee, Tran and Jones",CyberSecurity,20.0,Asia,1.0,18172.71,Closed -Won,Core,11.65515459995395,0.941398613921208,1.0,2024-06
A00801,2024-06-30,70736.71,70736.71,False,True,,,Garcia and Sons,MarTech,21.0,Asia,1.0,8725.56,Closed -Won,Core,14.660156743520822,2.3349547068996155,2.0,2024-06
A01190,2024-06-30,84295.16,84295.16,False,True,,,Nelson-Cruz,MarTech,7.0,LATAM,1.0,14137.58,Closed -Won,Analytics,21.136872943748127,2.219118825409108,1.0,2024-06
A01409,2024-06-30,114852.46,114852.46,False,True,,,Allen-Smith,HealthTech,16.0,North America,1.0,15400.17,Closed -Won,API,14.970577392950396,0.718656772581971,1.0,2024-06
A01532,2024-06-30,224735.5,224735.5,False,True,,,"Robinson, Rodriguez and Chen",EdTech,16.0,North America,1.0,18698.5,Closed -Won,API,17.84714750978449,1.923877841699742,0.0,2024-06
A01744,2024-06-30,76950.98,76950.98,False,True,,,Warren and Sons,E -Commerce,24.0,North America,2.0,7461.53,Closed -Won,Core,14.756663866911953,0.04379201011256706,2.0,2024-06
A02752,2024-06-30,259621.03,259621.03,False,True,,,Fitzgerald-Allen,EdTech,6.0,LATAM,5.0,8429.66,Closed -Won,Core,13.945972481065894,2.741635700773749,0.0,2024-06
A00147,2024-07-31,0.0,184642.46,True,False,,,Robinson-Brock,E -Commerce,24.0,Europe,3.0,12634.99,Closed -Won,Analytics,12.101340929824817,1.318357898290456,2.0,2024-07
A00233,2024-07-31,0.0,61602.57,True,False,,,"Clark, Guerrero and Moore",E -Commerce,21.0,LATAM,2.0,15377.88,Closed -Won,API,0.0,26.712374140747386,6.0,2024-07
A00429,2024-07-31,13023.42,13023.42,False,True,,,Gilbert PLC,CyberSecurity,20.0,LATAM,2.0,11417.11,Closed -Won,API,5.781214370246767,25.6545019554616,2.0,2024-07
A00465,2024-07-31,22770.19,22770.19,False,True,,,"Rosales, Mitchell and Hines",E -Commerce,30.0,Asia,1.0,14703.38,Closed -Won,API,6.54051545605758,23.198317931371417,3.0,2024-07
A00575,2024-07-31,0.0,84475.9,True,False,,,"Lee, Tran and Jones",CyberSecurity,20.0,Asia,1.0,18172.71,Closed -Won,Automation,1.6106738341251081,27.875128031087854,5.0,2024-07
A00801,2024-07-31,140361.54,140361.54,False,True,,,Garcia and Sons,MarTech,21.0,Asia,1.0,8725.56,Closed -Won,Core,13.378878569521166,1.748456293367549,0.0,2024-07
A01190,2024-07-31,49716.66,49716.66,False,True,,,Nelson-Cruz,MarTech,7.0,LATAM,1.0,14137.58,Closed -Won,API,0.0,28.342766070722803,6.0,2024-07
A01279,2024-07-31,284119.44,284119.44,False,True,,,"Moreno, Barajas and Colon",HealthTech,20.0,Europe,1.0,10040.58,Closed -Won,Premium Support,18.803154048968207,1.7585728102321023,0.0,2024-07
A01399,2024-07-31,88012.65,88012.65,False,True,,,Brock and Sons,SMB SaaS,19.0,North America,2.0,10964.59,On -Hold,Core,12.510570552263589,2.8603308316079445,1.0,2024-07
A02657,2024-07-31,173652.03,173652.03,False,True,,,Myers-Colon,HealthTech,9.0,LATAM,4.0,16216.33,Closed -Lost,Analytics,0.6206200486976998,16.837099497926808,4.0,2024-07
A02752,2024-07-31,67093.64,67093.64,False,True,,,Fitzgerald-Allen,EdTech,6.0,LATAM,5.0,8429.66,Closed -Won,Automation,16.913381085620077,2.4333451816442135,0.0,2024-07
A00429,2024-08-31,296569.84,296569.84,False,True,,,Gilbert PLC,CyberSecurity,20.0,LATAM,2.0,11417.11,Closed -Won,Core,5.510399535570425,15.089202987325583,7.0,2024-08
A00465,2024-08-31,82496.85,82496.85,False,True,,,"Rosales, Mitchell and Hines",E -Commerce,30.0,Asia,1.0,14703.38,Closed -Won,Analytics,13.237693635136587,1.9005661371528464,1.0,2024-08
A01190,2024-08-31,655472.05,655472.05,False,True,,,Nelson-Cruz,MarTech,7.0,LATAM,1.0,14137.58,Closed -Won,Automation,10.046494036502605,2.151166366644185,1.0,2024-08
A01279,2024-08-31,117044.99,117044.99,False,True,,,"Moreno, Barajas and Colon",HealthTech,20.0,Europe,1.0,10040.58,Closed -Won,API,10.588088063992295,1.8940044969845273,1.0,2024-08
A01399,2024-08-31,71533.13,71533.13,False,True,,,Brock and Sons,SMB SaaS,19.0,North America,2.0,10964.59,On -Hold,Premium Support,14.249816627654633,1.6343404176739513,3.0,2024-08
A01409,2024-08-31,225905.82,225905.82,False,True,,,Allen-Smith,HealthTech,16.0,North America,1.0,15400.17,Closed -Won,API,17.4003587031875,2.723608365763455,0.0,2024-08
A01532,2024-08-31,181616.38,181616.38,False,True,,,"Robinson, Rodriguez and Chen",EdTech,16.0,North America,1.0,18698.5,Closed -Won,Core,14.05415732239426,2.246649537213438,0.0,2024-08
A01744,2024-08-31,62854.37,62854.37,False,True,,,Warren and Sons,E -Commerce,24.0,North America,2.0,7461.53,Closed -Won,Analytics,11.043858398917497,3.469911493654542,1.0,2024-08
A02657,2024-08-31,87304.36,87304.36,False,True,,,Myers-Colon,HealthTech,9.0,LATAM,4.0,16216.33,Closed -Lost,Premium Support,12.348882268986982,1.2522354266804399,0.0,2024-08
A02752,2024-08-31,400926.13,400926.13,False,True,,,Fitzgerald-Allen,EdTech,6.0,LATAM,5.0,8429.66,Closed -Won,Core,15.351854699636515,1.7120184367104423,1.0,2024-08
A01190,2024-09-30,72064.03,72064.03,False,True,,,Nelson-Cruz,MarTech,7.0,LATAM,1.0,14137.58,Closed -Won,Core,11.980308021785158,2.5156330486347627,1.0,2024-09
A01532,2024-09-30,123577.71,123577.71,False,True,,,"Robinson, Rodriguez and Chen",EdTech,16.0,North America,1.0,18698.5,Closed -Won,Core,13.688073994750432,1.011725330485353,0.0,2024-09
A01744,2024-09-30,74670.0,74670.0,False,True,,,Warren and Sons,E -Commerce,24.0,North America,2.0,7461.53,Closed -Won,Analytics,0.0,29.288551680930045,1.0,2024-09
A02657,2024-09-30,191077.32,191077.32,False,True,,,Myers-Colon,HealthTech,9.0,LATAM,4.0,16216.33,Closed -Lost,Analytics,16.78336132021889,1.2200707611254802,1.0,2024-09
A00465,2024-10-31,64418.47,64418.47,False,True,,,"Rosales, Mitchell and Hines",E -Commerce,30.0,Asia,1.0,14703.38,Closed -Won,Analytics,13.84955441891416,1.9828919950281285,3.0,2024-10
A00801,2024-10-31,307751.48,307751.48,False,True,,,Garcia and Sons,MarTech,21.0,Asia,1.0,8725.56,Closed -Won,Core,16.616778986156064,1.4114110733835918,2.0,2024-10
A01190,2024-10-31,326510.82,326510.82,False,True,,,Nelson-Cruz,MarTech,7.0,LATAM,1.0,14137.58,Closed -Won,Core,4.108409075235342,20.19151079167297,7.0,2024-10
A01279,2024-10-31,552192.58,552192.58,False,True,,,"Moreno, Barajas and Colon",HealthTech,20.0,Europe,1.0,10040.58,Closed -Won,Core,13.415058907544353,1.7362514446790345,1.0,2024-10
A01399,2024-10-31,171168.34,171168.34,False,True,,,Brock and Sons,SMB SaaS,19.0,North America,2.0,10964.59,On -Hold,Automation,14.261911879480543,1.969323139364137,2.0,2024-10
A01409,2024-10-31,298890.25,298890.25,False,True,,,Allen-Smith,HealthTech,16.0,North America,1.0,15400.17,Closed -Won,API,16.27960202846625,2.8094488491829495,3.0,2024-10
A01532,2024-10-31,458135.36,458135.36,False,True,,,"Robinson, Rodriguez and Chen",EdTech,16.0,North America,1.0,18698.5,Closed -Won,Core,12.891171042965896,4.189978751296945,2.0,2024-10
A01744,2024-10-31,76607.44,76607.44,False,True,,,Warren and Sons,E -Commerce,24.0,North America,2.0,7461.53,Closed -Won,Automation,16.72486289444682,1.7745062733832055,0.0,2024-10
A02657,2024-10-31,399908.63,399908.63,False,True,,,Myers-Colon,HealthTech,9.0,LATAM,4.0,16216.33,Closed -Lost,API,3.9382807281236127,28.871235057351456,6.0,2024-10
A02752,2024-10-31,0.0,28502.87,True,False,,,Fitzgerald-Allen,EdTech,6.0,LATAM,5.0,8429.66,Closed -Won,Analytics,13.057678306005691,1.9234393827480818,3.0,2024-10
A00429,2024-11-30,145568.83,145568.83,False,True,,,Gilbert PLC,CyberSecurity,20.0,LATAM,2.0,11417.11,Closed -Won,Core,13.690403277323618,0.9904931010885463,0.0,2024-11
A00465,2024-11-30,121163.85,121163.85,False,True,,,"Rosales, Mitchell and Hines",E -Commerce,30.0,Asia,1.0,14703.38,Closed -Won,Analytics,18.490479249011017,3.843296534258011,1.0,2024-11
A01190,2024-11-30,312689.11,312689.11,False,True,,,Nelson-Cruz,MarTech,7.0,LATAM,1.0,14137.58,Closed -Won,Analytics,15.404332696156208,1.3573196269961552,0.0,2024-11
A01279,2024-11-30,371227.45,371227.45,False,True,,,"Moreno, Barajas and Colon",HealthTech,20.0,Europe,1.0,10040.58,Closed -Won,Automation,8.775210886281076,2.5311171828068173,2.0,2024-11
A01409,2024-11-30,161197.76,161197.76,False,True,,,Allen-Smith,HealthTech,16.0,North America,1.0,15400.17,Closed -Won,Core,19.146773438245397,3.0251153329207785,1.0,2024-11
A01744,2024-11-30,0.0,283219.25,True,False,,,Warren and Sons,E -Commerce,24.0,North America,2.0,7461.53,Closed -Won,Analytics,7.547967315070201,23.25040116792983,2.0,2024-11
A00429,2024-12-31,117258.53,117258.53,False,True,,,Gilbert PLC,CyberSecurity,20.0,LATAM,2.0,11417.11,Closed -Won,Core,11.545347699564452,0.3264731894041042,2.0,2024-12
A00801,2024-12-31,52676.32,52676.32,False,True,,,Garcia and Sons,MarTech,21.0,Asia,1.0,8725.56,Closed -Won,Core,15.219108626209431,1.1294422701890188,0.0,2024-12
A01279,2024-12-31,151277.64,151277.64,False,True,,,"Moreno, Barajas and Colon",HealthTech,20.0,Europe,1.0,10040.58,Closed -Won,Premium Support,15.36631476988542,2.402289570618713,1.0,2024-12
A01399,2024-12-31,280975.43,280975.43,False,True,,,Brock and Sons,SMB SaaS,19.0,North America,2.0,10964.59,On -Hold,Core,2.6050739497757545,32.196566970566266,4.0,2024-12
A01409,2024-12-31,0.0,175147.46,True,False,,,Allen-Smith,HealthTech,16.0,North America,1.0,15400.17,Closed -Won,Automation,1.8399527144641203,25.763951439340516,2.0,2024-12
A01532,2024-12-31,186046.33,186046.33,False,True,,,"Robinson, Rodriguez and Chen",EdTech,16.0,North America,1.0,18698.5,Closed -Won,Core,10.617405610705124,1.7614826121933014,1.0,2024-12
A02657,2024-12-31,402511.9,402511.9,False,True,,,Myers-Colon,HealthTech,9.0,LATAM,4.0,16216.33,Closed -Lost,Core,12.633726575969295,2.6331565252767466,1.0,2024-12
A02055,2023-01-31,0.0,33766.42,True,False,,,Jones-Choi,FinTech,21.0,Asia,43.0,12902.21,Closed -Won,Premium Support,15.864807132556347,3.3872862671468233,1.0,2023-01
A02100,2023-01-31,0.0,29228.16,True,False,,,"Harris, Santana and Lopez",E -Commerce,15.0,LATAM,15.0,17532.19,Closed -Won,Analytics,20.783520585824363,1.0748837256952586,2.0,2023-01
A02114,2023-01-31,0.0,9647.65,True,False,,,Simpson LLC,E -Commerce,23.0,LATAM,54.0,18090.43,Closed -Won,Core,13.116755238325045,1.1243377669141337,0.0,2023-01
A02125,2023-01-31,0.0,38882.33,True,False,,,"Schaefer, Levine and Brown",EdTech,15.0,North America,44.0,12224.51,On -Hold,Premium Support,3.56143540997493,16.701202217516812,3.0,2023-01
A02131,2023-01-31,0.0,33134.89,True,False,,,Archer-Dixon,FinTech,27.0,Europe,43.0,15873.85,Closed -Won,API,12.584214692624737,3.193047513728957,0.0,2023-01
A02141,2023-01-31,0.0,15208.33,True,False,,,"Jimenez, Wagner and Daniels",CyberSecurity,6.0,North America,42.0,18206.18,Closed -Won,Core,8.601368894686575,24.243269584531703,6.0,2023-01
A02147,2023-01-31,0.0,10571.82,True,False,,,Jordan-Edwards,EdTech,20.0,Europe,11.0,16122.47,Closed -Won,API,11.613475468371774,2.9994716680081686,2.0,2023-01
A02148,2023-01-31,0.0,7477.32,True,False,,,Freeman-Rodriguez,E -Commerce,19.0,Europe,56.0,14178.96,Closed -Won,Core,16.440118068419977,2.50099556934728,0.0,2023-01
A02152,2023-01-31,0.0,28207.59,True,False,,,Jensen-Gomez,FinTech,10.0,Europe,20.0,20070.72,Negotiation,API,20.04317069960587,1.8346254593566846,1.0,2023-01
A02157,2023-01-31,0.0,37827.54,True,False,,,Jenkins-Brown,HealthTech,25.0,LATAM,27.0,17839.21,Closed -Won,API,12.619789836118393,0.13811691986235086,2.0,2023-01
A02166,2023-01-31,0.0,15522.75,True,False,,,Stokes Inc,FinTech,23.0,North America,55.0,21147.26,Negotiation,Core,18.880402647519052,2.169607960929963,0.0,2023-01
A02178,2023-01-31,0.0,22092.19,True,False,,,"Brock, Reynolds and Fernandez",FinTech,22.0,Europe,29.0,12769.76,Closed -Won,Core,7.710861689268633,3.036341887367967,0.0,2023-01
A02179,2023-01-31,0.0,10229.36,True,False,,,Perry LLC,SMB SaaS,19.0,North America,37.0,4204.84,Negotiation,API,11.439043865618887,2.7519515707043265,0.0,2023-01
A02190,2023-01-31,0.0,15441.67,True,False,,,Colon-Lucas,SMB SaaS,19.0,North America,35.0,15451.94,Closed -Won,Core,13.948832528328548,3.3384857033495736,0.0,2023-01
A02195,2023-01-31,0.0,12878.87,True,False,,,Lucas-Johnson,CyberSecurity,20.0,Asia,39.0,14259.1,Closed -Won,Analytics,2.653714061981592,33.71161780377115,7.0,2023-01
A02209,2023-01-31,0.0,44146.18,True,False,,,Shaffer-Manning,CyberSecurity,16.0,North America,14.0,15781.3,Closed -Won,Automation,5.182508355859964,24.788095862877718,2.0,2023-01
A02228,2023-01-31,0.0,13842.14,True,False,,,Ruiz-Gutierrez,FinTech,24.0,LATAM,56.0,13846.37,Closed -Won,Analytics,14.434796756230117,0.9931720240096962,1.0,2023-01
A02261,2023-01-31,21618.98,21618.98,False,True,,,Reeves Ltd,E -Commerce,25.0,Asia,2.0,14503.83,Closed -Won,API,9.354655442827074,1.3212371270403953,0.0,2023-01
A02281,2023-01-31,0.0,8360.4,True,False,,,Martin-Mcdonald,EdTech,14.0,North America,46.0,10135.45,Closed -Won,Automation,9.48232356905028,3.86557803103598,2.0,2023-01
A02292,2023-01-31,0.0,20570.78,True,False,,,Clay Inc,MarTech,8.0,LATAM,19.0,11061.31,Negotiation,API,15.156396034216286,2.1493118521419037,0.0,2023-01
A02306,2023-01-31,0.0,9916.17,True,False,,,Price Group,CyberSecurity,29.0,LATAM,6.0,18453.96,Closed -Won,Core,17.432738774436864,3.570754612062102,1.0,2023-01
A02346,2023-01-31,0.0,12938.31,True,False,,,"Park, Maynard and Ruiz",Logistics,19.0,LATAM,16.0,18422.24,Closed -Won,Core,16.074776052821843,3.803665807476598,1.0,2023-01
A02354,2023-01-31,0.0,8421.69,True,False,,,Hall-Brown,CyberSecurity,17.0,LATAM,28.0,10934.73,Closed -Won,Core,17.238706354700724,1.208989840686363,3.0,2023-01
A02374,2023-01-31,0.0,7102.09,True,False,,,Glover-Hammond,EdTech,19.0,Europe,24.0,9589.46,Closed -Won,Core,13.7696438735743,2.242536285003722,1.0,2023-01
A02387,2023-01-31,0.0,20621.56,True,False,,,Mitchell-Jackson,Logistics,25.0,LATAM,57.0,13112.21,Closed -Won,API,16.017025546464872,2.085637707656175,3.0,2023-01
A02410,2023-01-31,0.0,5975.15,True,False,,,"Vargas, Allen and Schroeder",FinTech,32.0,Europe,2.0,17232.44,Negotiation,Core,0.12603129966615523,28.909379594316874,4.0,2023-01
A02429,2023-01-31,0.0,26595.48,True,False,,,Thomas and Sons,FinTech,27.0,North America,45.0,13231.98,Closed -Won,Analytics,18.153388654459512,2.2471777290334876,1.0,2023-01
A02443,2023-01-31,60006.31,60006.31,False,True,,,Berry-Knight,SMB SaaS,35.0,Asia,1.0,10078.28,Closed -Won,Core,15.143815993801262,0.6596172123182673,0.0,2023-01
A02449,2023-01-31,0.0,48157.22,True,False,,,Weaver-Rubio,SMB SaaS,29.0,North America,46.0,31113.39,On -Hold,Core,16.81835391793793,1.899021283310617,0.0,2023-01
A02451,2023-01-31,0.0,6174.97,True,False,,,Mann PLC,HealthTech,17.0,Europe,50.0,6042.48,On -Hold,Analytics,13.543864758317458,1.7900415638976668,2.0,2023-01
A02456,2023-01-31,0.0,44516.12,True,False,,,Shaw-Smith,EdTech,31.0,North America,29.0,14861.33,Closed -Won,Core,10.802604247887832,0.4464593825764738,2.0,2023-01
A02467,2023-01-31,0.0,11660.48,True,False,,,"Jackson, Mendez and Nguyen",E -Commerce,29.0,Europe,18.0,16330.01,Negotiation,Automation,12.032452733484316,3.001028526021389,1.0,2023-01
A02469,2023-01-31,0.0,20599.37,True,False,,,Garcia-Thomas,CyberSecurity,14.0,Asia,2.0,11007.06,Closed -Won,Analytics,13.843738204080498,3.724709355729823,1.0,2023-01
A02484,2023-01-31,0.0,29698.97,True,False,,,"Roberts, Stanton and Smith",Logistics,35.0,Asia,19.0,18440.81,Closed -Won,Core,0.4016400124822952,27.981229464354545,4.0,2023-01
A02519,2023-01-31,0.0,16941.92,True,False,,,"Hahn, Williams and Mcmillan",Logistics,12.0,North America,9.0,12472.72,Closed -Won,Analytics,4.05753527141927,22.654467150704875,2.0,2023-01
A02532,2023-01-31,0.0,14956.92,True,False,,,Allen-Peterson,Logistics,16.0,Asia,48.0,10243.11,Closed -Won,API,12.677099324770094,1.3735489756394588,1.0,2023-01
A02536,2023-01-31,0.0,12020.19,True,False,,,Miller Inc,FinTech,7.0,North America,58.0,13449.18,On -Hold,Core,11.453689728356064,3.181401302518739,2.0,2023-01
A02542,2023-01-31,0.0,14535.64,True,False,,,"Walton, Hall and Greene",E -Commerce,26.0,Europe,58.0,8143.13,Closed -Won,API,2.951819495604722,18.38350484853772,4.0,2023-01
A02569,2023-01-31,0.0,13528.13,True,False,,,Lopez-Fritz,CyberSecurity,27.0,LATAM,23.0,11966.62,Closed -Won,Premium Support,10.28799456476001,2.0312958748811454,0.0,2023-01
A02571,2023-01-31,0.0,8983.0,True,False,,,"Wilson, Roberts and Lee",Logistics,27.0,LATAM,48.0,19258.02,Closed -Won,API,12.25355298092698,1.7711638234955507,1.0,2023-01
A02599,2023-01-31,0.0,4807.06,True,False,,,Foster LLC,SMB SaaS,21.0,North America,58.0,20049.71,Negotiation,Automation,12.726679197956981,1.7377388609805122,3.0,2023-01
A02666,2023-01-31,0.0,12297.71,True,False,,,"Miranda, Nguyen and Hayes",E -Commerce,23.0,North America,32.0,18411.59,Closed -Won,Core,13.438877680153459,3.208061500088057,0.0,2023-01
A02701,2023-01-31,0.0,26421.64,True,False,,,Marquez PLC,SMB SaaS,35.0,LATAM,52.0,7820.77,Closed -Won,Premium Support,3.836694645905817,24.941392321029955,3.0,2023-01
A02704,2023-01-31,0.0,4376.1,True,False,,,"Anderson, Thompson and Gill",CyberSecurity,35.0,Asia,50.0,8584.33,Closed -Won,API,12.531516766228938,2.3757126539131765,0.0,2023-01
A02733,2023-01-31,0.0,12771.96,True,False,,,Wagner-Moss,E -Commerce,12.0,Asia,55.0,18332.58,Closed -Won,Automation,11.071961644257923,1.7419526734290935,1.0,2023-01
A02736,2023-01-31,0.0,37540.33,True,False,,,Blake LLC,CyberSecurity,11.0,Asia,9.0,16952.28,Closed -Won,Premium Support,6.50670598521965,22.10613126884899,5.0,2023-01
A02748,2023-01-31,0.0,27852.83,True,False,,,Lee Group,FinTech,34.0,Europe,48.0,15884.74,Closed -Won,API,17.596187015829805,2.649239155570494,2.0,2023-01
A02771,2023-01-31,0.0,4263.07,True,False,,,"Fry, Hayes and Olsen",Logistics,35.0,Europe,39.0,13066.74,Closed -Won,API,10.005270928868958,0.35172325112992775,0.0,2023-01
A00790,2023-02-28,13420.29,13420.29,False,True,,,Fuentes Group,SMB SaaS,23.0,Asia,1.0,16919.89,Negotiation,API,0.0,29.480722790495637,5.0,2023-02
A01949,2023-02-28,46001.3,46001.3,False,True,,,"Williams, Medina and Moore",Logistics,16.0,North America,1.0,21687.6,Closed -Won,API,4.323111486823366,32.802368355347255,8.0,2023-02
A02261,2023-02-28,10615.62,10615.62,False,True,,,Reeves Ltd,E -Commerce,25.0,Asia,2.0,14503.83,Closed -Won,Core,15.37246066888616,2.522129104233732,1.0,2023-02
A02443,2023-02-28,0.0,48115.25,True,False,,,Berry-Knight,SMB SaaS,35.0,Asia,1.0,10078.28,Closed -Won,Core,3.7878213493254442,18.913347654801843,2.0,2023-02
A00790,2023-03-31,74343.34,74343.34,False,True,,,Fuentes Group,SMB SaaS,23.0,Asia,1.0,16919.89,Negotiation,Analytics,14.913052008569748,3.122072895472151,2.0,2023-03
A01180,2023-03-31,20889.46,20889.46,False,True,,,Hernandez-Davis,HealthTech,24.0,Europe,2.0,19481.42,Negotiation,Analytics,14.240911594611928,2.0834149766171715,1.0,2023-03
A01300,2023-03-31,0.0,16867.66,True,False,,,Avila PLC,EdTech,17.0,LATAM,2.0,14106.98,Closed -Won,Core,3.6548980289204125,28.72407356075137,2.0,2023-03
A01949,2023-03-31,22729.94,22729.94,False,True,,,"Williams, Medina and Moore",Logistics,16.0,North America,1.0,21687.6,Closed -Won,Analytics,13.463301172248983,1.514198616298318,0.0,2023-03
A02261,2023-03-31,24106.94,24106.94,False,True,,,Reeves Ltd,E -Commerce,25.0,Asia,2.0,14503.83,Closed -Won,Automation,15.906088362869683,3.852004139780929,0.0,2023-03
A00790,2023-04-30,29160.95,29160.95,False,True,,,Fuentes Group,SMB SaaS,23.0,Asia,1.0,16919.89,Negotiation,Analytics,9.198416278228787,3.682466488489898,1.0,2023-04
A01180,2023-04-30,36983.19,36983.19,False,True,,,Hernandez-Davis,HealthTech,24.0,Europe,2.0,19481.42,Negotiation,Automation,12.822226057515255,0.7885615397084331,0.0,2023-04
A01949,2023-04-30,0.0,26152.35,True,False,,,"Williams, Medina and Moore",Logistics,16.0,North America,1.0,21687.6,Closed -Won,Core,13.923427323640915,3.7211697345186447,1.0,2023-04
A02261,2023-04-30,14561.65,14561.65,False,True,,,Reeves Ltd,E -Commerce,25.0,Asia,2.0,14503.83,Closed -Won,Core,12.049865155149384,0.2850149274867748,1.0,2023-04
A00790,2023-05-31,30776.97,30776.97,False,True,,,Fuentes Group,SMB SaaS,23.0,Asia,1.0,16919.89,Negotiation,Analytics,3.682688876567785,20.996294301277853,5.0,2023-05
A01180,2023-05-31,20352.78,20352.78,False,True,,,Hernandez-Davis,HealthTech,24.0,Europe,2.0,19481.42,Negotiation,API,13.461524098937625,0.23242686288995262,0.0,2023-05
A02261,2023-05-31,24048.83,24048.83,False,True,,,Reeves Ltd,E -Commerce,25.0,Asia,2.0,14503.83,Closed -Won,Core,9.744731342801233,1.0386712675058956,2.0,2023-05
A00790,2023-06-30,19314.42,19314.42,False,True,,,Fuentes Group,SMB SaaS,23.0,Asia,1.0,16919.89,Negotiation,Automation,12.900091706588881,0.42447667167650893,0.0,2023-06
A01180,2023-06-30,25166.07,25166.07,False,True,,,Hernandez-Davis,HealthTech,24.0,Europe,2.0,19481.42,Negotiation,Core,11.589385545152533,2.5054312643551464,2.0,2023-06
A02261,2023-06-30,18927.38,18927.38,False,True,,,Reeves Ltd,E -Commerce,25.0,Asia,2.0,14503.83,Closed -Won,Core,20.932180095559954,0.8694859725846429,2.0,2023-06
A00790,2023-07-31,17636.94,17636.94,False,True,,,Fuentes Group,SMB SaaS,23.0,Asia,1.0,16919.89,Negotiation,API,1.302878942786861,20.49885782205147,4.0,2023-07
A01180,2023-08-31,21487.86,21487.86,False,True,,,Hernandez-Davis,HealthTech,24.0,Europe,2.0,19481.42,Negotiation,Analytics,13.067177868878328,1.926314916134641,0.0,2023-08
A00790,2023-09-30,39996.23,39996.23,False,True,,,Fuentes Group,SMB SaaS,23.0,Asia,1.0,16919.89,Negotiation,Premium Support,12.869600767660366,1.8139581919657175,0.0,2023-09
A01180,2023-09-30,83822.63,83822.63,False,True,,,Hernandez-Davis,HealthTech,24.0,Europe,2.0,19481.42,Negotiation,Premium Support,4.342498416809551,31.113463730997864,3.0,2023-09
A01180,2023-10-31,29873.94,29873.94,False,True,,,Hernandez-Davis,HealthTech,24.0,Europe,2.0,19481.42,Negotiation,Automation,2.777041662131995,31.837515287504992,3.0,2023-10
A00790,2023-11-30,11633.66,11633.66,False,True,,,Fuentes Group,SMB SaaS,23.0,Asia,1.0,16919.89,Negotiation,Core,3.120922084886602,22.864667781938937,5.0,2023-11
A01180,2023-11-30,47047.96,47047.96,False,True,,,Hernandez-Davis,HealthTech,24.0,Europe,2.0,19481.42,Negotiation,Premium Support,17.85066356184896,2.224329777821116,2.0,2023-11
A02261,2023-11-30,55217.99,55217.99,False,True,,,Reeves Ltd,E -Commerce,25.0,Asia,2.0,14503.83,Closed -Won,Core,14.90435573074,0.38311710709526103,1.0,2023-11
A01180,2024-01-31,32265.6,32265.6,False,True,,,Hernandez-Davis,HealthTech,24.0,Europe,2.0,19481.42,Negotiation,Core,0.0,31.167254934279335,5.0,2024-01
A02261,2024-01-31,0.0,146997.66,True,False,,,Reeves Ltd,E -Commerce,25.0,Asia,2.0,14503.83,Closed -Won,Core,10.931993262589629,2.5573855176201,2.0,2024-01
A00790,2024-02-29,112174.3,112174.3,False,True,,,Fuentes Group,SMB SaaS,23.0,Asia,1.0,16919.89,Negotiation,Core,11.990979344080632,1.907014225668994,0.0,2024-02
A00790,2024-03-31,38251.16,38251.16,False,True,,,Fuentes Group,SMB SaaS,23.0,Asia,1.0,16919.89,Negotiation,Analytics,15.27952346615687,3.7745254185151405,1.0,2024-03
A00790,2024-05-31,123955.05,123955.05,False,True,,,Fuentes Group,SMB SaaS,23.0,Asia,1.0,16919.89,Negotiation,API,12.378869213505753,2.4906942983217135,1.0,2024-05
A00790,2024-06-30,0.0,92004.06,True,False,,,Fuentes Group,SMB SaaS,23.0,Asia,1.0,16919.89,Negotiation,API,5.551990319763907,38.58147172470822,5.0,2024-06
A02069,2023-01-31,0.0,5649.53,True,False,,,"Quinn, Smith and Green",SMB SaaS,12.0,Europe,20.0,15832.23,Negotiation,Analytics,16.139969997214898,1.2119034667210977,0.0,2023-01
A02077,2023-01-31,0.0,13574.65,True,False,,,"Marsh, Nelson and Wolfe",MarTech,15.0,Asia,28.0,15116.38,Closed -Won,Premium Support,14.119282877828896,3.324294364846529,1.0,2023-01
A02083,2023-01-31,0.0,19571.17,True,False,,,Pope PLC,MarTech,27.0,North America,20.0,21024.02,Closed -Won,Core,11.707530490081304,3.555992447210426,1.0,2023-01
A02084,2023-01-31,0.0,6820.03,True,False,,,"Norris, Cisneros and Mathis",HealthTech,30.0,Europe,40.0,15022.68,Closed -Won,Core,20.863923124204085,2.4849962096923757,0.0,2023-01
A02101,2023-01-31,0.0,16708.65,True,False,,,Johnson-Thomas,EdTech,28.0,Asia,54.0,16149.94,Closed -Won,Core,19.394007410306635,0.0,2.0,2023-01
A02111,2023-01-31,0.0,14795.51,True,False,,,Zavala-Coleman,SMB SaaS,33.0,North America,17.0,24322.05,Closed -Won,Core,9.009416077898077,1.858932473202148,1.0,2023-01
A02128,2023-01-31,0.0,11229.18,True,False,,,"Porter, Hubbard and Miranda",E -Commerce,31.0,Asia,37.0,20698.37,Closed -Won,Automation,13.81005868969223,2.396074977769448,2.0,2023-01
A02132,2023-01-31,0.0,38981.28,True,False,,,Tate Inc,CyberSecurity,27.0,North America,58.0,14477.52,Closed -Won,Core,14.851277013057413,1.7923537401704246,0.0,2023-01
A02159,2023-01-31,0.0,16595.96,True,False,,,Watkins-Lozano,SMB SaaS,9.0,LATAM,48.0,15535.21,Negotiation,Analytics,3.012761313989097,34.53112566154629,1.0,2023-01
A02160,2023-01-31,0.0,33598.21,True,False,,,Melton Inc,SMB SaaS,19.0,Asia,20.0,25843.72,Closed -Won,Core,3.310798593302781,33.37465098982304,3.0,2023-01
A02165,2023-01-31,0.0,6875.0,True,False,,,Hudson-Morris,SMB SaaS,20.0,Europe,57.0,9205.3,Closed -Won,Automation,15.642612334639521,2.594302181473764,1.0,2023-01
A02189,2023-01-31,0.0,1628.39,True,False,,,Walters Group,SMB SaaS,17.0,Europe,28.0,20628.94,Closed -Won,Analytics,10.823177176775964,2.1933266397609614,0.0,2023-01
A02191,2023-01-31,0.0,29934.92,True,False,,,Mcdaniel-Young,CyberSecurity,6.0,North America,22.0,15857.07,Closed -Won,Core,14.156280353705373,2.8084697372233474,1.0,2023-01
A02193,2023-01-31,0.0,15182.63,True,False,,,Sanchez LLC,SMB SaaS,27.0,Europe,17.0,11496.96,Closed -Won,Core,16.089499772886384,2.0633168062152905,1.0,2023-01
A02201,2023-01-31,0.0,5931.8,True,False,,,Lester Group,HealthTech,33.0,Asia,22.0,12993.18,Closed -Won,Core,10.206645955151217,1.7904316369266635,0.0,2023-01
A02208,2023-01-31,0.0,21661.99,True,False,,,Murphy-Silva,Logistics,9.0,LATAM,50.0,19300.85,Negotiation,Core,2.6079799227988785,14.89889845233613,5.0,2023-01
A02234,2023-01-31,0.0,16302.77,True,False,,,"Ramos, Davidson and Smith",HealthTech,28.0,LATAM,9.0,15325.14,Closed -Won,Core,11.52793072430614,2.375492048431892,1.0,2023-01
A02238,2023-01-31,0.0,49517.84,True,False,,,Hayes-Russo,E -Commerce,24.0,Europe,16.0,11273.84,Closed -Won,Analytics,4.76829306963088,22.640292572361652,2.0,2023-01
A02242,2023-01-31,0.0,18229.09,True,False,,,Duffy-Wilkerson,HealthTech,17.0,Europe,40.0,14297.43,Closed -Won,Automation,3.4540004023296698,29.408902400372256,3.0,2023-01
A02244,2023-01-31,0.0,20493.96,True,False,,,"Holland, Sims and Meadows",E -Commerce,17.0,LATAM,7.0,16347.59,Closed -Won,Core,3.63392880296941,20.71235617808577,7.0,2023-01
A02251,2023-01-31,0.0,7008.99,True,False,,,Reeves and Sons,MarTech,6.0,North America,30.0,15153.93,Closed -Won,Core,10.186559676930324,2.026724335847262,2.0,2023-01
A02271,2023-01-31,0.0,19014.19,True,False,,,Anderson-Stewart,SMB SaaS,24.0,North America,19.0,12008.95,Closed -Won,API,16.095455471179264,1.8912003380746252,0.0,2023-01
A02276,2023-01-31,0.0,25143.05,True,False,,,Black-Graham,MarTech,23.0,North America,26.0,8449.6,Closed -Won,Premium Support,17.12814834179806,1.4270535281548988,2.0,2023-01
A02299,2023-01-31,0.0,25161.4,True,False,,,Nguyen-Dennis,SMB SaaS,9.0,Asia,14.0,20163.61,Negotiation,Analytics,1.8787462034267284,15.835638627201886,5.0,2023-01
A02302,2023-01-31,0.0,10429.45,True,False,,,Yates-Manning,E -Commerce,6.0,LATAM,9.0,14049.88,Closed -Won,Core,10.04337728291965,2.843952299171171,2.0,2023-01
A02314,2023-01-31,0.0,27047.6,True,False,,,Austin-Hamilton,FinTech,29.0,Asia,4.0,15615.63,Closed -Won,API,15.424369456053114,3.584206987377832,1.0,2023-01
A02324,2023-01-31,0.0,12780.96,True,False,,,"Carroll, King and Scott",CyberSecurity,23.0,LATAM,39.0,14692.72,Closed -Won,API,14.479630163906993,0.8080231740470449,1.0,2023-01
A02340,2023-01-31,0.0,11931.14,True,False,,,Horton and Sons,SMB SaaS,17.0,Europe,6.0,13886.38,Closed -Won,API,16.359816061324437,1.9166994691021633,1.0,2023-01
A02342,2023-01-31,0.0,31338.98,True,False,,,Santos Group,FinTech,16.0,Asia,24.0,22416.0,Closed -Won,Analytics,9.704876951368618,2.7095343807195773,1.0,2023-01
A02368,2023-01-31,0.0,23549.29,True,False,,,Leon Group,HealthTech,7.0,North America,11.0,13020.22,Negotiation,Analytics,13.324243422450252,1.8881524054953411,2.0,2023-01
A02373,2023-01-31,0.0,3694.41,True,False,,,"Perez, Hoffman and Tucker",Logistics,8.0,Asia,4.0,24183.83,Closed -Won,Core,10.475179732081621,2.2781200082667312,3.0,2023-01
A02380,2023-01-31,0.0,15029.13,True,False,,,Romero and Sons,MarTech,31.0,Asia,39.0,12283.97,Closed -Won,API,13.00098082792473,1.8924960007703713,2.0,2023-01
A02397,2023-01-31,0.0,14788.71,True,False,,,Orr Inc,SMB SaaS,9.0,Europe,56.0,17755.97,Closed -Won,Premium Support,10.419138317212603,2.9467723175007428,1.0,2023-01
A02406,2023-01-31,0.0,23139.43,True,False,,,Medina Group,MarTech,20.0,Europe,49.0,15743.59,Closed -Won,Analytics,14.00388861959332,1.2194556296087022,2.0,2023-01
A02413,2023-01-31,0.0,40718.58,True,False,,,Williams Ltd,MarTech,28.0,LATAM,55.0,16236.76,Closed -Won,Core,10.557689252744836,1.3321579428826364,0.0,2023-01
A02420,2023-01-31,0.0,11543.6,True,False,,,"Wright, Murphy and Aguilar",EdTech,29.0,Asia,25.0,18048.16,Closed -Won,Core,13.260656780245693,2.60958568141266,0.0,2023-01
A02435,2023-01-31,0.0,11494.06,True,False,,,Williams-Hernandez,MarTech,23.0,North America,27.0,11794.57,Negotiation,Automation,17.699646219558378,1.779707099981912,1.0,2023-01
A02437,2023-01-31,0.0,16078.22,True,False,,,Tucker-Moody,E -Commerce,9.0,North America,38.0,17372.65,Closed -Won,Core,16.386831988168463,2.240240141995622,1.0,2023-01
A02440,2023-01-31,0.0,28715.64,True,False,,,Lewis-Fuentes,SMB SaaS,35.0,Asia,4.0,8939.56,Closed -Won,API,21.88771135367368,2.149302016651355,0.0,2023-01
A02442,2023-01-31,0.0,5650.77,True,False,,,Harrell Group,SMB SaaS,25.0,Europe,1.0,16272.69,Closed -Won,Core,7.421692872474377,2.927838571288102,3.0,2023-01
A02445,2023-01-31,0.0,24914.59,True,False,,,"Bass, Anderson and Taylor",EdTech,15.0,Europe,36.0,16339.94,Closed -Won,Premium Support,17.494985821788553,2.725297610837405,1.0,2023-01
A02485,2023-01-31,0.0,927.74,True,False,,,Nelson-King,SMB SaaS,8.0,North America,21.0,10544.53,On -Hold,Core,1.9218246116563666,22.150700529465446,7.0,2023-01
A02492,2023-01-31,0.0,9840.31,True,False,,,Reid-Petty,SMB SaaS,8.0,North America,16.0,19723.85,Negotiation,Core,15.36446292691103,2.852879979520193,1.0,2023-01
A02496,2023-01-31,0.0,1201.97,True,False,,,"Nielsen, Lynch and Smith",Logistics,18.0,North America,13.0,11146.73,Closed -Won,Core,3.155509726031922,19.98696079666297,0.0,2023-01
A02512,2023-01-31,0.0,16177.44,True,False,,,"Snyder, Arnold and Keller",SMB SaaS,16.0,North America,51.0,19311.25,Negotiation,Core,11.752839877050702,1.5604747021828862,3.0,2023-01
A02545,2023-01-31,0.0,11467.26,True,False,,,Curtis-Lowe,EdTech,15.0,Europe,48.0,18084.05,Closed -Won,API,0.0903943328035064,35.046549655160284,5.0,2023-01
A02546,2023-01-31,0.0,14027.66,True,False,,,Gibson LLC,MarTech,19.0,Asia,24.0,18444.72,Closed -Won,Core,1.618620119450751,15.164675939332511,1.0,2023-01
A02551,2023-01-31,0.0,9687.84,True,False,,,Taylor Inc,HealthTech,18.0,LATAM,39.0,12539.1,Closed -Won,Automation,15.074240133437936,1.9410616121287658,0.0,2023-01
A02558,2023-01-31,0.0,4790.7,True,False,,,"Trevino, Henderson and Gonzalez",CyberSecurity,26.0,Asia,52.0,17560.5,Closed -Won,Core,12.8790341648398,0.0,3.0,2023-01
A02577,2023-01-31,0.0,14134.44,True,False,,,Cameron Inc,HealthTech,29.0,North America,16.0,15582.36,Closed -Won,Core,15.373112112178315,0.4806129119423539,2.0,2023-01
A02591,2023-01-31,0.0,15370.76,True,False,,,"Blackwell, Clark and Miller",HealthTech,9.0,Asia,5.0,11712.44,Closed -Won,Core,14.986703507854195,0.0,0.0,2023-01
A02604,2023-01-31,0.0,36019.53,True,False,,,"Oliver, Simmons and Mcdonald",E -Commerce,21.0,Europe,34.0,9278.5,Negotiation,Core,5.146745640261258,28.749618343189628,4.0,2023-01
A02605,2023-01-31,0.0,24372.38,True,False,,,Richardson-Jimenez,FinTech,27.0,Asia,45.0,15871.29,Negotiation,Core,14.861890532247703,2.6084338842936083,0.0,2023-01
A02625,2023-01-31,0.0,26905.5,True,False,,,Carrillo-Wolfe,EdTech,23.0,Europe,55.0,5351.16,Negotiation,Core,13.629058105463036,1.3551566923422715,2.0,2023-01
A02628,2023-01-31,0.0,15933.31,True,False,,,Torres Ltd,HealthTech,28.0,Europe,1.0,15374.41,Closed -Won,API,4.102697174572264,15.5249145080935,7.0,2023-01
A02631,2023-01-31,0.0,7832.42,True,False,,,"Goodwin, Farmer and Vaughn",SMB SaaS,30.0,LATAM,56.0,19759.06,On -Hold,Core,14.518021930952319,1.1437954478038233,1.0,2023-01
A02649,2023-01-31,0.0,14957.88,True,False,,,Moore-Andrews,MarTech,22.0,Europe,56.0,20116.86,Closed -Won,Automation,11.663881910883577,2.5958794839967014,1.0,2023-01
A02657,2023-01-31,2777.66,2777.66,False,True,,,Myers-Colon,HealthTech,9.0,LATAM,4.0,16216.33,Closed -Lost,API,12.794661386868674,0.83600429566999,2.0,2023-01
A02686,2023-01-31,0.0,2970.47,True,False,,,Wang-Mcfarland,HealthTech,22.0,LATAM,29.0,14187.67,Closed -Won,Automation,1.345080288873158,24.762144317886495,4.0,2023-01
A02687,2023-01-31,0.0,27272.49,True,False,,,Kerr-Gonzalez,HealthTech,14.0,Asia,15.0,19556.77,Closed -Won,API,8.911116462178459,3.0623168217868413,0.0,2023-01
A02705,2023-01-31,0.0,7215.33,True,False,,,"Stewart, York and Olson",E -Commerce,17.0,LATAM,5.0,14475.82,Closed -Won,Automation,1.4616530521500484,35.29057405924105,4.0,2023-01
A02719,2023-01-31,0.0,26648.73,True,False,,,"Rivera, Allen and Ryan",E -Commerce,13.0,North America,35.0,17414.26,Closed -Won,Analytics,13.544047205615614,2.348838763569242,1.0,2023-01
A02724,2023-01-31,0.0,11035.21,True,False,,,"Braun, Mays and Martinez",SMB SaaS,11.0,Asia,23.0,15202.8,Closed -Won,Automation,14.280587851829626,1.0499491739576197,0.0,2023-01
A02731,2023-01-31,0.0,18764.22,True,False,,,Tapia LLC,E -Commerce,33.0,Asia,57.0,12625.63,Closed -Won,Core,18.14831273425331,0.45538690313915775,0.0,2023-01
A02745,2023-01-31,0.0,10979.41,True,False,,,Parker-Archer,HealthTech,27.0,Europe,12.0,15761.42,Closed -Won,Core,13.462727117397895,3.092982471105988,0.0,2023-01
A02753,2023-01-31,0.0,19948.26,True,False,,,Dorsey LLC,CyberSecurity,27.0,North America,35.0,15905.85,Negotiation,Core,8.954462093280206,0.0,1.0,2023-01
A02754,2023-01-31,0.0,6559.06,True,False,,,"Mann, Johnson and Wade",CyberSecurity,30.0,LATAM,39.0,15254.69,Closed -Won,Analytics,13.67188847719673,2.978173427007729,0.0,2023-01
A02757,2023-01-31,0.0,22859.56,True,False,,,"Skinner, Smith and Wise",FinTech,28.0,Europe,53.0,12274.07,Closed -Won,Analytics,3.339556925426198,17.768715298247585,1.0,2023-01
A02758,2023-01-31,0.0,6101.79,True,False,,,"Dawson, Cruz and Mccarthy",EdTech,29.0,Europe,38.0,11030.11,Closed -Won,Core,3.215629452505748,31.85412858105284,2.0,2023-01
A02764,2023-01-31,0.0,16851.57,True,False,,,Olsen-Adams,FinTech,34.0,LATAM,3.0,11339.02,Closed -Won,Core,2.749601115768803,14.616447259730446,8.0,2023-01
A02773,2023-01-31,0.0,12515.87,True,False,,,Lamb and Sons,HealthTech,11.0,North America,13.0,14225.68,Closed -Won,Core,3.5531852036148903,24.787404311636887,3.0,2023-01
A02783,2023-01-31,0.0,20696.87,True,False,,,Frederick-Kennedy,CyberSecurity,8.0,North America,45.0,16264.84,Closed -Won,API,17.786933937884843,3.3789378306445563,1.0,2023-01
A02796,2023-01-31,0.0,4525.96,True,False,,,"Nguyen, Wallace and Lawson",EdTech,17.0,Asia,55.0,16785.84,Closed -Won,Analytics,14.619284368959855,3.000007037836985,2.0,2023-01
A01237,2023-02-28,12143.58,12143.58,False,True,,,"Andrade, Gordon and Cruz",CyberSecurity,17.0,North America,1.0,19748.8,Closed -Won,Automation,12.940482126611254,2.09280797059588,0.0,2023-02
A01452,2023-02-28,23702.92,23702.92,False,True,,,Ramirez-White,MarTech,11.0,Europe,3.0,13206.37,Closed -Lost,Analytics,9.884017777166186,0.7768027779581181,0.0,2023-02
A01550,2023-02-28,69322.59,69322.59,False,True,,,"Hunter, Gross and Andrade",EdTech,14.0,LATAM,1.0,21539.75,Closed -Won,Core,14.183688342945898,1.2619263099833748,1.0,2023-02
A01590,2023-02-28,51530.94,51530.94,False,True,,,"Nguyen, Olson and Freeman",E -Commerce,24.0,LATAM,2.0,12299.7,Closed -Won,Core,12.885568138669125,1.7712871398330872,0.0,2023-02
A01744,2023-02-28,65353.61,65353.61,False,True,,,Warren and Sons,E -Commerce,24.0,North America,2.0,7461.53,Closed -Won,Premium Support,16.367084104929123,3.973817141334176,1.0,2023-02
A01913,2023-02-28,61559.66,61559.66,False,True,,,Sullivan and Sons,SMB SaaS,19.0,Europe,1.0,19981.54,Closed -Lost,Automation,5.281403924975283,15.462795340418438,1.0,2023-02
A02339,2023-02-28,23482.93,23482.93,False,True,,,Smith Inc,FinTech,14.0,North America,3.0,9800.52,Closed -Won,Automation,4.189405994206721,24.967913849304992,2.0,2023-02
A02522,2023-02-28,18119.23,18119.23,False,True,,,Ward-Blake,Logistics,12.0,Europe,3.0,20995.51,Closed -Won,Automation,13.201934008317266,2.6847598726229007,0.0,2023-02
A02780,2023-02-28,41535.74,41535.74,False,True,,,Ortega Inc,MarTech,7.0,LATAM,3.0,9198.05,Closed -Won,Core,13.151554217469496,2.9411957335704173,0.0,2023-02
A02789,2023-02-28,18034.32,18034.32,False,True,,,Hardy-Barron,Logistics,29.0,Europe,1.0,10284.91,Closed -Won,Automation,5.9431578574891795,15.564548681684567,6.0,2023-02
A00465,2023-03-31,59122.64,59122.64,False,True,,,"Rosales, Mitchell and Hines",E -Commerce,30.0,Asia,1.0,14703.38,Closed -Won,Analytics,2.2388498810953426,21.00437598655481,5.0,2023-03
A00846,2023-03-31,38279.99,38279.99,False,True,,,Weaver-Sherman,E -Commerce,9.0,Europe,1.0,17506.61,Closed -Won,Analytics,16.3422294767476,1.6511214202876037,1.0,2023-03
A01070,2023-03-31,0.0,16300.9,True,False,,,Henderson Ltd,CyberSecurity,15.0,Europe,1.0,20052.63,Closed -Won,API,14.254765948984076,2.263477550712236,2.0,2023-03
A01532,2023-03-31,15883.87,15883.87,False,True,,,"Robinson, Rodriguez and Chen",EdTech,16.0,North America,1.0,18698.5,Closed -Won,Core,13.53083909001027,1.7658341863230558,2.0,2023-03
A01642,2023-03-31,55904.07,55904.07,False,True,,,"Taylor, Blair and Meyer",EdTech,16.0,LATAM,3.0,8580.58,Closed -Won,API,5.689174197053486,21.2125579317576,2.0,2023-03
A02025,2023-03-31,40140.79,40140.79,False,True,,,Williams LLC,MarTech,18.0,North America,5.0,11222.53,Closed -Won,Automation,0.41265652502703354,29.172253084464405,3.0,2023-03
A02171,2023-03-31,0.0,62390.44,True,False,,,Mitchell Inc,Logistics,15.0,LATAM,2.0,11703.34,Negotiation,Analytics,13.325166371473745,0.9867672897833106,1.0,2023-03
A01190,2023-04-30,20084.55,20084.55,False,True,,,Nelson-Cruz,MarTech,7.0,LATAM,1.0,14137.58,Closed -Won,Core,20.043927174593783,2.338269158880911,1.0,2023-04
A01362,2023-04-30,11433.14,11433.14,False,True,,,"Vargas, Taylor and Hunt",MarTech,29.0,Asia,4.0,17745.82,Closed -Won,Core,16.07231548442337,1.2292129423459979,0.0,2023-04
A01763,2023-04-30,23625.31,23625.31,False,True,,,Andrews-Jackson,FinTech,8.0,Europe,1.0,11631.57,Closed -Won,Automation,11.975080623936671,1.2256569874630885,1.0,2023-04
A02025,2023-04-30,25667.77,25667.77,False,True,,,Williams LLC,MarTech,18.0,North America,5.0,11222.53,Closed -Won,Automation,15.396269222717203,1.3016224794125493,1.0,2023-04
A00429,2023-05-31,11187.85,11187.85,False,True,,,Gilbert PLC,CyberSecurity,20.0,LATAM,2.0,11417.11,Closed -Won,Analytics,14.409801670438135,0.7601904152539736,1.0,2023-05
A00846,2023-05-31,16264.71,16264.71,False,True,,,Weaver-Sherman,E -Commerce,9.0,Europe,1.0,17506.61,Closed -Won,API,4.591098308091415,26.63484183923842,3.0,2023-05
A01532,2023-05-31,5996.4,5996.4,False,True,,,"Robinson, Rodriguez and Chen",EdTech,16.0,North America,1.0,18698.5,Closed -Won,Analytics,2.5063626187292267,16.567549997696524,6.0,2023-05
A01739,2023-05-31,17470.34,17470.34,False,True,,,"Ferguson, Martin and Obrien",Logistics,29.0,LATAM,1.0,20048.75,Closed -Won,API,12.263443025052938,1.4624187191843743,1.0,2023-05
A01763,2023-05-31,36452.94,36452.94,False,True,,,Andrews-Jackson,FinTech,8.0,Europe,1.0,11631.57,Closed -Won,Automation,5.150314068735483,17.07633910072815,1.0,2023-05
A02499,2023-05-31,23101.58,23101.58,False,True,,,"Miller, Mcdowell and Curtis",HealthTech,17.0,North America,2.0,13986.42,Closed -Won,Premium Support,13.497402439012511,1.5486830026571476,0.0,2023-05
A00233,2023-06-30,12685.7,12685.7,False,True,,,"Clark, Guerrero and Moore",E -Commerce,21.0,LATAM,2.0,15377.88,Closed -Won,API,17.558378132844346,0.7412300055077683,0.0,2023-06
A00429,2023-06-30,22049.73,22049.73,False,True,,,Gilbert PLC,CyberSecurity,20.0,LATAM,2.0,11417.11,Closed -Won,API,12.668933077256858,1.630739499853287,0.0,2023-06
A01190,2023-06-30,15125.7,15125.7,False,True,,,Nelson-Cruz,MarTech,7.0,LATAM,1.0,14137.58,Closed -Won,Core,5.513123186606279,23.760490949986064,4.0,2023-06
A01482,2023-06-30,0.0,30434.47,True,False,,,Jackson Inc,SMB SaaS,32.0,LATAM,1.0,16559.39,Closed -Won,Premium Support,2.2679377889007992,24.735134855312594,3.0,2023-06
A00104,2023-07-31,21670.02,21670.02,False,True,,,"Tran, Jordan and Williams",E -Commerce,19.0,North America,1.0,10116.09,Closed -Won,Core,11.605958616832288,1.8732245599287214,1.0,2023-07
A00150,2023-07-31,27650.52,27650.52,False,True,,,"Schmidt, Hansen and Stewart",E -Commerce,21.0,Asia,4.0,14054.51,Closed -Won,Analytics,7.590726354371174,2.45071456079877,0.0,2023-07
A01362,2023-07-31,28265.42,28265.42,False,True,,,"Vargas, Taylor and Hunt",MarTech,29.0,Asia,4.0,17745.82,Closed -Won,Core,9.451899883028867,1.4385493474584758,2.0,2023-07
A01763,2023-07-31,28065.97,28065.97,False,True,,,Andrews-Jackson,FinTech,8.0,Europe,1.0,11631.57,Closed -Won,Automation,14.215757269653643,1.5493948731291214,0.0,2023-07
A01807,2023-07-31,0.0,27164.15,True,False,,,Young Ltd,HealthTech,21.0,Europe,1.0,14824.35,Closed -Won,Core,14.695900001325851,1.3843300389099085,1.0,2023-07
A00801,2023-08-31,36276.76,36276.76,False,True,,,Garcia and Sons,MarTech,21.0,Asia,1.0,8725.56,Closed -Won,API,16.380723013841056,1.9204549391365509,4.0,2023-08
A01266,2023-08-31,49907.41,49907.41,False,True,,,Cole-Lucero,EdTech,30.0,Asia,3.0,13648.01,Closed -Won,Core,16.128659076558833,1.308250363142549,0.0,2023-08
A01362,2023-08-31,15172.39,15172.39,False,True,,,"Vargas, Taylor and Hunt",MarTech,29.0,Asia,4.0,17745.82,Closed -Won,Core,2.7753780762673874,28.566885582052553,3.0,2023-08
A01409,2023-08-31,13184.37,13184.37,False,True,,,Allen-Smith,HealthTech,16.0,North America,1.0,15400.17,Closed -Won,Core,12.199358134788731,1.4476783158010615,0.0,2023-08
A01739,2023-08-31,89542.28,89542.28,False,True,,,"Ferguson, Martin and Obrien",Logistics,29.0,LATAM,1.0,20048.75,Closed -Won,Automation,21.330831667965267,2.511446298791789,1.0,2023-08
A02657,2023-08-31,23069.97,23069.97,False,True,,,Myers-Colon,HealthTech,9.0,LATAM,4.0,16216.33,Closed -Lost,Core,9.440835951158533,2.3623460035251727,1.0,2023-08
A00104,2023-09-30,57358.64,57358.64,False,True,,,"Tran, Jordan and Williams",E -Commerce,19.0,North America,1.0,10116.09,Closed -Won,API,13.136101958857973,1.4009331993967589,1.0,2023-09
A00150,2023-09-30,69345.9,69345.9,False,True,,,"Schmidt, Hansen and Stewart",E -Commerce,21.0,Asia,4.0,14054.51,Closed -Won,Premium Support,17.318342055647786,3.6330499702012213,0.0,2023-09
A00465,2023-09-30,42359.41,42359.41,False,True,,,"Rosales, Mitchell and Hines",E -Commerce,30.0,Asia,1.0,14703.38,Closed -Won,Core,15.798395489584152,2.0194940773634156,0.0,2023-09
A02499,2023-09-30,27004.04,27004.04,False,True,,,"Miller, Mcdowell and Curtis",HealthTech,17.0,North America,2.0,13986.42,Closed -Won,Automation,4.976036210422064,29.358943902580773,3.0,2023-09
A02752,2023-09-30,15554.45,15554.45,False,True,,,Fitzgerald-Allen,EdTech,6.0,LATAM,5.0,8429.66,Closed -Won,Automation,19.453234380068857,1.656470381692824,0.0,2023-09
A00104,2023-10-31,0.0,72323.7,True,False,,,"Tran, Jordan and Williams",E -Commerce,19.0,North America,1.0,10116.09,Closed -Won,Automation,1.0070111072161794,31.823146150161413,3.0,2023-10
A00233,2023-10-31,120329.44,120329.44,False,True,,,"Clark, Guerrero and Moore",E -Commerce,21.0,LATAM,2.0,15377.88,Closed -Won,Analytics,15.43774927087713,0.6164037025670399,0.0,2023-10
A00846,2023-10-31,92502.85,92502.85,False,True,,,Weaver-Sherman,E -Commerce,9.0,Europe,1.0,17506.61,Closed -Won,Analytics,3.563123910146846,30.87222747529989,10.0,2023-10
A01279,2023-11-30,132800.71,132800.71,False,True,,,"Moreno, Barajas and Colon",HealthTech,20.0,Europe,1.0,10040.58,Closed -Won,API,14.668594586503476,0.21111589139765763,1.0,2023-11
A01532,2023-11-30,32296.71,32296.71,False,True,,,"Robinson, Rodriguez and Chen",EdTech,16.0,North America,1.0,18698.5,Closed -Won,Core,12.667688916674047,3.0706878046761186,0.0,2023-11
A00575,2023-12-31,55865.04,55865.04,False,True,,,"Lee, Tran and Jones",CyberSecurity,20.0,Asia,1.0,18172.71,Closed -Won,API,15.415004884452314,1.9368752850897915,2.0,2023-12
A02780,2023-12-31,49104.83,49104.83,False,True,,,Ortega Inc,MarTech,7.0,LATAM,3.0,9198.05,Closed -Won,API,10.629117024489666,1.6052937940412682,0.0,2023-12
A00233,2024-01-31,53093.43,53093.43,False,True,,,"Clark, Guerrero and Moore",E -Commerce,21.0,LATAM,2.0,15377.88,Closed -Won,Automation,11.871757160552223,2.331063411015387,2.0,2024-01
A02657,2024-01-31,148991.69,148991.69,False,True,,,Myers-Colon,HealthTech,9.0,LATAM,4.0,16216.33,Closed -Lost,Core,10.642189472002926,0.62287283564472,1.0,2024-01
A02752,2024-01-31,11416.74,11416.74,False,True,,,Fitzgerald-Allen,EdTech,6.0,LATAM,5.0,8429.66,Closed -Won,Analytics,14.340689835835471,1.637954444204104,0.0,2024-01
A00147,2024-02-29,26686.15,26686.15,False,True,,,Robinson-Brock,E -Commerce,24.0,Europe,3.0,12634.99,Closed -Won,Core,3.9634670843427964,23.729578759709973,1.0,2024-02
A00429,2024-02-29,133563.44,133563.44,False,True,,,Gilbert PLC,CyberSecurity,20.0,LATAM,2.0,11417.11,Closed -Won,Analytics,14.459000208471217,0.09064510660438652,0.0,2024-02
A01532,2024-02-29,23980.78,23980.78,False,True,,,"Robinson, Rodriguez and Chen",EdTech,16.0,North America,1.0,18698.5,Closed -Won,Core,11.874544329744474,1.9784978411924743,1.0,2024-02
A01739,2024-02-29,0.0,26872.8,True,False,,,"Ferguson, Martin and Obrien",Logistics,29.0,LATAM,1.0,20048.75,Closed -Won,API,5.982744777265717,23.786240100438743,5.0,2024-02
A01744,2024-02-29,21586.08,21586.08,False,True,,,Warren and Sons,E -Commerce,24.0,North America,2.0,7461.53,Closed -Won,Analytics,9.588686438390218,2.354977628176592,2.0,2024-02
A00233,2024-03-31,230724.31,230724.31,False,True,,,"Clark, Guerrero and Moore",E -Commerce,21.0,LATAM,2.0,15377.88,Closed -Won,Core,10.640162075600076,2.159267375683268,1.0,2024-03
A00429,2024-03-31,209969.43,209969.43,False,True,,,Gilbert PLC,CyberSecurity,20.0,LATAM,2.0,11417.11,Closed -Won,Premium Support,14.103149788135728,0.0,3.0,2024-03
A00465,2024-03-31,142966.95,142966.95,False,True,,,"Rosales, Mitchell and Hines",E -Commerce,30.0,Asia,1.0,14703.38,Closed -Won,API,12.039399797203071,3.2441675702687838,1.0,2024-03
A00846,2024-03-31,35942.17,35942.17,False,True,,,Weaver-Sherman,E -Commerce,9.0,Europe,1.0,17506.61,Closed -Won,API,12.22574097965848,1.007214441996726,1.0,2024-03
A02657,2024-03-31,34302.96,34302.96,False,True,,,Myers-Colon,HealthTech,9.0,LATAM,4.0,16216.33,Closed -Lost,Core,12.953550385071784,2.582278580693745,0.0,2024-03
A02780,2024-03-31,0.0,303398.28,True,False,,,Ortega Inc,MarTech,7.0,LATAM,3.0,9198.05,Closed -Won,Core,12.291151751296361,0.3053602411018339,0.0,2024-03
A02789,2024-03-31,0.0,323949.23,True,False,,,Hardy-Barron,Logistics,29.0,Europe,1.0,10284.91,Closed -Won,Core,3.330299209301822,18.890620286842122,3.0,2024-03
A00147,2024-04-30,41971.07,41971.07,False,True,,,Robinson-Brock,E -Commerce,24.0,Europe,3.0,12634.99,Closed -Won,Core,16.254558226801162,0.891325900271954,1.0,2024-04
A00233,2024-04-30,188721.71,188721.71,False,True,,,"Clark, Guerrero and Moore",E -Commerce,21.0,LATAM,2.0,15377.88,Closed -Won,Core,11.662170288863479,0.48399291916168297,1.0,2024-04
A00429,2024-04-30,50847.17,50847.17,False,True,,,Gilbert PLC,CyberSecurity,20.0,LATAM,2.0,11417.11,Closed -Won,Core,11.720841397024659,1.8829282552093096,2.0,2024-04
A01190,2024-05-31,61833.01,61833.01,False,True,,,Nelson-Cruz,MarTech,7.0,LATAM,1.0,14137.58,Closed -Won,Automation,16.913301064956773,3.6564122959057155,0.0,2024-05
A00465,2024-06-30,21237.03,21237.03,False,True,,,"Rosales, Mitchell and Hines",E -Commerce,30.0,Asia,1.0,14703.38,Closed -Won,Core,17.33725205301772,3.009995255776162,1.0,2024-06
A00846,2024-06-30,0.0,66609.85,True,False,,,Weaver-Sherman,E -Commerce,9.0,Europe,1.0,17506.61,Closed -Won,Core,0.6451818285506965,37.85999635881103,6.0,2024-06
A01279,2024-06-30,77403.03,77403.03,False,True,,,"Moreno, Barajas and Colon",HealthTech,20.0,Europe,1.0,10040.58,Closed -Won,Analytics,16.242859731665067,2.2563020716858455,0.0,2024-06
A01399,2024-06-30,133435.09,133435.09,False,True,,,Brock and Sons,SMB SaaS,19.0,North America,2.0,10964.59,On -Hold,Core,14.608303715718419,1.8720371007727825,0.0,2024-06
A01532,2024-07-31,309100.66,309100.66,False,True,,,"Robinson, Rodriguez and Chen",EdTech,16.0,North America,1.0,18698.5,Closed -Won,API,19.051671174060917,1.4005139954921484,0.0,2024-07
A01744,2024-07-31,271449.09,271449.09,False,True,,,Warren and Sons,E -Commerce,24.0,North America,2.0,7461.53,Closed -Won,Core,10.89111370611166,2.6964864605165477,2.0,2024-07
A00801,2024-08-31,341286.77,341286.77,False,True,,,Garcia and Sons,MarTech,21.0,Asia,1.0,8725.56,Closed -Won,Core,3.698551993098261,29.48567015718283,7.0,2024-08
A00801,2024-09-30,102486.23,102486.23,False,True,,,Garcia and Sons,MarTech,21.0,Asia,1.0,8725.56,Closed -Won,Analytics,11.53856258619717,2.3098000302592134,0.0,2024-09
A01279,2024-09-30,102900.87,102900.87,False,True,,,"Moreno, Barajas and Colon",HealthTech,20.0,Europe,1.0,10040.58,Closed -Won,Core,15.731917330140186,2.08281846620428,0.0,2024-09
A01399,2024-09-30,19197.53,19197.53,False,True,,,Brock and Sons,SMB SaaS,19.0,North America,2.0,10964.59,On -Hold,Automation,12.06948265052119,1.3325201318086268,1.0,2024-09
A01409,2024-09-30,25147.44,25147.44,False,True,,,Allen-Smith,HealthTech,16.0,North America,1.0,15400.17,Closed -Won,Premium Support,14.52225110722455,4.17110185120794,1.0,2024-09
A01399,2024-11-30,257465.37,257465.37,False,True,,,Brock and Sons,SMB SaaS,19.0,North America,2.0,10964.59,On -Hold,Core,13.139826740822212,1.3183562757848954,1.0,2024-11
A01532,2024-11-30,77145.68,77145.68,False,True,,,"Robinson, Rodriguez and Chen",EdTech,16.0,North America,1.0,18698.5,Closed -Won,Automation,13.308522140501235,2.4922069865696175,3.0,2024-11
A00465,2024-12-31,239827.26,239827.26,False,True,,,"Rosales, Mitchell and Hines",E -Commerce,30.0,Asia,1.0,14703.38,Closed -Won,Core,10.979801079607277,3.0882958582884568,2.0,2024-12
A00128,2023-01-31,0.0,25434.73,True,False,,,Diaz Inc,EdTech,9.0,North America,46.0,19679.0,Closed -Won,Automation,11.117767660527345,2.2678617846678435,0.0,2023-01
A00414,2023-01-31,0.0,9357.2,True,False,,,Cook and Sons,SMB SaaS,27.0,LATAM,8.0,25081.62,Closed -Won,Analytics,0.0,32.77093461896153,0.0,2023-01
A00569,2023-01-31,0.0,6352.72,True,False,,,Levy-Lewis,MarTech,16.0,North America,38.0,10231.42,Closed -Won,Analytics,6.247424391116574,41.06591933755104,4.0,2023-01
A00607,2023-01-31,0.0,13332.16,True,False,,,Stewart-Bailey,EdTech,29.0,Asia,20.0,16869.4,Closed -Won,Core,15.619589583429823,1.8117404300013054,0.0,2023-01
A00737,2023-01-31,0.0,21021.67,True,False,,,"Frey, Santos and Johnson",FinTech,16.0,Europe,44.0,10262.1,Closed -Won,Automation,14.140157734352611,1.441174761533666,0.0,2023-01
A01455,2023-01-31,0.0,9105.92,True,False,,,Brock-Peters,EdTech,28.0,Europe,34.0,15959.7,Closed -Won,API,8.690610469636628,0.8203191852370681,0.0,2023-01
A01622,2023-01-31,0.0,22341.34,True,False,,,Singh and Sons,SMB SaaS,6.0,North America,1.0,16024.76,Closed -Won,Analytics,16.56365587499923,1.9112446888538837,2.0,2023-01
A01629,2023-01-31,0.0,10247.5,True,False,,,Alvarado-Durham,Logistics,21.0,Asia,23.0,9327.37,Closed -Won,Analytics,2.217729498460683,23.79595785924776,6.0,2023-01
A01667,2023-01-31,0.0,17388.34,True,False,,,"Burns, Nguyen and Ellis",Logistics,23.0,Europe,45.0,18039.13,Closed -Lost,Premium Support,14.827946622244994,4.005267881387758,3.0,2023-01
A01942,2023-01-31,0.0,6517.49,True,False,,,"Robinson, Townsend and Hopkins",MarTech,26.0,LATAM,15.0,11139.63,Closed -Won,Core,2.4153166535849735,27.120238140515244,4.0,2023-01
A02031,2023-01-31,0.0,23859.25,True,False,,,Gould LLC,EdTech,27.0,LATAM,33.0,12398.83,Closed -Won,Core,13.68981381447854,2.400220239270522,1.0,2023-01
A00143,2023-01-31,0.0,13510.81,True,False,,,Gibson Ltd,Logistics,23.0,Asia,17.0,19966.73,Closed -Won,Core,12.728829597905225,2.8718085122411257,1.0,2023-01
A00166,2023-01-31,0.0,11908.8,True,False,,,Medina-Navarro,E -Commerce,11.0,Asia,49.0,14272.21,Closed -Won,Core,16.465813394737005,1.7180383969552562,0.0,2023-01
A00223,2023-01-31,0.0,6963.77,True,False,,,Sheppard LLC,MarTech,32.0,LATAM,42.0,10940.41,Closed -Won,Core,11.254475928880048,3.8292022978652303,0.0,2023-01
A00273,2023-01-31,0.0,51482.92,True,False,,,Morgan-French,HealthTech,33.0,LATAM,9.0,11383.95,Closed -Won,Core,1.0598867230512492,20.640118964203925,0.0,2023-01
A00384,2023-01-31,0.0,12088.35,True,False,,,"Gallegos, Adams and White",FinTech,26.0,Europe,15.0,10500.63,Closed -Won,Core,19.30826871804381,3.3932564041319973,0.0,2023-01
A00649,2023-01-31,0.0,5626.17,True,False,,,"Zhang, Brooks and Miles",E -Commerce,15.0,Asia,57.0,12371.43,Closed -Won,API,0.21942988011568865,29.88008460968078,7.0,2023-01
A01037,2023-01-31,0.0,41019.05,True,False,,,"Perez, Hayes and Lloyd",HealthTech,21.0,Asia,54.0,10049.37,Closed -Won,Automation,13.567124890687897,0.6830291035198615,1.0,2023-01
A01120,2023-01-31,0.0,3706.71,True,False,,,"Nguyen, Hill and Douglas",E -Commerce,33.0,Asia,30.0,16181.38,Negotiation,Core,13.199107354749534,3.423069325290714,0.0,2023-01
A01246,2023-01-31,0.0,6007.79,True,False,,,"Morris, Wilson and Bell",FinTech,22.0,North America,59.0,12483.7,Closed -Won,API,15.849009195623031,2.2650235741702827,1.0,2023-01
A01921,2023-01-31,0.0,28549.56,True,False,,,"Jackson, Garza and Meyers",E -Commerce,9.0,LATAM,24.0,13587.1,Closed -Won,API,4.804367855910843,31.657348400480455,2.0,2023-01
A01075,2023-01-31,0.0,10585.35,True,False,,,Arnold-Gates,E -Commerce,25.0,Europe,28.0,19603.5,Closed -Won,Premium Support,10.589640526838888,1.8924330782057124,2.0,2023-01
A02053,2023-01-31,0.0,39201.43,True,False,,,Thomas LLC,FinTech,35.0,LATAM,22.0,14974.65,Closed -Won,API,14.434908110923482,1.998874100603368,3.0,2023-01
A02233,2023-01-31,0.0,13730.9,True,False,,,"Johnson, Williams and May",EdTech,24.0,North America,56.0,15520.78,Closed -Won,Core,3.5536379073844606,20.241506115476845,2.0,2023-01
A02652,2023-01-31,0.0,23186.84,True,False,,,Brown-Ross,CyberSecurity,11.0,North America,52.0,14058.86,Negotiation,Core,14.111250833449551,2.3902514636605696,0.0,2023-01
A02678,2023-01-31,0.0,25577.31,True,False,,,Jackson-Powers,CyberSecurity,8.0,Europe,52.0,22034.73,Closed -Won,Analytics,12.496087014949136,1.5973928572472724,3.0,2023-01
A02770,2023-01-31,0.0,6665.63,True,False,,,Gonzalez and Sons,HealthTech,15.0,North America,57.0,13701.53,Closed -Won,Analytics,17.04716056093773,2.101366724708905,0.0,2023-01
A02800,2023-01-31,0.0,4409.63,True,False,,,Navarro LLC,Logistics,28.0,Asia,24.0,7790.71,Closed -Won,Premium Support,19.220431312524312,2.5818148188788363,0.0,2023-01
A02066,2023-01-31,0.0,2867.47,True,False,,,George LLC,E -Commerce,32.0,LATAM,31.0,12839.28,Negotiation,Automation,5.0434072234402265,20.240135721104597,4.0,2023-01
A02092,2023-01-31,0.0,15270.51,True,False,,,Watts LLC,E -Commerce,8.0,North America,20.0,10477.95,Closed -Won,Analytics,12.753278336665751,0.9708826854473418,2.0,2023-01
A02123,2023-01-31,0.0,32387.58,True,False,,,Wilson Group,E -Commerce,27.0,North America,35.0,13325.28,Closed -Won,Core,13.381402933527182,1.9823633499677245,2.0,2023-01
A02181,2023-01-31,0.0,8699.01,True,False,,,Burton PLC,SMB SaaS,23.0,North America,42.0,13506.19,Closed -Won,Automation,15.570418265441152,2.040922650655796,0.0,2023-01
A02184,2023-01-31,0.0,44381.59,True,False,,,"Patel, Mendez and Hammond",MarTech,7.0,North America,39.0,20341.83,Closed -Won,Premium Support,13.097505136016474,1.5489691864542037,2.0,2023-01
A02216,2023-01-31,0.0,33944.17,True,False,,,Cox Ltd,SMB SaaS,21.0,Asia,24.0,10750.47,Closed -Won,API,15.986231410087468,0.5192175387274651,0.0,2023-01
A02287,2023-01-31,0.0,42486.46,True,False,,,Brady LLC,Logistics,28.0,LATAM,54.0,11570.14,Closed -Won,Core,7.7051993662891425,25.219046636600012,6.0,2023-01
A02309,2023-01-31,0.0,16743.55,True,False,,,Fitzgerald-Dorsey,EdTech,20.0,North America,19.0,15768.09,Closed -Won,Core,13.599254210077861,1.9603185617133996,1.0,2023-01
A02349,2023-01-31,0.0,9334.25,True,False,,,Mccoy Ltd,EdTech,7.0,North America,12.0,16378.67,Closed -Won,Premium Support,15.108725421176741,2.4938605738357285,0.0,2023-01
A02351,2023-01-31,0.0,7001.57,True,False,,,"Lane, Simon and Duarte",HealthTech,21.0,Asia,32.0,20433.76,Closed -Won,Analytics,7.730949767234188,1.845479717312291,3.0,2023-01
A02376,2023-01-31,0.0,7856.27,True,False,,,"Munoz, Garcia and Williams",HealthTech,27.0,Europe,59.0,21890.16,Closed -Won,Core,8.371847386886525,1.5227172341298978,1.0,2023-01
A02424,2023-01-31,0.0,17371.3,True,False,,,Lewis-Miller,Logistics,14.0,Asia,49.0,18399.71,Closed -Won,Automation,14.522014967122871,4.081879363402042,0.0,2023-01
A02431,2023-01-31,0.0,6152.5,True,False,,,"Palmer, Rice and Benson",HealthTech,17.0,North America,8.0,20993.27,Negotiation,Analytics,11.47329976159184,0.0,2.0,2023-01
A02433,2023-01-31,0.0,11906.67,True,False,,,"Wood, Crane and Guzman",EdTech,29.0,LATAM,10.0,2997.22,Closed -Won,Core,16.736078999791552,1.305267412327601,1.0,2023-01
A02454,2023-01-31,0.0,7005.48,True,False,,,Friedman PLC,E -Commerce,6.0,LATAM,28.0,16478.18,Closed -Won,Analytics,12.996801788458235,3.3262197622576775,0.0,2023-01
A02501,2023-01-31,0.0,11253.91,True,False,,,"Martinez, Stanton and Bennett",FinTech,16.0,LATAM,42.0,13407.25,Closed -Won,Automation,18.487897879465194,4.6896060595974625,1.0,2023-01
A02505,2023-01-31,0.0,19240.46,True,False,,,"Smith, Campbell and Morse",HealthTech,23.0,Asia,4.0,10200.62,Closed -Won,Automation,20.728222170769303,1.0139439252237419,2.0,2023-01
A02544,2023-01-31,0.0,16688.79,True,False,,,Hobbs-Harvey,MarTech,23.0,North America,23.0,6802.9,Closed -Won,API,10.829429002750253,3.552472042655303,2.0,2023-01
A02581,2023-01-31,0.0,10073.04,True,False,,,Wood LLC,HealthTech,14.0,Asia,23.0,23806.31,Closed -Won,Automation,13.5073285881949,1.2658990997698183,2.0,2023-01
A02586,2023-01-31,0.0,7261.98,True,False,,,"Brooks, Greene and Rowland",SMB SaaS,7.0,Europe,33.0,11996.39,Negotiation,Premium Support,6.905354571706635,2.5856219858989307,0.0,2023-01
A02587,2023-01-31,0.0,23360.26,True,False,,,Mccall PLC,HealthTech,28.0,LATAM,22.0,10379.5,Closed -Won,Core,13.760264767680495,0.214738197774347,1.0,2023-01
A02588,2023-01-31,0.0,7731.21,True,False,,,"Lopez, Nichols and Clarke",SMB SaaS,12.0,North America,19.0,14312.27,Closed -Won,Automation,5.064440521109731,24.95678869459119,4.0,2023-01
A02590,2023-01-31,0.0,40940.52,True,False,,,Salas-York,Logistics,10.0,LATAM,21.0,16602.43,Closed -Won,Core,4.897455871629937,12.284095515143537,4.0,2023-01
A02610,2023-01-31,0.0,14080.02,True,False,,,Garcia Inc,CyberSecurity,20.0,Asia,49.0,14293.1,Closed -Won,Automation,1.6148669734413401,25.98202868397357,2.0,2023-01
A02615,2023-01-31,0.0,1811.92,True,False,,,Murillo Ltd,EdTech,30.0,Europe,7.0,16858.83,Closed -Won,Premium Support,1.6746319560948755,30.281049149338905,0.0,2023-01
A02641,2023-01-31,0.0,17306.99,True,False,,,"Burns, Lopez and Jones",E -Commerce,24.0,Asia,15.0,22224.96,Closed -Won,Analytics,4.465018750216919,31.044729775798228,6.0,2023-01
A02653,2023-01-31,0.0,20283.16,True,False,,,Fox PLC,Logistics,16.0,Asia,59.0,26191.12,Closed -Won,Premium Support,4.60489670956165,30.20862142938769,5.0,2023-01
A02689,2023-01-31,0.0,17839.43,True,False,,,Hoover-Frazier,Logistics,34.0,LATAM,38.0,15934.93,Closed -Won,Core,3.0931883342120687,17.9009272586813,7.0,2023-01
A02699,2023-01-31,0.0,23154.89,True,False,,,"Hanson, Williams and Mcclure",SMB SaaS,31.0,North America,8.0,13344.48,Negotiation,Core,10.875239090859758,0.0,2.0,2023-01
A02703,2023-01-31,0.0,18469.72,True,False,,,"Nguyen, Mccoy and Price",FinTech,27.0,Europe,14.0,16208.75,Closed -Won,Premium Support,13.477994506743322,0.4874268923220697,2.0,2023-01
A02708,2023-01-31,0.0,26025.31,True,False,,,Gordon Ltd,FinTech,24.0,North America,18.0,11417.85,Closed -Lost,Analytics,17.339646751501242,1.5148346883037802,0.0,2023-01
A02709,2023-01-31,0.0,13397.23,True,False,,,Hall PLC,E -Commerce,18.0,LATAM,44.0,8486.83,Closed -Won,Core,9.460581945350738,1.1287899521666165,2.0,2023-01
A02749,2023-01-31,0.0,28612.85,True,False,,,Wise-Walton,HealthTech,14.0,Europe,25.0,5652.85,Closed -Won,Core,16.933378890638064,3.1032565448777163,0.0,2023-01
A02760,2023-01-31,0.0,6233.58,True,False,,,Martin-Simmons,HealthTech,27.0,Europe,26.0,13151.23,Closed -Won,Core,11.111825127818209,1.965577888954016,0.0,2023-01
A02779,2023-01-31,0.0,25259.45,True,False,,,Smith LLC,MarTech,23.0,LATAM,23.0,15443.17,Closed -Won,Analytics,1.028045479021624,27.81046006136052,5.0,2023-01
A02793,2023-01-31,0.0,30421.13,True,False,,,Robertson-Keller,E -Commerce,32.0,LATAM,43.0,15223.53,Closed -Won,Analytics,7.547714390922299,1.77220072633684,2.0,2023-01
A01300,2023-02-28,17620.5,17620.5,False,True,,,Avila PLC,EdTech,17.0,LATAM,2.0,14106.98,Closed -Won,Analytics,17.278229162499063,3.5255355680427654,1.0,2023-02
A00790,2023-08-31,14332.26,14332.26,False,True,,,Fuentes Group,SMB SaaS,23.0,Asia,1.0,16919.89,Negotiation,API,16.561685259428035,2.3959899283502217,0.0,2023-08
A02261,2023-08-31,64003.84,64003.84,False,True,,,Reeves Ltd,E -Commerce,25.0,Asia,2.0,14503.83,Closed -Won,API,13.037760020723239,0.8868874490302734,1.0,2023-08
A00790,2023-10-31,115946.98,115946.98,False,True,,,Fuentes Group,SMB SaaS,23.0,Asia,1.0,16919.89,Negotiation,Core,17.904190201923445,2.73220624658769,0.0,2023-10
A02261,2023-10-31,31845.72,31845.72,False,True,,,Reeves Ltd,E -Commerce,25.0,Asia,2.0,14503.83,Closed -Won,Analytics,7.9863478420791925,1.200654069779128,0.0,2023-10
A01180,2023-12-31,95179.15,95179.15,False,True,,,Hernandez-Davis,HealthTech,24.0,Europe,2.0,19481.42,Negotiation,Analytics,17.94240728145867,2.53077112638059,1.0,2023-12
A00790,2024-01-31,22366.14,22366.14,False,True,,,Fuentes Group,SMB SaaS,23.0,Asia,1.0,16919.89,Negotiation,Core,12.572823520622288,1.2273039433144373,2.0,2024-01
A01180,2024-02-29,0.0,145754.07,True,False,,,Hernandez-Davis,HealthTech,24.0,Europe,2.0,19481.42,Negotiation,Core,14.541146152045558,3.992322270487495,2.0,2024-02
A00790,2024-04-30,146616.12,146616.12,False,True,,,Fuentes Group,SMB SaaS,23.0,Asia,1.0,16919.89,Negotiation,Analytics,14.549466586330768,1.3671097381767363,0.0,2024-04
A02065,2023-01-31,0.0,3135.37,True,False,,,"Sanchez, Wilson and Ramirez",SMB SaaS,24.0,North America,35.0,16571.76,On -Hold,Core,16.656132658697373,2.745387653085129,0.0,2023-01
A02332,2023-01-31,0.0,20639.22,True,False,,,"Hendrix, Green and Nunez",MarTech,25.0,LATAM,51.0,12304.09,Closed -Won,Core,12.143242557424895,2.3099231745993483,1.0,2023-01
A00328,2023-01-31,21869.5,21869.5,False,True,9.3,0.73,Rodriguez-Hall,SMB SaaS,33.0,Asia,3.0,10410.76,Closed -Lost,Analytics,9.157941701168175,1.9736141386833734,1.0,2023-01
A01237,2023-01-31,11264.29,11264.29,False,True,8.6,0.28,"Andrade, Gordon and Cruz",CyberSecurity,17.0,North America,1.0,19748.8,Closed -Won,Core,12.364245593997321,2.602697999875603,1.0,2023-01
A01399,2023-01-31,55850.64,55850.64,False,True,7.8,0.68,Brock and Sons,SMB SaaS,19.0,North America,2.0,10964.59,On -Hold,Premium Support,12.825419469044874,0.466645228122587,0.0,2023-01
A01482,2023-01-31,14974.64,14974.64,False,True,7.5,1.0,Jackson Inc,SMB SaaS,32.0,LATAM,1.0,16559.39,Closed -Won,Core,15.314376477322842,2.3305024347721446,0.0,2023-01
A02316,2023-01-31,6450.09,6450.09,False,True,8.5,0.56,Rhodes-Holland,EdTech,32.0,North America,1.0,15469.33,Closed -Won,Core,10.848855375803712,1.0586682443670816,1.0,2023-01
A00104,2023-02-28,8725.14,8725.14,False,True,8.2,0.49,"Tran, Jordan and Williams",E -Commerce,19.0,North America,1.0,10116.09,Closed -Won,Premium Support,12.860391629856469,2.4040088342736836,1.0,2023-02
A01175,2023-02-28,58737.31,58737.31,False,True,7.9,0.62,Decker-Dudley,FinTech,9.0,LATAM,1.0,20898.66,Closed -Won,Premium Support,10.782763932966336,1.0786071876772279,0.0,2023-02
A01362,2023-02-28,11044.16,11044.16,False,True,7.5,0.67,"Vargas, Taylor and Hunt",MarTech,29.0,Asia,4.0,17745.82,Closed -Won,Automation,11.116073125659472,1.0306663675734329,1.0,2023-02
A01409,2023-02-28,53374.12,53374.12,False,True,7.9,0.41,Allen-Smith,HealthTech,16.0,North America,1.0,15400.17,Closed -Won,Core,9.794383344117158,2.196717233958227,2.0,2023-02
A01871,2023-02-28,31373.48,31373.48,False,True,8.0,0.51,Lee-Johnson,FinTech,21.0,North America,3.0,23253.34,Closed -Won,Core,14.946295781718053,4.234080972323744,1.0,2023-02
A02657,2023-02-28,28035.24,28035.24,False,True,9.4,0.7,Myers-Colon,HealthTech,9.0,LATAM,4.0,16216.33,Closed -Lost,Core,14.753725420782354,2.700752530244066,1.0,2023-02
A00844,2023-03-31,16286.63,16286.63,False,True,8.6,0.78,Dunn-Wilson,MarTech,32.0,North America,3.0,14991.79,Negotiation,Core,13.570567170681182,1.1657387136581097,0.0,2023-03
A01237,2023-03-31,126231.78,126231.78,False,True,8.8,0.92,"Andrade, Gordon and Cruz",CyberSecurity,17.0,North America,1.0,19748.8,Closed -Won,Automation,18.265590311564925,4.052458164890305,2.0,2023-03
A01807,2023-03-31,32175.09,32175.09,False,True,6.1,0.12,Young Ltd,HealthTech,21.0,Europe,1.0,14824.35,Closed -Won,Automation,7.530521459809735,1.9183289221074074,0.0,2023-03
A01871,2023-03-31,27950.58,27950.58,False,True,8.7,0.98,Lee-Johnson,FinTech,21.0,North America,3.0,23253.34,Closed -Won,Automation,16.29922078822161,1.8240863652310848,1.0,2023-03
A02559,2023-03-31,44464.95,44464.95,False,True,8.5,0.93,Davidson and Sons,FinTech,35.0,Asia,2.0,18535.53,Negotiation,Core,19.056312062738954,1.8009139768952487,0.0,2023-03
A02657,2023-03-31,1437.72,1437.72,False,True,8.6,0.34,Myers-Colon,HealthTech,9.0,LATAM,4.0,16216.33,Closed -Lost,Core,12.085167382710623,3.2891982290372876,2.0,2023-03
A02789,2023-03-31,18179.48,18179.48,False,True,8.2,0.4,Hardy-Barron,Logistics,29.0,Europe,1.0,10284.91,Closed -Won,API,17.794831358081566,1.9951500733372347,1.0,2023-03
A00801,2023-04-30,17575.63,17575.63,False,True,9.0,0.87,Garcia and Sons,MarTech,21.0,Asia,1.0,8725.56,Closed -Won,API,14.013623641971614,1.6099543276730912,0.0,2023-04
A00845,2023-04-30,54886.24,54886.24,False,True,9.2,0.78,Adams PLC,SMB SaaS,27.0,North America,1.0,13237.07,Closed -Won,Core,10.800595534729148,4.006314289880374,0.0,2023-04
A01409,2023-04-30,25818.4,25818.4,False,True,4.8,-0.32,Allen-Smith,HealthTech,16.0,North America,1.0,15400.17,Closed -Won,Analytics,14.432657446762246,0.65386234945666,1.0,2023-04
A01532,2023-04-30,21725.52,21725.52,False,True,8.2,0.91,"Robinson, Rodriguez and Chen",EdTech,16.0,North America,1.0,18698.5,Closed -Won,Core,12.807325640386223,2.8876867229727603,1.0,2023-04
A02499,2023-04-30,3246.34,3246.34,False,True,8.7,1.0,"Miller, Mcdowell and Curtis",HealthTech,17.0,North America,2.0,13986.42,Closed -Won,Core,2.171473004902828,16.39747098794806,1.0,2023-04
A02339,2023-05-31,31915.24,31915.24,False,True,8.6,1.0,Smith Inc,FinTech,14.0,North America,3.0,9800.52,Closed -Won,Core,17.106983011807525,1.5392382434780874,1.0,2023-05
A02752,2023-05-31,6715.57,6715.57,False,True,9.4,0.53,Fitzgerald-Allen,EdTech,6.0,LATAM,5.0,8429.66,Closed -Won,API,13.772891781936929,1.8124381382557804,3.0,2023-05
A00801,2023-06-30,10387.83,10387.83,False,True,5.7,0.01,Garcia and Sons,MarTech,21.0,Asia,1.0,8725.56,Closed -Won,Automation,3.3405811882594376,17.144951153577217,0.0,2023-06
A02728,2023-06-30,12804.13,12804.13,False,True,6.2,0.29,Thompson-Wright,EdTech,17.0,Europe,3.0,16667.93,Closed -Won,Analytics,15.199560086659778,0.42095775621508547,0.0,2023-06
A00773,2023-07-31,41140.44,41140.44,False,True,4.7,-0.1,Thomas-Jackson,CyberSecurity,23.0,Europe,1.0,17025.43,Closed -Won,Analytics,12.681202831508555,3.9216301158888287,4.0,2023-07
A00845,2023-07-31,54651.67,54651.67,False,True,8.3,0.8,Adams PLC,SMB SaaS,27.0,North America,1.0,13237.07,Closed -Won,Core,9.662070805549078,1.9041269583276499,0.0,2023-07
A02789,2023-07-31,59528.94,59528.94,False,True,7.0,0.28,Hardy-Barron,Logistics,29.0,Europe,1.0,10284.91,Closed -Won,Analytics,14.2055341759236,0.8659521900341349,3.0,2023-07
A01237,2023-09-30,18551.91,18551.91,False,True,9.4,0.79,"Andrade, Gordon and Cruz",CyberSecurity,17.0,North America,1.0,19748.8,Closed -Won,Automation,15.977075690814026,0.27425442461502425,1.0,2023-09
A01266,2023-09-30,35901.33,35901.33,False,True,8.5,0.89,Cole-Lucero,EdTech,30.0,Asia,3.0,13648.01,Closed -Won,Analytics,12.246169399020397,2.513661058909496,2.0,2023-09
A02657,2023-09-30,102032.28,102032.28,False,True,9.3,0.99,Myers-Colon,HealthTech,9.0,LATAM,4.0,16216.33,Closed -Lost,Core,13.414745673462352,1.8381201857916136,1.0,2023-09
A00773,2023-10-31,135214.72,135214.72,False,True,8.4,0.61,Thomas-Jackson,CyberSecurity,23.0,Europe,1.0,17025.43,Closed -Won,Core,1.5326101964014303,35.300289762316424,6.0,2023-10
A01871,2023-11-30,30527.28,30527.28,False,True,4.6,-0.17,Lee-Johnson,FinTech,21.0,North America,3.0,23253.34,Closed -Won,API,8.744628535916988,1.392606518521792,2.0,2023-11
A00147,2023-12-31,71120.06,71120.06,False,True,7.2,0.09,Robinson-Brock,E -Commerce,24.0,Europe,3.0,12634.99,Closed -Won,Automation,14.342191428346455,3.5279026088201637,1.0,2023-12
A02752,2023-12-31,45542.82,45542.82,False,True,5.6,0.22,Fitzgerald-Allen,EdTech,6.0,LATAM,5.0,8429.66,Closed -Won,Automation,16.2936318979916,1.7782476841261796,2.0,2023-12
A01399,2024-01-31,38418.54,38418.54,False,True,8.0,0.39,Brock and Sons,SMB SaaS,19.0,North America,2.0,10964.59,On -Hold,Core,2.6746577675810883,21.041477940743682,5.0,2024-01
A02780,2024-01-31,103277.01,103277.01,False,True,8.0,0.77,Ortega Inc,MarTech,7.0,LATAM,3.0,9198.05,Closed -Won,Core,13.844597755824278,1.851425057783521,1.0,2024-01
A02780,2024-02-29,113538.11,113538.11,False,True,3.6,-0.36,Ortega Inc,MarTech,7.0,LATAM,3.0,9198.05,Closed -Won,Analytics,19.19530825827717,1.4946787836198825,0.0,2024-02
A01409,2024-03-31,27892.09,27892.09,False,True,8.8,0.92,Allen-Smith,HealthTech,16.0,North America,1.0,15400.17,Closed -Won,Core,17.68743811019375,2.3618483090690034,2.0,2024-03
A00147,2024-05-31,46021.92,46021.92,False,True,8.7,0.81,Robinson-Brock,E -Commerce,24.0,Europe,3.0,12634.99,Closed -Won,Core,4.397311229951582,20.70836458403268,3.0,2024-05
A00801,2024-05-31,149422.17,149422.17,False,True,8.5,0.38,Garcia and Sons,MarTech,21.0,Asia,1.0,8725.56,Closed -Won,Analytics,11.279980126095014,1.4166888007397034,0.0,2024-05
A01279,2024-05-31,34171.75,34171.75,False,True,7.8,0.83,"Moreno, Barajas and Colon",HealthTech,20.0,Europe,1.0,10040.58,Closed -Won,Premium Support,16.436173218109253,2.112388492214052,1.0,2024-05
A00233,2024-06-30,87229.66,87229.66,False,True,8.3,0.44,"Clark, Guerrero and Moore",E -Commerce,21.0,LATAM,2.0,15377.88,Closed -Won,API,16.57865056065403,2.0525849179524496,3.0,2024-06
A02657,2024-06-30,277587.34,277587.34,False,True,5.4,-0.13,Myers-Colon,HealthTech,9.0,LATAM,4.0,16216.33,Closed -Lost,API,8.825891076127393,2.325205505910765,0.0,2024-06
A01409,2024-07-31,73228.0,73228.0,False,True,3.9,-0.46,Allen-Smith,HealthTech,16.0,North America,1.0,15400.17,Closed -Won,Automation,0.3256901181667522,30.425955192084093,3.0,2024-07
A00429,2024-09-30,278725.21,278725.21,False,True,8.2,0.49,Gilbert PLC,CyberSecurity,20.0,LATAM,2.0,11417.11,Closed -Won,Core,15.254393238718604,3.38387715246661,1.0,2024-09
A00465,2024-09-30,454340.98,454340.98,False,True,9.1,0.91,"Rosales, Mitchell and Hines",E -Commerce,30.0,Asia,1.0,14703.38,Closed -Won,API,9.755204792869899,1.9823910604236048,1.0,2024-09
A02657,2024-11-30,36538.86,36538.86,False,True,9.5,0.86,Myers-Colon,HealthTech,9.0,LATAM,4.0,16216.33,Closed -Lost,Premium Support,5.074021180513958,20.36184165641266,5.0,2024-11
A01190,2024-12-31,270315.49,270315.49,False,True,8.9,0.55,Nelson-Cruz,MarTech,7.0,LATAM,1.0,14137.58,Closed -Won,Core,13.779732777926656,1.3440644955607184,0.0,2024-12
A00575,2023-02-28,57867.38,57867.38,False,True,7.8,0.23,"Lee, Tran and Jones",CyberSecurity,20.0,Asia,1.0,18172.71,Closed -Won,Core,13.9328822775824,1.9795771331026317,0.0,2023-02
A02138,2023-02-28,48084.5,48084.5,False,True,9.2,0.76,Hernandez-Howell,E -Commerce,11.0,North America,2.0,13131.72,Closed -Won,Core,2.3440624224097157,23.206132808823064,4.0,2023-02
A02331,2023-03-31,26659.94,26659.94,False,True,4.9,-0.16,Clark Inc,EdTech,30.0,Europe,4.0,17319.41,Closed -Won,Automation,12.223155580494645,1.9972251883093743,3.0,2023-03
A00233,2023-04-30,14663.55,14663.55,False,True,8.2,0.47,"Clark, Guerrero and Moore",E -Commerce,21.0,LATAM,2.0,15377.88,Closed -Won,API,13.713485066910627,0.9677911025851922,0.0,2023-04
A00575,2023-05-31,12767.55,12767.55,False,True,7.9,0.63,"Lee, Tran and Jones",CyberSecurity,20.0,Asia,1.0,18172.71,Closed -Won,Core,15.987148102970027,1.7286851195673254,0.0,2023-05
A01409,2023-06-30,32657.02,32657.02,False,True,8.9,0.95,Allen-Smith,HealthTech,16.0,North America,1.0,15400.17,Closed -Won,API,17.37211093239081,0.0,0.0,2023-06
A00147,2023-11-30,48337.71,48337.71,False,True,8.7,0.86,Robinson-Brock,E -Commerce,24.0,Europe,3.0,12634.99,Closed -Won,Analytics,2.659687188481828,34.050868548342336,6.0,2023-11
A01739,2023-11-30,65559.57,65559.57,False,True,8.9,0.84,"Ferguson, Martin and Obrien",Logistics,29.0,LATAM,1.0,20048.75,Closed -Won,Core,17.114286950240235,2.5554029360525172,2.0,2023-11
A02752,2024-09-30,230703.75,230703.75,False,True,9.2,0.6,Fitzgerald-Allen,EdTech,6.0,LATAM,5.0,8429.66,Closed -Won,API,14.671651093894143,2.1128946942163367,1.0,2024-09
A01180,2023-02-28,59522.85,59522.85,False,True,5.8,0.2,Hernandez-Davis,HealthTech,24.0,Europe,2.0,19481.42,Negotiation,Automation,10.503858909620938,2.6157395905572094,0.0,2023-02
A01180,2023-07-31,40721.63,40721.63,False,True,7.8,0.49,Hernandez-Davis,HealthTech,24.0,Europe,2.0,19481.42,Negotiation,Premium Support,16.5390864759507,0.7390691474617157,0.0,2023-07
A02261,2023-09-30,122468.41,122468.41,False,True,8.5,0.52,Reeves Ltd,E -Commerce,25.0,Asia,2.0,14503.83,Closed -Won,Premium Support,15.529534184810686,3.4534229325271584,2.0,2023-09
A00790,2023-12-31,14421.71,14421.71,False,True,8.3,0.71,Fuentes Group,SMB SaaS,23.0,Asia,1.0,16919.89,Negotiation,Core,0.024598235716390082,18.102693669946664,6.0,2023-12
A02261,2023-12-31,75516.68,75516.68,False,True,6.9,0.47,Reeves Ltd,E -Commerce,25.0,Asia,2.0,14503.83,Closed -Won,Premium Support,10.04700251750203,1.5653661872088525,1.0,2023-12
A00465,2023-01-31,23646.93,23646.93,False,True,,,"Rosales, Mitchell and Hines",E -Commerce,30.0,Asia,1.0,14703.38,Closed -Won,Core,15.386526868250634,1.798740863766488,1.0,2023-01
A00552,2023-01-31,0.0,13923.36,True,False,,,"Fowler, Jimenez and Burton",SMB SaaS,20.0,Asia,24.0,14263.09,Closed -Won,Core,15.121455676291538,1.3581355371065182,2.0,2023-01
A00795,2023-01-31,0.0,9122.96,True,False,,,"Barnes, Johnson and Schmitt",HealthTech,34.0,LATAM,26.0,17932.38,Closed -Won,Core,17.924432280518147,2.824005713741686,2.0,2023-01
A00843,2023-01-31,0.0,1011.57,True,False,,,Cunningham-Barton,SMB SaaS,21.0,LATAM,54.0,16468.01,Closed -Won,Automation,15.943504019286703,3.5960335983414646,0.0,2023-01
A00983,2023-01-31,0.0,47975.54,True,False,,,Williams Group,FinTech,7.0,Europe,33.0,15939.4,Closed -Won,Core,14.803097601527293,2.40352291152933,1.0,2023-01
A00986,2023-01-31,0.0,8407.61,True,False,,,Reyes Group,E -Commerce,24.0,Asia,39.0,10900.93,Negotiation,Core,21.263141108860452,2.5578553193877402,1.0,2023-01
A01143,2023-01-31,0.0,12409.09,True,False,,,Maxwell Group,SMB SaaS,17.0,North America,55.0,20989.26,On -Hold,Analytics,12.74877859353779,2.392211669327814,0.0,2023-01
A01679,2023-01-31,0.0,9260.73,True,False,,,Gallegos-Hayes,Logistics,13.0,Europe,55.0,13401.8,Closed -Won,Analytics,14.579329404364477,1.7869035051259181,0.0,2023-01
A01997,2023-01-31,0.0,6685.9,True,False,,,"Wilson, Mendoza and Crosby",E -Commerce,18.0,North America,33.0,23879.36,On -Hold,Core,15.717825686519722,3.4657229390265,2.0,2023-01
A02034,2023-01-31,0.0,49913.35,True,False,,,Kemp-Montes,HealthTech,18.0,Asia,41.0,16268.51,Closed -Won,Analytics,7.054160969330784,2.8308418720993513,2.0,2023-01
A00949,2023-01-31,0.0,19526.64,True,False,,,Hernandez Group,SMB SaaS,9.0,Europe,56.0,3609.38,Closed -Won,Core,14.217584157907902,0.8059973440699992,0.0,2023-01
A02050,2023-01-31,0.0,3619.65,True,False,,,Lara-Roberts,SMB SaaS,6.0,North America,39.0,11598.76,Closed -Won,API,12.543114399277304,1.8338794241705276,1.0,2023-01
A02210,2023-01-31,0.0,20357.3,True,False,,,Robinson-Rodriguez,EdTech,19.0,LATAM,9.0,15688.31,Closed -Won,Premium Support,19.161515643816834,0.7790457217402309,0.0,2023-01
A02267,2023-01-31,0.0,9158.21,True,False,,,"Harvey, Turner and Foster",E -Commerce,12.0,North America,41.0,14997.23,Closed -Won,API,17.74776331427447,0.6289943937188274,1.0,2023-01
A02321,2023-01-31,0.0,39374.79,True,False,,,Carroll-Arnold,Logistics,35.0,LATAM,6.0,18113.43,Closed -Won,Automation,10.604226648062836,1.9259544655348302,0.0,2023-01
A02418,2023-01-31,0.0,6819.34,True,False,,,Mitchell-Glover,CyberSecurity,18.0,LATAM,16.0,15166.1,Closed -Won,Automation,10.373774885718028,3.4731893962485594,1.0,2023-01
A02475,2023-01-31,0.0,12732.38,True,False,,,Johnson-Schultz,E -Commerce,13.0,Europe,7.0,14963.62,Closed -Won,Premium Support,6.15007154982504,27.019293790960695,7.0,2023-01
A02504,2023-01-31,0.0,3755.84,True,False,,,Wallace and Sons,MarTech,17.0,North America,7.0,21819.75,Closed -Won,Core,17.443902662564675,0.7721325241305794,2.0,2023-01
A02673,2023-01-31,0.0,13914.22,True,False,,,Jones-Kelley,Logistics,6.0,Europe,51.0,9950.96,Closed -Won,Automation,5.2250637007249185,22.899693910534378,4.0,2023-01
A02744,2023-01-31,0.0,5523.17,True,False,,,Waller-Brooks,Logistics,16.0,LATAM,56.0,12354.13,Closed -Lost,Automation,15.376025766271734,1.9673524585796378,2.0,2023-01
A02751,2023-01-31,0.0,10955.78,True,False,,,"Richardson, Brown and Cruz",E -Commerce,30.0,LATAM,15.0,11999.92,Closed -Won,Core,13.824164096930991,2.4474559002894587,0.0,2023-01
A02767,2023-01-31,0.0,3240.23,True,False,,,Davis Ltd,HealthTech,17.0,Asia,22.0,13440.63,Closed -Won,Core,11.797233029670632,2.8852400475577493,0.0,2023-01
A02728,2023-02-28,16540.59,16540.59,False,True,,,Thompson-Wright,EdTech,17.0,Europe,3.0,16667.93,Closed -Won,Core,3.276026528938863,28.818693896592844,4.0,2023-02
A00429,2023-04-30,21621.55,21621.55,False,True,,,Gilbert PLC,CyberSecurity,20.0,LATAM,2.0,11417.11,Closed -Won,Core,4.2139177875867855,32.74048190423407,3.0,2023-04
A01642,2023-05-31,30563.09,30563.09,False,True,,,"Taylor, Blair and Meyer",EdTech,16.0,LATAM,3.0,8580.58,Closed -Won,API,3.870374394681511,27.140284220435603,5.0,2023-05
A02331,2023-05-31,8272.86,8272.86,False,True,,,Clark Inc,EdTech,30.0,Europe,4.0,17319.41,Closed -Won,Core,16.593064751356312,1.9021805103890637,2.0,2023-05
A01190,2023-07-31,63863.51,63863.51,False,True,,,Nelson-Cruz,MarTech,7.0,LATAM,1.0,14137.58,Closed -Won,Core,17.129889663200405,1.2084074053456162,0.0,2023-07
A00773,2023-09-30,84598.81,84598.81,False,True,,,Thomas-Jackson,CyberSecurity,23.0,Europe,1.0,17025.43,Closed -Won,Automation,9.063588469368398,2.9741202956446537,2.0,2023-09
A01913,2023-11-30,86905.35,86905.35,False,True,,,Sullivan and Sons,SMB SaaS,19.0,Europe,1.0,19981.54,Closed -Lost,Automation,13.342643649750224,0.014161746852796808,2.0,2023-11
A01279,2023-12-31,82103.21,82103.21,False,True,,,"Moreno, Barajas and Colon",HealthTech,20.0,Europe,1.0,10040.58,Closed -Won,API,15.099735955211978,0.6547282511632664,2.0,2023-12
A00429,2024-10-31,175927.21,175927.21,False,True,,,Gilbert PLC,CyberSecurity,20.0,LATAM,2.0,11417.11,Closed -Won,Automation,15.983832269473277,1.3951797678958289,1.0,2024-10
A00801,2024-11-30,311705.23,311705.23,False,True,,,Garcia and Sons,MarTech,21.0,Asia,1.0,8725.56,Closed -Won,Core,22.718116580296385,3.3649828510498283,3.0,2024-11
A02273,2023-01-31,0.0,15638.05,True,False,,,Porter LLC,HealthTech,10.0,Europe,18.0,16254.4,Closed -Won,Core,16.582359409547696,1.7372135002382376,1.0,2023-01
A02642,2023-01-31,0.0,24815.44,True,False,,,Campbell-Hall,E -Commerce,28.0,North America,30.0,14579.98,On -Hold,Core,18.10818349063404,3.3717438224736718,1.0,2023-01
A00328,2023-02-28,22440.41,22440.41,False,True,,,Rodriguez-Hall,SMB SaaS,33.0,Asia,3.0,10410.76,Closed -Lost,Premium Support,16.731196406868325,0.5930367202162632,1.0,2023-02
A00845,2023-03-31,40371.8,40371.8,False,True,,,Adams PLC,SMB SaaS,27.0,North America,1.0,13237.07,Closed -Won,API,12.878383458869905,4.1645473591220465,1.0,2023-03
A01532,2023-01-31,36887.84,36887.84,False,True,7.7,0.66,"Robinson, Rodriguez and Chen",EdTech,16.0,North America,1.0,18698.5,Closed -Won,API,17.640001948827855,2.1467739527628527,0.0,2023-01
A02129,2023-04-30,8844.45,8844.45,False,True,9.1,0.88,"Nelson, Clarke and Schneider",HealthTech,34.0,Europe,4.0,12696.22,Closed -Won,Automation,6.667336022522999,32.53637597358127,1.0,2023-04
A02559,2023-06-30,11308.24,11308.24,False,True,7.8,0.73,Davidson and Sons,FinTech,35.0,Asia,2.0,18535.53,Negotiation,Analytics,14.358704563135715,0.9352405081247759,0.0,2023-06
A02129,2023-08-31,68842.28,68842.28,False,True,8.0,0.59,"Nelson, Clarke and Schneider",HealthTech,34.0,Europe,4.0,12696.22,Closed -Won,Core,22.01225490411546,2.2528722222525954,1.0,2023-08
A02780,2023-09-30,23134.0,23134.0,False,True,8.0,0.7,Ortega Inc,MarTech,7.0,LATAM,3.0,9198.05,Closed -Won,Analytics,14.919425087782402,2.013940431572943,1.0,2023-09
A00846,2024-02-29,180478.46,180478.46,False,True,7.9,0.55,Weaver-Sherman,E -Commerce,9.0,Europe,1.0,17506.61,Closed -Won,API,9.820627728016149,1.3812095831963882,0.0,2024-02
A00846,2024-04-30,303070.89,303070.89,False,True,7.8,0.64,Weaver-Sherman,E -Commerce,9.0,Europe,1.0,17506.61,Closed -Won,Core,14.700767063699708,1.8026500768714697,2.0,2024-04
A01399,2024-03-31,152013.02,152013.02,False,True,7.0,0.6,Brock and Sons,SMB SaaS,19.0,North America,2.0,10964.59,On -Hold,Analytics,8.83529114825492,2.450759679828571,2.0,2024-03
A00005,2023-01-31,0.0,31530.41,True,False,,,"Guzman, Hoffman and Baldwin",HealthTech,14.0,LATAM,26.0,13239.5,Closed -Won,Core,6.703918040356639,26.97558150645915,2.0,2023-01
A00198,2023-01-31,0.0,12238.83,True,False,,,"Adams, Christian and Rivas",EdTech,31.0,North America,7.0,21052.12,Closed -Won,Core,13.152185445566898,3.1136331111633826,1.0,2023-01
A00226,2023-01-31,0.0,9364.69,True,False,,,Hernandez PLC,CyberSecurity,35.0,LATAM,19.0,15504.09,Closed -Won,Automation,13.268231727056158,0.3801817057781818,2.0,2023-01
A00256,2023-01-31,0.0,9593.02,True,False,,,"Johnson, Miller and King",MarTech,15.0,Europe,9.0,11237.23,Closed -Won,Premium Support,12.317851654198307,1.7476120722940327,2.0,2023-01
A00424,2023-01-31,0.0,11878.5,True,False,,,Hernandez-Jones,Logistics,8.0,Asia,35.0,13514.09,Closed -Won,Analytics,14.290845742771184,1.3566582983751283,1.0,2023-01
A00603,2023-01-31,0.0,18836.44,True,False,,,"Becker, Lara and Baker",HealthTech,22.0,Asia,44.0,14124.04,Closed -Won,Automation,17.957925945761406,0.675330260421731,2.0,2023-01
A00611,2023-01-31,0.0,13188.42,True,False,,,Williams-Moses,FinTech,14.0,Asia,50.0,7188.33,Negotiation,Core,18.375850541891054,1.4876497829610948,1.0,2023-01
A00864,2023-01-31,0.0,17229.27,True,False,,,Schultz Inc,SMB SaaS,19.0,LATAM,46.0,12290.43,Closed -Lost,Core,2.8786195981368374,30.241963058196472,4.0,2023-01
A01001,2023-01-31,0.0,24717.93,True,False,,,"Howard, Silva and Hall",SMB SaaS,22.0,North America,48.0,21725.28,Negotiation,Analytics,16.25286891496755,1.4473606698174506,1.0,2023-01
A01112,2023-01-31,0.0,28957.37,True,False,,,Marquez-Fletcher,SMB SaaS,8.0,Asia,14.0,15785.13,Closed -Won,Core,14.322736428700305,1.531975210960126,1.0,2023-01
A01133,2023-01-31,0.0,2754.03,True,False,,,"Davis, Kelly and Garner",CyberSecurity,25.0,Asia,47.0,14859.16,Closed -Lost,Analytics,0.08683576998563014,25.04984195620782,6.0,2023-01
A01394,2023-01-31,0.0,13120.87,True,False,,,"Sanders, Taylor and Shields",FinTech,30.0,Europe,44.0,11468.87,Closed -Won,Core,15.6419466773639,0.9102314678907706,1.0,2023-01
A01508,2023-01-31,0.0,17702.49,True,False,,,"Patel, Adams and Lopez",Logistics,18.0,Asia,29.0,11944.47,Closed -Won,Analytics,14.473723734559623,0.1009665735618297,1.0,2023-01
A01510,2023-01-31,0.0,11884.48,True,False,,,Walsh PLC,E -Commerce,14.0,Europe,41.0,19689.55,Closed -Won,Analytics,1.5384831140948703,18.63569852122525,4.0,2023-01
A01527,2023-01-31,0.0,21884.27,True,False,,,Boyd and Sons,Logistics,18.0,LATAM,19.0,20110.83,Closed -Won,Analytics,12.005073537536141,3.186129841454201,1.0,2023-01
A01533,2023-01-31,0.0,8685.2,True,False,,,Smith-Bauer,Logistics,24.0,Asia,56.0,17259.44,Closed -Won,Automation,14.063320816655255,2.7948023501473624,1.0,2023-01
A01570,2023-01-31,0.0,20794.16,True,False,,,Hudson and Sons,E -Commerce,11.0,Europe,59.0,14736.0,Closed -Lost,Core,14.437996275692461,3.1710615226618506,0.0,2023-01
A01588,2023-01-31,0.0,24235.58,True,False,,,"Wright, Scott and Evans",FinTech,10.0,Europe,5.0,11922.94,Closed -Won,Core,5.102573730348934,25.102672170682283,5.0,2023-01
A01772,2023-01-31,0.0,9248.09,True,False,,,"Mcdonald, Bryant and Cohen",FinTech,32.0,Europe,23.0,14448.99,Closed -Won,Core,11.871128737717646,3.147137981578813,2.0,2023-01
A01846,2023-01-31,0.0,7561.77,True,False,,,Green Ltd,MarTech,7.0,Asia,37.0,13856.98,Closed -Won,Premium Support,9.755902114372025,1.339174090910689,1.0,2023-01
A02006,2023-01-31,0.0,32812.01,True,False,,,Miller and Sons,Logistics,14.0,Europe,8.0,13659.09,Closed -Won,Premium Support,4.946628637353186,1.6895171178070802,0.0,2023-01
A02022,2023-01-31,0.0,38363.9,True,False,,,Joseph LLC,CyberSecurity,27.0,Asia,39.0,10335.66,Closed -Won,Premium Support,12.595540482059343,0.6487224975448627,0.0,2023-01
A02047,2023-01-31,0.0,26622.34,True,False,,,Hughes-Smith,Logistics,6.0,North America,27.0,24686.34,Closed -Won,Premium Support,4.990314706730932,28.64873739497246,4.0,2023-01
A02052,2023-01-31,0.0,5679.97,True,False,,,Houston PLC,CyberSecurity,33.0,Europe,18.0,19701.26,Closed -Won,Core,0.823990833867414,26.795905740930575,6.0,2023-01
A02182,2023-01-31,0.0,6016.38,True,False,,,Ray and Sons,SMB SaaS,19.0,Europe,15.0,18131.39,Closed -Won,Core,15.239979870456493,1.8728712916809123,2.0,2023-01
A02282,2023-01-31,0.0,49560.58,True,False,,,Carney Group,E -Commerce,23.0,Europe,21.0,13627.7,Closed -Won,API,1.886083779653256,27.629499952443062,10.0,2023-01
A02411,2023-01-31,0.0,14669.01,True,False,,,"Henderson, Wagner and Dennis",FinTech,14.0,Asia,32.0,18341.83,Closed -Won,Core,16.858026755180838,2.6362150880843536,0.0,2023-01
A02772,2023-01-31,0.0,5511.35,True,False,,,Harris Ltd,CyberSecurity,24.0,Europe,3.0,15619.51,Closed -Won,Analytics,11.859942656895504,3.3644758516464996,2.0,2023-01
A02261,2023-07-31,22878.37,22878.37,False,True,7.7,0.49,Reeves Ltd,E -Commerce,25.0,Asia,2.0,14503.83,Closed -Won,Core,4.749850030210432,10.619658915365441,2.0,2023-07
A00327,2023-01-31,0.0,33085.76,True,False,,,Richards-Carson,Logistics,16.0,Europe,14.0,14622.73,Closed -Won,Automation,3.6179811163497817,19.97465813184874,4.0,2023-01
A00392,2023-01-31,0.0,23126.99,True,False,,,Ware and Sons,CyberSecurity,24.0,Asia,11.0,21489.71,Closed -Won,API,2.6340530324790867,24.742212628274824,3.0,2023-01
A00519,2023-01-31,0.0,25424.29,True,False,,,Hines-Berry,EdTech,34.0,Europe,29.0,15870.77,Closed -Won,API,6.243613856617634,36.637368144692196,6.0,2023-01
A00563,2023-01-31,0.0,2268.44,True,False,,,Dougherty-Lin,FinTech,12.0,North America,30.0,11035.83,Closed -Won,Automation,13.70658123213754,1.990935992572267,0.0,2023-01
A00636,2023-01-31,0.0,5871.81,True,False,,,Thompson Ltd,E -Commerce,29.0,Asia,41.0,23313.12,Closed -Won,Analytics,14.610779023651933,0.5622591962421892,2.0,2023-01
A00842,2023-01-31,0.0,22436.64,True,False,,,Medina and Sons,SMB SaaS,35.0,North America,39.0,15580.61,Closed -Lost,API,9.06129707649559,2.434677978024429,2.0,2023-01
A00125,2023-01-31,0.0,10201.67,True,False,,,Scott Ltd,MarTech,14.0,North America,51.0,16342.05,Closed -Won,Core,11.408560342459014,2.513793412385233,1.0,2023-01
A02515,2023-01-31,0.0,22626.22,True,False,,,"Foley, Ibarra and Daniel",MarTech,11.0,LATAM,7.0,16565.15,Closed -Lost,Analytics,5.000489124833518,29.964050778543875,4.0,2023-01
A00430,2023-01-31,0.0,18375.79,True,False,,,Ford-Spencer,Logistics,21.0,Asia,43.0,13402.36,Closed -Won,Analytics,0.9057072674214353,32.20277016090115,3.0,2023-01
A01405,2023-01-31,0.0,18314.43,True,False,,,Bowman Group,EdTech,31.0,Asia,11.0,11692.29,Negotiation,Automation,8.216170766124309,3.6618317991431857,0.0,2023-01
A02509,2023-01-31,0.0,28864.81,True,False,,,Conway-Mann,FinTech,15.0,North America,25.0,19734.71,Negotiation,Premium Support,0.6356983840912038,29.1617333780265,5.0,2023-01
